id,dataset,question,reference_answer,question_type,question_subtype,source_row_id,source_category_labels,source_text_preview,hop_type,multi_hop_stub,hop_source_ids
history_sh_000,history,How does Tom Stanton's work contextualize the rise of the Black Legion in Detroit during the 1930s?,"Stanton gradually unfolds the history of the Black Legion while keeping it within the social, cultural, and economic context of the area where it was born and grew.",descriptive,single_specific,29713.0,,"Terror in the City of Champions: Murder, Baseball, and the Secret Society that Shocked Depression-er",single,,
history_sh_001,history,What is Colin S. Gray's professional background and contributions to the field of strategic studies?,"Colin S. Gray is Professor Emeritus of Strategic Studies at the University of Reading, has served as a Defence Advisor to both UK and US governments, and is the author of 28 books on military history and strategic studies, along with numerous academic articles.",descriptive,single_specific,13954.0,,"The Future of Strategy ""In an era of strategic atrophy when were wrestling with a world awash in cha",single,,
history_sh_002,history,What does the author suggest about the consensus on Albert DeSalvo's guilt in the Boston Strangler case?,"The author suggests that few people today believe Albert DeSalvo actually committed any of the murders, and he makes a compelling case that there was more than one murderer.",descriptive,single_specific,30639.0,,"A Rose for Mary: The Hunt for the Real Boston Strangler In January 1964, 19-year-old Mary Sullivan b",single,,
history_sh_003,history,What is Stuart Hadaway's current role in relation to the official historians of the RAF?,Stuart Hadaway is currently the senior researcher to the official historians of the RAF.,descriptive,single_specific,14145.0,,"Pyramids and Fleshpots: The Egyptian, Senussi and Eastern Mediterranean Campaigns, 1914 - 16 Stuart ",single,,
history_sh_004,history,How many times has Gregg Zoroya traveled into war zones in the Middle East and South Asia?,Gregg Zoroya has traveled nearly twenty times into war zones in the Middle East and South Asia.,descriptive,single_specific,4958.0,,The Chosen Few: A Company of Paratroopers and Its Heroic Struggle to Survive in the Mountains of Afg,single,,
history_sh_005,history,How do Peterson and Williams approach the debate between Calvinism and Arminianism in their book?,"Peterson and Williams engage the debate with an irenic spirit and a zeal for truth, treating their opponents and the Scriptures fairly, while embracing the mystery of God's sovereignty.",relational,single_specific,21422.0,,"Why I Am Not an Arminian ""Peterson and Williams have addressed the historic debate between Calvinism",single,,
history_sh_006,history,What role does Paul Stillwell hold at the U.S. Naval Institute?,Paul Stillwell is the director of the history division of the U.S. Naval Institute.,descriptive,single_specific,30849.0,,Battleship Missouri: An Illustrated History Author Paul Stillwell is a featured contributor to the d,single,,
history_sh_007,history,What is one significant limitation of the audio program 'Taking Charge' as noted in the text?,"The significant limitation is that many conversations are faded or cut short, and at times the excerpts of Johnson are briefer than the narrative connecting them.",descriptive,single_specific,9391.0,,Taking Charge: The Johnson White House Tapes 1963 1964 These secretly recorded conversations between,single,,
history_sh_008,history,What does Robert Boston argue about the government's role in promoting religious beliefs?,"Robert Boston argues that while individuals have the right to promote and convince others of their beliefs, they do not have the right to have the government promote those beliefs for them.",descriptive,single_specific,35052.0,,Taking Liberties: Why Religious Freedom Doesn't Give You the Right to Tell Other People What to Do A,single,,
history_sh_009,history,How does Susan Griffin characterize the role of courtesans in society compared to traditional views of women during their time?,"Griffin characterizes courtesans as figures of remarkable intellectual and financial freedom who used their sexuality for gain, contrasting with the prescribed roles for women, as they became celebrities and influential personalities rather than mere prostitutes or kept women.",descriptive,single_specific,14858.0,,The Book of the Courtesans: A Catalogue of Their Virtues Poet and writer Susan Griffin is famously p,single,,
history_sh_010,history,What is Caroline Wickham-Jones known for in addition to being a fellow of the Society of Antiquaries?,"She is known for conducting research throughout Scotland, Ireland, and Scandinavia, and for being the author of numerous articles and publications.",descriptive,single_specific,36029.0,,"Orkney: A Historical Guide Caroline Wickham-Jones is a fellow of the Society of Antiquaries, and has",single,,
history_sh_011,history,What significant political development does the book discuss following Morocco's independence in 1956?,"The book discusses the monarchy's gradual monopolization of power post-independence, which led to political paralysis.",descriptive,single_specific,8316.0,,"A History of Modern Morocco ""Told with wit, intimate knowledge and commendable brevity and pace."" Th",single,,
history_sh_012,history,How does Colin R. Johnson's approach to studying rural queer history differ from traditional studies of lesbian and gay history?,"Johnson argues for a queer historicist approach that emphasizes the importance of rural experiences and challenges the idea that queer identity is solely urban, highlighting the presence of gender and sexual diversity in nonmetropolitan areas.",descriptive,single_specific,27418.0,,"Just Queer Folks: Gender and Sexuality in Rural America (Sexuality Studies) ""Colin Johnson's pioneer",single,,
history_sh_013,history,What is the trim size of the publication mentioned in the text?,The trim size of the publication is 5 1/4 x 8 inches.,descriptive,single_specific,22949.0,,On the Teaching and Writing of History: Responses to a Series of Questions 5 1/4 x 8 trim. Frontis. ,single,,
history_sh_014,history,What consequences did Anne and Carl Braden face for buying a house on behalf of a black couple in an all-white neighborhood?,"They faced mob violence against the Wades, the bombing of the house, and imprisonment for Carl Braden on charges of sedition.",descriptive,single_specific,31769.0,,The Wall Between &quot;The Wall Between is a chilling depiction of a pattern repeated over and over ,single,,
history_sh_015,history,What does the author Frank uncover about the history of Miami in his study?,"Frank uncovers the deep history of Miami, highlighting its profound shaping by mound-builders, slaves, raiders, and traders.",descriptive,single_specific,19220.0,,"Before the Pioneers: Indians, Settlers, Slaves, and the Founding of Miami (Florida in Focus) A beaut",single,,
history_sh_016,history,What time periods does Conforti reflect on in his memoir regarding his upbringing in Fall River?,Conforti reflects on his boyhood in Fall River during the 1950s and his young adulthood in the 1970s.,descriptive,single_specific,40063.0,,"Another City upon a Hill: A New England Memoir (Portuguese in the Americas Series) ""Conforti has wri",single,,
history_sh_017,history,What awards did 'It Was Never About a Hot Dog and a Coke' win in 2008?,"'It Was Never About a Hot Dog and a Coke' won the 2008 National Best Books Award for Multicultural Nonfiction, the Bronze Medal in the 2008 Florida Book Awards Nonfiction category, and the 2008 Sabrina Book Reviews Best Book Award.",descriptive,single_specific,33308.0,,It Was Never About a Hotdog and a Coke! A Personal Account of the 1960 sit-in Demonstrations in Jack,single,,
history_sh_018,history,What does Jacques Berlinerblau argue is essential for the observance of the First Amendment's religion clauses?,"Berlinerblau argues that secularism is essential for the observance of the First Amendment's religion clauses, emphasizing that it should be divorced from absolute separation and atheism.",descriptive,single_specific,8707.0,,How to Be Secular: A Call to Arms for Religious Freedom How to Be Secular serves as an important rem,single,,
history_sh_019,history,"What condition issues are noted for the book 'City of Women: Sex and Class in New York, 1789-1860'?","The book has edge wear, a cracked spine, a creased back cover, and writing on the back of the front cover.",descriptive,single_specific,3418.0,,"City of Women: Sex and Class in New York, 1789-1860 Dark blue cover with pink letters has edge wear.",single,,
history_sh_020,history,What reasons does Davis give for the losses of the Confederate armies in the West?,Davis blames the losses on poor leadership and a lack of support from the Confederate government.,descriptive,single_specific,10781.0,,The Cause Lost: Myths and Realities of the Confederacy In a series of essays (some previously publis,single,,
history_sh_021,history,What was Hilaire Belloc's academic achievement at Balliol College in Oxford?,"Hilaire Belloc took first-class honors in history at Balliol College in Oxford, graduating in 1895.",descriptive,single_specific,23969.0,,"Europe and the Faith Hilaire Belloc was born at St. Cloud, France, in 1870. He and his family moved ",single,,
history_sh_022,history,What does Professor Turcan discuss in the concluding part of the book regarding early Christianity?,"In the concluding part of the book, Professor Turcan describes the contest between popular religions and early Christianity, ultimately highlighting the triumph of Christianity throughout the Roman world.",descriptive,single_specific,9139.0,,"The Cults of the Roman Empire ""... a treasure trove of information on the nature and diversity of my",single,,
history_sh_023,history,How did Dr. Cenac begin his research into the history of livestock brands in Terrebonne Parish?,"Dr. Cenac began his research by combing through courthouse documents for the original brand registration of his great grandfather, which led him to uncover ledger books that provided insights into the early agrarian foundations of the area.",descriptive,single_specific,26124.0,,Livestock Brands and Marks: An Unexpected Bayou Country History: 18221946 Pioneer Families: Terrebon,single,,
history_sh_024,history,What type of content does Susan Wilson include in her guide about Boston?,"Susan Wilson's guide includes a comprehensive listing of things to do in the Boston area, along with stories about buildings and information on various historic sites and settings.",categorical,single_specific,17315.0,,Boston Sites and Insights: An Essential Guide to Historic Landmarks In and Around Boston The book I',single,,
history_sh_025,history,How many children do Donald R. Burgett and his wife Twyla have?,Donald R. Burgett and his wife Twyla have five children.,descriptive,single_specific,26138.0,,Beyond the Rhine: Beyond the Rhine is the fourth volume in the series 'Donald R. Burgett a Screaming,single,,
history_sh_026,history,What significant historical themes does Andrea Stuart explore in her family history?,"Andrea Stuart explores the realities of race, class, and sex in the context of Caribbean slavery and sugar production, as well as the ambitions of black West Indians in their immigrant journeys.",descriptive,single_specific,5005.0,,"Sugar in the Blood: A Family's Story of Slavery and Empire Biographer Stuart found George Ashby, her",single,,
history_sh_027,history,Who are the authors of A Colorado History and what are their affiliations?,"The authors of A Colorado History are Carl Ubbelohde, who is a professor emeritus at Case Western Reserve University, Maxine Benson, an independent historian and former state historian with the Colorado Historical Society, and Duane Smith, a professor of history and southwest studies at Fort Lewis College in Durango, Colorado.",relational,single_specific,22589.0,,"A Colorado History, 10th Edition (The Pruett Series) A Colorado History has been, since its first ap",single,,
history_sh_028,history,How did the Gestapo's operations depend on the German population during its rise to power?,"The Gestapo relied on the cooperation of the German people, who willingly provided thousands of leads to the organization, believing it was acting in the legitimate interests of the State.",descriptive,single_specific,23287.0,,An Illustrated History of the Gestapo Journalist Butler has written a trivia-rich volume on what was,single,,
history_sh_029,history,What does Finocchiaro aim to achieve with the original documents included in his book on Galileo's trial?,"Finocchiaro aims to allow readers to form their own conclusions based on the original documents, rather than imposing his interpretations.",descriptive,single_specific,35278.0,,The Trial of Galileo: Essential Documents (Hackett Classics) &quot;Finocchiaro is the foremost schol,single,,
history_sh_030,history,What evidence did Lombardo find that contradicts the claim of feeblemindedness in Carrie Buck's family?,"Lombardo uncovered indisputable evidence that there was no feeblemindedness in Carrie Buck's family, including previously unknown correspondence from her attorney who provided a deliberately insufficient defense.",descriptive,single_specific,16041.0,,"Three Generations, No Imbeciles: Eugenics, the Supreme Court, and &lt;I&gt;Buck v. Bell&lt;/I&gt; St",single,,
history_sh_031,history,How does Alexander reinterpret Booker T. Washington's role in the civil rights movement according to the text?,"Alexander places Booker T. Washington, typically viewed as a conservative leader, into a more progressive context by highlighting his covert involvement with more militant civil rights organizations.",descriptive,single_specific,18938.0,,An Army of Lions: The Civil Rights Struggle Before the NAACP (Politics and Culture in Modern America,single,,
history_sh_032,history,What is the name of the weekly program hosted by Robert Hieronimus?,The name of the weekly program hosted by Robert Hieronimus is 21st Century Radio with Dr. Bob Hieronimus.,descriptive,single_specific,23905.0,,"America's Secret Destiny: Spiritual Vision and the Founding of a Nation Robert Hieronimus, Ph.D., is",single,,
history_sh_033,history,What is one of the specific awards that Paul S. Boyer received for his work on Salem Possessed?,Paul S. Boyer received the John H. Dunning Prize of the American Historical Association for his co-authored work Salem Possessed: The Social Origins of Witchcraft.,descriptive,single_specific,26525.0,,"The Enduring Vision: A History of the American People, Volume II: Since 1865 ""THE ENDURING VISION ha",single,,
history_sh_034,history,What significant land did Michigan gain despite losing the Toledo Strip during its boundary dispute with Ohio?,Michigan gained the Upper Peninsula in return for losing the Toledo Strip.,descriptive,single_specific,39349.0,,"Michigan, the Great Lakes State: An Illustrated History The chaps from the Wolverine state are the a",single,,
history_agg_000,history,"How did the development of London as a multicultural metropolis in the 19th century, the theological debates surrounding Arianism in early Christianity, and the economic strategies of Colonial Georgia influenced social structures and cultural identities in their respective contexts?","The development of London as a multicultural metropolis in the 19th century, as described in Inwood's 'A History of London', highlights the city's evolution through immigration and the coexistence of diverse ethnic and religious groups, which shaped its social fabric. In contrast, the Arian Controversy discussed in 'The Search for the Christian Doctrine of God' reflects early Christian theological debates that influenced religious identity and community structures within the Christian faith. Meanwhile, 'On the Rim of the Caribbean' illustrates how Colonial Georgia's adoption of West Indian plantation culture and economic strategies created a distinct social hierarchy, heavily reliant on slavery, which further differentiated it from other North American colonies. Together, these works demonstrate how urban development, theological discourse, and colonial economic practices contributed to the formation of complex social identities across different historical and geographical landscapes.",descriptive,aggregate_cross_paper,,"['Americas', 'Europe', 'World']",,single,,
history_agg_001,history,"How do the themes of foreign encounters and domestic conflict in 'Barbarian Virtues,' the experiences of soldiers in the Winter War as described in 'Finnish Soldier vs Soviet Soldier,' and the struggles of the Kentucky Confederates in 'The Orphan Brigade' reflect the complexities of national identity and conflict during their respective historical periods?","All three books explore the theme of national identity in the face of conflict, whether through America's interactions with foreign peoples in 'Barbarian Virtues,' the Finnish and Soviet soldiers' experiences during the Winter War, or the internal struggles of the Kentucky Confederates in 'The Orphan Brigade.' They highlight how external and internal conflicts shape a nation's character and the identity of its people, illustrating the multifaceted nature of patriotism and belonging during times of war.",descriptive,aggregate_cross_paper,,"['Americas', 'Europe', 'World']",,single,,
history_agg_002,history,"How do the themes of territorial expansion in 'From Sea to Shining Sea', the strategic military innovations in 'The Vauban Fortifications of France', and the international intrigue surrounding Tibet in 'Trespassers on the Roof of the World' reflect the broader historical context of nation-building and military strategy in the 19th and early 20th centuries?","The themes of territorial expansion in 'From Sea to Shining Sea' illustrate the United States' aggressive pursuit of land and resources, often at the expense of indigenous cultures and international relations. In contrast, 'The Vauban Fortifications of France' highlights the importance of military strategy and engineering in defending and expanding territories during conflicts in Europe. Meanwhile, 'Trespassers on the Roof of the World' showcases the geopolitical maneuvering and exploration efforts by Western powers to penetrate and influence Tibet, reflecting the global competition for influence and territory. Together, these books demonstrate how military strategy, territorial ambitions, and international relations intertwined to shape the modern world during this era.",descriptive,aggregate_cross_paper,,"['Americas', 'Europe', 'Military', 'World']",,single,,
history_agg_003,history,"How do the themes of conflict and cultural transformation manifest differently in the contexts of American teen religiosity, the War of 1812, and the Belle Epoque in Paris, and what can be inferred about the societal responses to these conflicts in each case?","In 'Almost Christian,' Kenda Creasy Dean discusses the conflict between traditional Christian teachings and the apathy of modern American teenagers, highlighting a cultural transformation in religious engagement. In 'The American Invasion of Canada,' Pierre Berton examines the military conflict of the War of 1812, which reflects the societal ambitions and tensions between the U.S. and British North America, leading to significant national identity formation. Meanwhile, 'Dawn of the Belle Epoque' by Mary McAuliffe portrays the cultural rebirth in Paris following the Franco-Prussian War, showcasing how artistic and political conflicts shaped a new societal landscape. Together, these works illustrate how societies respond to conflict—whether through a search for deeper meaning in faith, the forging of national identity through war, or the flourishing of culture and art in the aftermath of political upheaval.",descriptive,aggregate_cross_paper,,"['Americas', 'Ancient Civilizations', 'Europe', 'Military', 'World']",,single,,
history_agg_004,history,"How do the themes of transformation and resilience manifest in the narratives of Gal's personal struggles, the societal changes depicted in Berenice Abbott's photography, and the religious upheavals of the European Reformations?","In 'Gal: A True Life', the theme of resilience is evident as the protagonist overcomes a traumatic childhood and abusive relationships to find strength and healing through love. Similarly, 'New York Changing' illustrates transformation through the juxtaposition of Abbott's historical photographs and contemporary images, showcasing how the city evolves while retaining its core identity. In 'The European Reformations Sourcebook', the religious upheavals reflect a significant transformation in societal beliefs and practices, with reformers advocating for change amidst resistance. Together, these works highlight the interplay of personal and societal transformations, emphasizing resilience in the face of adversity.",descriptive,aggregate_cross_paper,,"['Americas', 'Historical Study & Educational Resources', 'World']",,single,,
history_agg_005,history,"How do the historical narratives and cultural perspectives presented in 'A Korean History for International Readers', 'Footsteps of the Cherokees', and 'Mobile Under Siege' reflect the impact of external influences on local histories, and what contrasting themes emerge from these interactions?","The narratives in 'A Korean History for International Readers' highlight the influence of Japanese colonialism and Western perspectives on Korean history, emphasizing the importance of local voices in shaping historical understanding. In 'Footsteps of the Cherokees', the interactions between the Cherokee Nation and European Americans illustrate the complexities of cultural exchange and conflict, particularly in the context of land and identity. Meanwhile, 'Mobile Under Siege' discusses the impact of the Union blockade during the Civil War on the local economy and society in Mobile, showcasing how external military actions influenced community resilience and adaptation. Together, these books reveal contrasting themes of resistance, adaptation, and the struggle for identity in the face of external pressures, illustrating how local histories are shaped by broader historical forces.",descriptive,aggregate_cross_paper,,"['Americas', 'Asia', 'World']",,single,,
history_agg_006,history,"How do the themes of faith and morality in 'God in Action', the dynamics of power and cultural interactions in 'The Native Ground', and the struggles for justice and reconciliation in 'A White Preacher's Message on Race and Reconciliation' illustrate the complexities of societal change in different historical contexts?","The themes of faith and morality in 'God in Action' emphasize the role of religious values in shaping societal norms and addressing contemporary issues, suggesting that faith can be a catalyst for social renewal. In contrast, 'The Native Ground' explores the intricate relationships and power dynamics between Native Americans and European colonists, highlighting how cultural interactions and conflicts influenced the development of the region. Meanwhile, 'A White Preacher's Message on Race and Reconciliation' reflects on the civil rights movement, illustrating the moral imperative for justice and equality, and the importance of allyship in overcoming racial divides. Together, these books demonstrate that societal change is often driven by a combination of moral conviction, cultural interactions, and the struggle for justice across different historical landscapes.",descriptive,aggregate_cross_paper,,"['Americas', 'Asia', 'World']",,single,,
history_agg_007,history,"How do the themes of industrial decline, local historical preservation, and military conflict intersect in the narratives presented in 'Lost Steel Plants of the Monongahela River Valley,' 'Belmont,' and 'Cavalry Battle That Saved the Union'?","The narratives in 'Lost Steel Plants of the Monongahela River Valley' and 'Belmont' both highlight the significance of local history and the impact of industrial decline on communities, while 'Cavalry Battle That Saved the Union' provides a historical military context that shaped the region's development. Together, these books illustrate how industrial and military histories are intertwined, reflecting on how the decline of industries like steel can affect local identity and historical memory, while also considering the military conflicts that have historically influenced the socio-economic landscape of areas like Pittsburgh and Belmont.",descriptive,aggregate_cross_paper,,"['Americas', 'Europe', 'Military']",,single,,
history_agg_008,history,"How do the themes of betrayal and loyalty manifest differently in the contexts of the Spanish Civil War, the American Revolution, and the Viking Age, as discussed in the respective histories of military figures and societal structures in the books provided?","In 'Fiat CR.32 Aces of the Spanish Civil War,' betrayal is explored through the lens of the Nationalist/Fascist airmen, highlighting their loyalty to a regime that sought to suppress dissent. In 'The traitor and the spy: Benedict Arnold and John Andre,' betrayal is personified in Arnold's defection to the British, contrasting with the loyalty of American patriots fighting for independence. Meanwhile, 'The Age of the Vikings' presents a more complex view of loyalty, where Viking chieftains often balanced their allegiances between raiding and trade, reflecting a pragmatic approach to loyalty that differed from the ideological fervor seen in the other two contexts. Together, these books illustrate how betrayal and loyalty are shaped by the political and social landscapes of their respective eras.",descriptive,aggregate_cross_paper,,"['Americas', 'Ancient Civilizations', 'Europe', 'World']",,single,,
history_agg_009,history,"How do the economic practices and societal structures in Colonial Georgia, as described in 'On the Rim of the Caribbean,' compare to the urban organization and daily life in Tenochtitlan, as explored in 'Tenochtitlan: Capital of the Aztec Empire,' and what role did the cultural influences from both regions play in shaping their respective histories, particularly in relation to the impact of European colonization as discussed in 'G.I. Nightingales: The Army Nurse Corps in World War II'?","Colonial Georgia's economy was heavily influenced by West Indian plantation culture, leading to a society structured around slavery and economic gain, as detailed in 'On the Rim of the Caribbean.' In contrast, Tenochtitlan's organization was marked by a complex urban landscape with a focus on daily life and cultural practices, as described in 'Tenochtitlan: Capital of the Aztec Empire.' Both regions faced significant changes due to European colonization, which disrupted their established systems. The experiences of the Army Nurse Corps during WWII, as chronicled in 'G.I. Nightingales,' reflect the broader impacts of war and colonization on societal roles and the contributions of women, highlighting how these historical narratives intersect through themes of cultural adaptation and resilience in the face of external pressures.",descriptive,aggregate_cross_paper,,"['Americas', 'Military', 'World']",,single,,
history_agg_010,history,"How do the themes of exploration and cultural transformation in 'Wicked River', 'The Lost Treasure of King Juba', and 'Harlem: The Four Hundred Year History from Dutch Village to Capital of Black America' reflect the complexities of American identity and history, particularly in relation to the interactions between different cultures and the impact of geography on these narratives?","In 'Wicked River', the exploration of the Mississippi River serves as a metaphor for the untamed and often violent aspects of American identity, showcasing the interactions between indigenous populations and European settlers. 'The Lost Treasure of King Juba' presents an alternative narrative of exploration, suggesting that Africans reached America long before Columbus, thus challenging the traditional Eurocentric view of discovery and highlighting the contributions of African cultures to American history. Meanwhile, 'Harlem' chronicles the transformation of a neighborhood from a Dutch colonial outpost to a vibrant center of African American culture, illustrating how migration and cultural exchange shape urban identities. Together, these books reveal the multifaceted nature of American history, emphasizing the importance of diverse cultural narratives and the geographical contexts that influence them.",relational,aggregate_cross_paper,,"['Americas', 'Arctic & Antarctica', 'Europe']",,single,,
history_agg_011,history,"How did the naval strategies and achievements of Horatio Nelson during the Napoleonic Wars compare to the tactics employed by pirates in the Caribbean, and what influence did these maritime conflicts have on the political landscape of Europe during the Dark Ages as discussed in Chris Wickham's analysis?","Horatio Nelson's naval strategies, particularly his emphasis on aggressive tactics and decisive engagements, were a stark contrast to the opportunistic and often guerrilla-style tactics employed by pirates in the Caribbean, who relied on speed and surprise. While Nelson's victories helped solidify British naval supremacy and influenced European politics by ensuring British control over trade routes, the piracy of the Caribbean era also reflected the political instability and economic motivations of the time, as discussed in Wickham's examination of the Dark Ages. The interplay between these maritime conflicts illustrates how naval power shaped political dynamics in Europe, with Nelson's achievements reinforcing state power while piracy highlighted the challenges to that power.",descriptive,aggregate_cross_paper,,"['Americas', 'Europe', 'Military', 'World']",,single,,
history_agg_012,history,"How do the military strategies and historical contexts presented in 'American Iliad,' 'General George H. Thomas,' and 'The Army of Tennessee' reflect the differing challenges faced by American forces during World War II and the Civil War, particularly in relation to regional dynamics and leadership styles?","In 'American Iliad,' the operational history of the 18th Infantry Regiment during World War II showcases the challenges of modern warfare, including the complexities of North African and European theaters, emphasizing the importance of unit cohesion and leadership under fire. In contrast, 'General George H. Thomas' highlights the strategic decisions and battlefield tactics employed by Thomas in the Civil War, particularly in the Western Theater, where he faced both military and political challenges that affected his recognition. 'The Army of Tennessee' provides insight into the Confederate military strategies and the regional dynamics of the South, illustrating how local conditions and leadership influenced the outcomes of battles. Together, these books reveal how different historical contexts and leadership styles shaped military strategies and responses to the unique challenges of their respective conflicts.",descriptive,aggregate_cross_paper,,"['Americas', 'Middle East', 'Military']",,single,,
history_agg_013,history,"How do the themes of resilience and transformation manifest in the historical narratives of ancient civilizations, modern urban decay, and wartime experiences as depicted in 'Egyptian Magic', 'Forgotten Detroit', and 'B-17: Combat Missions'?","In 'Egyptian Magic', resilience is portrayed through the enduring legacy of ancient Egyptian beliefs and practices that have influenced cultures over millennia. 'Forgotten Detroit' illustrates transformation through the city's decline and the potential for renewal, highlighting how historical challenges can lead to new beginnings. Meanwhile, 'B-17: Combat Missions' captures the resilience of aircrews during World War II, showcasing their bravery and the transformative impact of war on both individuals and society. Together, these books reflect on how civilizations adapt and evolve in the face of adversity.",descriptive,aggregate_cross_paper,,"['Americas', 'Ancient Civilizations', 'Europe', 'Middle East', 'Military']",,single,,
history_agg_014,history,"How did the technological advancements in automatic weapons, as discussed in 'Rapid Fire', influence the aerial combat strategies of the SBD Dauntless units during World War II, and how does this relate to the broader context of military leadership and decision-making illustrated in 'Inside Hitler's Bunker' and the entrepreneurial spirit of figures like Belinda Mulrooney during the gold rush era?","The advancements in automatic weapons detailed in 'Rapid Fire' provided the necessary firepower that influenced aerial combat strategies, allowing SBD Dauntless units to effectively engage enemy forces and contribute to key victories in the Pacific Theater. This technological evolution parallels the military leadership challenges faced by figures like Hitler during the final days of the Third Reich, as described in 'Inside Hitler's Bunker', where decisions were heavily impacted by the available military technology and the deteriorating situation. Furthermore, the entrepreneurial spirit of Belinda Mulrooney during the gold rush era showcases how individuals adapted to their environments and leveraged available resources, much like military leaders who had to adapt strategies based on the technological advancements of their time.",descriptive,aggregate_cross_paper,,"['Americas', 'Europe', 'Military']",,single,,
history_agg_015,history,"How do the themes of conflict and power dynamics in the histories of the American Civil War, the Barbarians' invasion of Europe, and the colonial and post-colonial experiences in Morocco and the Maghrib region reflect the broader struggles for identity and governance in their respective societies?","The American Civil War, as illustrated by Colonel William C. Oates's experiences, showcases the internal conflict within the United States over issues of governance, identity, and race, paralleling the struggles faced in Morocco during its colonial period and subsequent independence, where power was monopolized by the monarchy. Similarly, the invasions of Europe by the Barbarians highlight the shifts in power dynamics and governance as new groups imposed their laws and cultures, often leading to significant societal changes. Together, these histories illustrate how conflict shapes national identity and governance across different regions and eras.",descriptive,aggregate_cross_paper,,"['Africa', 'Americas', 'Europe', 'World']",,single,,
history_agg_016,history,"How do the themes of conflict and cultural identity manifest differently in the contexts of the Old South, the Wars of the Roses, and the Anasazi of Canyon de Chelly, and what insights do these differences provide about the societies involved?","In the Old South, as explored in 'Slavery and Freedom,' conflict arises from the institution of slavery and the struggle for emancipation, highlighting the deep cultural divisions and the quest for identity among enslaved people and their oppressors. In 'The Wars of the Roses,' the conflict is rooted in dynastic struggles for power, showcasing how personal ambitions and familial ties shape cultural identity in a feudal society. Meanwhile, 'Houses Beneath the Rocks' examines the Anasazi's cultural identity through their architectural remnants and the conflicts they faced, including environmental challenges and later confrontations with the Navajo. Together, these books illustrate how conflict can both fracture and forge cultural identities, revealing the complexities of human societies across different historical contexts.",descriptive,aggregate_cross_paper,,"['Americas', 'Europe', 'Military']",,single,,
history_agg_017,history,"How do the themes of conflict and resilience manifest in the historical narratives of the Battle of New Orleans, the Civil War, and the experiences of American volunteer airmen in World War I as presented in these books?","The Battle of New Orleans illustrates resilience through the defense of territory and the cultural significance of plantation homes during the War of 1812. In 'Fateful Lightning,' the Civil War represents a profound conflict over national identity and the struggle for emancipation, showcasing resilience through the perseverance of soldiers and civilians alike. Meanwhile, the Lafayette Escadrille highlights the bravery and commitment of American volunteer airmen in World War I, emphasizing their role in a foreign conflict and their determination to support allies. Together, these narratives depict how different conflicts shaped American identity and resilience across various historical contexts.",descriptive,aggregate_cross_paper,,"['Americas', 'Military', 'World']",,single,,
history_agg_018,history,"How do the themes of transportation and community development in 'Catalina by Sea: A Transportation History', 'Trenton', and 'Nashville's Inglewood' contrast with the military strategies discussed in 'Whirlwind: The Air War Against Japan' and 'German Mountain & Ski Troops, 1939-45'? What insights can be drawn about the impact of transportation and community on wartime efforts and military logistics?","The books 'Catalina by Sea: A Transportation History', 'Trenton', and 'Nashville's Inglewood' emphasize the importance of transportation and community development in shaping local histories and economies, illustrating how these factors contribute to a region's identity and resilience. In contrast, 'Whirlwind: The Air War Against Japan' and 'German Mountain & Ski Troops, 1939-45' focus on military strategies and the logistics of warfare, highlighting how transportation plays a crucial role in military operations and the movement of troops and resources. Synthesizing these perspectives reveals that effective transportation networks not only support civilian life and community cohesion but also enhance military efficiency and effectiveness during wartime, suggesting that the health of a community can directly influence its capacity to support military endeavors.",descriptive,aggregate_cross_paper,,"['Americas', 'Military', 'World']",,single,,
history_agg_019,history,"How do the themes of community resilience and adaptation in the face of change manifest in both the Roman Empire as described in 'What Life Was Like: When Rome Ruled the World', the development of the Old Mine Road in 'The Old Mine Road', and the evolution of Fisherman's Wharf in 'San Francisco's Fisherman's Wharf'? What similarities and differences can be observed in the ways these communities responded to external pressures and internal challenges?","In 'What Life Was Like: When Rome Ruled the World', the Roman Empire showcases resilience through its power structure and social classes adapting to various challenges, including military discord and cultural shifts. Similarly, 'The Old Mine Road' illustrates how Dutch settlers adapted their infrastructure to access resources, reflecting a community's resilience in utilizing natural landscapes for economic gain. In 'San Francisco's Fisherman's Wharf', the community's tenacity in preserving its heritage amidst urban development highlights a different form of adaptation, focusing on cultural identity and tourism. While all three examples demonstrate resilience, they differ in their contexts: the Roman Empire faced external military pressures, the Dutch settlers dealt with resource accessibility, and the Fisherman's Wharf community confronted modernization and preservation challenges.",descriptive,aggregate_cross_paper,,"['Americas', 'Ancient Civilizations', 'World']",,single,,
history_agg_020,history,"How do the themes of migration and cultural exchange in the experiences of the Pilgrims from Book 2, the travel practices described in Book 5, and the religious movements discussed in Book 3 reflect the broader historical context of societal transformation during their respective periods?","The Pilgrims' migration to America in search of religious freedom, as detailed in Book 2, parallels the cultural exchanges that occurred through travel in the ancient world described in Book 5, where trade and pilgrimage facilitated the spread of ideas and beliefs. Similarly, the Gnostic texts from Book 3 illustrate how religious movements like Manicheanism emerged and interacted with other faiths during periods of significant cultural exchange. Together, these books highlight how migration, travel, and the quest for spiritual fulfillment have historically driven societal change and cultural blending.",descriptive,aggregate_cross_paper,,"['Americas', 'Ancient Civilizations', 'Historical Study & Educational Resources', 'World']",,single,,
history_agg_021,history,"How do the themes of cultural transformation and social dynamics in 'Classic Diners of Massachusetts', 'Shut Out: A Story of Race and Baseball in Boston', and 'Evangelizing the South: A Social History of Church and State in Early America' intersect to illustrate the complexities of American identity in the 19th and 20th centuries?","All three books explore the transformation of American culture and society through different lenses: 'Classic Diners of Massachusetts' highlights the evolution of dining culture as a reflection of social changes in America, 'Shut Out' examines the racial dynamics within the context of baseball and its impact on community identity, and 'Evangelizing the South' discusses the intersection of religion and social norms, particularly regarding slavery. Together, they illustrate how cultural practices, race relations, and religious influences shaped American identity during these periods.",descriptive,aggregate_cross_paper,,"['Americas', 'Europe', 'Historical Study & Educational Resources', 'World']",,single,,
history_agg_022,history,"How do the historical developments and social changes in Purcellville and Nahant, as depicted in their respective books, compare to the societal impacts of the Albigensian Crusade and the Vietnam War on their communities, particularly in terms of local identity and collective memory?","Both Purcellville and Nahant illustrate the evolution of small American towns shaped by technological advancements and community efforts, reflecting a strong local identity. In contrast, the Albigensian Crusade represents a significant religious and political upheaval that altered the social fabric of medieval Languedoc, while the Vietnam War, as explored in 'The Twins Platoon', highlights the trauma and societal divisions faced by returning soldiers, impacting local identities in a different manner. Together, these narratives showcase how different historical events shape community identity and collective memory across time and geography.",descriptive,aggregate_cross_paper,,"['Americas', 'Military', 'World']",,single,,
history_agg_023,history,"How do the themes of conflict and cultural identity manifest in the military history of the Polish Air Force, the struggle for equality in American history, and the historical significance of Native American place names in Mississippi?","The military history of the Polish Air Force, as detailed in the book about the Bristol F.2B Fighter and its contemporaries, highlights the conflict faced by Poland during its fight for sovereignty and national identity, particularly during World War I and II. This theme of conflict resonates with the struggle for equality in American history as discussed in 'Becoming Americans,' where the fight for civil rights and the quest for a balanced identity as both free and equal citizens reflects a broader struggle against oppression. Additionally, the significance of Native American place names in Mississippi, as explored in 'Native American Place Names in Mississippi,' illustrates the cultural identity and historical narratives of Native Americans, which were often overshadowed by colonial conflicts. Together, these books illustrate how conflict shapes cultural identities and the ongoing struggles for recognition and equality across different historical contexts.",descriptive,aggregate_cross_paper,,"['Americas', 'Ancient Civilizations', 'Europe', 'Military']",,single,,
history_agg_024,history,"How do the themes of displacement and the impact of socio-political structures on communities manifest in the narratives of the largest slave auction in American history, the complexities of Native American societies, and the historical traditions of English villages?","In 'The Weeping Time,' the narrative of the largest slave auction reveals the profound displacement experienced by enslaved individuals and families, highlighting the socio-political structures that commodified human lives. Similarly, 'Chiefdoms and Other Archaeological Delusions' discusses how Native American societies, particularly in the Mississippi Valley, faced displacement and transformation due to external pressures and internal dynamics, challenging traditional views of their complexity. In contrast, 'The English Village' examines how English communities maintained their traditions and social structures amidst changes brought by modernization, reflecting a different response to socio-political pressures. Together, these texts illustrate how displacement and socio-political structures shape community identities and experiences across different historical contexts.",descriptive,aggregate_cross_paper,,"['Americas', 'Europe', 'World']",,single,,
history_agg_025,history,"How do the experiences and perspectives of individuals on the home front during World War II, as described in 'The Home Front in World War Two: Keep Calm and Carry On,' compare with the personal accounts of soldiers from the Civil War in 'Voices from Company D,' and how do these narratives reflect broader themes of community and identity that are also examined in 'To Serve God and Wal-Mart'?","Both 'The Home Front in World War Two' and 'Voices from Company D' provide personal accounts that highlight the significance of community and identity during times of conflict, albeit in different historical contexts. The home front narratives focus on civilian resilience and the collective effort to support the war, while the Civil War diaries emphasize the soldiers' experiences and the tight-knit community of the Confederate company. In 'To Serve God and Wal-Mart,' the intertwining of economic and religious identities in a modern context reflects how community values shape individual experiences, paralleling the historical themes of community found in the previous two books. Together, these works illustrate how identity and community are crucial in understanding the human experience during both war and economic transformation.",descriptive,aggregate_cross_paper,,"['Americas', 'Military', 'World']",,single,,
history_agg_026,history,"How do the themes of cultural identity and adaptation manifest differently in the contexts of Hawaii, the Shaolin Temple, and the lives of nuns in early modern Europe, particularly in terms of how these groups navigated external influences and internal traditions?","In Hawaii, cultural identity is expressed through a blend of ancient Polynesian traditions and modern tourist influences, showcasing a vibrant multi-ethnic society that adapts while maintaining its unique heritage. In contrast, the Shaolin Temple reflects a synthesis of Buddhism, Daoism, and Confucianism, where practitioners adapt these philosophies into their martial arts and spiritual practices, illustrating a deep respect for tradition while engaging with modern society. Meanwhile, the nuns in early modern Europe navigated their identities by balancing the restrictive norms of their time with creative pursuits and acts of service, challenging societal expectations and redefining their roles within the church and community. Together, these examples highlight how different cultures adapt and preserve their identities amidst external pressures and internal transformations.",descriptive,aggregate_cross_paper,,"['Americas', 'Military', 'World']",,single,,
history_agg_027,history,"How do the themes of conflict, survival, and the quest for identity manifest in the experiences of Moshe Dayan during the wars in Israel, the Lost Boys of Sudan fleeing civil war, and the philosophical explorations of religion in the aftermath of World War II as discussed by Wasserstrom?","Moshe Dayan's experiences in the Israeli wars illustrate the personal and national conflicts that shape identity, reflecting a struggle for survival and belonging in a tumultuous region. Similarly, the Lost Boys of Sudan represent the extreme lengths to which children go to survive amidst civil war, highlighting the loss of childhood and the search for identity in the face of trauma. Wasserstrom's exploration of post-World War II religious thought reveals a philosophical quest for meaning and understanding in a world marked by conflict and disillusionment, suggesting that the search for identity and purpose is a universal theme that transcends specific historical contexts.",descriptive,aggregate_cross_paper,,"['Africa', 'Ancient Civilizations', 'Middle East', 'World']",,single,,
history_agg_028,history,"How do the themes of espionage and ideological conflict in 'Hitler's Secret War in South America', 'Secret Behind Communism', and the 'Encyclopedia of Christianity' reflect the broader historical narratives of the 20th century, particularly in relation to the impact of ideology on global conflicts?","The theme of espionage in 'Hitler's Secret War in South America' illustrates the covert operations and intelligence battles that were a hallmark of World War II, revealing how nations used espionage to gain strategic advantages. In contrast, 'Secret Behind Communism' discusses the ideological conflict surrounding the Russian Revolution and the subsequent spread of communism, highlighting the ethnic and political tensions that fueled global conflicts during the 20th century. Meanwhile, the 'Encyclopedia of Christianity' provides insight into how religious ideologies interacted with political movements, including communism, and how these interactions influenced societal structures and conflicts. Together, these works show that espionage and ideological conflicts were deeply intertwined, shaping the course of history through the manipulation of beliefs and the pursuit of power.",descriptive,aggregate_cross_paper,,"['Americas', 'Russia', 'World']",,single,,
history_agg_029,history,"How do the themes of military strategy and diplomacy in Nixon's Nuclear Specter, the tactical analysis of the Battle of Chippawa in Red Coats & Grey Jackets, and the historical significance of transportation infrastructure in A History of the Boston & Maine Railroad reflect the broader impacts of war and conflict on societal development in their respective eras?","Nixon's Nuclear Specter illustrates the intricate diplomatic maneuvers and military strategies during the Vietnam War, highlighting how such conflicts shape international relations and national policies. In contrast, Red Coats & Grey Jackets provides a tactical examination of the War of 1812, showing how military engagements directly influence territorial control and national identity. Meanwhile, A History of the Boston & Maine Railroad demonstrates how transportation infrastructure, developed during and after conflicts, plays a crucial role in economic growth and societal change, linking regions and facilitating movement of troops and goods. Together, these works show that military strategy, conflict, and infrastructure development are interwoven threads that shape the historical narrative of a society.",descriptive,aggregate_cross_paper,,"['Americas', 'Military', 'World']",,single,,
history_agg_030,history,"How did the social and economic transformations during the Age of Revolution, as discussed in 'The Needle's Eye,' intersect with the emergence of luxury hospitality as described in 'Ritz and Escoffier,' and how did these changes reflect in the cultural practices of prominent figures like George Washington, as explored in 'Washington's Gardens at Mount Vernon'?","The Age of Revolution brought significant social and economic changes that influenced women's labor, particularly in the textile industry, as highlighted in 'The Needle's Eye.' This period saw a shift in gender roles and the value of women's work, which paralleled the rise of luxury hospitality exemplified by Ritz and Escoffier's innovations in the hotel and dining industries. The blending of aristocracy and the nouveau riche in luxury establishments reflected broader societal changes. Meanwhile, George Washington's gardening practices at Mount Vernon, as discussed in 'Washington's Gardens at Mount Vernon,' showcased his engagement with agricultural innovation and domesticity, which also mirrored the evolving social landscape of the time. Together, these narratives illustrate how economic and cultural transformations shaped both women's roles in labor and the burgeoning luxury lifestyle in early America.",descriptive,aggregate_cross_paper,,"['Americas', 'Europe', 'World']",,single,,
history_agg_031,history,"How do the community development themes in 'College Park' and 'Wilkes County' compare with the historical narratives presented in 'The Archeology of New Hampshire' and 'Everyday Life in Roman and Anglo Saxon Times', particularly in terms of how local histories reflect broader societal changes over time?","Both 'College Park' and 'Wilkes County' illustrate the evolution of community identity through local photographs and narratives, showcasing how these towns developed unique cultural identities influenced by their historical contexts. In contrast, 'The Archeology of New Hampshire' provides a broader archaeological perspective that connects Native American and European settlement histories, emphasizing how these interactions shaped the region's development. Meanwhile, 'Everyday Life in Roman and Anglo Saxon Times' offers insights into social structures and daily life during significant historical transitions, allowing for a comparison of how local histories can reflect broader societal changes, such as the shift from Roman to Anglo-Saxon influence. Together, these books highlight the interplay between local and broader historical narratives, showing how community identities are formed and transformed over time.",descriptive,aggregate_cross_paper,,"['Americas', 'Ancient Civilizations', 'World']",,single,,
history_agg_032,history,"How do the themes of freedom and identity in 'Freedom Bound: Law, Labor, and Civic Identity in Colonizing English America, 1580-1865', the role of family and political influence in 'Civil War Dynasty: The Ewing Family of Ohio', and the cultural adaptation of Christianity in 'Christianity Made in India: From Apostle Thomas to Mother Teresa' reflect the complexities of societal structures and individual agency in shaping American history?","The theme of freedom in 'Freedom Bound' illustrates how legal frameworks shaped civic identity and labor relations in early America, highlighting the constraints on certain groups while allowing others to thrive. In 'Civil War Dynasty', the Ewing family's political and military involvement during the Civil War showcases how personal and familial legacies influenced national events, reflecting the interplay between individual agency and broader societal changes. Meanwhile, 'Christianity Made in India' explores the adaptation of Christianity within a South Asian context, emphasizing how cultural identity and religious practices can shape and redefine societal norms. Together, these works reveal how freedom, identity, and familial influence are intertwined in the narrative of American history, demonstrating that individual actions and cultural contexts significantly impact societal evolution.",descriptive,aggregate_cross_paper,,"['Americas', 'Military', 'World']",,single,,
history_edge_000,history,What shared themes do both 'The Making of the English Working Class' and 'The Presence of the Past' explore regarding the role of collective memory in shaping social identities?,"Both books examine how collective memory influences the formation of social identities, with 'The Making of the English Working Class' focusing on the historical experiences and struggles of the working class in England, while 'The Presence of the Past' discusses how contemporary perceptions of history affect societal understanding and identity in America. Together, they highlight the importance of historical narratives in shaping the identities of different social groups.",descriptive,edge_multihop,,,,single,,"[6936, 3243]"
history_edge_001,history,How do both 'The Witch-Hunt in Early Modern Europe' by Brian Levack and 'Servants of Satan: The Age of the Witch Hunts' by Joseph Klaits explore the social and political factors that contributed to the witch hunts in early modern Europe?,"Both books examine the social and political climates of early modern Europe that fostered the witch hunts, highlighting how societal fears and tensions, such as religious conflicts and the role of women in society, influenced the prosecution of alleged witches. Levack's work provides a comprehensive overview of the witch trials' geographical and chronological distribution, while Klaits focuses on the propaganda and cultural narratives that depicted accused witches as 'servants of Satan,' thus emphasizing the role of societal beliefs and political motivations in the witch hunts.",descriptive,edge_multihop,,,,single,,"[8886, 3609]"
history_edge_002,history,"How do both 'World War II: The Definitive Visual History' and 'Tank: The Definitive Visual History of Armored Vehicles' explore the role of armored vehicles in the context of World War II, and what themes do they share regarding technological advancements in warfare during that period?","Both books examine the significant impact of armored vehicles during World War II, with 'World War II: The Definitive Visual History' providing a broader context of the war's events and the pivotal role of various military technologies, including tanks. In contrast, 'Tank: The Definitive Visual History of Armored Vehicles' focuses specifically on the evolution and design of armored vehicles, detailing their strategic importance in battles throughout the war. Together, they highlight shared themes of technological innovation and the changing nature of warfare, illustrating how advancements in armored vehicles influenced military tactics and outcomes during World War II.",descriptive,edge_multihop,,,,single,,"[14188, 27960]"
history_edge_003,history,What themes related to the impact of warfare on society and geopolitics are explored in both 'The Eastern Front 1914-1917' and 'The Second World Wars'?,"Both books explore the profound effects of warfare on the social fabric and geopolitical landscape of their respective periods. 'The Eastern Front 1914-1917' delves into how the Eastern Front shaped national identities and political structures in Eastern Europe during World War I, highlighting the complexities of nationalistic movements and the consequences of military strategies on civilian populations. In contrast, 'The Second World Wars' examines the global ramifications of World War II, particularly how the conflict accelerated the decline of colonialism and reshaped international relations. Together, they illustrate how both world wars not only altered borders and governments but also transformed societal norms and collective identities in their aftermath.",relational,edge_multihop,,,,single,,"[1255, 7609]"
history_edge_004,history,"How do both 'Discovering the Olmecs' and 'The Mystery of the Olmecs' explore the significance of fieldwork in understanding Olmec civilization, and what contrasting perspectives do they offer on the nature of archaeological discoveries related to this ancient culture?","'Discovering the Olmecs' emphasizes the importance of fieldwork by detailing the personal experiences and challenges faced by archaeologists in uncovering Olmec civilization, presenting a vivid narrative of their discoveries and community interactions. In contrast, 'The Mystery of the Olmecs' approaches the subject with a more speculative lens, often focusing on the enigmatic aspects of the Olmec culture and suggesting alternative theories about their origins and achievements. Together, these books provide a comprehensive view of Olmec studies, blending rigorous archaeological accounts with intriguing mysteries that invite further exploration.",relational,edge_multihop,,,,single,,"[29456, 39933]"
history_edge_005,history,What themes related to the impact of military conquests on cultural and religious dynamics are explored in both 'The Crusades: A Very Short Introduction' and 'The Norman Conquest: A Very Short Introduction'?,"Both books explore the theme of how military conquests, such as the Crusades and the Norman Conquest, significantly altered the cultural and religious landscapes of the regions involved. 'The Crusades: A Very Short Introduction' discusses the long-term implications of Christian and Muslim interactions and conflicts, while 'The Norman Conquest: A Very Short Introduction' examines how the Norman invasion reshaped English society, governance, and its relationship with continental Europe. Together, they illustrate the broader consequences of conquest on identity and religious affiliations in medieval history.",relational,edge_multihop,,,,single,,"[1846, 1829]"
history_edge_006,history,What themes do both 'American Aircraft of World War II' and 'Warplanes of the Luftwaffe' explore regarding the visual representation and historical significance of military aircraft during WWII?,"Both books explore the visual representation of military aircraft through detailed illustrations and photographs, highlighting the importance of squadron markings and nose art in understanding the identity and history of these planes. Additionally, they provide comprehensive historical context, with 'American Aircraft of World War II' focusing on American-built aircraft and their variants, while 'Warplanes of the Luftwaffe' delves into the aircraft of the Third Reich, thus offering complementary perspectives on the roles these aircraft played in the war.",descriptive,edge_multihop,,,,single,,"[14989, 14392]"
history_edge_007,history,"What themes related to family lineage and migration patterns do both 'The Second Germanna Colony and Other Pioneers' and 'The Blankenbaker, Weaver and Whilhoit Families' explore, and how do they complement each other in detailing the history of the Germanna settlers?","Both books explore the themes of family lineage and migration patterns among the Germanna settlers, focusing on the origins of specific families and their journeys from Germany to Virginia. 'The Second Germanna Colony and Other Pioneers' provides a comprehensive overview of the Germanna community, including detailed sections on various family surnames and their backgrounds, while 'The Blankenbaker, Weaver and Whilhoit Families' offers a focused study on the Blankenbaker brothers and their descendants, as well as other related families. Together, they complement each other by providing a broader understanding of the interconnectedness of these families and their collective experiences during their migration and settlement in Virginia.",relational,edge_multihop,,,,single,,"[40454, 40458]"
history_edge_008,history,"What are the common themes of folklore and supernatural occurrences explored in both 'Spooky Wisconsin' and 'Spooky California', and how do they reflect the regional characteristics of each state?","Both 'Spooky Wisconsin' and 'Spooky California' explore themes of folklore, ghostly hauntings, and eerie happenings, showcasing the rich tapestry of local lore in their respective regions. 'Spooky Wisconsin' features tales like the shrouded horseman of Milwaukee and the troll of Mount Horeb, which reflect the unique cultural and historical elements of Wisconsin. In contrast, 'Spooky California' presents its own set of supernatural stories that highlight California's diverse landscapes and cultural history. Together, these books illustrate how regional characteristics influence the nature of ghost stories and folklore, with each state contributing its own distinct narratives and traditions.",descriptive,edge_multihop,,,,single,,"[14463, 14454]"
history_edge_009,history,"How do both 'The Culmination of Conflict' and 'Galicia: A Multicultured Land' explore the historical dynamics of ethnic relations in the region of Galicia, particularly in relation to the Polish-Ukrainian conflict?","'The Culmination of Conflict' examines the Polish-Ukrainian conflict through the lens of historical grievances and the violent events that shaped the relationship between these two groups, particularly focusing on the Volyn massacres and subsequent ethnic cleansing. In contrast, 'Galicia: A Multicultured Land' provides a broader context of the region's diverse cultural and ethnic makeup, emphasizing the coexistence and interactions among various groups, including Poles, Ukrainians, and others. Together, these books highlight the complexities of ethnic relations in Galicia by illustrating how historical conflicts have influenced contemporary identities while also acknowledging the region's multicultural heritage.",descriptive,edge_multihop,,,,single,,"[40690, 16073]"
history_edge_010,history,"What themes related to environmental protection and cultural heritage are explored in both 'Hudson River Highlands' and 'America's First River,' and how do they complement each other in their coverage of the Hudson River Valley?","'Hudson River Highlands' emphasizes the transformation of the Hudson Highlands in shaping national views on environmental protection and cultural heritage, highlighting the importance of preserving these natural landscapes. In contrast, 'America's First River' provides a broader historical context by examining the Hudson River Valley's contributions to American culture and history, including its role in colonial history and the arts. Together, these books complement each other by showing how the environmental significance of the Hudson Highlands is intertwined with its rich cultural and historical legacy, illustrating a holistic view of the region's importance to both nature and society.",relational,edge_multihop,,,,single,,"[3219, 9010]"
history_edge_011,history,What themes of humor and unexpected perspectives on the Civil War are explored in both 'Strange and Obscure Stories of the Civil War' by Tim Rowland and 'The Greatest War Stories Never Told' by Rick Beyer?,"Both books explore the theme of humor in the context of serious historical events, particularly through unconventional narratives. Rowland's work focuses specifically on the Civil War, presenting lesser-known anecdotes that highlight the absurdities and quirks of that period, while Beyer's collection features a broader range of military history stories that aim to astonish and entertain, often revealing surprising and humorous aspects of war. Together, they illustrate how humor can provide a unique lens through which to understand the complexities of military history.",descriptive,edge_multihop,,,,single,,"[35031, 531]"
history_edge_012,history,"What themes related to architectural preservation and cultural heritage are explored in both 'Creole Houses: Traditional Homes of Old Louisiana' and 'Robert W. Tebbs, Photographer to Architects: Louisiana Plantations in 1926'?","Both books explore the theme of architectural preservation as a means of maintaining cultural heritage in Louisiana. 'Creole Houses' delves into the traditional designs and historical significance of Creole architecture, emphasizing the importance of preserving these homes as symbols of cultural identity. In contrast, 'Robert W. Tebbs, Photographer to Architects' showcases the photographic documentation of Louisiana's plantations, highlighting the architectural beauty and historical context of these structures. Together, they underscore the significance of preserving Louisiana's unique architectural styles and the stories they tell about the region's history.",relational,edge_multihop,,,,single,,"[18468, 17526]"
history_edge_013,history,What themes related to the experiences of fighter pilots during the Vietnam War are explored in both 'Songs From A Distant Cockpit' and 'F-105 Thunderchief MiG Killers of the Vietnam War'?,"Both books explore the intense experiences of fighter pilots during the Vietnam War, focusing on the challenges they faced in combat, the psychological impact of flying missions, and the tactics employed in aerial dogfights. 'Songs From A Distant Cockpit' provides a personal narrative from a pilot's perspective, detailing the emotional and physical toll of flying 275 missions, while 'F-105 Thunderchief MiG Killers of the Vietnam War' offers a broader overview of the operational history and tactical training of F-105 pilots, emphasizing the strategic context of their missions against MiGs.",relational,edge_multihop,,,,single,,"[29696, 36341]"
history_edge_014,history,What are the contrasting perspectives on the impact of the German defeat in the East during 1944-45 as presented in both 'Rising '44: The Battle for Warsaw' and 'The German Defeat in the East: 1944-45'?,"In 'Rising '44: The Battle for Warsaw', Norman Davies emphasizes the significance of the Warsaw Uprising as a pivotal moment in Polish history, illustrating how the struggle for independence and the fight against Nazi oppression shaped the national identity of Poland. In contrast, Samuel W. Mitcham's 'The German Defeat in the East: 1944-45' focuses on the broader military strategies and failures of the German forces during the same period, analyzing how these defeats contributed to the overall collapse of Nazi Germany. Together, these books provide a comprehensive view of the consequences of the German defeat, with Davies highlighting the local impact on Polish society and Mitcham contextualizing it within the larger military narrative of World War II.",descriptive,edge_multihop,,,,single,,"[1458, 18751]"
history_edge_015,history,"How do both 'The Witch-Hunt in Early Modern Europe' and 'Witches and Pagans: Women in European Folk Religion, 700-1100' explore the societal perceptions of women involved in witchcraft, and what themes do they share regarding the historical treatment of women accused of witchcraft?","Both books examine the societal perceptions of women involved in witchcraft, highlighting the ways in which these women were often scapegoated and marginalized within their communities. Levack's 'The Witch-Hunt in Early Modern Europe' discusses the prosecution of over 100,000 individuals, primarily women, during the witch hunts, analyzing the socio-political factors that led to their persecution and the implications for women's roles in early modern society. In contrast, Dashu's 'Witches and Pagans' delves into the historical context of women's roles in folk religion and how patriarchal systems sought to suppress their spiritual practices and knowledge. Together, they share themes of women's empowerment through spirituality and the historical silencing of women's voices, illustrating the complex interplay between gender, power, and societal norms in the context of witchcraft.",descriptive,edge_multihop,,,,single,,"[8886, 10660]"
history_edge_016,history,"How do both 'James Buchanan and the Coming of the Civil War' and 'Disunion!: The Coming of the American Civil War, 1789-1859' explore the themes of political rhetoric and sectionalism in the lead-up to the Civil War, and what contrasting perspectives do they offer on the role of leadership during this period?","Both books delve into the political rhetoric surrounding the issues of sectionalism and disunion leading up to the Civil War. Quist and Birkner's work focuses on James Buchanan's leadership and decisions during a time of political crisis, emphasizing how his actions and rhetoric contributed to the tensions of the 1850s. In contrast, Varon's 'Disunion!' examines the broader societal discourse on disunion, highlighting how language and public sentiment shaped the political landscape. While Quist and Birkner present a narrative centered on a specific political figure's influence, Varon provides a more comprehensive view of the cultural and ideological undercurrents that fueled the disunion sentiment, thus offering complementary insights into the complexities of this historical period.",descriptive,edge_multihop,,,,single,,"[19214, 18137]"
history_edge_017,history,What themes do both 'French Battleships of World War One' and 'The Battleship Warspite: Detailed in the Original Builder's Plans' explore regarding the design and operational history of battleships during their respective periods?,"Both books explore the intricate details of battleship design and construction, highlighting the technological advancements and strategic considerations that influenced naval warfare during World War I. 'French Battleships of World War One' provides insights into the French naval strategy and the specific battleships that played crucial roles in the conflict, while 'The Battleship Warspite' focuses on the British battleship's design and its operational history, showcasing how these ships were utilized in naval engagements. Together, they illustrate the broader themes of naval innovation and the significance of battleships in maritime strategy during the early 20th century.",descriptive,edge_multihop,,,,single,,"[32945, 30291]"
history_edge_018,history,How do both Edith Hamilton's 'The Echo of Greece' and Buxton's 'The Complete World of Greek Mythology' explore the themes of heroism and the complexities of familial relationships in ancient Greek mythology?,"Both books delve into the theme of heroism as depicted in Greek mythology, with Hamilton highlighting the cultural significance of Greek heroes and their impact on society, while Buxton examines the psychological and social implications of these heroic narratives, particularly in relation to familial conflicts and the consequences of hubris. Together, they provide a comprehensive understanding of how these themes are interwoven in the fabric of Greek myth, showcasing the enduring relevance of these stories in reflecting human experiences.",descriptive,edge_multihop,,,,single,,"[6478, 7911]"
history_edge_019,history,What themes related to community identity and historical significance do both 'The North End: A Brief History of Boston's Oldest Neighborhood' and 'Boston in the American Revolution: A Town versus an Empire' explore in their coverage of Boston's neighborhoods during pivotal historical moments?,"Both books explore the theme of community identity in Boston, particularly how the North End's rich cultural heritage and immigrant history contribute to its significance as a historical neighborhood. Additionally, they examine the role of Boston's neighborhoods, including the North End, during the American Revolution, highlighting how local communities shaped and were shaped by the broader conflict between the town and the British Empire.",relational,edge_multihop,,,,single,,"[33456, 28617]"
history_edge_020,history,"What themes related to the human experience during the Holocaust are explored in both 'The Dead Years: Holocaust Memoirs' and 'Perpetrators: The World of the Holocaust Killers', and how do they complement each other in understanding the impact of the Holocaust on both victims and perpetrators?","Both books explore themes of trauma, loss, and the moral complexities surrounding the Holocaust. 'The Dead Years' provides a personal account of survival and the emotional toll on victims, emphasizing the human experience and the profound impact of loss on individuals and families. In contrast, 'Perpetrators' delves into the motivations and actions of those who committed atrocities, offering insights into the psychological and sociopolitical factors that drove individuals to become killers. Together, they complement each other by presenting a fuller picture of the Holocaust—one that encompasses the suffering of victims and the moral questions surrounding the perpetrators, thus enriching our understanding of this dark chapter in history.",relational,edge_multihop,,,,single,,"[40903, 1794]"
history_edge_021,history,"What are the contrasting perspectives on the treatment of Confederate prisoners at Camp Douglas as presented in both 'To Die in Chicago: Confederate Prisoners at Camp Douglas, 1862-65' and 'The Story of Camp Douglas: Chicago's Forgotten Civil War Prison'?","'To Die in Chicago' emphasizes the brutal conditions and neglect faced by Confederate prisoners, highlighting the purposeful brutality of the Union government and the severe mortality rates due to starvation and disease. In contrast, 'The Story of Camp Douglas' may focus more on the historical significance and restoration efforts related to the camp, potentially presenting a narrative that seeks to honor the memory of the prisoners while also addressing the camp's legacy in a more reconciliatory manner. Together, these books provide a comprehensive view of Camp Douglas, illustrating both the harsh realities of prison life and the ongoing efforts to remember and understand that history.",descriptive,edge_multihop,,,,single,,"[31281, 35653]"
history_edge_022,history,"How do both 'Legends of the Samurai' and 'Bushido: The Soul of Japan' explore the evolving ethos of the samurai class and its cultural significance in Japan, while also reflecting on the impact of Western perceptions of this warrior tradition?","'Legends of the Samurai' presents a collection of stories that illustrate the samurai's evolving ethos over a millennium, emphasizing the authenticity and immediacy of the narratives chosen by Sato, which offer a glimpse into the mindset of Japan's warrior aristocracy. In contrast, 'Bushido: The Soul of Japan' delves into the philosophical and ethical principles of bushido, the way of the warrior, and how these ideals resonate with contemporary values, aiming to bridge Eastern and Western cultural understandings. Together, these works provide a comprehensive view of the samurai's cultural significance, highlighting both the historical narratives and the philosophical underpinnings that shaped the samurai's identity in Japan and its interpretation in the West.",descriptive,edge_multihop,,,,single,,"[23300, 31517]"
history_edge_023,history,How do both the Cuyahoga Valley National Park Handbook and the Trail Guide to Cuyahoga Valley National Park address the importance of trails in the park and the role of community involvement in their maintenance and development?,"Both books emphasize the significance of trails within Cuyahoga Valley National Park, highlighting how they enhance the visitor experience and promote outdoor activities. The Cuyahoga Valley National Park Handbook discusses the historical context and the bipartisan efforts that led to the park's establishment, including the role of local representatives and organizations. In contrast, the Trail Guide focuses on the practical aspects of exploring these trails, providing detailed maps and descriptions, while also mentioning the Cuyahoga Valley Trails Council's efforts in maintaining and developing the trail system. Together, they illustrate a shared theme of community engagement and stewardship in preserving the natural beauty and accessibility of the park's trails.",descriptive,edge_multihop,,,,single,,"[22714, 33761]"
history_edge_024,history,"How do both 'The Gladiators: History's Most Deadly Sport' and 'The Spartacus War' explore the themes of slavery and resistance within the context of ancient Rome, and what contrasting perspectives do they offer on the lives of gladiators and Spartacus himself?","'The Gladiators: History's Most Deadly Sport' provides a detailed examination of the life of gladiators, who were primarily slaves or prisoners of war, focusing on their training, daily routines, and the brutal entertainment they provided to the Roman populace. In contrast, 'The Spartacus War' centers on Spartacus, a gladiator who led a significant slave revolt against the Roman Republic, highlighting themes of resistance and rebellion. While Meijer's work presents gladiators as victims of a cruel system, Strauss's narrative of Spartacus emphasizes the potential for agency and uprising among those oppressed, thus providing complementary yet contrasting views on the experiences of enslaved individuals in ancient Rome.",descriptive,edge_multihop,,,,single,,"[5416, 27021]"
history_edge_025,history,What themes related to the evolution of college football and the integration of black players are explored in both 'Forty-seven Straight: The Wilkinson Era at Oklahoma' and 'The Bootlegger's Boy'?,"'Forty-seven Straight: The Wilkinson Era at Oklahoma' discusses the significant impact of Coach Wilkinson's strategies and leadership during a transformative period for college football at the University of Oklahoma, including the integration of black players into the team. In contrast, 'The Bootlegger's Boy' provides a personal account from Coach Switzer, who reflects on his own experiences with player recruitment, including the groundbreaking enlistment of black athletes, while also critiquing the broader issues of misconduct and hypocrisy in college athletics. Together, these books highlight both the historical context and personal narratives surrounding the integration of black players in college football, showcasing the challenges and triumphs faced during this pivotal time.",relational,edge_multihop,,,,single,,"[17078, 10229]"
history_edge_026,history,What themes related to the craftsmanship and cultural significance of traditional Japanese martial arts are explored in both 'The Art of Japanese Sword Polishing' and 'Samurai Armour: Volume I: The Japanese Cuirass'?,"Both books explore the intricate craftsmanship involved in traditional Japanese martial arts, highlighting the skills of sword polishing and armor making as vital components of samurai culture. They emphasize the importance of preserving these crafts as part of Japan's cultural heritage, showcasing how both swords and armor are not only functional items but also works of art that reflect the values and aesthetics of their time.",relational,edge_multihop,,,,single,,"[31523, 29026]"
history_edge_027,history,"What themes related to divination and religious rituals are explored in both 'Religions of Rome: Volume 2: A Sourcebook' and 'Greek Religion: A Sourcebook', and how do they complement each other in understanding the religious practices of ancient Rome and Greece?","Both 'Religions of Rome: Volume 2: A Sourcebook' and 'Greek Religion: A Sourcebook' explore the theme of divination and religious rituals, highlighting their significance in the respective cultures. The Roman sourcebook delves into various aspects of Roman religious life, including the religious calendar and the role of sacrifice, providing insights into how Romans engaged with the divine through rituals and predictions. In contrast, the Greek sourcebook examines similar practices, such as ancient magic and mystery cults, emphasizing the cultural context of Greek religious beliefs. Together, these books offer a complementary understanding of how divination and rituals functioned within the broader frameworks of Roman and Greek religions, showcasing both the shared practices and distinct cultural interpretations of the divine.",relational,edge_multihop,,,,single,,"[8454, 32445]"
history_edge_028,history,What themes related to the moral complexities of the Civil War are explored in both 'John Brown: The Making of a Martyr' and 'The Legacy of the Civil War'?,"Both books explore the moral complexities surrounding the Civil War, particularly through the character of John Brown in the first book, who is depicted as a martyr for his cause, and the analysis in the second book that presents a balanced view of the guilt and responsibility of both the Union and Confederate sides. Together, they highlight the nuanced perspectives on heroism, sacrifice, and the ethical implications of the war.",relational,edge_multihop,,,,single,,"[38940, 16547]"
history_edge_029,history,What themes related to the cultural and historical significance of New Mexico's geography are explored in both 'The Place Names of New Mexico' and 'Hiking to History: A Guide to Off-Road New Mexico Historic Sites'?,"Both books explore the deep cultural and historical significance of New Mexico's geography, with 'The Place Names of New Mexico' providing a comprehensive overview of the meanings and histories behind various place names, while 'Hiking to History' connects these places to specific historical events and characters, enriching the reader's understanding of how geography shapes local lore and identity.",relational,edge_multihop,,,,single,,"[21109, 21228]"
history_edge_030,history,What are the contrasting perspectives on Stonewall Jackson's leadership and military genius as presented in both 'Stonewall Jackson's Little Sorrel: An Unlikely Hero of the Civil War' and 'Such Troops as These: The Genius and Leadership of Confederate General Stonewall Jackson'?,"In 'Stonewall Jackson's Little Sorrel: An Unlikely Hero of the Civil War', Sharon B. Smith explores the personal bond between Stonewall Jackson and his horse, Little Sorrel, highlighting the emotional and symbolic aspects of Jackson's character and leadership during the Civil War. This narrative emphasizes Jackson's humanity and the significance of his relationship with his horse as a reflection of his leadership style. In contrast, Bevin Alexander's 'Such Troops as These: The Genius and Leadership of Confederate General Stonewall Jackson' focuses on Jackson's military strategies and tactical genius, providing a critical analysis of his effectiveness as a commander while also addressing the failures of other Confederate leaders like Robert E. Lee and Jefferson Davis. Together, these books present a multifaceted view of Jackson, combining the personal and emotional elements of his leadership with a rigorous examination of his military accomplishments and shortcomings.",descriptive,edge_multihop,,,,single,,"[29736, 7304]"
history_edge_031,history,What themes of imperialism and exploitation are explored in both 'The Conquest of a Continent: Siberia and the Russians' and 'Bible and Sword: England and Palestine from the Bronze Age to Balfour'?,"Both books explore the themes of imperialism and exploitation through their respective historical narratives. In 'The Conquest of a Continent', the Russian conquest of Siberia is depicted as a brutal expansion that led to the exploitation and suffering of native populations, highlighting the consequences of imperial ambition. Similarly, in 'Bible and Sword', Tuchman examines Britain's imperial relationship with Palestine, detailing how British policies and actions contributed to the establishment of a Jewish state, which also led to significant suffering and conflict for the local populations. Together, these works illustrate how imperial pursuits often result in the oppression and exploitation of indigenous peoples, reflecting a shared theme of the darker aspects of colonial expansion.",descriptive,edge_multihop,,,,single,,"[9905, 5864]"
history_edge_032,history,What themes related to naval warfare and the human experience during maritime disasters are explored in both 'Abandon Ship!: The Saga of the U.S.S. Indianapolis' and its related work 'Abandon Ship!'?,"Both books explore themes of bravery, survival, and the psychological impact of naval warfare, particularly focusing on the harrowing experiences of the crew during the sinking of the U.S.S. Indianapolis and the aftermath of the disaster.",relational,edge_multihop,,,,single,,"[628, 6222]"
history_edge_033,history,How do both 'Berry College: A Century of Making Music' and 'Berry College: A History' address the impact of Martha Berry's vision on the institution's cultural and educational development?,"Both books highlight Martha Berry's significant influence on Berry College, with 'Berry College: A Century of Making Music' emphasizing her belief in music as an integral part of the educational experience, while 'Berry College: A History' provides a broader context of her visionary leadership and the challenges faced by the college. Together, they illustrate how her commitment to a well-rounded education shaped the college's cultural identity and legacy.",descriptive,edge_multihop,,,,single,,"[13310, 20441]"
history_sh_035,history,What is Catherine's goal in sharing her knowledge about the U.S. Constitution and Economics?,Catherine's goal is to share these subjects in a way that they can be easily understood by adults and students.,descriptive,single_specific,28866.0,,"Understanding Presidential Elections: The Constitution, Caucuses, Primaries, Electoral College, and ",single,,
history_sh_036,history,Which organizations did the authors collaborate with to collect photographs and stories for the book?,The authors collaborated with the Annapolis Historical Society and searched through the archives of the Sonoma County Library Historical Annex and the Mendocino County Historical Society.,descriptive,single_specific,13192.0,,"Annapolis and the Gualala River (Images of America) Author Tammy Durston, a freelance writer and pro",single,,
history_sh_037,history,What were the three key events that contributed to the shift in naval power in the Mediterranean before World War I?,"The three key events were the weakening of the British Mediterranean Fleet's ability to provide ships for the North Sea, Austria-Hungary's decision to build a navy for Mediterranean operations, and Italy's pursuit of naval security through the Triple Alliance after the Italo-Turkish War.",descriptive,single_specific,34887.0,,"Crisis in the Mediterranean: Naval Competition and Great Power Politics, 1904-1914 (New Perspectives",single,,
history_sh_038,history,What significant battle marked the beginning of Nazi Germany's long retreat in the East in 1943?,The battle at Kursk marked the beginning of Nazi Germany's long and bloody retreat in the East.,descriptive,single_specific,18552.0,,"Blitzkrieg No Longer: The German Wehrmacht in Battle, 1943 In 1939, the Germans stormed into Poland,",single,,
history_sh_039,history,What are the titles of Joann Fletcher's previous publications mentioned in the text?,The titles of Joann Fletcher's previous publications mentioned are 'Ancient Egypt' and 'Egypt's Sun King'.,descriptive,single_specific,37358.0,,The Egyptian Book of Living &amp; Dying: The Illustrated Guide to Ancient Egyptian Wisdom Joann Flet,single,,
history_sh_040,history,What do the essays in 'The Memory of the Civil War in American Culture' reveal about the Civil War's impact on American imagination?,"The essays highlight the powerful and ongoing influence the Civil War has had on the American imagination, emphasizing its continuing relevance in American history.",descriptive,single_specific,18069.0,,"The Memory of the Civil War in American Culture (Civil War America) ""A valuable new contribution. . ",single,,
history_sh_041,history,What types of characters does Ben Hecht's writing in 'A Thousand and One Afternoons in Chicago' feature?,"Hecht's writing features a variety of characters including businessmen, hobos, cops, socialites, and janitors.",categorical,single_specific,3014.0,,"A Thousand and One Afternoons in Chicago The columns in 1,001 Afternoons inChicago are scruffy time ",single,,
history_sh_042,history,"What did the author, Tony Williams, identify as the reasons for the initial failure of the Jamestown colony?","Tony Williams noted that the first permanent English colony at Jamestown seemed doomed to fail for a variety of well-known reasons, but the colonists eventually found solutions that led to its success.",descriptive,single_specific,26860.0,,The Jamestown Experiment: The Remarkable Story of the Enterprising Colony and the Unexpected Results,single,,
history_sh_043,history,How long has Keith Roberts studied the civil wars in the British Isles?,Keith Roberts has spent more than a decade studying the civil wars in the British Isles.,descriptive,single_specific,36589.0,,Matchlock Musketeer: 1588&ndash;1688 (Warrior) Insights into the real lives of history's fighting me,single,,
history_sh_044,history,How did the treatment of successful black individuals differ from that of poor blacks according to Litwack's examination of Jim Crow America?,"Successful blacks were often treated more harshly by whites than poor blacks, as their success was presumed to be due to personal initiative.",descriptive,single_specific,9584.0,,How Free Is Free?: The Long Death of Jim Crow (The Nathan I. Huggins Lectures) Starred Review. In th,single,,
history_sh_045,history,What time period does the section titled 'New Martinsville 1938-1944' cover?,The section titled 'New Martinsville 1938-1944' covers the years from 1938 to 1944.,descriptive,single_specific,24419.0,,"New Martinsville Glass, 1900-1944 From Contents - Introduction; New Martinsville 1900-1907; Fisher Y",single,,
history_sh_046,history,What features in Woodman's translation of Tacitus' Annals help enhance the reader's understanding of the historical context?,"Woodman's translation includes annotations that increase understanding of events and their participants, as well as comprehensive appendices covering political and military terms, geographical names, and maps.",descriptive,single_specific,22635.0,,The Annals (Hackett Classics) Woodman has produced the most sophisticated English translation of Tac,single,,
history_sh_047,history,How does William Lee Miller's work address the historical mythology surrounding the concept of a 'Christian Nation'?,"Miller's volume serves as a scholarly rebuttal to the sloppy historical mythology of 'Christian Nation' advocates and anti-separationist jurists, providing a remarkable examination of the intellectual giants of religious freedom and the Supreme Court jurisprudence that supports the separation of church and state.",descriptive,single_specific,23204.0,,"The First Liberty: America's Foundation in Religious Freedom This is a book, filled with historical ",single,,
history_sh_048,history,What aspect of the book does the reviewer highlight as enhancing the understanding of the operation's progression?,The reviewer highlights the inclusion of Osprey's fine 3D maps as a significant enhancement that helps to clarify how the operation proceeded.,descriptive,single_specific,37664.0,,Israels Lightning Strike: The raid on Entebbe 1976 It is infrequent that your reviewer runs across a,single,,
history_sh_049,history,How many volumes of the Easygoing Guide to Natural Florida did Douglas Waitley write?,Douglas Waitley wrote two volumes of the Easygoing Guide to Natural Florida.,descriptive,single_specific,31176.0,,"Easygoing Guide to Natural Florida, Volume 2: Central Florida Douglas Waitley is the author of ninet",single,,
history_sh_050,history,What is the name of the book authored by Tim Fanning besides 'Paisanos'?,The name of the book authored by Tim Fanning besides 'Paisanos' is 'The Fethard-On-Sea Boycott'.,descriptive,single_specific,11104.0,,Paisanos: The Forgotten Irish Who Changed the Face of Latin America Tim Fanning is an author and res,single,,
history_sh_051,history,What roles has Thomas J. Noel held in relation to Denver's history and preservation?,"Thomas J. Noel has served as a Denver Landmark Commissioner and chair, and he is a National Register Reviewer for Colorado.",descriptive,single_specific,22557.0,,"The City and the Saloon: Denver, 1858-1916 Thomas J. Noel, also known as ""Dr. Colorado"", teaches his",single,,
history_sh_052,history,Who are some of the contributors to Wiesenthal's study on forgiveness and justice?,"Contributors include the Dalai Lama, Harry Wu, Cynthia Ozick, and Primo Levi, among others.",relational,single_specific,41461.0,,"The Sunflower: On the Possibilities and Limits of Forgiveness by Wiesenthal, Simon, Cargas, Harry Ja",single,,
history_sh_053,history,Who is the guest curator of the exhibition Victory 250 at Chatham Historic Dockyard?,Brian Lavery is the guest curator of the exhibition Victory 250 at Chatham Historic Dockyard.,relational,single_specific,37359.0,,"Churchill's Navy: The Ships, Men and Organization, 1939-1945 Brian Lavery is the guest curator of th",single,,
history_sh_054,history,Who is the author of the book 'Pacific Onslaught: 7th Dec. 1941/7th Feb. 1943'?,The author of the book is Paul Kennedy.,relational,single_specific,5844.0,,Pacific Onslaught: 7th Dec. 1941/7th Feb. 1943 (Ballantine's Illustrated History of the Violent Cent,single,,
history_sh_055,history,What does St. Peter Damian's Book of Gomorrah address regarding clergy and religious?,"The Book of Gomorrah tackles sexual immorality among Christians, especially clergy and religious, with shocking frankness, while also expressing laments for those who have fallen into impurity and encouraging their recovery.",descriptive,single_specific,26235.0,,"The Book of Gomorrah and St. Peter Damian's Struggle Against Ecclesiastical Corruption ""Hoffman has ",single,,
history_sh_056,history,How does the book 'The Anglo Dutch Moment' aim to transform the understanding of the English Revolution and the Revolutionary process of 1688-91?,"The book sets the Glorious Revolution in its full British, European, and American context, highlighting how this broader perspective is fundamentally changing our understanding of the English Revolution and the events of 1688-91.",descriptive,single_specific,8500.0,,"The Anglo Dutch Moment: Essays on the Glorious Revolution and its World Impact ...""a superb volume: ",single,,
history_sh_057,history,What significant educational opportunity did Deval Patrick receive after junior high school?,Deval Patrick received a scholarship to attend Milton Academy in Massachusetts after junior high school.,descriptive,single_specific,14870.0,,A Reason to Believe: Lessons from an Improbable Life [A Reason to Believe] . . . introduces Patrick ,single,,
history_sh_058,history,What awards did Everett Ferguson receive for his contributions to early Christian studies?,"Everett Ferguson received the Vestigia Award for Excellence in Early Christian Studies and Service to the Church from the Wheaton Center for Early Christian Studies in 2010, and the Distinguished Service Award from the North American Patristics Society in 2008.",descriptive,single_specific,23805.0,,"The Early Church and Today, volume 2 (Christian Life, Scripture, and Restoration) Everett Ferguson i",single,,
history_sh_059,history,What significant event did Rev. Dr. Barber lead that gained national attention in 2013?,"Rev. Dr. Barber led the Moral Monday protests at the North Carolina General Assembly in 2013, which drew tens of thousands of participants.",descriptive,single_specific,21297.0,,Forward Together: A Moral Message for the Nation William J. Barber II (Author) Rev. Dr. William J. B,single,,
history_sh_060,history,What aspect of Evan Haefeli's study is highlighted as particularly valuable in understanding the religious history of New Netherland?,"The author's familiarity with the literature in Dutch is highlighted as particularly valuable, as it is quite rare even among American historians of New Netherland.",descriptive,single_specific,18988.0,,"New Netherland and the Dutch Origins of American Religious Liberty (Early American Studies) ""Through",single,,
history_sh_061,history,What types of documents are included in the book to represent the history of Naples?,"The book includes travellers' accounts, private letters, newspaper articles, official declarations, ambassadorial reports, governmental legislation, and excerpts from memoirs, diaries, and statistical surveys.",categorical,single_specific,24764.0,,"Modern Naples: A Documentary History, 1799-1999 (Documentary History of Naples) Professor Santore ad",single,,
history_sh_062,history,"What significant event occurred in Texas on March 2, 1861, despite some opposition from notable figures like Sam Houston?","Texas joined the Confederacy on March 2, 1861, and contributed tens of thousands of men to support the South.",descriptive,single_specific,31274.0,,Civil War in Texas and New Mexico Territory There are many stories from the Civil War; some of the o,single,,
history_sh_063,history,What did John Hersey conclude about the reason for the murders of the three black men at the Algiers Motel?,"Hersey concluded that the three black men were murdered due to being perceived as pimps and punks, and for their relationships with white women, reflecting the racial tensions and prejudices of the time.",descriptive,single_specific,15944.0,,"The Algiers Motel Incident ""Hersey's extremely careful and cogent account of the Algiers Motel incid",single,,
history_sh_064,history,What are some of the complex motives behind evangelical Christian support for Israel as discussed in Spector's work?,Spector identifies that evangelical support for Israel stems from a combination of viewing Israel as an ally against terrorism and a biblically-based belief that God has favored Israel.,descriptive,single_specific,2386.0,,"Evangelicals and Israel: The Story of American Christian Zionism Spector, a professor of English at ",single,,
history_sh_065,history,What aspect of the Korean War does Stueck excel at describing in his book?,"Stueck excels at describing the intricate diplomatic maneuverings that took place throughout the war, which were aimed at avoiding a major clash between the great powers.",descriptive,single_specific,10309.0,,The Korean War Any serious student of the Korean War will want to read this book for its measured pe,single,,
history_sh_066,history,Which US Air Force warplanes are specifically mentioned as part of the United Nations' airpower used in Korea from 1950-1953?,The silver-winged F-86 Sabre jet fighters and the F-84 Thunderjets are specifically mentioned.,descriptive,single_specific,38502.0,,Korea: The Air War (2) (Osprey Colour Series) Illustrates the mainly US Air Force warplanes that for,single,,
history_sh_067,history,What type of analysis and writing did Tom Cooper focus on after his career in transportation?,"Tom Cooper moved into narrow-focus analysis and writing on small, little-known air forces and conflicts, particularly in the Middle East and Africa.",categorical,single_specific,39710.0,,The Rwandan Patriotic Front 1990-1994 (Africa@War) Tom Cooper is an Austrian aerial warfare analyst ,single,,
history_sh_068,history,What profession did David E. Sumner hold for 25 years at Ball State University?,David E. Sumner was a professor emeritus of journalism at Ball State University.,descriptive,single_specific,29384.0,,Fumbled Call: The Bear Bryant-Wally Butts Football Scandal That Split the Supreme Court and Changed ,single,,
history_sh_069,history,"According to Harari, what are the new challenges humanity will face in the future as described in Homo Deus?","Harari suggests that humanity will confront challenges such as overcoming death, the creation of artificial intelligence, and the implications of design in human bodies and brains.",descriptive,single_specific,40854.0,,Homo Deus / Homo Deus: A Brief History of Tomorrow (Spanish Edition) Tras el exito de Sapiens De ani,single,,
history_sh_070,history,What was the immediate consequence of General Reynolds' actions during the battle of Gettysburg on July 1st?,"General Reynolds was killed by a shot through his head less than 30 minutes after he arrived at the front, which caused great loss to his country and sorrow for the entire army.",descriptive,single_specific,971.0,,"Berdan's United States sharpshooters in the Army of the Potomac, 1861-1865 This historic book may ha",single,,
history_sh_071,history,What significant transformation did the new nation undergo during the early republic according to the text?,The new nation transformed from an ideally orderly republic to a tumultuous democracy and shifted from a colonial economy dependent on exports to a more developed economy with strong internal markets.,descriptive,single_specific,2181.0,,"The Early American Republic, 1789-1829 ""This is a highly readable, nicely fleshed-out distillation o",single,,
history_sh_072,history,What roles does George Grant hold in addition to being an author?,"George Grant is the Founder of the Franklin Classical School, serves as the Chancellor at New College Franklin, and is the Pastor at Parish Presbyterian Church.",descriptive,single_specific,29679.0,,"The American Patriot's Handbook: The Writings, History, and Spirit of a Free Nation George Grant, th",single,,
history_sh_073,history,What does Bevin Alexander reveal about the failures of Robert E. Lee and Jefferson Davis in his book on Stonewall Jackson?,"Bevin Alexander exposes the failures of Robert E. Lee and Jefferson Davis that cost the South any chance of victory, in contrast to Jackson's true military genius.",descriptive,single_specific,7304.0,,Such Troops as These: The Genius and Leadership of Confederate General Stonewall Jackson In his supe,single,,
history_sh_074,history,What are some of the topics covered in the chapters of the book?,"The chapters outline the Roman power structure and major players, the classes of citizens, discord in Caesar's armies, and the early Olympic games.",descriptive,single_specific,14969.0,,What Life Was Like: When Rome Ruled the World : The Roman Empire 100 Bc-Ad 200 Gr 8 Up--This oversiz,single,,
history_sh_075,history,What is the significance of the book according to the Russian Review?,"The book is considered an important contribution to the understanding of the Red Army in World War II, as it provides an in-depth analysis of military operations in Belorussia, filling a gap in knowledge.",descriptive,single_specific,10986.0,,The Battle for Belorussia: The Red Army's Forgotten Campaign of October 1943 - April 1944 (Modern Wa,single,,
history_sh_076,history,What is the primary mission of the Library of America as described in the text?,"The primary mission of the Library of America is to publish America's best and most significant writing in handsome, enduring volumes, featuring authoritative texts.",descriptive,single_specific,24924.0,,"The Debate on the Constitution : Federalist and Antifederalist Speeches, Articles and Letters During",single,,
history_sh_077,history,What was the concern regarding the congressional power of former Confederate states after their readmission to the Union?,"The concern was that ex-slaves would increase the congressional power of those states, but without protection, they would not be allowed to vote, allowing the Southern white elite to maintain disproportionate influence in the federal government.",descriptive,single_specific,16770.0,,Democracy Reborn: The Fourteenth Amendment and the Fight for Equal Rights in Post-Civil War America ,single,,
history_sh_078,history,"What primary emphasis did Wasserstrom highlight in the work of Scholem, Corbin, and Eliade regarding their assessment of history, politics, and ethics?","Wasserstrom highlighted the primary emphasis placed on the symbolic imagination by Scholem, Corbin, and Eliade, which significantly influenced their assessments in those areas.",descriptive,single_specific,10272.0,,"Religion after Religion In the nihilistic aftermath of World War II, the efforts of emerging phenome",single,,
history_sh_079,history,What has been the impact of the civil war on the culture of the Mayans according to Perera's analysis?,Perera describes the civil war as destroying a culture that has survived the brutality of the Spanish Conquest almost intact.,descriptive,single_specific,8082.0,,"Unfinished Conquest: The Guatemalan Tragedy This engrossing combination of reportage, personal narra",single,,
history_sh_080,history,What types of primary materials are included in the book Capital of Capital?,"The book includes an array of primary materials such as antebellum bank notes, ledgers, early credit cards, and advertisements.",categorical,single_specific,3350.0,,"Capital of Capital: Money, Banking, and Power in New York City, 1784-2012 (Columbia Studies in the H",single,,
history_sh_081,history,What apparent discrepancy does Eugen Weber explore in his book about the fin de siècle period in France?,"Weber examines the contradiction of the fin de siècle being both an age of decadence, as noted by intellectuals and artists, and a time of real improvement in living standards and greater opportunities for leisure and social progress.",descriptive,single_specific,9758.0,,"France, Fin de Sicle (Studies in Cultural History) Weber, historian and author of many books, vividl",single,,
history_sh_082,history,What were the key factors that led to the Gulf War according to the text?,"The key factors that led to the Gulf War included Saddam Hussein's invasion of Kuwait, which shocked the world and threatened the interests of countries dependent on Middle Eastern oil, particularly the USA and European nations.",descriptive,single_specific,3163.0,,"The Gulf War, 1990-91 (Twentieth Century Wars) ""William Allison has written a concise, highly readab",single,,
history_edge_034,history,"What themes related to the origins of modern belief systems are explored in both 'Rosslyn' and 'Hidden Wisdom', and how do they complement each other in their treatment of esoteric traditions?","Both 'Rosslyn' and 'Hidden Wisdom' explore the origins and development of belief systems, particularly focusing on esoteric traditions and the influence of the Knights Templar. 'Rosslyn' provides insights into the historical context and significance of Rosslyn Chapel as a site of esoteric knowledge, while 'Hidden Wisdom' delves deeper into the broader Western esoteric tradition, including Sacred Geometry and the mystical aspects of these beliefs. Together, they offer a comprehensive view of how these themes intertwine to shape modern spirituality.",relational,edge_multihop,,,,single,,"[38815, 40188]"
history_edge_035,history,What themes related to the construction and recovery efforts of the Vasa ship are explored in both 'Vasa I: The Archaeology of a Swedish Royal Ship of 1628' and 'Vasa 1628'?,"Both 'Vasa I' and 'Vasa 1628' explore the themes of construction errors and the subsequent recovery efforts of the Vasa ship. 'Vasa I' delves into the political and contractual complexities surrounding the ship's construction and the various failed recovery attempts, while 'Vasa 1628' provides a visual representation of the ship's ornate design and historical context, highlighting the significance of these recovery efforts in understanding maritime history.",relational,edge_multihop,,,,single,,"[40897, 40896]"
history_edge_036,history,What themes related to the impact of war on society and culture are explored in both 'The Medieval World: An Illustrated Atlas' and 'The American Revolution: A Visual History'?,"Both books explore the theme of how war influences societal structures and cultural developments. 'The Medieval World: An Illustrated Atlas' discusses the societal changes during the Medieval period, including the impact of conflicts such as the Crusades on trade, culture, and the feudal system. In contrast, 'The American Revolution: A Visual History' examines how the American Revolution reshaped social dynamics, including the roles of different groups such as women, African Americans, and Native Americans, as well as the emergence of new national identities. Together, they highlight the transformative effects of war across different historical contexts.",relational,edge_multihop,,,,single,,"[27210, 27955]"
history_edge_037,history,"What themes of military strategy and the experiences of soldiers are explored in both 'The Korean War (Essential Histories)' and 'Chickamauga 1863: The river of death', and how do they reflect the broader implications of warfare on society?","Both books explore the theme of military strategy by detailing the command strategies and tactics employed during their respective conflicts, with 'The Korean War (Essential Histories)' focusing on the complexities of a modern war influenced by Cold War dynamics, while 'Chickamauga 1863: The river of death' examines the tactical decisions made during a pivotal battle in the American Civil War. Additionally, they both delve into the personal experiences of soldiers, highlighting the psychological and emotional toll of warfare, which reflects the broader implications of how conflicts shape societies and their historical narratives.",descriptive,edge_multihop,,,,single,,"[36622, 38454]"
history_edge_038,history,"What themes of empowerment and activism are explored in both 'Alcatraz! Alcatraz!: The Indian Occupation of 1969-1971' and 'The Occupation of Alcatraz Island: Indian Self-Determination and the Rise of Indian Activism', and how do they illustrate the impact of the Alcatraz occupation on Native American communities?","Both books explore the themes of empowerment and activism among Native Americans during the Alcatraz occupation. 'Alcatraz! Alcatraz!' highlights how the takeover empowered young Indian leaders across the country and brought national attention to the issues faced by urban Indians. In contrast, 'The Occupation of Alcatraz Island' provides insights into the collective dreams and realities of the occupiers, emphasizing the significance of the event in raising awareness of Native American grievances. Together, they illustrate how the Alcatraz occupation served as a catalyst for broader Indian activism and self-determination, uniting various Native American communities in their fight for rights and recognition.",descriptive,edge_multihop,,,,single,,"[24613, 3463]"
history_edge_039,history,"How do both 'War, Women, and Druids' and 'Celtic Astrology from the Druids to the Middle Ages' explore the cultural significance of the Druids in ancient Celtic society, particularly in relation to their roles in war and cosmology?","Both books examine the multifaceted roles of Druids in ancient Celtic society, with 'War, Women, and Druids' focusing on their involvement in warfare, social structures, and the position of women, while 'Celtic Astrology from the Druids to the Middle Ages' delves into their cosmological beliefs and astrological practices. Together, they illustrate how the Druids were not only religious and spiritual leaders but also influential figures in the social and military aspects of Celtic life, highlighting the interconnectedness of their roles in both war and the understanding of the cosmos.",descriptive,edge_multihop,,,,single,,"[4072, 29385]"
history_edge_040,history,"What are the shared themes of survival tactics and defensive strategies as discussed in both 'The Ultimate Guide to U.S. Army Survival Skills, Tactics, and Techniques' and 'U.S. Army Guide to Booby Traps'?","Both books explore the theme of survival in hostile environments, with 'The Ultimate Guide to U.S. Army Survival Skills, Tactics, and Techniques' focusing on general survival skills and tactics for various situations, while 'U.S. Army Guide to Booby Traps' specifically addresses the use of traps as a defensive strategy to protect oneself and secure a perimeter. Together, they provide a comprehensive understanding of how to survive and defend against threats in military contexts.",descriptive,edge_multihop,,,,single,,"[33884, 33914]"
history_edge_041,history,"How do both 'The Early History of God' and 'Gods, Goddesses, and Images of God in Ancient Israel' explore the evolution of Israelite religious identity in relation to Canaanite influences?","Both books examine the development of Israelite religion and identity, with 'The Early History of God' focusing on the transition from polytheism to monotheism and how this process was influenced by Canaanite beliefs and practices. In contrast, 'Gods, Goddesses, and Images of God in Ancient Israel' delves into the iconographic representations and cultural significance of deities in ancient Israel, highlighting how these images reflect the syncretism between Israelite and Canaanite religious traditions. Together, they provide a comprehensive view of how Israelite identity was shaped by both the rejection and adaptation of Canaanite elements.",descriptive,edge_multihop,,,,single,,"[503, 15461]"
history_edge_042,history,"What themes of individual heroism and unit cohesion are explored in both 'On the Canal: The Marines of L-3-5 on Guadalcanal, 1942' and 'Their Backs against the Sea: The Battle of Saipan and the Largest Banzai Attack of World War II', and how do the authors' narratives reflect these themes in the context of their respective battles?","Both books explore the themes of individual heroism and unit cohesion through their detailed accounts of the battles in which the authors participated or researched. In 'On the Canal', Ore J. Marion highlights the bravery and determination of the Marines during the Guadalcanal campaign, emphasizing how individual acts of valor contributed to the overall success of the unit. Similarly, in 'Their Backs against the Sea', Bill Sloan illustrates the heroism displayed by soldiers during the Battle of Saipan, particularly during the intense Banzai attacks, showcasing how these individual efforts were crucial for the morale and effectiveness of the troops. Together, these narratives reflect the shared experience of soldiers facing overwhelming odds, emphasizing the importance of both personal courage and collective strength in wartime.",descriptive,edge_multihop,,,,single,,"[18720, 4954]"
history_edge_043,history,"How do both 'Women in the Classical World: Image and Text' and 'Goddesses, Whores, Wives, and Slaves: Women in Classical Antiquity' address the roles and representations of women in ancient societies, and what complementary insights do they provide regarding the cultural and social contexts of these roles?","'Women in the Classical World: Image and Text' offers a detailed chronological survey of women's lives in ancient Greece and Rome, emphasizing their experiences across various spheres such as marriage, religion, and politics, supported by literary and visual sources. In contrast, 'Goddesses, Whores, Wives, and Slaves: Women in Classical Antiquity' focuses on the status and activities of women, reflecting modern feminist insights and highlighting the historical significance of women's roles. Together, these books provide a comprehensive understanding of women's multifaceted identities in antiquity, with the first book illustrating their lived experiences through diverse sources and the second contextualizing these experiences within broader feminist historiography.",relational,edge_multihop,,,,single,,"[1994, 16837]"
history_edge_044,history,How do both 'Finding the West: Explorations with Lewis and Clark' and 'The Mormon Question: Polygamy and Constitutional Conflict in Nineteenth-Century America' explore the complexities of cultural interactions and conflicts in the American West during the 19th century?,"Both books delve into the intricate dynamics of cultural interactions in the American West during the 19th century, albeit from different angles. 'Finding the West' examines the expedition of Lewis and Clark and highlights the narratives of Native peoples, emphasizing the cultural exchanges and conflicts that arose as American explorers encountered Indigenous communities. In contrast, 'The Mormon Question' focuses on the legal and societal challenges faced by Mormons, particularly regarding polygamy, which sparked significant conflict with broader American society and legal frameworks. Together, these works illustrate how the West was a site of diverse cultural encounters and conflicts, shaped by exploration, settlement, and differing beliefs about marriage and governance.",descriptive,edge_multihop,,,,single,,"[21129, 17994]"
history_edge_045,history,"What themes of reform and inter-religious dialogue are explored in both 'Can We Save the Catholic Church?' and 'Islam: Past, Present and Future', and how do they reflect the author's views on the evolution of monotheistic faiths?","Both 'Can We Save the Catholic Church?' and 'Islam: Past, Present and Future' explore themes of reform within their respective religious traditions, emphasizing the need for both Christianity and Islam to adapt and evolve in response to contemporary challenges. In 'Can We Save the Catholic Church?', Kng critiques the hierarchical structure of the Catholic Church and advocates for a return to the spirit of Vatican II, suggesting that reform is essential for the Church's survival and relevance. Similarly, in 'Islam: Past, Present and Future', Kng discusses the need for the Muslim world to embrace new interpretations of the Qur'an and to address internal issues such as the influence of religious scholars and socio-economic disparities. Both works highlight the importance of inter-religious dialogue as a means to foster understanding and peace, with Kng arguing that such dialogue is crucial for overcoming the historical tensions between these monotheistic faiths.",descriptive,edge_multihop,,,,single,,"[98, 38313]"
history_edge_046,history,How do both 'Rivers by Design' and 'A River and Its City' explore the relationship between government intervention and local community dynamics in the context of flood control and river management?,"Both books examine the complexities of government intervention in flood control, with 'Rivers by Design' focusing on the federal government's expanding role in managing rivers like the Mississippi and Sacramento, highlighting tensions between local and national agencies. In contrast, 'A River and Its City' delves into the specific case of New Orleans, illustrating how the levee system represents a historical interplay between the river and the city's unique characteristics, emphasizing the local community's response to and reliance on government structures. Together, they provide a comprehensive view of how state power and local dynamics shape the management of waterways.",relational,edge_multihop,,,,single,,"[20649, 8207]"
history_edge_047,history,"How do both 'The Century' and 'The Complete Idiot's Guide to 20th-Century History' address the impact of significant historical events on ordinary people's lives, and what contrasting methods do they use to convey this theme?","'The Century' emphasizes the experiences of ordinary individuals through personal anecdotes and sidebars that capture the mood and prevailing attitudes of their times, providing a narrative that is both emotional and immediate. In contrast, 'The Complete Idiot's Guide to 20th-Century History' aims to simplify complex historical events and their significance, making them accessible to a broader audience, but it may not delve as deeply into personal stories. Together, they offer complementary perspectives: one through detailed personal narratives and the other through a straightforward overview of significant events, highlighting how these events shaped the lives of everyday people.",descriptive,edge_multihop,,,,single,,"[6343, 139]"
history_edge_048,history,"What themes related to resilience and recovery in the face of adversity are explored in both 'Rise, and Fight Again: Perilous Times Along the Road to Independence' and 'South Carolina And the American Revolution: A Battlefield History'?","Both books explore the theme of resilience during the American Revolution, particularly how American forces, despite facing significant defeats, managed to regroup and continue their fight for independence. 'Rise, and Fight Again' emphasizes the broader narrative of American perseverance across various campaigns, while 'South Carolina And the American Revolution' provides a detailed examination of specific battles in South Carolina, illustrating how local forces exemplified this resilience in their strategic responses to challenges on the battlefield.",relational,edge_multihop,,,,single,,"[7024, 31621]"
history_edge_049,history,"How do both 'The Battle for Leningrad, 1941-1944' and 'Blitzkrieg: From the Ground Up' explore the effectiveness of German military strategies during World War II, and what contrasting perspectives do they offer on the implementation of these strategies in different contexts?","Both books examine the effectiveness of German military strategies during World War II, particularly focusing on the operational and tactical levels of warfare. 'The Battle for Leningrad, 1941-1944' provides a detailed analysis of the German strategies employed during the siege of Leningrad, emphasizing the operational decisions and their consequences on the battlefield. In contrast, 'Blitzkrieg: From the Ground Up' delves into the theoretical underpinnings of blitzkrieg tactics, showcasing how these strategies were executed by soldiers and junior officers in various battles. While Glantz highlights the specific context of Leningrad and its unique challenges, Zetterling presents a broader view of blitzkrieg as a refined military approach, illustrating its application across different fronts. Together, they offer complementary insights into the German military's strategic effectiveness, with Glantz focusing on a specific campaign and Zetterling providing a wider theoretical framework.",descriptive,edge_multihop,,,,single,,"[10806, 34805]"
history_edge_050,history,"How do both 'Cuba: A Personal Journey 1989-2015' and 'Lights Out: A Cuban Memoir of Betrayal and Survival' explore the impact of the Cuban Revolution on everyday life in Cuba, and what contrasting perspectives do they offer on the cultural and social changes experienced by the Cuban people during and after this period?","'Cuba: A Personal Journey 1989-2015' presents a visual narrative that captures the spirit and resilience of the Cuban people through photography, emphasizing the beauty and complexity of everyday life in Cuba despite its struggles. In contrast, 'Lights Out: A Cuban Memoir of Betrayal and Survival' provides a personal account of the hardships faced by a Cuban family under Fidel Castro's regime, highlighting the loss of traditional culture and the impact of the revolution on personal dignity and hope. Together, these works illustrate the duality of the Cuban experience: one through the lens of artistic appreciation and the other through a poignant memoir of survival and betrayal.",descriptive,edge_multihop,,,,single,,"[40479, 30364]"
history_edge_051,history,"How do both Slotkin's 'No Quarter: The Battle of the Crater, 1864' and 'Gunfighter Nation: Myth of the Frontier in Twentieth-Century America' explore the theme of violence in American history, and what contrasting perspectives do they offer regarding the role of race and cultural narratives in shaping historical events?","In 'No Quarter: The Battle of the Crater, 1864', Slotkin examines the violence of the Civil War, particularly focusing on the racial dynamics and the tragic consequences of the Battle of the Crater, where black Union troops faced not only Confederate opposition but also violence from their own side due to racism and incompetence. This analysis highlights the complexities of race and the brutal realities of war. In contrast, 'Gunfighter Nation: Myth of the Frontier in Twentieth-Century America' addresses violence through the lens of American cultural narratives, specifically the myth of the frontier and how it shaped U.S. foreign policy and identity in the 20th century. While both books deal with violence, 'No Quarter' emphasizes the immediate, visceral consequences of racial conflict in warfare, whereas 'Gunfighter Nation' critiques the romanticized narratives that justify violence in the context of American expansionism and imperialism. Together, they provide a comprehensive view of how violence is interwoven with race and cultural myths throughout American history.",descriptive,edge_multihop,,,,single,,"[26795, 17017]"
history_edge_052,history,What are the contrasting interpretations of the purpose of Stonehenge as presented in both 'Stonehenge: Making Sense of a Prehistoric Mystery' and 'Solving Stonehenge: The New Key to an Ancient Enigma'?,"In 'Stonehenge: Making Sense of a Prehistoric Mystery', Pearson and Richards explore the idea that Stonehenge served as a ceremonial site linked to the ancestors and the cosmos, emphasizing its role in social and ritual practices of Neolithic communities. In contrast, 'Solving Stonehenge: The New Key to an Ancient Enigma' by Anthony Johnson presents a perspective that focuses on the practical aspects of Stonehenge's construction and its function as an astronomical observatory, suggesting that its primary purpose was to track celestial events. Together, these books provide a comprehensive view of Stonehenge, highlighting both its spiritual significance and its practical applications.",descriptive,edge_multihop,,,,single,,"[39694, 7882]"
history_edge_053,history,What themes related to naval warfare and the impact on the Confederate supply lines are explored in both 'Memoirs of Service Afloat During the War Between the States' and 'Confederate Goliath: The Battle of Fort Fisher'?,"Both books explore the theme of naval warfare during the Civil War, particularly how naval engagements affected the supply lines of the Confederacy. 'Memoirs of Service Afloat' details the activities of the CSS Alabama as it disrupts Union commerce and captures ships, illustrating the significance of naval power in the conflict. In contrast, 'Confederate Goliath' focuses on the strategic importance of Fort Fisher in Wilmington, North Carolina, as the last major supply route for the Confederacy, emphasizing how the Union's control of the sea and successful assaults on coastal fortifications directly impacted Confederate resources and morale. Together, they highlight the critical role of naval operations in shaping the outcome of the Civil War.",relational,edge_multihop,,,,single,,"[30621, 297]"
history_edge_054,history,What themes do both 'Blood Feud: The Hatfields And The McCoys' and 'The Hatfields and the McCoys' explore regarding the impact of the feud on Appalachian identity and culture?,"Both books explore the theme of how the Hatfield-McCoy feud reflects and shapes Appalachian identity and culture. 'Blood Feud' delves into the complex web of circumstances that allowed the conflict to persist and its broader implications on American identity, while 'The Hatfields and the McCoys' focuses on separating fact from fiction, emphasizing the feud's legendary status and its deep roots in the cultural fabric of Appalachia. Together, they provide a nuanced understanding of the feud's significance in shaping the region's historical narrative.",descriptive,edge_multihop,,,,single,,"[14511, 19274]"
history_edge_055,history,"How do both 'Women and the City: Gender, Space, and Power in Boston, 1870-1940' and 'Of the People: A History of the United States, Volume 2: Since 1865' address the role of women in shaping social and political movements in the United States during the late 19th and early 20th centuries?","Both books explore the significant contributions of women to social and political movements during the late 19th and early 20th centuries, albeit from different perspectives. 'Women and the City' focuses specifically on Boston, detailing how women from various social classes organized to claim public spaces and influence urban development, highlighting their roles in strikes and community building. In contrast, 'Of the People' provides a broader national context, discussing how women's movements were integral to larger historical narratives, such as suffrage and labor rights, thus illustrating the interconnectedness of women's activism across different regions and issues. Together, they present a comprehensive view of women's impact on American society during this transformative period.",descriptive,edge_multihop,,,,single,,"[1985, 1747]"
history_edge_056,history,How do both 'Harlots of the Desert' and 'Am I That Name?' explore the theme of identity in relation to repentance and feminism within their respective historical contexts?,"'Harlots of the Desert' examines the concept of identity through the lens of repentance in early Christian monasticism, highlighting how monastic women navigated their identities in a patriarchal religious framework. In contrast, 'Am I That Name?' addresses the complexities of women's identity in the context of feminist thought, exploring how language and societal perceptions shape the understanding of womanhood. Together, these books provide a complementary exploration of how identity is constructed and understood in both monastic spirituality and feminist discourse, revealing the intersections between personal repentance and broader societal roles.",descriptive,edge_multihop,,,,single,,"[23260, 20162]"
history_edge_057,history,"What themes of cultural resilience and historical conflict are explored in both 'Rethinking Michigan Indian History' and 'It Happened in Michigan,' and how do these themes illustrate the complexities of Michigan's past?","'Rethinking Michigan Indian History' delves into the experiences and perspectives of Native American communities in Michigan, highlighting their resilience in the face of historical conflicts and injustices. It emphasizes the importance of understanding these narratives to appreciate the broader context of Michigan's history. On the other hand, 'It Happened in Michigan' recounts various remarkable events that shaped the state's history, including conflicts between different cultural groups and the state's evolution through adversity. Together, these books illustrate how cultural resilience is a recurring theme in Michigan's history, as both Native Americans and other communities have navigated conflicts and challenges, ultimately contributing to the state's unique identity and strength.",descriptive,edge_multihop,,,,single,,"[22256, 14474]"
history_edge_058,history,"How do both 'Lexington and Concord: The Battle Heard Round the World' and '1775: A Good Year for Revolution' explore the motivations behind the American Revolution, and what contrasting perspectives do they offer on the significance of the events of 1775?","Both books delve into the motivations behind the American Revolution, with Daughan focusing on the nuanced character and motivations of key figures involved in the battles, while Phillips emphasizes the broader military situations faced by the British and the strategic implications of those events. Daughan's work provides a character-driven narrative that highlights individual motivations, whereas Phillips offers a comprehensive analysis of the military context, creating contrasting perspectives on the significance of the events of 1775.",descriptive,edge_multihop,,,,single,,"[6714, 1603]"
history_edge_059,history,"What themes of technological innovation and military strategy are explored in both 'The Luftwaffe From Training School To the Front' and 'Kampfpanzer Maus: The Porsche Type 205 Super-Heavy Tank', and how do they reflect the broader context of German military efforts during World War II?","Both books explore the theme of technological innovation in the context of World War II, with 'The Luftwaffe From Training School To the Front' focusing on the development and operational strategies of the German air force, while 'Kampfpanzer Maus' examines the design and intended use of the super-heavy tank. Together, they reflect the broader context of German military efforts by highlighting how advancements in both aviation and armored vehicle technology were integral to Germany's military strategy during the war.",descriptive,edge_multihop,,,,single,,"[23635, 14783]"
history_edge_060,history,How do both 'The Conversion of Scandinavia' and 'The Age of the Vikings' explore the impact of Viking activities on the cultural and religious transformations in Northern Europe?,"Both books examine the transformative effects of Viking activities on Northern Europe, particularly focusing on the interplay between trade, violence, and cultural exchange. 'The Conversion of Scandinavia' delves into the role of missionaries and the conversion to Christianity, highlighting how these religious changes were influenced by Viking interactions with other cultures. In contrast, 'The Age of the Vikings' provides a broader view of Viking life, including their roles as merchants and warriors, and how these roles facilitated cultural exchanges that contributed to the region's transformation. Together, they illustrate a complex picture of how Viking expeditions not only spread violence but also led to significant cultural and religious shifts in Scandinavia and beyond.",descriptive,edge_multihop,,,,single,,"[4739, 10499]"
history_edge_061,history,"What themes related to urban development and historical preservation are explored in both 'Lost New Orleans' and 'Lost Baltimore', and how do the authors approach these themes in their respective cities?","'Lost New Orleans' by Richard Campanella explores the unique geographical and cultural evolution of New Orleans, emphasizing the impact of urban development on the city's historical landscape and the importance of preserving its distinct heritage. In contrast, 'Lost Baltimore' by Gregory J. Alexander and Paul Kelsey Williams focuses on the architectural history and the stories behind buildings that have vanished from Baltimore, highlighting the significance of visual documentation and historical narratives in preserving the city's identity. Both books share the theme of urban development's effect on historical preservation, but Campanella emphasizes geographical factors and cultural identity, while Alexander and Williams focus on architectural history and visual storytelling.",relational,edge_multihop,,,,single,,"[39669, 39643]"
history_edge_062,history,"What themes related to the operational strategies of the Imperial German Navy during World War I are explored in both 'Battle on the Seven Seas: German Cruiser Battles, 1914-1918' and 'Battle for the Baltic Islands 1917: Triumph of the Imperial German Navy'?","Both books explore the operational strategies employed by the Imperial German Navy during World War I, highlighting the significance of naval power in achieving military objectives. 'Battle on the Seven Seas' focuses on cruiser battles and the broader naval engagements, while 'Battle for the Baltic Islands 1917' provides a detailed account of specific amphibious operations, illustrating how these strategies complemented each other in the context of the war.",relational,edge_multihop,,,,single,,"[37964, 37294]"
history_edge_063,history,How do both 'Trespassers on the Roof of the World' and 'A Historical Atlas of Tibet' explore the themes of Tibet's cultural isolation and the impact of external influences on its historical development?,"'Trespassers on the Roof of the World' delves into the international attempts to penetrate Tibet's isolationism, highlighting the explorers and spies who sought to uncover its secrets and the resulting cultural and political ramifications. In contrast, 'A Historical Atlas of Tibet' provides a visual representation of Tibet's historical and cultural transformations through maps, illustrating how external influences have shaped its territorial and cultural landscape over time. Together, these works complement each other by showing not only the narrative of exploration and intrusion but also the geographical and cultural context that has defined Tibet's unique identity amidst external pressures.",descriptive,edge_multihop,,,,single,,"[31514, 3106]"
history_edge_064,history,"How do both 'The Secret Teachers of the Western World' and 'Occult America' explore the influence of esoteric traditions on political thought and cultural identity in the Western world, and what themes do they share in their examination of historical figures associated with these traditions?","'The Secret Teachers of the Western World' delves into the Western esoteric tradition, highlighting how figures like the Rosicrucians and Freemasons infused their political ambitions with occult ideals, suggesting a continuous thread of esoteric idealism influencing political thought. In contrast, 'Occult America' examines how mystical and occult movements have shaped American cultural and spiritual identity, featuring historical figures such as Abraham Lincoln and Madame Blavatsky, who navigated the intersection of mysticism and mainstream thought. Both books share themes of the hidden influence of esoteric beliefs on societal structures and the personal motivations of influential figures, illustrating how these traditions have contributed to shaping political and cultural landscapes.",descriptive,edge_multihop,,,,single,,"[7047, 8795]"
history_edge_065,history,How do both 'Hiking the Escalante' and 'Singing Stone' address the relationship between human activity and the natural environment in the Escalante region?,"'Hiking the Escalante' provides detailed descriptions of various hikes and the physical landscapes encountered, emphasizing the recreational use of the land and the human connection to these natural spaces. In contrast, 'Singing Stone' explores the historical and ecological significance of the Escalante Canyons, focusing on the delicate balance between nature and culture, and the impact of conservation efforts. Together, these books illustrate how human experiences in the Escalante region, whether through recreation or conservation, shape our understanding and appreciation of this unique environment.",relational,edge_multihop,,,,single,,"[34140, 22984]"
history_edge_066,history,"What themes do both 'Roman Helmets' and 'Roman Military Equipment from the Punic Wars to the Fall of Rome' explore regarding the evolution and functionality of Roman military gear, and how do they complement each other in their coverage of this topic?","'Roman Helmets' focuses specifically on the development and variety of Roman helmets, detailing their materials and functions within the context of the earliest Roman armies. In contrast, 'Roman Military Equipment from the Punic Wars to the Fall of Rome' provides a broader examination of Roman military gear across a wider time span, including various types of equipment used throughout the Roman military's history. Together, these books explore the theme of military evolution, with 'Roman Helmets' offering a detailed look at one aspect of that evolution, while 'Roman Military Equipment' situates that aspect within the larger framework of Roman military history and equipment, thus providing a comprehensive understanding of how helmets fit into the overall development of military technology.",descriptive,edge_multihop,,,,single,,"[27625, 37188]"
history_edge_067,history,What themes related to the evolution and impact of armored vehicles are explored in both 'Tank: The Definitive Visual History of Armored Vehicles' and 'M4 Sherman Tanks: The Illustrated History of America's Most Iconic Fighting Vehicles'?,"Both books explore the evolution of armored vehicle design and technology, highlighting how these advancements have influenced military strategy and warfare. They also discuss the cultural significance of tanks, particularly the M4 Sherman, in shaping public perception of military power and heroism during conflicts such as World War II.",relational,edge_multihop,,,,single,,"[27960, 14371]"
history_edge_068,history,"What themes related to the cultural and social dynamics of Scollay Square are explored in both 'Scollay Square (MA)' and 'Always Something Doing: Boston's Infamous Scollay Square', and how do these themes enhance our understanding of the area's historical significance?","Both books explore themes of urban development, social change, and the cultural vibrancy of Scollay Square. 'Scollay Square (MA)' focuses on the visual history and transformation of the area, showcasing its architectural evolution and public life, while 'Always Something Doing: Boston's Infamous Scollay Square' delves into the social interactions and the diverse communities that frequented the square, highlighting its role as a cultural hub. Together, they enhance our understanding of Scollay Square's historical significance by illustrating how its physical changes reflect broader social dynamics and the interplay between urban space and community identity.",relational,edge_multihop,,,,single,,"[12037, 30633]"
history_edge_069,history,"What themes related to the lives of the underclass in Victorian London are explored in both 'Victorian London Street Life in Historic Photographs' and 'London Labour and the London Poor', and how do they complement each other in depicting the social conditions of that era?","'Victorian London Street Life in Historic Photographs' focuses on the visual representation and personal stories of individuals from London's underclass, providing a vivid portrayal of their daily lives through photographs and profiles. In contrast, 'London Labour and the London Poor' offers a more comprehensive social investigation into the economic conditions and labor struggles faced by the poor in London during the same period. Together, these books complement each other by combining visual and narrative accounts with analytical insights, highlighting themes of poverty, social inequality, and the resilience of the underclass in Victorian society.",relational,edge_multihop,,,,single,,"[7795, 1290]"
history_edge_070,history,"How do both 'Invisible Romans' and 'Travel in the Ancient World' illustrate the daily experiences of common people in ancient Rome, particularly in relation to their travel and social interactions?","'Invisible Romans' provides a nuanced view of the everyday lives of the common people in ancient Rome, highlighting their social attitudes and experiences in various settings such as streets and arenas. In contrast, 'Travel in the Ancient World' focuses on the practical aspects of travel during the same period, detailing who traveled, why they traveled, and the accommodations they encountered. Together, these books complement each other by showing not only the social context of the common people but also how travel influenced their lives, interactions, and experiences in the broader Roman world.",descriptive,edge_multihop,,,,single,,"[9743, 15914]"
history_edge_071,history,What themes related to the evolution of political and cultural identity in Germany are explored in both 'The Cambridge Illustrated History of Germany' and 'The Medieval World: An Illustrated Atlas'?,"Both books explore the theme of political and cultural identity in Germany, with 'The Cambridge Illustrated History of Germany' providing a narrative on how historical events like the Reformation and the Thirty Years War shaped German identity over centuries, while 'The Medieval World: An Illustrated Atlas' offers insights into the cultural achievements and societal structures during the medieval period, which laid the groundwork for later developments in German history. Together, they illustrate how the medieval cultural landscape influenced the political transformations that followed, contributing to the ongoing questions of what it means to be German.",relational,edge_multihop,,,,single,,"[8452, 27210]"
history_edge_072,history,What themes related to the influence of religion on historical events are explored in both the National Geographic Almanac of World History and World Religions: The Great Faiths Explored and Explained?,"Both books explore the significant role that religion has played in shaping historical events and societies. The National Geographic Almanac of World History provides a chronological overview of key historical milestones, highlighting how various religions influenced political decisions, cultural developments, and social structures throughout different periods. Meanwhile, World Religions: The Great Faiths Explored and Explained delves deeper into the beliefs and practices of major world religions, illustrating how these faiths have impacted historical narratives and human behavior. Together, they offer a comprehensive understanding of the interplay between religion and history.",relational,edge_multihop,,,,single,,"[27214, 14180]"
history_edge_073,history,What themes related to the evolution of the Yankees' identity and fan culture are explored in both 'The Yankees in the Early 1960s' and 'The First Yankees Dynasty'?,"Both books explore the transformation of the Yankees' identity over time, highlighting how the team's success in the 1920s under Babe Ruth and Miller Huggins laid the groundwork for the franchise's cultural significance in the early 1960s. They discuss how the Yankees' achievements and star players contributed to a growing fan culture, with 'The First Yankees Dynasty' focusing on the early establishment of the team's legacy, while 'The Yankees in the Early 1960s' examines how that legacy influenced fan expectations and the team's performance during a pivotal decade.",relational,edge_multihop,,,,single,,"[15122, 15168]"
history_edge_074,history,What themes related to the artistic and historical significance of Brookgreen Gardens are explored in both 'Brookgreen Gardens (Images of America)' and 'Sculpture of Brookgreen Gardens (Images of America)'?,"Both books explore the themes of the artistic heritage and cultural importance of Brookgreen Gardens, highlighting the role of sculpture in reflecting the region's history and the significance of the gardens as a historical site. They also discuss the conservation efforts and the impact of the gardens on the local community, providing a comprehensive view of how art and nature intertwine in this unique setting.",relational,edge_multihop,,,,single,,"[12208, 12859]"
history_edge_075,history,What themes do both 'Northern Ireland: A Very Short Introduction' and 'Modern Ireland: 1600-1972' explore regarding the political and social complexities of Irish identity during the Troubles?,"Both books explore the themes of identity, conflict, and political division in Ireland, particularly focusing on how the historical context of the Troubles has shaped the perceptions and experiences of both Nationalists and Unionists. 'Northern Ireland: A Very Short Introduction' provides a concise overview of the ongoing tensions and the paradoxes of political developments post-ceasefires, while 'Modern Ireland: 1600-1972' offers a broader historical perspective that contextualizes these conflicts within the long history of Irish nationalism and unionism.",descriptive,edge_multihop,,,,single,,"[1830, 1146]"
history_edge_076,history,How do both 'The Judgment of the Nations' by Christopher Dawson and 'Continental Ambitions: Roman Catholics in North America: the Colonial Experience' by Kevin Starr explore the role of Catholicism in shaping cultural and national identities in their respective historical contexts?,"Both books examine the influence of Catholicism on cultural and national identities, with Dawson focusing on the broader historical implications of Catholic thought and culture in shaping nations, while Starr provides a specific analysis of how Catholicism was integral to the development of North America, particularly before the arrival of Protestant settlers. Together, they highlight the significance of Catholic contributions to the formation of societal values and identities in different historical settings.",descriptive,edge_multihop,,,,single,,"[19425, 35220]"
history_edge_077,history,"How do both 'Christian Spirituality: An Introduction' and 'Defending Constantine' explore the relationship between Christianity and political power, and what contrasting perspectives do they offer on the implications of Constantine's role in establishing Christianity within the Roman Empire?","'Christian Spirituality: An Introduction' provides a foundational understanding of Christian spirituality, emphasizing its development and significance within the broader context of Christian theology, which includes the interplay between faith and societal structures. In contrast, 'Defending Constantine' argues that Constantine's establishment of Christianity as the state religion was not merely a political maneuver but a genuine effort to create theological unity for political stability. While the former book focuses on the spiritual implications and the evolution of Christian thought, the latter challenges the notion that Constantine's actions were solely detrimental to the church, suggesting instead that they were part of a divine plan that shaped the future of Christianity. Together, they present a nuanced view of how Christianity interacts with political authority, highlighting both the spiritual dimensions of faith and the historical complexities of its institutionalization.",relational,edge_multihop,,,,single,,"[9164, 21393]"
history_edge_078,history,"How do both 'The New Cambridge Medieval History: Volume 1, c.500-c.700' and 'Europe in the High Middle Ages' address the evolution of societal structures in medieval Europe from the early to the high Middle Ages?","'The New Cambridge Medieval History: Volume 1, c.500-c.700' provides insights into the formative years of medieval Europe, focusing on the societal changes brought about by the barbarian invasions and the rise of new political entities, while 'Europe in the High Middle Ages' explores how these early developments laid the groundwork for more complex societal structures and interactions among various groups, including the emergence of feudalism and the impact of the church. Together, they illustrate a continuum of change in societal organization from the early medieval period through to the high Middle Ages, highlighting both continuity and transformation in European history.",descriptive,edge_multihop,,,,single,,"[26395, 1186]"
history_edge_079,history,What are the shared themes of air and ground warfare strategies as depicted in both 'Air Battle for Burma: Allied Pilots' Fight for Supremacy' and 'St L 1944: The Battle of the Hedgerows'?,"Both books explore the complexities of military strategy during World War II, highlighting how air superiority in 'Air Battle for Burma' influenced ground operations, while 'St L 1944' delves into the challenges faced by ground forces in overcoming fortified positions. Together, they illustrate the interconnectedness of air and ground tactics in achieving overall military objectives.",descriptive,edge_multihop,,,,single,,"[29268, 29103]"
history_edge_080,history,"What themes related to conservation and the impact of human activity on the Brooks Range are explored in both 'History of the Central Brooks Range: Gaunt Beauty, Tenuous Life' and 'Alaska's Brooks Range: The Ultimate Mountains'?","Both books explore the theme of conservation in the Brooks Range, highlighting the delicate balance between preserving its pristine wilderness and the impact of human activities. 'History of the Central Brooks Range: Gaunt Beauty, Tenuous Life' discusses the historical context of conservation efforts in the region, including the role of the National Park Service and the significance of protected areas. In contrast, 'Alaska's Brooks Range: The Ultimate Mountains' delves into the cultural and environmental extremes of the area, emphasizing the need for ongoing preservation efforts and the influence of human history on the landscape. Together, they provide a comprehensive view of the challenges and importance of conserving this unique wilderness.",relational,edge_multihop,,,,single,,"[33877, 24227]"
history_edge_081,history,What are the shared themes of technological innovation and military strategy as explored in both 'American Aircraft of World War II' and 'Tank: The Definitive Visual History of Armored Vehicles'?,"Both books explore the theme of technological innovation in military vehicles during World War II, highlighting how advancements in aircraft and armored vehicles influenced military strategy and outcomes. 'American Aircraft of World War II' details the development and operational use of American aircraft, while 'Tank: The Definitive Visual History of Armored Vehicles' provides insights into the evolution of tank design and their strategic roles in warfare. Together, they illustrate the interconnectedness of air and ground forces in achieving military objectives.",descriptive,edge_multihop,,,,single,,"[14989, 27960]"
history_edge_082,history,"How do both 'The Ear of the Heart' and 'Astrophysics for People in a Hurry' explore the theme of seeking a greater understanding of one's purpose, albeit through vastly different lenses of personal spirituality and scientific inquiry?","'The Ear of the Heart' delves into Mother Dolores Hart's personal journey of seeking fulfillment and understanding through her spiritual calling as a nun, emphasizing the importance of listening to one's heart and the transformative power of faith. In contrast, 'Astrophysics for People in a Hurry' presents a quest for knowledge and understanding of the universe through the lens of science, where Neil deGrasse Tyson simplifies complex astrophysical concepts to help readers grasp the fundamental nature of existence. Together, both books highlight the human desire to find meaning—one through spiritual devotion and the other through scientific exploration—demonstrating that the search for purpose can take many forms.",descriptive,edge_multihop,,,,single,,"[32531, 6814]"
history_edge_083,history,"What are the shared themes of social upheaval and displacement explored in both 'The Lowland Clearances' and 'The Highland Clearances', and how do they reflect the broader impact of land reform in Scotland during the 18th and 19th centuries?","Both 'The Lowland Clearances' by Peter Aitchison and 'The Highland Clearances' by John Prebble explore the themes of social upheaval and displacement resulting from land reform in Scotland. Aitchison discusses the economic and social transformations in the Lowlands, highlighting the impact on rural communities, while Prebble focuses on the Highland Clearances, detailing the forced evictions and cultural loss experienced by Highlanders. Together, they illustrate how these events were part of a larger pattern of land reform that reshaped Scottish society during the 18th and 19th centuries, emphasizing the profound consequences of these clearances on both Lowland and Highland populations.",descriptive,edge_multihop,,,,single,,"[36023, 1107]"
history_edge_084,history,What themes related to Scottish identity and cultural heritage are explored in both 'A Short History of Scotland' by Andrew Lang and 'Scotland: A Concise History' by Fitzroy Maclean and Magnus Linklater?,"Both books explore the theme of Scottish identity through the lens of historical events and cultural narratives. Lang's work delves into the folklore and traditions that shape Scotland's cultural heritage, while Maclean and Linklater provide a broader historical context that includes political developments and social changes. Together, they highlight how Scotland's rich tapestry of history and folklore contributes to its unique national identity.",relational,edge_multihop,,,,single,,"[29543, 7937]"
history_edge_085,history,What themes do both 'U.S. Experimental & Prototype Aircraft Projects: Fighters 1939-1945' and 'French Battleships of World War One' explore regarding the technological advancements and challenges faced in military aviation and naval warfare during their respective periods?,"Both books explore the theme of technological innovation in military design, highlighting how the development of experimental aircraft in the U.S. during World War II paralleled advancements in battleship technology in France during World War I. They discuss the challenges of wartime production and the impact of these innovations on military effectiveness, providing insights into how each nation's approach to aircraft and naval ship design reflected their strategic needs and industrial capabilities during their respective conflicts.",descriptive,edge_multihop,,,,single,,"[32146, 32945]"
history_edge_086,history,"How do both 'Catch Your Breath: God's Invitation to Sabbath Rest' and 'Celtic Spirituality' explore the concept of rest and spiritual renewal within their respective traditions, and what common themes do they share regarding the importance of these practices in fostering a deeper relationship with God?","Both books emphasize the significance of rest and spiritual renewal as essential components of a vibrant faith life. 'Catch Your Breath' discusses the biblical invitation to Sabbath rest as a means of reconnecting with God and finding peace amidst the chaos of modern life. In contrast, 'Celtic Spirituality' highlights the earthy and communal aspects of rest found in Celtic Christian practices, where nature and community play crucial roles in spiritual rejuvenation. Together, they share themes of intentionality in seeking rest and the transformative power of these practices in deepening one's relationship with the divine.",descriptive,edge_multihop,,,,single,,"[31200, 18283]"
history_edge_087,history,What shared themes of environmental degradation and the impact of human activity on the Florida Everglades are explored in both 'Everglades Patrol' and 'Totch: A Life in the Everglades'?,"'Everglades Patrol' discusses the consequences of political and flood-control engineering decisions that have led to water quality and wildlife degradation in the Everglades, while 'Totch: A Life in the Everglades' reflects on a way of life that is dying due to the encroachment of progress and modernization in the region. Both books highlight the tension between human activities, such as poaching and commercial fishing, and the preservation of the fragile Everglades ecosystem, emphasizing the shared theme of environmental degradation caused by human intervention.",descriptive,edge_multihop,,,,single,,"[19197, 19107]"
history_edge_088,history,What are the shared themes regarding the relevance of strategic thought to contemporary security challenges as discussed in both 'Strategy: Key Thinkers' and 'The Future of Strategy'?,"Both 'Strategy: Key Thinkers' and 'The Future of Strategy' explore the enduring relevance of strategic thought in addressing contemporary security challenges. They emphasize how strategic ideas influence state practices and the importance of understanding these concepts to navigate the complexities of modern warfare and security. While 'Strategy: Key Thinkers' provides a foundational examination of strategic thinkers and their ideas, 'The Future of Strategy' builds on these concepts by arguing for a general theory of strategy applicable across various contexts, highlighting the necessity of strategic insight in a rapidly changing world.",descriptive,edge_multihop,,,,single,,"[13948, 13954]"
history_edge_089,history,"What themes related to military strategy and organization do both 'A Wargamer's Guide to the Early Roman Empire' and 'Armies of the Italian Wars of Unification 184870' explore, and how do they reflect the evolution of warfare from the early Roman Empire to the Italian Wars of Unification?","Both books explore themes of military strategy and organization, highlighting how tactics and troop formations have evolved over time. 'A Wargamer's Guide to the Early Roman Empire' delves into the structured military hierarchy and battlefield strategies of the Roman legions, emphasizing their discipline and organization. In contrast, 'Armies of the Italian Wars of Unification' examines the military reforms and strategies employed during the 19th century, showcasing how the need for modernization and national unification influenced military organization. Together, these works illustrate the transition from ancient military practices to modern warfare, reflecting changes in technology, political structures, and societal needs.",relational,edge_multihop,,,,single,,"[29275, 29173]"
history_edge_090,history,What are the shared themes of military aviation development and operational history as explored in both 'US Military Helicopters' and 'Mikoyan MiG-19: Famous Russian Aircraft'?,"Both books explore the theme of military aviation development during the Cold War era, highlighting the technological advancements and operational capabilities of military aircraft. 'US Military Helicopters' focuses on the evolution and impact of American helicopters in various conflicts, while 'Mikoyan MiG-19' details the development and operational history of the Soviet Union's first supersonic fighter, illustrating how both nations sought to enhance their aerial combat capabilities through innovation and adaptation in response to each other's advancements.",descriptive,edge_multihop,,,,single,,"[29314, 39755]"
history_edge_091,history,"How do both 'The Illustrated Directory of Guns' and 'Firearms: An Illustrated History' explore the evolution of firearms, and what themes do they share regarding the cultural significance of these weapons throughout history?","Both 'The Illustrated Directory of Guns' and 'Firearms: An Illustrated History' delve into the evolution of firearms, highlighting their technological advancements and cultural significance. While Miller's book provides a collector's perspective with personal insights from his military experience, 'Firearms: An Illustrated History' offers a broader overview of the historical development of firearms across various cultures. Together, they emphasize themes of innovation in weaponry and the impact of firearms on society, illustrating how these tools have shaped historical events and cultural identities.",descriptive,edge_multihop,,,,single,,"[15010, 27936]"
history_edge_092,history,"How do both the Battle of Paoli and the Surprise of Germantown illustrate the theme of surprise attacks in the American Revolutionary War, and what contrasting outcomes do they present regarding American military strategy?","Both the Battle of Paoli and the Surprise of Germantown highlight the theme of surprise attacks as a critical element in military strategy during the American Revolutionary War. In the Battle of Paoli, the British forces under General Charles Grey executed a successful night attack that caught the American troops led by Anthony Wayne off guard, resulting in significant casualties and the creation of the 'Paoli Massacre' myth. Conversely, during the Surprise of Germantown, Wayne's division managed to turn the tables by achieving surprise against the British, leading to a victorious charge through the fog despite initial setbacks. This contrasting outcome emphasizes how the element of surprise can lead to both devastating losses and significant victories, reflecting the evolving military strategies of the American forces.",descriptive,edge_multihop,,,,single,,"[18507, 24898]"
history_edge_093,history,"What themes do both 'A Gallant Defense: The Siege of Charleston, 1780' and 'South Carolina And the American Revolution: A Battlefield History' explore regarding the impact of the American Revolution on South Carolina's military and civilian life?","Both books explore the significant impact of the American Revolution on South Carolina, particularly focusing on military engagements and their effects on civilian life. 'A Gallant Defense' delves into the specifics of the Siege of Charleston, highlighting the strategic military decisions and the experiences of soldiers and civilians during the siege. In contrast, 'South Carolina And the American Revolution' provides a broader overview of various battles in the region, emphasizing how these conflicts shaped the social and political landscape of South Carolina. Together, they illustrate the intertwined nature of military actions and civilian experiences during this tumultuous period.",descriptive,edge_multihop,,,,single,,"[31620, 31621]"
history_edge_094,history,How do both 'New Orleans Vampires: History and Legend' and the 'DK Eyewitness Travel Guide New Orleans' explore the cultural significance of New Orleans' supernatural legends and their impact on the city's tourism?,"Both books delve into the rich tapestry of New Orleans' supernatural legends, with 'New Orleans Vampires: History and Legend' focusing on the historical and mythical narratives surrounding vampires in the city, illustrating how these stories contribute to the local culture and identity. In contrast, the 'DK Eyewitness Travel Guide New Orleans' highlights how these legends, including vampire lore, attract tourists and enhance the city's appeal as a travel destination, providing practical information for visitors interested in exploring these themes. Together, they showcase the interplay between local folklore and tourism, emphasizing how the supernatural elements of New Orleans are both a cultural heritage and a significant draw for visitors.",descriptive,edge_multihop,,,,single,,"[28653, 27957]"
history_edge_095,history,"What themes related to the cultural and historical experiences of the Pueblo Indians are explored in both 'Explorers in Eden: Pueblo Indians And the Promised Land' and 'Native Peoples of the Southwest', and how do these themes enhance our understanding of the Pueblo's contemporary issues and historical context?","Both 'Explorers in Eden' and 'Native Peoples of the Southwest' explore themes of identity, cultural resilience, and the impact of external influences on the Pueblo Indians. 'Explorers in Eden' provides a historical perspective on the Pueblo's interactions with explorers and settlers, emphasizing their quest for autonomy and cultural preservation. In contrast, 'Native Peoples of the Southwest' offers contemporary narratives that highlight ongoing issues such as reservation gambling and the repatriation of sacred objects, illustrating how historical experiences shape present-day challenges. Together, these books enhance our understanding of the Pueblo's journey by connecting their historical struggles for recognition and rights with current cultural and social dynamics.",relational,edge_multihop,,,,single,,"[21185, 21124]"
history_edge_096,history,"What themes related to survival and self-defense are explored in both 'Breath of the Dragon: Homebuilt Flamethrowers' and 'Switchblade: The Ace Of Blades', and how do they complement each other in discussing the tools and techniques for personal protection?","Both books explore themes of survival and self-defense by detailing various weapons and their practical applications in emergency situations. 'Breath of the Dragon' focuses on the construction and use of flamethrowers as a means of defense and survival, while 'Switchblade' delves into the tactical advantages and uses of switchblades in personal protection scenarios. Together, they provide a comprehensive view of unconventional weapons and strategies for self-defense, highlighting the importance of preparedness and adaptability in survival situations.",relational,edge_multihop,,,,single,,"[22826, 22818]"
history_edge_097,history,"How do both Eliade's exploration of the themes of Creation and Time in 'Symbolism, the Sacred, and the Arts' and Idel's analysis of Eliade's work in 'Mircea Eliade: From Magic to Myth' provide complementary insights into the understanding of the Sacred in human history?","Eliade's 'Symbolism, the Sacred, and the Arts' delves deeply into the themes of Creation and Time, illustrating how these concepts shape the human experience of the Sacred across various cultures. In contrast, Idel's 'Mircea Eliade: From Magic to Myth' offers a critical examination of Eliade's ideas, contextualizing them within the broader scope of Jewish thought and spirituality. Together, these works provide a multifaceted view of how the Sacred is perceived and represented, with Eliade's original themes being enriched and challenged by Idel's scholarly perspective.",descriptive,edge_multihop,,,,single,,"[21237, 27271]"
history_edge_098,history,"What shared themes do both 'Daily Life in Immigrant America, 1820–1870' by Bergquist and 'Coming to America: A History of Immigration and Ethnicity in American Life' by Daniels explore regarding the immigrant experience in the United States?","Both books explore the theme of the immigrant experience in the United States, focusing on the challenges and adaptations faced by immigrants as they settled into American society. Bergquist emphasizes the individual stories of immigrants during the early waves of immigration, particularly highlighting the German and Irish experiences, while Daniels provides a broader historical context that includes various ethnic groups and their contributions to American life. Together, they illustrate the complexities of immigration, including the social, cultural, and economic impacts of diverse immigrant populations throughout different historical periods.",descriptive,edge_multihop,,,,single,,"[31461, 382]"
history_edge_099,history,"How do both 'The Hindus: An Alternative History' and 'Ivory Throne: Chronicles of the House of Travancore' explore the theme of cultural diversity in India, and what contrasting perspectives do they offer on the representation of various communities within that diversity?","'The Hindus: An Alternative History' by Wendy Doniger emphasizes the pluralistic and inclusive nature of Hindu culture, highlighting the contributions of women, lower castes, and various local communities to the rich tapestry of Indian storytelling and traditions. In contrast, 'Ivory Throne: Chronicles of the House of Travancore' by Manu S. Pillai focuses on the specific historical narrative of the Travancore royal family, which, while also acknowledging the diverse cultural influences in Kerala, may present a more centralized view of power and governance within a specific region. Together, these books provide a broader understanding of India's cultural diversity by juxtaposing the inclusive narrative of Hinduism with the more localized historical account of a royal lineage, illustrating how different perspectives can shape our understanding of the same overarching theme.",descriptive,edge_multihop,,,,single,,"[1554, 40898]"
history_sh_083,history,What is Christopher G. Pena's professional background besides being an author?,"Christopher G. Pena is an Assistant Professor of Nursing at Nicholls State University and a registered nurse at Thibodaux Regional Medical Center in Thibodaux, Louisiana.",descriptive,single_specific,25449.0,,Touched By War: Battles Fought in the Lafourche District [As printed on the back jacket of the book],single,,
history_sh_084,history,Who is one of the esteemed wargaming experts mentioned in the text?,Richard Bodley Scott is one of the esteemed wargaming experts mentioned.,relational,single_specific,37658.0,,"Swords and Scimitars: Field of Glory The Crusades Army List Written by esteemed wargaming experts, i",single,,
history_sh_085,history,How does Vera Shevzov's book challenge modern scholarship regarding the relationship between popular and official religion in pre-revolutionary Russia?,"Shevzov argues that 'lived religion' in pre-revolutionary Russia was both 'popular' and 'official,' providing a corrective to the tendency in modern scholarship to contrast and oppose these two aspects.",relational,single_specific,2373.0,,"Russian Orthodoxy on the Eve of Revolution ""An important work for all collections""--Choice""Vera Shev",single,,
history_sh_086,history,What unique perspective does 'Swords and Swordsmen' provide regarding the evolution of swords?,"The book investigates both the technical aspects and the societal motivations behind sword evolution, presenting swords through the eyes of prominent historical figures who used them.",descriptive,single_specific,30282.0,,"Swords and Swordsmen For anyone interested in Military History, this is a fascinating book.Well illu",single,,
history_sh_087,history,What roles has Eugene H. Ware held in relation to Presque Isle State Park?,Eugene H. Ware is the vice president of the Friends of the Tom Ridge Environmental Center and a past president of the Presque Isle Partnership.,descriptive,single_specific,13070.0,,"Presque Isle State Park (Images of America) Eugene H. Ware, a financial consultant with a love of Pr",single,,
history_sh_088,history,What limitation does Maracin's account have regarding the information presented about the Nazi Party's key players?,"Maracin fails to provide any new information or perspective on the key players of the Nazi Party, and his analysis is often described as superficial.",descriptive,single_specific,33090.0,,The Night of the Long Knives: Forty-Eight Hours That Changed the History of the World Hitler's June ,single,,
history_sh_089,history,What is one of the roles held by Robert Hodgson Jr. as mentioned in the text?,Robert Hodgson Jr. is the Dean of the American Bible Society Nida Institute for Biblical Scholarship.,descriptive,single_specific,33698.0,,"Nag Hammadi, Gnosticism, and Early Christianity: Charles W. Hedrick is Distinguished Professor Emeri",single,,
history_sh_090,history,What methods did the United States employ in its conflict with the Barbary pirates?,"The United States resorted to naval blockades, covert operations, night raids, amphibious assaults, brute force, attempted regime change, employment of mercenary forces, and even betrayal of a trusted ally.",descriptive,single_specific,7734.0,,Victory in Tripoli: How America's War with the Barbary Pirates Established the U.S. Navy and Shaped ,single,,
history_sh_091,history,What is the focus of the book 'Dragon Master' by Robert E. Whittaker?,"The book focuses on the early history of military aviation in China, specifically highlighting the Kaiser's one-man air force in Tsingtau during 1914.",descriptive,single_specific,25306.0,,"Dragon Master : the Kaiser's one-man air force in Tsingtau, China, 1914 : a non-fiction book of mili",single,,
history_sh_092,history,What types of writings has Ralph D. Sawyer produced in addition to his analytical works?,"In addition to his analytical writings, Ralph D. Sawyer has produced highly praised translations of several significant texts, including the Seven Military Classics of Ancient China and Sun Tzu's Art of War.",categorical,single_specific,30498.0,,Lever of Power: Military Deception in China and the West Ralph D. Sawyer is a historical scholar and,single,,
history_sh_093,history,Who trained Ben Hatfield to use the large Fairchild F-56 wide-angle lens camera?,"Ben Hatfield was trained by his father, Adrian Hatfield, to record the birds-eye view with the camera.",relational,single_specific,12324.0,,"Over Time: Palo Alto, 1947-1980 (General History: California) This photographic adventure is narrate",single,,
history_sh_094,history,What was the situation that Teeda and her family faced after the Khmer Rouge takeover in 1975?,"Teeda and her family were driven from Phnom Penh into the countryside, experiencing a terrifying and slavelike existence.",descriptive,single_specific,6287.0,,"To Destroy You Is No Loss With the Khmer Rouge takeover in 1975, 15-year-old Teeda and 15 members of",single,,
history_sh_095,history,What is Peter Nabokov's academic position and where does he teach?,Peter Nabokov is a professor of American Indian Studies and World Arts and Cultures at UCLA.,descriptive,single_specific,1474.0,,Where the Lightning Strikes: The Lives of American Indian Sacred Places Inspired and highly informat,single,,
history_sh_096,history,What role did Jim Bryant hold at Shenandoah University before becoming an associate professor of history?,Jim Bryant served as the history department chair for five years before becoming an associate professor of history at Shenandoah University.,descriptive,single_specific,33519.0,,The Battle of Fredericksburg:: We Cannot Escape History (Civil War Series) Jim Bryant is an associat,single,,
history_sh_097,history,What technology was used to convert the volume to JPG 2000 format?,The volume was converted to JPG 2000 format by Kirtas Technologies.,descriptive,single_specific,18397.0,,Mountains and Molehills (Classics of the Old West) Originally published in 1855. This volume from th,single,,
history_sh_098,history,How did Washington's involvement with agriculture manifest during his time as a leader?,"Washington frequently communicated with the manager of his Mount Vernon estate, providing detailed instructions and expecting prompt replies, even while he was engaged in the Revolution and governing the nation.",descriptive,single_specific,4990.0,,"Founding Gardeners: The Revolutionary Generation, Nature, and the Shaping of the American Nation Not",single,,
history_sh_099,history,How does the book organize the information about the Colorado mountain railroads?,"The book organizes the information in alphabetical order, covering each operating railroad from the Allen Coal Company to the Wasatch & Jordan Valley.",descriptive,single_specific,24374.0,,Colorado's Mountain Railroads This Revised Edition is a completely updated book from the original 5 ,single,,
