Task_Idx,Node_Idx,Edge_Idx,Text_Idx,task_type,KL,Top1,Top3,Cosine,Accuracy,F1,MAE,MSE,R2,Primary_Metric,Primary_Value,Performance_Band,normalized_score,number_of_nodes,avg_text_length,text_vocab_entropy,label_balance_entropy,output_dimension,run_split,degenerate,Predicted_Value,True_Value,sample_idx
M1,N7,E10b,T12a,categorical,3.724308729171753,0.1598639455782313,0.2755102040816326,0.16600582003593445,0.1598639455782313,,,,,accuracy,0.1598639455782313,,15.98639455782313,980,68.618,7.296330850432761,3.2739408258425513,47,train,False,,,0
M1,N7,E10b,T12a,categorical,3.7067172527313232,0.19865319865319866,0.2828282828282828,0.16913515329360962,0.19865319865319866,,,,,accuracy,0.19865319865319866,,19.865319865319865,988,71.171,7.292496147374388,3.2389935699073416,47,train,False,,,1
M1,N7,E10b,T12a,categorical,3.6781563758850098,0.1919191919191919,0.3434343434343434,0.1746199131011963,0.1919191919191919,,,,,accuracy,0.1919191919191919,,19.19191919191919,990,70.979,7.312019931721841,3.1935219765300435,47,train,False,,,2
M1,N7,E10b,T12a,categorical,3.7414402961730957,0.18456375838926176,0.2751677852348993,0.16330529749393463,0.18456375838926176,,,,,accuracy,0.18456375838926176,,18.456375838926174,993,66.069,7.314504909369051,3.2544080451755177,47,train,False,,,3
M1,N7,E10b,T12a,categorical,3.7190499305725098,0.17785234899328858,0.28523489932885904,0.16719752550125122,0.17785234899328858,,,,,accuracy,0.17785234899328858,,17.78523489932886,991,69.446,7.3256473128846515,3.2935284891155434,47,train,False,,,4
M1,N7,E10b,T12a,categorical,3.678406238555908,0.14429530201342283,0.32550335570469796,0.1742665022611618,0.14429530201342283,,,,,accuracy,0.14429530201342283,,14.429530201342283,992,68.552,7.281902291794099,3.251455148566704,47,train,False,,,5
M1,N7,E10b,T12a,categorical,3.6401665210723877,0.20469798657718122,0.35570469798657717,0.18277384340763092,0.20469798657718122,,,,,accuracy,0.20469798657718122,,20.469798657718123,991,71.512,7.298147136286968,3.207844303730446,47,train,False,,,6
M1,N7,E10b,T12a,categorical,3.719862937927246,0.18394648829431437,0.28762541806020064,0.16789542138576508,0.18394648829431437,,,,,accuracy,0.18394648829431437,,18.394648829431436,994,68.508,7.314719743127351,3.2462722698526933,47,train,False,,,7
M1,N7,E10b,T12a,categorical,3.7041494846343994,0.18305084745762712,0.29491525423728815,0.17052319645881653,0.18305084745762712,,,,,accuracy,0.18305084745762712,,18.305084745762713,983,72.413,7.326899384876668,3.243668031903528,47,train,False,,,8
M1,N7,E10b,T12a,categorical,3.7224631309509277,0.16161616161616163,0.3468013468013468,0.1663854569196701,0.16161616161616163,,,,,accuracy,0.16161616161616163,,16.161616161616163,988,70.539,7.2580545347946535,3.245103941995742,47,train,False,,,9
M1,N7,E10b,T12a,categorical,3.7254977226257324,0.15878378378378377,0.3344594594594595,0.16570183634757996,0.15878378378378377,,,,,accuracy,0.15878378378378377,,15.878378378378377,985,66.37,7.295705287832417,3.257308847405288,47,train,False,,,10
M1,N7,E10b,T12a,categorical,3.725055694580078,0.14046822742474915,0.31438127090301005,0.1658688187599182,0.14046822742474915,,,,,accuracy,0.14046822742474915,,14.046822742474916,994,70.931,7.283467574092641,3.2800252005292236,47,train,False,,,11
M1,N7,E10b,T12a,categorical,3.7038965225219727,0.1750841750841751,0.3333333333333333,0.16999216377735138,0.1750841750841751,,,,,accuracy,0.1750841750841751,,17.50841750841751,989,67.395,7.305941711264974,3.2794522304742943,47,train,False,,,12
M1,N7,E10b,T12a,categorical,3.6419291496276855,0.20202020202020202,0.3265993265993266,0.18307814002037048,0.20202020202020202,,,,,accuracy,0.20202020202020202,,20.2020202020202,989,70.873,7.293641907238109,3.2451740340183672,47,train,False,,,13
M1,N7,E10b,T12a,categorical,3.685152292251587,0.16835016835016836,0.30303030303030304,0.17336244881153107,0.16835016835016836,,,,,accuracy,0.16835016835016836,,16.835016835016837,989,71.341,7.305902455955991,3.2497482123650405,47,train,False,,,14
M1,N7,E10b,T12a,categorical,3.704068183898926,0.18729096989966554,0.36789297658862874,0.17014184594154358,0.18729096989966554,,,,,accuracy,0.18729096989966554,,18.729096989966553,994,74.068,7.277833203039909,3.2084541655803873,47,train,False,,,15
M1,N7,E10b,T12a,categorical,3.7215628623962402,0.18181818181818182,0.25925925925925924,0.1667788177728653,0.18181818181818182,,,,,accuracy,0.18181818181818182,,18.181818181818183,988,70.003,7.290232696506256,3.204264302447317,47,train,False,,,16
M1,N7,E10b,T12a,categorical,3.6846625804901123,0.18729096989966554,0.3010033444816054,0.17411507666110992,0.18729096989966554,,,,,accuracy,0.18729096989966554,,18.729096989966553,994,71.694,7.284695760161748,3.2208256704956977,47,train,False,,,17
M1,N7,E10b,T12a,categorical,3.7138288021087646,0.16387959866220736,0.3311036789297659,0.16835768520832062,0.16387959866220736,,,,,accuracy,0.16387959866220736,,16.387959866220736,995,67.332,7.3005294525050894,3.2393147301183753,47,train,False,,,18
M1,N7,E10b,T12a,categorical,3.7094178199768066,0.14093959731543623,0.2986577181208054,0.16881868243217468,0.14093959731543623,,,,,accuracy,0.14093959731543623,,14.093959731543624,992,66.115,7.3090719560105,3.2665922843004753,47,train,False,,,19
M1,N7,E10b,T12a,categorical,3.677149534225464,0.18456375838926176,0.37919463087248323,0.17450182139873505,0.18456375838926176,,,,,accuracy,0.18456375838926176,,18.456375838926174,991,62.532,7.332078652862888,3.2726240111216547,47,test,False,,,0
M1,N7,E10b,T12a,categorical,3.7195544242858887,0.174496644295302,0.2986577181208054,0.16691535711288452,0.174496644295302,,,,,accuracy,0.174496644295302,,17.449664429530202,992,62.086,7.306993971403129,3.3084195641707748,47,test,False,,,1
M1,N7,E10b,T12a,categorical,3.7254257202148438,0.16271186440677965,0.34915254237288135,0.16615238785743713,0.16271186440677965,,,,,accuracy,0.16271186440677965,,16.271186440677965,983,67.977,7.306595945058938,3.2653574286538327,47,test,False,,,2
M1,N7,E10b,T12a,categorical,3.748420000076294,0.2053872053872054,0.2760942760942761,0.16175253689289093,0.2053872053872054,,,,,accuracy,0.2053872053872054,,20.53872053872054,988,64.281,7.309495416164804,3.253379173093666,47,test,False,,,3
M1,N7,E10b,T12a,categorical,3.6699886322021484,0.21140939597315436,0.3087248322147651,0.17627064883708954,0.21140939597315436,,,,,accuracy,0.21140939597315436,,21.140939597315437,991,64.207,7.302092825266744,3.2737854132985538,47,test,False,,,4
M1,N7,E10b,T12a,categorical,3.7418220043182373,0.18855218855218855,0.3400673400673401,0.16272389888763428,0.18855218855218855,,,,,accuracy,0.18855218855218855,,18.855218855218855,989,64.546,7.322863100377273,3.2861798848086297,47,test,False,,,5
M1,N7,E10b,T12a,categorical,3.710653305053711,0.23076923076923078,0.35451505016722407,0.16837777197360992,0.23076923076923078,,,,,accuracy,0.23076923076923078,,23.076923076923077,994,65.691,7.317730497123874,3.2644918555047315,47,test,False,,,6
M1,N7,E10b,T12a,categorical,3.733242988586426,0.17391304347826086,0.28762541806020064,0.16480150818824768,0.17391304347826086,,,,,accuracy,0.17391304347826086,,17.391304347826086,994,60.124,7.333537299979956,3.2574911900866543,47,test,False,,,7
M1,N7,E10b,T12a,categorical,3.7184066772460938,0.17114093959731544,0.23154362416107382,0.1672012060880661,0.17114093959731544,,,,,accuracy,0.17114093959731544,,17.114093959731544,993,65.32,7.298746403656999,3.252009771792051,47,test,False,,,8
M1,N7,E10b,T12a,categorical,3.668612241744995,0.19463087248322147,0.33221476510067116,0.1766035109758377,0.19463087248322147,,,,,accuracy,0.19463087248322147,,19.463087248322147,991,66.861,7.298545757592144,3.2153044629509373,47,test,False,,,9
M1,N7,E10b,T12a,categorical,3.7287776470184326,0.15384615384615385,0.2709030100334448,0.1663735955953598,0.15384615384615385,,,,,accuracy,0.15384615384615385,,15.384615384615385,995,67.775,7.317506636946337,3.2769379984210487,47,test,False,,,10
M1,N7,E10b,T12a,categorical,3.656846046447754,0.1919191919191919,0.3501683501683502,0.17990946769714355,0.1919191919191919,,,,,accuracy,0.1919191919191919,,19.19191919191919,987,69.185,7.324500285428739,3.2465157497320907,47,test,False,,,11
M1,N7,E10b,T12a,categorical,3.6943955421447754,0.1705685618729097,0.28762541806020064,0.17126162350177765,0.1705685618729097,,,,,accuracy,0.1705685618729097,,17.05685618729097,994,64.57,7.334445227049822,3.2215906144680275,47,test,False,,,12
M1,N7,E10b,T12a,categorical,3.703827142715454,0.21476510067114093,0.2986577181208054,0.1704564243555069,0.21476510067114093,,,,,accuracy,0.21476510067114093,,21.476510067114095,993,69.408,7.32132158050314,3.216517276663676,47,test,False,,,13
M1,N7,E10b,T12a,categorical,3.646162509918213,0.15932203389830507,0.31186440677966104,0.18095871806144714,0.15932203389830507,,,,,accuracy,0.15932203389830507,,15.932203389830507,982,70.705,7.327247184250992,3.2003396288204673,47,test,False,,,14
M1,N7,E10b,T12a,categorical,3.7111942768096924,0.11371237458193979,0.2140468227424749,0.1685451716184616,0.11371237458193979,,,,,accuracy,0.11371237458193979,,11.37123745819398,994,66.402,7.321069320564622,3.259583698783651,47,test,False,,,15
M1,N7,E10b,T12a,categorical,3.7000885009765625,0.13087248322147652,0.29194630872483224,0.17023499310016632,0.13087248322147652,,,,,accuracy,0.13087248322147652,,13.087248322147651,991,67.263,7.288997650391316,3.2668929763554657,47,test,False,,,16
M1,N7,E10b,T12a,categorical,3.7092366218566895,0.12794612794612795,0.2962962962962963,0.16871385276317596,0.12794612794612795,,,,,accuracy,0.12794612794612795,,12.794612794612794,987,62.442,7.3496820159982095,3.2677510181406584,47,test,False,,,17
M1,N7,E10b,T12a,categorical,3.696424722671509,0.1717171717171717,0.2558922558922559,0.1717326045036316,0.1717171717171717,,,,,accuracy,0.1717171717171717,,17.17171717171717,989,68.508,7.30801922284512,3.242945814542308,47,test,False,,,18
M1,N7,E10b,T12a,categorical,3.7272772789001465,0.19528619528619529,0.2760942760942761,0.16495239734649658,0.19528619528619529,,,,,accuracy,0.19528619528619529,,19.52861952861953,988,66.731,7.322616922144395,3.2844556324097116,47,test,False,,,19
M1,N7,E10b,T12b,categorical,3.745758295059204,0.16326530612244897,0.2687074829931973,0.1625487506389618,0.16326530612244897,,,,,accuracy,0.16326530612244897,,16.3265306122449,980,15.936,7.493965271091904,3.2739408258425513,47,train,False,,,0
M1,N7,E10b,T12b,categorical,3.7047483921051025,0.19865319865319866,0.32996632996632996,0.1698293387889862,0.19865319865319866,,,,,accuracy,0.19865319865319866,,19.865319865319865,988,16.595,7.549472420585582,3.2389935699073416,47,train,False,,,1
M1,N7,E10b,T12b,categorical,3.7289109230041504,0.1919191919191919,0.3939393939393939,0.16560009121894836,0.1919191919191919,,,,,accuracy,0.1919191919191919,,19.19191919191919,990,15.997,7.518117797981741,3.1935219765300435,47,train,False,,,2
M1,N7,E10b,T12b,categorical,3.7184619903564453,0.18456375838926176,0.2785234899328859,0.16787269711494446,0.18456375838926176,,,,,accuracy,0.18456375838926176,,18.456375838926174,993,15.976,7.532051806037881,3.2544080451755177,47,train,False,,,3
M1,N7,E10b,T12b,categorical,3.7053229808807373,0.17785234899328858,0.2751677852348993,0.17004327476024628,0.17785234899328858,,,,,accuracy,0.17785234899328858,,17.78523489932886,991,15.526,7.530021364612626,3.2935284891155434,47,train,False,,,4
M1,N7,E10b,T12b,categorical,3.681323528289795,0.14429530201342283,0.3053691275167785,0.1729055792093277,0.14429530201342283,,,,,accuracy,0.14429530201342283,,14.429530201342283,992,16.107,7.524790897639155,3.251455148566704,47,train,False,,,5
M1,N7,E10b,T12b,categorical,3.702033281326294,0.20469798657718122,0.3422818791946309,0.17053565382957458,0.20469798657718122,,,,,accuracy,0.20469798657718122,,20.469798657718123,991,15.908,7.504946637832015,3.207844303730446,47,train,False,,,6
M1,N7,E10b,T12b,categorical,3.6918692588806152,0.18394648829431437,0.29431438127090304,0.17358115315437317,0.18394648829431437,,,,,accuracy,0.18394648829431437,,18.394648829431436,994,15.893,7.5261571137870575,3.2462722698526933,47,train,False,,,7
M1,N7,E10b,T12b,categorical,3.7344977855682373,0.18305084745762712,0.29152542372881357,0.1646510362625122,0.18305084745762712,,,,,accuracy,0.18305084745762712,,18.305084745762713,983,16.156,7.506967720286163,3.243668031903528,47,train,False,,,8
M1,N7,E10b,T12b,categorical,3.720505475997925,0.16161616161616163,0.29292929292929293,0.1669689118862152,0.16161616161616163,,,,,accuracy,0.16161616161616163,,16.161616161616163,988,15.641,7.5027469393445525,3.245103941995742,47,train,False,,,9
M1,N7,E10b,T12b,categorical,3.7166097164154053,0.19594594594594594,0.28716216216216217,0.16807498037815094,0.19594594594594594,,,,,accuracy,0.19594594594594594,,19.594594594594593,985,15.533,7.522728107683539,3.257308847405288,47,train,False,,,10
M1,N7,E10b,T12b,categorical,3.7002410888671875,0.14046822742474915,0.27424749163879597,0.17169888317584991,0.14046822742474915,,,,,accuracy,0.14046822742474915,,14.046822742474916,994,15.936,7.48126438751053,3.2800252005292236,47,train,False,,,11
M1,N7,E10b,T12b,categorical,3.695514678955078,0.2356902356902357,0.32323232323232326,0.17086753249168396,0.2356902356902357,,,,,accuracy,0.2356902356902357,,23.56902356902357,989,16.249,7.510630184561512,3.2794522304742943,47,train,False,,,12
M1,N7,E10b,T12b,categorical,3.6709961891174316,0.20202020202020202,0.3400673400673401,0.17665868997573853,0.20202020202020202,,,,,accuracy,0.20202020202020202,,20.2020202020202,989,16.417,7.4783681557855655,3.2451740340183672,47,train,False,,,13
M1,N7,E10b,T12b,categorical,3.692610502243042,0.16835016835016836,0.32323232323232326,0.17161285877227783,0.16835016835016836,,,,,accuracy,0.16835016835016836,,16.835016835016837,989,16.641,7.496467471520985,3.2497482123650405,47,train,False,,,14
M1,N7,E10b,T12b,categorical,3.6625683307647705,0.18729096989966554,0.3010033444816054,0.17763417959213257,0.18729096989966554,,,,,accuracy,0.18729096989966554,,18.729096989966553,994,16.164,7.5135092897161435,3.2084541655803873,47,train,False,,,15
M1,N7,E10b,T12b,categorical,3.6934120655059814,0.18181818181818182,0.3367003367003367,0.17174267768859863,0.18181818181818182,,,,,accuracy,0.18181818181818182,,18.181818181818183,988,16.195,7.514021265286967,3.204264302447317,47,train,False,,,16
M1,N7,E10b,T12b,categorical,3.678156852722168,0.18729096989966554,0.34782608695652173,0.17493070662021637,0.18729096989966554,,,,,accuracy,0.18729096989966554,,18.729096989966553,994,16.333,7.483065424982576,3.2208256704956977,47,train,False,,,17
M1,N7,E10b,T12b,categorical,3.7370107173919678,0.16387959866220736,0.35451505016722407,0.16374506056308746,0.16387959866220736,,,,,accuracy,0.16387959866220736,,16.387959866220736,995,15.663,7.499943179839269,3.2393147301183753,47,train,False,,,18
M1,N7,E10b,T12b,categorical,3.7081668376922607,0.14093959731543623,0.28859060402684567,0.16884905099868774,0.14093959731543623,,,,,accuracy,0.14093959731543623,,14.093959731543624,992,16.411,7.5001724198577975,3.2665922843004753,47,train,False,,,19
M1,N7,E10b,T12b,categorical,3.708190441131592,0.09395973154362416,0.3288590604026846,0.16864816844463348,0.09395973154362416,,,,,accuracy,0.09395973154362416,,9.395973154362416,991,16.112,7.530753347560701,3.2726240111216547,47,test,False,,,0
M1,N7,E10b,T12b,categorical,3.7181010246276855,0.18456375838926176,0.32550335570469796,0.16799022257328033,0.18456375838926176,,,,,accuracy,0.18456375838926176,,18.456375838926174,992,15.494,7.529993476345614,3.3084195641707748,47,test,False,,,1
M1,N7,E10b,T12b,categorical,3.7353250980377197,0.16271186440677965,0.24745762711864408,0.16425375640392303,0.16271186440677965,,,,,accuracy,0.16271186440677965,,16.271186440677965,983,15.821,7.514162288231781,3.2653574286538327,47,test,False,,,2
M1,N7,E10b,T12b,categorical,3.7293694019317627,0.13804713804713806,0.28619528619528617,0.16513076424598694,0.13804713804713806,,,,,accuracy,0.13804713804713806,,13.804713804713806,988,15.876,7.504941832012794,3.253379173093666,47,test,False,,,3
M1,N7,E10b,T12b,categorical,3.6922287940979004,0.21140939597315436,0.33557046979865773,0.17228417098522186,0.21140939597315436,,,,,accuracy,0.21140939597315436,,21.140939597315437,991,15.554,7.518404823962775,3.2737854132985538,47,test,False,,,4
M1,N7,E10b,T12b,categorical,3.694864511489868,0.18518518518518517,0.2996632996632997,0.17206957936286926,0.18518518518518517,,,,,accuracy,0.18518518518518517,,18.51851851851852,989,15.508,7.517523972497633,3.2861798848086297,47,test,False,,,5
M1,N7,E10b,T12b,categorical,3.675520896911621,0.17725752508361203,0.34448160535117056,0.17566999793052673,0.17725752508361203,,,,,accuracy,0.17725752508361203,,17.725752508361204,994,15.137,7.544975984300849,3.2644918555047315,47,test,False,,,6
M1,N7,E10b,T12b,categorical,3.681053638458252,0.17391304347826086,0.3779264214046823,0.17448848485946655,0.17391304347826086,,,,,accuracy,0.17391304347826086,,17.391304347826086,994,15.455,7.550936336080205,3.2574911900866543,47,test,False,,,7
M1,N7,E10b,T12b,categorical,3.7057318687438965,0.17114093959731544,0.32550335570469796,0.1696041077375412,0.17114093959731544,,,,,accuracy,0.17114093959731544,,17.114093959731544,993,15.748,7.487138739355764,3.252009771792051,47,test,False,,,8
M1,N7,E10b,T12b,categorical,3.663059711456299,0.19463087248322147,0.3087248322147651,0.17927923798561096,0.19463087248322147,,,,,accuracy,0.19463087248322147,,19.463087248322147,991,15.089,7.519481216841852,3.2153044629509373,47,test,False,,,9
M1,N7,E10b,T12b,categorical,3.7339508533477783,0.15719063545150502,0.2809364548494983,0.1645081490278244,0.15719063545150502,,,,,accuracy,0.15719063545150502,,15.719063545150503,995,15.468,7.509217749488538,3.2769379984210487,47,test,False,,,10
M1,N7,E10b,T12b,categorical,3.7246503829956055,0.19865319865319866,0.2962962962962963,0.16573664546012878,0.19865319865319866,,,,,accuracy,0.19865319865319866,,19.865319865319865,987,15.536,7.535802277782723,3.2465157497320907,47,test,False,,,11
M1,N7,E10b,T12b,categorical,3.7554543018341064,0.1705685618729097,0.3010033444816054,0.16068314015865326,0.1705685618729097,,,,,accuracy,0.1705685618729097,,17.05685618729097,994,15.348,7.5260117044301795,3.2215906144680275,47,test,False,,,12
M1,N7,E10b,T12b,categorical,3.685659170150757,0.21476510067114093,0.30201342281879195,0.17446081340312958,0.21476510067114093,,,,,accuracy,0.21476510067114093,,21.476510067114095,993,15.66,7.552725209685217,3.216517276663676,47,test,False,,,13
M1,N7,E10b,T12b,categorical,3.7322030067443848,0.2305084745762712,0.31186440677966104,0.1643720418214798,0.2305084745762712,,,,,accuracy,0.2305084745762712,,23.050847457627118,982,16.25,7.558817396189369,3.2003396288204673,47,test,False,,,14
M1,N7,E10b,T12b,categorical,3.7344489097595215,0.22073578595317725,0.2909698996655518,0.16386643052101135,0.22073578595317725,,,,,accuracy,0.22073578595317725,,22.073578595317723,994,15.878,7.53676900419063,3.259583698783651,47,test,False,,,15
M1,N7,E10b,T12b,categorical,3.6839845180511475,0.13087248322147652,0.3187919463087248,0.17289629578590393,0.13087248322147652,,,,,accuracy,0.13087248322147652,,13.087248322147651,991,15.776,7.523813086475161,3.2668929763554657,47,test,False,,,16
M1,N7,E10b,T12b,categorical,3.708921194076538,0.12794612794612795,0.25925925925925924,0.1691349744796753,0.12794612794612795,,,,,accuracy,0.12794612794612795,,12.794612794612794,987,16.204,7.53339077991128,3.2677510181406584,47,test,False,,,17
M1,N7,E10b,T12b,categorical,3.7090871334075928,0.2255892255892256,0.3569023569023569,0.16878613829612732,0.2255892255892256,,,,,accuracy,0.2255892255892256,,22.55892255892256,989,15.673,7.527293408304229,3.242945814542308,47,test,False,,,18
M1,N7,E10b,T12b,categorical,3.7423460483551025,0.1717171717171717,0.2727272727272727,0.16267625987529755,0.1717171717171717,,,,,accuracy,0.1717171717171717,,17.17171717171717,988,15.566,7.542082611625525,3.2844556324097116,47,test,False,,,19
M1,N7,E10b,T12e,categorical,3.820406675338745,0.1598639455782313,0.22789115646258504,0.15026886761188507,0.1598639455782313,,,,,accuracy,0.1598639455782313,,15.98639455782313,980,0.0,0.0,3.2739408258425513,47,train,False,,,0
M1,N7,E10b,T12e,categorical,3.805755376815796,0.04377104377104377,0.12794612794612795,0.1524239331483841,0.04377104377104377,,,,,accuracy,0.04377104377104377,,4.377104377104377,988,0.0,0.0,3.2389935699073416,47,train,False,,,1
M1,N7,E10b,T12e,categorical,3.797994613647461,0.1919191919191919,0.32323232323232326,0.15375877916812897,0.1919191919191919,,,,,accuracy,0.1919191919191919,,19.19191919191919,990,0.0,0.0,3.1935219765300435,47,train,False,,,2
M1,N7,E10b,T12e,categorical,3.8044588565826416,0.18456375838926176,0.26174496644295303,0.15272629261016846,0.18456375838926176,,,,,accuracy,0.18456375838926176,,18.456375838926174,993,0.0,0.0,3.2544080451755177,47,train,False,,,3
M1,N7,E10b,T12e,categorical,3.8198509216308594,0.02348993288590604,0.09395973154362416,0.15031635761260986,0.02348993288590604,,,,,accuracy,0.02348993288590604,,2.348993288590604,991,0.0,0.0,3.2935284891155434,47,train,False,,,4
M1,N7,E10b,T12e,categorical,3.809098720550537,0.040268456375838924,0.12080536912751678,0.15192674100399017,0.040268456375838924,,,,,accuracy,0.040268456375838924,,4.026845637583892,992,0.0,0.0,3.251455148566704,47,train,False,,,5
M1,N7,E10b,T12e,categorical,3.824960708618164,0.053691275167785234,0.10067114093959731,0.1495479792356491,0.053691275167785234,,,,,accuracy,0.053691275167785234,,5.369127516778524,991,0.0,0.0,3.207844303730446,47,train,False,,,6
M1,N7,E10b,T12e,categorical,3.8114120960235596,0.18394648829431437,0.23076923076923078,0.15186364948749542,0.18394648829431437,,,,,accuracy,0.18394648829431437,,18.394648829431436,994,0.0,0.0,3.2462722698526933,47,train,False,,,7
M1,N7,E10b,T12e,categorical,3.8085498809814453,0.18305084745762712,0.2677966101694915,0.15210384130477905,0.18305084745762712,,,,,accuracy,0.18305084745762712,,18.305084745762713,983,0.0,0.0,3.243668031903528,47,train,False,,,8
M1,N7,E10b,T12e,categorical,3.791461944580078,0.09764309764309764,0.3164983164983165,0.15485312044620514,0.09764309764309764,,,,,accuracy,0.09764309764309764,,9.764309764309765,988,0.0,0.0,3.245103941995742,47,train,False,,,9
M1,N7,E10b,T12e,categorical,3.7993485927581787,0.19594594594594594,0.27702702702702703,0.15357089042663574,0.19594594594594594,,,,,accuracy,0.19594594594594594,,19.594594594594593,985,0.0,0.0,3.257308847405288,47,train,False,,,10
M1,N7,E10b,T12e,categorical,3.812591791152954,0.056856187290969896,0.0903010033444816,0.15138112008571625,0.056856187290969896,,,,,accuracy,0.056856187290969896,,5.68561872909699,994,0.0,0.0,3.2800252005292236,47,train,False,,,11
M1,N7,E10b,T12e,categorical,3.820099115371704,0.037037037037037035,0.09764309764309764,0.1502627730369568,0.037037037037037035,,,,,accuracy,0.037037037037037035,,3.7037037037037033,989,0.0,0.0,3.2794522304742943,47,train,False,,,12
M1,N7,E10b,T12e,categorical,3.8052074909210205,0.20202020202020202,0.28619528619528617,0.15261153876781464,0.20202020202020202,,,,,accuracy,0.20202020202020202,,20.2020202020202,989,0.0,0.0,3.2451740340183672,47,train,False,,,13
M1,N7,E10b,T12e,categorical,3.802844524383545,0.04713804713804714,0.13804713804713806,0.1529432088136673,0.04713804713804714,,,,,accuracy,0.04713804713804714,,4.713804713804714,989,0.0,0.0,3.2497482123650405,47,train,False,,,14
M1,N7,E10b,T12e,categorical,3.7916419506073,0.18729096989966554,0.3010033444816054,0.15485593676567078,0.18729096989966554,,,,,accuracy,0.18729096989966554,,18.729096989966553,994,0.0,0.0,3.2084541655803873,47,train,False,,,15
M1,N7,E10b,T12e,categorical,3.8282060623168945,0.020202020202020204,0.07407407407407407,0.14905396103858948,0.020202020202020204,,,,,accuracy,0.020202020202020204,,2.0202020202020203,988,0.0,0.0,3.204264302447317,47,train,False,,,16
M1,N7,E10b,T12e,categorical,3.8051154613494873,0.06354515050167224,0.11371237458193979,0.15253005921840668,0.06354515050167224,,,,,accuracy,0.06354515050167224,,6.354515050167224,994,0.0,0.0,3.2208256704956977,47,train,False,,,17
M1,N7,E10b,T12e,categorical,3.8084964752197266,0.10702341137123746,0.21739130434782608,0.15211398899555206,0.10702341137123746,,,,,accuracy,0.10702341137123746,,10.702341137123746,995,0.0,0.0,3.2393147301183753,47,train,False,,,18
M1,N7,E10b,T12e,categorical,3.7974886894226074,0.14093959731543623,0.2516778523489933,0.1537511944770813,0.14093959731543623,,,,,accuracy,0.14093959731543623,,14.093959731543624,992,0.0,0.0,3.2665922843004753,47,train,False,,,19
M1,N7,E10b,T12e,categorical,3.807058334350586,0.04697986577181208,0.17785234899328858,0.1522843837738037,0.04697986577181208,,,,,accuracy,0.04697986577181208,,4.697986577181208,991,0.0,0.0,3.2726240111216547,47,test,False,,,0
M1,N7,E10b,T12e,categorical,3.82779860496521,0.03691275167785235,0.14093959731543623,0.1491764336824417,0.03691275167785235,,,,,accuracy,0.03691275167785235,,3.691275167785235,992,0.0,0.0,3.3084195641707748,47,test,False,,,1
M1,N7,E10b,T12e,categorical,3.8103692531585693,0.16271186440677965,0.2135593220338983,0.1518695056438446,0.16271186440677965,,,,,accuracy,0.16271186440677965,,16.271186440677965,983,0.0,0.0,3.2653574286538327,47,test,False,,,2
M1,N7,E10b,T12e,categorical,3.8231282234191895,0.13804713804713806,0.2255892255892256,0.1498153656721115,0.13804713804713806,,,,,accuracy,0.13804713804713806,,13.804713804713806,988,0.0,0.0,3.253379173093666,47,test,False,,,3
M1,N7,E10b,T12e,categorical,3.8351519107818604,0.010067114093959731,0.07046979865771812,0.1479823738336563,0.010067114093959731,,,,,accuracy,0.010067114093959731,,1.006711409395973,991,0.0,0.0,3.2737854132985538,47,test,False,,,4
M1,N7,E10b,T12e,categorical,3.8291332721710205,0.03367003367003367,0.09090909090909091,0.14893844723701477,0.03367003367003367,,,,,accuracy,0.03367003367003367,,3.3670033670033668,989,0.0,0.0,3.2861798848086297,47,test,False,,,5
M1,N7,E10b,T12e,categorical,3.813913106918335,0.17725752508361203,0.2842809364548495,0.15142332017421722,0.17725752508361203,,,,,accuracy,0.17725752508361203,,17.725752508361204,994,0.0,0.0,3.2644918555047315,47,test,False,,,6
M1,N7,E10b,T12e,categorical,3.8024611473083496,0.043478260869565216,0.2608695652173913,0.15301808714866638,0.043478260869565216,,,,,accuracy,0.043478260869565216,,4.3478260869565215,994,0.0,0.0,3.2574911900866543,47,test,False,,,7
M1,N7,E10b,T12e,categorical,3.8297102451324463,0.0436241610738255,0.09731543624161074,0.14881333708763123,0.0436241610738255,,,,,accuracy,0.0436241610738255,,4.3624161073825505,993,0.0,0.0,3.252009771792051,47,test,False,,,8
M1,N7,E10b,T12e,categorical,3.8013105392456055,0.19463087248322147,0.28523489932885904,0.1532442420721054,0.19463087248322147,,,,,accuracy,0.19463087248322147,,19.463087248322147,991,0.0,0.0,3.2153044629509373,47,test,False,,,9
M1,N7,E10b,T12e,categorical,3.7938129901885986,0.15384615384615385,0.22408026755852842,0.15451231598854065,0.15384615384615385,,,,,accuracy,0.15384615384615385,,15.384615384615385,995,0.0,0.0,3.2769379984210487,47,test,False,,,10
M1,N7,E10b,T12e,categorical,3.8145875930786133,0.026936026936026935,0.2356902356902357,0.15108078718185425,0.026936026936026935,,,,,accuracy,0.026936026936026935,,2.6936026936026933,987,0.0,0.0,3.2465157497320907,47,test,False,,,11
M1,N7,E10b,T12e,categorical,3.830542802810669,0.026755852842809364,0.07357859531772576,0.14870896935462952,0.026755852842809364,,,,,accuracy,0.026755852842809364,,2.6755852842809364,994,0.0,0.0,3.2215906144680275,47,test,False,,,12
M1,N7,E10b,T12e,categorical,3.8072845935821533,0.0436241610738255,0.1040268456375839,0.15221881866455078,0.0436241610738255,,,,,accuracy,0.0436241610738255,,4.3624161073825505,993,0.0,0.0,3.216517276663676,47,test,False,,,13
M1,N7,E10b,T12e,categorical,3.80294132232666,0.15932203389830507,0.31186440677966104,0.15300315618515015,0.15932203389830507,,,,,accuracy,0.15932203389830507,,15.932203389830507,982,0.0,0.0,3.2003396288204673,47,test,False,,,14
M1,N7,E10b,T12e,categorical,3.795383930206299,0.11371237458193979,0.24414715719063546,0.15417785942554474,0.11371237458193979,,,,,accuracy,0.11371237458193979,,11.37123745819398,994,0.0,0.0,3.259583698783651,47,test,False,,,15
M1,N7,E10b,T12e,categorical,3.833531379699707,0.02348993288590604,0.13087248322147652,0.1482498049736023,0.02348993288590604,,,,,accuracy,0.02348993288590604,,2.348993288590604,991,0.0,0.0,3.2668929763554657,47,test,False,,,16
M1,N7,E10b,T12e,categorical,3.836069107055664,0.020202020202020204,0.05387205387205387,0.14788366854190826,0.020202020202020204,,,,,accuracy,0.020202020202020204,,2.0202020202020203,987,0.0,0.0,3.2677510181406584,47,test,False,,,17
M1,N7,E10b,T12e,categorical,3.801314353942871,0.1717171717171717,0.31313131313131315,0.1534048318862915,0.1717171717171717,,,,,accuracy,0.1717171717171717,,17.17171717171717,989,0.0,0.0,3.242945814542308,47,test,False,,,18
M1,N7,E10b,T12e,categorical,3.8199462890625,0.04713804713804714,0.12121212121212122,0.15023396909236908,0.04713804713804714,,,,,accuracy,0.04713804713804714,,4.713804713804714,988,0.0,0.0,3.2844556324097116,47,test,False,,,19
M1,N7,E10c,T12a,categorical,3.7187936305999756,0.1598639455782313,0.336734693877551,0.16701139509677887,0.1598639455782313,,,,,accuracy,0.1598639455782313,,15.98639455782313,980,68.618,7.296330850432761,3.2739408258425513,47,train,False,,,0
M1,N7,E10c,T12a,categorical,3.686962842941284,0.19865319865319866,0.3602693602693603,0.17288747429847717,0.19865319865319866,,,,,accuracy,0.19865319865319866,,19.865319865319865,988,71.171,7.292496147374388,3.2389935699073416,47,train,False,,,1
M1,N7,E10c,T12a,categorical,3.688678026199341,0.1919191919191919,0.3367003367003367,0.17284491658210754,0.1919191919191919,,,,,accuracy,0.1919191919191919,,19.19191919191919,990,70.979,7.312019931721841,3.1935219765300435,47,train,False,,,2
M1,N7,E10c,T12a,categorical,3.67409348487854,0.18456375838926176,0.28187919463087246,0.17591024935245514,0.18456375838926176,,,,,accuracy,0.18456375838926176,,18.456375838926174,993,66.069,7.314504909369051,3.2544080451755177,47,train,False,,,3
M1,N7,E10c,T12a,categorical,3.722320795059204,0.17785234899328858,0.32550335570469796,0.1666884422302246,0.17785234899328858,,,,,accuracy,0.17785234899328858,,17.78523489932886,991,69.446,7.3256473128846515,3.2935284891155434,47,train,False,,,4
M1,N7,E10c,T12a,categorical,3.694261312484741,0.14429530201342283,0.24496644295302014,0.17126332223415375,0.14429530201342283,,,,,accuracy,0.14429530201342283,,14.429530201342283,992,68.552,7.281902291794099,3.251455148566704,47,train,False,,,5
M1,N7,E10c,T12a,categorical,3.716679811477661,0.20469798657718122,0.31543624161073824,0.16716046631336212,0.20469798657718122,,,,,accuracy,0.20469798657718122,,20.469798657718123,991,71.512,7.298147136286968,3.207844303730446,47,train,False,,,6
M1,N7,E10c,T12a,categorical,3.7004852294921875,0.18394648829431437,0.3377926421404682,0.17219077050685883,0.18394648829431437,,,,,accuracy,0.18394648829431437,,18.394648829431436,994,68.508,7.314719743127351,3.2462722698526933,47,train,False,,,7
M1,N7,E10c,T12a,categorical,3.6744778156280518,0.18305084745762712,0.3152542372881356,0.1760857105255127,0.18305084745762712,,,,,accuracy,0.18305084745762712,,18.305084745762713,983,72.413,7.326899384876668,3.243668031903528,47,train,False,,,8
M1,N7,E10c,T12a,categorical,3.726564884185791,0.16161616161616163,0.3164983164983165,0.16563783586025238,0.16161616161616163,,,,,accuracy,0.16161616161616163,,16.161616161616163,988,70.539,7.2580545347946535,3.245103941995742,47,train,False,,,9
M1,N7,E10c,T12a,categorical,3.6991825103759766,0.19594594594594594,0.36486486486486486,0.1710924655199051,0.19594594594594594,,,,,accuracy,0.19594594594594594,,19.594594594594593,985,66.37,7.295705287832417,3.257308847405288,47,train,False,,,10
M1,N7,E10c,T12a,categorical,3.700169086456299,0.14046822742474915,0.2709030100334448,0.17091979086399078,0.14046822742474915,,,,,accuracy,0.14046822742474915,,14.046822742474916,994,70.931,7.283467574092641,3.2800252005292236,47,train,False,,,11
M1,N7,E10c,T12a,categorical,3.7470357418060303,0.09427609427609428,0.3400673400673401,0.1618048995733261,0.09427609427609428,,,,,accuracy,0.09427609427609428,,9.427609427609427,989,67.395,7.305941711264974,3.2794522304742943,47,train,False,,,12
M1,N7,E10c,T12a,categorical,3.659428834915161,0.20202020202020202,0.3367003367003367,0.17970333993434906,0.20202020202020202,,,,,accuracy,0.20202020202020202,,20.2020202020202,989,70.873,7.293641907238109,3.2451740340183672,47,train,False,,,13
M1,N7,E10c,T12a,categorical,3.7194528579711914,0.16835016835016836,0.2996632996632997,0.16655457019805908,0.16835016835016836,,,,,accuracy,0.16835016835016836,,16.835016835016837,989,71.341,7.305902455955991,3.2497482123650405,47,train,False,,,14
M1,N7,E10c,T12a,categorical,3.71761417388916,0.18729096989966554,0.27424749163879597,0.16732028126716614,0.18729096989966554,,,,,accuracy,0.18729096989966554,,18.729096989966553,994,74.068,7.277833203039909,3.2084541655803873,47,train,False,,,15
M1,N7,E10c,T12a,categorical,3.6936426162719727,0.18181818181818182,0.3063973063973064,0.17133760452270508,0.18181818181818182,,,,,accuracy,0.18181818181818182,,18.181818181818183,988,70.003,7.290232696506256,3.204264302447317,47,train,False,,,16
M1,N7,E10c,T12a,categorical,3.6881446838378906,0.18729096989966554,0.31438127090301005,0.1725647896528244,0.18729096989966554,,,,,accuracy,0.18729096989966554,,18.729096989966553,994,71.694,7.284695760161748,3.2208256704956977,47,train,False,,,17
M1,N7,E10c,T12a,categorical,3.6993069648742676,0.16387959866220736,0.34782608695652173,0.17065978050231934,0.16387959866220736,,,,,accuracy,0.16387959866220736,,16.387959866220736,995,67.332,7.3005294525050894,3.2393147301183753,47,train,False,,,18
M1,N7,E10c,T12a,categorical,3.7189977169036865,0.14093959731543623,0.28859060402684567,0.16722124814987183,0.14093959731543623,,,,,accuracy,0.14093959731543623,,14.093959731543624,992,66.115,7.3090719560105,3.2665922843004753,47,train,False,,,19
M1,N7,E10c,T12a,categorical,3.696519613265991,0.20134228187919462,0.3087248322147651,0.17112617194652557,0.20134228187919462,,,,,accuracy,0.20134228187919462,,20.13422818791946,991,62.532,7.332078652862888,3.2726240111216547,47,test,False,,,0
M1,N7,E10c,T12a,categorical,3.710963726043701,0.174496644295302,0.3288590604026846,0.1696016937494278,0.174496644295302,,,,,accuracy,0.174496644295302,,17.449664429530202,992,62.086,7.306993971403129,3.3084195641707748,47,test,False,,,1
M1,N7,E10c,T12a,categorical,3.6919028759002686,0.16271186440677965,0.3050847457627119,0.17273424565792084,0.16271186440677965,,,,,accuracy,0.16271186440677965,,16.271186440677965,983,67.977,7.306595945058938,3.2653574286538327,47,test,False,,,2
M1,N7,E10c,T12a,categorical,3.720829725265503,0.13804713804713806,0.30976430976430974,0.16614079475402832,0.13804713804713806,,,,,accuracy,0.13804713804713806,,13.804713804713806,988,64.281,7.309495416164804,3.253379173093666,47,test,False,,,3
M1,N7,E10c,T12a,categorical,3.6838645935058594,0.21140939597315436,0.3053691275167785,0.1745559275150299,0.21140939597315436,,,,,accuracy,0.21140939597315436,,21.140939597315437,991,64.207,7.302092825266744,3.2737854132985538,47,test,False,,,4
M1,N7,E10c,T12a,categorical,3.698573350906372,0.18518518518518517,0.2558922558922559,0.17120064795017242,0.18518518518518517,,,,,accuracy,0.18518518518518517,,18.51851851851852,989,64.546,7.322863100377273,3.2861798848086297,47,test,False,,,5
M1,N7,E10c,T12a,categorical,3.731804132461548,0.1806020066889632,0.33444816053511706,0.16436663269996643,0.1806020066889632,,,,,accuracy,0.1806020066889632,,18.06020066889632,994,65.691,7.317730497123874,3.2644918555047315,47,test,False,,,6
M1,N7,E10c,T12a,categorical,3.7016756534576416,0.17391304347826086,0.3210702341137124,0.1700928807258606,0.17391304347826086,,,,,accuracy,0.17391304347826086,,17.391304347826086,994,60.124,7.333537299979956,3.2574911900866543,47,test,False,,,7
M1,N7,E10c,T12a,categorical,3.7262139320373535,0.17114093959731544,0.30201342281879195,0.16609302163124084,0.17114093959731544,,,,,accuracy,0.17114093959731544,,17.114093959731544,993,65.32,7.298746403656999,3.252009771792051,47,test,False,,,8
M1,N7,E10c,T12a,categorical,3.6765987873077393,0.19463087248322147,0.3221476510067114,0.17491953074932098,0.19463087248322147,,,,,accuracy,0.19463087248322147,,19.463087248322147,991,66.861,7.298545757592144,3.2153044629509373,47,test,False,,,9
M1,N7,E10c,T12a,categorical,3.7300124168395996,0.15384615384615385,0.2809364548494983,0.1662856787443161,0.15384615384615385,,,,,accuracy,0.15384615384615385,,15.384615384615385,995,67.775,7.317506636946337,3.2769379984210487,47,test,False,,,10
M1,N7,E10c,T12a,categorical,3.6867623329162598,0.1919191919191919,0.31986531986531985,0.17268088459968567,0.1919191919191919,,,,,accuracy,0.1919191919191919,,19.19191919191919,987,69.185,7.324500285428739,3.2465157497320907,47,test,False,,,11
M1,N7,E10c,T12a,categorical,3.714236259460449,0.17391304347826086,0.3277591973244147,0.1676774024963379,0.17391304347826086,,,,,accuracy,0.17391304347826086,,17.391304347826086,994,64.57,7.334445227049822,3.2215906144680275,47,test,False,,,12
M1,N7,E10c,T12a,categorical,3.6664764881134033,0.21476510067114093,0.37919463087248323,0.17841146886348724,0.21476510067114093,,,,,accuracy,0.21476510067114093,,21.476510067114095,993,69.408,7.32132158050314,3.216517276663676,47,test,False,,,13
M1,N7,E10c,T12a,categorical,3.6278841495513916,0.15932203389830507,0.31864406779661014,0.18440867960453033,0.15932203389830507,,,,,accuracy,0.15932203389830507,,15.932203389830507,982,70.705,7.327247184250992,3.2003396288204673,47,test,False,,,14
M1,N7,E10c,T12a,categorical,3.708630323410034,0.11371237458193979,0.28762541806020064,0.16926109790802002,0.11371237458193979,,,,,accuracy,0.11371237458193979,,11.37123745819398,994,66.402,7.321069320564622,3.259583698783651,47,test,False,,,15
M1,N7,E10c,T12a,categorical,3.7053956985473633,0.13087248322147652,0.3187919463087248,0.16944630444049835,0.13087248322147652,,,,,accuracy,0.13087248322147652,,13.087248322147651,991,67.263,7.288997650391316,3.2668929763554657,47,test,False,,,16
M1,N7,E10c,T12a,categorical,3.7330894470214844,0.19528619528619529,0.24579124579124578,0.16467203199863434,0.19528619528619529,,,,,accuracy,0.19528619528619529,,19.52861952861953,987,62.442,7.3496820159982095,3.2677510181406584,47,test,False,,,17
M1,N7,E10c,T12a,categorical,3.684605598449707,0.1717171717171717,0.26936026936026936,0.17360666394233704,0.1717171717171717,,,,,accuracy,0.1717171717171717,,17.17171717171717,989,68.508,7.30801922284512,3.242945814542308,47,test,False,,,18
M1,N7,E10c,T12a,categorical,3.6702053546905518,0.16835016835016836,0.2727272727272727,0.17580367624759674,0.16835016835016836,,,,,accuracy,0.16835016835016836,,16.835016835016837,988,66.731,7.322616922144395,3.2844556324097116,47,test,False,,,19
M1,N7,E10c,T12b,categorical,3.6672608852386475,0.1598639455782313,0.3299319727891156,0.1772192418575287,0.1598639455782313,,,,,accuracy,0.1598639455782313,,15.98639455782313,980,15.936,7.493965271091904,3.2739408258425513,47,train,False,,,0
M1,N7,E10c,T12b,categorical,3.728883981704712,0.19865319865319866,0.4006734006734007,0.16522479057312012,0.19865319865319866,,,,,accuracy,0.19865319865319866,,19.865319865319865,988,16.595,7.549472420585582,3.2389935699073416,47,train,False,,,1
M1,N7,E10c,T12b,categorical,3.670321464538574,0.1919191919191919,0.367003367003367,0.17737984657287598,0.1919191919191919,,,,,accuracy,0.1919191919191919,,19.19191919191919,990,15.997,7.518117797981741,3.1935219765300435,47,train,False,,,2
M1,N7,E10c,T12b,categorical,3.7325925827026367,0.18456375838926176,0.27181208053691275,0.16423720121383667,0.18456375838926176,,,,,accuracy,0.18456375838926176,,18.456375838926174,993,15.976,7.532051806037881,3.2544080451755177,47,train,False,,,3
M1,N7,E10c,T12b,categorical,3.6730518341064453,0.17785234899328858,0.36577181208053694,0.17653930187225342,0.17785234899328858,,,,,accuracy,0.17785234899328858,,17.78523489932886,991,15.526,7.530021364612626,3.2935284891155434,47,train,False,,,4
M1,N7,E10c,T12b,categorical,3.731889009475708,0.10067114093959731,0.2986577181208054,0.1643611490726471,0.10067114093959731,,,,,accuracy,0.10067114093959731,,10.06711409395973,992,16.107,7.524790897639155,3.251455148566704,47,train,False,,,5
M1,N7,E10c,T12b,categorical,3.662126064300537,0.20469798657718122,0.34563758389261745,0.17737309634685516,0.20469798657718122,,,,,accuracy,0.20469798657718122,,20.469798657718123,991,15.908,7.504946637832015,3.207844303730446,47,train,False,,,6
M1,N7,E10c,T12b,categorical,3.712386131286621,0.18394648829431437,0.2508361204013378,0.16888050734996796,0.18394648829431437,,,,,accuracy,0.18394648829431437,,18.394648829431436,994,15.893,7.5261571137870575,3.2462722698526933,47,train,False,,,7
M1,N7,E10c,T12b,categorical,3.687361001968384,0.18305084745762712,0.33559322033898303,0.17224064469337463,0.18305084745762712,,,,,accuracy,0.18305084745762712,,18.305084745762713,983,16.156,7.506967720286163,3.243668031903528,47,train,False,,,8
M1,N7,E10c,T12b,categorical,3.68815016746521,0.18181818181818182,0.367003367003367,0.1724034547805786,0.18181818181818182,,,,,accuracy,0.18181818181818182,,18.181818181818183,988,15.641,7.5027469393445525,3.245103941995742,47,train,False,,,9
M1,N7,E10c,T12b,categorical,3.697640895843506,0.19594594594594594,0.32094594594594594,0.17069606482982635,0.19594594594594594,,,,,accuracy,0.19594594594594594,,19.594594594594593,985,15.533,7.522728107683539,3.257308847405288,47,train,False,,,10
M1,N7,E10c,T12b,categorical,3.7469120025634766,0.20066889632107024,0.26755852842809363,0.16194847226142883,0.20066889632107024,,,,,accuracy,0.20066889632107024,,20.066889632107024,994,15.936,7.48126438751053,3.2800252005292236,47,train,False,,,11
M1,N7,E10c,T12b,categorical,3.730147361755371,0.1750841750841751,0.3602693602693603,0.1651877760887146,0.1750841750841751,,,,,accuracy,0.1750841750841751,,17.50841750841751,989,16.249,7.510630184561512,3.2794522304742943,47,train,False,,,12
M1,N7,E10c,T12b,categorical,3.6827971935272217,0.20202020202020202,0.3367003367003367,0.1750495731830597,0.20202020202020202,,,,,accuracy,0.20202020202020202,,20.2020202020202,989,16.417,7.4783681557855655,3.2451740340183672,47,train,False,,,13
M1,N7,E10c,T12b,categorical,3.6873013973236084,0.16835016835016836,0.32323232323232326,0.17284321784973145,0.16835016835016836,,,,,accuracy,0.16835016835016836,,16.835016835016837,989,16.641,7.496467471520985,3.2497482123650405,47,train,False,,,14
M1,N7,E10c,T12b,categorical,3.7239904403686523,0.23745819397993312,0.3110367892976589,0.16587789356708527,0.23745819397993312,,,,,accuracy,0.23745819397993312,,23.745819397993312,994,16.164,7.5135092897161435,3.2084541655803873,47,train,False,,,15
M1,N7,E10c,T12b,categorical,3.7260730266571045,0.18181818181818182,0.3872053872053872,0.16578558087348938,0.18181818181818182,,,,,accuracy,0.18181818181818182,,18.181818181818183,988,16.195,7.514021265286967,3.204264302447317,47,train,False,,,16
M1,N7,E10c,T12b,categorical,3.7235894203186035,0.18729096989966554,0.3177257525083612,0.16607502102851868,0.18729096989966554,,,,,accuracy,0.18729096989966554,,18.729096989966553,994,16.333,7.483065424982576,3.2208256704956977,47,train,False,,,17
M1,N7,E10c,T12b,categorical,3.6835622787475586,0.16387959866220736,0.38127090301003347,0.17331959307193756,0.16387959866220736,,,,,accuracy,0.16387959866220736,,16.387959866220736,995,15.663,7.499943179839269,3.2393147301183753,47,train,False,,,18
M1,N7,E10c,T12b,categorical,3.717890501022339,0.14093959731543623,0.32550335570469796,0.1679006963968277,0.14093959731543623,,,,,accuracy,0.14093959731543623,,14.093959731543624,992,16.411,7.5001724198577975,3.2665922843004753,47,train,False,,,19
M1,N7,E10c,T12b,categorical,3.750491142272949,0.09395973154362416,0.22483221476510068,0.1611872911453247,0.09395973154362416,,,,,accuracy,0.09395973154362416,,9.395973154362416,991,16.112,7.530753347560701,3.2726240111216547,47,test,False,,,0
M1,N7,E10c,T12b,categorical,3.70394229888916,0.174496644295302,0.22818791946308725,0.17019450664520264,0.174496644295302,,,,,accuracy,0.174496644295302,,17.449664429530202,992,15.494,7.529993476345614,3.3084195641707748,47,test,False,,,1
M1,N7,E10c,T12b,categorical,3.708040475845337,0.16271186440677965,0.288135593220339,0.16930562257766724,0.16271186440677965,,,,,accuracy,0.16271186440677965,,16.271186440677965,983,15.821,7.514162288231781,3.2653574286538327,47,test,False,,,2
M1,N7,E10c,T12b,categorical,3.7053802013397217,0.13804713804713806,0.3063973063973064,0.16977322101593018,0.13804713804713806,,,,,accuracy,0.13804713804713806,,13.804713804713806,988,15.876,7.504941832012794,3.253379173093666,47,test,False,,,3
M1,N7,E10c,T12b,categorical,3.6359691619873047,0.21140939597315436,0.3624161073825503,0.18282435834407806,0.21140939597315436,,,,,accuracy,0.21140939597315436,,21.140939597315437,991,15.554,7.518404823962775,3.2737854132985538,47,test,False,,,4
M1,N7,E10c,T12b,categorical,3.718142509460449,0.14814814814814814,0.28619528619528617,0.16760967671871185,0.14814814814814814,,,,,accuracy,0.14814814814814814,,14.814814814814813,989,15.508,7.517523972497633,3.2861798848086297,47,test,False,,,5
M1,N7,E10c,T12b,categorical,3.7407610416412354,0.17725752508361203,0.32441471571906355,0.1630532443523407,0.17725752508361203,,,,,accuracy,0.17725752508361203,,17.725752508361204,994,15.137,7.544975984300849,3.2644918555047315,47,test,False,,,6
M1,N7,E10c,T12b,categorical,3.731586217880249,0.17391304347826086,0.3311036789297659,0.16471539437770844,0.17391304347826086,,,,,accuracy,0.17391304347826086,,17.391304347826086,994,15.455,7.550936336080205,3.2574911900866543,47,test,False,,,7
M1,N7,E10c,T12b,categorical,3.672013521194458,0.17114093959731544,0.2986577181208054,0.17701517045497894,0.17114093959731544,,,,,accuracy,0.17114093959731544,,17.114093959731544,993,15.748,7.487138739355764,3.252009771792051,47,test,False,,,8
M1,N7,E10c,T12b,categorical,3.686950206756592,0.19463087248322147,0.3389261744966443,0.1731618344783783,0.19463087248322147,,,,,accuracy,0.19463087248322147,,19.463087248322147,991,15.089,7.519481216841852,3.2153044629509373,47,test,False,,,9
M1,N7,E10c,T12b,categorical,3.7198703289031982,0.15384615384615385,0.3177257525083612,0.1671229600906372,0.15384615384615385,,,,,accuracy,0.15384615384615385,,15.384615384615385,995,15.468,7.509217749488538,3.2769379984210487,47,test,False,,,10
M1,N7,E10c,T12b,categorical,3.722806215286255,0.1919191919191919,0.367003367003367,0.1662238985300064,0.1919191919191919,,,,,accuracy,0.1919191919191919,,19.19191919191919,987,15.536,7.535802277782723,3.2465157497320907,47,test,False,,,11
M1,N7,E10c,T12b,categorical,3.7180283069610596,0.1705685618729097,0.3177257525083612,0.16722649335861206,0.1705685618729097,,,,,accuracy,0.1705685618729097,,17.05685618729097,994,15.348,7.5260117044301795,3.2215906144680275,47,test,False,,,12
M1,N7,E10c,T12b,categorical,3.6809000968933105,0.21476510067114093,0.2986577181208054,0.1747986376285553,0.21476510067114093,,,,,accuracy,0.21476510067114093,,21.476510067114095,993,15.66,7.552725209685217,3.216517276663676,47,test,False,,,13
M1,N7,E10c,T12b,categorical,3.7350330352783203,0.15932203389830507,0.3288135593220339,0.16444209218025208,0.15932203389830507,,,,,accuracy,0.15932203389830507,,15.932203389830507,982,16.25,7.558817396189369,3.2003396288204673,47,test,False,,,14
M1,N7,E10c,T12b,categorical,3.7570383548736572,0.11371237458193979,0.2809364548494983,0.16032424569129944,0.11371237458193979,,,,,accuracy,0.11371237458193979,,11.37123745819398,994,15.878,7.53676900419063,3.259583698783651,47,test,False,,,15
M1,N7,E10c,T12b,categorical,3.683952569961548,0.13087248322147652,0.34563758389261745,0.1745806634426117,0.13087248322147652,,,,,accuracy,0.13087248322147652,,13.087248322147651,991,15.776,7.523813086475161,3.2668929763554657,47,test,False,,,16
M1,N7,E10c,T12b,categorical,3.7319693565368652,0.09764309764309764,0.30303030303030304,0.16406682133674622,0.09764309764309764,,,,,accuracy,0.09764309764309764,,9.764309764309765,987,16.204,7.53339077991128,3.2677510181406584,47,test,False,,,17
M1,N7,E10c,T12b,categorical,3.6587374210357666,0.1717171717171717,0.32996632996632996,0.17883355915546417,0.1717171717171717,,,,,accuracy,0.1717171717171717,,17.17171717171717,989,15.673,7.527293408304229,3.242945814542308,47,test,False,,,18
M1,N7,E10c,T12b,categorical,3.7107534408569336,0.16835016835016836,0.25252525252525254,0.16859766840934753,0.16835016835016836,,,,,accuracy,0.16835016835016836,,16.835016835016837,988,15.566,7.542082611625525,3.2844556324097116,47,test,False,,,19
M1,N7,E10c,T12e,categorical,3.805696964263916,0.06802721088435375,0.1292517006802721,0.15242576599121094,0.06802721088435375,,,,,accuracy,0.06802721088435375,,6.802721088435375,980,0.0,0.0,3.2739408258425513,47,train,False,,,0
M1,N7,E10c,T12e,categorical,3.80856990814209,0.19865319865319866,0.2760942760942761,0.15213307738304138,0.19865319865319866,,,,,accuracy,0.19865319865319866,,19.865319865319865,988,0.0,0.0,3.2389935699073416,47,train,False,,,1
M1,N7,E10c,T12e,categorical,3.8285887241363525,0.03367003367003367,0.10101010101010101,0.148967444896698,0.03367003367003367,,,,,accuracy,0.03367003367003367,,3.3670033670033668,990,0.0,0.0,3.1935219765300435,47,train,False,,,2
M1,N7,E10c,T12e,categorical,3.8226165771484375,0.03355704697986577,0.11073825503355705,0.14987735450267792,0.03355704697986577,,,,,accuracy,0.03355704697986577,,3.3557046979865772,993,0.0,0.0,3.2544080451755177,47,train,False,,,3
M1,N7,E10c,T12e,categorical,3.799088716506958,0.17785234899328858,0.2483221476510067,0.15356431901454926,0.17785234899328858,,,,,accuracy,0.17785234899328858,,17.78523489932886,991,0.0,0.0,3.2935284891155434,47,train,False,,,4
M1,N7,E10c,T12e,categorical,3.8109443187713623,0.053691275167785234,0.2080536912751678,0.15161757171154022,0.053691275167785234,,,,,accuracy,0.053691275167785234,,5.369127516778524,992,0.0,0.0,3.251455148566704,47,train,False,,,5
M1,N7,E10c,T12e,categorical,3.7871487140655518,0.20469798657718122,0.34563758389261745,0.15551123023033142,0.20469798657718122,,,,,accuracy,0.20469798657718122,,20.469798657718123,991,0.0,0.0,3.207844303730446,47,train,False,,,6
M1,N7,E10c,T12e,categorical,3.829824209213257,0.016722408026755852,0.033444816053511704,0.14884397387504578,0.016722408026755852,,,,,accuracy,0.016722408026755852,,1.6722408026755853,994,0.0,0.0,3.2462722698526933,47,train,False,,,7
M1,N7,E10c,T12e,categorical,3.834841728210449,0.04067796610169491,0.07796610169491526,0.1480904221534729,0.04067796610169491,,,,,accuracy,0.04067796610169491,,4.067796610169491,983,0.0,0.0,3.243668031903528,47,train,False,,,8
M1,N7,E10c,T12e,categorical,3.803611993789673,0.16161616161616163,0.22895622895622897,0.1527635157108307,0.16161616161616163,,,,,accuracy,0.16161616161616163,,16.161616161616163,988,0.0,0.0,3.245103941995742,47,train,False,,,9
M1,N7,E10c,T12e,categorical,3.8194308280944824,0.0472972972972973,0.08445945945945946,0.150349423289299,0.0472972972972973,,,,,accuracy,0.0472972972972973,,4.72972972972973,985,0.0,0.0,3.257308847405288,47,train,False,,,10
M1,N7,E10c,T12e,categorical,3.8252789974212646,0.013377926421404682,0.13712374581939799,0.14953647553920746,0.013377926421404682,,,,,accuracy,0.013377926421404682,,1.3377926421404682,994,0.0,0.0,3.2800252005292236,47,train,False,,,11
M1,N7,E10c,T12e,categorical,3.8310348987579346,0.026936026936026935,0.08080808080808081,0.14865702390670776,0.026936026936026935,,,,,accuracy,0.026936026936026935,,2.6936026936026933,989,0.0,0.0,3.2794522304742943,47,train,False,,,12
M1,N7,E10c,T12e,categorical,3.8085126876831055,0.026936026936026935,0.15824915824915825,0.15202605724334717,0.026936026936026935,,,,,accuracy,0.026936026936026935,,2.6936026936026933,989,0.0,0.0,3.2451740340183672,47,train,False,,,13
M1,N7,E10c,T12e,categorical,3.8041975498199463,0.04713804713804714,0.29292929292929293,0.15285345911979675,0.04713804713804714,,,,,accuracy,0.04713804713804714,,4.713804713804714,989,0.0,0.0,3.2497482123650405,47,train,False,,,14
M1,N7,E10c,T12e,categorical,3.8334994316101074,0.043478260869565216,0.05351170568561873,0.14828816056251526,0.043478260869565216,,,,,accuracy,0.043478260869565216,,4.3478260869565215,994,0.0,0.0,3.2084541655803873,47,train,False,,,15
M1,N7,E10c,T12e,categorical,3.802197217941284,0.030303030303030304,0.23232323232323232,0.15308557450771332,0.030303030303030304,,,,,accuracy,0.030303030303030304,,3.0303030303030303,988,0.0,0.0,3.204264302447317,47,train,False,,,16
M1,N7,E10c,T12e,categorical,3.7999961376190186,0.06354515050167224,0.2909698996655518,0.1533050835132599,0.06354515050167224,,,,,accuracy,0.06354515050167224,,6.354515050167224,994,0.0,0.0,3.2208256704956977,47,train,False,,,17
M1,N7,E10c,T12e,categorical,3.821164846420288,0.05351170568561873,0.27759197324414714,0.15018720924854279,0.05351170568561873,,,,,accuracy,0.05351170568561873,,5.351170568561873,995,0.0,0.0,3.2393147301183753,47,train,False,,,18
M1,N7,E10c,T12e,categorical,3.821568489074707,0.026845637583892617,0.09395973154362416,0.1499771624803543,0.026845637583892617,,,,,accuracy,0.026845637583892617,,2.684563758389262,992,0.0,0.0,3.2665922843004753,47,train,False,,,19
M1,N7,E10c,T12e,categorical,3.8030481338500977,0.030201342281879196,0.11409395973154363,0.15290187299251556,0.030201342281879196,,,,,accuracy,0.030201342281879196,,3.0201342281879198,991,0.0,0.0,3.2726240111216547,47,test,False,,,0
M1,N7,E10c,T12e,categorical,3.8197391033172607,0.05704697986577181,0.15771812080536912,0.15029850602149963,0.05704697986577181,,,,,accuracy,0.05704697986577181,,5.704697986577181,992,0.0,0.0,3.3084195641707748,47,test,False,,,1
M1,N7,E10c,T12e,categorical,3.8147366046905518,0.04067796610169491,0.14915254237288136,0.1510811299085617,0.04067796610169491,,,,,accuracy,0.04067796610169491,,4.067796610169491,983,0.0,0.0,3.2653574286538327,47,test,False,,,2
M1,N7,E10c,T12e,categorical,3.801697015762329,0.06397306397306397,0.265993265993266,0.1531144231557846,0.06397306397306397,,,,,accuracy,0.06397306397306397,,6.397306397306397,988,0.0,0.0,3.253379173093666,47,test,False,,,3
M1,N7,E10c,T12e,categorical,3.7871766090393066,0.21140939597315436,0.31543624161073824,0.1554454267024994,0.21140939597315436,,,,,accuracy,0.21140939597315436,,21.140939597315437,991,0.0,0.0,3.2737854132985538,47,test,False,,,4
M1,N7,E10c,T12e,categorical,3.8222310543060303,0.18518518518518517,0.26936026936026936,0.14999115467071533,0.18518518518518517,,,,,accuracy,0.18518518518518517,,18.51851851851852,989,0.0,0.0,3.2861798848086297,47,test,False,,,5
M1,N7,E10c,T12e,categorical,3.8100523948669434,0.04013377926421405,0.27424749163879597,0.1518642008304596,0.04013377926421405,,,,,accuracy,0.04013377926421405,,4.013377926421405,994,0.0,0.0,3.2644918555047315,47,test,False,,,6
M1,N7,E10c,T12e,categorical,3.809720993041992,0.020066889632107024,0.13377926421404682,0.1518349051475525,0.020066889632107024,,,,,accuracy,0.020066889632107024,,2.0066889632107023,994,0.0,0.0,3.2574911900866543,47,test,False,,,7
M1,N7,E10c,T12e,categorical,3.7953338623046875,0.17114093959731544,0.2785234899328859,0.15427415072917938,0.17114093959731544,,,,,accuracy,0.17114093959731544,,17.114093959731544,993,0.0,0.0,3.252009771792051,47,test,False,,,8
M1,N7,E10c,T12e,categorical,3.810457468032837,0.19463087248322147,0.2751677852348993,0.1518258899450302,0.19463087248322147,,,,,accuracy,0.19463087248322147,,19.463087248322147,991,0.0,0.0,3.2153044629509373,47,test,False,,,9
M1,N7,E10c,T12e,categorical,3.827059507369995,0.033444816053511704,0.14381270903010032,0.14927828311920166,0.033444816053511704,,,,,accuracy,0.033444816053511704,,3.3444816053511706,995,0.0,0.0,3.2769379984210487,47,test,False,,,10
M1,N7,E10c,T12e,categorical,3.815864086151123,0.030303030303030304,0.18181818181818182,0.1509919911623001,0.030303030303030304,,,,,accuracy,0.030303030303030304,,3.0303030303030303,987,0.0,0.0,3.2465157497320907,47,test,False,,,11
M1,N7,E10c,T12e,categorical,3.8235068321228027,0.026755852842809364,0.14715719063545152,0.14977715909481049,0.026755852842809364,,,,,accuracy,0.026755852842809364,,2.6755852842809364,994,0.0,0.0,3.2215906144680275,47,test,False,,,12
M1,N7,E10c,T12e,categorical,3.8159401416778564,0.020134228187919462,0.10067114093959731,0.15083816647529602,0.020134228187919462,,,,,accuracy,0.020134228187919462,,2.013422818791946,993,0.0,0.0,3.216517276663676,47,test,False,,,13
M1,N7,E10c,T12e,categorical,3.8272643089294434,0.03389830508474576,0.08813559322033898,0.14917635917663574,0.03389830508474576,,,,,accuracy,0.03389830508474576,,3.389830508474576,982,0.0,0.0,3.2003396288204673,47,test,False,,,14
M1,N7,E10c,T12e,categorical,3.80704402923584,0.030100334448160536,0.25752508361204013,0.15230154991149902,0.030100334448160536,,,,,accuracy,0.030100334448160536,,3.0100334448160537,994,0.0,0.0,3.259583698783651,47,test,False,,,15
M1,N7,E10c,T12e,categorical,3.81899094581604,0.040268456375838924,0.20469798657718122,0.15049920976161957,0.040268456375838924,,,,,accuracy,0.040268456375838924,,4.026845637583892,991,0.0,0.0,3.2668929763554657,47,test,False,,,16
M1,N7,E10c,T12e,categorical,3.8184399604797363,0.04713804713804714,0.1919191919191919,0.15050722658634186,0.04713804713804714,,,,,accuracy,0.04713804713804714,,4.713804713804714,987,0.0,0.0,3.2677510181406584,47,test,False,,,17
M1,N7,E10c,T12e,categorical,3.8177318572998047,0.1717171717171717,0.21548821548821548,0.15078745782375336,0.1717171717171717,,,,,accuracy,0.1717171717171717,,17.17171717171717,989,0.0,0.0,3.242945814542308,47,test,False,,,18
M1,N7,E10c,T12e,categorical,3.801332712173462,0.16835016835016836,0.21885521885521886,0.15331637859344482,0.16835016835016836,,,,,accuracy,0.16835016835016836,,16.835016835016837,988,0.0,0.0,3.2844556324097116,47,test,False,,,19
M1,N7,E11a,T12a,categorical,3.6880011558532715,0.1598639455782313,0.3469387755102041,0.17237509787082672,0.1598639455782313,,,,,accuracy,0.1598639455782313,,15.98639455782313,980,68.618,7.296330850432761,3.2739408258425513,47,train,False,,,0
M1,N7,E11a,T12a,categorical,3.6651389598846436,0.19865319865319866,0.3602693602693603,0.17687852680683136,0.19865319865319866,,,,,accuracy,0.19865319865319866,,19.865319865319865,988,71.171,7.292496147374388,3.2389935699073416,47,train,False,,,1
M1,N7,E11a,T12a,categorical,3.7013330459594727,0.19528619528619529,0.37373737373737376,0.16992725431919098,0.19528619528619529,,,,,accuracy,0.19528619528619529,,19.52861952861953,990,70.979,7.312019931721841,3.1935219765300435,47,train,False,,,2
M1,N7,E11a,T12a,categorical,3.690403938293457,0.18456375838926176,0.3288590604026846,0.1725827157497406,0.18456375838926176,,,,,accuracy,0.18456375838926176,,18.456375838926174,993,66.069,7.314504909369051,3.2544080451755177,47,train,False,,,3
M1,N7,E11a,T12a,categorical,3.7123122215270996,0.17785234899328858,0.31543624161073824,0.16897432506084442,0.17785234899328858,,,,,accuracy,0.17785234899328858,,17.78523489932886,991,69.446,7.3256473128846515,3.2935284891155434,47,train,False,,,4
M1,N7,E11a,T12a,categorical,3.663670063018799,0.14429530201342283,0.34563758389261745,0.17639262974262238,0.14429530201342283,,,,,accuracy,0.14429530201342283,,14.429530201342283,992,68.552,7.281902291794099,3.251455148566704,47,train,False,,,5
M1,N7,E11a,T12a,categorical,3.7027812004089355,0.20469798657718122,0.3187919463087248,0.17062725126743317,0.20469798657718122,,,,,accuracy,0.20469798657718122,,20.469798657718123,991,71.512,7.298147136286968,3.207844303730446,47,train,False,,,6
M1,N7,E11a,T12a,categorical,3.7045791149139404,0.18394648829431437,0.3311036789297659,0.17019738256931305,0.18394648829431437,,,,,accuracy,0.18394648829431437,,18.394648829431436,994,68.508,7.314719743127351,3.2462722698526933,47,train,False,,,7
M1,N7,E11a,T12a,categorical,3.692713499069214,0.18305084745762712,0.29152542372881357,0.17240306735038757,0.18305084745762712,,,,,accuracy,0.18305084745762712,,18.305084745762713,983,72.413,7.326899384876668,3.243668031903528,47,train,False,,,8
M1,N7,E11a,T12a,categorical,3.7279114723205566,0.16161616161616163,0.32996632996632996,0.16570526361465454,0.16161616161616163,,,,,accuracy,0.16161616161616163,,16.161616161616163,988,70.539,7.2580545347946535,3.245103941995742,47,train,False,,,9
M1,N7,E11a,T12a,categorical,3.7344253063201904,0.19594594594594594,0.3344594594594595,0.16441664099693298,0.19594594594594594,,,,,accuracy,0.19594594594594594,,19.594594594594593,985,66.37,7.295705287832417,3.257308847405288,47,train,False,,,10
M1,N7,E11a,T12a,categorical,3.7362020015716553,0.14046822742474915,0.26421404682274247,0.16447798907756805,0.14046822742474915,,,,,accuracy,0.14046822742474915,,14.046822742474916,994,70.931,7.283467574092641,3.2800252005292236,47,train,False,,,11
M1,N7,E11a,T12a,categorical,3.6990091800689697,0.1750841750841751,0.3333333333333333,0.17130573093891144,0.1750841750841751,,,,,accuracy,0.1750841750841751,,17.50841750841751,989,67.395,7.305941711264974,3.2794522304742943,47,train,False,,,12
M1,N7,E11a,T12a,categorical,3.686037540435791,0.20202020202020202,0.37373737373737376,0.1738591343164444,0.20202020202020202,,,,,accuracy,0.20202020202020202,,20.2020202020202,989,70.873,7.293641907238109,3.2451740340183672,47,train,False,,,13
M1,N7,E11a,T12a,categorical,3.7748734951019287,0.18181818181818182,0.2962962962962963,0.15741993486881256,0.18181818181818182,,,,,accuracy,0.18181818181818182,,18.181818181818183,989,71.341,7.305902455955991,3.2497482123650405,47,train,False,,,14
M1,N7,E11a,T12a,categorical,3.7210493087768555,0.18729096989966554,0.3411371237458194,0.16664336621761322,0.18729096989966554,,,,,accuracy,0.18729096989966554,,18.729096989966553,994,74.068,7.277833203039909,3.2084541655803873,47,train,False,,,15
M1,N7,E11a,T12a,categorical,3.6876182556152344,0.18181818181818182,0.265993265993266,0.17327924072742462,0.18181818181818182,,,,,accuracy,0.18181818181818182,,18.181818181818183,988,70.003,7.290232696506256,3.204264302447317,47,train,False,,,16
M1,N7,E11a,T12a,categorical,3.6899585723876953,0.18729096989966554,0.3511705685618729,0.1727432757616043,0.18729096989966554,,,,,accuracy,0.18729096989966554,,18.729096989966553,994,71.694,7.284695760161748,3.2208256704956977,47,train,False,,,17
M1,N7,E11a,T12a,categorical,3.7142281532287598,0.16387959866220736,0.3110367892976589,0.16819576919078827,0.16387959866220736,,,,,accuracy,0.16387959866220736,,16.387959866220736,995,67.332,7.3005294525050894,3.2393147301183753,47,train,False,,,18
M1,N7,E11a,T12a,categorical,3.7562005519866943,0.14093959731543623,0.33557046979865773,0.1609393060207367,0.14093959731543623,,,,,accuracy,0.14093959731543623,,14.093959731543624,992,66.115,7.3090719560105,3.2665922843004753,47,train,False,,,19
M1,N7,E11a,T12a,categorical,3.684955358505249,0.18456375838926176,0.3087248322147651,0.17414535582065582,0.18456375838926176,,,,,accuracy,0.18456375838926176,,18.456375838926174,991,62.532,7.332078652862888,3.2726240111216547,47,test,False,,,0
M1,N7,E11a,T12a,categorical,3.6926400661468506,0.174496644295302,0.33557046979865773,0.17241881787776947,0.174496644295302,,,,,accuracy,0.174496644295302,,17.449664429530202,992,62.086,7.306993971403129,3.3084195641707748,47,test,False,,,1
M1,N7,E11a,T12a,categorical,3.7341315746307373,0.16271186440677965,0.2983050847457627,0.1642647534608841,0.16271186440677965,,,,,accuracy,0.16271186440677965,,16.271186440677965,983,67.977,7.306595945058938,3.2653574286538327,47,test,False,,,2
M1,N7,E11a,T12a,categorical,3.7140307426452637,0.13804713804713806,0.28619528619528617,0.16767258942127228,0.13804713804713806,,,,,accuracy,0.13804713804713806,,13.804713804713806,988,64.281,7.309495416164804,3.253379173093666,47,test,False,,,3
M1,N7,E11a,T12a,categorical,3.7007598876953125,0.21140939597315436,0.37919463087248323,0.17075806856155396,0.21140939597315436,,,,,accuracy,0.21140939597315436,,21.140939597315437,991,64.207,7.302092825266744,3.2737854132985538,47,test,False,,,4
M1,N7,E11a,T12a,categorical,3.7128348350524902,0.18518518518518517,0.3164983164983165,0.168150395154953,0.18518518518518517,,,,,accuracy,0.18518518518518517,,18.51851851851852,989,64.546,7.322863100377273,3.2861798848086297,47,test,False,,,5
M1,N7,E11a,T12a,categorical,3.6863608360290527,0.17725752508361203,0.31438127090301005,0.17271462082862854,0.17725752508361203,,,,,accuracy,0.17725752508361203,,17.725752508361204,994,65.691,7.317730497123874,3.2644918555047315,47,test,False,,,6
M1,N7,E11a,T12a,categorical,3.686122417449951,0.2508361204013378,0.3210702341137124,0.17276351153850555,0.2508361204013378,,,,,accuracy,0.2508361204013378,,25.08361204013378,994,60.124,7.333537299979956,3.2574911900866543,47,test,False,,,7
M1,N7,E11a,T12a,categorical,3.706451177597046,0.17114093959731544,0.35570469798657717,0.16953809559345245,0.17114093959731544,,,,,accuracy,0.17114093959731544,,17.114093959731544,993,65.32,7.298746403656999,3.252009771792051,47,test,False,,,8
M1,N7,E11a,T12a,categorical,3.6865041255950928,0.1342281879194631,0.3389261744966443,0.17317074537277222,0.1342281879194631,,,,,accuracy,0.1342281879194631,,13.422818791946309,991,66.861,7.298545757592144,3.2153044629509373,47,test,False,,,9
M1,N7,E11a,T12a,categorical,3.710675001144409,0.15384615384615385,0.2842809364548495,0.1685626208782196,0.15384615384615385,,,,,accuracy,0.15384615384615385,,15.384615384615385,995,67.775,7.317506636946337,3.2769379984210487,47,test,False,,,10
M1,N7,E11a,T12a,categorical,3.7294461727142334,0.1919191919191919,0.3333333333333333,0.16561219096183777,0.1919191919191919,,,,,accuracy,0.1919191919191919,,19.19191919191919,987,69.185,7.324500285428739,3.2465157497320907,47,test,False,,,11
M1,N7,E11a,T12a,categorical,3.6980135440826416,0.1705685618729097,0.32441471571906355,0.17096750438213348,0.1705685618729097,,,,,accuracy,0.1705685618729097,,17.05685618729097,994,64.57,7.334445227049822,3.2215906144680275,47,test,False,,,12
M1,N7,E11a,T12a,categorical,3.7015609741210938,0.21476510067114093,0.34563758389261745,0.17054688930511475,0.21476510067114093,,,,,accuracy,0.21476510067114093,,21.476510067114095,993,69.408,7.32132158050314,3.216517276663676,47,test,False,,,13
M1,N7,E11a,T12a,categorical,3.723120927810669,0.15932203389830507,0.24067796610169492,0.16632354259490967,0.15932203389830507,,,,,accuracy,0.15932203389830507,,15.932203389830507,982,70.705,7.327247184250992,3.2003396288204673,47,test,False,,,14
M1,N7,E11a,T12a,categorical,3.6917266845703125,0.11371237458193979,0.27424749163879597,0.17227309942245483,0.11371237458193979,,,,,accuracy,0.11371237458193979,,11.37123745819398,994,66.402,7.321069320564622,3.259583698783651,47,test,False,,,15
M1,N7,E11a,T12a,categorical,3.756786823272705,0.14429530201342283,0.23154362416107382,0.16019362211227417,0.14429530201342283,,,,,accuracy,0.14429530201342283,,14.429530201342283,991,67.263,7.288997650391316,3.2668929763554657,47,test,False,,,16
M1,N7,E11a,T12a,categorical,3.7118749618530273,0.12794612794612795,0.25252525252525254,0.16827183961868286,0.12794612794612795,,,,,accuracy,0.12794612794612795,,12.794612794612794,987,62.442,7.3496820159982095,3.2677510181406584,47,test,False,,,17
M1,N7,E11a,T12a,categorical,3.724243640899658,0.1717171717171717,0.35353535353535354,0.16657251119613647,0.1717171717171717,,,,,accuracy,0.1717171717171717,,17.17171717171717,989,68.508,7.30801922284512,3.242945814542308,47,test,False,,,18
M1,N7,E11a,T12a,categorical,3.7403452396392822,0.20875420875420875,0.265993265993266,0.16277146339416504,0.20875420875420875,,,,,accuracy,0.20875420875420875,,20.875420875420875,988,66.731,7.322616922144395,3.2844556324097116,47,test,False,,,19
M1,N7,E11a,T12b,categorical,3.707108497619629,0.18027210884353742,0.3401360544217687,0.1689966917037964,0.18027210884353742,,,,,accuracy,0.18027210884353742,,18.027210884353742,980,15.936,7.493965271091904,3.2739408258425513,47,train,False,,,0
M1,N7,E11a,T12b,categorical,3.7101328372955322,0.050505050505050504,0.2962962962962963,0.1674616038799286,0.050505050505050504,,,,,accuracy,0.050505050505050504,,5.05050505050505,988,16.595,7.549472420585582,3.2389935699073416,47,train,False,,,1
M1,N7,E11a,T12b,categorical,3.7178215980529785,0.1919191919191919,0.32323232323232326,0.1676217019557953,0.1919191919191919,,,,,accuracy,0.1919191919191919,,19.19191919191919,990,15.997,7.518117797981741,3.1935219765300435,47,train,False,,,2
M1,N7,E11a,T12b,categorical,3.770324230194092,0.09731543624161074,0.34563758389261745,0.1582513302564621,0.09731543624161074,,,,,accuracy,0.09731543624161074,,9.731543624161073,993,15.976,7.532051806037881,3.2544080451755177,47,train,False,,,3
M1,N7,E11a,T12b,categorical,3.714292287826538,0.17785234899328858,0.28523489932885904,0.1689271330833435,0.17785234899328858,,,,,accuracy,0.17785234899328858,,17.78523489932886,991,15.526,7.530021364612626,3.2935284891155434,47,train,False,,,4
M1,N7,E11a,T12b,categorical,3.7115695476531982,0.14429530201342283,0.34563758389261745,0.16821350157260895,0.14429530201342283,,,,,accuracy,0.14429530201342283,,14.429530201342283,992,16.107,7.524790897639155,3.251455148566704,47,train,False,,,5
M1,N7,E11a,T12b,categorical,3.6635656356811523,0.2214765100671141,0.3389261744966443,0.17696531116962433,0.2214765100671141,,,,,accuracy,0.2214765100671141,,22.14765100671141,991,15.908,7.504946637832015,3.207844303730446,47,train,False,,,6
M1,N7,E11a,T12b,categorical,3.70792293548584,0.2040133779264214,0.33444816053511706,0.16920256614685059,0.2040133779264214,,,,,accuracy,0.2040133779264214,,20.401337792642142,994,15.893,7.5261571137870575,3.2462722698526933,47,train,False,,,7
M1,N7,E11a,T12b,categorical,3.6766858100891113,0.18305084745762712,0.3593220338983051,0.17484474182128906,0.18305084745762712,,,,,accuracy,0.18305084745762712,,18.305084745762713,983,16.156,7.506967720286163,3.243668031903528,47,train,False,,,8
M1,N7,E11a,T12b,categorical,3.709068536758423,0.18518518518518517,0.32996632996632996,0.16846884787082672,0.18518518518518517,,,,,accuracy,0.18518518518518517,,18.51851851851852,988,15.641,7.5027469393445525,3.245103941995742,47,train,False,,,9
M1,N7,E11a,T12b,categorical,3.7046186923980713,0.19932432432432431,0.32432432432432434,0.16941453516483307,0.19932432432432431,,,,,accuracy,0.19932432432432431,,19.93243243243243,985,15.533,7.522728107683539,3.257308847405288,47,train,False,,,10
M1,N7,E11a,T12b,categorical,3.689793109893799,0.14046822742474915,0.27759197324414714,0.17235632240772247,0.14046822742474915,,,,,accuracy,0.14046822742474915,,14.046822742474916,994,15.936,7.48126438751053,3.2800252005292236,47,train,False,,,11
M1,N7,E11a,T12b,categorical,3.7032344341278076,0.1750841750841751,0.32996632996632996,0.17031913995742798,0.1750841750841751,,,,,accuracy,0.1750841750841751,,17.50841750841751,989,16.249,7.510630184561512,3.2794522304742943,47,train,False,,,12
M1,N7,E11a,T12b,categorical,3.682950019836426,0.20202020202020202,0.30303030303030304,0.17446839809417725,0.20202020202020202,,,,,accuracy,0.20202020202020202,,20.2020202020202,989,16.417,7.4783681557855655,3.2451740340183672,47,train,False,,,13
M1,N7,E11a,T12b,categorical,3.7176740169525146,0.16835016835016836,0.28619528619528617,0.1672155261039734,0.16835016835016836,,,,,accuracy,0.16835016835016836,,16.835016835016837,989,16.641,7.496467471520985,3.2497482123650405,47,train,False,,,14
M1,N7,E11a,T12b,categorical,3.719339609146118,0.20735785953177258,0.38127090301003347,0.16728033125400543,0.20735785953177258,,,,,accuracy,0.20735785953177258,,20.735785953177256,994,16.164,7.5135092897161435,3.2084541655803873,47,train,False,,,15
M1,N7,E11a,T12b,categorical,3.7093305587768555,0.18181818181818182,0.26936026936026936,0.16839244961738586,0.18181818181818182,,,,,accuracy,0.18181818181818182,,18.181818181818183,988,16.195,7.514021265286967,3.204264302447317,47,train,False,,,16
M1,N7,E11a,T12b,categorical,3.684785842895508,0.18729096989966554,0.3210702341137124,0.17329753935337067,0.18729096989966554,,,,,accuracy,0.18729096989966554,,18.729096989966553,994,16.333,7.483065424982576,3.2208256704956977,47,train,False,,,17
M1,N7,E11a,T12b,categorical,3.7217257022857666,0.16387959866220736,0.2608695652173913,0.16740304231643677,0.16387959866220736,,,,,accuracy,0.16387959866220736,,16.387959866220736,995,15.663,7.499943179839269,3.2393147301183753,47,train,False,,,18
M1,N7,E11a,T12b,categorical,3.7327206134796143,0.14093959731543623,0.2550335570469799,0.16503052413463593,0.14093959731543623,,,,,accuracy,0.14093959731543623,,14.093959731543624,992,16.411,7.5001724198577975,3.2665922843004753,47,train,False,,,19
M1,N7,E11a,T12b,categorical,3.723203420639038,0.1912751677852349,0.31208053691275167,0.16600657999515533,0.1912751677852349,,,,,accuracy,0.1912751677852349,,19.12751677852349,991,16.112,7.530753347560701,3.2726240111216547,47,test,False,,,0
M1,N7,E11a,T12b,categorical,3.697986602783203,0.174496644295302,0.2516778523489933,0.17162705957889557,0.174496644295302,,,,,accuracy,0.174496644295302,,17.449664429530202,992,15.494,7.529993476345614,3.3084195641707748,47,test,False,,,1
M1,N7,E11a,T12b,categorical,3.756784677505493,0.0847457627118644,0.25084745762711863,0.16032658517360687,0.0847457627118644,,,,,accuracy,0.0847457627118644,,8.47457627118644,983,15.821,7.514162288231781,3.2653574286538327,47,test,False,,,2
M1,N7,E11a,T12b,categorical,3.694336414337158,0.1447811447811448,0.31986531986531985,0.1710728108882904,0.1447811447811448,,,,,accuracy,0.1447811447811448,,14.47811447811448,988,15.876,7.504941832012794,3.253379173093666,47,test,False,,,3
M1,N7,E11a,T12b,categorical,3.717393398284912,0.21140939597315436,0.2986577181208054,0.16773484647274017,0.21140939597315436,,,,,accuracy,0.21140939597315436,,21.140939597315437,991,15.554,7.518404823962775,3.2737854132985538,47,test,False,,,4
M1,N7,E11a,T12b,categorical,3.751925468444824,0.06734006734006734,0.2895622895622896,0.16116197407245636,0.06734006734006734,,,,,accuracy,0.06734006734006734,,6.7340067340067336,989,15.508,7.517523972497633,3.2861798848086297,47,test,False,,,5
M1,N7,E11a,T12b,categorical,3.7050912380218506,0.17725752508361203,0.3745819397993311,0.16925816237926483,0.17725752508361203,,,,,accuracy,0.17725752508361203,,17.725752508361204,994,15.137,7.544975984300849,3.2644918555047315,47,test,False,,,6
M1,N7,E11a,T12b,categorical,3.6858482360839844,0.17391304347826086,0.29431438127090304,0.17300206422805786,0.17391304347826086,,,,,accuracy,0.17391304347826086,,17.391304347826086,994,15.455,7.550936336080205,3.2574911900866543,47,test,False,,,7
M1,N7,E11a,T12b,categorical,3.683105945587158,0.17114093959731544,0.32550335570469796,0.17441123723983765,0.17114093959731544,,,,,accuracy,0.17114093959731544,,17.114093959731544,993,15.748,7.487138739355764,3.252009771792051,47,test,False,,,8
M1,N7,E11a,T12b,categorical,3.7137820720672607,0.19463087248322147,0.35570469798657717,0.16793255507946014,0.19463087248322147,,,,,accuracy,0.19463087248322147,,19.463087248322147,991,15.089,7.519481216841852,3.2153044629509373,47,test,False,,,9
M1,N7,E11a,T12b,categorical,3.6998257637023926,0.15384615384615385,0.29431438127090304,0.17162083089351654,0.15384615384615385,,,,,accuracy,0.15384615384615385,,15.384615384615385,995,15.468,7.509217749488538,3.2769379984210487,47,test,False,,,10
M1,N7,E11a,T12b,categorical,3.652573823928833,0.1919191919191919,0.3468013468013468,0.17843511700630188,0.1919191919191919,,,,,accuracy,0.1919191919191919,,19.19191919191919,987,15.536,7.535802277782723,3.2465157497320907,47,test,False,,,11
M1,N7,E11a,T12b,categorical,3.704312562942505,0.1705685618729097,0.2976588628762542,0.17021320760250092,0.1705685618729097,,,,,accuracy,0.1705685618729097,,17.05685618729097,994,15.348,7.5260117044301795,3.2215906144680275,47,test,False,,,12
M1,N7,E11a,T12b,categorical,3.6879425048828125,0.21476510067114093,0.3389261744966443,0.17335546016693115,0.21476510067114093,,,,,accuracy,0.21476510067114093,,21.476510067114095,993,15.66,7.552725209685217,3.216517276663676,47,test,False,,,13
M1,N7,E11a,T12b,categorical,3.7358808517456055,0.15932203389830507,0.3050847457627119,0.16373558342456818,0.15932203389830507,,,,,accuracy,0.15932203389830507,,15.932203389830507,982,16.25,7.558817396189369,3.2003396288204673,47,test,False,,,14
M1,N7,E11a,T12b,categorical,3.67227840423584,0.15384615384615385,0.2809364548494983,0.17474332451820374,0.15384615384615385,,,,,accuracy,0.15384615384615385,,15.384615384615385,994,15.878,7.53676900419063,3.259583698783651,47,test,False,,,15
M1,N7,E11a,T12b,categorical,3.735621929168701,0.1342281879194631,0.31543624161073824,0.16417936980724335,0.1342281879194631,,,,,accuracy,0.1342281879194631,,13.422818791946309,991,15.776,7.523813086475161,3.2668929763554657,47,test,False,,,16
M1,N7,E11a,T12b,categorical,3.71101713180542,0.12794612794612795,0.3063973063973064,0.16851317882537842,0.12794612794612795,,,,,accuracy,0.12794612794612795,,12.794612794612794,987,16.204,7.53339077991128,3.2677510181406584,47,test,False,,,17
M1,N7,E11a,T12b,categorical,3.6808013916015625,0.1717171717171717,0.3468013468013468,0.17370441555976868,0.1717171717171717,,,,,accuracy,0.1717171717171717,,17.17171717171717,989,15.673,7.527293408304229,3.242945814542308,47,test,False,,,18
M1,N7,E11a,T12b,categorical,3.71915602684021,0.1750841750841751,0.2760942760942761,0.16645264625549316,0.1750841750841751,,,,,accuracy,0.1750841750841751,,17.50841750841751,988,15.566,7.542082611625525,3.2844556324097116,47,test,False,,,19
M1,N7,E11a,T12e,categorical,3.8176000118255615,0.04081632653061224,0.11904761904761904,0.1506728082895279,0.04081632653061224,,,,,accuracy,0.04081632653061224,,4.081632653061225,980,0.0,0.0,3.2739408258425513,47,train,False,,,0
M1,N7,E11a,T12e,categorical,3.802377939224243,0.19865319865319866,0.25252525252525254,0.15302351117134094,0.19865319865319866,,,,,accuracy,0.19865319865319866,,19.865319865319865,988,0.0,0.0,3.2389935699073416,47,train,False,,,1
M1,N7,E11a,T12e,categorical,3.7880167961120605,0.1919191919191919,0.30303030303030304,0.15544989705085754,0.1919191919191919,,,,,accuracy,0.1919191919191919,,19.19191919191919,990,0.0,0.0,3.1935219765300435,47,train,False,,,2
M1,N7,E11a,T12e,categorical,3.82273006439209,0.053691275167785234,0.3288590604026846,0.14992894232273102,0.053691275167785234,,,,,accuracy,0.053691275167785234,,5.369127516778524,993,0.0,0.0,3.2544080451755177,47,train,False,,,3
M1,N7,E11a,T12e,categorical,3.8089635372161865,0.053691275167785234,0.1476510067114094,0.15201641619205475,0.053691275167785234,,,,,accuracy,0.053691275167785234,,5.369127516778524,991,0.0,0.0,3.2935284891155434,47,train,False,,,4
M1,N7,E11a,T12e,categorical,3.8152778148651123,0.053691275167785234,0.12751677852348994,0.1508999913930893,0.053691275167785234,,,,,accuracy,0.053691275167785234,,5.369127516778524,992,0.0,0.0,3.251455148566704,47,train,False,,,5
M1,N7,E11a,T12e,categorical,3.8196542263031006,0.053691275167785234,0.19463087248322147,0.15031683444976807,0.053691275167785234,,,,,accuracy,0.053691275167785234,,5.369127516778524,991,0.0,0.0,3.207844303730446,47,train,False,,,6
M1,N7,E11a,T12e,categorical,3.810710906982422,0.04013377926421405,0.11036789297658862,0.151735320687294,0.04013377926421405,,,,,accuracy,0.04013377926421405,,4.013377926421405,994,0.0,0.0,3.2462722698526933,47,train,False,,,7
M1,N7,E11a,T12e,categorical,3.839585542678833,0.04067796610169491,0.17966101694915254,0.1474495828151703,0.04067796610169491,,,,,accuracy,0.04067796610169491,,4.067796610169491,983,0.0,0.0,3.243668031903528,47,train,False,,,8
M1,N7,E11a,T12e,categorical,3.80547833442688,0.16161616161616163,0.19528619528619529,0.15272611379623413,0.16161616161616163,,,,,accuracy,0.16161616161616163,,16.161616161616163,988,0.0,0.0,3.245103941995742,47,train,False,,,9
M1,N7,E11a,T12e,categorical,3.803727388381958,0.02702702702702703,0.14864864864864866,0.15277448296546936,0.02702702702702703,,,,,accuracy,0.02702702702702703,,2.7027027027027026,985,0.0,0.0,3.257308847405288,47,train,False,,,10
M1,N7,E11a,T12e,categorical,3.818159341812134,0.06688963210702341,0.1605351170568562,0.1505749225616455,0.06688963210702341,,,,,accuracy,0.06688963210702341,,6.688963210702341,994,0.0,0.0,3.2800252005292236,47,train,False,,,11
M1,N7,E11a,T12e,categorical,3.816969394683838,0.013468013468013467,0.21212121212121213,0.15074758231639862,0.013468013468013467,,,,,accuracy,0.013468013468013467,,1.3468013468013467,989,0.0,0.0,3.2794522304742943,47,train,False,,,12
M1,N7,E11a,T12e,categorical,3.788569211959839,0.20202020202020202,0.3434343434343434,0.15532268583774567,0.20202020202020202,,,,,accuracy,0.20202020202020202,,20.2020202020202,989,0.0,0.0,3.2451740340183672,47,train,False,,,13
M1,N7,E11a,T12e,categorical,3.804579019546509,0.06734006734006734,0.16835016835016836,0.1526830643415451,0.06734006734006734,,,,,accuracy,0.06734006734006734,,6.7340067340067336,989,0.0,0.0,3.2497482123650405,47,train,False,,,14
M1,N7,E11a,T12e,categorical,3.799696207046509,0.18729096989966554,0.3311036789297659,0.15357781946659088,0.18729096989966554,,,,,accuracy,0.18729096989966554,,18.729096989966553,994,0.0,0.0,3.2084541655803873,47,train,False,,,15
M1,N7,E11a,T12e,categorical,3.809417724609375,0.050505050505050504,0.32323232323232326,0.1519506573677063,0.050505050505050504,,,,,accuracy,0.050505050505050504,,5.05050505050505,988,0.0,0.0,3.204264302447317,47,train,False,,,16
M1,N7,E11a,T12e,categorical,3.8321750164031982,0.020066889632107024,0.07023411371237458,0.14846311509609222,0.020066889632107024,,,,,accuracy,0.020066889632107024,,2.0066889632107023,994,0.0,0.0,3.2208256704956977,47,train,False,,,17
M1,N7,E11a,T12e,categorical,3.8148250579833984,0.16387959866220736,0.25752508361204013,0.1511654406785965,0.16387959866220736,,,,,accuracy,0.16387959866220736,,16.387959866220736,995,0.0,0.0,3.2393147301183753,47,train,False,,,18
M1,N7,E11a,T12e,categorical,3.812450885772705,0.030201342281879196,0.28187919463087246,0.151424378156662,0.030201342281879196,,,,,accuracy,0.030201342281879196,,3.0201342281879198,992,0.0,0.0,3.2665922843004753,47,train,False,,,19
M1,N7,E11a,T12e,categorical,3.8232924938201904,0.03355704697986577,0.1174496644295302,0.14979998767375946,0.03355704697986577,,,,,accuracy,0.03355704697986577,,3.3557046979865772,991,0.0,0.0,3.2726240111216547,47,test,False,,,0
M1,N7,E11a,T12e,categorical,3.8081107139587402,0.174496644295302,0.26174496644295303,0.15219701826572418,0.174496644295302,,,,,accuracy,0.174496644295302,,17.449664429530202,992,0.0,0.0,3.3084195641707748,47,test,False,,,1
M1,N7,E11a,T12e,categorical,3.799099922180176,0.16271186440677965,0.26101694915254237,0.15347382426261902,0.16271186440677965,,,,,accuracy,0.16271186440677965,,16.271186440677965,983,0.0,0.0,3.2653574286538327,47,test,False,,,2
M1,N7,E11a,T12e,categorical,3.8367981910705566,0.006734006734006734,0.010101010101010102,0.14774414896965027,0.006734006734006734,,,,,accuracy,0.006734006734006734,,0.6734006734006733,988,0.0,0.0,3.253379173093666,47,test,False,,,3
M1,N7,E11a,T12e,categorical,3.8261046409606934,0.03691275167785235,0.09060402684563758,0.14940865337848663,0.03691275167785235,,,,,accuracy,0.03691275167785235,,3.691275167785235,991,0.0,0.0,3.2737854132985538,47,test,False,,,4
M1,N7,E11a,T12e,categorical,3.8177990913391113,0.03367003367003367,0.08754208754208755,0.15058381855487823,0.03367003367003367,,,,,accuracy,0.03367003367003367,,3.3670033670033668,989,0.0,0.0,3.2861798848086297,47,test,False,,,5
M1,N7,E11a,T12e,categorical,3.8096184730529785,0.030100334448160536,0.2508361204013378,0.1520214080810547,0.030100334448160536,,,,,accuracy,0.030100334448160536,,3.0100334448160537,994,0.0,0.0,3.2644918555047315,47,test,False,,,6
M1,N7,E11a,T12e,categorical,3.8280062675476074,0.03678929765886288,0.11036789297658862,0.14910168945789337,0.03678929765886288,,,,,accuracy,0.03678929765886288,,3.678929765886288,994,0.0,0.0,3.2574911900866543,47,test,False,,,7
M1,N7,E11a,T12e,categorical,3.7966866493225098,0.17114093959731544,0.23154362416107382,0.1539580225944519,0.17114093959731544,,,,,accuracy,0.17114093959731544,,17.114093959731544,993,0.0,0.0,3.252009771792051,47,test,False,,,8
M1,N7,E11a,T12e,categorical,3.8186845779418945,0.02348993288590604,0.2684563758389262,0.15056970715522766,0.02348993288590604,,,,,accuracy,0.02348993288590604,,2.348993288590604,991,0.0,0.0,3.2153044629509373,47,test,False,,,9
M1,N7,E11a,T12e,categorical,3.8128483295440674,0.15384615384615385,0.2040133779264214,0.15163084864616394,0.15384615384615385,,,,,accuracy,0.15384615384615385,,15.384615384615385,995,0.0,0.0,3.2769379984210487,47,test,False,,,10
M1,N7,E11a,T12e,categorical,3.8128888607025146,0.05387205387205387,0.13131313131313133,0.15128053724765778,0.05387205387205387,,,,,accuracy,0.05387205387205387,,5.387205387205387,987,0.0,0.0,3.2465157497320907,47,test,False,,,11
M1,N7,E11a,T12e,categorical,3.7994887828826904,0.1705685618729097,0.2842809364548495,0.15344077348709106,0.1705685618729097,,,,,accuracy,0.1705685618729097,,17.05685618729097,994,0.0,0.0,3.2215906144680275,47,test,False,,,12
M1,N7,E11a,T12e,categorical,3.8376920223236084,0.0436241610738255,0.08053691275167785,0.1476760059595108,0.0436241610738255,,,,,accuracy,0.0436241610738255,,4.3624161073825505,993,0.0,0.0,3.216517276663676,47,test,False,,,13
M1,N7,E11a,T12e,categorical,3.820296049118042,0.04406779661016949,0.17288135593220338,0.15028156340122223,0.04406779661016949,,,,,accuracy,0.04406779661016949,,4.406779661016949,982,0.0,0.0,3.2003396288204673,47,test,False,,,14
M1,N7,E11a,T12e,categorical,3.8217642307281494,0.06688963210702341,0.13377926421404682,0.15006491541862488,0.06688963210702341,,,,,accuracy,0.06688963210702341,,6.688963210702341,994,0.0,0.0,3.259583698783651,47,test,False,,,15
M1,N7,E11a,T12e,categorical,3.8234927654266357,0.06040268456375839,0.13087248322147652,0.14977377653121948,0.06040268456375839,,,,,accuracy,0.06040268456375839,,6.0402684563758395,991,0.0,0.0,3.2668929763554657,47,test,False,,,16
M1,N7,E11a,T12e,categorical,3.8151872158050537,0.020202020202020204,0.13131313131313133,0.15099765360355377,0.020202020202020204,,,,,accuracy,0.020202020202020204,,2.0202020202020203,987,0.0,0.0,3.2677510181406584,47,test,False,,,17
M1,N7,E11a,T12e,categorical,3.8130359649658203,0.05723905723905724,0.26936026936026936,0.1514517366886139,0.05723905723905724,,,,,accuracy,0.05723905723905724,,5.723905723905724,989,0.0,0.0,3.242945814542308,47,test,False,,,18
M1,N7,E11a,T12e,categorical,3.8217613697052,0.05723905723905724,0.15488215488215487,0.15007063746452332,0.05723905723905724,,,,,accuracy,0.05723905723905724,,5.723905723905724,988,0.0,0.0,3.2844556324097116,47,test,False,,,19
M1,N7,E11b,T12a,categorical,3.6674671173095703,0.1598639455782313,0.3435374149659864,0.17693643271923065,0.1598639455782313,,,,,accuracy,0.1598639455782313,,15.98639455782313,980,68.618,7.296330850432761,3.2739408258425513,47,train,False,,,0
M1,N7,E11b,T12a,categorical,3.705054998397827,0.19865319865319866,0.28619528619528617,0.16924254596233368,0.19865319865319866,,,,,accuracy,0.19865319865319866,,19.865319865319865,988,71.171,7.292496147374388,3.2389935699073416,47,train,False,,,1
M1,N7,E11b,T12a,categorical,3.6785974502563477,0.1919191919191919,0.31986531986531985,0.17415845394134521,0.1919191919191919,,,,,accuracy,0.1919191919191919,,19.19191919191919,990,70.979,7.312019931721841,3.1935219765300435,47,train,False,,,2
M1,N7,E11b,T12a,categorical,3.655527353286743,0.18456375838926176,0.3187919463087248,0.1785886138677597,0.18456375838926176,,,,,accuracy,0.18456375838926176,,18.456375838926174,993,66.069,7.314504909369051,3.2544080451755177,47,train,False,,,3
M1,N7,E11b,T12a,categorical,3.674663782119751,0.17785234899328858,0.2751677852348993,0.17635732889175415,0.17785234899328858,,,,,accuracy,0.17785234899328858,,17.78523489932886,991,69.446,7.3256473128846515,3.2935284891155434,47,train,False,,,4
M1,N7,E11b,T12a,categorical,3.6894571781158447,0.14429530201342283,0.28523489932885904,0.17301136255264282,0.14429530201342283,,,,,accuracy,0.14429530201342283,,14.429530201342283,992,68.552,7.281902291794099,3.251455148566704,47,train,False,,,5
M1,N7,E11b,T12a,categorical,3.6496195793151855,0.20469798657718122,0.3959731543624161,0.18100474774837494,0.20469798657718122,,,,,accuracy,0.20469798657718122,,20.469798657718123,991,71.512,7.298147136286968,3.207844303730446,47,train,False,,,6
M1,N7,E11b,T12a,categorical,3.6765120029449463,0.18394648829431437,0.3210702341137124,0.1762511134147644,0.18394648829431437,,,,,accuracy,0.18394648829431437,,18.394648829431436,994,68.508,7.314719743127351,3.2462722698526933,47,train,False,,,7
M1,N7,E11b,T12a,categorical,3.6610286235809326,0.18305084745762712,0.3016949152542373,0.17741702497005463,0.18305084745762712,,,,,accuracy,0.18305084745762712,,18.305084745762713,983,72.413,7.326899384876668,3.243668031903528,47,train,False,,,8
M1,N7,E11b,T12a,categorical,3.706138849258423,0.16161616161616163,0.3063973063973064,0.16900531947612762,0.16161616161616163,,,,,accuracy,0.16161616161616163,,16.161616161616163,988,70.539,7.2580545347946535,3.245103941995742,47,train,False,,,9
M1,N7,E11b,T12a,categorical,3.669610023498535,0.19594594594594594,0.3581081081081081,0.17643903195858002,0.19594594594594594,,,,,accuracy,0.19594594594594594,,19.594594594594593,985,66.37,7.295705287832417,3.257308847405288,47,train,False,,,10
M1,N7,E11b,T12a,categorical,3.6728012561798096,0.14046822742474915,0.27424749163879597,0.17677506804466248,0.14046822742474915,,,,,accuracy,0.14046822742474915,,14.046822742474916,994,70.931,7.283467574092641,3.2800252005292236,47,train,False,,,11
M1,N7,E11b,T12a,categorical,3.679370641708374,0.1750841750841751,0.30976430976430974,0.17421598732471466,0.1750841750841751,,,,,accuracy,0.1750841750841751,,17.50841750841751,989,67.395,7.305941711264974,3.2794522304742943,47,train,False,,,12
M1,N7,E11b,T12a,categorical,3.663933753967285,0.20202020202020202,0.30976430976430974,0.1768675297498703,0.20202020202020202,,,,,accuracy,0.20202020202020202,,20.2020202020202,989,70.873,7.293641907238109,3.2451740340183672,47,train,False,,,13
M1,N7,E11b,T12a,categorical,3.6630325317382812,0.16835016835016836,0.2558922558922559,0.17718033492565155,0.16835016835016836,,,,,accuracy,0.16835016835016836,,16.835016835016837,989,71.341,7.305902455955991,3.2497482123650405,47,train,False,,,14
M1,N7,E11b,T12a,categorical,3.685961961746216,0.18729096989966554,0.34448160535117056,0.1733790636062622,0.18729096989966554,,,,,accuracy,0.18729096989966554,,18.729096989966553,994,74.068,7.277833203039909,3.2084541655803873,47,train,False,,,15
M1,N7,E11b,T12a,categorical,3.5982778072357178,0.18181818181818182,0.3434343434343434,0.1905280202627182,0.18181818181818182,,,,,accuracy,0.18181818181818182,,18.181818181818183,988,70.003,7.290232696506256,3.204264302447317,47,train,False,,,16
M1,N7,E11b,T12a,categorical,3.701070547103882,0.18729096989966554,0.3277591973244147,0.17023493349552155,0.18729096989966554,,,,,accuracy,0.18729096989966554,,18.729096989966553,994,71.694,7.284695760161748,3.2208256704956977,47,train,False,,,17
M1,N7,E11b,T12a,categorical,3.67207670211792,0.16387959866220736,0.35785953177257523,0.175908625125885,0.16387959866220736,,,,,accuracy,0.16387959866220736,,16.387959866220736,995,67.332,7.3005294525050894,3.2393147301183753,47,train,False,,,18
M1,N7,E11b,T12a,categorical,3.6835310459136963,0.14093959731543623,0.3187919463087248,0.17343799769878387,0.14093959731543623,,,,,accuracy,0.14093959731543623,,14.093959731543624,992,66.115,7.3090719560105,3.2665922843004753,47,train,False,,,19
M1,N7,E11b,T12a,categorical,3.692713737487793,0.18456375838926176,0.3624161073825503,0.17094065248966217,0.18456375838926176,,,,,accuracy,0.18456375838926176,,18.456375838926174,991,62.532,7.332078652862888,3.2726240111216547,47,test,False,,,0
M1,N7,E11b,T12a,categorical,3.6516273021698,0.174496644295302,0.31208053691275167,0.18273046612739563,0.174496644295302,,,,,accuracy,0.174496644295302,,17.449664429530202,992,62.086,7.306993971403129,3.3084195641707748,47,test,False,,,1
M1,N7,E11b,T12a,categorical,3.66385817527771,0.16271186440677965,0.3050847457627119,0.1776411086320877,0.16271186440677965,,,,,accuracy,0.16271186440677965,,16.271186440677965,983,67.977,7.306595945058938,3.2653574286538327,47,test,False,,,2
M1,N7,E11b,T12a,categorical,3.7319495677948,0.15488215488215487,0.2558922558922559,0.1644279658794403,0.15488215488215487,,,,,accuracy,0.15488215488215487,,15.488215488215488,988,64.281,7.309495416164804,3.253379173093666,47,test,False,,,3
M1,N7,E11b,T12a,categorical,3.6662347316741943,0.21140939597315436,0.35570469798657717,0.17683932185173035,0.21140939597315436,,,,,accuracy,0.21140939597315436,,21.140939597315437,991,64.207,7.302092825266744,3.2737854132985538,47,test,False,,,4
M1,N7,E11b,T12a,categorical,3.724078416824341,0.06734006734006734,0.3164983164983165,0.16546730697155,0.06734006734006734,,,,,accuracy,0.06734006734006734,,6.7340067340067336,989,64.546,7.322863100377273,3.2861798848086297,47,test,False,,,5
M1,N7,E11b,T12a,categorical,3.6581296920776367,0.17725752508361203,0.34448160535117056,0.1778850555419922,0.17725752508361203,,,,,accuracy,0.17725752508361203,,17.725752508361204,994,65.691,7.317730497123874,3.2644918555047315,47,test,False,,,6
M1,N7,E11b,T12a,categorical,3.635016679763794,0.17391304347826086,0.3311036789297659,0.18244625627994537,0.17391304347826086,,,,,accuracy,0.17391304347826086,,17.391304347826086,994,60.124,7.333537299979956,3.2574911900866543,47,test,False,,,7
M1,N7,E11b,T12a,categorical,3.6627728939056396,0.17114093959731544,0.32550335570469796,0.17747817933559418,0.17114093959731544,,,,,accuracy,0.17114093959731544,,17.114093959731544,993,65.32,7.298746403656999,3.252009771792051,47,test,False,,,8
M1,N7,E11b,T12a,categorical,3.596637010574341,0.19463087248322147,0.3389261744966443,0.19123989343643188,0.19463087248322147,,,,,accuracy,0.19463087248322147,,19.463087248322147,991,66.861,7.298545757592144,3.2153044629509373,47,test,False,,,9
M1,N7,E11b,T12a,categorical,3.666828155517578,0.15384615384615385,0.26755852842809363,0.17984376847743988,0.15384615384615385,,,,,accuracy,0.15384615384615385,,15.384615384615385,995,67.775,7.317506636946337,3.2769379984210487,47,test,False,,,10
M1,N7,E11b,T12a,categorical,3.6623966693878174,0.1919191919191919,0.3838383838383838,0.17678117752075195,0.1919191919191919,,,,,accuracy,0.1919191919191919,,19.19191919191919,987,69.185,7.324500285428739,3.2465157497320907,47,test,False,,,11
M1,N7,E11b,T12a,categorical,3.6882193088531494,0.1705685618729097,0.2809364548494983,0.1731601059436798,0.1705685618729097,,,,,accuracy,0.1705685618729097,,17.05685618729097,994,64.57,7.334445227049822,3.2215906144680275,47,test,False,,,12
M1,N7,E11b,T12a,categorical,3.611546039581299,0.21476510067114093,0.3825503355704698,0.1882263422012329,0.21476510067114093,,,,,accuracy,0.21476510067114093,,21.476510067114095,993,69.408,7.32132158050314,3.216517276663676,47,test,False,,,13
M1,N7,E11b,T12a,categorical,3.6208877563476562,0.15932203389830507,0.31864406779661014,0.18509836494922638,0.15932203389830507,,,,,accuracy,0.15932203389830507,,15.932203389830507,982,70.705,7.327247184250992,3.2003396288204673,47,test,False,,,14
M1,N7,E11b,T12a,categorical,3.6905128955841064,0.11371237458193979,0.2809364548494983,0.17231880128383636,0.11371237458193979,,,,,accuracy,0.11371237458193979,,11.37123745819398,994,66.402,7.321069320564622,3.259583698783651,47,test,False,,,15
M1,N7,E11b,T12a,categorical,3.700762987136841,0.13087248322147652,0.3187919463087248,0.17093762755393982,0.13087248322147652,,,,,accuracy,0.13087248322147652,,13.087248322147651,991,67.263,7.288997650391316,3.2668929763554657,47,test,False,,,16
M1,N7,E11b,T12a,categorical,3.6715145111083984,0.12794612794612795,0.28619528619528617,0.17493633925914764,0.12794612794612795,,,,,accuracy,0.12794612794612795,,12.794612794612794,987,62.442,7.3496820159982095,3.2677510181406584,47,test,False,,,17
M1,N7,E11b,T12a,categorical,3.668498992919922,0.1717171717171717,0.3400673400673401,0.17586465179920197,0.1717171717171717,,,,,accuracy,0.1717171717171717,,17.17171717171717,989,68.508,7.30801922284512,3.242945814542308,47,test,False,,,18
M1,N7,E11b,T12a,categorical,3.683458089828491,0.16835016835016836,0.2760942760942761,0.17322584986686707,0.16835016835016836,,,,,accuracy,0.16835016835016836,,16.835016835016837,988,66.731,7.322616922144395,3.2844556324097116,47,test,False,,,19
M1,N7,E11b,T12b,categorical,3.6917002201080322,0.14965986394557823,0.336734693877551,0.1710151731967926,0.14965986394557823,,,,,accuracy,0.14965986394557823,,14.965986394557824,980,15.936,7.493965271091904,3.2739408258425513,47,train,False,,,0
M1,N7,E11b,T12b,categorical,3.637404203414917,0.19865319865319866,0.3602693602693603,0.18246214091777802,0.19865319865319866,,,,,accuracy,0.19865319865319866,,19.865319865319865,988,16.595,7.549472420585582,3.2389935699073416,47,train,False,,,1
M1,N7,E11b,T12b,categorical,3.646347999572754,0.1919191919191919,0.32996632996632996,0.17989061772823334,0.1919191919191919,,,,,accuracy,0.1919191919191919,,19.19191919191919,990,15.997,7.518117797981741,3.1935219765300435,47,train,False,,,2
M1,N7,E11b,T12b,categorical,3.683013677597046,0.17785234899328858,0.31208053691275167,0.1727944016456604,0.17785234899328858,,,,,accuracy,0.17785234899328858,,17.78523489932886,993,15.976,7.532051806037881,3.2544080451755177,47,train,False,,,3
M1,N7,E11b,T12b,categorical,3.6602120399475098,0.17785234899328858,0.2751677852348993,0.18053480982780457,0.17785234899328858,,,,,accuracy,0.17785234899328858,,17.78523489932886,991,15.526,7.530021364612626,3.2935284891155434,47,train,False,,,4
M1,N7,E11b,T12b,categorical,3.632688283920288,0.15100671140939598,0.2986577181208054,0.18219158053398132,0.15100671140939598,,,,,accuracy,0.15100671140939598,,15.100671140939598,992,16.107,7.524790897639155,3.251455148566704,47,train,False,,,5
M1,N7,E11b,T12b,categorical,3.651080369949341,0.20469798657718122,0.3859060402684564,0.18060843646526337,0.20469798657718122,,,,,accuracy,0.20469798657718122,,20.469798657718123,991,15.908,7.504946637832015,3.207844303730446,47,train,False,,,6
M1,N7,E11b,T12b,categorical,3.672004461288452,0.18394648829431437,0.3076923076923077,0.17653219401836395,0.18394648829431437,,,,,accuracy,0.18394648829431437,,18.394648829431436,994,15.893,7.5261571137870575,3.2462722698526933,47,train,False,,,7
M1,N7,E11b,T12b,categorical,3.6707189083099365,0.18305084745762712,0.2847457627118644,0.17600353062152863,0.18305084745762712,,,,,accuracy,0.18305084745762712,,18.305084745762713,983,16.156,7.506967720286163,3.243668031903528,47,train,False,,,8
M1,N7,E11b,T12b,categorical,3.6602680683135986,0.16161616161616163,0.3063973063973064,0.1778503656387329,0.16161616161616163,,,,,accuracy,0.16161616161616163,,16.161616161616163,988,15.641,7.5027469393445525,3.245103941995742,47,train,False,,,9
M1,N7,E11b,T12b,categorical,3.63577938079834,0.19594594594594594,0.32094594594594594,0.1839955449104309,0.19594594594594594,,,,,accuracy,0.19594594594594594,,19.594594594594593,985,15.533,7.522728107683539,3.257308847405288,47,train,False,,,10
M1,N7,E11b,T12b,categorical,3.6591498851776123,0.14046822742474915,0.26421404682274247,0.1774798035621643,0.14046822742474915,,,,,accuracy,0.14046822742474915,,14.046822742474916,994,15.936,7.48126438751053,3.2800252005292236,47,train,False,,,11
M1,N7,E11b,T12b,categorical,3.6873652935028076,0.1750841750841751,0.31986531986531985,0.17286436259746552,0.1750841750841751,,,,,accuracy,0.1750841750841751,,17.50841750841751,989,16.249,7.510630184561512,3.2794522304742943,47,train,False,,,12
M1,N7,E11b,T12b,categorical,3.6491098403930664,0.20202020202020202,0.30976430976430974,0.18079334497451782,0.20202020202020202,,,,,accuracy,0.20202020202020202,,20.2020202020202,989,16.417,7.4783681557855655,3.2451740340183672,47,train,False,,,13
M1,N7,E11b,T12b,categorical,3.6175882816314697,0.16835016835016836,0.26936026936026936,0.18647226691246033,0.16835016835016836,,,,,accuracy,0.16835016835016836,,16.835016835016837,989,16.641,7.496467471520985,3.2497482123650405,47,train,False,,,14
M1,N7,E11b,T12b,categorical,3.6310274600982666,0.18729096989966554,0.3612040133779264,0.18331050872802734,0.18729096989966554,,,,,accuracy,0.18729096989966554,,18.729096989966553,994,16.164,7.5135092897161435,3.2084541655803873,47,train,False,,,15
M1,N7,E11b,T12b,categorical,3.646606922149658,0.18181818181818182,0.36363636363636365,0.1818707436323166,0.18181818181818182,,,,,accuracy,0.18181818181818182,,18.181818181818183,988,16.195,7.514021265286967,3.204264302447317,47,train,False,,,16
M1,N7,E11b,T12b,categorical,3.6498680114746094,0.18729096989966554,0.27759197324414714,0.1817537397146225,0.18729096989966554,,,,,accuracy,0.18729096989966554,,18.729096989966553,994,16.333,7.483065424982576,3.2208256704956977,47,train,False,,,17
M1,N7,E11b,T12b,categorical,3.696392059326172,0.16387959866220736,0.3311036789297659,0.17162559926509857,0.16387959866220736,,,,,accuracy,0.16387959866220736,,16.387959866220736,995,15.663,7.499943179839269,3.2393147301183753,47,train,False,,,18
M1,N7,E11b,T12b,categorical,3.684309720993042,0.14093959731543623,0.28859060402684567,0.17354834079742432,0.14093959731543623,,,,,accuracy,0.14093959731543623,,14.093959731543624,992,16.411,7.5001724198577975,3.2665922843004753,47,train,False,,,19
M1,N7,E11b,T12b,categorical,3.6810953617095947,0.18456375838926176,0.31208053691275167,0.17367619276046753,0.18456375838926176,,,,,accuracy,0.18456375838926176,,18.456375838926174,991,16.112,7.530753347560701,3.2726240111216547,47,test,False,,,0
M1,N7,E11b,T12b,categorical,3.6853814125061035,0.174496644295302,0.31208053691275167,0.1743086278438568,0.174496644295302,,,,,accuracy,0.174496644295302,,17.449664429530202,992,15.494,7.529993476345614,3.3084195641707748,47,test,False,,,1
M1,N7,E11b,T12b,categorical,3.646789312362671,0.16271186440677965,0.3050847457627119,0.18084831535816193,0.16271186440677965,,,,,accuracy,0.16271186440677965,,16.271186440677965,983,15.821,7.514162288231781,3.2653574286538327,47,test,False,,,2
M1,N7,E11b,T12b,categorical,3.647993564605713,0.13804713804713806,0.2727272727272727,0.178353950381279,0.13804713804713806,,,,,accuracy,0.13804713804713806,,13.804713804713806,988,15.876,7.504941832012794,3.253379173093666,47,test,False,,,3
M1,N7,E11b,T12b,categorical,3.6463258266448975,0.21140939597315436,0.34563758389261745,0.18224208056926727,0.21140939597315436,,,,,accuracy,0.21140939597315436,,21.140939597315437,991,15.554,7.518404823962775,3.2737854132985538,47,test,False,,,4
M1,N7,E11b,T12b,categorical,3.6699535846710205,0.18518518518518517,0.2760942760942761,0.17819960415363312,0.18518518518518517,,,,,accuracy,0.18518518518518517,,18.51851851851852,989,15.508,7.517523972497633,3.2861798848086297,47,test,False,,,5
M1,N7,E11b,T12b,categorical,3.6964662075042725,0.17725752508361203,0.2809364548494983,0.17101414501667023,0.17725752508361203,,,,,accuracy,0.17725752508361203,,17.725752508361204,994,15.137,7.544975984300849,3.2644918555047315,47,test,False,,,6
M1,N7,E11b,T12b,categorical,3.6603918075561523,0.17391304347826086,0.34782608695652173,0.17732354998588562,0.17391304347826086,,,,,accuracy,0.17391304347826086,,17.391304347826086,994,15.455,7.550936336080205,3.2574911900866543,47,test,False,,,7
M1,N7,E11b,T12b,categorical,3.6879191398620605,0.17114093959731544,0.2483221476510067,0.17326810956001282,0.17114093959731544,,,,,accuracy,0.17114093959731544,,17.114093959731544,993,15.748,7.487138739355764,3.252009771792051,47,test,False,,,8
M1,N7,E11b,T12b,categorical,3.658385753631592,0.19463087248322147,0.348993288590604,0.17952506244182587,0.19463087248322147,,,,,accuracy,0.19463087248322147,,19.463087248322147,991,15.089,7.519481216841852,3.2153044629509373,47,test,False,,,9
M1,N7,E11b,T12b,categorical,3.6922080516815186,0.15384615384615385,0.24414715719063546,0.17287077009677887,0.15384615384615385,,,,,accuracy,0.15384615384615385,,15.384615384615385,995,15.468,7.509217749488538,3.2769379984210487,47,test,False,,,10
M1,N7,E11b,T12b,categorical,3.6654467582702637,0.1919191919191919,0.31986531986531985,0.1763964593410492,0.1919191919191919,,,,,accuracy,0.1919191919191919,,19.19191919191919,987,15.536,7.535802277782723,3.2465157497320907,47,test,False,,,11
M1,N7,E11b,T12b,categorical,3.676481008529663,0.1705685618729097,0.3411371237458194,0.1758747100830078,0.1705685618729097,,,,,accuracy,0.1705685618729097,,17.05685618729097,994,15.348,7.5260117044301795,3.2215906144680275,47,test,False,,,12
M1,N7,E11b,T12b,categorical,3.652656316757202,0.21476510067114093,0.30201342281879195,0.1800120621919632,0.21476510067114093,,,,,accuracy,0.21476510067114093,,21.476510067114095,993,15.66,7.552725209685217,3.216517276663676,47,test,False,,,13
M1,N7,E11b,T12b,categorical,3.6736795902252197,0.15932203389830507,0.2983050847457627,0.1750875562429428,0.15932203389830507,,,,,accuracy,0.15932203389830507,,15.932203389830507,982,16.25,7.558817396189369,3.2003396288204673,47,test,False,,,14
M1,N7,E11b,T12b,categorical,3.6933438777923584,0.11371237458193979,0.27424749163879597,0.17235401272773743,0.11371237458193979,,,,,accuracy,0.11371237458193979,,11.37123745819398,994,15.878,7.53676900419063,3.259583698783651,47,test,False,,,15
M1,N7,E11b,T12b,categorical,3.6723968982696533,0.13087248322147652,0.3288590604026846,0.1763458549976349,0.13087248322147652,,,,,accuracy,0.13087248322147652,,13.087248322147651,991,15.776,7.523813086475161,3.2668929763554657,47,test,False,,,16
M1,N7,E11b,T12b,categorical,3.6653330326080322,0.12794612794612795,0.29292929292929293,0.1759522259235382,0.12794612794612795,,,,,accuracy,0.12794612794612795,,12.794612794612794,987,16.204,7.53339077991128,3.2677510181406584,47,test,False,,,17
M1,N7,E11b,T12b,categorical,3.642951250076294,0.1717171717171717,0.3434343434343434,0.18230421841144562,0.1717171717171717,,,,,accuracy,0.1717171717171717,,17.17171717171717,989,15.673,7.527293408304229,3.242945814542308,47,test,False,,,18
M1,N7,E11b,T12b,categorical,3.6783459186553955,0.16835016835016836,0.2558922558922559,0.17404049634933472,0.16835016835016836,,,,,accuracy,0.16835016835016836,,16.835016835016837,988,15.566,7.542082611625525,3.2844556324097116,47,test,False,,,19
M1,N7,E11b,T12e,categorical,3.8089051246643066,0.1598639455782313,0.2925170068027211,0.1520652025938034,0.1598639455782313,,,,,accuracy,0.1598639455782313,,15.98639455782313,980,0.0,0.0,3.2739408258425513,47,train,False,,,0
M1,N7,E11b,T12e,categorical,3.8041203022003174,0.19865319865319866,0.29292929292929293,0.15294691920280457,0.19865319865319866,,,,,accuracy,0.19865319865319866,,19.865319865319865,988,0.0,0.0,3.2389935699073416,47,train,False,,,1
M1,N7,E11b,T12e,categorical,3.826988935470581,0.04040404040404041,0.14814814814814814,0.14924024045467377,0.04040404040404041,,,,,accuracy,0.04040404040404041,,4.040404040404041,990,0.0,0.0,3.1935219765300435,47,train,False,,,2
M1,N7,E11b,T12e,categorical,3.825040102005005,0.09060402684563758,0.17785234899328858,0.14955319464206696,0.09060402684563758,,,,,accuracy,0.09060402684563758,,9.060402684563758,993,0.0,0.0,3.2544080451755177,47,train,False,,,3
M1,N7,E11b,T12e,categorical,3.8273351192474365,0.053691275167785234,0.07718120805369127,0.14919142425060272,0.053691275167785234,,,,,accuracy,0.053691275167785234,,5.369127516778524,991,0.0,0.0,3.2935284891155434,47,train,False,,,4
M1,N7,E11b,T12e,categorical,3.8202617168426514,0.14429530201342283,0.15771812080536912,0.1504005342721939,0.14429530201342283,,,,,accuracy,0.14429530201342283,,14.429530201342283,992,0.0,0.0,3.251455148566704,47,train,False,,,5
M1,N7,E11b,T12e,categorical,3.8102452754974365,0.026845637583892617,0.30201342281879195,0.15176542103290558,0.026845637583892617,,,,,accuracy,0.026845637583892617,,2.684563758389262,991,0.0,0.0,3.207844303730446,47,train,False,,,6
M1,N7,E11b,T12e,categorical,3.817014455795288,0.07692307692307693,0.16387959866220736,0.1508467197418213,0.07692307692307693,,,,,accuracy,0.07692307692307693,,7.6923076923076925,994,0.0,0.0,3.2462722698526933,47,train,False,,,7
M1,N7,E11b,T12e,categorical,3.826063871383667,0.03728813559322034,0.09830508474576272,0.1493377387523651,0.03728813559322034,,,,,accuracy,0.03728813559322034,,3.728813559322034,983,0.0,0.0,3.243668031903528,47,train,False,,,8
M1,N7,E11b,T12e,categorical,3.81770658493042,0.010101010101010102,0.15488215488215487,0.15066282451152802,0.010101010101010102,,,,,accuracy,0.010101010101010102,,1.0101010101010102,988,0.0,0.0,3.245103941995742,47,train,False,,,9
M1,N7,E11b,T12e,categorical,3.797220230102539,0.19594594594594594,0.32094594594594594,0.15394510328769684,0.19594594594594594,,,,,accuracy,0.19594594594594594,,19.594594594594593,985,0.0,0.0,3.257308847405288,47,train,False,,,10
M1,N7,E11b,T12e,categorical,3.828291893005371,0.023411371237458192,0.15384615384615385,0.14905805885791779,0.023411371237458192,,,,,accuracy,0.023411371237458192,,2.341137123745819,994,0.0,0.0,3.2800252005292236,47,train,False,,,11
M1,N7,E11b,T12e,categorical,3.801807165145874,0.09427609427609428,0.15488215488215487,0.15304464101791382,0.09427609427609428,,,,,accuracy,0.09427609427609428,,9.427609427609427,989,0.0,0.0,3.2794522304742943,47,train,False,,,12
M1,N7,E11b,T12e,categorical,3.7989308834075928,0.07407407407407407,0.3333333333333333,0.1535867601633072,0.07407407407407407,,,,,accuracy,0.07407407407407407,,7.4074074074074066,989,0.0,0.0,3.2451740340183672,47,train,False,,,13
M1,N7,E11b,T12e,categorical,3.803356647491455,0.030303030303030304,0.13804713804713806,0.1528051644563675,0.030303030303030304,,,,,accuracy,0.030303030303030304,,3.0303030303030303,989,0.0,0.0,3.2497482123650405,47,train,False,,,14
M1,N7,E11b,T12e,categorical,3.815077066421509,0.09698996655518395,0.1605351170568562,0.15108086168766022,0.09698996655518395,,,,,accuracy,0.09698996655518395,,9.698996655518394,994,0.0,0.0,3.2084541655803873,47,train,False,,,15
M1,N7,E11b,T12e,categorical,3.8112599849700928,0.030303030303030304,0.1750841750841751,0.15161935985088348,0.030303030303030304,,,,,accuracy,0.030303030303030304,,3.0303030303030303,988,0.0,0.0,3.204264302447317,47,train,False,,,16
M1,N7,E11b,T12e,categorical,3.814304828643799,0.06354515050167224,0.19732441471571907,0.1511782556772232,0.06354515050167224,,,,,accuracy,0.06354515050167224,,6.354515050167224,994,0.0,0.0,3.2208256704956977,47,train,False,,,17
M1,N7,E11b,T12e,categorical,3.8095433712005615,0.10702341137123746,0.3076923076923077,0.15194040536880493,0.10702341137123746,,,,,accuracy,0.10702341137123746,,10.702341137123746,995,0.0,0.0,3.2393147301183753,47,train,False,,,18
M1,N7,E11b,T12e,categorical,3.8237030506134033,0.14093959731543623,0.1912751677852349,0.14982223510742188,0.14093959731543623,,,,,accuracy,0.14093959731543623,,14.093959731543624,992,0.0,0.0,3.2665922843004753,47,train,False,,,19
M1,N7,E11b,T12e,categorical,3.815105676651001,0.02348993288590604,0.30201342281879195,0.1510799676179886,0.02348993288590604,,,,,accuracy,0.02348993288590604,,2.348993288590604,991,0.0,0.0,3.2726240111216547,47,test,False,,,0
M1,N7,E11b,T12e,categorical,3.82220458984375,0.05704697986577181,0.1912751677852349,0.14999791979789734,0.05704697986577181,,,,,accuracy,0.05704697986577181,,5.704697986577181,992,0.0,0.0,3.3084195641707748,47,test,False,,,1
M1,N7,E11b,T12e,categorical,3.8061656951904297,0.0576271186440678,0.12203389830508475,0.1523723602294922,0.0576271186440678,,,,,accuracy,0.0576271186440678,,5.762711864406779,983,0.0,0.0,3.2653574286538327,47,test,False,,,2
M1,N7,E11b,T12e,categorical,3.808319091796875,0.030303030303030304,0.2356902356902357,0.15205635130405426,0.030303030303030304,,,,,accuracy,0.030303030303030304,,3.0303030303030303,988,0.0,0.0,3.253379173093666,47,test,False,,,3
M1,N7,E11b,T12e,categorical,3.82218074798584,0.03691275167785235,0.05704697986577181,0.14994394779205322,0.03691275167785235,,,,,accuracy,0.03691275167785235,,3.691275167785235,991,0.0,0.0,3.2737854132985538,47,test,False,,,4
M1,N7,E11b,T12e,categorical,3.831979990005493,0.06734006734006734,0.13804713804713806,0.14853563904762268,0.06734006734006734,,,,,accuracy,0.06734006734006734,,6.7340067340067336,989,0.0,0.0,3.2861798848086297,47,test,False,,,5
M1,N7,E11b,T12e,categorical,3.8143134117126465,0.17725752508361203,0.2408026755852843,0.15129782259464264,0.17725752508361203,,,,,accuracy,0.17725752508361203,,17.725752508361204,994,0.0,0.0,3.2644918555047315,47,test,False,,,6
M1,N7,E11b,T12e,categorical,3.826120376586914,0.020066889632107024,0.0802675585284281,0.14933231472969055,0.020066889632107024,,,,,accuracy,0.020066889632107024,,2.0066889632107023,994,0.0,0.0,3.2574911900866543,47,test,False,,,7
M1,N7,E11b,T12e,categorical,3.81044864654541,0.0436241610738255,0.26174496644295303,0.15179665386676788,0.0436241610738255,,,,,accuracy,0.0436241610738255,,4.3624161073825505,993,0.0,0.0,3.252009771792051,47,test,False,,,8
M1,N7,E11b,T12e,categorical,3.818326950073242,0.020134228187919462,0.12751677852348994,0.15056826174259186,0.020134228187919462,,,,,accuracy,0.020134228187919462,,2.013422818791946,991,0.0,0.0,3.2153044629509373,47,test,False,,,9
M1,N7,E11b,T12e,categorical,3.826817750930786,0.026755852842809364,0.15384615384615385,0.1493588387966156,0.026755852842809364,,,,,accuracy,0.026755852842809364,,2.6755852842809364,995,0.0,0.0,3.2769379984210487,47,test,False,,,10
M1,N7,E11b,T12e,categorical,3.7873449325561523,0.1919191919191919,0.3164983164983165,0.15542592108249664,0.1919191919191919,,,,,accuracy,0.1919191919191919,,19.19191919191919,987,0.0,0.0,3.2465157497320907,47,test,False,,,11
M1,N7,E11b,T12e,categorical,3.8107738494873047,0.1705685618729097,0.30434782608695654,0.15173625946044922,0.1705685618729097,,,,,accuracy,0.1705685618729097,,17.05685618729097,994,0.0,0.0,3.2215906144680275,47,test,False,,,12
M1,N7,E11b,T12e,categorical,3.8215115070343018,0.0436241610738255,0.11073825503355705,0.15005910396575928,0.0436241610738255,,,,,accuracy,0.0436241610738255,,4.3624161073825505,993,0.0,0.0,3.216517276663676,47,test,False,,,13
M1,N7,E11b,T12e,categorical,3.8015148639678955,0.04406779661016949,0.11186440677966102,0.1530950665473938,0.04406779661016949,,,,,accuracy,0.04406779661016949,,4.406779661016949,982,0.0,0.0,3.2003396288204673,47,test,False,,,14
M1,N7,E11b,T12e,categorical,3.806654453277588,0.033444816053511704,0.13377926421404682,0.15221178531646729,0.033444816053511704,,,,,accuracy,0.033444816053511704,,3.3444816053511706,994,0.0,0.0,3.259583698783651,47,test,False,,,15
M1,N7,E11b,T12e,categorical,3.819765329360962,0.06040268456375839,0.12080536912751678,0.15030300617218018,0.06040268456375839,,,,,accuracy,0.06040268456375839,,6.0402684563758395,991,0.0,0.0,3.2668929763554657,47,test,False,,,16
M1,N7,E11b,T12e,categorical,3.8205127716064453,0.050505050505050504,0.11784511784511785,0.1502012461423874,0.050505050505050504,,,,,accuracy,0.050505050505050504,,5.05050505050505,987,0.0,0.0,3.2677510181406584,47,test,False,,,17
M1,N7,E11b,T12e,categorical,3.8232290744781494,0.020202020202020204,0.2255892255892256,0.14983800053596497,0.020202020202020204,,,,,accuracy,0.020202020202020204,,2.0202020202020203,989,0.0,0.0,3.242945814542308,47,test,False,,,18
M1,N7,E11b,T12e,categorical,3.804386615753174,0.05723905723905724,0.2895622895622896,0.15271633863449097,0.05723905723905724,,,,,accuracy,0.05723905723905724,,5.723905723905724,988,0.0,0.0,3.2844556324097116,47,test,False,,,19
M1,N8,E10a,T12a,categorical,3.6992433071136475,0.13584905660377358,0.2339622641509434,0.170828714966774,0.13584905660377358,,,,,accuracy,0.13584905660377358,,13.584905660377359,881,68.618,7.296330850432761,3.2790889486625647,47,train,False,,,0
M1,N8,E10a,T12a,categorical,3.7374050617218018,0.1455223880597015,0.3246268656716418,0.16398108005523682,0.1455223880597015,,,,,accuracy,0.1455223880597015,,14.55223880597015,893,71.171,7.292496147374388,3.2313609491162514,47,train,False,,,1
M1,N8,E10a,T12a,categorical,3.7258291244506836,0.17424242424242425,0.2840909090909091,0.1657113879919052,0.17424242424242425,,,,,accuracy,0.17424242424242425,,17.424242424242426,880,70.979,7.312019931721841,3.1780018583470007,47,train,False,,,2
M1,N8,E10a,T12a,categorical,3.6740128993988037,0.16236162361623616,0.34317343173431736,0.17614777386188507,0.16236162361623616,,,,,accuracy,0.16236162361623616,,16.236162361623617,902,66.069,7.314504909369051,3.2521090720727983,47,train,False,,,3
M1,N8,E10a,T12a,categorical,3.715515375137329,0.15355805243445692,0.27715355805243447,0.16924318671226501,0.15355805243445692,,,,,accuracy,0.15355805243445692,,15.355805243445692,889,69.446,7.3256473128846515,3.2979903420232266,47,train,False,,,4
M1,N8,E10a,T12a,categorical,3.720186471939087,0.1455223880597015,0.2798507462686567,0.16638730466365814,0.1455223880597015,,,,,accuracy,0.1455223880597015,,14.55223880597015,892,68.552,7.281902291794099,3.254135217443921,47,train,False,,,5
M1,N8,E10a,T12a,categorical,3.708071708679199,0.1970260223048327,0.3308550185873606,0.16889899969100952,0.1970260223048327,,,,,accuracy,0.1970260223048327,,19.702602230483272,896,71.512,7.298147136286968,3.2025056315129636,47,train,False,,,6
M1,N8,E10a,T12a,categorical,3.7139806747436523,0.16791044776119404,0.2835820895522388,0.16818445920944214,0.16791044776119404,,,,,accuracy,0.16791044776119404,,16.791044776119403,893,68.508,7.314719743127351,3.2484512185752052,47,train,False,,,7
M1,N8,E10a,T12a,categorical,3.70170259475708,0.17358490566037735,0.3132075471698113,0.17002181708812714,0.17358490566037735,,,,,accuracy,0.17358490566037735,,17.358490566037734,881,72.413,7.326899384876668,3.2409952498452226,47,train,False,,,8
M1,N8,E10a,T12a,categorical,3.6682872772216797,0.21245421245421245,0.32967032967032966,0.17515957355499268,0.21245421245421245,,,,,accuracy,0.21245421245421245,,21.245421245421245,909,70.539,7.2580545347946535,3.2426340470317294,47,train,False,,,9
M1,N8,E10a,T12a,categorical,3.727151870727539,0.15730337078651685,0.25842696629213485,0.16648751497268677,0.15730337078651685,,,,,accuracy,0.15730337078651685,,15.730337078651685,890,66.37,7.295705287832417,3.2836889414087804,47,train,False,,,10
M1,N8,E10a,T12a,categorical,3.7075893878936768,0.09090909090909091,0.3522727272727273,0.16882768273353577,0.09090909090909091,,,,,accuracy,0.09090909090909091,,9.090909090909092,877,70.931,7.283467574092641,3.264224731722255,47,train,False,,,11
M1,N8,E10a,T12a,categorical,3.6906216144561768,0.16287878787878787,0.2803030303030303,0.17233973741531372,0.16287878787878787,,,,,accuracy,0.16287878787878787,,16.28787878787879,879,67.395,7.305941711264974,3.2668892806601035,47,train,False,,,12
M1,N8,E10a,T12a,categorical,3.7008485794067383,0.21641791044776118,0.2798507462686567,0.17028774321079254,0.21641791044776118,,,,,accuracy,0.21641791044776118,,21.641791044776117,892,70.873,7.293641907238109,3.2362769146645944,47,train,False,,,13
M1,N8,E10a,T12a,categorical,3.7059853076934814,0.1553030303030303,0.2537878787878788,0.16950659453868866,0.1553030303030303,,,,,accuracy,0.1553030303030303,,15.530303030303031,879,71.341,7.305902455955991,3.260277153735803,47,train,False,,,14
M1,N8,E10a,T12a,categorical,3.7447509765625,0.22180451127819548,0.33458646616541354,0.16270403563976288,0.22180451127819548,,,,,accuracy,0.22180451127819548,,22.18045112781955,884,74.068,7.277833203039909,3.204469154913049,47,train,False,,,15
M1,N8,E10a,T12a,categorical,3.6842634677886963,0.16728624535315986,0.30111524163568776,0.17329280078411102,0.16728624535315986,,,,,accuracy,0.16728624535315986,,16.728624535315987,896,70.003,7.290232696506256,3.182452479320435,47,train,False,,,16
M1,N8,E10a,T12a,categorical,3.695850372314453,0.1794871794871795,0.32967032967032966,0.17046202719211578,0.1794871794871795,,,,,accuracy,0.1794871794871795,,17.94871794871795,909,71.694,7.284695760161748,3.2097470833426804,47,train,False,,,17
M1,N8,E10a,T12a,categorical,3.739487409591675,0.20074349442379183,0.3680297397769517,0.16379117965698242,0.20074349442379183,,,,,accuracy,0.20074349442379183,,20.074349442379184,896,67.332,7.3005294525050894,3.2391163419576507,47,train,False,,,18
M1,N8,E10a,T12a,categorical,3.7632956504821777,0.09665427509293681,0.24907063197026022,0.15956026315689087,0.09665427509293681,,,,,accuracy,0.09665427509293681,,9.66542750929368,894,66.115,7.3090719560105,3.268273595673592,47,train,False,,,19
M1,N8,E10a,T12a,categorical,3.712040424346924,0.16226415094339622,0.3132075471698113,0.1684105098247528,0.16226415094339622,,,,,accuracy,0.16226415094339622,,16.22641509433962,883,62.532,7.332078652862888,3.294578652236697,47,test,False,,,0
M1,N8,E10a,T12a,categorical,3.7222440242767334,0.1893939393939394,0.3181818181818182,0.16634425520896912,0.1893939393939394,,,,,accuracy,0.1893939393939394,,18.939393939393938,878,62.086,7.306993971403129,3.3135369268298924,47,test,False,,,1
M1,N8,E10a,T12a,categorical,3.7394092082977295,0.19540229885057472,0.31417624521072796,0.1633310765028,0.19540229885057472,,,,,accuracy,0.19540229885057472,,19.54022988505747,870,67.977,7.306595945058938,3.2488107857658477,47,test,False,,,2
M1,N8,E10a,T12a,categorical,3.702446699142456,0.0842911877394636,0.2988505747126437,0.16910579800605774,0.0842911877394636,,,,,accuracy,0.0842911877394636,,8.42911877394636,867,64.281,7.309495416164804,3.2344624675705402,47,test,False,,,3
M1,N8,E10a,T12a,categorical,3.6988182067871094,0.18702290076335878,0.3244274809160305,0.17028793692588806,0.18702290076335878,,,,,accuracy,0.18702290076335878,,18.702290076335878,873,64.207,7.302092825266744,3.2432864074300136,47,test,False,,,4
M1,N8,E10a,T12a,categorical,3.7679197788238525,0.15151515151515152,0.32196969696969696,0.15852288901805878,0.15151515151515152,,,,,accuracy,0.15151515151515152,,15.151515151515152,878,64.546,7.322863100377273,3.263574799418261,47,test,False,,,5
M1,N8,E10a,T12a,categorical,3.7194151878356934,0.15503875968992248,0.313953488372093,0.1670982539653778,0.15503875968992248,,,,,accuracy,0.15503875968992248,,15.503875968992247,857,65.691,7.317730497123874,3.2456792858931536,47,test,False,,,6
M1,N8,E10a,T12a,categorical,3.7146530151367188,0.0842911877394636,0.34099616858237547,0.16797059774398804,0.0842911877394636,,,,,accuracy,0.0842911877394636,,8.42911877394636,868,60.124,7.333537299979956,3.283133772576751,47,test,False,,,7
M1,N8,E10a,T12a,categorical,3.7454822063446045,0.21755725190839695,0.3244274809160305,0.1619754284620285,0.21755725190839695,,,,,accuracy,0.21755725190839695,,21.755725190839694,872,65.32,7.298746403656999,3.239851413848673,47,test,False,,,8
M1,N8,E10a,T12a,categorical,3.6867401599884033,0.16666666666666666,0.32945736434108525,0.17320942878723145,0.16666666666666666,,,,,accuracy,0.16666666666666666,,16.666666666666664,859,66.861,7.298545757592144,3.22174992971119,47,test,False,,,9
M1,N8,E10a,T12a,categorical,3.740264654159546,0.16279069767441862,0.26744186046511625,0.163887619972229,0.16279069767441862,,,,,accuracy,0.16279069767441862,,16.27906976744186,857,67.775,7.317506636946337,3.26199792522676,47,test,False,,,10
M1,N8,E10a,T12a,categorical,3.6798102855682373,0.17557251908396945,0.3053435114503817,0.17470721900463104,0.17557251908396945,,,,,accuracy,0.17557251908396945,,17.557251908396946,872,69.185,7.324500285428739,3.2346528811611743,47,test,False,,,11
M1,N8,E10a,T12a,categorical,3.702950954437256,0.16796875,0.32421875,0.16988025605678558,0.16796875,,,,,accuracy,0.16796875,,16.796875,851,64.57,7.334445227049822,3.23676286168255,47,test,False,,,12
M1,N8,E10a,T12a,categorical,3.708357095718384,0.1984126984126984,0.30952380952380953,0.1694057136774063,0.1984126984126984,,,,,accuracy,0.1984126984126984,,19.841269841269842,838,69.408,7.32132158050314,3.2260088468999624,47,test,False,,,13
M1,N8,E10a,T12a,categorical,3.7021687030792236,0.18875502008032127,0.27710843373493976,0.17030319571495056,0.18875502008032127,,,,,accuracy,0.18875502008032127,,18.87550200803213,829,70.705,7.327247184250992,3.1940526341066353,47,test,False,,,14
M1,N8,E10a,T12a,categorical,3.7268483638763428,0.14728682170542637,0.29844961240310075,0.1652286946773529,0.14728682170542637,,,,,accuracy,0.14728682170542637,,14.728682170542637,858,66.402,7.321069320564622,3.2828212686064435,47,test,False,,,15
M1,N8,E10a,T12a,categorical,3.6936511993408203,0.16862745098039217,0.30980392156862746,0.1720728725194931,0.16862745098039217,,,,,accuracy,0.16862745098039217,,16.862745098039216,850,67.263,7.288997650391316,3.2495591215776454,47,test,False,,,16
M1,N8,E10a,T12a,categorical,3.7332136631011963,0.1076923076923077,0.2923076923076923,0.16408763825893402,0.1076923076923077,,,,,accuracy,0.1076923076923077,,10.76923076923077,866,62.442,7.3496820159982095,3.2744614003408214,47,test,False,,,17
M1,N8,E10a,T12a,categorical,3.7455668449401855,0.03125,0.2734375,0.16200858354568481,0.03125,,,,,accuracy,0.03125,,3.125,852,68.508,7.30801922284512,3.2184702739502553,47,test,False,,,18
M1,N8,E10a,T12a,categorical,3.7306838035583496,0.15384615384615385,0.28846153846153844,0.16461585462093353,0.15384615384615385,,,,,accuracy,0.15384615384615385,,15.384615384615385,866,66.731,7.322616922144395,3.273549849160496,47,test,False,,,19
M1,N8,E10a,T12b,categorical,3.724550247192383,0.13584905660377358,0.27169811320754716,0.1668279618024826,0.13584905660377358,,,,,accuracy,0.13584905660377358,,13.584905660377359,881,15.936,7.493965271091904,3.2790889486625647,47,train,False,,,0
M1,N8,E10a,T12b,categorical,3.6945180892944336,0.1455223880597015,0.2798507462686567,0.17178404331207275,0.1455223880597015,,,,,accuracy,0.1455223880597015,,14.55223880597015,893,16.595,7.549472420585582,3.2313609491162514,47,train,False,,,1
M1,N8,E10a,T12b,categorical,3.715817451477051,0.17424242424242425,0.23106060606060605,0.168451726436615,0.17424242424242425,,,,,accuracy,0.17424242424242425,,17.424242424242426,880,15.997,7.518117797981741,3.1780018583470007,47,train,False,,,2
M1,N8,E10a,T12b,categorical,3.721034288406372,0.16236162361623616,0.28413284132841327,0.16732653975486755,0.16236162361623616,,,,,accuracy,0.16236162361623616,,16.236162361623617,902,15.976,7.532051806037881,3.2521090720727983,47,train,False,,,3
M1,N8,E10a,T12b,categorical,3.710597038269043,0.15355805243445692,0.30711610486891383,0.16914361715316772,0.15355805243445692,,,,,accuracy,0.15355805243445692,,15.355805243445692,889,15.526,7.530021364612626,3.2979903420232266,47,train,False,,,4
M1,N8,E10a,T12b,categorical,3.753962278366089,0.1455223880597015,0.2947761194029851,0.16067998111248016,0.1455223880597015,,,,,accuracy,0.1455223880597015,,14.55223880597015,892,16.107,7.524790897639155,3.254135217443921,47,train,False,,,5
M1,N8,E10a,T12b,categorical,3.7413330078125,0.20074349442379183,0.35687732342007433,0.1630391925573349,0.20074349442379183,,,,,accuracy,0.20074349442379183,,20.074349442379184,896,15.908,7.504946637832015,3.2025056315129636,47,train,False,,,6
M1,N8,E10a,T12b,categorical,3.6990442276000977,0.16791044776119404,0.31716417910447764,0.17044563591480255,0.16791044776119404,,,,,accuracy,0.16791044776119404,,16.791044776119403,893,15.893,7.5261571137870575,3.2484512185752052,47,train,False,,,7
M1,N8,E10a,T12b,categorical,3.6878113746643066,0.17358490566037735,0.2641509433962264,0.17266808450222015,0.17358490566037735,,,,,accuracy,0.17358490566037735,,17.358490566037734,881,16.156,7.506967720286163,3.2409952498452226,47,train,False,,,8
M1,N8,E10a,T12b,categorical,3.718747854232788,0.21245421245421245,0.358974358974359,0.16696424782276154,0.21245421245421245,,,,,accuracy,0.21245421245421245,,21.245421245421245,909,15.641,7.5027469393445525,3.2426340470317294,47,train,False,,,9
M1,N8,E10a,T12b,categorical,3.7309579849243164,0.15730337078651685,0.24344569288389514,0.16559532284736633,0.15730337078651685,,,,,accuracy,0.15730337078651685,,15.730337078651685,890,15.533,7.522728107683539,3.2836889414087804,47,train,False,,,10
M1,N8,E10a,T12b,categorical,3.727679491043091,0.17424242424242425,0.29924242424242425,0.16570664942264557,0.17424242424242425,,,,,accuracy,0.17424242424242425,,17.424242424242426,877,15.936,7.48126438751053,3.264224731722255,47,train,False,,,11
M1,N8,E10a,T12b,categorical,3.719625234603882,0.16287878787878787,0.3333333333333333,0.16718482971191406,0.16287878787878787,,,,,accuracy,0.16287878787878787,,16.28787878787879,879,16.249,7.510630184561512,3.2668892806601035,47,train,False,,,12
M1,N8,E10a,T12b,categorical,3.694979429244995,0.21641791044776118,0.31716417910447764,0.17173314094543457,0.21641791044776118,,,,,accuracy,0.21641791044776118,,21.641791044776117,892,16.417,7.4783681557855655,3.2362769146645944,47,train,False,,,13
M1,N8,E10a,T12b,categorical,3.7563533782958984,0.1553030303030303,0.23484848484848486,0.1610458791255951,0.1553030303030303,,,,,accuracy,0.1553030303030303,,15.530303030303031,879,16.641,7.496467471520985,3.260277153735803,47,train,False,,,14
M1,N8,E10a,T12b,categorical,3.6735644340515137,0.22180451127819548,0.3383458646616541,0.1764264553785324,0.22180451127819548,,,,,accuracy,0.22180451127819548,,22.18045112781955,884,16.164,7.5135092897161435,3.204469154913049,47,train,False,,,15
M1,N8,E10a,T12b,categorical,3.6572978496551514,0.16728624535315986,0.31970260223048325,0.17849594354629517,0.16728624535315986,,,,,accuracy,0.16728624535315986,,16.728624535315987,896,16.195,7.514021265286967,3.182452479320435,47,train,False,,,16
M1,N8,E10a,T12b,categorical,3.706467390060425,0.1794871794871795,0.27472527472527475,0.1693386286497116,0.1794871794871795,,,,,accuracy,0.1794871794871795,,17.94871794871795,909,16.333,7.483065424982576,3.2097470833426804,47,train,False,,,17
M1,N8,E10a,T12b,categorical,3.67578125,0.20074349442379183,0.37174721189591076,0.17664766311645508,0.20074349442379183,,,,,accuracy,0.20074349442379183,,20.074349442379184,896,15.663,7.499943179839269,3.2391163419576507,47,train,False,,,18
M1,N8,E10a,T12b,categorical,3.737185001373291,0.09665427509293681,0.26022304832713755,0.1638384759426117,0.09665427509293681,,,,,accuracy,0.09665427509293681,,9.66542750929368,894,16.411,7.5001724198577975,3.268273595673592,47,train,False,,,19
M1,N8,E10a,T12b,categorical,3.6917130947113037,0.16226415094339622,0.3169811320754717,0.17237959802150726,0.16226415094339622,,,,,accuracy,0.16226415094339622,,16.22641509433962,883,16.112,7.530753347560701,3.294578652236697,47,test,False,,,0
M1,N8,E10a,T12b,categorical,3.7481508255004883,0.18181818181818182,0.2878787878787879,0.1622249186038971,0.18181818181818182,,,,,accuracy,0.18181818181818182,,18.181818181818183,878,15.494,7.529993476345614,3.3135369268298924,47,test,False,,,1
M1,N8,E10a,T12b,categorical,3.7313268184661865,0.15708812260536398,0.3103448275862069,0.16482526063919067,0.15708812260536398,,,,,accuracy,0.15708812260536398,,15.708812260536398,870,15.821,7.514162288231781,3.2488107857658477,47,test,False,,,2
M1,N8,E10a,T12b,categorical,3.740670919418335,0.1685823754789272,0.2796934865900383,0.16289187967777252,0.1685823754789272,,,,,accuracy,0.1685823754789272,,16.85823754789272,867,15.876,7.504941832012794,3.2344624675705402,47,test,False,,,3
M1,N8,E10a,T12b,categorical,3.7397031784057617,0.18702290076335878,0.26717557251908397,0.16371572017669678,0.18702290076335878,,,,,accuracy,0.18702290076335878,,18.702290076335878,873,15.554,7.518404823962775,3.2432864074300136,47,test,False,,,4
M1,N8,E10a,T12b,categorical,3.6984519958496094,0.20075757575757575,0.3106060606060606,0.17158250510692596,0.20075757575757575,,,,,accuracy,0.20075757575757575,,20.075757575757574,878,15.508,7.517523972497633,3.263574799418261,47,test,False,,,5
M1,N8,E10a,T12b,categorical,3.7410166263580322,0.15503875968992248,0.24806201550387597,0.16309550404548645,0.15503875968992248,,,,,accuracy,0.15503875968992248,,15.503875968992247,857,15.137,7.544975984300849,3.2456792858931536,47,test,False,,,6
M1,N8,E10a,T12b,categorical,3.7160916328430176,0.18773946360153257,0.30268199233716475,0.1678285151720047,0.18773946360153257,,,,,accuracy,0.18773946360153257,,18.773946360153257,868,15.455,7.550936336080205,3.283133772576751,47,test,False,,,7
M1,N8,E10a,T12b,categorical,3.7439167499542236,0.10305343511450382,0.3282442748091603,0.16255038976669312,0.10305343511450382,,,,,accuracy,0.10305343511450382,,10.305343511450381,872,15.748,7.487138739355764,3.239851413848673,47,test,False,,,8
M1,N8,E10a,T12b,categorical,3.682668685913086,0.16666666666666666,0.313953488372093,0.174608513712883,0.16666666666666666,,,,,accuracy,0.16666666666666666,,16.666666666666664,859,15.089,7.519481216841852,3.22174992971119,47,test,False,,,9
M1,N8,E10a,T12b,categorical,3.7039098739624023,0.16279069767441862,0.313953488372093,0.1709134578704834,0.16279069767441862,,,,,accuracy,0.16279069767441862,,16.27906976744186,857,15.468,7.509217749488538,3.26199792522676,47,test,False,,,10
M1,N8,E10a,T12b,categorical,3.6641016006469727,0.17557251908396945,0.3282442748091603,0.17723707854747772,0.17557251908396945,,,,,accuracy,0.17557251908396945,,17.557251908396946,872,15.536,7.535802277782723,3.2346528811611743,47,test,False,,,11
M1,N8,E10a,T12b,categorical,3.688493251800537,0.16796875,0.32421875,0.17338398098945618,0.16796875,,,,,accuracy,0.16796875,,16.796875,851,15.348,7.5260117044301795,3.23676286168255,47,test,False,,,12
M1,N8,E10a,T12b,categorical,3.7124485969543457,0.1984126984126984,0.34523809523809523,0.16786351799964905,0.1984126984126984,,,,,accuracy,0.1984126984126984,,19.841269841269842,838,15.66,7.552725209685217,3.2260088468999624,47,test,False,,,13
M1,N8,E10a,T12b,categorical,3.687886953353882,0.18875502008032127,0.3253012048192771,0.17342542111873627,0.18875502008032127,,,,,accuracy,0.18875502008032127,,18.87550200803213,829,16.25,7.558817396189369,3.1940526341066353,47,test,False,,,14
M1,N8,E10a,T12b,categorical,3.7362327575683594,0.14728682170542637,0.2054263565891473,0.16365593671798706,0.14728682170542637,,,,,accuracy,0.14728682170542637,,14.728682170542637,858,15.878,7.53676900419063,3.2828212686064435,47,test,False,,,15
M1,N8,E10a,T12b,categorical,3.7402844429016113,0.16862745098039217,0.27450980392156865,0.16336219012737274,0.16862745098039217,,,,,accuracy,0.16862745098039217,,16.862745098039216,850,15.776,7.523813086475161,3.2495591215776454,47,test,False,,,16
M1,N8,E10a,T12b,categorical,3.691155433654785,0.1576923076923077,0.3153846153846154,0.17314063012599945,0.1576923076923077,,,,,accuracy,0.1576923076923077,,15.769230769230768,866,16.204,7.53339077991128,3.2744614003408214,47,test,False,,,17
M1,N8,E10a,T12b,categorical,3.6756958961486816,0.18359375,0.3359375,0.1750565767288208,0.18359375,,,,,accuracy,0.18359375,,18.359375,852,15.673,7.527293408304229,3.2184702739502553,47,test,False,,,18
M1,N8,E10a,T12b,categorical,3.6969354152679443,0.16538461538461538,0.31153846153846154,0.17091645300388336,0.16538461538461538,,,,,accuracy,0.16538461538461538,,16.538461538461537,866,15.566,7.542082611625525,3.273549849160496,47,test,False,,,19
M1,N8,E10a,T12e,categorical,3.73500919342041,0.15471698113207547,0.30943396226415093,0.16395063698291779,0.15471698113207547,,,,,accuracy,0.15471698113207547,,15.471698113207546,881,0.0,0.0,3.2790889486625647,47,train,False,,,0
M1,N8,E10a,T12e,categorical,3.717151403427124,0.1455223880597015,0.26865671641791045,0.16692940890789032,0.1455223880597015,,,,,accuracy,0.1455223880597015,,14.55223880597015,893,0.0,0.0,3.2313609491162514,47,train,False,,,1
M1,N8,E10a,T12e,categorical,3.710996150970459,0.17424242424242425,0.3143939393939394,0.16875946521759033,0.17424242424242425,,,,,accuracy,0.17424242424242425,,17.424242424242426,880,0.0,0.0,3.1780018583470007,47,train,False,,,2
M1,N8,E10a,T12e,categorical,3.726637125015259,0.16236162361623616,0.31365313653136534,0.1663295328617096,0.16236162361623616,,,,,accuracy,0.16236162361623616,,16.236162361623617,902,0.0,0.0,3.2521090720727983,47,train,False,,,3
M1,N8,E10a,T12e,categorical,3.720986843109131,0.15355805243445692,0.30711610486891383,0.16699129343032837,0.15355805243445692,,,,,accuracy,0.15355805243445692,,15.355805243445692,889,0.0,0.0,3.2979903420232266,47,train,False,,,4
M1,N8,E10a,T12e,categorical,3.714191436767578,0.1455223880597015,0.27238805970149255,0.16732729971408844,0.1455223880597015,,,,,accuracy,0.1455223880597015,,14.55223880597015,892,0.0,0.0,3.254135217443921,47,train,False,,,5
M1,N8,E10a,T12e,categorical,3.717780590057373,0.1970260223048327,0.35687732342007433,0.16763801872730255,0.1970260223048327,,,,,accuracy,0.1970260223048327,,19.702602230483272,896,0.0,0.0,3.2025056315129636,47,train,False,,,6
M1,N8,E10a,T12e,categorical,3.736849546432495,0.1044776119402985,0.3208955223880597,0.16385042667388916,0.1044776119402985,,,,,accuracy,0.1044776119402985,,10.44776119402985,893,0.0,0.0,3.2484512185752052,47,train,False,,,7
M1,N8,E10a,T12e,categorical,3.7469756603240967,0.17358490566037735,0.3018867924528302,0.16239455342292786,0.17358490566037735,,,,,accuracy,0.17358490566037735,,17.358490566037734,881,0.0,0.0,3.2409952498452226,47,train,False,,,8
M1,N8,E10a,T12e,categorical,3.696760654449463,0.21245421245421245,0.37362637362637363,0.17049533128738403,0.21245421245421245,,,,,accuracy,0.21245421245421245,,21.245421245421245,909,0.0,0.0,3.2426340470317294,47,train,False,,,9
M1,N8,E10a,T12e,categorical,3.756342887878418,0.15730337078651685,0.26591760299625467,0.16073991358280182,0.15730337078651685,,,,,accuracy,0.15730337078651685,,15.730337078651685,890,0.0,0.0,3.2836889414087804,47,train,False,,,10
M1,N8,E10a,T12e,categorical,3.690062999725342,0.17424242424242425,0.2537878787878788,0.17185284197330475,0.17424242424242425,,,,,accuracy,0.17424242424242425,,17.424242424242426,877,0.0,0.0,3.264224731722255,47,train,False,,,11
M1,N8,E10a,T12e,categorical,3.7174160480499268,0.16287878787878787,0.2916666666666667,0.16793358325958252,0.16287878787878787,,,,,accuracy,0.16287878787878787,,16.28787878787879,879,0.0,0.0,3.2668892806601035,47,train,False,,,12
M1,N8,E10a,T12e,categorical,3.654384136199951,0.21641791044776118,0.332089552238806,0.1800774186849594,0.21641791044776118,,,,,accuracy,0.21641791044776118,,21.641791044776117,892,0.0,0.0,3.2362769146645944,47,train,False,,,13
M1,N8,E10a,T12e,categorical,3.724959373474121,0.1553030303030303,0.2916666666666667,0.16580338776111603,0.1553030303030303,,,,,accuracy,0.1553030303030303,,15.530303030303031,879,0.0,0.0,3.260277153735803,47,train,False,,,14
M1,N8,E10a,T12e,categorical,3.7248947620391846,0.22180451127819548,0.2894736842105263,0.16620518267154694,0.22180451127819548,,,,,accuracy,0.22180451127819548,,22.18045112781955,884,0.0,0.0,3.204469154913049,47,train,False,,,15
M1,N8,E10a,T12e,categorical,3.705174446105957,0.16728624535315986,0.3048327137546468,0.16974806785583496,0.16728624535315986,,,,,accuracy,0.16728624535315986,,16.728624535315987,896,0.0,0.0,3.182452479320435,47,train,False,,,16
M1,N8,E10a,T12e,categorical,3.7062370777130127,0.1794871794871795,0.2490842490842491,0.1688195765018463,0.1794871794871795,,,,,accuracy,0.1794871794871795,,17.94871794871795,909,0.0,0.0,3.2097470833426804,47,train,False,,,17
M1,N8,E10a,T12e,categorical,3.6823389530181885,0.20074349442379183,0.3680297397769517,0.17518110573291779,0.20074349442379183,,,,,accuracy,0.20074349442379183,,20.074349442379184,896,0.0,0.0,3.2391163419576507,47,train,False,,,18
M1,N8,E10a,T12e,categorical,3.705993413925171,0.09665427509293681,0.2527881040892193,0.1700599640607834,0.09665427509293681,,,,,accuracy,0.09665427509293681,,9.66542750929368,894,0.0,0.0,3.268273595673592,47,train,False,,,19
M1,N8,E10a,T12e,categorical,3.72578501701355,0.16226415094339622,0.2339622641509434,0.16655762493610382,0.16226415094339622,,,,,accuracy,0.16226415094339622,,16.22641509433962,883,0.0,0.0,3.294578652236697,47,test,False,,,0
M1,N8,E10a,T12e,categorical,3.708732843399048,0.18181818181818182,0.2878787878787879,0.16928207874298096,0.18181818181818182,,,,,accuracy,0.18181818181818182,,18.181818181818183,878,0.0,0.0,3.3135369268298924,47,test,False,,,1
M1,N8,E10a,T12e,categorical,3.7642619609832764,0.16475095785440613,0.2835249042145594,0.1594095379114151,0.16475095785440613,,,,,accuracy,0.16475095785440613,,16.47509578544061,870,0.0,0.0,3.2488107857658477,47,test,False,,,2
M1,N8,E10a,T12e,categorical,3.7402541637420654,0.19157088122605365,0.2681992337164751,0.16285060346126556,0.19157088122605365,,,,,accuracy,0.19157088122605365,,19.157088122605366,867,0.0,0.0,3.2344624675705402,47,test,False,,,3
M1,N8,E10a,T12e,categorical,3.7336597442626953,0.18702290076335878,0.31297709923664124,0.16545923054218292,0.18702290076335878,,,,,accuracy,0.18702290076335878,,18.702290076335878,873,0.0,0.0,3.2432864074300136,47,test,False,,,4
M1,N8,E10a,T12e,categorical,3.7205023765563965,0.20075757575757575,0.2840909090909091,0.1665996015071869,0.20075757575757575,,,,,accuracy,0.20075757575757575,,20.075757575757574,878,0.0,0.0,3.263574799418261,47,test,False,,,5
M1,N8,E10a,T12e,categorical,3.740971088409424,0.15503875968992248,0.3178294573643411,0.16326303780078888,0.15503875968992248,,,,,accuracy,0.15503875968992248,,15.503875968992247,857,0.0,0.0,3.2456792858931536,47,test,False,,,6
M1,N8,E10a,T12e,categorical,3.6884560585021973,0.18773946360153257,0.34099616858237547,0.1730632781982422,0.18773946360153257,,,,,accuracy,0.18773946360153257,,18.773946360153257,868,0.0,0.0,3.283133772576751,47,test,False,,,7
M1,N8,E10a,T12e,categorical,3.7187774181365967,0.14885496183206107,0.3053435114503817,0.16700085997581482,0.14885496183206107,,,,,accuracy,0.14885496183206107,,14.885496183206106,872,0.0,0.0,3.239851413848673,47,test,False,,,8
M1,N8,E10a,T12e,categorical,3.73245906829834,0.16666666666666666,0.3449612403100775,0.16526468098163605,0.16666666666666666,,,,,accuracy,0.16666666666666666,,16.666666666666664,859,0.0,0.0,3.22174992971119,47,test,False,,,9
M1,N8,E10a,T12e,categorical,3.7303664684295654,0.16279069767441862,0.2558139534883721,0.16592875123023987,0.16279069767441862,,,,,accuracy,0.16279069767441862,,16.27906976744186,857,0.0,0.0,3.26199792522676,47,test,False,,,10
M1,N8,E10a,T12e,categorical,3.725480794906616,0.17557251908396945,0.3244274809160305,0.1658860146999359,0.17557251908396945,,,,,accuracy,0.17557251908396945,,17.557251908396946,872,0.0,0.0,3.2346528811611743,47,test,False,,,11
M1,N8,E10a,T12e,categorical,3.7457115650177,0.16796875,0.24609375,0.16224683821201324,0.16796875,,,,,accuracy,0.16796875,,16.796875,851,0.0,0.0,3.23676286168255,47,test,False,,,12
M1,N8,E10a,T12e,categorical,3.6576356887817383,0.1984126984126984,0.34523809523809523,0.17961332201957703,0.1984126984126984,,,,,accuracy,0.1984126984126984,,19.841269841269842,838,0.0,0.0,3.2260088468999624,47,test,False,,,13
M1,N8,E10a,T12e,categorical,3.6710286140441895,0.18875502008032127,0.285140562248996,0.1765928864479065,0.18875502008032127,,,,,accuracy,0.18875502008032127,,18.87550200803213,829,0.0,0.0,3.1940526341066353,47,test,False,,,14
M1,N8,E10a,T12e,categorical,3.707434892654419,0.14728682170542637,0.3333333333333333,0.1689242720603943,0.14728682170542637,,,,,accuracy,0.14728682170542637,,14.728682170542637,858,0.0,0.0,3.2828212686064435,47,test,False,,,15
M1,N8,E10a,T12e,categorical,3.6920969486236572,0.17254901960784313,0.32941176470588235,0.17164629697799683,0.17254901960784313,,,,,accuracy,0.17254901960784313,,17.254901960784313,850,0.0,0.0,3.2495591215776454,47,test,False,,,16
M1,N8,E10a,T12e,categorical,3.708784341812134,0.1576923076923077,0.25769230769230766,0.16886143386363983,0.1576923076923077,,,,,accuracy,0.1576923076923077,,15.769230769230768,866,0.0,0.0,3.2744614003408214,47,test,False,,,17
M1,N8,E10a,T12e,categorical,3.6994731426239014,0.18359375,0.31640625,0.17024418711662292,0.18359375,,,,,accuracy,0.18359375,,18.359375,852,0.0,0.0,3.2184702739502553,47,test,False,,,18
M1,N8,E10a,T12e,categorical,3.7344412803649902,0.16538461538461538,0.2923076923076923,0.16414836049079895,0.16538461538461538,,,,,accuracy,0.16538461538461538,,16.538461538461537,866,0.0,0.0,3.273549849160496,47,test,False,,,19
M1,N8,E10b,T12a,categorical,3.7282211780548096,0.13584905660377358,0.27169811320754716,0.1662365049123764,0.13584905660377358,,,,,accuracy,0.13584905660377358,,13.584905660377359,881,68.618,7.296330850432761,3.2790889486625647,47,train,False,,,0
M1,N8,E10b,T12a,categorical,3.705066680908203,0.1455223880597015,0.2798507462686567,0.16957628726959229,0.1455223880597015,,,,,accuracy,0.1455223880597015,,14.55223880597015,893,71.171,7.292496147374388,3.2313609491162514,47,train,False,,,1
M1,N8,E10b,T12a,categorical,3.7197463512420654,0.17424242424242425,0.2840909090909091,0.1673566699028015,0.17424242424242425,,,,,accuracy,0.17424242424242425,,17.424242424242426,880,70.979,7.312019931721841,3.1780018583470007,47,train,False,,,2
M1,N8,E10b,T12a,categorical,3.7095351219177246,0.16236162361623616,0.33579335793357934,0.16911828517913818,0.16236162361623616,,,,,accuracy,0.16236162361623616,,16.236162361623617,902,66.069,7.314504909369051,3.2521090720727983,47,train,False,,,3
M1,N8,E10b,T12a,categorical,3.6900951862335205,0.15355805243445692,0.24719101123595505,0.17293785512447357,0.15355805243445692,,,,,accuracy,0.15355805243445692,,15.355805243445692,889,69.446,7.3256473128846515,3.2979903420232266,47,train,False,,,4
M1,N8,E10b,T12a,categorical,3.714237928390503,0.1455223880597015,0.27238805970149255,0.16719985008239746,0.1455223880597015,,,,,accuracy,0.1455223880597015,,14.55223880597015,892,68.552,7.281902291794099,3.254135217443921,47,train,False,,,5
M1,N8,E10b,T12a,categorical,3.696359872817993,0.1970260223048327,0.3308550185873606,0.17209188640117645,0.1970260223048327,,,,,accuracy,0.1970260223048327,,19.702602230483272,896,71.512,7.298147136286968,3.2025056315129636,47,train,False,,,6
M1,N8,E10b,T12a,categorical,3.6917500495910645,0.16791044776119404,0.3283582089552239,0.17246517539024353,0.16791044776119404,,,,,accuracy,0.16791044776119404,,16.791044776119403,893,68.508,7.314719743127351,3.2484512185752052,47,train,False,,,7
M1,N8,E10b,T12a,categorical,3.700674295425415,0.17358490566037735,0.3169811320754717,0.17026574909687042,0.17358490566037735,,,,,accuracy,0.17358490566037735,,17.358490566037734,881,72.413,7.326899384876668,3.2409952498452226,47,train,False,,,8
M1,N8,E10b,T12a,categorical,3.633716583251953,0.21245421245421245,0.37362637362637363,0.18225909769535065,0.21245421245421245,,,,,accuracy,0.21245421245421245,,21.245421245421245,909,70.539,7.2580545347946535,3.2426340470317294,47,train,False,,,9
M1,N8,E10b,T12a,categorical,3.72566819190979,0.15730337078651685,0.26217228464419473,0.1658254861831665,0.15730337078651685,,,,,accuracy,0.15730337078651685,,15.730337078651685,890,66.37,7.295705287832417,3.2836889414087804,47,train,False,,,10
M1,N8,E10b,T12a,categorical,3.7164247035980225,0.17424242424242425,0.3560606060606061,0.1676984280347824,0.17424242424242425,,,,,accuracy,0.17424242424242425,,17.424242424242426,877,70.931,7.283467574092641,3.264224731722255,47,train,False,,,11
M1,N8,E10b,T12a,categorical,3.70478892326355,0.16287878787878787,0.2916666666666667,0.1695617288351059,0.16287878787878787,,,,,accuracy,0.16287878787878787,,16.28787878787879,879,67.395,7.305941711264974,3.2668892806601035,47,train,False,,,12
M1,N8,E10b,T12a,categorical,3.7356913089752197,0.22014925373134328,0.3283582089552239,0.16424694657325745,0.22014925373134328,,,,,accuracy,0.22014925373134328,,22.01492537313433,892,70.873,7.293641907238109,3.2362769146645944,47,train,False,,,13
M1,N8,E10b,T12a,categorical,3.7473926544189453,0.1553030303030303,0.2878787878787879,0.16267423331737518,0.1553030303030303,,,,,accuracy,0.1553030303030303,,15.530303030303031,879,71.341,7.305902455955991,3.260277153735803,47,train,False,,,14
M1,N8,E10b,T12a,categorical,3.7222161293029785,0.22180451127819548,0.3383458646616541,0.16708436608314514,0.22180451127819548,,,,,accuracy,0.22180451127819548,,22.18045112781955,884,74.068,7.277833203039909,3.204469154913049,47,train,False,,,15
M1,N8,E10b,T12a,categorical,3.711940288543701,0.16728624535315986,0.27137546468401486,0.16922521591186523,0.16728624535315986,,,,,accuracy,0.16728624535315986,,16.728624535315987,896,70.003,7.290232696506256,3.182452479320435,47,train,False,,,16
M1,N8,E10b,T12a,categorical,3.7389721870422363,0.18315018315018314,0.3516483516483517,0.16348573565483093,0.18315018315018314,,,,,accuracy,0.18315018315018314,,18.315018315018314,909,71.694,7.284695760161748,3.2097470833426804,47,train,False,,,17
M1,N8,E10b,T12a,categorical,3.6556622982025146,0.20074349442379183,0.3643122676579926,0.18216390907764435,0.20074349442379183,,,,,accuracy,0.20074349442379183,,20.074349442379184,896,67.332,7.3005294525050894,3.2391163419576507,47,train,False,,,18
M1,N8,E10b,T12a,categorical,3.7394092082977295,0.09665427509293681,0.21189591078066913,0.16365733742713928,0.09665427509293681,,,,,accuracy,0.09665427509293681,,9.66542750929368,894,66.115,7.3090719560105,3.268273595673592,47,train,False,,,19
M1,N8,E10b,T12a,categorical,3.716170310974121,0.16226415094339622,0.3169811320754717,0.1679965704679489,0.16226415094339622,,,,,accuracy,0.16226415094339622,,16.22641509433962,883,62.532,7.332078652862888,3.294578652236697,47,test,False,,,0
M1,N8,E10b,T12a,categorical,3.7165656089782715,0.18181818181818182,0.29545454545454547,0.16775327920913696,0.18181818181818182,,,,,accuracy,0.18181818181818182,,18.181818181818183,878,62.086,7.306993971403129,3.3135369268298924,47,test,False,,,1
M1,N8,E10b,T12a,categorical,3.7424440383911133,0.15708812260536398,0.2796934865900383,0.16278114914894104,0.15708812260536398,,,,,accuracy,0.15708812260536398,,15.708812260536398,870,67.977,7.306595945058938,3.2488107857658477,47,test,False,,,2
M1,N8,E10b,T12a,categorical,3.7195117473602295,0.1685823754789272,0.2835249042145594,0.16715162992477417,0.1685823754789272,,,,,accuracy,0.1685823754789272,,16.85823754789272,867,64.281,7.309495416164804,3.2344624675705402,47,test,False,,,3
M1,N8,E10b,T12a,categorical,3.730529546737671,0.18702290076335878,0.3282442748091603,0.1655605286359787,0.18702290076335878,,,,,accuracy,0.18702290076335878,,18.702290076335878,873,64.207,7.302092825266744,3.2432864074300136,47,test,False,,,4
M1,N8,E10b,T12a,categorical,3.6851820945739746,0.20075757575757575,0.3446969696969697,0.17348039150238037,0.20075757575757575,,,,,accuracy,0.20075757575757575,,20.075757575757574,878,64.546,7.322863100377273,3.263574799418261,47,test,False,,,5
M1,N8,E10b,T12a,categorical,3.7176380157470703,0.15503875968992248,0.3178294573643411,0.1676410734653473,0.15503875968992248,,,,,accuracy,0.15503875968992248,,15.503875968992247,857,65.691,7.317730497123874,3.2456792858931536,47,test,False,,,6
M1,N8,E10b,T12a,categorical,3.717329263687134,0.18773946360153257,0.3448275862068966,0.1669004261493683,0.18773946360153257,,,,,accuracy,0.18773946360153257,,18.773946360153257,868,60.124,7.333537299979956,3.283133772576751,47,test,False,,,7
M1,N8,E10b,T12a,categorical,3.714381456375122,0.16030534351145037,0.32061068702290074,0.16796717047691345,0.16030534351145037,,,,,accuracy,0.16030534351145037,,16.030534351145036,872,65.32,7.298746403656999,3.239851413848673,47,test,False,,,8
M1,N8,E10b,T12a,categorical,3.7220606803894043,0.16666666666666666,0.313953488372093,0.16707614064216614,0.16666666666666666,,,,,accuracy,0.16666666666666666,,16.666666666666664,859,66.861,7.298545757592144,3.22174992971119,47,test,False,,,9
M1,N8,E10b,T12a,categorical,3.717364549636841,0.16279069767441862,0.31007751937984496,0.1672249138355255,0.16279069767441862,,,,,accuracy,0.16279069767441862,,16.27906976744186,857,67.775,7.317506636946337,3.26199792522676,47,test,False,,,10
M1,N8,E10b,T12a,categorical,3.6909165382385254,0.17557251908396945,0.2595419847328244,0.1723460555076599,0.17557251908396945,,,,,accuracy,0.17557251908396945,,17.557251908396946,872,69.185,7.324500285428739,3.2346528811611743,47,test,False,,,11
M1,N8,E10b,T12a,categorical,3.7161521911621094,0.16796875,0.30859375,0.16790634393692017,0.16796875,,,,,accuracy,0.16796875,,16.796875,851,64.57,7.334445227049822,3.23676286168255,47,test,False,,,12
M1,N8,E10b,T12a,categorical,3.7000062465667725,0.1984126984126984,0.373015873015873,0.17058126628398895,0.1984126984126984,,,,,accuracy,0.1984126984126984,,19.841269841269842,838,69.408,7.32132158050314,3.2260088468999624,47,test,False,,,13
M1,N8,E10b,T12a,categorical,3.7532126903533936,0.18875502008032127,0.3092369477911647,0.16105540096759796,0.18875502008032127,,,,,accuracy,0.18875502008032127,,18.87550200803213,829,70.705,7.327247184250992,3.1940526341066353,47,test,False,,,14
M1,N8,E10b,T12a,categorical,3.7032628059387207,0.08914728682170543,0.3333333333333333,0.16913166642189026,0.08914728682170543,,,,,accuracy,0.08914728682170543,,8.914728682170542,858,66.402,7.321069320564622,3.2828212686064435,47,test,False,,,15
M1,N8,E10b,T12a,categorical,3.7537217140197754,0.1607843137254902,0.2980392156862745,0.16093257069587708,0.1607843137254902,,,,,accuracy,0.1607843137254902,,16.07843137254902,850,67.263,7.288997650391316,3.2495591215776454,47,test,False,,,16
M1,N8,E10b,T12a,categorical,3.669426202774048,0.1576923076923077,0.3,0.176863431930542,0.1576923076923077,,,,,accuracy,0.1576923076923077,,15.769230769230768,866,62.442,7.3496820159982095,3.2744614003408214,47,test,False,,,17
M1,N8,E10b,T12a,categorical,3.7225444316864014,0.1875,0.328125,0.16640876233577728,0.1875,,,,,accuracy,0.1875,,18.75,852,68.508,7.30801922284512,3.2184702739502553,47,test,False,,,18
M1,N8,E10b,T12a,categorical,3.7096571922302246,0.16538461538461538,0.3038461538461538,0.1691807210445404,0.16538461538461538,,,,,accuracy,0.16538461538461538,,16.538461538461537,866,66.731,7.322616922144395,3.273549849160496,47,test,False,,,19
M1,N8,E10b,T12b,categorical,3.705608367919922,0.13584905660377358,0.29056603773584905,0.169657364487648,0.13584905660377358,,,,,accuracy,0.13584905660377358,,13.584905660377359,881,15.936,7.493965271091904,3.2790889486625647,47,train,False,,,0
M1,N8,E10b,T12b,categorical,3.7469754219055176,0.1455223880597015,0.27238805970149255,0.16214202344417572,0.1455223880597015,,,,,accuracy,0.1455223880597015,,14.55223880597015,893,16.595,7.549472420585582,3.2313609491162514,47,train,False,,,1
M1,N8,E10b,T12b,categorical,3.6697845458984375,0.17424242424242425,0.32575757575757575,0.17684607207775116,0.17424242424242425,,,,,accuracy,0.17424242424242425,,17.424242424242426,880,15.997,7.518117797981741,3.1780018583470007,47,train,False,,,2
M1,N8,E10b,T12b,categorical,3.7190184593200684,0.16236162361623616,0.2693726937269373,0.16760678589344025,0.16236162361623616,,,,,accuracy,0.16236162361623616,,16.236162361623617,902,15.976,7.532051806037881,3.2521090720727983,47,train,False,,,3
M1,N8,E10b,T12b,categorical,3.7443463802337646,0.15355805243445692,0.23220973782771537,0.16238120198249817,0.15355805243445692,,,,,accuracy,0.15355805243445692,,15.355805243445692,889,15.526,7.530021364612626,3.2979903420232266,47,train,False,,,4
M1,N8,E10b,T12b,categorical,3.7093851566314697,0.1455223880597015,0.2798507462686567,0.16837367415428162,0.1455223880597015,,,,,accuracy,0.1455223880597015,,14.55223880597015,892,16.107,7.524790897639155,3.254135217443921,47,train,False,,,5
M1,N8,E10b,T12b,categorical,3.6773993968963623,0.1970260223048327,0.3345724907063197,0.1747913658618927,0.1970260223048327,,,,,accuracy,0.1970260223048327,,19.702602230483272,896,15.908,7.504946637832015,3.2025056315129636,47,train,False,,,6
M1,N8,E10b,T12b,categorical,3.7059240341186523,0.16791044776119404,0.31343283582089554,0.16868312656879425,0.16791044776119404,,,,,accuracy,0.16791044776119404,,16.791044776119403,893,15.893,7.5261571137870575,3.2484512185752052,47,train,False,,,7
M1,N8,E10b,T12b,categorical,3.720435857772827,0.17358490566037735,0.25660377358490566,0.16676181554794312,0.17358490566037735,,,,,accuracy,0.17358490566037735,,17.358490566037734,881,16.156,7.506967720286163,3.2409952498452226,47,train,False,,,8
M1,N8,E10b,T12b,categorical,3.6935646533966064,0.21245421245421245,0.3992673992673993,0.1716848462820053,0.21245421245421245,,,,,accuracy,0.21245421245421245,,21.245421245421245,909,15.641,7.5027469393445525,3.2426340470317294,47,train,False,,,9
M1,N8,E10b,T12b,categorical,3.740544319152832,0.15355805243445692,0.26591760299625467,0.16313982009887695,0.15355805243445692,,,,,accuracy,0.15355805243445692,,15.355805243445692,890,15.533,7.522728107683539,3.2836889414087804,47,train,False,,,10
M1,N8,E10b,T12b,categorical,3.705655574798584,0.17424242424242425,0.32196969696969696,0.17112956941127777,0.17424242424242425,,,,,accuracy,0.17424242424242425,,17.424242424242426,877,15.936,7.48126438751053,3.264224731722255,47,train,False,,,11
M1,N8,E10b,T12b,categorical,3.715982675552368,0.16287878787878787,0.2916666666666667,0.16811420023441315,0.16287878787878787,,,,,accuracy,0.16287878787878787,,16.28787878787879,879,16.249,7.510630184561512,3.2668892806601035,47,train,False,,,12
M1,N8,E10b,T12b,categorical,3.742896318435669,0.21641791044776118,0.34701492537313433,0.16289249062538147,0.21641791044776118,,,,,accuracy,0.21641791044776118,,21.641791044776117,892,16.417,7.4783681557855655,3.2362769146645944,47,train,False,,,13
M1,N8,E10b,T12b,categorical,3.7253165245056152,0.1553030303030303,0.25757575757575757,0.1658354550600052,0.1553030303030303,,,,,accuracy,0.1553030303030303,,15.530303030303031,879,16.641,7.496467471520985,3.260277153735803,47,train,False,,,14
M1,N8,E10b,T12b,categorical,3.681366205215454,0.22180451127819548,0.3157894736842105,0.17563411593437195,0.22180451127819548,,,,,accuracy,0.22180451127819548,,22.18045112781955,884,16.164,7.5135092897161435,3.204469154913049,47,train,False,,,15
M1,N8,E10b,T12b,categorical,3.751918315887451,0.16728624535315986,0.30111524163568776,0.1613820195198059,0.16728624535315986,,,,,accuracy,0.16728624535315986,,16.728624535315987,896,16.195,7.514021265286967,3.182452479320435,47,train,False,,,16
M1,N8,E10b,T12b,categorical,3.6944220066070557,0.1794871794871795,0.28205128205128205,0.17232392728328705,0.1794871794871795,,,,,accuracy,0.1794871794871795,,17.94871794871795,909,16.333,7.483065424982576,3.2097470833426804,47,train,False,,,17
M1,N8,E10b,T12b,categorical,3.6942601203918457,0.20074349442379183,0.3048327137546468,0.17212717235088348,0.20074349442379183,,,,,accuracy,0.20074349442379183,,20.074349442379184,896,15.663,7.499943179839269,3.2391163419576507,47,train,False,,,18
M1,N8,E10b,T12b,categorical,3.746382474899292,0.09665427509293681,0.26394052044609667,0.16233216226100922,0.09665427509293681,,,,,accuracy,0.09665427509293681,,9.66542750929368,894,16.411,7.5001724198577975,3.268273595673592,47,train,False,,,19
M1,N8,E10b,T12b,categorical,3.6976470947265625,0.16226415094339622,0.32452830188679244,0.1702631711959839,0.16226415094339622,,,,,accuracy,0.16226415094339622,,16.22641509433962,883,16.112,7.530753347560701,3.294578652236697,47,test,False,,,0
M1,N8,E10b,T12b,categorical,3.6919498443603516,0.18181818181818182,0.32196969696969696,0.17397861182689667,0.18181818181818182,,,,,accuracy,0.18181818181818182,,18.181818181818183,878,15.494,7.529993476345614,3.3135369268298924,47,test,False,,,1
M1,N8,E10b,T12b,categorical,3.755837917327881,0.15708812260536398,0.21455938697318008,0.16052819788455963,0.15708812260536398,,,,,accuracy,0.15708812260536398,,15.708812260536398,870,15.821,7.514162288231781,3.2488107857658477,47,test,False,,,2
M1,N8,E10b,T12b,categorical,3.7287843227386475,0.1417624521072797,0.2796934865900383,0.16546370089054108,0.1417624521072797,,,,,accuracy,0.1417624521072797,,14.17624521072797,867,15.876,7.504941832012794,3.2344624675705402,47,test,False,,,3
M1,N8,E10b,T12b,categorical,3.7086853981018066,0.18702290076335878,0.2862595419847328,0.16914749145507812,0.18702290076335878,,,,,accuracy,0.18702290076335878,,18.702290076335878,873,15.554,7.518404823962775,3.2432864074300136,47,test,False,,,4
M1,N8,E10b,T12b,categorical,3.734203815460205,0.20075757575757575,0.32954545454545453,0.1648211032152176,0.20075757575757575,,,,,accuracy,0.20075757575757575,,20.075757575757574,878,15.508,7.517523972497633,3.263574799418261,47,test,False,,,5
M1,N8,E10b,T12b,categorical,3.7294654846191406,0.12015503875968993,0.29457364341085274,0.1650017499923706,0.12015503875968993,,,,,accuracy,0.12015503875968993,,12.015503875968992,857,15.137,7.544975984300849,3.2456792858931536,47,test,False,,,6
M1,N8,E10b,T12b,categorical,3.7674272060394287,0.18773946360153257,0.26053639846743293,0.15875013172626495,0.18773946360153257,,,,,accuracy,0.18773946360153257,,18.773946360153257,868,15.455,7.550936336080205,3.283133772576751,47,test,False,,,7
M1,N8,E10b,T12b,categorical,3.711986780166626,0.16412213740458015,0.3053435114503817,0.16869668662548065,0.16412213740458015,,,,,accuracy,0.16412213740458015,,16.412213740458014,872,15.748,7.487138739355764,3.239851413848673,47,test,False,,,8
M1,N8,E10b,T12b,categorical,3.69740891456604,0.16666666666666666,0.31007751937984496,0.17097783088684082,0.16666666666666666,,,,,accuracy,0.16666666666666666,,16.666666666666664,859,15.089,7.519481216841852,3.22174992971119,47,test,False,,,9
M1,N8,E10b,T12b,categorical,3.710277795791626,0.16279069767441862,0.3062015503875969,0.16903895139694214,0.16279069767441862,,,,,accuracy,0.16279069767441862,,16.27906976744186,857,15.468,7.509217749488538,3.26199792522676,47,test,False,,,10
M1,N8,E10b,T12b,categorical,3.719829559326172,0.17557251908396945,0.3320610687022901,0.1666075736284256,0.17557251908396945,,,,,accuracy,0.17557251908396945,,17.557251908396946,872,15.536,7.535802277782723,3.2346528811611743,47,test,False,,,11
M1,N8,E10b,T12b,categorical,3.6667912006378174,0.16796875,0.33203125,0.1766262799501419,0.16796875,,,,,accuracy,0.16796875,,16.796875,851,15.348,7.5260117044301795,3.23676286168255,47,test,False,,,12
M1,N8,E10b,T12b,categorical,3.6941258907318115,0.1984126984126984,0.3611111111111111,0.1717827469110489,0.1984126984126984,,,,,accuracy,0.1984126984126984,,19.841269841269842,838,15.66,7.552725209685217,3.2260088468999624,47,test,False,,,13
M1,N8,E10b,T12b,categorical,3.726268768310547,0.18875502008032127,0.40160642570281124,0.1658850908279419,0.18875502008032127,,,,,accuracy,0.18875502008032127,,18.87550200803213,829,16.25,7.558817396189369,3.1940526341066353,47,test,False,,,14
M1,N8,E10b,T12b,categorical,3.7409791946411133,0.14728682170542637,0.29069767441860467,0.16271953284740448,0.14728682170542637,,,,,accuracy,0.14728682170542637,,14.728682170542637,858,15.878,7.53676900419063,3.2828212686064435,47,test,False,,,15
M1,N8,E10b,T12b,categorical,3.706784963607788,0.16862745098039217,0.24313725490196078,0.1694057434797287,0.16862745098039217,,,,,accuracy,0.16862745098039217,,16.862745098039216,850,15.776,7.523813086475161,3.2495591215776454,47,test,False,,,16
M1,N8,E10b,T12b,categorical,3.7359235286712646,0.1576923076923077,0.3,0.16387780010700226,0.1576923076923077,,,,,accuracy,0.1576923076923077,,15.769230769230768,866,16.204,7.53339077991128,3.2744614003408214,47,test,False,,,17
M1,N8,E10b,T12b,categorical,3.6449508666992188,0.18359375,0.375,0.1816837340593338,0.18359375,,,,,accuracy,0.18359375,,18.359375,852,15.673,7.527293408304229,3.2184702739502553,47,test,False,,,18
M1,N8,E10b,T12b,categorical,3.7134718894958496,0.16538461538461538,0.27307692307692305,0.16817781329154968,0.16538461538461538,,,,,accuracy,0.16538461538461538,,16.538461538461537,866,15.566,7.542082611625525,3.273549849160496,47,test,False,,,19
M1,N8,E10b,T12e,categorical,3.7123830318450928,0.13584905660377358,0.30943396226415093,0.16932542622089386,0.13584905660377358,,,,,accuracy,0.13584905660377358,,13.584905660377359,881,0.0,0.0,3.2790889486625647,47,train,False,,,0
M1,N8,E10b,T12e,categorical,3.701061725616455,0.1455223880597015,0.2947761194029851,0.17056462168693542,0.1455223880597015,,,,,accuracy,0.1455223880597015,,14.55223880597015,893,0.0,0.0,3.2313609491162514,47,train,False,,,1
M1,N8,E10b,T12e,categorical,3.6969568729400635,0.17424242424242425,0.29545454545454547,0.17135556042194366,0.17424242424242425,,,,,accuracy,0.17424242424242425,,17.424242424242426,880,0.0,0.0,3.1780018583470007,47,train,False,,,2
M1,N8,E10b,T12e,categorical,3.7054426670074463,0.16236162361623616,0.2693726937269373,0.1705760955810547,0.16236162361623616,,,,,accuracy,0.16236162361623616,,16.236162361623617,902,0.0,0.0,3.2521090720727983,47,train,False,,,3
M1,N8,E10b,T12e,categorical,3.7124016284942627,0.15355805243445692,0.2958801498127341,0.169767364859581,0.15355805243445692,,,,,accuracy,0.15355805243445692,,15.355805243445692,889,0.0,0.0,3.2979903420232266,47,train,False,,,4
M1,N8,E10b,T12e,categorical,3.7003042697906494,0.1455223880597015,0.3208955223880597,0.17001749575138092,0.1455223880597015,,,,,accuracy,0.1455223880597015,,14.55223880597015,892,0.0,0.0,3.254135217443921,47,train,False,,,5
M1,N8,E10b,T12e,categorical,3.685981273651123,0.1970260223048327,0.35315985130111527,0.17276856303215027,0.1970260223048327,,,,,accuracy,0.1970260223048327,,19.702602230483272,896,0.0,0.0,3.2025056315129636,47,train,False,,,6
M1,N8,E10b,T12e,categorical,3.7117719650268555,0.16791044776119404,0.3283582089552239,0.1680295318365097,0.16791044776119404,,,,,accuracy,0.16791044776119404,,16.791044776119403,893,0.0,0.0,3.2484512185752052,47,train,False,,,7
M1,N8,E10b,T12e,categorical,3.714365005493164,0.17358490566037735,0.3132075471698113,0.16781368851661682,0.17358490566037735,,,,,accuracy,0.17358490566037735,,17.358490566037734,881,0.0,0.0,3.2409952498452226,47,train,False,,,8
M1,N8,E10b,T12e,categorical,3.6889326572418213,0.21245421245421245,0.326007326007326,0.17283618450164795,0.21245421245421245,,,,,accuracy,0.21245421245421245,,21.245421245421245,909,0.0,0.0,3.2426340470317294,47,train,False,,,9
M1,N8,E10b,T12e,categorical,3.738212823867798,0.15730337078651685,0.26591760299625467,0.16419526934623718,0.15730337078651685,,,,,accuracy,0.15730337078651685,,15.730337078651685,890,0.0,0.0,3.2836889414087804,47,train,False,,,10
M1,N8,E10b,T12e,categorical,3.7002923488616943,0.17424242424242425,0.3522727272727273,0.17047275602817535,0.17424242424242425,,,,,accuracy,0.17424242424242425,,17.424242424242426,877,0.0,0.0,3.264224731722255,47,train,False,,,11
M1,N8,E10b,T12e,categorical,3.739924192428589,0.10227272727272728,0.29924242424242425,0.16346940398216248,0.10227272727272728,,,,,accuracy,0.10227272727272728,,10.227272727272728,879,0.0,0.0,3.2668892806601035,47,train,False,,,12
M1,N8,E10b,T12e,categorical,3.734769582748413,0.21641791044776118,0.30597014925373134,0.1647026687860489,0.21641791044776118,,,,,accuracy,0.21641791044776118,,21.641791044776117,892,0.0,0.0,3.2362769146645944,47,train,False,,,13
M1,N8,E10b,T12e,categorical,3.7018256187438965,0.1553030303030303,0.29924242424242425,0.17027615010738373,0.1553030303030303,,,,,accuracy,0.1553030303030303,,15.530303030303031,879,0.0,0.0,3.260277153735803,47,train,False,,,14
M1,N8,E10b,T12e,categorical,3.6579246520996094,0.22180451127819548,0.37218045112781956,0.179776132106781,0.22180451127819548,,,,,accuracy,0.22180451127819548,,22.18045112781955,884,0.0,0.0,3.204469154913049,47,train,False,,,15
M1,N8,E10b,T12e,categorical,3.721324920654297,0.16728624535315986,0.3048327137546468,0.16666026413440704,0.16728624535315986,,,,,accuracy,0.16728624535315986,,16.728624535315987,896,0.0,0.0,3.182452479320435,47,train,False,,,16
M1,N8,E10b,T12e,categorical,3.681861639022827,0.1794871794871795,0.26373626373626374,0.17419739067554474,0.1794871794871795,,,,,accuracy,0.1794871794871795,,17.94871794871795,909,0.0,0.0,3.2097470833426804,47,train,False,,,17
M1,N8,E10b,T12e,categorical,3.6863515377044678,0.20074349442379183,0.34944237918215615,0.1741936206817627,0.20074349442379183,,,,,accuracy,0.20074349442379183,,20.074349442379184,896,0.0,0.0,3.2391163419576507,47,train,False,,,18
M1,N8,E10b,T12e,categorical,3.736914873123169,0.09665427509293681,0.1970260223048327,0.16422727704048157,0.09665427509293681,,,,,accuracy,0.09665427509293681,,9.66542750929368,894,0.0,0.0,3.268273595673592,47,train,False,,,19
M1,N8,E10b,T12e,categorical,3.7446413040161133,0.16226415094339622,0.3471698113207547,0.1626746505498886,0.16226415094339622,,,,,accuracy,0.16226415094339622,,16.22641509433962,883,0.0,0.0,3.294578652236697,47,test,False,,,0
M1,N8,E10b,T12e,categorical,3.6988730430603027,0.18181818181818182,0.29545454545454547,0.1722680926322937,0.18181818181818182,,,,,accuracy,0.18181818181818182,,18.181818181818183,878,0.0,0.0,3.3135369268298924,47,test,False,,,1
M1,N8,E10b,T12e,categorical,3.693502426147461,0.15708812260536398,0.3103448275862069,0.17178137600421906,0.15708812260536398,,,,,accuracy,0.15708812260536398,,15.708812260536398,870,0.0,0.0,3.2488107857658477,47,test,False,,,2
M1,N8,E10b,T12e,categorical,3.708954095840454,0.1685823754789272,0.31417624521072796,0.16959689557552338,0.1685823754789272,,,,,accuracy,0.1685823754789272,,16.85823754789272,867,0.0,0.0,3.2344624675705402,47,test,False,,,3
M1,N8,E10b,T12e,categorical,3.7053120136260986,0.18702290076335878,0.33587786259541985,0.16951902210712433,0.18702290076335878,,,,,accuracy,0.18702290076335878,,18.702290076335878,873,0.0,0.0,3.2432864074300136,47,test,False,,,4
M1,N8,E10b,T12e,categorical,3.7137393951416016,0.20075757575757575,0.3106060606060606,0.16800947487354279,0.20075757575757575,,,,,accuracy,0.20075757575757575,,20.075757575757574,878,0.0,0.0,3.263574799418261,47,test,False,,,5
M1,N8,E10b,T12e,categorical,3.7383830547332764,0.17054263565891473,0.26356589147286824,0.16363094747066498,0.17054263565891473,,,,,accuracy,0.17054263565891473,,17.05426356589147,857,0.0,0.0,3.2456792858931536,47,test,False,,,6
M1,N8,E10b,T12e,categorical,3.7361652851104736,0.18773946360153257,0.32950191570881227,0.1638241857290268,0.18773946360153257,,,,,accuracy,0.18773946360153257,,18.773946360153257,868,0.0,0.0,3.283133772576751,47,test,False,,,7
M1,N8,E10b,T12e,categorical,3.7175474166870117,0.16030534351145037,0.29770992366412213,0.16749614477157593,0.16030534351145037,,,,,accuracy,0.16030534351145037,,16.030534351145036,872,0.0,0.0,3.239851413848673,47,test,False,,,8
M1,N8,E10b,T12e,categorical,3.699827194213867,0.16666666666666666,0.313953488372093,0.17080989480018616,0.16666666666666666,,,,,accuracy,0.16666666666666666,,16.666666666666664,859,0.0,0.0,3.22174992971119,47,test,False,,,9
M1,N8,E10b,T12e,categorical,3.7061381340026855,0.16279069767441862,0.29069767441860467,0.16979466378688812,0.16279069767441862,,,,,accuracy,0.16279069767441862,,16.27906976744186,857,0.0,0.0,3.26199792522676,47,test,False,,,10
M1,N8,E10b,T12e,categorical,3.681709051132202,0.17557251908396945,0.3282442748091603,0.1742405742406845,0.17557251908396945,,,,,accuracy,0.17557251908396945,,17.557251908396946,872,0.0,0.0,3.2346528811611743,47,test,False,,,11
M1,N8,E10b,T12e,categorical,3.7119836807250977,0.16796875,0.3046875,0.16824255883693695,0.16796875,,,,,accuracy,0.16796875,,16.796875,851,0.0,0.0,3.23676286168255,47,test,False,,,12
M1,N8,E10b,T12e,categorical,3.7291259765625,0.1984126984126984,0.3412698412698413,0.16548001766204834,0.1984126984126984,,,,,accuracy,0.1984126984126984,,19.841269841269842,838,0.0,0.0,3.2260088468999624,47,test,False,,,13
M1,N8,E10b,T12e,categorical,3.741820812225342,0.18875502008032127,0.26506024096385544,0.16270418465137482,0.18875502008032127,,,,,accuracy,0.18875502008032127,,18.87550200803213,829,0.0,0.0,3.1940526341066353,47,test,False,,,14
M1,N8,E10b,T12e,categorical,3.737220048904419,0.14728682170542637,0.32558139534883723,0.16408151388168335,0.14728682170542637,,,,,accuracy,0.14728682170542637,,14.728682170542637,858,0.0,0.0,3.2828212686064435,47,test,False,,,15
M1,N8,E10b,T12e,categorical,3.731187343597412,0.16862745098039217,0.3254901960784314,0.16438961029052734,0.16862745098039217,,,,,accuracy,0.16862745098039217,,16.862745098039216,850,0.0,0.0,3.2495591215776454,47,test,False,,,16
M1,N8,E10b,T12e,categorical,3.7204809188842773,0.1576923076923077,0.20384615384615384,0.16693732142448425,0.1576923076923077,,,,,accuracy,0.1576923076923077,,15.769230769230768,866,0.0,0.0,3.2744614003408214,47,test,False,,,17
M1,N8,E10b,T12e,categorical,3.708873987197876,0.18359375,0.32421875,0.16869091987609863,0.18359375,,,,,accuracy,0.18359375,,18.359375,852,0.0,0.0,3.2184702739502553,47,test,False,,,18
M1,N8,E10b,T12e,categorical,3.7311720848083496,0.16538461538461538,0.28846153846153844,0.16487127542495728,0.16538461538461538,,,,,accuracy,0.16538461538461538,,16.538461538461537,866,0.0,0.0,3.273549849160496,47,test,False,,,19
M1,N8,E10c,T12a,categorical,3.742180109024048,0.07547169811320754,0.2490566037735849,0.16264407336711884,0.07547169811320754,,,,,accuracy,0.07547169811320754,,7.547169811320755,881,68.618,7.296330850432761,3.2790889486625647,47,train,False,,,0
M1,N8,E10c,T12a,categorical,3.696394205093384,0.1455223880597015,0.291044776119403,0.17114414274692535,0.1455223880597015,,,,,accuracy,0.1455223880597015,,14.55223880597015,893,71.171,7.292496147374388,3.2313609491162514,47,train,False,,,1
M1,N8,E10c,T12a,categorical,3.711332321166992,0.17424242424242425,0.2803030303030303,0.16837911307811737,0.17424242424242425,,,,,accuracy,0.17424242424242425,,17.424242424242426,880,70.979,7.312019931721841,3.1780018583470007,47,train,False,,,2
M1,N8,E10c,T12a,categorical,3.7181568145751953,0.16236162361623616,0.3210332103321033,0.16756413877010345,0.16236162361623616,,,,,accuracy,0.16236162361623616,,16.236162361623617,902,66.069,7.314504909369051,3.2521090720727983,47,train,False,,,3
M1,N8,E10c,T12a,categorical,3.7146379947662354,0.15355805243445692,0.23595505617977527,0.1688496470451355,0.15355805243445692,,,,,accuracy,0.15355805243445692,,15.355805243445692,889,69.446,7.3256473128846515,3.2979903420232266,47,train,False,,,4
M1,N8,E10c,T12a,categorical,3.7359509468078613,0.1455223880597015,0.29850746268656714,0.16381923854351044,0.1455223880597015,,,,,accuracy,0.1455223880597015,,14.55223880597015,892,68.552,7.281902291794099,3.254135217443921,47,train,False,,,5
M1,N8,E10c,T12a,categorical,3.715388774871826,0.1970260223048327,0.3643122676579926,0.1679391711950302,0.1970260223048327,,,,,accuracy,0.1970260223048327,,19.702602230483272,896,71.512,7.298147136286968,3.2025056315129636,47,train,False,,,6
M1,N8,E10c,T12a,categorical,3.71749210357666,0.16791044776119404,0.3283582089552239,0.16765621304512024,0.16791044776119404,,,,,accuracy,0.16791044776119404,,16.791044776119403,893,68.508,7.314719743127351,3.2484512185752052,47,train,False,,,7
M1,N8,E10c,T12a,categorical,3.692793130874634,0.17358490566037735,0.3132075471698113,0.17199638485908508,0.17358490566037735,,,,,accuracy,0.17358490566037735,,17.358490566037734,881,72.413,7.326899384876668,3.2409952498452226,47,train,False,,,8
M1,N8,E10c,T12a,categorical,3.6510684490203857,0.21245421245421245,0.37362637362637363,0.1794406920671463,0.21245421245421245,,,,,accuracy,0.21245421245421245,,21.245421245421245,909,70.539,7.2580545347946535,3.2426340470317294,47,train,False,,,9
M1,N8,E10c,T12a,categorical,3.759188175201416,0.15730337078651685,0.24719101123595505,0.16021385788917542,0.15730337078651685,,,,,accuracy,0.15730337078651685,,15.730337078651685,890,66.37,7.295705287832417,3.2836889414087804,47,train,False,,,10
M1,N8,E10c,T12a,categorical,3.696401834487915,0.17424242424242425,0.30303030303030304,0.17123137414455414,0.17424242424242425,,,,,accuracy,0.17424242424242425,,17.424242424242426,877,70.931,7.283467574092641,3.264224731722255,47,train,False,,,11
M1,N8,E10c,T12a,categorical,3.7039034366607666,0.16287878787878787,0.2916666666666667,0.17004191875457764,0.16287878787878787,,,,,accuracy,0.16287878787878787,,16.28787878787879,879,67.395,7.305941711264974,3.2668892806601035,47,train,False,,,12
M1,N8,E10c,T12a,categorical,3.679154872894287,0.15671641791044777,0.3208955223880597,0.17376208305358887,0.15671641791044777,,,,,accuracy,0.15671641791044777,,15.671641791044777,892,70.873,7.293641907238109,3.2362769146645944,47,train,False,,,13
M1,N8,E10c,T12a,categorical,3.705540895462036,0.1553030303030303,0.29545454545454547,0.1701250672340393,0.1553030303030303,,,,,accuracy,0.1553030303030303,,15.530303030303031,879,71.341,7.305902455955991,3.260277153735803,47,train,False,,,14
M1,N8,E10c,T12a,categorical,3.7233946323394775,0.22180451127819548,0.37218045112781956,0.16602344810962677,0.22180451127819548,,,,,accuracy,0.22180451127819548,,22.18045112781955,884,74.068,7.277833203039909,3.204469154913049,47,train,False,,,15
M1,N8,E10c,T12a,categorical,3.702972412109375,0.16728624535315986,0.3048327137546468,0.17007508873939514,0.16728624535315986,,,,,accuracy,0.16728624535315986,,16.728624535315987,896,70.003,7.290232696506256,3.182452479320435,47,train,False,,,16
M1,N8,E10c,T12a,categorical,3.709955930709839,0.1794871794871795,0.31135531135531136,0.16898036003112793,0.1794871794871795,,,,,accuracy,0.1794871794871795,,17.94871794871795,909,71.694,7.284695760161748,3.2097470833426804,47,train,False,,,17
M1,N8,E10c,T12a,categorical,3.6966335773468018,0.20074349442379183,0.3271375464684015,0.17224383354187012,0.20074349442379183,,,,,accuracy,0.20074349442379183,,20.074349442379184,896,67.332,7.3005294525050894,3.2391163419576507,47,train,False,,,18
M1,N8,E10c,T12a,categorical,3.74495530128479,0.09665427509293681,0.26394052044609667,0.16257835924625397,0.09665427509293681,,,,,accuracy,0.09665427509293681,,9.66542750929368,894,66.115,7.3090719560105,3.268273595673592,47,train,False,,,19
M1,N8,E10c,T12a,categorical,3.777050733566284,0.09811320754716982,0.24150943396226415,0.1571957767009735,0.09811320754716982,,,,,accuracy,0.09811320754716982,,9.811320754716983,883,62.532,7.332078652862888,3.294578652236697,47,test,False,,,0
M1,N8,E10c,T12a,categorical,3.688188076019287,0.18181818181818182,0.29924242424242425,0.17371805012226105,0.18181818181818182,,,,,accuracy,0.18181818181818182,,18.181818181818183,878,62.086,7.306993971403129,3.3135369268298924,47,test,False,,,1
M1,N8,E10c,T12a,categorical,3.735682487487793,0.15708812260536398,0.2796934865900383,0.1640470027923584,0.15708812260536398,,,,,accuracy,0.15708812260536398,,15.708812260536398,870,67.977,7.306595945058938,3.2488107857658477,47,test,False,,,2
M1,N8,E10c,T12a,categorical,3.7367942333221436,0.1685823754789272,0.3103448275862069,0.164047971367836,0.1685823754789272,,,,,accuracy,0.1685823754789272,,16.85823754789272,867,64.281,7.309495416164804,3.2344624675705402,47,test,False,,,3
M1,N8,E10c,T12a,categorical,3.756847381591797,0.18702290076335878,0.2480916030534351,0.1601589024066925,0.18702290076335878,,,,,accuracy,0.18702290076335878,,18.702290076335878,873,64.207,7.302092825266744,3.2432864074300136,47,test,False,,,4
M1,N8,E10c,T12a,categorical,3.706547737121582,0.10227272727272728,0.32575757575757575,0.16922403872013092,0.10227272727272728,,,,,accuracy,0.10227272727272728,,10.227272727272728,878,64.546,7.322863100377273,3.263574799418261,47,test,False,,,5
M1,N8,E10c,T12a,categorical,3.7160470485687256,0.10465116279069768,0.29069767441860467,0.1675548404455185,0.10465116279069768,,,,,accuracy,0.10465116279069768,,10.465116279069768,857,65.691,7.317730497123874,3.2456792858931536,47,test,False,,,6
M1,N8,E10c,T12a,categorical,3.715919256210327,0.18773946360153257,0.32950191570881227,0.16747835278511047,0.18773946360153257,,,,,accuracy,0.18773946360153257,,18.773946360153257,868,60.124,7.333537299979956,3.283133772576751,47,test,False,,,7
M1,N8,E10c,T12a,categorical,3.732729911804199,0.16412213740458015,0.32061068702290074,0.16428011655807495,0.16412213740458015,,,,,accuracy,0.16412213740458015,,16.412213740458014,872,65.32,7.298746403656999,3.239851413848673,47,test,False,,,8
M1,N8,E10c,T12a,categorical,3.6842119693756104,0.16666666666666666,0.32558139534883723,0.17385007441043854,0.16666666666666666,,,,,accuracy,0.16666666666666666,,16.666666666666664,859,66.861,7.298545757592144,3.22174992971119,47,test,False,,,9
M1,N8,E10c,T12a,categorical,3.7482810020446777,0.16279069767441862,0.23255813953488372,0.1620669662952423,0.16279069767441862,,,,,accuracy,0.16279069767441862,,16.27906976744186,857,67.775,7.317506636946337,3.26199792522676,47,test,False,,,10
M1,N8,E10c,T12a,categorical,3.7009246349334717,0.17557251908396945,0.29389312977099236,0.1710977852344513,0.17557251908396945,,,,,accuracy,0.17557251908396945,,17.557251908396946,872,69.185,7.324500285428739,3.2346528811611743,47,test,False,,,11
M1,N8,E10c,T12a,categorical,3.7321243286132812,0.16796875,0.2578125,0.1653205156326294,0.16796875,,,,,accuracy,0.16796875,,16.796875,851,64.57,7.334445227049822,3.23676286168255,47,test,False,,,12
M1,N8,E10c,T12a,categorical,3.6669960021972656,0.1984126984126984,0.376984126984127,0.17787082493305206,0.1984126984126984,,,,,accuracy,0.1984126984126984,,19.841269841269842,838,69.408,7.32132158050314,3.2260088468999624,47,test,False,,,13
M1,N8,E10c,T12a,categorical,3.7262821197509766,0.18875502008032127,0.27309236947791166,0.16524694859981537,0.18875502008032127,,,,,accuracy,0.18875502008032127,,18.87550200803213,829,70.705,7.327247184250992,3.1940526341066353,47,test,False,,,14
M1,N8,E10c,T12a,categorical,3.7333984375,0.14728682170542637,0.1821705426356589,0.16449260711669922,0.14728682170542637,,,,,accuracy,0.14728682170542637,,14.728682170542637,858,66.402,7.321069320564622,3.2828212686064435,47,test,False,,,15
M1,N8,E10c,T12a,categorical,3.730175733566284,0.16862745098039217,0.33725490196078434,0.16491204500198364,0.16862745098039217,,,,,accuracy,0.16862745098039217,,16.862745098039216,850,67.263,7.288997650391316,3.2495591215776454,47,test,False,,,16
M1,N8,E10c,T12a,categorical,3.7130134105682373,0.1576923076923077,0.3,0.1681484878063202,0.1576923076923077,,,,,accuracy,0.1576923076923077,,15.769230769230768,866,62.442,7.3496820159982095,3.2744614003408214,47,test,False,,,17
M1,N8,E10c,T12a,categorical,3.6860928535461426,0.18359375,0.30859375,0.17291998863220215,0.18359375,,,,,accuracy,0.18359375,,18.359375,852,68.508,7.30801922284512,3.2184702739502553,47,test,False,,,18
M1,N8,E10c,T12a,categorical,3.720116138458252,0.16923076923076924,0.3,0.16676975786685944,0.16923076923076924,,,,,accuracy,0.16923076923076924,,16.923076923076923,866,66.731,7.322616922144395,3.273549849160496,47,test,False,,,19
M1,N8,E10c,T12b,categorical,3.7340362071990967,0.13584905660377358,0.24528301886792453,0.1643509566783905,0.13584905660377358,,,,,accuracy,0.13584905660377358,,13.584905660377359,881,15.936,7.493965271091904,3.2790889486625647,47,train,False,,,0
M1,N8,E10c,T12b,categorical,3.730097532272339,0.1455223880597015,0.2835820895522388,0.16539640724658966,0.1455223880597015,,,,,accuracy,0.1455223880597015,,14.55223880597015,893,16.595,7.549472420585582,3.2313609491162514,47,train,False,,,1
M1,N8,E10c,T12b,categorical,3.660688877105713,0.17424242424242425,0.2916666666666667,0.17877161502838135,0.17424242424242425,,,,,accuracy,0.17424242424242425,,17.424242424242426,880,15.997,7.518117797981741,3.1780018583470007,47,train,False,,,2
M1,N8,E10c,T12b,categorical,3.6421515941619873,0.16236162361623616,0.3284132841328413,0.18177255988121033,0.16236162361623616,,,,,accuracy,0.16236162361623616,,16.236162361623617,902,15.976,7.532051806037881,3.2521090720727983,47,train,False,,,3
M1,N8,E10c,T12b,categorical,3.670750856399536,0.15355805243445692,0.3146067415730337,0.17743299901485443,0.15355805243445692,,,,,accuracy,0.15355805243445692,,15.355805243445692,889,15.526,7.530021364612626,3.2979903420232266,47,train,False,,,4
M1,N8,E10c,T12b,categorical,3.7051899433135986,0.1455223880597015,0.2947761194029851,0.16937971115112305,0.1455223880597015,,,,,accuracy,0.1455223880597015,,14.55223880597015,892,16.107,7.524790897639155,3.254135217443921,47,train,False,,,5
M1,N8,E10c,T12b,categorical,3.693885087966919,0.1970260223048327,0.35315985130111527,0.17236903309822083,0.1970260223048327,,,,,accuracy,0.1970260223048327,,19.702602230483272,896,15.908,7.504946637832015,3.2025056315129636,47,train,False,,,6
M1,N8,E10c,T12b,categorical,3.7169229984283447,0.16791044776119404,0.31716417910447764,0.16787110269069672,0.16791044776119404,,,,,accuracy,0.16791044776119404,,16.791044776119403,893,15.893,7.5261571137870575,3.2484512185752052,47,train,False,,,7
M1,N8,E10c,T12b,categorical,3.7302606105804443,0.17358490566037735,0.3169811320754717,0.16491395235061646,0.17358490566037735,,,,,accuracy,0.17358490566037735,,17.358490566037734,881,16.156,7.506967720286163,3.2409952498452226,47,train,False,,,8
M1,N8,E10c,T12b,categorical,3.646787643432617,0.21245421245421245,0.358974358974359,0.1806303709745407,0.21245421245421245,,,,,accuracy,0.21245421245421245,,21.245421245421245,909,15.641,7.5027469393445525,3.2426340470317294,47,train,False,,,9
M1,N8,E10c,T12b,categorical,3.7130472660064697,0.15730337078651685,0.26591760299625467,0.1686716079711914,0.15730337078651685,,,,,accuracy,0.15730337078651685,,15.730337078651685,890,15.533,7.522728107683539,3.2836889414087804,47,train,False,,,10
M1,N8,E10c,T12b,categorical,3.7271852493286133,0.17424242424242425,0.26136363636363635,0.16549433767795563,0.17424242424242425,,,,,accuracy,0.17424242424242425,,17.424242424242426,877,15.936,7.48126438751053,3.264224731722255,47,train,False,,,11
M1,N8,E10c,T12b,categorical,3.762115001678467,0.16287878787878787,0.24242424242424243,0.15992410480976105,0.16287878787878787,,,,,accuracy,0.16287878787878787,,16.28787878787879,879,16.249,7.510630184561512,3.2668892806601035,47,train,False,,,12
M1,N8,E10c,T12b,categorical,3.7367208003997803,0.21641791044776118,0.3283582089552239,0.16403383016586304,0.21641791044776118,,,,,accuracy,0.21641791044776118,,21.641791044776117,892,16.417,7.4783681557855655,3.2362769146645944,47,train,False,,,13
M1,N8,E10c,T12b,categorical,3.730203628540039,0.1553030303030303,0.2765151515151515,0.16467857360839844,0.1553030303030303,,,,,accuracy,0.1553030303030303,,15.530303030303031,879,16.641,7.496467471520985,3.260277153735803,47,train,False,,,14
M1,N8,E10c,T12b,categorical,3.693657636642456,0.22180451127819548,0.3684210526315789,0.17274901270866394,0.22180451127819548,,,,,accuracy,0.22180451127819548,,22.18045112781955,884,16.164,7.5135092897161435,3.204469154913049,47,train,False,,,15
M1,N8,E10c,T12b,categorical,3.676649570465088,0.16728624535315986,0.29739776951672864,0.17570219933986664,0.16728624535315986,,,,,accuracy,0.16728624535315986,,16.728624535315987,896,16.195,7.514021265286967,3.182452479320435,47,train,False,,,16
M1,N8,E10c,T12b,categorical,3.72799015045166,0.1794871794871795,0.3333333333333333,0.16538092494010925,0.1794871794871795,,,,,accuracy,0.1794871794871795,,17.94871794871795,909,16.333,7.483065424982576,3.2097470833426804,47,train,False,,,17
M1,N8,E10c,T12b,categorical,3.686126708984375,0.20074349442379183,0.37174721189591076,0.17456038296222687,0.20074349442379183,,,,,accuracy,0.20074349442379183,,20.074349442379184,896,15.663,7.499943179839269,3.2391163419576507,47,train,False,,,18
M1,N8,E10c,T12b,categorical,3.7395427227020264,0.09665427509293681,0.241635687732342,0.16359522938728333,0.09665427509293681,,,,,accuracy,0.09665427509293681,,9.66542750929368,894,16.411,7.5001724198577975,3.268273595673592,47,train,False,,,19
M1,N8,E10c,T12b,categorical,3.70629620552063,0.10566037735849057,0.3132075471698113,0.16930164396762848,0.10566037735849057,,,,,accuracy,0.10566037735849057,,10.566037735849058,883,16.112,7.530753347560701,3.294578652236697,47,test,False,,,0
M1,N8,E10c,T12b,categorical,3.723299503326416,0.18181818181818182,0.2765151515151515,0.166808620095253,0.18181818181818182,,,,,accuracy,0.18181818181818182,,18.181818181818183,878,15.494,7.529993476345614,3.3135369268298924,47,test,False,,,1
M1,N8,E10c,T12b,categorical,3.6908955574035645,0.15708812260536398,0.3218390804597701,0.1725482940673828,0.15708812260536398,,,,,accuracy,0.15708812260536398,,15.708812260536398,870,15.821,7.514162288231781,3.2488107857658477,47,test,False,,,2
M1,N8,E10c,T12b,categorical,3.7411856651306152,0.1532567049808429,0.3103448275862069,0.16291482746601105,0.1532567049808429,,,,,accuracy,0.1532567049808429,,15.32567049808429,867,15.876,7.504941832012794,3.2344624675705402,47,test,False,,,3
M1,N8,E10c,T12b,categorical,3.7234585285186768,0.18702290076335878,0.30916030534351147,0.1671115905046463,0.18702290076335878,,,,,accuracy,0.18702290076335878,,18.702290076335878,873,15.554,7.518404823962775,3.2432864074300136,47,test,False,,,4
M1,N8,E10c,T12b,categorical,3.7165448665618896,0.20075757575757575,0.32954545454545453,0.1676371544599533,0.20075757575757575,,,,,accuracy,0.20075757575757575,,20.075757575757574,878,15.508,7.517523972497633,3.263574799418261,47,test,False,,,5
M1,N8,E10c,T12b,categorical,3.7026593685150146,0.15503875968992248,0.313953488372093,0.17024584114551544,0.15503875968992248,,,,,accuracy,0.15503875968992248,,15.503875968992247,857,15.137,7.544975984300849,3.2456792858931536,47,test,False,,,6
M1,N8,E10c,T12b,categorical,3.70065975189209,0.18773946360153257,0.30268199233716475,0.17117111384868622,0.18773946360153257,,,,,accuracy,0.18773946360153257,,18.773946360153257,868,15.455,7.550936336080205,3.283133772576751,47,test,False,,,7
M1,N8,E10c,T12b,categorical,3.7435972690582275,0.16030534351145037,0.31679389312977096,0.1625574678182602,0.16030534351145037,,,,,accuracy,0.16030534351145037,,16.030534351145036,872,15.748,7.487138739355764,3.239851413848673,47,test,False,,,8
M1,N8,E10c,T12b,categorical,3.6697423458099365,0.16666666666666666,0.313953488372093,0.1777464747428894,0.16666666666666666,,,,,accuracy,0.16666666666666666,,16.666666666666664,859,15.089,7.519481216841852,3.22174992971119,47,test,False,,,9
M1,N8,E10c,T12b,categorical,3.7147274017333984,0.16279069767441862,0.26356589147286824,0.16920241713523865,0.16279069767441862,,,,,accuracy,0.16279069767441862,,16.27906976744186,857,15.468,7.509217749488538,3.26199792522676,47,test,False,,,10
M1,N8,E10c,T12b,categorical,3.6994469165802,0.17557251908396945,0.35877862595419846,0.17097912728786469,0.17557251908396945,,,,,accuracy,0.17557251908396945,,17.557251908396946,872,15.536,7.535802277782723,3.2346528811611743,47,test,False,,,11
M1,N8,E10c,T12b,categorical,3.7126972675323486,0.16796875,0.3046875,0.1675436794757843,0.16796875,,,,,accuracy,0.16796875,,16.796875,851,15.348,7.5260117044301795,3.23676286168255,47,test,False,,,12
M1,N8,E10c,T12b,categorical,3.6961233615875244,0.1984126984126984,0.2777777777777778,0.17208468914031982,0.1984126984126984,,,,,accuracy,0.1984126984126984,,19.841269841269842,838,15.66,7.552725209685217,3.2260088468999624,47,test,False,,,13
M1,N8,E10c,T12b,categorical,3.691124677658081,0.18875502008032127,0.3172690763052209,0.17254427075386047,0.18875502008032127,,,,,accuracy,0.18875502008032127,,18.87550200803213,829,16.25,7.558817396189369,3.1940526341066353,47,test,False,,,14
M1,N8,E10c,T12b,categorical,3.729962110519409,0.15503875968992248,0.31007751937984496,0.16439618170261383,0.15503875968992248,,,,,accuracy,0.15503875968992248,,15.503875968992247,858,15.878,7.53676900419063,3.2828212686064435,47,test,False,,,15
M1,N8,E10c,T12b,categorical,3.681699514389038,0.16862745098039217,0.35294117647058826,0.174680694937706,0.16862745098039217,,,,,accuracy,0.16862745098039217,,16.862745098039216,850,15.776,7.523813086475161,3.2495591215776454,47,test,False,,,16
M1,N8,E10c,T12b,categorical,3.691040277481079,0.1576923076923077,0.27692307692307694,0.17174537479877472,0.1576923076923077,,,,,accuracy,0.1576923076923077,,15.769230769230768,866,16.204,7.53339077991128,3.2744614003408214,47,test,False,,,17
M1,N8,E10c,T12b,categorical,3.726560115814209,0.18359375,0.2421875,0.16544874012470245,0.18359375,,,,,accuracy,0.18359375,,18.359375,852,15.673,7.527293408304229,3.2184702739502553,47,test,False,,,18
M1,N8,E10c,T12b,categorical,3.733987808227539,0.16538461538461538,0.25769230769230766,0.16511493921279907,0.16538461538461538,,,,,accuracy,0.16538461538461538,,16.538461538461537,866,15.566,7.542082611625525,3.273549849160496,47,test,False,,,19
M1,N8,E10c,T12e,categorical,3.699063301086426,0.13584905660377358,0.3132075471698113,0.17102625966072083,0.13584905660377358,,,,,accuracy,0.13584905660377358,,13.584905660377359,881,0.0,0.0,3.2790889486625647,47,train,False,,,0
M1,N8,E10c,T12e,categorical,3.7444238662719727,0.1455223880597015,0.27611940298507465,0.16255076229572296,0.1455223880597015,,,,,accuracy,0.1455223880597015,,14.55223880597015,893,0.0,0.0,3.2313609491162514,47,train,False,,,1
M1,N8,E10c,T12e,categorical,3.7008395195007324,0.17424242424242425,0.2878787878787879,0.17046402394771576,0.17424242424242425,,,,,accuracy,0.17424242424242425,,17.424242424242426,880,0.0,0.0,3.1780018583470007,47,train,False,,,2
M1,N8,E10c,T12e,categorical,3.6946001052856445,0.16236162361623616,0.23985239852398524,0.1724015176296234,0.16236162361623616,,,,,accuracy,0.16236162361623616,,16.236162361623617,902,0.0,0.0,3.2521090720727983,47,train,False,,,3
M1,N8,E10c,T12e,categorical,3.767130136489868,0.15355805243445692,0.27715355805243447,0.1589384526014328,0.15355805243445692,,,,,accuracy,0.15355805243445692,,15.355805243445692,889,0.0,0.0,3.2979903420232266,47,train,False,,,4
M1,N8,E10c,T12e,categorical,3.7172067165374756,0.16044776119402984,0.3283582089552239,0.1668223738670349,0.16044776119402984,,,,,accuracy,0.16044776119402984,,16.044776119402986,892,0.0,0.0,3.254135217443921,47,train,False,,,5
M1,N8,E10c,T12e,categorical,3.718597888946533,0.1970260223048327,0.35315985130111527,0.16661012172698975,0.1970260223048327,,,,,accuracy,0.1970260223048327,,19.702602230483272,896,0.0,0.0,3.2025056315129636,47,train,False,,,6
M1,N8,E10c,T12e,categorical,3.7084219455718994,0.16791044776119404,0.3283582089552239,0.17007195949554443,0.16791044776119404,,,,,accuracy,0.16791044776119404,,16.791044776119403,893,0.0,0.0,3.2484512185752052,47,train,False,,,7
M1,N8,E10c,T12e,categorical,3.6856772899627686,0.17358490566037735,0.35094339622641507,0.17336489260196686,0.17358490566037735,,,,,accuracy,0.17358490566037735,,17.358490566037734,881,0.0,0.0,3.2409952498452226,47,train,False,,,8
M1,N8,E10c,T12e,categorical,3.681840419769287,0.21245421245421245,0.3443223443223443,0.17395396530628204,0.21245421245421245,,,,,accuracy,0.21245421245421245,,21.245421245421245,909,0.0,0.0,3.2426340470317294,47,train,False,,,9
M1,N8,E10c,T12e,categorical,3.7170748710632324,0.15730337078651685,0.26217228464419473,0.16751913726329803,0.15730337078651685,,,,,accuracy,0.15730337078651685,,15.730337078651685,890,0.0,0.0,3.2836889414087804,47,train,False,,,10
M1,N8,E10c,T12e,categorical,3.7190444469451904,0.17424242424242425,0.3181818181818182,0.16755717992782593,0.17424242424242425,,,,,accuracy,0.17424242424242425,,17.424242424242426,877,0.0,0.0,3.264224731722255,47,train,False,,,11
M1,N8,E10c,T12e,categorical,3.7344892024993896,0.16287878787878787,0.2878787878787879,0.16436827182769775,0.16287878787878787,,,,,accuracy,0.16287878787878787,,16.28787878787879,879,0.0,0.0,3.2668892806601035,47,train,False,,,12
M1,N8,E10c,T12e,categorical,3.6622300148010254,0.21641791044776118,0.3656716417910448,0.1778678148984909,0.21641791044776118,,,,,accuracy,0.21641791044776118,,21.641791044776117,892,0.0,0.0,3.2362769146645944,47,train,False,,,13
M1,N8,E10c,T12e,categorical,3.7168338298797607,0.1553030303030303,0.2727272727272727,0.1666824221611023,0.1553030303030303,,,,,accuracy,0.1553030303030303,,15.530303030303031,879,0.0,0.0,3.260277153735803,47,train,False,,,14
M1,N8,E10c,T12e,categorical,3.645695209503174,0.22180451127819548,0.39473684210526316,0.18273106217384338,0.22180451127819548,,,,,accuracy,0.22180451127819548,,22.18045112781955,884,0.0,0.0,3.204469154913049,47,train,False,,,15
M1,N8,E10c,T12e,categorical,3.6449522972106934,0.16728624535315986,0.35687732342007433,0.1818745881319046,0.16728624535315986,,,,,accuracy,0.16728624535315986,,16.728624535315987,896,0.0,0.0,3.182452479320435,47,train,False,,,16
M1,N8,E10c,T12e,categorical,3.725846290588379,0.1794871794871795,0.31868131868131866,0.1656196266412735,0.1794871794871795,,,,,accuracy,0.1794871794871795,,17.94871794871795,909,0.0,0.0,3.2097470833426804,47,train,False,,,17
M1,N8,E10c,T12e,categorical,3.7311058044433594,0.20074349442379183,0.3643122676579926,0.1655186414718628,0.20074349442379183,,,,,accuracy,0.20074349442379183,,20.074349442379184,896,0.0,0.0,3.2391163419576507,47,train,False,,,18
M1,N8,E10c,T12e,categorical,3.7277495861053467,0.09665427509293681,0.2379182156133829,0.1657734364271164,0.09665427509293681,,,,,accuracy,0.09665427509293681,,9.66542750929368,894,0.0,0.0,3.268273595673592,47,train,False,,,19
M1,N8,E10c,T12e,categorical,3.749793529510498,0.16226415094339622,0.33584905660377357,0.1616492122411728,0.16226415094339622,,,,,accuracy,0.16226415094339622,,16.22641509433962,883,0.0,0.0,3.294578652236697,47,test,False,,,0
M1,N8,E10c,T12e,categorical,3.7528014183044434,0.18181818181818182,0.25,0.16167882084846497,0.18181818181818182,,,,,accuracy,0.18181818181818182,,18.181818181818183,878,0.0,0.0,3.3135369268298924,47,test,False,,,1
M1,N8,E10c,T12e,categorical,3.713338613510132,0.15708812260536398,0.3103448275862069,0.16859564185142517,0.15708812260536398,,,,,accuracy,0.15708812260536398,,15.708812260536398,870,0.0,0.0,3.2488107857658477,47,test,False,,,2
M1,N8,E10c,T12e,categorical,3.730091094970703,0.1685823754789272,0.2796934865900383,0.16482146084308624,0.1685823754789272,,,,,accuracy,0.1685823754789272,,16.85823754789272,867,0.0,0.0,3.2344624675705402,47,test,False,,,3
M1,N8,E10c,T12e,categorical,3.7244386672973633,0.18702290076335878,0.31297709923664124,0.16572125256061554,0.18702290076335878,,,,,accuracy,0.18702290076335878,,18.702290076335878,873,0.0,0.0,3.2432864074300136,47,test,False,,,4
M1,N8,E10c,T12e,categorical,3.7475619316101074,0.20075757575757575,0.3181818181818182,0.16243676841259003,0.20075757575757575,,,,,accuracy,0.20075757575757575,,20.075757575757574,878,0.0,0.0,3.263574799418261,47,test,False,,,5
M1,N8,E10c,T12e,categorical,3.717237949371338,0.15503875968992248,0.3178294573643411,0.16751675307750702,0.15503875968992248,,,,,accuracy,0.15503875968992248,,15.503875968992247,857,0.0,0.0,3.2456792858931536,47,test,False,,,6
M1,N8,E10c,T12e,categorical,3.6819357872009277,0.18773946360153257,0.32950191570881227,0.17401127517223358,0.18773946360153257,,,,,accuracy,0.18773946360153257,,18.773946360153257,868,0.0,0.0,3.283133772576751,47,test,False,,,7
M1,N8,E10c,T12e,categorical,3.728008508682251,0.09923664122137404,0.29770992366412213,0.16545777022838593,0.09923664122137404,,,,,accuracy,0.09923664122137404,,9.923664122137405,872,0.0,0.0,3.239851413848673,47,test,False,,,8
M1,N8,E10c,T12e,categorical,3.6638150215148926,0.16666666666666666,0.2596899224806202,0.17840953171253204,0.16666666666666666,,,,,accuracy,0.16666666666666666,,16.666666666666664,859,0.0,0.0,3.22174992971119,47,test,False,,,9
M1,N8,E10c,T12e,categorical,3.7374072074890137,0.16279069767441862,0.24031007751937986,0.1644296497106552,0.16279069767441862,,,,,accuracy,0.16279069767441862,,16.27906976744186,857,0.0,0.0,3.26199792522676,47,test,False,,,10
M1,N8,E10c,T12e,categorical,3.6684043407440186,0.17557251908396945,0.30916030534351147,0.1772330105304718,0.17557251908396945,,,,,accuracy,0.17557251908396945,,17.557251908396946,872,0.0,0.0,3.2346528811611743,47,test,False,,,11
M1,N8,E10c,T12e,categorical,3.703969955444336,0.16796875,0.2734375,0.17064836621284485,0.16796875,,,,,accuracy,0.16796875,,16.796875,851,0.0,0.0,3.23676286168255,47,test,False,,,12
M1,N8,E10c,T12e,categorical,3.7163288593292236,0.10714285714285714,0.3412698412698413,0.1671374887228012,0.10714285714285714,,,,,accuracy,0.10714285714285714,,10.714285714285714,838,0.0,0.0,3.2260088468999624,47,test,False,,,13
M1,N8,E10c,T12e,categorical,3.6894476413726807,0.18875502008032127,0.3172690763052209,0.1730322539806366,0.18875502008032127,,,,,accuracy,0.18875502008032127,,18.87550200803213,829,0.0,0.0,3.1940526341066353,47,test,False,,,14
M1,N8,E10c,T12e,categorical,3.759192705154419,0.14728682170542637,0.2868217054263566,0.15990976989269257,0.14728682170542637,,,,,accuracy,0.14728682170542637,,14.728682170542637,858,0.0,0.0,3.2828212686064435,47,test,False,,,15
M1,N8,E10c,T12e,categorical,3.725888252258301,0.16862745098039217,0.3254901960784314,0.16630955040454865,0.16862745098039217,,,,,accuracy,0.16862745098039217,,16.862745098039216,850,0.0,0.0,3.2495591215776454,47,test,False,,,16
M1,N8,E10c,T12e,categorical,3.744304656982422,0.1576923076923077,0.2653846153846154,0.16303637623786926,0.1576923076923077,,,,,accuracy,0.1576923076923077,,15.769230769230768,866,0.0,0.0,3.2744614003408214,47,test,False,,,17
M1,N8,E10c,T12e,categorical,3.6678009033203125,0.18359375,0.3671875,0.17747464776039124,0.18359375,,,,,accuracy,0.18359375,,18.359375,852,0.0,0.0,3.2184702739502553,47,test,False,,,18
M1,N8,E10c,T12e,categorical,3.6818556785583496,0.16538461538461538,0.3269230769230769,0.1732332408428192,0.16538461538461538,,,,,accuracy,0.16538461538461538,,16.538461538461537,866,0.0,0.0,3.273549849160496,47,test,False,,,19
M1,N8,E11a,T12a,categorical,3.7392287254333496,0.13584905660377358,0.30566037735849055,0.16401465237140656,0.13584905660377358,,,,,accuracy,0.13584905660377358,,13.584905660377359,881,68.618,7.296330850432761,3.2790889486625647,47,train,False,,,0
M1,N8,E11a,T12a,categorical,3.709991931915283,0.1455223880597015,0.31716417910447764,0.16918836534023285,0.1455223880597015,,,,,accuracy,0.1455223880597015,,14.55223880597015,893,71.171,7.292496147374388,3.2313609491162514,47,train,False,,,1
M1,N8,E11a,T12a,categorical,3.712763786315918,0.17424242424242425,0.3106060606060606,0.16818656027317047,0.17424242424242425,,,,,accuracy,0.17424242424242425,,17.424242424242426,880,70.979,7.312019931721841,3.1780018583470007,47,train,False,,,2
M1,N8,E11a,T12a,categorical,3.7261877059936523,0.16236162361623616,0.2693726937269373,0.16599124670028687,0.16236162361623616,,,,,accuracy,0.16236162361623616,,16.236162361623617,902,66.069,7.314504909369051,3.2521090720727983,47,train,False,,,3
M1,N8,E11a,T12a,categorical,3.724640369415283,0.15355805243445692,0.27715355805243447,0.16650386154651642,0.15355805243445692,,,,,accuracy,0.15355805243445692,,15.355805243445692,889,69.446,7.3256473128846515,3.2979903420232266,47,train,False,,,4
M1,N8,E11a,T12a,categorical,3.6898622512817383,0.1417910447761194,0.2947761194029851,0.17197255790233612,0.1417910447761194,,,,,accuracy,0.1417910447761194,,14.17910447761194,892,68.552,7.281902291794099,3.254135217443921,47,train,False,,,5
M1,N8,E11a,T12a,categorical,3.690528631210327,0.1970260223048327,0.31226765799256506,0.17190852761268616,0.1970260223048327,,,,,accuracy,0.1970260223048327,,19.702602230483272,896,71.512,7.298147136286968,3.2025056315129636,47,train,False,,,6
M1,N8,E11a,T12a,categorical,3.7121808528900146,0.16791044776119404,0.26865671641791045,0.16787341237068176,0.16791044776119404,,,,,accuracy,0.16791044776119404,,16.791044776119403,893,68.508,7.314719743127351,3.2484512185752052,47,train,False,,,7
M1,N8,E11a,T12a,categorical,3.6926512718200684,0.17358490566037735,0.29056603773584905,0.17200440168380737,0.17358490566037735,,,,,accuracy,0.17358490566037735,,17.358490566037734,881,72.413,7.326899384876668,3.2409952498452226,47,train,False,,,8
M1,N8,E11a,T12a,categorical,3.7086410522460938,0.21245421245421245,0.38461538461538464,0.16950556635856628,0.21245421245421245,,,,,accuracy,0.21245421245421245,,21.245421245421245,909,70.539,7.2580545347946535,3.2426340470317294,47,train,False,,,9
M1,N8,E11a,T12a,categorical,3.72467303276062,0.15730337078651685,0.2546816479400749,0.1667620986700058,0.15730337078651685,,,,,accuracy,0.15730337078651685,,15.730337078651685,890,66.37,7.295705287832417,3.2836889414087804,47,train,False,,,10
M1,N8,E11a,T12a,categorical,3.7164506912231445,0.17424242424242425,0.32196969696969696,0.16813896596431732,0.17424242424242425,,,,,accuracy,0.17424242424242425,,17.424242424242426,877,70.931,7.283467574092641,3.264224731722255,47,train,False,,,11
M1,N8,E11a,T12a,categorical,3.7163479328155518,0.16287878787878787,0.29924242424242425,0.16839276254177094,0.16287878787878787,,,,,accuracy,0.16287878787878787,,16.28787878787879,879,67.395,7.305941711264974,3.2668892806601035,47,train,False,,,12
M1,N8,E11a,T12a,categorical,3.705576181411743,0.21641791044776118,0.33955223880597013,0.1697826385498047,0.21641791044776118,,,,,accuracy,0.21641791044776118,,21.641791044776117,892,70.873,7.293641907238109,3.2362769146645944,47,train,False,,,13
M1,N8,E11a,T12a,categorical,3.705509662628174,0.1553030303030303,0.2765151515151515,0.16954489052295685,0.1553030303030303,,,,,accuracy,0.1553030303030303,,15.530303030303031,879,71.341,7.305902455955991,3.260277153735803,47,train,False,,,14
M1,N8,E11a,T12a,categorical,3.723031997680664,0.22180451127819548,0.39849624060150374,0.1666022390127182,0.22180451127819548,,,,,accuracy,0.22180451127819548,,22.18045112781955,884,74.068,7.277833203039909,3.204469154913049,47,train,False,,,15
M1,N8,E11a,T12a,categorical,3.713367462158203,0.16728624535315986,0.3159851301115242,0.16846440732479095,0.16728624535315986,,,,,accuracy,0.16728624535315986,,16.728624535315987,896,70.003,7.290232696506256,3.182452479320435,47,train,False,,,16
M1,N8,E11a,T12a,categorical,3.672435760498047,0.1794871794871795,0.3333333333333333,0.17601849138736725,0.1794871794871795,,,,,accuracy,0.1794871794871795,,17.94871794871795,909,71.694,7.284695760161748,3.2097470833426804,47,train,False,,,17
M1,N8,E11a,T12a,categorical,3.726893424987793,0.21189591078066913,0.3159851301115242,0.16641341149806976,0.21189591078066913,,,,,accuracy,0.21189591078066913,,21.189591078066915,896,67.332,7.3005294525050894,3.2391163419576507,47,train,False,,,18
M1,N8,E11a,T12a,categorical,3.7439582347869873,0.09665427509293681,0.19330855018587362,0.16342869400978088,0.09665427509293681,,,,,accuracy,0.09665427509293681,,9.66542750929368,894,66.115,7.3090719560105,3.268273595673592,47,train,False,,,19
M1,N8,E11a,T12a,categorical,3.7223739624023438,0.16226415094339622,0.3433962264150943,0.16639475524425507,0.16226415094339622,,,,,accuracy,0.16226415094339622,,16.22641509433962,883,62.532,7.332078652862888,3.294578652236697,47,test,False,,,0
M1,N8,E11a,T12a,categorical,3.722621202468872,0.18181818181818182,0.24621212121212122,0.1671106070280075,0.18181818181818182,,,,,accuracy,0.18181818181818182,,18.181818181818183,878,62.086,7.306993971403129,3.3135369268298924,47,test,False,,,1
M1,N8,E11a,T12a,categorical,3.7192416191101074,0.15708812260536398,0.29118773946360155,0.16675734519958496,0.15708812260536398,,,,,accuracy,0.15708812260536398,,15.708812260536398,870,67.977,7.306595945058938,3.2488107857658477,47,test,False,,,2
M1,N8,E11a,T12a,categorical,3.7164647579193115,0.1685823754789272,0.2988505747126437,0.16778407990932465,0.1685823754789272,,,,,accuracy,0.1685823754789272,,16.85823754789272,867,64.281,7.309495416164804,3.2344624675705402,47,test,False,,,3
M1,N8,E11a,T12a,categorical,3.704761266708374,0.18702290076335878,0.3320610687022901,0.17007090151309967,0.18702290076335878,,,,,accuracy,0.18702290076335878,,18.702290076335878,873,64.207,7.302092825266744,3.2432864074300136,47,test,False,,,4
M1,N8,E11a,T12a,categorical,3.721752643585205,0.20075757575757575,0.3143939393939394,0.1665768176317215,0.20075757575757575,,,,,accuracy,0.20075757575757575,,20.075757575757574,878,64.546,7.322863100377273,3.263574799418261,47,test,False,,,5
M1,N8,E11a,T12a,categorical,3.712803840637207,0.10852713178294573,0.3178294573643411,0.16780486702919006,0.10852713178294573,,,,,accuracy,0.10852713178294573,,10.852713178294573,857,65.691,7.317730497123874,3.2456792858931536,47,test,False,,,6
M1,N8,E11a,T12a,categorical,3.7372658252716064,0.1417624521072797,0.34099616858237547,0.16389383375644684,0.1417624521072797,,,,,accuracy,0.1417624521072797,,14.17624521072797,868,60.124,7.333537299979956,3.283133772576751,47,test,False,,,7
M1,N8,E11a,T12a,categorical,3.726341962814331,0.16030534351145037,0.3244274809160305,0.16553784906864166,0.16030534351145037,,,,,accuracy,0.16030534351145037,,16.030534351145036,872,65.32,7.298746403656999,3.239851413848673,47,test,False,,,8
M1,N8,E11a,T12a,categorical,3.673734426498413,0.16666666666666666,0.3062015503875969,0.1757146716117859,0.16666666666666666,,,,,accuracy,0.16666666666666666,,16.666666666666664,859,66.861,7.298545757592144,3.22174992971119,47,test,False,,,9
M1,N8,E11a,T12a,categorical,3.7223169803619385,0.16279069767441862,0.32170542635658916,0.16731871664524078,0.16279069767441862,,,,,accuracy,0.16279069767441862,,16.27906976744186,857,67.775,7.317506636946337,3.26199792522676,47,test,False,,,10
M1,N8,E11a,T12a,categorical,3.675447463989258,0.17557251908396945,0.3320610687022901,0.1758197396993637,0.17557251908396945,,,,,accuracy,0.17557251908396945,,17.557251908396946,872,69.185,7.324500285428739,3.2346528811611743,47,test,False,,,11
M1,N8,E11a,T12a,categorical,3.660521984100342,0.16796875,0.2890625,0.17803660035133362,0.16796875,,,,,accuracy,0.16796875,,16.796875,851,64.57,7.334445227049822,3.23676286168255,47,test,False,,,12
M1,N8,E11a,T12a,categorical,3.662085771560669,0.1984126984126984,0.34523809523809523,0.17796099185943604,0.1984126984126984,,,,,accuracy,0.1984126984126984,,19.841269841269842,838,69.408,7.32132158050314,3.2260088468999624,47,test,False,,,13
M1,N8,E11a,T12a,categorical,3.679763078689575,0.18875502008032127,0.3534136546184739,0.1749037355184555,0.18875502008032127,,,,,accuracy,0.18875502008032127,,18.87550200803213,829,70.705,7.327247184250992,3.1940526341066353,47,test,False,,,14
M1,N8,E11a,T12a,categorical,3.7005200386047363,0.14728682170542637,0.27906976744186046,0.17010855674743652,0.14728682170542637,,,,,accuracy,0.14728682170542637,,14.728682170542637,858,66.402,7.321069320564622,3.2828212686064435,47,test,False,,,15
M1,N8,E11a,T12a,categorical,3.686349868774414,0.16862745098039217,0.3058823529411765,0.1728992909193039,0.16862745098039217,,,,,accuracy,0.16862745098039217,,16.862745098039216,850,67.263,7.288997650391316,3.2495591215776454,47,test,False,,,16
M1,N8,E11a,T12a,categorical,3.7530338764190674,0.20384615384615384,0.3,0.1610010266304016,0.20384615384615384,,,,,accuracy,0.20384615384615384,,20.384615384615383,866,62.442,7.3496820159982095,3.2744614003408214,47,test,False,,,17
M1,N8,E11a,T12a,categorical,3.6706619262695312,0.18359375,0.34375,0.17675888538360596,0.18359375,,,,,accuracy,0.18359375,,18.359375,852,68.508,7.30801922284512,3.2184702739502553,47,test,False,,,18
M1,N8,E11a,T12a,categorical,3.712684154510498,0.16538461538461538,0.2846153846153846,0.16760048270225525,0.16538461538461538,,,,,accuracy,0.16538461538461538,,16.538461538461537,866,66.731,7.322616922144395,3.273549849160496,47,test,False,,,19
M1,N8,E11a,T12b,categorical,3.7353017330169678,0.13584905660377358,0.2792452830188679,0.16426321864128113,0.13584905660377358,,,,,accuracy,0.13584905660377358,,13.584905660377359,881,15.936,7.493965271091904,3.2790889486625647,47,train,False,,,0
M1,N8,E11a,T12b,categorical,3.6948275566101074,0.1455223880597015,0.30223880597014924,0.17143408954143524,0.1455223880597015,,,,,accuracy,0.1455223880597015,,14.55223880597015,893,16.595,7.549472420585582,3.2313609491162514,47,train,False,,,1
M1,N8,E11a,T12b,categorical,3.68703031539917,0.17424242424242425,0.2916666666666667,0.17227664589881897,0.17424242424242425,,,,,accuracy,0.17424242424242425,,17.424242424242426,880,15.997,7.518117797981741,3.1780018583470007,47,train,False,,,2
M1,N8,E11a,T12b,categorical,3.692784547805786,0.16236162361623616,0.33948339483394835,0.17153552174568176,0.16236162361623616,,,,,accuracy,0.16236162361623616,,16.236162361623617,902,15.976,7.532051806037881,3.2521090720727983,47,train,False,,,3
M1,N8,E11a,T12b,categorical,3.727008104324341,0.15355805243445692,0.299625468164794,0.166050985455513,0.15355805243445692,,,,,accuracy,0.15355805243445692,,15.355805243445692,889,15.526,7.530021364612626,3.2979903420232266,47,train,False,,,4
M1,N8,E11a,T12b,categorical,3.6898109912872314,0.1455223880597015,0.2947761194029851,0.17175792157649994,0.1455223880597015,,,,,accuracy,0.1455223880597015,,14.55223880597015,892,16.107,7.524790897639155,3.254135217443921,47,train,False,,,5
M1,N8,E11a,T12b,categorical,3.7006473541259766,0.1970260223048327,0.32342007434944237,0.1705104559659958,0.1970260223048327,,,,,accuracy,0.1970260223048327,,19.702602230483272,896,15.908,7.504946637832015,3.2025056315129636,47,train,False,,,6
M1,N8,E11a,T12b,categorical,3.697713851928711,0.16791044776119404,0.3283582089552239,0.171721950173378,0.16791044776119404,,,,,accuracy,0.16791044776119404,,16.791044776119403,893,15.893,7.5261571137870575,3.2484512185752052,47,train,False,,,7
M1,N8,E11a,T12b,categorical,3.7015368938446045,0.17358490566037735,0.2981132075471698,0.17098097503185272,0.17358490566037735,,,,,accuracy,0.17358490566037735,,17.358490566037734,881,16.156,7.506967720286163,3.2409952498452226,47,train,False,,,8
M1,N8,E11a,T12b,categorical,3.65796160697937,0.21245421245421245,0.37362637362637363,0.17785780131816864,0.21245421245421245,,,,,accuracy,0.21245421245421245,,21.245421245421245,909,15.641,7.5027469393445525,3.2426340470317294,47,train,False,,,9
M1,N8,E11a,T12b,categorical,3.713923454284668,0.15730337078651685,0.26591760299625467,0.16804106533527374,0.15730337078651685,,,,,accuracy,0.15730337078651685,,15.730337078651685,890,15.533,7.522728107683539,3.2836889414087804,47,train,False,,,10
M1,N8,E11a,T12b,categorical,3.6945977210998535,0.17424242424242425,0.2689393939393939,0.17265711724758148,0.17424242424242425,,,,,accuracy,0.17424242424242425,,17.424242424242426,877,15.936,7.48126438751053,3.264224731722255,47,train,False,,,11
M1,N8,E11a,T12b,categorical,3.7350118160247803,0.16287878787878787,0.2803030303030303,0.1645333468914032,0.16287878787878787,,,,,accuracy,0.16287878787878787,,16.28787878787879,879,16.249,7.510630184561512,3.2668892806601035,47,train,False,,,12
M1,N8,E11a,T12b,categorical,3.7203938961029053,0.21641791044776118,0.31343283582089554,0.16783420741558075,0.21641791044776118,,,,,accuracy,0.21641791044776118,,21.641791044776117,892,16.417,7.4783681557855655,3.2362769146645944,47,train,False,,,13
M1,N8,E11a,T12b,categorical,3.6881258487701416,0.1553030303030303,0.2727272727272727,0.1736273318529129,0.1553030303030303,,,,,accuracy,0.1553030303030303,,15.530303030303031,879,16.641,7.496467471520985,3.260277153735803,47,train,False,,,14
M1,N8,E11a,T12b,categorical,3.7281346321105957,0.22180451127819548,0.2932330827067669,0.1655406951904297,0.22180451127819548,,,,,accuracy,0.22180451127819548,,22.18045112781955,884,16.164,7.5135092897161435,3.204469154913049,47,train,False,,,15
M1,N8,E11a,T12b,categorical,3.674821615219116,0.16728624535315986,0.25650557620817843,0.17519152164459229,0.16728624535315986,,,,,accuracy,0.16728624535315986,,16.728624535315987,896,16.195,7.514021265286967,3.182452479320435,47,train,False,,,16
M1,N8,E11a,T12b,categorical,3.6713321208953857,0.1794871794871795,0.28205128205128205,0.17674188315868378,0.1794871794871795,,,,,accuracy,0.1794871794871795,,17.94871794871795,909,16.333,7.483065424982576,3.2097470833426804,47,train,False,,,17
M1,N8,E11a,T12b,categorical,3.703183174133301,0.10037174721189591,0.3420074349442379,0.16991370916366577,0.10037174721189591,,,,,accuracy,0.10037174721189591,,10.037174721189592,896,15.663,7.499943179839269,3.2391163419576507,47,train,False,,,18
M1,N8,E11a,T12b,categorical,3.7598133087158203,0.09665427509293681,0.2342007434944238,0.16010433435440063,0.09665427509293681,,,,,accuracy,0.09665427509293681,,9.66542750929368,894,16.411,7.5001724198577975,3.268273595673592,47,train,False,,,19
M1,N8,E11a,T12b,categorical,3.6927545070648193,0.16226415094339622,0.2490566037735849,0.17270363867282867,0.16226415094339622,,,,,accuracy,0.16226415094339622,,16.22641509433962,883,16.112,7.530753347560701,3.294578652236697,47,test,False,,,0
M1,N8,E11a,T12b,categorical,3.750652313232422,0.10606060606060606,0.3143939393939394,0.16152679920196533,0.10606060606060606,,,,,accuracy,0.10606060606060606,,10.606060606060606,878,15.494,7.529993476345614,3.3135369268298924,47,test,False,,,1
M1,N8,E11a,T12b,categorical,3.710625171661377,0.15708812260536398,0.3103448275862069,0.16919824481010437,0.15708812260536398,,,,,accuracy,0.15708812260536398,,15.708812260536398,870,15.821,7.514162288231781,3.2488107857658477,47,test,False,,,2
M1,N8,E11a,T12b,categorical,3.730269432067871,0.0842911877394636,0.30268199233716475,0.16465537250041962,0.0842911877394636,,,,,accuracy,0.0842911877394636,,8.42911877394636,867,15.876,7.504941832012794,3.2344624675705402,47,test,False,,,3
M1,N8,E11a,T12b,categorical,3.6971139907836914,0.18702290076335878,0.30916030534351147,0.17176254093647003,0.18702290076335878,,,,,accuracy,0.18702290076335878,,18.702290076335878,873,15.554,7.518404823962775,3.2432864074300136,47,test,False,,,4
M1,N8,E11a,T12b,categorical,3.7352027893066406,0.20075757575757575,0.2803030303030303,0.1643320471048355,0.20075757575757575,,,,,accuracy,0.20075757575757575,,20.075757575757574,878,15.508,7.517523972497633,3.263574799418261,47,test,False,,,5
M1,N8,E11a,T12b,categorical,3.703737735748291,0.15503875968992248,0.29844961240310075,0.1700412780046463,0.15503875968992248,,,,,accuracy,0.15503875968992248,,15.503875968992247,857,15.137,7.544975984300849,3.2456792858931536,47,test,False,,,6
M1,N8,E11a,T12b,categorical,3.7117981910705566,0.18773946360153257,0.3448275862068966,0.16855518519878387,0.18773946360153257,,,,,accuracy,0.18773946360153257,,18.773946360153257,868,15.455,7.550936336080205,3.283133772576751,47,test,False,,,7
M1,N8,E11a,T12b,categorical,3.7070345878601074,0.16030534351145037,0.2862595419847328,0.16977420449256897,0.16030534351145037,,,,,accuracy,0.16030534351145037,,16.030534351145036,872,15.748,7.487138739355764,3.239851413848673,47,test,False,,,8
M1,N8,E11a,T12b,categorical,3.700944662094116,0.16666666666666666,0.313953488372093,0.17066453397274017,0.16666666666666666,,,,,accuracy,0.16666666666666666,,16.666666666666664,859,15.089,7.519481216841852,3.22174992971119,47,test,False,,,9
M1,N8,E11a,T12b,categorical,3.737778663635254,0.10077519379844961,0.32170542635658916,0.16388347744941711,0.10077519379844961,,,,,accuracy,0.10077519379844961,,10.077519379844961,857,15.468,7.509217749488538,3.26199792522676,47,test,False,,,10
M1,N8,E11a,T12b,categorical,3.691315174102783,0.17557251908396945,0.33969465648854963,0.17245595157146454,0.17557251908396945,,,,,accuracy,0.17557251908396945,,17.557251908396946,872,15.536,7.535802277782723,3.2346528811611743,47,test,False,,,11
M1,N8,E11a,T12b,categorical,3.7202281951904297,0.16796875,0.30859375,0.1673722118139267,0.16796875,,,,,accuracy,0.16796875,,16.796875,851,15.348,7.5260117044301795,3.23676286168255,47,test,False,,,12
M1,N8,E11a,T12b,categorical,3.729107141494751,0.23809523809523808,0.3253968253968254,0.16497112810611725,0.23809523809523808,,,,,accuracy,0.23809523809523808,,23.809523809523807,838,15.66,7.552725209685217,3.2260088468999624,47,test,False,,,13
M1,N8,E11a,T12b,categorical,3.7297074794769287,0.18875502008032127,0.3453815261044177,0.16559986770153046,0.18875502008032127,,,,,accuracy,0.18875502008032127,,18.87550200803213,829,16.25,7.558817396189369,3.1940526341066353,47,test,False,,,14
M1,N8,E11a,T12b,categorical,3.732088565826416,0.14728682170542637,0.3023255813953488,0.1643650382757187,0.14728682170542637,,,,,accuracy,0.14728682170542637,,14.728682170542637,858,15.878,7.53676900419063,3.2828212686064435,47,test,False,,,15
M1,N8,E11a,T12b,categorical,3.750926971435547,0.16862745098039217,0.27450980392156865,0.16168439388275146,0.16862745098039217,,,,,accuracy,0.16862745098039217,,16.862745098039216,850,15.776,7.523813086475161,3.2495591215776454,47,test,False,,,16
M1,N8,E11a,T12b,categorical,3.7327942848205566,0.2153846153846154,0.29615384615384616,0.16500215232372284,0.2153846153846154,,,,,accuracy,0.2153846153846154,,21.53846153846154,866,16.204,7.53339077991128,3.2744614003408214,47,test,False,,,17
M1,N8,E11a,T12b,categorical,3.7249550819396973,0.18359375,0.30859375,0.16575750708580017,0.18359375,,,,,accuracy,0.18359375,,18.359375,852,15.673,7.527293408304229,3.2184702739502553,47,test,False,,,18
M1,N8,E11a,T12b,categorical,3.7210195064544678,0.16538461538461538,0.3269230769230769,0.1669197678565979,0.16538461538461538,,,,,accuracy,0.16538461538461538,,16.538461538461537,866,15.566,7.542082611625525,3.273549849160496,47,test,False,,,19
M1,N8,E11a,T12e,categorical,3.7549407482147217,0.13584905660377358,0.2830188679245283,0.161015585064888,0.13584905660377358,,,,,accuracy,0.13584905660377358,,13.584905660377359,881,0.0,0.0,3.2790889486625647,47,train,False,,,0
M1,N8,E11a,T12e,categorical,3.724698305130005,0.1455223880597015,0.22761194029850745,0.16615086793899536,0.1455223880597015,,,,,accuracy,0.1455223880597015,,14.55223880597015,893,0.0,0.0,3.2313609491162514,47,train,False,,,1
M1,N8,E11a,T12e,categorical,3.7167458534240723,0.17424242424242425,0.2916666666666667,0.16722029447555542,0.17424242424242425,,,,,accuracy,0.17424242424242425,,17.424242424242426,880,0.0,0.0,3.1780018583470007,47,train,False,,,2
M1,N8,E11a,T12e,categorical,3.703655242919922,0.16236162361623616,0.30996309963099633,0.17063848674297333,0.16236162361623616,,,,,accuracy,0.16236162361623616,,16.236162361623617,902,0.0,0.0,3.2521090720727983,47,train,False,,,3
M1,N8,E11a,T12e,categorical,3.7490603923797607,0.15355805243445692,0.30337078651685395,0.16220423579216003,0.15355805243445692,,,,,accuracy,0.15355805243445692,,15.355805243445692,889,0.0,0.0,3.2979903420232266,47,train,False,,,4
M1,N8,E11a,T12e,categorical,3.749521493911743,0.1455223880597015,0.26865671641791045,0.16191838681697845,0.1455223880597015,,,,,accuracy,0.1455223880597015,,14.55223880597015,892,0.0,0.0,3.254135217443921,47,train,False,,,5
M1,N8,E11a,T12e,categorical,3.7235846519470215,0.1970260223048327,0.3754646840148699,0.16571399569511414,0.1970260223048327,,,,,accuracy,0.1970260223048327,,19.702602230483272,896,0.0,0.0,3.2025056315129636,47,train,False,,,6
M1,N8,E11a,T12e,categorical,3.7387747764587402,0.16791044776119404,0.3208955223880597,0.16374710202217102,0.16791044776119404,,,,,accuracy,0.16791044776119404,,16.791044776119403,893,0.0,0.0,3.2484512185752052,47,train,False,,,7
M1,N8,E11a,T12e,categorical,3.6973960399627686,0.17358490566037735,0.29056603773584905,0.1710893213748932,0.17358490566037735,,,,,accuracy,0.17358490566037735,,17.358490566037734,881,0.0,0.0,3.2409952498452226,47,train,False,,,8
M1,N8,E11a,T12e,categorical,3.699585437774658,0.21245421245421245,0.3772893772893773,0.17021629214286804,0.21245421245421245,,,,,accuracy,0.21245421245421245,,21.245421245421245,909,0.0,0.0,3.2426340470317294,47,train,False,,,9
M1,N8,E11a,T12e,categorical,3.7252330780029297,0.15730337078651685,0.29213483146067415,0.1657104343175888,0.15730337078651685,,,,,accuracy,0.15730337078651685,,15.730337078651685,890,0.0,0.0,3.2836889414087804,47,train,False,,,10
M1,N8,E11a,T12e,categorical,3.704204797744751,0.17424242424242425,0.32196969696969696,0.16969749331474304,0.17424242424242425,,,,,accuracy,0.17424242424242425,,17.424242424242426,877,0.0,0.0,3.264224731722255,47,train,False,,,11
M1,N8,E11a,T12e,categorical,3.7376115322113037,0.15151515151515152,0.2916666666666667,0.16398607194423676,0.15151515151515152,,,,,accuracy,0.15151515151515152,,15.151515151515152,879,0.0,0.0,3.2668892806601035,47,train,False,,,12
M1,N8,E11a,T12e,categorical,3.6726772785186768,0.21641791044776118,0.35447761194029853,0.17648011445999146,0.21641791044776118,,,,,accuracy,0.21641791044776118,,21.641791044776117,892,0.0,0.0,3.2362769146645944,47,train,False,,,13
M1,N8,E11a,T12e,categorical,3.727849245071411,0.1553030303030303,0.2537878787878788,0.16518479585647583,0.1553030303030303,,,,,accuracy,0.1553030303030303,,15.530303030303031,879,0.0,0.0,3.260277153735803,47,train,False,,,14
M1,N8,E11a,T12e,categorical,3.6824471950531006,0.22180451127819548,0.37969924812030076,0.17471927404403687,0.22180451127819548,,,,,accuracy,0.22180451127819548,,22.18045112781955,884,0.0,0.0,3.204469154913049,47,train,False,,,15
M1,N8,E11a,T12e,categorical,3.7316014766693115,0.16728624535315986,0.29739776951672864,0.1653803139925003,0.16728624535315986,,,,,accuracy,0.16728624535315986,,16.728624535315987,896,0.0,0.0,3.182452479320435,47,train,False,,,16
M1,N8,E11a,T12e,categorical,3.715843915939331,0.1794871794871795,0.32967032967032966,0.1673581451177597,0.1794871794871795,,,,,accuracy,0.1794871794871795,,17.94871794871795,909,0.0,0.0,3.2097470833426804,47,train,False,,,17
M1,N8,E11a,T12e,categorical,3.7099292278289795,0.20074349442379183,0.3308550185873606,0.16873972117900848,0.20074349442379183,,,,,accuracy,0.20074349442379183,,20.074349442379184,896,0.0,0.0,3.2391163419576507,47,train,False,,,18
M1,N8,E11a,T12e,categorical,3.7206151485443115,0.09665427509293681,0.26394052044609667,0.16640231013298035,0.09665427509293681,,,,,accuracy,0.09665427509293681,,9.66542750929368,894,0.0,0.0,3.268273595673592,47,train,False,,,19
M1,N8,E11a,T12e,categorical,3.7191948890686035,0.2037735849056604,0.2943396226415094,0.16709835827350616,0.2037735849056604,,,,,accuracy,0.2037735849056604,,20.37735849056604,883,0.0,0.0,3.294578652236697,47,test,False,,,0
M1,N8,E11a,T12e,categorical,3.7146687507629395,0.18181818181818182,0.29924242424242425,0.1675577312707901,0.18181818181818182,,,,,accuracy,0.18181818181818182,,18.181818181818183,878,0.0,0.0,3.3135369268298924,47,test,False,,,1
M1,N8,E11a,T12e,categorical,3.7206783294677734,0.15708812260536398,0.27586206896551724,0.16667458415031433,0.15708812260536398,,,,,accuracy,0.15708812260536398,,15.708812260536398,870,0.0,0.0,3.2488107857658477,47,test,False,,,2
M1,N8,E11a,T12e,categorical,3.7278218269348145,0.1685823754789272,0.2681992337164751,0.16579550504684448,0.1685823754789272,,,,,accuracy,0.1685823754789272,,16.85823754789272,867,0.0,0.0,3.2344624675705402,47,test,False,,,3
M1,N8,E11a,T12e,categorical,3.7070815563201904,0.18702290076335878,0.31297709923664124,0.16872818768024445,0.18702290076335878,,,,,accuracy,0.18702290076335878,,18.702290076335878,873,0.0,0.0,3.2432864074300136,47,test,False,,,4
M1,N8,E11a,T12e,categorical,3.7112746238708496,0.20075757575757575,0.3143939393939394,0.16924794018268585,0.20075757575757575,,,,,accuracy,0.20075757575757575,,20.075757575757574,878,0.0,0.0,3.263574799418261,47,test,False,,,5
M1,N8,E11a,T12e,categorical,3.7168424129486084,0.15503875968992248,0.29457364341085274,0.16756665706634521,0.15503875968992248,,,,,accuracy,0.15503875968992248,,15.503875968992247,857,0.0,0.0,3.2456792858931536,47,test,False,,,6
M1,N8,E11a,T12e,categorical,3.7108566761016846,0.19157088122605365,0.3333333333333333,0.16851286590099335,0.19157088122605365,,,,,accuracy,0.19157088122605365,,19.157088122605366,868,0.0,0.0,3.283133772576751,47,test,False,,,7
M1,N8,E11a,T12e,categorical,3.733171224594116,0.16030534351145037,0.27099236641221375,0.16518525779247284,0.16030534351145037,,,,,accuracy,0.16030534351145037,,16.030534351145036,872,0.0,0.0,3.239851413848673,47,test,False,,,8
M1,N8,E11a,T12e,categorical,3.683499574661255,0.16666666666666666,0.3333333333333333,0.1738492101430893,0.16666666666666666,,,,,accuracy,0.16666666666666666,,16.666666666666664,859,0.0,0.0,3.22174992971119,47,test,False,,,9
M1,N8,E11a,T12e,categorical,3.7509279251098633,0.18992248062015504,0.3178294573643411,0.16136480867862701,0.18992248062015504,,,,,accuracy,0.18992248062015504,,18.992248062015506,857,0.0,0.0,3.26199792522676,47,test,False,,,10
M1,N8,E11a,T12e,categorical,3.687128782272339,0.17557251908396945,0.3435114503816794,0.1726861447095871,0.17557251908396945,,,,,accuracy,0.17557251908396945,,17.557251908396946,872,0.0,0.0,3.2346528811611743,47,test,False,,,11
M1,N8,E11a,T12e,categorical,3.710822820663452,0.16796875,0.35546875,0.1689819097518921,0.16796875,,,,,accuracy,0.16796875,,16.796875,851,0.0,0.0,3.23676286168255,47,test,False,,,12
M1,N8,E11a,T12e,categorical,3.7065813541412354,0.1984126984126984,0.3412698412698413,0.16963937878608704,0.1984126984126984,,,,,accuracy,0.1984126984126984,,19.841269841269842,838,0.0,0.0,3.2260088468999624,47,test,False,,,13
M1,N8,E11a,T12e,categorical,3.7189269065856934,0.18875502008032127,0.3453815261044177,0.16699393093585968,0.18875502008032127,,,,,accuracy,0.18875502008032127,,18.87550200803213,829,0.0,0.0,3.1940526341066353,47,test,False,,,14
M1,N8,E11a,T12e,categorical,3.701695203781128,0.14728682170542637,0.34108527131782945,0.17010389268398285,0.14728682170542637,,,,,accuracy,0.14728682170542637,,14.728682170542637,858,0.0,0.0,3.2828212686064435,47,test,False,,,15
M1,N8,E11a,T12e,categorical,3.6997122764587402,0.16862745098039217,0.3215686274509804,0.17119134962558746,0.16862745098039217,,,,,accuracy,0.16862745098039217,,16.862745098039216,850,0.0,0.0,3.2495591215776454,47,test,False,,,16
M1,N8,E11a,T12e,categorical,3.726536512374878,0.1576923076923077,0.2846153846153846,0.16590365767478943,0.1576923076923077,,,,,accuracy,0.1576923076923077,,15.769230769230768,866,0.0,0.0,3.2744614003408214,47,test,False,,,17
M1,N8,E11a,T12e,categorical,3.713787078857422,0.18359375,0.30859375,0.16786836087703705,0.18359375,,,,,accuracy,0.18359375,,18.359375,852,0.0,0.0,3.2184702739502553,47,test,False,,,18
M1,N8,E11a,T12e,categorical,3.706697463989258,0.16538461538461538,0.28076923076923077,0.1690952479839325,0.16538461538461538,,,,,accuracy,0.16538461538461538,,16.538461538461537,866,0.0,0.0,3.273549849160496,47,test,False,,,19
M1,N8,E11b,T12a,categorical,3.729254722595215,0.13584905660377358,0.1660377358490566,0.1656842976808548,0.13584905660377358,,,,,accuracy,0.13584905660377358,,13.584905660377359,881,68.618,7.296330850432761,3.2790889486625647,47,train,False,,,0
M1,N8,E11b,T12a,categorical,3.6417922973632812,0.1455223880597015,0.2574626865671642,0.18245047330856323,0.1455223880597015,,,,,accuracy,0.1455223880597015,,14.55223880597015,893,71.171,7.292496147374388,3.2313609491162514,47,train,False,,,1
M1,N8,E11b,T12a,categorical,3.6862385272979736,0.17424242424242425,0.2916666666666667,0.17330020666122437,0.17424242424242425,,,,,accuracy,0.17424242424242425,,17.424242424242426,880,70.979,7.312019931721841,3.1780018583470007,47,train,False,,,2
M1,N8,E11b,T12a,categorical,3.6603193283081055,0.16236162361623616,0.25830258302583026,0.1783096343278885,0.16236162361623616,,,,,accuracy,0.16236162361623616,,16.236162361623617,902,66.069,7.314504909369051,3.2521090720727983,47,train,False,,,3
M1,N8,E11b,T12a,categorical,3.7044029235839844,0.15355805243445692,0.2958801498127341,0.17054757475852966,0.15355805243445692,,,,,accuracy,0.15355805243445692,,15.355805243445692,889,69.446,7.3256473128846515,3.2979903420232266,47,train,False,,,4
M1,N8,E11b,T12a,categorical,3.6449496746063232,0.1455223880597015,0.2537313432835821,0.1801481693983078,0.1455223880597015,,,,,accuracy,0.1455223880597015,,14.55223880597015,892,68.552,7.281902291794099,3.254135217443921,47,train,False,,,5
M1,N8,E11b,T12a,categorical,3.6300134658813477,0.1970260223048327,0.3271375464684015,0.18594665825366974,0.1970260223048327,,,,,accuracy,0.1970260223048327,,19.702602230483272,896,71.512,7.298147136286968,3.2025056315129636,47,train,False,,,6
M1,N8,E11b,T12a,categorical,3.7118804454803467,0.16791044776119404,0.3208955223880597,0.16892629861831665,0.16791044776119404,,,,,accuracy,0.16791044776119404,,16.791044776119403,893,68.508,7.314719743127351,3.2484512185752052,47,train,False,,,7
M1,N8,E11b,T12a,categorical,3.66011381149292,0.17358490566037735,0.2981132075471698,0.17838703095912933,0.17358490566037735,,,,,accuracy,0.17358490566037735,,17.358490566037734,881,72.413,7.326899384876668,3.2409952498452226,47,train,False,,,8
M1,N8,E11b,T12a,categorical,3.637486457824707,0.21245421245421245,0.32234432234432236,0.18254318833351135,0.21245421245421245,,,,,accuracy,0.21245421245421245,,21.245421245421245,909,70.539,7.2580545347946535,3.2426340470317294,47,train,False,,,9
M1,N8,E11b,T12a,categorical,3.6898279190063477,0.15730337078651685,0.21722846441947566,0.17534877359867096,0.15730337078651685,,,,,accuracy,0.15730337078651685,,15.730337078651685,890,66.37,7.295705287832417,3.2836889414087804,47,train,False,,,10
M1,N8,E11b,T12a,categorical,3.6134226322174072,0.17424242424242425,0.2689393939393939,0.1893497258424759,0.17424242424242425,,,,,accuracy,0.17424242424242425,,17.424242424242426,877,70.931,7.283467574092641,3.264224731722255,47,train,False,,,11
M1,N8,E11b,T12a,categorical,3.738300323486328,0.03787878787878788,0.2689393939393939,0.16325880587100983,0.03787878787878788,,,,,accuracy,0.03787878787878788,,3.787878787878788,879,67.395,7.305941711264974,3.2668892806601035,47,train,False,,,12
M1,N8,E11b,T12a,categorical,3.634671688079834,0.21641791044776118,0.33955223880597013,0.18306894600391388,0.21641791044776118,,,,,accuracy,0.21641791044776118,,21.641791044776117,892,70.873,7.293641907238109,3.2362769146645944,47,train,False,,,13
M1,N8,E11b,T12a,categorical,3.6790244579315186,0.1553030303030303,0.2537878787878788,0.17313162982463837,0.1553030303030303,,,,,accuracy,0.1553030303030303,,15.530303030303031,879,71.341,7.305902455955991,3.260277153735803,47,train,False,,,14
M1,N8,E11b,T12a,categorical,3.6148622035980225,0.22180451127819548,0.37593984962406013,0.1878052055835724,0.22180451127819548,,,,,accuracy,0.22180451127819548,,22.18045112781955,884,74.068,7.277833203039909,3.204469154913049,47,train,False,,,15
M1,N8,E11b,T12a,categorical,3.617774486541748,0.16728624535315986,0.27137546468401486,0.1889987289905548,0.16728624535315986,,,,,accuracy,0.16728624535315986,,16.728624535315987,896,70.003,7.290232696506256,3.182452479320435,47,train,False,,,16
M1,N8,E11b,T12a,categorical,3.677757740020752,0.1794871794871795,0.27106227106227104,0.17425121366977692,0.1794871794871795,,,,,accuracy,0.1794871794871795,,17.94871794871795,909,71.694,7.284695760161748,3.2097470833426804,47,train,False,,,17
M1,N8,E11b,T12a,categorical,3.69992995262146,0.20074349442379183,0.35687732342007433,0.17119349539279938,0.20074349442379183,,,,,accuracy,0.20074349442379183,,20.074349442379184,896,67.332,7.3005294525050894,3.2391163419576507,47,train,False,,,18
M1,N8,E11b,T12a,categorical,3.7186858654022217,0.09665427509293681,0.26394052044609667,0.16695454716682434,0.09665427509293681,,,,,accuracy,0.09665427509293681,,9.66542750929368,894,66.115,7.3090719560105,3.268273595673592,47,train,False,,,19
M1,N8,E11b,T12a,categorical,3.720759868621826,0.16226415094339622,0.23773584905660378,0.16669222712516785,0.16226415094339622,,,,,accuracy,0.16226415094339622,,16.22641509433962,883,62.532,7.332078652862888,3.294578652236697,47,test,False,,,0
M1,N8,E11b,T12a,categorical,3.640456199645996,0.18181818181818182,0.29924242424242425,0.1834828108549118,0.18181818181818182,,,,,accuracy,0.18181818181818182,,18.181818181818183,878,62.086,7.306993971403129,3.3135369268298924,47,test,False,,,1
M1,N8,E11b,T12a,categorical,3.7135610580444336,0.15708812260536398,0.3103448275862069,0.1687566488981247,0.15708812260536398,,,,,accuracy,0.15708812260536398,,15.708812260536398,870,67.977,7.306595945058938,3.2488107857658477,47,test,False,,,2
M1,N8,E11b,T12a,categorical,3.672358989715576,0.1685823754789272,0.2988505747126437,0.1764681339263916,0.1685823754789272,,,,,accuracy,0.1685823754789272,,16.85823754789272,867,64.281,7.309495416164804,3.2344624675705402,47,test,False,,,3
M1,N8,E11b,T12a,categorical,3.6442391872406006,0.18702290076335878,0.31297709923664124,0.18289385735988617,0.18702290076335878,,,,,accuracy,0.18702290076335878,,18.702290076335878,873,64.207,7.302092825266744,3.2432864074300136,47,test,False,,,4
M1,N8,E11b,T12a,categorical,3.713498115539551,0.20075757575757575,0.2878787878787879,0.16764387488365173,0.20075757575757575,,,,,accuracy,0.20075757575757575,,20.075757575757574,878,64.546,7.322863100377273,3.263574799418261,47,test,False,,,5
M1,N8,E11b,T12a,categorical,3.7426652908325195,0.10465116279069768,0.27906976744186046,0.16315577924251556,0.10465116279069768,,,,,accuracy,0.10465116279069768,,10.465116279069768,857,65.691,7.317730497123874,3.2456792858931536,47,test,False,,,6
M1,N8,E11b,T12a,categorical,3.6382598876953125,0.18773946360153257,0.31417624521072796,0.1819515824317932,0.18773946360153257,,,,,accuracy,0.18773946360153257,,18.773946360153257,868,60.124,7.333537299979956,3.283133772576751,47,test,False,,,7
M1,N8,E11b,T12a,categorical,3.671245574951172,0.16030534351145037,0.32061068702290074,0.17682941257953644,0.16030534351145037,,,,,accuracy,0.16030534351145037,,16.030534351145036,872,65.32,7.298746403656999,3.239851413848673,47,test,False,,,8
M1,N8,E11b,T12a,categorical,3.6999824047088623,0.16666666666666666,0.2596899224806202,0.17019705474376678,0.16666666666666666,,,,,accuracy,0.16666666666666666,,16.666666666666664,859,66.861,7.298545757592144,3.22174992971119,47,test,False,,,9
M1,N8,E11b,T12a,categorical,3.6931333541870117,0.16279069767441862,0.313953488372093,0.17174260318279266,0.16279069767441862,,,,,accuracy,0.16279069767441862,,16.27906976744186,857,67.775,7.317506636946337,3.26199792522676,47,test,False,,,10
M1,N8,E11b,T12a,categorical,3.6494524478912354,0.17557251908396945,0.30916030534351147,0.18138183653354645,0.17557251908396945,,,,,accuracy,0.17557251908396945,,17.557251908396946,872,69.185,7.324500285428739,3.2346528811611743,47,test,False,,,11
M1,N8,E11b,T12a,categorical,3.631124973297119,0.16796875,0.296875,0.18590372800827026,0.16796875,,,,,accuracy,0.16796875,,16.796875,851,64.57,7.334445227049822,3.23676286168255,47,test,False,,,12
M1,N8,E11b,T12a,categorical,3.6360836029052734,0.1984126984126984,0.36507936507936506,0.18340903520584106,0.1984126984126984,,,,,accuracy,0.1984126984126984,,19.841269841269842,838,69.408,7.32132158050314,3.2260088468999624,47,test,False,,,13
M1,N8,E11b,T12a,categorical,3.6528124809265137,0.18875502008032127,0.3253012048192771,0.17830513417720795,0.18875502008032127,,,,,accuracy,0.18875502008032127,,18.87550200803213,829,70.705,7.327247184250992,3.1940526341066353,47,test,False,,,14
M1,N8,E11b,T12a,categorical,3.7072458267211914,0.14728682170542637,0.2868217054263566,0.16869015991687775,0.14728682170542637,,,,,accuracy,0.14728682170542637,,14.728682170542637,858,66.402,7.321069320564622,3.2828212686064435,47,test,False,,,15
M1,N8,E11b,T12a,categorical,3.647019624710083,0.16862745098039217,0.3058823529411765,0.18194745481014252,0.16862745098039217,,,,,accuracy,0.16862745098039217,,16.862745098039216,850,67.263,7.288997650391316,3.2495591215776454,47,test,False,,,16
M1,N8,E11b,T12a,categorical,3.722740650177002,0.1576923076923077,0.22692307692307692,0.16599003970623016,0.1576923076923077,,,,,accuracy,0.1576923076923077,,15.769230769230768,866,62.442,7.3496820159982095,3.2744614003408214,47,test,False,,,17
M1,N8,E11b,T12a,categorical,3.5978429317474365,0.18359375,0.359375,0.19048134982585907,0.18359375,,,,,accuracy,0.18359375,,18.359375,852,68.508,7.30801922284512,3.2184702739502553,47,test,False,,,18
M1,N8,E11b,T12a,categorical,3.6700515747070312,0.16538461538461538,0.2923076923076923,0.17552553117275238,0.16538461538461538,,,,,accuracy,0.16538461538461538,,16.538461538461537,866,66.731,7.322616922144395,3.273549849160496,47,test,False,,,19
M1,N8,E11b,T12b,categorical,3.6682403087615967,0.13584905660377358,0.2490566037735849,0.17682655155658722,0.13584905660377358,,,,,accuracy,0.13584905660377358,,13.584905660377359,881,15.936,7.493965271091904,3.2790889486625647,47,train,False,,,0
M1,N8,E11b,T12b,categorical,3.696274995803833,0.1455223880597015,0.2537313432835821,0.17096850275993347,0.1455223880597015,,,,,accuracy,0.1455223880597015,,14.55223880597015,893,16.595,7.549472420585582,3.2313609491162514,47,train,False,,,1
M1,N8,E11b,T12b,categorical,3.6559667587280273,0.17424242424242425,0.2840909090909091,0.1804778128862381,0.17424242424242425,,,,,accuracy,0.17424242424242425,,17.424242424242426,880,15.997,7.518117797981741,3.1780018583470007,47,train,False,,,2
M1,N8,E11b,T12b,categorical,3.641515016555786,0.16236162361623616,0.3210332103321033,0.18189281225204468,0.16236162361623616,,,,,accuracy,0.16236162361623616,,16.236162361623617,902,15.976,7.532051806037881,3.2521090720727983,47,train,False,,,3
M1,N8,E11b,T12b,categorical,3.728745460510254,0.15355805243445692,0.27715355805243447,0.1666158139705658,0.15355805243445692,,,,,accuracy,0.15355805243445692,,15.355805243445692,889,15.526,7.530021364612626,3.2979903420232266,47,train,False,,,4
M1,N8,E11b,T12b,categorical,3.6400692462921143,0.1455223880597015,0.3283582089552239,0.18161658942699432,0.1455223880597015,,,,,accuracy,0.1455223880597015,,14.55223880597015,892,16.107,7.524790897639155,3.254135217443921,47,train,False,,,5
M1,N8,E11b,T12b,categorical,3.6284799575805664,0.1970260223048327,0.31226765799256506,0.18509767949581146,0.1970260223048327,,,,,accuracy,0.1970260223048327,,19.702602230483272,896,15.908,7.504946637832015,3.2025056315129636,47,train,False,,,6
M1,N8,E11b,T12b,categorical,3.6750898361206055,0.16791044776119404,0.29850746268656714,0.17646043002605438,0.16791044776119404,,,,,accuracy,0.16791044776119404,,16.791044776119403,893,15.893,7.5261571137870575,3.2484512185752052,47,train,False,,,7
M1,N8,E11b,T12b,categorical,3.6985385417938232,0.17358490566037735,0.3132075471698113,0.1703539341688156,0.17358490566037735,,,,,accuracy,0.17358490566037735,,17.358490566037734,881,16.156,7.506967720286163,3.2409952498452226,47,train,False,,,8
