system_name,node_idx,edge_idx,text_idx,system_type,train_mean,question_id,question_subtype,faithfulness,answer_relevance,context_relevance,composite_score
N7_E11b_T12a_text_based,N7,E11b,T12a,text_based,43.60886769821098,amazon_sh_026,single_specific,1.0,0.0,0.0,0.3333333333333333
N7_E11b_T12a_text_based,N7,E11b,T12a,text_based,43.60886769821098,amazon_sh_013,single_specific,0.3333333333333333,0.8794695917919837,0.0,0.404267641708439
N7_E11b_T12a_text_based,N7,E11b,T12a,text_based,43.60886769821098,amazon_sh_024,single_specific,0.5,0.736093529131129,0.0,0.412031176377043
N7_E11b_T12a_text_based,N7,E11b,T12a,text_based,43.60886769821098,amazon_sh_021,single_specific,1.0,0.7543659237169051,0.0,0.5847886412389683
N7_E11b_T12a_text_based,N7,E11b,T12a,text_based,43.60886769821098,amazon_sh_015,single_specific,1.0,0.0,0.0,0.3333333333333333
N7_E11b_T12a_text_based,N7,E11b,T12a,text_based,43.60886769821098,amazon_sh_029,single_specific,1.0,0.0,0.0,0.3333333333333333
N7_E11b_T12a_text_based,N7,E11b,T12a,text_based,43.60886769821098,amazon_sh_019,single_specific,1.0,0.0,0.0,0.3333333333333333
N7_E11b_T12a_text_based,N7,E11b,T12a,text_based,43.60886769821098,amazon_agg_031,aggregate_cross_paper,0.3333333333333333,0.8652163361164918,1.0,0.7328498898166084
N7_E11b_T12a_text_based,N7,E11b,T12a,text_based,43.60886769821098,amazon_agg_015,aggregate_cross_paper,1.0,0.8375280062837502,0.0,0.6125093354279167
N7_E11b_T12a_text_based,N7,E11b,T12a,text_based,43.60886769821098,amazon_agg_026,aggregate_cross_paper,0.875,0.7910943184113127,1.0,0.8886981061371042
N7_E11b_T12a_text_based,N7,E11b,T12a,text_based,43.60886769821098,amazon_agg_017,aggregate_cross_paper,0.75,0.3659711875856046,1.0,0.7053237291952016
N7_E11b_T12a_text_based,N7,E11b,T12a,text_based,43.60886769821098,amazon_agg_008,aggregate_cross_paper,0.8,0.0,1.0,0.6
N7_E11b_T12a_text_based,N7,E11b,T12a,text_based,43.60886769821098,amazon_agg_009,aggregate_cross_paper,1.0,0.0,0.0,0.3333333333333333
N7_E11b_T12a_text_based,N7,E11b,T12a,text_based,43.60886769821098,amazon_agg_019,aggregate_cross_paper,0.8,0.7955535925571389,0.5,0.698517864185713
N7_E11b_T12a_text_based,N7,E11b,T12a,text_based,43.60886769821098,amazon_edge_015,edge_multihop,1.0,0.0,0.0,0.3333333333333333
N7_E11b_T12a_text_based,N7,E11b,T12a,text_based,43.60886769821098,amazon_edge_019,edge_multihop,1.0,0.0,0.0,0.3333333333333333
N7_E11b_T12a_text_based,N7,E11b,T12a,text_based,43.60886769821098,amazon_edge_027,edge_multihop,1.0,0.0,0.0,0.3333333333333333
N7_E11b_T12a_text_based,N7,E11b,T12a,text_based,43.60886769821098,amazon_edge_026,edge_multihop,1.0,0.0,0.0,0.3333333333333333
N7_E11b_T12a_text_based,N7,E11b,T12a,text_based,43.60886769821098,amazon_edge_008,edge_multihop,1.0,0.0,0.0,0.3333333333333333
N7_E11b_T12a_text_based,N7,E11b,T12a,text_based,43.60886769821098,amazon_edge_024,edge_multihop,0.75,0.0,0.0,0.25
N7_E11a_T12a_text_based,N7,E11a,T12a,text_based,42.21113851599443,amazon_sh_026,single_specific,1.0,0.8100540930793697,1.0,0.9366846976931232
N7_E11a_T12a_text_based,N7,E11a,T12a,text_based,42.21113851599443,amazon_sh_013,single_specific,1.0,0.8794838210607301,1.0,0.9598279403535767
N7_E11a_T12a_text_based,N7,E11a,T12a,text_based,42.21113851599443,amazon_sh_024,single_specific,0.0,0.5775950216694964,1.0,0.5258650072231655
N7_E11a_T12a_text_based,N7,E11a,T12a,text_based,42.21113851599443,amazon_sh_021,single_specific,1.0,0.9367608133256224,1.0,0.9789202711085409
N7_E11a_T12a_text_based,N7,E11a,T12a,text_based,42.21113851599443,amazon_sh_015,single_specific,1.0,0.9662651197746719,1.0,0.9887550399248907
N7_E11a_T12a_text_based,N7,E11a,T12a,text_based,42.21113851599443,amazon_sh_029,single_specific,1.0,0.9790715943553351,1.0,0.9930238647851116
N7_E11a_T12a_text_based,N7,E11a,T12a,text_based,42.21113851599443,amazon_sh_019,single_specific,0.4,0.8864258110371949,1.0,0.7621419370123984
N7_E11a_T12a_text_based,N7,E11a,T12a,text_based,42.21113851599443,amazon_agg_031,aggregate_cross_paper,0.75,0.827186146765157,1.0,0.859062048921719
N7_E11a_T12a_text_based,N7,E11a,T12a,text_based,42.21113851599443,amazon_agg_015,aggregate_cross_paper,1.0,0.7477540133955278,0.0,0.5825846711318426
N7_E11a_T12a_text_based,N7,E11a,T12a,text_based,42.21113851599443,amazon_agg_026,aggregate_cross_paper,0.5,0.7910664527150987,1.0,0.7636888175716995
N7_E11a_T12a_text_based,N7,E11a,T12a,text_based,42.21113851599443,amazon_agg_017,aggregate_cross_paper,0.75,0.36133116116966385,1.0,0.7037770537232214
N7_E11a_T12a_text_based,N7,E11a,T12a,text_based,42.21113851599443,amazon_agg_008,aggregate_cross_paper,0.875,0.6194902706126747,1.0,0.8314967568708916
N7_E11a_T12a_text_based,N7,E11a,T12a,text_based,42.21113851599443,amazon_agg_009,aggregate_cross_paper,0.7777777777777778,0.7366277413976992,0.5,0.6714685063918256
N7_E11a_T12a_text_based,N7,E11a,T12a,text_based,42.21113851599443,amazon_agg_019,aggregate_cross_paper,0.75,0.7590556081976564,0.5,0.669685202732552
N7_E11a_T12a_text_based,N7,E11a,T12a,text_based,42.21113851599443,amazon_edge_015,edge_multihop,1.0,0.9234529058918394,0.5,0.8078176352972798
N7_E11a_T12a_text_based,N7,E11a,T12a,text_based,42.21113851599443,amazon_edge_019,edge_multihop,1.0,0.0,0.5,0.5
N7_E11a_T12a_text_based,N7,E11a,T12a,text_based,42.21113851599443,amazon_edge_027,edge_multihop,0.6666666666666666,0.877756558665668,0.5,0.6814744084441116
N7_E11a_T12a_text_based,N7,E11a,T12a,text_based,42.21113851599443,amazon_edge_026,edge_multihop,0.6666666666666666,0.0,0.0,0.2222222222222222
N7_E11a_T12a_text_based,N7,E11a,T12a,text_based,42.21113851599443,amazon_edge_008,edge_multihop,1.0,0.0,0.0,0.3333333333333333
N7_E11a_T12a_text_based,N7,E11a,T12a,text_based,42.21113851599443,amazon_edge_024,edge_multihop,0.0,0.8659026693997337,0.0,0.28863422313324455
N7_E11b_T12b_text_based,N7,E11b,T12b,text_based,42.0452790818953,amazon_sh_026,single_specific,1.0,0.0,0.0,0.3333333333333333
N7_E11b_T12b_text_based,N7,E11b,T12b,text_based,42.0452790818953,amazon_sh_013,single_specific,0.3333333333333333,0.879485931092081,0.0,0.4042730881418048
N7_E11b_T12b_text_based,N7,E11b,T12b,text_based,42.0452790818953,amazon_sh_024,single_specific,0.5,0.7360787678562747,0.0,0.4120262559520915
N7_E11b_T12b_text_based,N7,E11b,T12b,text_based,42.0452790818953,amazon_sh_021,single_specific,1.0,0.0,0.0,0.3333333333333333
N7_E11b_T12b_text_based,N7,E11b,T12b,text_based,42.0452790818953,amazon_sh_015,single_specific,1.0,0.0,0.0,0.3333333333333333
N7_E11b_T12b_text_based,N7,E11b,T12b,text_based,42.0452790818953,amazon_sh_029,single_specific,1.0,0.0,0.0,0.3333333333333333
N7_E11b_T12b_text_based,N7,E11b,T12b,text_based,42.0452790818953,amazon_sh_019,single_specific,1.0,0.0,0.0,0.3333333333333333
N7_E11b_T12b_text_based,N7,E11b,T12b,text_based,42.0452790818953,amazon_agg_031,aggregate_cross_paper,0.3333333333333333,0.8652203885224198,1.0,0.7328512406185844
N7_E11b_T12b_text_based,N7,E11b,T12b,text_based,42.0452790818953,amazon_agg_015,aggregate_cross_paper,1.0,0.8550817955019777,0.0,0.6183605985006593
N7_E11b_T12b_text_based,N7,E11b,T12b,text_based,42.0452790818953,amazon_agg_026,aggregate_cross_paper,0.3333333333333333,0.7910961042372803,1.0,0.7081431458568712
N7_E11b_T12b_text_based,N7,E11b,T12b,text_based,42.0452790818953,amazon_agg_017,aggregate_cross_paper,0.75,0.3746272754184245,1.0,0.7082090918061414
N7_E11b_T12b_text_based,N7,E11b,T12b,text_based,42.0452790818953,amazon_agg_008,aggregate_cross_paper,1.0,0.5167746519653154,1.0,0.8389248839884385
N7_E11b_T12b_text_based,N7,E11b,T12b,text_based,42.0452790818953,amazon_agg_009,aggregate_cross_paper,1.0,0.0,0.0,0.3333333333333333
N7_E11b_T12b_text_based,N7,E11b,T12b,text_based,42.0452790818953,amazon_agg_019,aggregate_cross_paper,0.8,0.7949061859446016,0.5,0.698302061981534
N7_E11b_T12b_text_based,N7,E11b,T12b,text_based,42.0452790818953,amazon_edge_015,edge_multihop,1.0,0.0,0.0,0.3333333333333333
N7_E11b_T12b_text_based,N7,E11b,T12b,text_based,42.0452790818953,amazon_edge_019,edge_multihop,1.0,0.0,0.0,0.3333333333333333
N7_E11b_T12b_text_based,N7,E11b,T12b,text_based,42.0452790818953,amazon_edge_027,edge_multihop,1.0,0.0,0.0,0.3333333333333333
N7_E11b_T12b_text_based,N7,E11b,T12b,text_based,42.0452790818953,amazon_edge_026,edge_multihop,1.0,0.0,0.0,0.3333333333333333
N7_E11b_T12b_text_based,N7,E11b,T12b,text_based,42.0452790818953,amazon_edge_008,edge_multihop,1.0,0.0,0.0,0.3333333333333333
N7_E11b_T12b_text_based,N7,E11b,T12b,text_based,42.0452790818953,amazon_edge_024,edge_multihop,0.75,0.0,0.0,0.25
N9_E11b_T12b_text_based,N9,E11b,T12b,text_based,41.00032152217096,amazon_sh_026,single_specific,1.0,0.0,0.0,0.3333333333333333
N9_E11b_T12b_text_based,N9,E11b,T12b,text_based,41.00032152217096,amazon_sh_013,single_specific,1.0,0.0,0.0,0.3333333333333333
N9_E11b_T12b_text_based,N9,E11b,T12b,text_based,41.00032152217096,amazon_sh_024,single_specific,0.5,0.718117670080138,0.0,0.406039223360046
N9_E11b_T12b_text_based,N9,E11b,T12b,text_based,41.00032152217096,amazon_sh_021,single_specific,1.0,0.754323231678423,0.0,0.5847744105594743
N9_E11b_T12b_text_based,N9,E11b,T12b,text_based,41.00032152217096,amazon_sh_015,single_specific,1.0,0.7679217612976322,0.0,0.5893072537658774
N9_E11b_T12b_text_based,N9,E11b,T12b,text_based,41.00032152217096,amazon_sh_029,single_specific,1.0,0.0,0.0,0.3333333333333333
N9_E11b_T12b_text_based,N9,E11b,T12b,text_based,41.00032152217096,amazon_sh_019,single_specific,1.0,0.0,0.0,0.3333333333333333
N9_E11b_T12b_text_based,N9,E11b,T12b,text_based,41.00032152217096,amazon_agg_031,aggregate_cross_paper,0.6,0.8652163361164918,1.0,0.8217387787054973
N9_E11b_T12b_text_based,N9,E11b,T12b,text_based,41.00032152217096,amazon_agg_015,aggregate_cross_paper,1.0,0.8577361098070027,0.0,0.6192453699356676
N9_E11b_T12b_text_based,N9,E11b,T12b,text_based,41.00032152217096,amazon_agg_026,aggregate_cross_paper,0.6666666666666666,0.7910812557810564,0.5,0.6525826408159077
N9_E11b_T12b_text_based,N9,E11b,T12b,text_based,41.00032152217096,amazon_agg_017,aggregate_cross_paper,0.4,0.48986378289747373,0.5,0.46328792763249127
N9_E11b_T12b_text_based,N9,E11b,T12b,text_based,41.00032152217096,amazon_agg_008,aggregate_cross_paper,1.0,0.5585338900046688,0.0,0.5195112966682229
N9_E11b_T12b_text_based,N9,E11b,T12b,text_based,41.00032152217096,amazon_agg_009,aggregate_cross_paper,1.0,0.0,0.0,0.3333333333333333
N9_E11b_T12b_text_based,N9,E11b,T12b,text_based,41.00032152217096,amazon_agg_019,aggregate_cross_paper,1.0,0.0,0.0,0.3333333333333333
N9_E11b_T12b_text_based,N9,E11b,T12b,text_based,41.00032152217096,amazon_edge_015,edge_multihop,1.0,0.0,0.0,0.3333333333333333
N9_E11b_T12b_text_based,N9,E11b,T12b,text_based,41.00032152217096,amazon_edge_019,edge_multihop,1.0,0.0,0.0,0.3333333333333333
N9_E11b_T12b_text_based,N9,E11b,T12b,text_based,41.00032152217096,amazon_edge_027,edge_multihop,1.0,0.0,0.0,0.3333333333333333
N9_E11b_T12b_text_based,N9,E11b,T12b,text_based,41.00032152217096,amazon_edge_026,edge_multihop,1.0,0.0,0.0,0.3333333333333333
N9_E11b_T12b_text_based,N9,E11b,T12b,text_based,41.00032152217096,amazon_edge_008,edge_multihop,1.0,0.0,0.0,0.3333333333333333
N9_E11b_T12b_text_based,N9,E11b,T12b,text_based,41.00032152217096,amazon_edge_024,edge_multihop,0.75,0.0,0.0,0.25
N9_E11b_T12e_text_based,N9,E11b,T12e,text_based,40.75325144272881,amazon_sh_026,single_specific,1.0,0.0,0.0,0.3333333333333333
N9_E11b_T12e_text_based,N9,E11b,T12e,text_based,40.75325144272881,amazon_sh_013,single_specific,1.0,0.0,0.0,0.3333333333333333
N9_E11b_T12e_text_based,N9,E11b,T12e,text_based,40.75325144272881,amazon_sh_024,single_specific,0.5,0.7181460606761582,0.0,0.40604868689205276
N9_E11b_T12e_text_based,N9,E11b,T12e,text_based,40.75325144272881,amazon_sh_021,single_specific,1.0,0.0,0.0,0.3333333333333333
N9_E11b_T12e_text_based,N9,E11b,T12e,text_based,40.75325144272881,amazon_sh_015,single_specific,1.0,0.778463228371484,0.0,0.592821076123828
N9_E11b_T12e_text_based,N9,E11b,T12e,text_based,40.75325144272881,amazon_sh_029,single_specific,1.0,0.0,0.0,0.3333333333333333
N9_E11b_T12e_text_based,N9,E11b,T12e,text_based,40.75325144272881,amazon_sh_019,single_specific,1.0,0.0,0.0,0.3333333333333333
N9_E11b_T12e_text_based,N9,E11b,T12e,text_based,40.75325144272881,amazon_agg_031,aggregate_cross_paper,0.6,0.8652163361164918,1.0,0.8217387787054973
N9_E11b_T12e_text_based,N9,E11b,T12e,text_based,40.75325144272881,amazon_agg_015,aggregate_cross_paper,1.0,0.8486053729226946,0.0,0.6162017909742316
N9_E11b_T12e_text_based,N9,E11b,T12e,text_based,40.75325144272881,amazon_agg_026,aggregate_cross_paper,1.0,0.7910943184113127,0.5,0.7636981061371042
N9_E11b_T12e_text_based,N9,E11b,T12e,text_based,40.75325144272881,amazon_agg_017,aggregate_cross_paper,0.4,0.48986378289747373,0.5,0.46328792763249127
N9_E11b_T12e_text_based,N9,E11b,T12e,text_based,40.75325144272881,amazon_agg_008,aggregate_cross_paper,0.6666666666666666,0.0,0.0,0.2222222222222222
N9_E11b_T12e_text_based,N9,E11b,T12e,text_based,40.75325144272881,amazon_agg_009,aggregate_cross_paper,1.0,0.0,0.0,0.3333333333333333
N9_E11b_T12e_text_based,N9,E11b,T12e,text_based,40.75325144272881,amazon_agg_019,aggregate_cross_paper,0.8333333333333334,0.0,0.0,0.2777777777777778
N9_E11b_T12e_text_based,N9,E11b,T12e,text_based,40.75325144272881,amazon_edge_015,edge_multihop,1.0,0.0,0.0,0.3333333333333333
N9_E11b_T12e_text_based,N9,E11b,T12e,text_based,40.75325144272881,amazon_edge_019,edge_multihop,1.0,0.0,0.0,0.3333333333333333
N9_E11b_T12e_text_based,N9,E11b,T12e,text_based,40.75325144272881,amazon_edge_027,edge_multihop,1.0,0.0,0.0,0.3333333333333333
N9_E11b_T12e_text_based,N9,E11b,T12e,text_based,40.75325144272881,amazon_edge_026,edge_multihop,1.0,0.0,0.0,0.3333333333333333
N9_E11b_T12e_text_based,N9,E11b,T12e,text_based,40.75325144272881,amazon_edge_008,edge_multihop,1.0,0.0,0.0,0.3333333333333333
N9_E11b_T12e_text_based,N9,E11b,T12e,text_based,40.75325144272881,amazon_edge_024,edge_multihop,0.75,0.0,0.0,0.25
N7_E10b_T12a_text_based,N7,E10b,T12a,text_based,40.741741053324944,amazon_sh_026,single_specific,1.0,0.8100183828731712,1.0,0.9366727942910571
N7_E10b_T12a_text_based,N7,E10b,T12a,text_based,40.741741053324944,amazon_sh_013,single_specific,1.0,0.8794838210607301,1.0,0.9598279403535767
N7_E10b_T12a_text_based,N7,E10b,T12a,text_based,40.741741053324944,amazon_sh_024,single_specific,1.0,0.5776035255849592,1.0,0.8592011751949865
N7_E10b_T12a_text_based,N7,E10b,T12a,text_based,40.741741053324944,amazon_sh_021,single_specific,1.0,0.9367674307585664,1.0,0.978922476919522
N7_E10b_T12a_text_based,N7,E10b,T12a,text_based,40.741741053324944,amazon_sh_015,single_specific,1.0,0.9885970515080178,1.0,0.9961990171693392
N7_E10b_T12a_text_based,N7,E10b,T12a,text_based,40.741741053324944,amazon_sh_029,single_specific,0.0,0.0,0.0,0.0
N7_E10b_T12a_text_based,N7,E10b,T12a,text_based,40.741741053324944,amazon_sh_019,single_specific,1.0,0.5288058933397374,0.0,0.5096019644465791
N7_E10b_T12a_text_based,N7,E10b,T12a,text_based,40.741741053324944,amazon_agg_031,aggregate_cross_paper,0.3333333333333333,0.8428412534897448,1.0,0.7253915289410261
N7_E10b_T12a_text_based,N7,E10b,T12a,text_based,40.741741053324944,amazon_agg_015,aggregate_cross_paper,0.6666666666666666,0.8538231610596935,0.5,0.67349660924212
N7_E10b_T12a_text_based,N7,E10b,T12a,text_based,40.741741053324944,amazon_agg_026,aggregate_cross_paper,0.8571428571428571,0.7910961042372803,1.0,0.8827463204600458
N7_E10b_T12a_text_based,N7,E10b,T12a,text_based,40.741741053324944,amazon_agg_017,aggregate_cross_paper,1.0,0.39138418630158817,1.0,0.7971280621005293
N7_E10b_T12a_text_based,N7,E10b,T12a,text_based,40.741741053324944,amazon_agg_008,aggregate_cross_paper,0.5714285714285714,0.6965518556526153,1.0,0.755993475693729
N7_E10b_T12a_text_based,N7,E10b,T12a,text_based,40.741741053324944,amazon_agg_009,aggregate_cross_paper,0.25,0.7974781254328671,0.5,0.5158260418109557
N7_E10b_T12a_text_based,N7,E10b,T12a,text_based,40.741741053324944,amazon_agg_019,aggregate_cross_paper,0.6666666666666666,0.7962009991696761,0.5,0.6542892219454476
N7_E10b_T12a_text_based,N7,E10b,T12a,text_based,40.741741053324944,amazon_edge_015,edge_multihop,0.3333333333333333,0.0,0.0,0.1111111111111111
N7_E10b_T12a_text_based,N7,E10b,T12a,text_based,40.741741053324944,amazon_edge_019,edge_multihop,1.0,0.0,0.0,0.3333333333333333
N7_E10b_T12a_text_based,N7,E10b,T12a,text_based,40.741741053324944,amazon_edge_027,edge_multihop,0.3333333333333333,0.8777656327784785,0.5,0.5703663220372707
N7_E10b_T12a_text_based,N7,E10b,T12a,text_based,40.741741053324944,amazon_edge_026,edge_multihop,0.8333333333333334,0.0,0.0,0.2777777777777778
N7_E10b_T12a_text_based,N7,E10b,T12a,text_based,40.741741053324944,amazon_edge_008,edge_multihop,1.0,0.0,0.0,0.3333333333333333
N7_E10b_T12a_text_based,N7,E10b,T12a,text_based,40.741741053324944,amazon_edge_024,edge_multihop,1.0,0.9013373601557152,0.0,0.6337791200519051
N9_E11b_T12a_text_based,N9,E11b,T12a,text_based,40.71352065804886,amazon_sh_026,single_specific,1.0,0.0,0.0,0.3333333333333333
N9_E11b_T12a_text_based,N9,E11b,T12a,text_based,40.71352065804886,amazon_sh_013,single_specific,0.0,0.0,0.0,0.0
N9_E11b_T12a_text_based,N9,E11b,T12a,text_based,40.71352065804886,amazon_sh_024,single_specific,0.5,0.6821465029057334,0.0,0.3940488343019111
N9_E11b_T12a_text_based,N9,E11b,T12a,text_based,40.71352065804886,amazon_sh_021,single_specific,1.0,0.0,0.0,0.3333333333333333
N9_E11b_T12a_text_based,N9,E11b,T12a,text_based,40.71352065804886,amazon_sh_015,single_specific,1.0,0.7468208200331558,0.0,0.5822736066777185
N9_E11b_T12a_text_based,N9,E11b,T12a,text_based,40.71352065804886,amazon_sh_029,single_specific,1.0,0.0,0.0,0.3333333333333333
N9_E11b_T12a_text_based,N9,E11b,T12a,text_based,40.71352065804886,amazon_sh_019,single_specific,1.0,0.0,0.0,0.3333333333333333
N9_E11b_T12a_text_based,N9,E11b,T12a,text_based,40.71352065804886,amazon_agg_031,aggregate_cross_paper,0.6,0.8652163361164918,1.0,0.8217387787054973
N9_E11b_T12a_text_based,N9,E11b,T12a,text_based,40.71352065804886,amazon_agg_015,aggregate_cross_paper,1.0,0.0,0.0,0.3333333333333333
N9_E11b_T12a_text_based,N9,E11b,T12a,text_based,40.71352065804886,amazon_agg_026,aggregate_cross_paper,1.0,0.7910961042372803,0.5,0.7636987014124267
N9_E11b_T12a_text_based,N9,E11b,T12a,text_based,40.71352065804886,amazon_agg_017,aggregate_cross_paper,0.6,0.48986378289747373,0.5,0.5299545942991579
N9_E11b_T12a_text_based,N9,E11b,T12a,text_based,40.71352065804886,amazon_agg_008,aggregate_cross_paper,0.6666666666666666,0.0,0.0,0.2222222222222222
N9_E11b_T12a_text_based,N9,E11b,T12a,text_based,40.71352065804886,amazon_agg_009,aggregate_cross_paper,0.6666666666666666,0.0,0.0,0.2222222222222222
N9_E11b_T12a_text_based,N9,E11b,T12a,text_based,40.71352065804886,amazon_agg_019,aggregate_cross_paper,0.8333333333333334,0.0,0.0,0.2777777777777778
N9_E11b_T12a_text_based,N9,E11b,T12a,text_based,40.71352065804886,amazon_edge_015,edge_multihop,1.0,0.0,0.0,0.3333333333333333
N9_E11b_T12a_text_based,N9,E11b,T12a,text_based,40.71352065804886,amazon_edge_019,edge_multihop,1.0,0.0,0.0,0.3333333333333333
N9_E11b_T12a_text_based,N9,E11b,T12a,text_based,40.71352065804886,amazon_edge_027,edge_multihop,1.0,0.0,0.0,0.3333333333333333
N9_E11b_T12a_text_based,N9,E11b,T12a,text_based,40.71352065804886,amazon_edge_026,edge_multihop,1.0,0.0,0.0,0.3333333333333333
N9_E11b_T12a_text_based,N9,E11b,T12a,text_based,40.71352065804886,amazon_edge_008,edge_multihop,1.0,0.0,0.0,0.3333333333333333
N9_E11b_T12a_text_based,N9,E11b,T12a,text_based,40.71352065804886,amazon_edge_024,edge_multihop,0.75,0.0,0.0,0.25
N7_E11a_T12b_text_based,N7,E11a,T12b,text_based,40.25564484096888,amazon_sh_026,single_specific,1.0,0.8553311040967495,1.0,0.9517770346989165
N7_E11a_T12b_text_based,N7,E11a,T12b,text_based,40.25564484096888,amazon_sh_013,single_specific,1.0,0.8795511690679385,1.0,0.9598503896893128
N7_E11a_T12b_text_based,N7,E11a,T12b,text_based,40.25564484096888,amazon_sh_024,single_specific,1.0,0.5775574681041321,1.0,0.8591858227013773
N7_E11a_T12b_text_based,N7,E11a,T12b,text_based,40.25564484096888,amazon_sh_021,single_specific,1.0,0.9367608133256224,1.0,0.9789202711085409
N7_E11a_T12b_text_based,N7,E11a,T12b,text_based,40.25564484096888,amazon_sh_015,single_specific,1.0,0.9433135800349843,1.0,0.9811045266783281
N7_E11a_T12b_text_based,N7,E11a,T12b,text_based,40.25564484096888,amazon_sh_029,single_specific,1.0,0.9790715943553351,1.0,0.9930238647851116
N7_E11a_T12b_text_based,N7,E11a,T12b,text_based,40.25564484096888,amazon_sh_019,single_specific,1.0,0.8864096900160857,1.0,0.9621365633386952
N7_E11a_T12b_text_based,N7,E11a,T12b,text_based,40.25564484096888,amazon_agg_031,aggregate_cross_paper,0.6666666666666666,0.8271914028949156,1.0,0.831286023187194
N7_E11a_T12b_text_based,N7,E11a,T12b,text_based,40.25564484096888,amazon_agg_015,aggregate_cross_paper,1.0,0.8005323470207855,0.0,0.6001774490069285
N7_E11a_T12b_text_based,N7,E11a,T12b,text_based,40.25564484096888,amazon_agg_026,aggregate_cross_paper,0.6666666666666666,0.7910961042372803,1.0,0.8192542569679823
N7_E11a_T12b_text_based,N7,E11a,T12b,text_based,40.25564484096888,amazon_agg_017,aggregate_cross_paper,0.75,0.3158870758920979,1.0,0.688629025297366
N7_E11a_T12b_text_based,N7,E11a,T12b,text_based,40.25564484096888,amazon_agg_008,aggregate_cross_paper,0.7,0.0,1.0,0.5666666666666667
N7_E11a_T12b_text_based,N7,E11a,T12b,text_based,40.25564484096888,amazon_agg_009,aggregate_cross_paper,0.14285714285714285,0.848771961329465,1.0,0.6638763680622026
N7_E11a_T12b_text_based,N7,E11a,T12b,text_based,40.25564484096888,amazon_agg_019,aggregate_cross_paper,0.6,0.8070783712804056,0.5,0.6356927904268018
N7_E11a_T12b_text_based,N7,E11a,T12b,text_based,40.25564484096888,amazon_edge_015,edge_multihop,1.0,0.8718991279921745,0.5,0.7906330426640582
N7_E11a_T12b_text_based,N7,E11a,T12b,text_based,40.25564484096888,amazon_edge_019,edge_multihop,1.0,0.0,0.75,0.5833333333333334
N7_E11a_T12b_text_based,N7,E11a,T12b,text_based,40.25564484096888,amazon_edge_027,edge_multihop,0.6666666666666666,0.877756558665668,0.5,0.6814744084441116
N7_E11a_T12b_text_based,N7,E11a,T12b,text_based,40.25564484096888,amazon_edge_026,edge_multihop,0.6666666666666666,0.0,0.0,0.2222222222222222
N7_E11a_T12b_text_based,N7,E11a,T12b,text_based,40.25564484096888,amazon_edge_008,edge_multihop,1.0,0.0,0.0,0.3333333333333333
N7_E11a_T12b_text_based,N7,E11a,T12b,text_based,40.25564484096888,amazon_edge_024,edge_multihop,0.2,0.8746403363079568,0.0,0.3582134454359856
N7_E10c_T12a_text_based,N7,E10c,T12a,text_based,40.157834003504135,amazon_sh_026,single_specific,1.0,0.8100183828731712,1.0,0.9366727942910571
N7_E10c_T12a_text_based,N7,E10c,T12a,text_based,40.157834003504135,amazon_sh_013,single_specific,1.0,0.8795075548331271,1.0,0.9598358516110425
N7_E10c_T12a_text_based,N7,E10c,T12a,text_based,40.157834003504135,amazon_sh_024,single_specific,1.0,0.5775618455436269,1.0,0.8591872818478756
N7_E10c_T12a_text_based,N7,E10c,T12a,text_based,40.157834003504135,amazon_sh_021,single_specific,1.0,0.9367608133256224,1.0,0.9789202711085409
N7_E10c_T12a_text_based,N7,E10c,T12a,text_based,40.157834003504135,amazon_sh_015,single_specific,1.0,0.999999647672459,1.0,0.9999998825574864
N7_E10c_T12a_text_based,N7,E10c,T12a,text_based,40.157834003504135,amazon_sh_029,single_specific,0.0,0.0,0.0,0.0
N7_E10c_T12a_text_based,N7,E10c,T12a,text_based,40.157834003504135,amazon_sh_019,single_specific,0.8,0.528818034196492,0.0,0.44293934473216395
N7_E10c_T12a_text_based,N7,E10c,T12a,text_based,40.157834003504135,amazon_agg_031,aggregate_cross_paper,0.3333333333333333,0.8428608713339,1.0,0.725398068222411
N7_E10c_T12a_text_based,N7,E10c,T12a,text_based,40.157834003504135,amazon_agg_015,aggregate_cross_paper,0.6666666666666666,0.853797475446291,0.5,0.6734880473709858
N7_E10c_T12a_text_based,N7,E10c,T12a,text_based,40.157834003504135,amazon_agg_026,aggregate_cross_paper,0.8571428571428571,0.7910961042372803,1.0,0.8827463204600458
N7_E10c_T12a_text_based,N7,E10c,T12a,text_based,40.157834003504135,amazon_agg_017,aggregate_cross_paper,0.75,0.39138404996581855,1.0,0.7137946833219395
N7_E10c_T12a_text_based,N7,E10c,T12a,text_based,40.157834003504135,amazon_agg_008,aggregate_cross_paper,1.0,0.6965518556526153,1.0,0.8988506185508718
N7_E10c_T12a_text_based,N7,E10c,T12a,text_based,40.157834003504135,amazon_agg_009,aggregate_cross_paper,0.25,0.7975133790724653,0.5,0.5158377930241551
N7_E10c_T12a_text_based,N7,E10c,T12a,text_based,40.157834003504135,amazon_agg_019,aggregate_cross_paper,0.6666666666666666,0.7962009991696761,0.5,0.6542892219454476
N7_E10c_T12a_text_based,N7,E10c,T12a,text_based,40.157834003504135,amazon_edge_015,edge_multihop,0.3333333333333333,0.0,0.0,0.1111111111111111
N7_E10c_T12a_text_based,N7,E10c,T12a,text_based,40.157834003504135,amazon_edge_019,edge_multihop,1.0,0.0,0.0,0.3333333333333333
N7_E10c_T12a_text_based,N7,E10c,T12a,text_based,40.157834003504135,amazon_edge_027,edge_multihop,1.0,0.8554788309801585,0.5,0.7851596103267195
N7_E10c_T12a_text_based,N7,E10c,T12a,text_based,40.157834003504135,amazon_edge_026,edge_multihop,0.8333333333333334,0.0,0.0,0.2777777777777778
N7_E10c_T12a_text_based,N7,E10c,T12a,text_based,40.157834003504135,amazon_edge_008,edge_multihop,1.0,0.0,0.0,0.3333333333333333
N7_E10c_T12a_text_based,N7,E10c,T12a,text_based,40.157834003504135,amazon_edge_024,edge_multihop,1.0,0.8224597152053071,0.0,0.6074865717351025
N9_E11a_T12e_text_based,N9,E11a,T12e,text_based,39.11967020823825,amazon_sh_026,single_specific,1.0,0.8100540930793697,1.0,0.9366846976931232
N9_E11a_T12e_text_based,N9,E11a,T12e,text_based,39.11967020823825,amazon_sh_013,single_specific,1.0,0.8795075548331271,1.0,0.9598358516110425
N9_E11a_T12e_text_based,N9,E11a,T12e,text_based,39.11967020823825,amazon_sh_024,single_specific,1.0,0.47328981075259186,1.0,0.8244299369175305
N9_E11a_T12e_text_based,N9,E11a,T12e,text_based,39.11967020823825,amazon_sh_021,single_specific,1.0,0.9367608133256224,1.0,0.9789202711085409
N9_E11a_T12e_text_based,N9,E11a,T12e,text_based,39.11967020823825,amazon_sh_015,single_specific,1.0,0.989215121864054,1.0,0.9964050406213514
N9_E11a_T12e_text_based,N9,E11a,T12e,text_based,39.11967020823825,amazon_sh_029,single_specific,1.0,0.9790654145730647,1.0,0.9930218048576882
N9_E11a_T12e_text_based,N9,E11a,T12e,text_based,39.11967020823825,amazon_sh_019,single_specific,1.0,0.5334652598659593,1.0,0.8444884199553199
N9_E11a_T12e_text_based,N9,E11a,T12e,text_based,39.11967020823825,amazon_agg_031,aggregate_cross_paper,0.8,0.8272106179998336,1.0,0.8757368726666113
N9_E11a_T12e_text_based,N9,E11a,T12e,text_based,39.11967020823825,amazon_agg_015,aggregate_cross_paper,1.0,0.0,0.0,0.3333333333333333
N9_E11a_T12e_text_based,N9,E11a,T12e,text_based,39.11967020823825,amazon_agg_026,aggregate_cross_paper,0.125,0.7910770719420457,1.0,0.6386923573140152
N9_E11a_T12e_text_based,N9,E11a,T12e,text_based,39.11967020823825,amazon_agg_017,aggregate_cross_paper,0.5,0.3850853549297506,1.0,0.6283617849765836
N9_E11a_T12e_text_based,N9,E11a,T12e,text_based,39.11967020823825,amazon_agg_008,aggregate_cross_paper,1.0,0.0,1.0,0.6666666666666666
N9_E11a_T12e_text_based,N9,E11a,T12e,text_based,39.11967020823825,amazon_agg_009,aggregate_cross_paper,0.2857142857142857,0.799023457537655,0.5,0.5282459144173136
N9_E11a_T12e_text_based,N9,E11a,T12e,text_based,39.11967020823825,amazon_agg_019,aggregate_cross_paper,0.6666666666666666,0.8092858572936855,0.5,0.6586508413201174
N9_E11a_T12e_text_based,N9,E11a,T12e,text_based,39.11967020823825,amazon_edge_015,edge_multihop,0.8571428571428571,0.8962412433796064,0.5,0.7511280335074879
N9_E11a_T12e_text_based,N9,E11a,T12e,text_based,39.11967020823825,amazon_edge_019,edge_multihop,1.0,0.0,0.0,0.3333333333333333
N9_E11a_T12e_text_based,N9,E11a,T12e,text_based,39.11967020823825,amazon_edge_027,edge_multihop,1.0,0.0,0.0,0.3333333333333333
N9_E11a_T12e_text_based,N9,E11a,T12e,text_based,39.11967020823825,amazon_edge_026,edge_multihop,0.8,0.0,0.0,0.26666666666666666
N9_E11a_T12e_text_based,N9,E11a,T12e,text_based,39.11967020823825,amazon_edge_008,edge_multihop,1.0,0.0,0.0,0.3333333333333333
N9_E11a_T12e_text_based,N9,E11a,T12e,text_based,39.11967020823825,amazon_edge_024,edge_multihop,0.8,0.9161662408906818,0.0,0.5720554136302273
N9_E11a_T12b_text_based,N9,E11a,T12b,text_based,39.01343692076899,amazon_sh_026,single_specific,1.0,0.8100235667309924,1.0,0.9366745222436642
N9_E11a_T12b_text_based,N9,E11a,T12b,text_based,39.01343692076899,amazon_sh_013,single_specific,1.0,0.8794838210607301,1.0,0.9598279403535767
N9_E11a_T12b_text_based,N9,E11a,T12b,text_based,39.01343692076899,amazon_sh_024,single_specific,1.0,0.5190522645501654,1.0,0.8396840881833884
N9_E11a_T12b_text_based,N9,E11a,T12b,text_based,39.01343692076899,amazon_sh_021,single_specific,1.0,0.9367674307585664,1.0,0.978922476919522
N9_E11a_T12b_text_based,N9,E11a,T12b,text_based,39.01343692076899,amazon_sh_015,single_specific,1.0,0.989221714212367,1.0,0.996407238070789
N9_E11a_T12b_text_based,N9,E11a,T12b,text_based,39.01343692076899,amazon_sh_029,single_specific,1.0,0.9790775681912205,1.0,0.9930258560637402
N9_E11a_T12b_text_based,N9,E11a,T12b,text_based,39.01343692076899,amazon_sh_019,single_specific,1.0,0.5309769445445933,1.0,0.8436589815148645
N9_E11a_T12b_text_based,N9,E11a,T12b,text_based,39.01343692076899,amazon_agg_031,aggregate_cross_paper,0.8,0.8272311085131167,1.0,0.8757437028377056
N9_E11a_T12b_text_based,N9,E11a,T12b,text_based,39.01343692076899,amazon_agg_015,aggregate_cross_paper,1.0,0.0,0.0,0.3333333333333333
N9_E11a_T12b_text_based,N9,E11a,T12b,text_based,39.01343692076899,amazon_agg_026,aggregate_cross_paper,1.0,0.7910943184113127,1.0,0.9303647728037708
N9_E11a_T12b_text_based,N9,E11a,T12b,text_based,39.01343692076899,amazon_agg_017,aggregate_cross_paper,0.5,0.3850784017738979,1.0,0.628359467257966
N9_E11a_T12b_text_based,N9,E11a,T12b,text_based,39.01343692076899,amazon_agg_008,aggregate_cross_paper,1.0,0.5414470966938832,1.0,0.8471490322312945
N9_E11a_T12b_text_based,N9,E11a,T12b,text_based,39.01343692076899,amazon_agg_009,aggregate_cross_paper,0.0,0.7975126522971255,0.5,0.43250421743237516
N9_E11a_T12b_text_based,N9,E11a,T12b,text_based,39.01343692076899,amazon_agg_019,aggregate_cross_paper,0.7142857142857143,0.8096335949437785,0.5,0.6746397697431643
N9_E11a_T12b_text_based,N9,E11a,T12b,text_based,39.01343692076899,amazon_edge_015,edge_multihop,0.8571428571428571,0.8962412433796064,0.25,0.6677947001741545
N9_E11a_T12b_text_based,N9,E11a,T12b,text_based,39.01343692076899,amazon_edge_019,edge_multihop,1.0,0.0,0.0,0.3333333333333333
N9_E11a_T12b_text_based,N9,E11a,T12b,text_based,39.01343692076899,amazon_edge_027,edge_multihop,1.0,0.0,0.0,0.3333333333333333
N9_E11a_T12b_text_based,N9,E11a,T12b,text_based,39.01343692076899,amazon_edge_026,edge_multihop,0.8,0.0,0.0,0.26666666666666666
N9_E11a_T12b_text_based,N9,E11a,T12b,text_based,39.01343692076899,amazon_edge_008,edge_multihop,1.0,0.0,0.0,0.3333333333333333
N9_E11a_T12b_text_based,N9,E11a,T12b,text_based,39.01343692076899,amazon_edge_024,edge_multihop,0.2,0.9013354833153698,0.0,0.36711182777178997
N9_E11a_T12a_text_based,N9,E11a,T12a,text_based,38.94273857573752,amazon_sh_026,single_specific,1.0,0.8100540930793697,1.0,0.9366846976931232
N9_E11a_T12a_text_based,N9,E11a,T12a,text_based,38.94273857573752,amazon_sh_013,single_specific,1.0,0.879485931092081,1.0,0.9598286436973603
N9_E11a_T12a_text_based,N9,E11a,T12a,text_based,38.94273857573752,amazon_sh_024,single_specific,1.0,0.46858692063208945,1.0,0.8228623068773632
N9_E11a_T12a_text_based,N9,E11a,T12a,text_based,38.94273857573752,amazon_sh_021,single_specific,1.0,0.9367608133256224,1.0,0.9789202711085409
N9_E11a_T12a_text_based,N9,E11a,T12a,text_based,38.94273857573752,amazon_sh_015,single_specific,1.0,0.989215121864054,1.0,0.9964050406213514
N9_E11a_T12a_text_based,N9,E11a,T12a,text_based,38.94273857573752,amazon_sh_029,single_specific,1.0,0.9790715943553351,1.0,0.9930238647851116
N9_E11a_T12a_text_based,N9,E11a,T12a,text_based,38.94273857573752,amazon_sh_019,single_specific,1.0,0.533429569220661,1.0,0.8444765230735536
N9_E11a_T12a_text_based,N9,E11a,T12a,text_based,38.94273857573752,amazon_agg_031,aggregate_cross_paper,0.8,0.8272164927382929,1.0,0.8757388309127644
N9_E11a_T12a_text_based,N9,E11a,T12a,text_based,38.94273857573752,amazon_agg_015,aggregate_cross_paper,1.0,0.0,0.0,0.3333333333333333
N9_E11a_T12a_text_based,N9,E11a,T12a,text_based,38.94273857573752,amazon_agg_026,aggregate_cross_paper,1.0,0.7910961042372803,1.0,0.9303653680790934
N9_E11a_T12a_text_based,N9,E11a,T12a,text_based,38.94273857573752,amazon_agg_017,aggregate_cross_paper,0.5,0.3850784017738979,1.0,0.628359467257966
N9_E11a_T12a_text_based,N9,E11a,T12a,text_based,38.94273857573752,amazon_agg_008,aggregate_cross_paper,1.0,0.5092056568311607,1.0,0.8364018856103869
N9_E11a_T12a_text_based,N9,E11a,T12a,text_based,38.94273857573752,amazon_agg_009,aggregate_cross_paper,0.0,0.8372502241800803,0.5,0.4457500747266934
N9_E11a_T12a_text_based,N9,E11a,T12a,text_based,38.94273857573752,amazon_agg_019,aggregate_cross_paper,0.5714285714285714,0.8093535717387571,0.5,0.6269273810557762
N9_E11a_T12a_text_based,N9,E11a,T12a,text_based,38.94273857573752,amazon_edge_015,edge_multihop,1.0,0.9214987068003437,0.5,0.8071662356001146
N9_E11a_T12a_text_based,N9,E11a,T12a,text_based,38.94273857573752,amazon_edge_019,edge_multihop,1.0,0.0,0.0,0.3333333333333333
N9_E11a_T12a_text_based,N9,E11a,T12a,text_based,38.94273857573752,amazon_edge_027,edge_multihop,1.0,0.0,0.0,0.3333333333333333
N9_E11a_T12a_text_based,N9,E11a,T12a,text_based,38.94273857573752,amazon_edge_026,edge_multihop,0.8333333333333334,0.0,0.0,0.2777777777777778
N9_E11a_T12a_text_based,N9,E11a,T12a,text_based,38.94273857573752,amazon_edge_008,edge_multihop,1.0,0.0,0.0,0.3333333333333333
N9_E11a_T12a_text_based,N9,E11a,T12a,text_based,38.94273857573752,amazon_edge_024,edge_multihop,1.0,0.0,0.0,0.3333333333333333
N7_E10c_T12b_text_based,N7,E10c,T12b,text_based,38.87946260530057,amazon_sh_026,single_specific,1.0,0.8100546205453295,1.0,0.9366848735151098
N7_E10c_T12b_text_based,N7,E10c,T12b,text_based,38.87946260530057,amazon_sh_013,single_specific,1.0,0.8794695917919837,1.0,0.9598231972639946
N7_E10c_T12b_text_based,N7,E10c,T12b,text_based,38.87946260530057,amazon_sh_024,single_specific,1.0,0.5775574681041321,1.0,0.8591858227013773
N7_E10c_T12b_text_based,N7,E10c,T12b,text_based,38.87946260530057,amazon_sh_021,single_specific,1.0,0.9367608133256224,1.0,0.9789202711085409
N7_E10c_T12b_text_based,N7,E10c,T12b,text_based,38.87946260530057,amazon_sh_015,single_specific,1.0,0.9999996190394423,1.0,0.9999998730131474
N7_E10c_T12b_text_based,N7,E10c,T12b,text_based,38.87946260530057,amazon_sh_029,single_specific,0.5,0.0,0.0,0.16666666666666666
N7_E10c_T12b_text_based,N7,E10c,T12b,text_based,38.87946260530057,amazon_sh_019,single_specific,0.8333333333333334,0.5288058933397374,0.0,0.4540464088910236
N7_E10c_T12b_text_based,N7,E10c,T12b,text_based,38.87946260530057,amazon_agg_031,aggregate_cross_paper,0.3333333333333333,0.8652163361164918,1.0,0.7328498898166084
N7_E10c_T12b_text_based,N7,E10c,T12b,text_based,38.87946260530057,amazon_agg_015,aggregate_cross_paper,0.6666666666666666,0.853820659711706,0.5,0.6734957754594575
N7_E10c_T12b_text_based,N7,E10c,T12b,text_based,38.87946260530057,amazon_agg_026,aggregate_cross_paper,0.8571428571428571,0.7910961042372803,1.0,0.8827463204600458
N7_E10c_T12b_text_based,N7,E10c,T12b,text_based,38.87946260530057,amazon_agg_017,aggregate_cross_paper,1.0,0.39138404996581855,1.0,0.7971280166552729
N7_E10c_T12b_text_based,N7,E10c,T12b,text_based,38.87946260530057,amazon_agg_008,aggregate_cross_paper,1.0,0.6965518556526153,1.0,0.8988506185508718
N7_E10c_T12b_text_based,N7,E10c,T12b,text_based,38.87946260530057,amazon_agg_009,aggregate_cross_paper,0.25,0.7978832657399811,0.5,0.5159610885799938
N7_E10c_T12b_text_based,N7,E10c,T12b,text_based,38.87946260530057,amazon_agg_019,aggregate_cross_paper,0.6666666666666666,0.7962009991696761,0.5,0.6542892219454476
N7_E10c_T12b_text_based,N7,E10c,T12b,text_based,38.87946260530057,amazon_edge_015,edge_multihop,1.0,0.0,0.0,0.3333333333333333
N7_E10c_T12b_text_based,N7,E10c,T12b,text_based,38.87946260530057,amazon_edge_019,edge_multihop,1.0,0.0,0.0,0.3333333333333333
N7_E10c_T12b_text_based,N7,E10c,T12b,text_based,38.87946260530057,amazon_edge_027,edge_multihop,0.875,0.8777656327784785,0.5,0.7509218775928262
N7_E10c_T12b_text_based,N7,E10c,T12b,text_based,38.87946260530057,amazon_edge_026,edge_multihop,0.8333333333333334,0.0,0.0,0.2777777777777778
N7_E10c_T12b_text_based,N7,E10c,T12b,text_based,38.87946260530057,amazon_edge_008,edge_multihop,1.0,0.0,0.0,0.3333333333333333
N7_E10c_T12b_text_based,N7,E10c,T12b,text_based,38.87946260530057,amazon_edge_024,edge_multihop,1.0,0.8575903664398,0.0,0.6191967888132667
N7_E10b_T12b_text_based,N7,E10b,T12b,text_based,38.73679168525954,amazon_sh_026,single_specific,1.0,0.8100540930793697,1.0,0.9366846976931232
N7_E10b_T12b_text_based,N7,E10b,T12b,text_based,38.73679168525954,amazon_sh_013,single_specific,1.0,0.8794838210607301,1.0,0.9598279403535767
N7_E10b_T12b_text_based,N7,E10b,T12b,text_based,38.73679168525954,amazon_sh_024,single_specific,0.5,0.47328981075259186,1.0,0.6577632702508639
N7_E10b_T12b_text_based,N7,E10b,T12b,text_based,38.73679168525954,amazon_sh_021,single_specific,1.0,0.9367608133256224,1.0,0.9789202711085409
N7_E10b_T12b_text_based,N7,E10b,T12b,text_based,38.73679168525954,amazon_sh_015,single_specific,1.0,0.4205438961199816,1.0,0.8068479653733273
N7_E10b_T12b_text_based,N7,E10b,T12b,text_based,38.73679168525954,amazon_sh_029,single_specific,0.5,0.0,0.0,0.16666666666666666
N7_E10b_T12b_text_based,N7,E10b,T12b,text_based,38.73679168525954,amazon_sh_019,single_specific,0.8333333333333334,0.528818034196492,0.0,0.45405045584327514
N7_E10b_T12b_text_based,N7,E10b,T12b,text_based,38.73679168525954,amazon_agg_031,aggregate_cross_paper,0.6666666666666666,0.8428583497568396,1.0,0.8365083388078354
N7_E10b_T12b_text_based,N7,E10b,T12b,text_based,38.73679168525954,amazon_agg_015,aggregate_cross_paper,0.6666666666666666,0.8537990469629321,0.25,0.5901552378765329
N7_E10b_T12b_text_based,N7,E10b,T12b,text_based,38.73679168525954,amazon_agg_026,aggregate_cross_paper,0.0,0.7910961042372803,1.0,0.59703203474576
N7_E10b_T12b_text_based,N7,E10b,T12b,text_based,38.73679168525954,amazon_agg_017,aggregate_cross_paper,1.0,0.3919186938321832,1.0,0.7973062312773944
N7_E10b_T12b_text_based,N7,E10b,T12b,text_based,38.73679168525954,amazon_agg_008,aggregate_cross_paper,1.0,0.0,1.0,0.6666666666666666
N7_E10b_T12b_text_based,N7,E10b,T12b,text_based,38.73679168525954,amazon_agg_009,aggregate_cross_paper,0.25,0.7975126522971255,0.5,0.5158375507657085
N7_E10b_T12b_text_based,N7,E10b,T12b,text_based,38.73679168525954,amazon_agg_019,aggregate_cross_paper,0.6666666666666666,0.7961674094301653,0.5,0.6542780253656106
N7_E10b_T12b_text_based,N7,E10b,T12b,text_based,38.73679168525954,amazon_edge_015,edge_multihop,1.0,0.0,0.0,0.3333333333333333
N7_E10b_T12b_text_based,N7,E10b,T12b,text_based,38.73679168525954,amazon_edge_019,edge_multihop,1.0,0.0,0.0,0.3333333333333333
N7_E10b_T12b_text_based,N7,E10b,T12b,text_based,38.73679168525954,amazon_edge_027,edge_multihop,0.875,0.8554494318507481,0.5,0.7434831439502494
N7_E10b_T12b_text_based,N7,E10b,T12b,text_based,38.73679168525954,amazon_edge_026,edge_multihop,0.8333333333333334,0.0,0.0,0.2777777777777778
N7_E10b_T12b_text_based,N7,E10b,T12b,text_based,38.73679168525954,amazon_edge_008,edge_multihop,1.0,0.0,0.0,0.3333333333333333
N7_E10b_T12b_text_based,N7,E10b,T12b,text_based,38.73679168525954,amazon_edge_024,edge_multihop,1.0,0.8721740534709235,0.0,0.6240580178236411
N9_E10c_T12b_text_based,N9,E10c,T12b,text_based,37.86364757878168,amazon_sh_026,single_specific,0.5,0.8100540930793697,1.0,0.7700180310264565
N9_E10c_T12b_text_based,N9,E10c,T12b,text_based,37.86364757878168,amazon_sh_013,single_specific,1.0,0.8794838210607301,1.0,0.9598279403535767
N9_E10c_T12b_text_based,N9,E10c,T12b,text_based,37.86364757878168,amazon_sh_024,single_specific,1.0,0.47378797104603065,1.0,0.8245959903486769
N9_E10c_T12b_text_based,N9,E10c,T12b,text_based,37.86364757878168,amazon_sh_021,single_specific,1.0,0.9367608133256224,1.0,0.9789202711085409
N9_E10c_T12b_text_based,N9,E10c,T12b,text_based,37.86364757878168,amazon_sh_015,single_specific,1.0,0.8813595960863867,0.0,0.6271198653621289
N9_E10c_T12b_text_based,N9,E10c,T12b,text_based,37.86364757878168,amazon_sh_029,single_specific,0.5,0.0,0.0,0.16666666666666666
N9_E10c_T12b_text_based,N9,E10c,T12b,text_based,37.86364757878168,amazon_sh_019,single_specific,0.6666666666666666,0.5143263890870281,0.0,0.3936643519178982
N9_E10c_T12b_text_based,N9,E10c,T12b,text_based,37.86364757878168,amazon_agg_031,aggregate_cross_paper,0.75,0.8272311085131167,1.0,0.8590770361710388
N9_E10c_T12b_text_based,N9,E10c,T12b,text_based,37.86364757878168,amazon_agg_015,aggregate_cross_paper,0.6666666666666666,0.8470918835596791,0.5,0.6712528500754485
N9_E10c_T12b_text_based,N9,E10c,T12b,text_based,37.86364757878168,amazon_agg_026,aggregate_cross_paper,0.4444444444444444,0.8078687953699523,1.0,0.7507710799381323
N9_E10c_T12b_text_based,N9,E10c,T12b,text_based,37.86364757878168,amazon_agg_017,aggregate_cross_paper,1.0,0.3924533376985478,1.0,0.797484445899516
N9_E10c_T12b_text_based,N9,E10c,T12b,text_based,37.86364757878168,amazon_agg_008,aggregate_cross_paper,0.75,0.0,1.0,0.5833333333333334
N9_E10c_T12b_text_based,N9,E10c,T12b,text_based,37.86364757878168,amazon_agg_009,aggregate_cross_paper,0.25,0.7970064330991825,0.5,0.5156688110330608
N9_E10c_T12b_text_based,N9,E10c,T12b,text_based,37.86364757878168,amazon_agg_019,aggregate_cross_paper,0.6666666666666666,0.7962009991696761,0.0,0.4876225552787809
N9_E10c_T12b_text_based,N9,E10c,T12b,text_based,37.86364757878168,amazon_edge_015,edge_multihop,1.0,0.0,0.0,0.3333333333333333
N9_E10c_T12b_text_based,N9,E10c,T12b,text_based,37.86364757878168,amazon_edge_019,edge_multihop,1.0,0.0,0.0,0.3333333333333333
N9_E10c_T12b_text_based,N9,E10c,T12b,text_based,37.86364757878168,amazon_edge_027,edge_multihop,1.0,0.0,0.0,0.3333333333333333
N9_E10c_T12b_text_based,N9,E10c,T12b,text_based,37.86364757878168,amazon_edge_026,edge_multihop,1.0,0.8178179944162736,0.0,0.6059393314720912
N9_E10c_T12b_text_based,N9,E10c,T12b,text_based,37.86364757878168,amazon_edge_008,edge_multihop,1.0,0.0,0.0,0.3333333333333333
N9_E10c_T12b_text_based,N9,E10c,T12b,text_based,37.86364757878168,amazon_edge_024,edge_multihop,0.875,0.8098169363412383,0.0,0.5616056454470795
N9_E10b_T12b_text_based,N9,E10b,T12b,text_based,37.73199714439061,amazon_sh_026,single_specific,0.5,0.8100534110542948,1.0,0.770017803684765
N9_E10b_T12b_text_based,N9,E10b,T12b,text_based,37.73199714439061,amazon_sh_013,single_specific,1.0,0.879485931092081,1.0,0.9598286436973603
N9_E10b_T12b_text_based,N9,E10b,T12b,text_based,37.73199714439061,amazon_sh_024,single_specific,1.0,0.5643485733160153,1.0,0.8547828577720051
N9_E10b_T12b_text_based,N9,E10b,T12b,text_based,37.73199714439061,amazon_sh_021,single_specific,1.0,0.9367608133256224,1.0,0.9789202711085409
N9_E10b_T12b_text_based,N9,E10b,T12b,text_based,37.73199714439061,amazon_sh_015,single_specific,1.0,0.8813595960863867,0.0,0.6271198653621289
N9_E10b_T12b_text_based,N9,E10b,T12b,text_based,37.73199714439061,amazon_sh_029,single_specific,0.5,0.0,0.0,0.16666666666666666
N9_E10b_T12b_text_based,N9,E10b,T12b,text_based,37.73199714439061,amazon_sh_019,single_specific,0.8,0.5142995459958437,0.0,0.43809984866528123
N9_E10b_T12b_text_based,N9,E10b,T12b,text_based,37.73199714439061,amazon_agg_031,aggregate_cross_paper,0.3333333333333333,0.8044667590790895,1.0,0.712600030804141
N9_E10b_T12b_text_based,N9,E10b,T12b,text_based,37.73199714439061,amazon_agg_015,aggregate_cross_paper,0.6666666666666666,0.8471244813342839,0.5,0.6712637160003169
N9_E10b_T12b_text_based,N9,E10b,T12b,text_based,37.73199714439061,amazon_agg_026,aggregate_cross_paper,0.4444444444444444,0.8078499744248355,1.0,0.75076480628976
N9_E10b_T12b_text_based,N9,E10b,T12b,text_based,37.73199714439061,amazon_agg_017,aggregate_cross_paper,1.0,0.39138404996581855,1.0,0.7971280166552729
N9_E10b_T12b_text_based,N9,E10b,T12b,text_based,37.73199714439061,amazon_agg_008,aggregate_cross_paper,0.6,0.0,1.0,0.5333333333333333
N9_E10b_T12b_text_based,N9,E10b,T12b,text_based,37.73199714439061,amazon_agg_009,aggregate_cross_paper,0.25,0.7975126522971255,0.5,0.5158375507657085
N9_E10b_T12b_text_based,N9,E10b,T12b,text_based,37.73199714439061,amazon_agg_019,aggregate_cross_paper,0.7142857142857143,0.7751053132409069,0.0,0.49646367584220713
N9_E10b_T12b_text_based,N9,E10b,T12b,text_based,37.73199714439061,amazon_edge_015,edge_multihop,0.625,0.7003976848546719,0.0,0.4417992282848906
N9_E10b_T12b_text_based,N9,E10b,T12b,text_based,37.73199714439061,amazon_edge_019,edge_multihop,1.0,0.0,0.0,0.3333333333333333
N9_E10b_T12b_text_based,N9,E10b,T12b,text_based,37.73199714439061,amazon_edge_027,edge_multihop,0.6666666666666666,0.0,0.0,0.2222222222222222
N9_E10b_T12b_text_based,N9,E10b,T12b,text_based,37.73199714439061,amazon_edge_026,edge_multihop,1.0,0.8178177424285195,0.0,0.6059392474761731
N9_E10b_T12b_text_based,N9,E10b,T12b,text_based,37.73199714439061,amazon_edge_008,edge_multihop,1.0,0.0,0.0,0.3333333333333333
N9_E10b_T12b_text_based,N9,E10b,T12b,text_based,37.73199714439061,amazon_edge_024,edge_multihop,0.7142857142857143,0.8095761845589298,0.0,0.5079539662815481
N9_E10c_T12e_text_based,N9,E10c,T12e,text_based,37.59329273303808,amazon_sh_026,single_specific,1.0,0.8100540930793697,1.0,0.9366846976931232
N9_E10c_T12e_text_based,N9,E10c,T12e,text_based,37.59329273303808,amazon_sh_013,single_specific,1.0,0.8794695917919837,1.0,0.9598231972639946
N9_E10c_T12e_text_based,N9,E10c,T12e,text_based,37.59329273303808,amazon_sh_024,single_specific,1.0,0.4285741375760744,1.0,0.8095247125253581
N9_E10c_T12e_text_based,N9,E10c,T12e,text_based,37.59329273303808,amazon_sh_021,single_specific,1.0,0.9367608133256224,1.0,0.9789202711085409
N9_E10c_T12e_text_based,N9,E10c,T12e,text_based,37.59329273303808,amazon_sh_015,single_specific,1.0,0.8813595960863867,0.0,0.6271198653621289
N9_E10c_T12e_text_based,N9,E10c,T12e,text_based,37.59329273303808,amazon_sh_029,single_specific,0.5,0.0,0.0,0.16666666666666666
N9_E10c_T12e_text_based,N9,E10c,T12e,text_based,37.59329273303808,amazon_sh_019,single_specific,0.8,0.5143168416442173,0.0,0.43810561388140573
N9_E10c_T12e_text_based,N9,E10c,T12e,text_based,37.59329273303808,amazon_agg_031,aggregate_cross_paper,0.3333333333333333,0.8044667590790895,1.0,0.712600030804141
N9_E10c_T12e_text_based,N9,E10c,T12e,text_based,37.59329273303808,amazon_agg_015,aggregate_cross_paper,0.6666666666666666,0.0,0.5,0.38888888888888884
N9_E10c_T12e_text_based,N9,E10c,T12e,text_based,37.59329273303808,amazon_agg_026,aggregate_cross_paper,1.0,0.8078512860224706,1.0,0.9359504286741568
N9_E10c_T12e_text_based,N9,E10c,T12e,text_based,37.59329273303808,amazon_agg_017,aggregate_cross_paper,1.0,0.39138418630158817,1.0,0.7971280621005293
N9_E10c_T12e_text_based,N9,E10c,T12e,text_based,37.59329273303808,amazon_agg_008,aggregate_cross_paper,0.75,0.0,1.0,0.5833333333333334
N9_E10c_T12e_text_based,N9,E10c,T12e,text_based,37.59329273303808,amazon_agg_009,aggregate_cross_paper,0.2222222222222222,0.7975126522971255,0.5,0.5065782915064493
N9_E10c_T12e_text_based,N9,E10c,T12e,text_based,37.59329273303808,amazon_agg_019,aggregate_cross_paper,0.6666666666666666,0.8038520582761972,0.0,0.4901729083142879
N9_E10c_T12e_text_based,N9,E10c,T12e,text_based,37.59329273303808,amazon_edge_015,edge_multihop,1.0,0.0,0.0,0.3333333333333333
N9_E10c_T12e_text_based,N9,E10c,T12e,text_based,37.59329273303808,amazon_edge_019,edge_multihop,1.0,0.0,0.0,0.3333333333333333
N9_E10c_T12e_text_based,N9,E10c,T12e,text_based,37.59329273303808,amazon_edge_027,edge_multihop,1.0,0.0,0.0,0.3333333333333333
N9_E10c_T12e_text_based,N9,E10c,T12e,text_based,37.59329273303808,amazon_edge_026,edge_multihop,1.0,0.8177897280125904,0.0,0.6059299093375302
N9_E10c_T12e_text_based,N9,E10c,T12e,text_based,37.59329273303808,amazon_edge_008,edge_multihop,1.0,0.0,0.0,0.3333333333333333
N9_E10c_T12e_text_based,N9,E10c,T12e,text_based,37.59329273303808,amazon_edge_024,edge_multihop,0.7777777777777778,0.8095761845589298,0.0,0.5291179874455691
N9_E10b_T12e_text_based,N9,E10b,T12e,text_based,37.56120518382895,amazon_sh_026,single_specific,0.5,0.8100540930793697,1.0,0.7700180310264565
N9_E10b_T12e_text_based,N9,E10b,T12e,text_based,37.56120518382895,amazon_sh_013,single_specific,1.0,0.8794838210607301,1.0,0.9598279403535767
N9_E10b_T12e_text_based,N9,E10b,T12e,text_based,37.56120518382895,amazon_sh_024,single_specific,1.0,0.4285741375760744,1.0,0.8095247125253581
N9_E10b_T12e_text_based,N9,E10b,T12e,text_based,37.56120518382895,amazon_sh_021,single_specific,1.0,0.9367968251423321,1.0,0.978932275047444
N9_E10b_T12e_text_based,N9,E10b,T12e,text_based,37.56120518382895,amazon_sh_015,single_specific,1.0,0.9769342262582731,0.0,0.6589780754194243
N9_E10b_T12e_text_based,N9,E10b,T12e,text_based,37.56120518382895,amazon_sh_029,single_specific,0.5,0.0,0.0,0.16666666666666666
N9_E10b_T12e_text_based,N9,E10b,T12e,text_based,37.56120518382895,amazon_sh_019,single_specific,0.8,0.5142995459958437,0.0,0.43809984866528123
N9_E10b_T12e_text_based,N9,E10b,T12e,text_based,37.56120518382895,amazon_agg_031,aggregate_cross_paper,0.5,0.7930989842892977,1.0,0.7643663280964326
N9_E10b_T12e_text_based,N9,E10b,T12e,text_based,37.56120518382895,amazon_agg_015,aggregate_cross_paper,0.6666666666666666,0.8471244813342839,0.5,0.6712637160003169
N9_E10b_T12e_text_based,N9,E10b,T12e,text_based,37.56120518382895,amazon_agg_026,aggregate_cross_paper,0.4,0.8078499744248355,1.0,0.7359499914749451
N9_E10b_T12e_text_based,N9,E10b,T12e,text_based,37.56120518382895,amazon_agg_017,aggregate_cross_paper,1.0,0.39134677287883485,1.0,0.7971155909596117
N9_E10b_T12e_text_based,N9,E10b,T12e,text_based,37.56120518382895,amazon_agg_008,aggregate_cross_paper,0.75,0.0,1.0,0.5833333333333334
N9_E10b_T12e_text_based,N9,E10b,T12e,text_based,37.56120518382895,amazon_agg_009,aggregate_cross_paper,0.25,0.7975126522971255,0.5,0.5158375507657085
N9_E10b_T12e_text_based,N9,E10b,T12e,text_based,37.56120518382895,amazon_agg_019,aggregate_cross_paper,0.6666666666666666,0.7962009991696761,0.0,0.4876225552787809
N9_E10b_T12e_text_based,N9,E10b,T12e,text_based,37.56120518382895,amazon_edge_015,edge_multihop,0.3,0.6558702233024379,0.0,0.31862340776747927
N9_E10b_T12e_text_based,N9,E10b,T12e,text_based,37.56120518382895,amazon_edge_019,edge_multihop,1.0,0.0,0.0,0.3333333333333333
N9_E10b_T12e_text_based,N9,E10b,T12e,text_based,37.56120518382895,amazon_edge_027,edge_multihop,1.0,0.0,0.0,0.3333333333333333
N9_E10b_T12e_text_based,N9,E10b,T12e,text_based,37.56120518382895,amazon_edge_026,edge_multihop,1.0,0.8177414437211312,0.0,0.6059138145737104
N9_E10b_T12e_text_based,N9,E10b,T12e,text_based,37.56120518382895,amazon_edge_008,edge_multihop,1.0,0.0,0.0,0.3333333333333333
N9_E10b_T12e_text_based,N9,E10b,T12e,text_based,37.56120518382895,amazon_edge_024,edge_multihop,0.6666666666666666,0.8096012418161586,0.0,0.4920893028276084
N9_E10c_T12a_text_based,N9,E10c,T12a,text_based,37.527844614578,amazon_sh_026,single_specific,0.5,0.8100546205453295,1.0,0.7700182068484431
N9_E10c_T12a_text_based,N9,E10c,T12a,text_based,37.527844614578,amazon_sh_013,single_specific,1.0,0.8795294800792938,1.0,0.9598431600264313
N9_E10c_T12a_text_based,N9,E10c,T12a,text_based,37.527844614578,amazon_sh_024,single_specific,1.0,0.5190795897138726,1.0,0.8396931965712908
N9_E10c_T12a_text_based,N9,E10c,T12a,text_based,37.527844614578,amazon_sh_021,single_specific,1.0,0.9367674307585664,1.0,0.978922476919522
N9_E10c_T12a_text_based,N9,E10c,T12a,text_based,37.527844614578,amazon_sh_015,single_specific,1.0,0.9892142649131612,0.0,0.6630714216377204
N9_E10c_T12a_text_based,N9,E10c,T12a,text_based,37.527844614578,amazon_sh_029,single_specific,0.5,0.0,0.0,0.16666666666666666
N9_E10c_T12a_text_based,N9,E10c,T12a,text_based,37.527844614578,amazon_sh_019,single_specific,0.8,0.5143356759363609,0.0,0.43811189197878697
N9_E10c_T12a_text_based,N9,E10c,T12a,text_based,37.527844614578,amazon_agg_031,aggregate_cross_paper,0.6666666666666666,0.815848933796103,1.0,0.8275052001542565
N9_E10c_T12a_text_based,N9,E10c,T12a,text_based,37.527844614578,amazon_agg_015,aggregate_cross_paper,0.6666666666666666,0.8471218414866245,0.5,0.6712628360510969
N9_E10c_T12a_text_based,N9,E10c,T12a,text_based,37.527844614578,amazon_agg_026,aggregate_cross_paper,0.4444444444444444,0.7910812557810564,1.0,0.7451752334085002
N9_E10c_T12a_text_based,N9,E10c,T12a,text_based,37.527844614578,amazon_agg_017,aggregate_cross_paper,1.0,0.3913075209590864,1.0,0.7971025069863621
N9_E10c_T12a_text_based,N9,E10c,T12a,text_based,37.527844614578,amazon_agg_008,aggregate_cross_paper,0.75,0.0,1.0,0.5833333333333334
N9_E10c_T12a_text_based,N9,E10c,T12a,text_based,37.527844614578,amazon_agg_009,aggregate_cross_paper,0.25,0.7975126522971255,0.5,0.5158375507657085
N9_E10c_T12a_text_based,N9,E10c,T12a,text_based,37.527844614578,amazon_agg_019,aggregate_cross_paper,0.6666666666666666,0.7961867267740569,0.0,0.4876177978135745
N9_E10c_T12a_text_based,N9,E10c,T12a,text_based,37.527844614578,amazon_edge_015,edge_multihop,1.0,0.0,0.0,0.3333333333333333
N9_E10c_T12a_text_based,N9,E10c,T12a,text_based,37.527844614578,amazon_edge_019,edge_multihop,1.0,0.0,0.0,0.3333333333333333
N9_E10c_T12a_text_based,N9,E10c,T12a,text_based,37.527844614578,amazon_edge_027,edge_multihop,1.0,0.0,0.0,0.3333333333333333
N9_E10c_T12a_text_based,N9,E10c,T12a,text_based,37.527844614578,amazon_edge_026,edge_multihop,1.0,0.8177485585669787,0.0,0.6059161861889929
N9_E10c_T12a_text_based,N9,E10c,T12a,text_based,37.527844614578,amazon_edge_008,edge_multihop,1.0,0.0,0.0,0.3333333333333333
N9_E10c_T12a_text_based,N9,E10c,T12a,text_based,37.527844614578,amazon_edge_024,edge_multihop,0.7777777777777778,0.8096557539951693,0.0,0.5291445105909823
N9_E10b_T12a_text_based,N9,E10b,T12a,text_based,37.44080227719876,amazon_sh_026,single_specific,0.5,0.8100540930793697,1.0,0.7700180310264565
N9_E10b_T12a_text_based,N9,E10b,T12a,text_based,37.44080227719876,amazon_sh_013,single_specific,1.0,0.8794838210607301,1.0,0.9598279403535767
N9_E10b_T12a_text_based,N9,E10b,T12a,text_based,37.44080227719876,amazon_sh_024,single_specific,1.0,0.47382686364497345,1.0,0.8246089545483244
N9_E10b_T12a_text_based,N9,E10b,T12a,text_based,37.44080227719876,amazon_sh_021,single_specific,1.0,0.9367968251423321,1.0,0.978932275047444
N9_E10b_T12a_text_based,N9,E10b,T12a,text_based,37.44080227719876,amazon_sh_015,single_specific,1.0,0.8813595960863867,0.0,0.6271198653621289
N9_E10b_T12a_text_based,N9,E10b,T12a,text_based,37.44080227719876,amazon_sh_029,single_specific,0.5,0.0,0.0,0.16666666666666666
N9_E10b_T12a_text_based,N9,E10b,T12a,text_based,37.44080227719876,amazon_sh_019,single_specific,0.8,0.5142845427003638,0.0,0.438094847566788
N9_E10b_T12a_text_based,N9,E10b,T12a,text_based,37.44080227719876,amazon_agg_031,aggregate_cross_paper,0.75,0.8272311085131167,1.0,0.8590770361710388
N9_E10b_T12a_text_based,N9,E10b,T12a,text_based,37.44080227719876,amazon_agg_015,aggregate_cross_paper,0.6666666666666666,0.8471244813342839,0.5,0.6712637160003169
N9_E10b_T12a_text_based,N9,E10b,T12a,text_based,37.44080227719876,amazon_agg_026,aggregate_cross_paper,0.4,0.8022473382364819,1.0,0.7340824460788272
N9_E10b_T12a_text_based,N9,E10b,T12a,text_based,37.44080227719876,amazon_agg_017,aggregate_cross_paper,1.0,0.39298798156491244,1.0,0.7976626605216376
N9_E10b_T12a_text_based,N9,E10b,T12a,text_based,37.44080227719876,amazon_agg_008,aggregate_cross_paper,0.6,0.7514229091939765,1.0,0.7838076363979921
N9_E10b_T12a_text_based,N9,E10b,T12a,text_based,37.44080227719876,amazon_agg_009,aggregate_cross_paper,0.2222222222222222,0.7975126522971255,0.5,0.5065782915064493
N9_E10b_T12a_text_based,N9,E10b,T12a,text_based,37.44080227719876,amazon_agg_019,aggregate_cross_paper,0.6666666666666666,0.7962009991696761,0.0,0.4876225552787809
N9_E10b_T12a_text_based,N9,E10b,T12a,text_based,37.44080227719876,amazon_edge_015,edge_multihop,0.3,0.6557981806281267,0.0,0.3185993935427089
N9_E10b_T12a_text_based,N9,E10b,T12a,text_based,37.44080227719876,amazon_edge_019,edge_multihop,1.0,0.0,0.0,0.3333333333333333
N9_E10b_T12a_text_based,N9,E10b,T12a,text_based,37.44080227719876,amazon_edge_027,edge_multihop,1.0,0.0,0.0,0.3333333333333333
N9_E10b_T12a_text_based,N9,E10b,T12a,text_based,37.44080227719876,amazon_edge_026,edge_multihop,0.8571428571428571,0.8177731058284893,0.0,0.5583053209904488
N9_E10b_T12a_text_based,N9,E10b,T12a,text_based,37.44080227719876,amazon_edge_008,edge_multihop,1.0,0.0,0.0,0.3333333333333333
N9_E10b_T12a_text_based,N9,E10b,T12a,text_based,37.44080227719876,amazon_edge_024,edge_multihop,0.875,0.8095761845589298,0.0,0.5615253948529766
N8_E11c_T12a_text_based,N8,E11c,T12a,text_based,13.064048602598891,amazon_sh_026,single_specific,1.0,0.8100546205453295,1.0,0.9366848735151098
N8_E11c_T12a_text_based,N8,E11c,T12a,text_based,13.064048602598891,amazon_sh_013,single_specific,1.0,0.706787051480803,1.0,0.902262350493601
N8_E11c_T12a_text_based,N8,E11c,T12a,text_based,13.064048602598891,amazon_sh_024,single_specific,1.0,0.47384440390275967,1.0,0.8246148013009199
N8_E11c_T12a_text_based,N8,E11c,T12a,text_based,13.064048602598891,amazon_sh_021,single_specific,1.0,0.9367608133256224,1.0,0.9789202711085409
N8_E11c_T12a_text_based,N8,E11c,T12a,text_based,13.064048602598891,amazon_sh_015,single_specific,1.0,0.496264025040882,1.0,0.8320880083469607
N8_E11c_T12a_text_based,N8,E11c,T12a,text_based,13.064048602598891,amazon_sh_029,single_specific,1.0,0.0,0.0,0.3333333333333333
N8_E11c_T12a_text_based,N8,E11c,T12a,text_based,13.064048602598891,amazon_sh_019,single_specific,0.875,0.669621445423641,0.5,0.6815404818078803
N8_E11c_T12a_text_based,N8,E11c,T12a,text_based,13.064048602598891,amazon_agg_031,aggregate_cross_paper,0.5,0.6705284821503031,1.0,0.7235094940501011
N8_E11c_T12a_text_based,N8,E11c,T12a,text_based,13.064048602598891,amazon_agg_015,aggregate_cross_paper,0.6666666666666666,0.7808597179811828,0.0,0.4825087948826165
N8_E11c_T12a_text_based,N8,E11c,T12a,text_based,13.064048602598891,amazon_agg_026,aggregate_cross_paper,0.5,0.7910961042372803,1.0,0.7636987014124267
N8_E11c_T12a_text_based,N8,E11c,T12a,text_based,13.064048602598891,amazon_agg_017,aggregate_cross_paper,0.6,0.43273035233193374,1.0,0.6775767841106446
N8_E11c_T12a_text_based,N8,E11c,T12a,text_based,13.064048602598891,amazon_agg_008,aggregate_cross_paper,0.75,0.7073406220125148,1.0,0.8191135406708382
N8_E11c_T12a_text_based,N8,E11c,T12a,text_based,13.064048602598891,amazon_agg_009,aggregate_cross_paper,0.375,0.0,0.5,0.2916666666666667
N8_E11c_T12a_text_based,N8,E11c,T12a,text_based,13.064048602598891,amazon_agg_019,aggregate_cross_paper,0.7142857142857143,0.7774159405908735,1.0,0.8305672182921958
N8_E11c_T12a_text_based,N8,E11c,T12a,text_based,13.064048602598891,amazon_edge_015,edge_multihop,1.0,0.0,0.0,0.3333333333333333
N8_E11c_T12a_text_based,N8,E11c,T12a,text_based,13.064048602598891,amazon_edge_019,edge_multihop,1.0,0.0,0.0,0.3333333333333333
N8_E11c_T12a_text_based,N8,E11c,T12a,text_based,13.064048602598891,amazon_edge_027,edge_multihop,0.8333333333333334,0.8777547515360403,0.5,0.7370293616231246
N8_E11c_T12a_text_based,N8,E11c,T12a,text_based,13.064048602598891,amazon_edge_026,edge_multihop,0.6,0.0,0.0,0.19999999999999998
N8_E11c_T12a_text_based,N8,E11c,T12a,text_based,13.064048602598891,amazon_edge_008,edge_multihop,1.0,0.0,0.0,0.3333333333333333
N8_E11c_T12a_text_based,N8,E11c,T12a,text_based,13.064048602598891,amazon_edge_024,edge_multihop,0.25,0.0,0.0,0.08333333333333333
N8_E10a_T12b_text_based,N8,E10a,T12b,text_based,12.974050146791644,amazon_sh_026,single_specific,1.0,0.8553602157886036,1.0,0.9517867385962012
N8_E10a_T12b_text_based,N8,E10a,T12b,text_based,12.974050146791644,amazon_sh_013,single_specific,1.0,0.7067924195457977,1.0,0.9022641398485992
N8_E10a_T12b_text_based,N8,E10a,T12b,text_based,12.974050146791644,amazon_sh_024,single_specific,1.0,0.4738723187387716,1.0,0.8246241062462571
N8_E10a_T12b_text_based,N8,E10a,T12b,text_based,12.974050146791644,amazon_sh_021,single_specific,1.0,0.9367516440512715,1.0,0.9789172146837571
N8_E10a_T12b_text_based,N8,E10a,T12b,text_based,12.974050146791644,amazon_sh_015,single_specific,1.0,1.0,1.0,1.0
N8_E10a_T12b_text_based,N8,E10a,T12b,text_based,12.974050146791644,amazon_sh_029,single_specific,0.5,0.0,0.0,0.16666666666666666
N8_E10a_T12b_text_based,N8,E10a,T12b,text_based,12.974050146791644,amazon_sh_019,single_specific,0.8333333333333334,0.7457561909000279,0.5,0.6930298414111205
N8_E10a_T12b_text_based,N8,E10a,T12b,text_based,12.974050146791644,amazon_agg_031,aggregate_cross_paper,0.5,0.6704962335228463,1.0,0.7234987445076154
N8_E10a_T12b_text_based,N8,E10a,T12b,text_based,12.974050146791644,amazon_agg_015,aggregate_cross_paper,0.6666666666666666,0.7874098069653575,0.0,0.4846921578773413
N8_E10a_T12b_text_based,N8,E10a,T12b,text_based,12.974050146791644,amazon_agg_026,aggregate_cross_paper,0.5,0.7910770719420457,1.0,0.7636923573140152
N8_E10a_T12b_text_based,N8,E10a,T12b,text_based,12.974050146791644,amazon_agg_017,aggregate_cross_paper,0.6666666666666666,0.4057804685805562,1.0,0.6908157117490742
N8_E10a_T12b_text_based,N8,E10a,T12b,text_based,12.974050146791644,amazon_agg_008,aggregate_cross_paper,0.75,0.7242726712888411,1.0,0.8247575570962803
N8_E10a_T12b_text_based,N8,E10a,T12b,text_based,12.974050146791644,amazon_agg_009,aggregate_cross_paper,0.375,0.0,0.5,0.2916666666666667
N8_E10a_T12b_text_based,N8,E10a,T12b,text_based,12.974050146791644,amazon_agg_019,aggregate_cross_paper,0.7142857142857143,0.7872946719960588,1.0,0.8338601287605911
N8_E10a_T12b_text_based,N8,E10a,T12b,text_based,12.974050146791644,amazon_edge_015,edge_multihop,1.0,0.0,0.0,0.3333333333333333
N8_E10a_T12b_text_based,N8,E10a,T12b,text_based,12.974050146791644,amazon_edge_019,edge_multihop,1.0,0.0,0.0,0.3333333333333333
N8_E10a_T12b_text_based,N8,E10a,T12b,text_based,12.974050146791644,amazon_edge_027,edge_multihop,0.8333333333333334,0.8777656327784785,0.5,0.7370329887039372
N8_E10a_T12b_text_based,N8,E10a,T12b,text_based,12.974050146791644,amazon_edge_026,edge_multihop,0.6,0.0,0.0,0.19999999999999998
N8_E10a_T12b_text_based,N8,E10a,T12b,text_based,12.974050146791644,amazon_edge_008,edge_multihop,1.0,0.0,0.0,0.3333333333333333
N8_E10a_T12b_text_based,N8,E10a,T12b,text_based,12.974050146791644,amazon_edge_024,edge_multihop,1.0,0.0,0.0,0.3333333333333333
N8_E10c_T12b_text_based,N8,E10c,T12b,text_based,12.957363664580113,amazon_sh_026,single_specific,1.0,0.8100183828731712,1.0,0.9366727942910571
N8_E10c_T12b_text_based,N8,E10c,T12b,text_based,12.957363664580113,amazon_sh_013,single_specific,1.0,0.7067924195457977,1.0,0.9022641398485992
N8_E10c_T12b_text_based,N8,E10c,T12b,text_based,12.957363664580113,amazon_sh_024,single_specific,1.0,0.47382686364497345,1.0,0.8246089545483244
N8_E10c_T12b_text_based,N8,E10c,T12b,text_based,12.957363664580113,amazon_sh_021,single_specific,1.0,0.9367674307585664,1.0,0.978922476919522
N8_E10c_T12b_text_based,N8,E10c,T12b,text_based,12.957363664580113,amazon_sh_015,single_specific,1.0,0.977194559241258,1.0,0.9923981864137527
N8_E10c_T12b_text_based,N8,E10c,T12b,text_based,12.957363664580113,amazon_sh_029,single_specific,1.0,0.0,0.0,0.3333333333333333
N8_E10c_T12b_text_based,N8,E10c,T12b,text_based,12.957363664580113,amazon_sh_019,single_specific,0.875,0.669621445423641,0.5,0.6815404818078803
N8_E10c_T12b_text_based,N8,E10c,T12b,text_based,12.957363664580113,amazon_agg_031,aggregate_cross_paper,0.5,0.6705284821503031,1.0,0.7235094940501011
N8_E10c_T12b_text_based,N8,E10c,T12b,text_based,12.957363664580113,amazon_agg_015,aggregate_cross_paper,0.6666666666666666,0.7808493836304887,0.0,0.48250535009905177
N8_E10c_T12b_text_based,N8,E10c,T12b,text_based,12.957363664580113,amazon_agg_026,aggregate_cross_paper,0.5,0.7910961042372803,1.0,0.7636987014124267
N8_E10c_T12b_text_based,N8,E10c,T12b,text_based,12.957363664580113,amazon_agg_017,aggregate_cross_paper,0.8,0.4326430294529486,1.0,0.744214343150983
N8_E10c_T12b_text_based,N8,E10c,T12b,text_based,12.957363664580113,amazon_agg_008,aggregate_cross_paper,0.75,0.7192397221248458,1.0,0.8230799073749485
N8_E10c_T12b_text_based,N8,E10c,T12b,text_based,12.957363664580113,amazon_agg_009,aggregate_cross_paper,0.375,0.0,0.5,0.2916666666666667
N8_E10c_T12b_text_based,N8,E10c,T12b,text_based,12.957363664580113,amazon_agg_019,aggregate_cross_paper,0.7142857142857143,0.7872841710006672,1.0,0.8338566284287938
N8_E10c_T12b_text_based,N8,E10c,T12b,text_based,12.957363664580113,amazon_edge_015,edge_multihop,1.0,0.0,0.0,0.3333333333333333
N8_E10c_T12b_text_based,N8,E10c,T12b,text_based,12.957363664580113,amazon_edge_019,edge_multihop,1.0,0.0,0.0,0.3333333333333333
N8_E10c_T12b_text_based,N8,E10c,T12b,text_based,12.957363664580113,amazon_edge_027,edge_multihop,0.8333333333333334,0.8777656327784785,0.5,0.7370329887039372
N8_E10c_T12b_text_based,N8,E10c,T12b,text_based,12.957363664580113,amazon_edge_026,edge_multihop,0.8,0.0,0.0,0.26666666666666666
N8_E10c_T12b_text_based,N8,E10c,T12b,text_based,12.957363664580113,amazon_edge_008,edge_multihop,1.0,0.0,0.0,0.3333333333333333
N8_E10c_T12b_text_based,N8,E10c,T12b,text_based,12.957363664580113,amazon_edge_024,edge_multihop,1.0,0.0,0.0,0.3333333333333333
N8_E10b_T12a_text_based,N8,E10b,T12a,text_based,12.895009856746206,amazon_sh_026,single_specific,1.0,0.8100546205453295,1.0,0.9366848735151098
N8_E10b_T12a_text_based,N8,E10b,T12a,text_based,12.895009856746206,amazon_sh_013,single_specific,1.0,0.7067968262775781,1.0,0.9022656087591927
N8_E10b_T12a_text_based,N8,E10b,T12a,text_based,12.895009856746206,amazon_sh_024,single_specific,1.0,0.4738528457418587,1.0,0.8246176152472863
N8_E10b_T12a_text_based,N8,E10b,T12a,text_based,12.895009856746206,amazon_sh_021,single_specific,1.0,0.9367810988153349,1.0,0.978927032938445
N8_E10b_T12a_text_based,N8,E10b,T12a,text_based,12.895009856746206,amazon_sh_015,single_specific,1.0,0.9999996190394423,1.0,0.9999998730131474
N8_E10b_T12a_text_based,N8,E10b,T12a,text_based,12.895009856746206,amazon_sh_029,single_specific,1.0,0.0,0.0,0.3333333333333333
N8_E10b_T12a_text_based,N8,E10b,T12a,text_based,12.895009856746206,amazon_sh_019,single_specific,0.8333333333333334,0.745736669076091,0.5,0.6930233341364748
N8_E10b_T12a_text_based,N8,E10b,T12a,text_based,12.895009856746206,amazon_agg_031,aggregate_cross_paper,0.5,0.6705346665012777,1.0,0.7235115555004259
N8_E10b_T12a_text_based,N8,E10b,T12a,text_based,12.895009856746206,amazon_agg_015,aggregate_cross_paper,0.5,0.7808485369376436,0.0,0.4269495123125478
N8_E10b_T12a_text_based,N8,E10b,T12a,text_based,12.895009856746206,amazon_agg_026,aggregate_cross_paper,0.5,0.7911003056380257,1.0,0.7637001018793419
N8_E10b_T12a_text_based,N8,E10b,T12a,text_based,12.895009856746206,amazon_agg_017,aggregate_cross_paper,0.8,0.43271072531367466,1.0,0.7442369084378916
N8_E10b_T12a_text_based,N8,E10b,T12a,text_based,12.895009856746206,amazon_agg_008,aggregate_cross_paper,0.75,0.7191683704737377,1.0,0.8230561234912459
N8_E10b_T12a_text_based,N8,E10b,T12a,text_based,12.895009856746206,amazon_agg_009,aggregate_cross_paper,0.42857142857142855,0.7530675912867281,0.5,0.5605463399527189
N8_E10b_T12a_text_based,N8,E10b,T12a,text_based,12.895009856746206,amazon_agg_019,aggregate_cross_paper,0.6666666666666666,0.7774159405908735,1.0,0.81469420241918
N8_E10b_T12a_text_based,N8,E10b,T12a,text_based,12.895009856746206,amazon_edge_015,edge_multihop,1.0,0.0,0.0,0.3333333333333333
N8_E10b_T12a_text_based,N8,E10b,T12a,text_based,12.895009856746206,amazon_edge_019,edge_multihop,1.0,0.0,0.0,0.3333333333333333
N8_E10b_T12a_text_based,N8,E10b,T12a,text_based,12.895009856746206,amazon_edge_027,edge_multihop,0.6666666666666666,0.877756558665668,0.75,0.7648077417774449
N8_E10b_T12a_text_based,N8,E10b,T12a,text_based,12.895009856746206,amazon_edge_026,edge_multihop,0.8,0.0,0.0,0.26666666666666666
N8_E10b_T12a_text_based,N8,E10b,T12a,text_based,12.895009856746206,amazon_edge_008,edge_multihop,1.0,0.0,0.0,0.3333333333333333
N8_E10b_T12a_text_based,N8,E10b,T12a,text_based,12.895009856746206,amazon_edge_024,edge_multihop,0.25,0.0,0.0,0.08333333333333333
N8_E10a_T12e_text_based,N8,E10a,T12e,text_based,12.858646545441625,amazon_sh_026,single_specific,1.0,0.8100897148581456,1.0,0.9366965716193819
N8_E10a_T12e_text_based,N8,E10a,T12e,text_based,12.858646545441625,amazon_sh_013,single_specific,1.0,0.7068021929151697,1.0,0.9022673976383899
N8_E10a_T12e_text_based,N8,E10a,T12e,text_based,12.858646545441625,amazon_sh_024,single_specific,1.0,0.4738278811440569,1.0,0.8246092937146856
N8_E10a_T12e_text_based,N8,E10a,T12e,text_based,12.858646545441625,amazon_sh_021,single_specific,1.0,0.9367608133256224,1.0,0.9789202711085409
N8_E10a_T12e_text_based,N8,E10a,T12e,text_based,12.858646545441625,amazon_sh_015,single_specific,1.0,0.5718957098928986,1.0,0.8572985699642995
N8_E10a_T12e_text_based,N8,E10a,T12e,text_based,12.858646545441625,amazon_sh_029,single_specific,1.0,0.0,0.0,0.3333333333333333
N8_E10a_T12e_text_based,N8,E10a,T12e,text_based,12.858646545441625,amazon_sh_019,single_specific,0.875,0.6696475700131459,0.5,0.681549190004382
N8_E10a_T12e_text_based,N8,E10a,T12e,text_based,12.858646545441625,amazon_agg_031,aggregate_cross_paper,0.5,0.6704962335228463,1.0,0.7234987445076154
N8_E10a_T12e_text_based,N8,E10a,T12e,text_based,12.858646545441625,amazon_agg_015,aggregate_cross_paper,0.6666666666666666,0.7939710769930715,0.0,0.4868792478865793
N8_E10a_T12e_text_based,N8,E10a,T12e,text_based,12.858646545441625,amazon_agg_026,aggregate_cross_paper,0.5,0.7910961042372803,1.0,0.7636987014124267
N8_E10a_T12e_text_based,N8,E10a,T12e,text_based,12.858646545441625,amazon_agg_017,aggregate_cross_paper,0.6,0.4327439960484294,1.0,0.6775813320161431
N8_E10a_T12e_text_based,N8,E10a,T12e,text_based,12.858646545441625,amazon_agg_008,aggregate_cross_paper,0.75,0.7192012055477571,1.0,0.823067068515919
N8_E10a_T12e_text_based,N8,E10a,T12e,text_based,12.858646545441625,amazon_agg_009,aggregate_cross_paper,0.5,0.7202922225231104,0.5,0.5734307408410367
N8_E10a_T12e_text_based,N8,E10a,T12e,text_based,12.858646545441625,amazon_agg_019,aggregate_cross_paper,0.7142857142857143,0.7872841710006672,1.0,0.8338566284287938
N8_E10a_T12e_text_based,N8,E10a,T12e,text_based,12.858646545441625,amazon_edge_015,edge_multihop,1.0,0.0,0.0,0.3333333333333333
N8_E10a_T12e_text_based,N8,E10a,T12e,text_based,12.858646545441625,amazon_edge_019,edge_multihop,1.0,0.0,0.0,0.3333333333333333
N8_E10a_T12e_text_based,N8,E10a,T12e,text_based,12.858646545441625,amazon_edge_027,edge_multihop,0.8333333333333334,0.877756558665668,1.0,0.9036966306663338
N8_E10a_T12e_text_based,N8,E10a,T12e,text_based,12.858646545441625,amazon_edge_026,edge_multihop,0.6,0.0,0.0,0.19999999999999998
N8_E10a_T12e_text_based,N8,E10a,T12e,text_based,12.858646545441625,amazon_edge_008,edge_multihop,1.0,0.0,0.0,0.3333333333333333
N8_E10a_T12e_text_based,N8,E10a,T12e,text_based,12.858646545441625,amazon_edge_024,edge_multihop,1.0,0.0,0.0,0.3333333333333333
N8_E10b_T12e_text_based,N8,E10b,T12e,text_based,12.847101728676298,amazon_sh_026,single_specific,1.0,0.8553311040967495,1.0,0.9517770346989165
N8_E10b_T12e_text_based,N8,E10b,T12e,text_based,12.847101728676298,amazon_sh_013,single_specific,1.0,0.7067876326150105,1.0,0.9022625442050035
N8_E10b_T12e_text_based,N8,E10b,T12e,text_based,12.847101728676298,amazon_sh_024,single_specific,1.0,0.5190795897138726,1.0,0.8396931965712908
N8_E10b_T12e_text_based,N8,E10b,T12e,text_based,12.847101728676298,amazon_sh_021,single_specific,1.0,0.9367608133256224,1.0,0.9789202711085409
N8_E10b_T12e_text_based,N8,E10b,T12e,text_based,12.847101728676298,amazon_sh_015,single_specific,1.0,0.9771941030160357,1.0,0.9923980343386786
N8_E10b_T12e_text_based,N8,E10b,T12e,text_based,12.847101728676298,amazon_sh_029,single_specific,0.5,0.0,0.0,0.16666666666666666
N8_E10b_T12e_text_based,N8,E10b,T12e,text_based,12.847101728676298,amazon_sh_019,single_specific,0.8333333333333334,0.7458203579723094,0.5,0.6930512304352142
N8_E10b_T12e_text_based,N8,E10b,T12e,text_based,12.847101728676298,amazon_agg_031,aggregate_cross_paper,0.75,0.6705117590224811,1.0,0.8068372530074938
N8_E10b_T12e_text_based,N8,E10b,T12e,text_based,12.847101728676298,amazon_agg_015,aggregate_cross_paper,0.25,0.7333502559781347,0.0,0.32778341865937827
N8_E10b_T12e_text_based,N8,E10b,T12e,text_based,12.847101728676298,amazon_agg_026,aggregate_cross_paper,0.5,0.7910961042372803,1.0,0.7636987014124267
N8_E10b_T12e_text_based,N8,E10b,T12e,text_based,12.847101728676298,amazon_agg_017,aggregate_cross_paper,0.75,0.4326442261528671,1.0,0.727548075384289
N8_E10b_T12e_text_based,N8,E10b,T12e,text_based,12.847101728676298,amazon_agg_008,aggregate_cross_paper,0.75,0.7192397221248458,1.0,0.8230799073749485
N8_E10b_T12e_text_based,N8,E10b,T12e,text_based,12.847101728676298,amazon_agg_009,aggregate_cross_paper,0.375,0.0,0.5,0.2916666666666667
N8_E10b_T12e_text_based,N8,E10b,T12e,text_based,12.847101728676298,amazon_agg_019,aggregate_cross_paper,0.7142857142857143,0.77742080389576,1.0,0.8305688393938248
N8_E10b_T12e_text_based,N8,E10b,T12e,text_based,12.847101728676298,amazon_edge_015,edge_multihop,1.0,0.0,0.0,0.3333333333333333
N8_E10b_T12e_text_based,N8,E10b,T12e,text_based,12.847101728676298,amazon_edge_019,edge_multihop,1.0,0.0,0.0,0.3333333333333333
N8_E10b_T12e_text_based,N8,E10b,T12e,text_based,12.847101728676298,amazon_edge_027,edge_multihop,0.8333333333333334,0.8777594759011671,1.0,0.9036976030781668
N8_E10b_T12e_text_based,N8,E10b,T12e,text_based,12.847101728676298,amazon_edge_026,edge_multihop,0.8,0.0,0.0,0.26666666666666666
N8_E10b_T12e_text_based,N8,E10b,T12e,text_based,12.847101728676298,amazon_edge_008,edge_multihop,1.0,0.0,0.0,0.3333333333333333
N8_E10b_T12e_text_based,N8,E10b,T12e,text_based,12.847101728676298,amazon_edge_024,edge_multihop,1.0,0.0,0.0,0.3333333333333333
N8_E10c_T12e_text_based,N8,E10c,T12e,text_based,12.812622245721329,amazon_sh_026,single_specific,1.0,0.8100540930793697,1.0,0.9366846976931232
N8_E10c_T12e_text_based,N8,E10c,T12e,text_based,12.812622245721329,amazon_sh_013,single_specific,1.0,0.7067924195457977,1.0,0.9022641398485992
N8_E10c_T12e_text_based,N8,E10c,T12e,text_based,12.812622245721329,amazon_sh_024,single_specific,1.0,0.4285741375760744,1.0,0.8095247125253581
N8_E10c_T12e_text_based,N8,E10c,T12e,text_based,12.812622245721329,amazon_sh_021,single_specific,1.0,0.9367608133256224,1.0,0.9789202711085409
N8_E10c_T12e_text_based,N8,E10c,T12e,text_based,12.812622245721329,amazon_sh_015,single_specific,1.0,0.9771941030160357,1.0,0.9923980343386786
N8_E10c_T12e_text_based,N8,E10c,T12e,text_based,12.812622245721329,amazon_sh_029,single_specific,1.0,0.0,0.0,0.3333333333333333
N8_E10c_T12e_text_based,N8,E10c,T12e,text_based,12.812622245721329,amazon_sh_019,single_specific,0.8333333333333334,0.745736669076091,0.5,0.6930233341364748
N8_E10c_T12e_text_based,N8,E10c,T12e,text_based,12.812622245721329,amazon_agg_031,aggregate_cross_paper,0.5,0.6705284821503031,1.0,0.7235094940501011
N8_E10c_T12e_text_based,N8,E10c,T12e,text_based,12.812622245721329,amazon_agg_015,aggregate_cross_paper,0.6666666666666666,0.7939710769930715,0.0,0.4868792478865793
N8_E10c_T12e_text_based,N8,E10c,T12e,text_based,12.812622245721329,amazon_agg_026,aggregate_cross_paper,0.5,0.7910943184113127,1.0,0.7636981061371042
N8_E10c_T12e_text_based,N8,E10c,T12e,text_based,12.812622245721329,amazon_agg_017,aggregate_cross_paper,0.8,0.4327439960484294,1.0,0.7442479986828099
N8_E10c_T12e_text_based,N8,E10c,T12e,text_based,12.812622245721329,amazon_agg_008,aggregate_cross_paper,0.75,0.7192012055477571,1.0,0.823067068515919
N8_E10c_T12e_text_based,N8,E10c,T12e,text_based,12.812622245721329,amazon_agg_009,aggregate_cross_paper,0.375,0.0,0.5,0.2916666666666667
N8_E10c_T12e_text_based,N8,E10c,T12e,text_based,12.812622245721329,amazon_agg_019,aggregate_cross_paper,0.7142857142857143,0.7774247797900641,1.0,0.8305701646919261
N8_E10c_T12e_text_based,N8,E10c,T12e,text_based,12.812622245721329,amazon_edge_015,edge_multihop,1.0,0.0,0.0,0.3333333333333333
N8_E10c_T12e_text_based,N8,E10c,T12e,text_based,12.812622245721329,amazon_edge_019,edge_multihop,1.0,0.0,0.0,0.3333333333333333
N8_E10c_T12e_text_based,N8,E10c,T12e,text_based,12.812622245721329,amazon_edge_027,edge_multihop,0.8333333333333334,0.8807539072449693,0.5,0.7380290801927676
N8_E10c_T12e_text_based,N8,E10c,T12e,text_based,12.812622245721329,amazon_edge_026,edge_multihop,0.8,0.0,0.0,0.26666666666666666
N8_E10c_T12e_text_based,N8,E10c,T12e,text_based,12.812622245721329,amazon_edge_008,edge_multihop,1.0,0.0,0.0,0.3333333333333333
N8_E10c_T12e_text_based,N8,E10c,T12e,text_based,12.812622245721329,amazon_edge_024,edge_multihop,0.25,0.0,0.0,0.08333333333333333
N8_E10c_T12a_text_based,N8,E10c,T12a,text_based,12.70042193257434,amazon_sh_026,single_specific,1.0,0.8100183828731712,1.0,0.9366727942910571
N8_E10c_T12a_text_based,N8,E10c,T12a,text_based,12.70042193257434,amazon_sh_013,single_specific,1.0,0.706787051480803,1.0,0.902262350493601
N8_E10c_T12a_text_based,N8,E10c,T12a,text_based,12.70042193257434,amazon_sh_024,single_specific,1.0,0.5643323157827717,1.0,0.8547774385942573
N8_E10c_T12a_text_based,N8,E10c,T12a,text_based,12.70042193257434,amazon_sh_021,single_specific,1.0,0.9367608133256224,1.0,0.9789202711085409
N8_E10c_T12a_text_based,N8,E10c,T12a,text_based,12.70042193257434,amazon_sh_015,single_specific,1.0,0.9771915724454883,1.0,0.9923971908151628
N8_E10c_T12a_text_based,N8,E10c,T12a,text_based,12.70042193257434,amazon_sh_029,single_specific,0.5,0.0,0.0,0.16666666666666666
N8_E10c_T12a_text_based,N8,E10c,T12a,text_based,12.70042193257434,amazon_sh_019,single_specific,0.8571428571428571,0.0,0.5,0.4523809523809524
N8_E10c_T12a_text_based,N8,E10c,T12a,text_based,12.70042193257434,amazon_agg_031,aggregate_cross_paper,0.5,0.6704962335228463,1.0,0.7234987445076154
N8_E10c_T12a_text_based,N8,E10c,T12a,text_based,12.70042193257434,amazon_agg_015,aggregate_cross_paper,0.6666666666666666,0.7874098069653575,0.0,0.4846921578773413
N8_E10c_T12a_text_based,N8,E10c,T12a,text_based,12.70042193257434,amazon_agg_026,aggregate_cross_paper,0.5,0.7911003056380257,1.0,0.7637001018793419
N8_E10c_T12a_text_based,N8,E10c,T12a,text_based,12.70042193257434,amazon_agg_017,aggregate_cross_paper,0.6,0.4326661497871916,1.0,0.6775553832623972
N8_E10c_T12a_text_based,N8,E10c,T12a,text_based,12.70042193257434,amazon_agg_008,aggregate_cross_paper,0.75,0.7361136434961727,1.0,0.8287045478320576
N8_E10c_T12a_text_based,N8,E10c,T12a,text_based,12.70042193257434,amazon_agg_009,aggregate_cross_paper,0.375,0.0,0.5,0.2916666666666667
N8_E10c_T12a_text_based,N8,E10c,T12a,text_based,12.70042193257434,amazon_agg_019,aggregate_cross_paper,0.7142857142857143,0.77742080389576,1.0,0.8305688393938248
N8_E10c_T12a_text_based,N8,E10c,T12a,text_based,12.70042193257434,amazon_edge_015,edge_multihop,1.0,0.0,0.0,0.3333333333333333
N8_E10c_T12a_text_based,N8,E10c,T12a,text_based,12.70042193257434,amazon_edge_019,edge_multihop,1.0,0.0,0.0,0.3333333333333333
N8_E10c_T12a_text_based,N8,E10c,T12a,text_based,12.70042193257434,amazon_edge_027,edge_multihop,0.6666666666666666,0.8777656327784785,0.5,0.6814774331483817
N8_E10c_T12a_text_based,N8,E10c,T12a,text_based,12.70042193257434,amazon_edge_026,edge_multihop,0.75,0.0,0.0,0.25
N8_E10c_T12a_text_based,N8,E10c,T12a,text_based,12.70042193257434,amazon_edge_008,edge_multihop,1.0,0.0,0.0,0.3333333333333333
N8_E10c_T12a_text_based,N8,E10c,T12a,text_based,12.70042193257434,amazon_edge_024,edge_multihop,1.0,0.0,0.0,0.3333333333333333
N8_E11c_T12e_text_based,N8,E11c,T12e,text_based,12.671950387840248,amazon_sh_026,single_specific,1.0,0.8100183828731712,1.0,0.9366727942910571
N8_E11c_T12e_text_based,N8,E11c,T12e,text_based,12.671950387840248,amazon_sh_013,single_specific,1.0,0.706787051480803,1.0,0.902262350493601
N8_E11c_T12e_text_based,N8,E11c,T12e,text_based,12.671950387840248,amazon_sh_024,single_specific,1.0,0.47382686364497345,1.0,0.8246089545483244
N8_E11c_T12e_text_based,N8,E11c,T12e,text_based,12.671950387840248,amazon_sh_021,single_specific,1.0,0.9367608133256224,1.0,0.9789202711085409
N8_E11c_T12e_text_based,N8,E11c,T12e,text_based,12.671950387840248,amazon_sh_015,single_specific,1.0,0.49626001159520894,1.0,0.8320866705317362
N8_E11c_T12e_text_based,N8,E11c,T12e,text_based,12.671950387840248,amazon_sh_029,single_specific,1.0,0.0,0.0,0.3333333333333333
N8_E11c_T12e_text_based,N8,E11c,T12e,text_based,12.671950387840248,amazon_sh_019,single_specific,0.8333333333333334,0.745736669076091,0.5,0.6930233341364748
N8_E11c_T12e_text_based,N8,E11c,T12e,text_based,12.671950387840248,amazon_agg_031,aggregate_cross_paper,0.5,0.6705284821503031,1.0,0.7235094940501011
N8_E11c_T12e_text_based,N8,E11c,T12e,text_based,12.671950387840248,amazon_agg_015,aggregate_cross_paper,0.6666666666666666,0.7939497197736182,0.0,0.4868721288134283
N8_E11c_T12e_text_based,N8,E11c,T12e,text_based,12.671950387840248,amazon_agg_026,aggregate_cross_paper,0.5,0.7911003056380257,1.0,0.7637001018793419
N8_E11c_T12e_text_based,N8,E11c,T12e,text_based,12.671950387840248,amazon_agg_017,aggregate_cross_paper,0.42857142857142855,0.4057993828143933,1.0,0.6114569371286073
N8_E11c_T12e_text_based,N8,E11c,T12e,text_based,12.671950387840248,amazon_agg_008,aggregate_cross_paper,0.75,0.7192012055477571,1.0,0.823067068515919
N8_E11c_T12e_text_based,N8,E11c,T12e,text_based,12.671950387840248,amazon_agg_009,aggregate_cross_paper,0.375,0.0,0.5,0.2916666666666667
N8_E11c_T12e_text_based,N8,E11c,T12e,text_based,12.671950387840248,amazon_agg_019,aggregate_cross_paper,0.7142857142857143,0.7774159405908735,1.0,0.8305672182921958
N8_E11c_T12e_text_based,N8,E11c,T12e,text_based,12.671950387840248,amazon_edge_015,edge_multihop,1.0,0.0,0.0,0.3333333333333333
N8_E11c_T12e_text_based,N8,E11c,T12e,text_based,12.671950387840248,amazon_edge_019,edge_multihop,1.0,0.0,0.0,0.3333333333333333
N8_E11c_T12e_text_based,N8,E11c,T12e,text_based,12.671950387840248,amazon_edge_027,edge_multihop,0.6666666666666666,0.877756558665668,0.5,0.6814744084441116
N8_E11c_T12e_text_based,N8,E11c,T12e,text_based,12.671950387840248,amazon_edge_026,edge_multihop,0.8,0.0,0.0,0.26666666666666666
N8_E11c_T12e_text_based,N8,E11c,T12e,text_based,12.671950387840248,amazon_edge_008,edge_multihop,1.0,0.0,0.0,0.3333333333333333
N8_E11c_T12e_text_based,N8,E11c,T12e,text_based,12.671950387840248,amazon_edge_024,edge_multihop,0.25,0.0,0.0,0.08333333333333333
N8_E11b_T12b_text_based,N8,E11b,T12b,text_based,12.628038989470138,amazon_sh_026,single_specific,1.0,0.0,0.0,0.3333333333333333
N8_E11b_T12b_text_based,N8,E11b,T12b,text_based,12.628038989470138,amazon_sh_013,single_specific,0.0,0.0,0.0,0.0
N8_E11b_T12b_text_based,N8,E11b,T12b,text_based,12.628038989470138,amazon_sh_024,single_specific,0.0,0.3873364739753538,0.0,0.1291121579917846
N8_E11b_T12b_text_based,N8,E11b,T12b,text_based,12.628038989470138,amazon_sh_021,single_specific,1.0,0.0,0.0,0.3333333333333333
N8_E11b_T12b_text_based,N8,E11b,T12b,text_based,12.628038989470138,amazon_sh_015,single_specific,1.0,0.0,0.0,0.3333333333333333
N8_E11b_T12b_text_based,N8,E11b,T12b,text_based,12.628038989470138,amazon_sh_029,single_specific,1.0,0.0,0.0,0.3333333333333333
N8_E11b_T12b_text_based,N8,E11b,T12b,text_based,12.628038989470138,amazon_sh_019,single_specific,0.8333333333333334,0.5500287440799771,0.0,0.4611206924711035
N8_E11b_T12b_text_based,N8,E11b,T12b,text_based,12.628038989470138,amazon_agg_031,aggregate_cross_paper,0.5,0.8272311085131167,0.5,0.6090770361710388
N8_E11b_T12b_text_based,N8,E11b,T12b,text_based,12.628038989470138,amazon_agg_015,aggregate_cross_paper,1.0,0.0,0.0,0.3333333333333333
N8_E11b_T12b_text_based,N8,E11b,T12b,text_based,12.628038989470138,amazon_agg_026,aggregate_cross_paper,0.7142857142857143,0.7910961042372803,0.75,0.7517939395076648
N8_E11b_T12b_text_based,N8,E11b,T12b,text_based,12.628038989470138,amazon_agg_017,aggregate_cross_paper,0.8,0.38781343571915655,0.5,0.5626044785730522
N8_E11b_T12b_text_based,N8,E11b,T12b,text_based,12.628038989470138,amazon_agg_008,aggregate_cross_paper,0.6666666666666666,0.7994737180276519,0.0,0.4887134615647728
N8_E11b_T12b_text_based,N8,E11b,T12b,text_based,12.628038989470138,amazon_agg_009,aggregate_cross_paper,1.0,0.0,0.0,0.3333333333333333
N8_E11b_T12b_text_based,N8,E11b,T12b,text_based,12.628038989470138,amazon_agg_019,aggregate_cross_paper,1.0,0.0,0.0,0.3333333333333333
N8_E11b_T12b_text_based,N8,E11b,T12b,text_based,12.628038989470138,amazon_edge_015,edge_multihop,1.0,0.0,0.0,0.3333333333333333
N8_E11b_T12b_text_based,N8,E11b,T12b,text_based,12.628038989470138,amazon_edge_019,edge_multihop,1.0,0.0,0.0,0.3333333333333333
N8_E11b_T12b_text_based,N8,E11b,T12b,text_based,12.628038989470138,amazon_edge_027,edge_multihop,1.0,0.0,0.0,0.3333333333333333
N8_E11b_T12b_text_based,N8,E11b,T12b,text_based,12.628038989470138,amazon_edge_026,edge_multihop,1.0,0.0,0.0,0.3333333333333333
N8_E11b_T12b_text_based,N8,E11b,T12b,text_based,12.628038989470138,amazon_edge_008,edge_multihop,1.0,0.0,0.0,0.3333333333333333
N8_E11b_T12b_text_based,N8,E11b,T12b,text_based,12.628038989470138,amazon_edge_024,edge_multihop,0.75,0.0,0.0,0.25
N8_E10a_T12a_text_based,N8,E10a,T12a,text_based,12.626701844237498,amazon_sh_026,single_specific,1.0,0.8553311040967495,1.0,0.9517770346989165
N8_E10a_T12a_text_based,N8,E10a,T12a,text_based,12.626701844237498,amazon_sh_013,single_specific,1.0,0.7067968262775781,1.0,0.9022656087591927
N8_E10a_T12a_text_based,N8,E10a,T12a,text_based,12.626701844237498,amazon_sh_024,single_specific,1.0,0.5190795897138726,1.0,0.8396931965712908
N8_E10a_T12a_text_based,N8,E10a,T12a,text_based,12.626701844237498,amazon_sh_021,single_specific,1.0,0.9367608133256224,1.0,0.9789202711085409
N8_E10a_T12a_text_based,N8,E10a,T12a,text_based,12.626701844237498,amazon_sh_015,single_specific,1.0,0.4206323401888656,1.0,0.8068774467296219
N8_E10a_T12a_text_based,N8,E10a,T12a,text_based,12.626701844237498,amazon_sh_029,single_specific,0.5,0.0,0.0,0.16666666666666666
N8_E10a_T12a_text_based,N8,E10a,T12a,text_based,12.626701844237498,amazon_sh_019,single_specific,0.8333333333333334,0.7458203579723094,0.5,0.6930512304352142
N8_E10a_T12a_text_based,N8,E10a,T12a,text_based,12.626701844237498,amazon_agg_031,aggregate_cross_paper,0.5,0.6705117590224811,1.0,0.7235039196741604
N8_E10a_T12a_text_based,N8,E10a,T12a,text_based,12.626701844237498,amazon_agg_015,aggregate_cross_paper,0.6666666666666666,0.7874098069653575,0.0,0.4846921578773413
N8_E10a_T12a_text_based,N8,E10a,T12a,text_based,12.626701844237498,amazon_agg_026,aggregate_cross_paper,1.0,0.819706208469633,1.0,0.9399020694898778
N8_E10a_T12a_text_based,N8,E10a,T12a,text_based,12.626701844237498,amazon_agg_017,aggregate_cross_paper,0.6666666666666666,0.40435838526561857,1.0,0.6903416839774285
N8_E10a_T12a_text_based,N8,E10a,T12a,text_based,12.626701844237498,amazon_agg_008,aggregate_cross_paper,0.75,0.7310641312293326,1.0,0.8270213770764442
N8_E10a_T12a_text_based,N8,E10a,T12a,text_based,12.626701844237498,amazon_agg_009,aggregate_cross_paper,0.375,0.0,0.5,0.2916666666666667
N8_E10a_T12a_text_based,N8,E10a,T12a,text_based,12.626701844237498,amazon_agg_019,aggregate_cross_paper,0.7142857142857143,0.7774119498845858,1.0,0.8305658880567668
N8_E10a_T12a_text_based,N8,E10a,T12a,text_based,12.626701844237498,amazon_edge_015,edge_multihop,1.0,0.0,0.0,0.3333333333333333
N8_E10a_T12a_text_based,N8,E10a,T12a,text_based,12.626701844237498,amazon_edge_019,edge_multihop,1.0,0.0,0.0,0.3333333333333333
N8_E10a_T12a_text_based,N8,E10a,T12a,text_based,12.626701844237498,amazon_edge_027,edge_multihop,0.8333333333333334,0.8777547515360403,0.75,0.820362694956458
N8_E10a_T12a_text_based,N8,E10a,T12a,text_based,12.626701844237498,amazon_edge_026,edge_multihop,0.8,0.0,0.0,0.26666666666666666
N8_E10a_T12a_text_based,N8,E10a,T12a,text_based,12.626701844237498,amazon_edge_008,edge_multihop,1.0,0.0,0.0,0.3333333333333333
N8_E10a_T12a_text_based,N8,E10a,T12a,text_based,12.626701844237498,amazon_edge_024,edge_multihop,1.0,0.0,0.0,0.3333333333333333
N8_E10b_T12b_text_based,N8,E10b,T12b,text_based,12.606389150791,amazon_sh_026,single_specific,1.0,0.8553316315627093,1.0,0.9517772105209031
N8_E10b_T12b_text_based,N8,E10b,T12b,text_based,12.606389150791,amazon_sh_013,single_specific,0.75,0.706787051480803,1.0,0.8189290171602677
N8_E10b_T12b_text_based,N8,E10b,T12b,text_based,12.606389150791,amazon_sh_024,single_specific,1.0,0.4285741375760744,1.0,0.8095247125253581
N8_E10b_T12b_text_based,N8,E10b,T12b,text_based,12.606389150791,amazon_sh_021,single_specific,1.0,0.9367608133256224,1.0,0.9789202711085409
N8_E10b_T12b_text_based,N8,E10b,T12b,text_based,12.606389150791,amazon_sh_015,single_specific,1.0,0.9771921198080408,1.0,0.992397373269347
N8_E10b_T12b_text_based,N8,E10b,T12b,text_based,12.606389150791,amazon_sh_029,single_specific,1.0,0.0,0.0,0.3333333333333333
N8_E10b_T12b_text_based,N8,E10b,T12b,text_based,12.606389150791,amazon_sh_019,single_specific,0.875,0.6696475700131459,0.5,0.681549190004382
N8_E10b_T12b_text_based,N8,E10b,T12b,text_based,12.606389150791,amazon_agg_031,aggregate_cross_paper,0.5,0.6705284821503031,1.0,0.7235094940501011
N8_E10b_T12b_text_based,N8,E10b,T12b,text_based,12.606389150791,amazon_agg_015,aggregate_cross_paper,0.6666666666666666,0.7874137355187772,0.0,0.48469346739514796
N8_E10b_T12b_text_based,N8,E10b,T12b,text_based,12.606389150791,amazon_agg_026,aggregate_cross_paper,0.5,0.7910961042372803,1.0,0.7636987014124267
N8_E10b_T12b_text_based,N8,E10b,T12b,text_based,12.606389150791,amazon_agg_017,aggregate_cross_paper,0.6,0.4327439960484294,1.0,0.6775813320161431
N8_E10b_T12b_text_based,N8,E10b,T12b,text_based,12.606389150791,amazon_agg_008,aggregate_cross_paper,0.75,0.7191683704737377,1.0,0.8230561234912459
N8_E10b_T12b_text_based,N8,E10b,T12b,text_based,12.606389150791,amazon_agg_009,aggregate_cross_paper,0.7142857142857143,0.6835095112999859,0.5,0.6325984085285667
N8_E10b_T12b_text_based,N8,E10b,T12b,text_based,12.606389150791,amazon_agg_019,aggregate_cross_paper,0.7142857142857143,0.7774159405908735,1.0,0.8305672182921958
N8_E10b_T12b_text_based,N8,E10b,T12b,text_based,12.606389150791,amazon_edge_015,edge_multihop,1.0,0.0,0.0,0.3333333333333333
N8_E10b_T12b_text_based,N8,E10b,T12b,text_based,12.606389150791,amazon_edge_019,edge_multihop,1.0,0.0,0.0,0.3333333333333333
N8_E10b_T12b_text_based,N8,E10b,T12b,text_based,12.606389150791,amazon_edge_027,edge_multihop,0.6666666666666666,0.8777656327784785,0.75,0.7648107664817151
N8_E10b_T12b_text_based,N8,E10b,T12b,text_based,12.606389150791,amazon_edge_026,edge_multihop,0.6,0.0,0.0,0.19999999999999998
N8_E10b_T12b_text_based,N8,E10b,T12b,text_based,12.606389150791,amazon_edge_008,edge_multihop,1.0,0.0,0.0,0.3333333333333333
N8_E10b_T12b_text_based,N8,E10b,T12b,text_based,12.606389150791,amazon_edge_024,edge_multihop,1.0,0.0,0.0,0.3333333333333333
N8_E11b_T12a_text_based,N8,E11b,T12a,text_based,12.531866460868557,amazon_sh_026,single_specific,1.0,0.0,0.0,0.3333333333333333
N8_E11b_T12a_text_based,N8,E11b,T12a,text_based,12.531866460868557,amazon_sh_013,single_specific,0.0,0.0,0.0,0.0
N8_E11b_T12a_text_based,N8,E11b,T12a,text_based,12.531866460868557,amazon_sh_024,single_specific,0.0,0.40099078995832754,0.0,0.13366359665277586
N8_E11b_T12a_text_based,N8,E11b,T12a,text_based,12.531866460868557,amazon_sh_021,single_specific,1.0,0.0,0.0,0.3333333333333333
N8_E11b_T12a_text_based,N8,E11b,T12a,text_based,12.531866460868557,amazon_sh_015,single_specific,0.6666666666666666,0.0,0.0,0.2222222222222222
N8_E11b_T12a_text_based,N8,E11b,T12a,text_based,12.531866460868557,amazon_sh_029,single_specific,1.0,0.0,0.0,0.3333333333333333
N8_E11b_T12a_text_based,N8,E11b,T12a,text_based,12.531866460868557,amazon_sh_019,single_specific,0.6666666666666666,0.5469664995793443,0.0,0.4045443887486703
N8_E11b_T12a_text_based,N8,E11b,T12a,text_based,12.531866460868557,amazon_agg_031,aggregate_cross_paper,0.5,0.8272315207347982,0.5,0.6090771735782661
N8_E11b_T12a_text_based,N8,E11b,T12a,text_based,12.531866460868557,amazon_agg_015,aggregate_cross_paper,1.0,0.8781357858827171,0.0,0.6260452619609057
N8_E11b_T12a_text_based,N8,E11b,T12a,text_based,12.531866460868557,amazon_agg_026,aggregate_cross_paper,1.0,0.7910961042372803,0.75,0.84703203474576
N8_E11b_T12a_text_based,N8,E11b,T12a,text_based,12.531866460868557,amazon_agg_017,aggregate_cross_paper,0.4,0.38781343571915655,0.5,0.4292711452397189
N8_E11b_T12a_text_based,N8,E11b,T12a,text_based,12.531866460868557,amazon_agg_008,aggregate_cross_paper,0.6666666666666666,0.7994713889873667,0.0,0.4887126852180111
N8_E11b_T12a_text_based,N8,E11b,T12a,text_based,12.531866460868557,amazon_agg_009,aggregate_cross_paper,1.0,0.0,0.0,0.3333333333333333
N8_E11b_T12a_text_based,N8,E11b,T12a,text_based,12.531866460868557,amazon_agg_019,aggregate_cross_paper,0.8333333333333334,0.0,0.0,0.2777777777777778
N8_E11b_T12a_text_based,N8,E11b,T12a,text_based,12.531866460868557,amazon_edge_015,edge_multihop,1.0,0.0,0.0,0.3333333333333333
N8_E11b_T12a_text_based,N8,E11b,T12a,text_based,12.531866460868557,amazon_edge_019,edge_multihop,1.0,0.0,0.0,0.3333333333333333
N8_E11b_T12a_text_based,N8,E11b,T12a,text_based,12.531866460868557,amazon_edge_027,edge_multihop,1.0,0.0,0.0,0.3333333333333333
N8_E11b_T12a_text_based,N8,E11b,T12a,text_based,12.531866460868557,amazon_edge_026,edge_multihop,1.0,0.0,0.0,0.3333333333333333
N8_E11b_T12a_text_based,N8,E11b,T12a,text_based,12.531866460868557,amazon_edge_008,edge_multihop,1.0,0.0,0.0,0.3333333333333333
N8_E11b_T12a_text_based,N8,E11b,T12a,text_based,12.531866460868557,amazon_edge_024,edge_multihop,1.0,0.0,0.0,0.3333333333333333
N8_E11c_T12b_text_based,N8,E11c,T12b,text_based,12.45628060347745,amazon_sh_026,single_specific,1.0,0.8100546205453295,1.0,0.9366848735151098
N8_E11c_T12b_text_based,N8,E11c,T12b,text_based,12.45628060347745,amazon_sh_013,single_specific,1.0,0.7068021929151697,1.0,0.9022673976383899
N8_E11c_T12b_text_based,N8,E11c,T12b,text_based,12.45628060347745,amazon_sh_024,single_specific,1.0,0.5190971299716588,1.0,0.8396990433238862
N8_E11c_T12b_text_based,N8,E11c,T12b,text_based,12.45628060347745,amazon_sh_021,single_specific,1.0,0.9367608133256224,1.0,0.9789202711085409
N8_E11c_T12b_text_based,N8,E11c,T12b,text_based,12.45628060347745,amazon_sh_015,single_specific,1.0,0.4206387297551622,1.0,0.8068795765850542
N8_E11c_T12b_text_based,N8,E11c,T12b,text_based,12.45628060347745,amazon_sh_029,single_specific,1.0,0.0,0.0,0.3333333333333333
N8_E11c_T12b_text_based,N8,E11c,T12b,text_based,12.45628060347745,amazon_sh_019,single_specific,0.8333333333333334,0.7458203579723094,0.5,0.6930512304352142
N8_E11c_T12b_text_based,N8,E11c,T12b,text_based,12.45628060347745,amazon_agg_031,aggregate_cross_paper,0.5,0.6705284821503031,1.0,0.7235094940501011
N8_E11c_T12b_text_based,N8,E11c,T12b,text_based,12.45628060347745,amazon_agg_015,aggregate_cross_paper,0.6666666666666666,0.7939856979212223,0.0,0.4868841215292963
N8_E11c_T12b_text_based,N8,E11c,T12b,text_based,12.45628060347745,amazon_agg_026,aggregate_cross_paper,0.5,0.7911003056380257,1.0,0.7637001018793419
N8_E11c_T12b_text_based,N8,E11c,T12b,text_based,12.45628060347745,amazon_agg_017,aggregate_cross_paper,0.42857142857142855,0.4057804685805562,1.0,0.6114506323839949
N8_E11c_T12b_text_based,N8,E11c,T12b,text_based,12.45628060347745,amazon_agg_008,aggregate_cross_paper,0.75,0.7192012055477571,1.0,0.823067068515919
N8_E11c_T12b_text_based,N8,E11c,T12b,text_based,12.45628060347745,amazon_agg_009,aggregate_cross_paper,0.375,0.0,0.5,0.2916666666666667
N8_E11c_T12b_text_based,N8,E11c,T12b,text_based,12.45628060347745,amazon_agg_019,aggregate_cross_paper,0.75,0.7774119498845858,1.0,0.8424706499615287
N8_E11c_T12b_text_based,N8,E11c,T12b,text_based,12.45628060347745,amazon_edge_015,edge_multihop,1.0,0.0,0.0,0.3333333333333333
N8_E11c_T12b_text_based,N8,E11c,T12b,text_based,12.45628060347745,amazon_edge_019,edge_multihop,1.0,0.0,0.0,0.3333333333333333
N8_E11c_T12b_text_based,N8,E11c,T12b,text_based,12.45628060347745,amazon_edge_027,edge_multihop,0.6666666666666666,0.8777656327784785,0.5,0.6814774331483817
N8_E11c_T12b_text_based,N8,E11c,T12b,text_based,12.45628060347745,amazon_edge_026,edge_multihop,0.6,0.0,0.0,0.19999999999999998
N8_E11c_T12b_text_based,N8,E11c,T12b,text_based,12.45628060347745,amazon_edge_008,edge_multihop,1.0,0.0,0.0,0.3333333333333333
N8_E11c_T12b_text_based,N8,E11c,T12b,text_based,12.45628060347745,amazon_edge_024,edge_multihop,0.25,0.0,0.0,0.08333333333333333
N8_E11b_T12e_text_based,N8,E11b,T12e,text_based,12.300183235724267,amazon_sh_026,single_specific,1.0,0.0,0.0,0.3333333333333333
N8_E11b_T12e_text_based,N8,E11b,T12e,text_based,12.300183235724267,amazon_sh_013,single_specific,0.0,0.0,0.0,0.0
N8_E11b_T12e_text_based,N8,E11b,T12e,text_based,12.300183235724267,amazon_sh_024,single_specific,0.0,0.4123048659431244,0.0,0.1374349553143748
N8_E11b_T12e_text_based,N8,E11b,T12e,text_based,12.300183235724267,amazon_sh_021,single_specific,1.0,0.0,0.0,0.3333333333333333
N8_E11b_T12e_text_based,N8,E11b,T12e,text_based,12.300183235724267,amazon_sh_015,single_specific,1.0,0.0,0.0,0.3333333333333333
N8_E11b_T12e_text_based,N8,E11b,T12e,text_based,12.300183235724267,amazon_sh_029,single_specific,1.0,0.0,0.0,0.3333333333333333
N8_E11b_T12e_text_based,N8,E11b,T12e,text_based,12.300183235724267,amazon_sh_019,single_specific,0.6666666666666666,0.547004745598015,0.0,0.4045571374215606
N8_E11b_T12e_text_based,N8,E11b,T12e,text_based,12.300183235724267,amazon_agg_031,aggregate_cross_paper,0.5,0.8272101682788561,0.5,0.6090700560929521
N8_E11b_T12e_text_based,N8,E11b,T12e,text_based,12.300183235724267,amazon_agg_015,aggregate_cross_paper,1.0,0.0,0.0,0.3333333333333333
N8_E11b_T12e_text_based,N8,E11b,T12e,text_based,12.300183235724267,amazon_agg_026,aggregate_cross_paper,1.0,0.7910961042372803,0.75,0.84703203474576
N8_E11b_T12e_text_based,N8,E11b,T12e,text_based,12.300183235724267,amazon_agg_017,aggregate_cross_paper,0.4,0.38781343571915655,0.5,0.4292711452397189
N8_E11b_T12e_text_based,N8,E11b,T12e,text_based,12.300183235724267,amazon_agg_008,aggregate_cross_paper,0.6666666666666666,0.7994737180276519,0.0,0.4887134615647728
N8_E11b_T12e_text_based,N8,E11b,T12e,text_based,12.300183235724267,amazon_agg_009,aggregate_cross_paper,1.0,0.0,0.0,0.3333333333333333
N8_E11b_T12e_text_based,N8,E11b,T12e,text_based,12.300183235724267,amazon_agg_019,aggregate_cross_paper,0.8333333333333334,0.0,0.0,0.2777777777777778
N8_E11b_T12e_text_based,N8,E11b,T12e,text_based,12.300183235724267,amazon_edge_015,edge_multihop,1.0,0.0,0.0,0.3333333333333333
N8_E11b_T12e_text_based,N8,E11b,T12e,text_based,12.300183235724267,amazon_edge_019,edge_multihop,1.0,0.0,0.0,0.3333333333333333
N8_E11b_T12e_text_based,N8,E11b,T12e,text_based,12.300183235724267,amazon_edge_027,edge_multihop,1.0,0.0,0.0,0.3333333333333333
N8_E11b_T12e_text_based,N8,E11b,T12e,text_based,12.300183235724267,amazon_edge_026,edge_multihop,1.0,0.0,0.0,0.3333333333333333
N8_E11b_T12e_text_based,N8,E11b,T12e,text_based,12.300183235724267,amazon_edge_008,edge_multihop,1.0,0.0,0.0,0.3333333333333333
N8_E11b_T12e_text_based,N8,E11b,T12e,text_based,12.300183235724267,amazon_edge_024,edge_multihop,0.75,0.0,0.0,0.25
N8_E11a_T12a_text_based,N8,E11a,T12a,text_based,12.289800319809192,amazon_sh_026,single_specific,1.0,0.8100891926187135,0.0,0.6033630642062379
N8_E11a_T12a_text_based,N8,E11a,T12a,text_based,12.289800319809192,amazon_sh_013,single_specific,0.0,0.0,0.0,0.0
N8_E11a_T12a_text_based,N8,E11a,T12a,text_based,12.289800319809192,amazon_sh_024,single_specific,1.0,0.47382686364497345,1.0,0.8246089545483244
N8_E11a_T12a_text_based,N8,E11a,T12a,text_based,12.289800319809192,amazon_sh_021,single_specific,0.6666666666666666,0.9367674307585664,0.0,0.5344780324750776
N8_E11a_T12a_text_based,N8,E11a,T12a,text_based,12.289800319809192,amazon_sh_015,single_specific,1.0,0.9433135800349843,1.0,0.9811045266783281
N8_E11a_T12a_text_based,N8,E11a,T12a,text_based,12.289800319809192,amazon_sh_029,single_specific,1.0,0.0,0.0,0.3333333333333333
N8_E11a_T12a_text_based,N8,E11a,T12a,text_based,12.289800319809192,amazon_sh_019,single_specific,1.0,0.0,0.0,0.3333333333333333
N8_E11a_T12a_text_based,N8,E11a,T12a,text_based,12.289800319809192,amazon_agg_031,aggregate_cross_paper,0.6666666666666666,0.8385307172582115,0.5,0.6683991279749594
N8_E11a_T12a_text_based,N8,E11a,T12a,text_based,12.289800319809192,amazon_agg_015,aggregate_cross_paper,0.6666666666666666,0.0,0.5,0.38888888888888884
N8_E11a_T12a_text_based,N8,E11a,T12a,text_based,12.289800319809192,amazon_agg_026,aggregate_cross_paper,0.8181818181818182,0.7911003056380257,0.5,0.7030940412732813
N8_E11a_T12a_text_based,N8,E11a,T12a,text_based,12.289800319809192,amazon_agg_017,aggregate_cross_paper,1.0,0.38781343571915655,0.5,0.6292711452397188
N8_E11a_T12a_text_based,N8,E11a,T12a,text_based,12.289800319809192,amazon_agg_008,aggregate_cross_paper,0.3333333333333333,0.684890136089331,1.0,0.6727411564742214
N8_E11a_T12a_text_based,N8,E11a,T12a,text_based,12.289800319809192,amazon_agg_009,aggregate_cross_paper,0.0,0.848771961329465,0.5,0.4495906537764884
N8_E11a_T12a_text_based,N8,E11a,T12a,text_based,12.289800319809192,amazon_agg_019,aggregate_cross_paper,0.6666666666666666,0.7774159405908735,0.0,0.4813608690858467
N8_E11a_T12a_text_based,N8,E11a,T12a,text_based,12.289800319809192,amazon_edge_015,edge_multihop,1.0,0.0,0.0,0.3333333333333333
N8_E11a_T12a_text_based,N8,E11a,T12a,text_based,12.289800319809192,amazon_edge_019,edge_multihop,1.0,0.0,0.0,0.3333333333333333
N8_E11a_T12a_text_based,N8,E11a,T12a,text_based,12.289800319809192,amazon_edge_027,edge_multihop,0.75,0.8867058275694369,0.0,0.5455686091898123
N8_E11a_T12a_text_based,N8,E11a,T12a,text_based,12.289800319809192,amazon_edge_026,edge_multihop,0.5,0.0,0.0,0.16666666666666666
N8_E11a_T12a_text_based,N8,E11a,T12a,text_based,12.289800319809192,amazon_edge_008,edge_multihop,1.0,0.0,0.0,0.3333333333333333
N8_E11a_T12a_text_based,N8,E11a,T12a,text_based,12.289800319809192,amazon_edge_024,edge_multihop,1.0,0.0,0.0,0.3333333333333333
N8_E11a_T12b_text_based,N8,E11a,T12b,text_based,12.189588081267972,amazon_sh_026,single_specific,1.0,0.8100446076927597,0.0,0.6033482025642533
N8_E11a_T12b_text_based,N8,E11a,T12b,text_based,12.189588081267972,amazon_sh_013,single_specific,0.0,0.0,0.0,0.0
N8_E11a_T12b_text_based,N8,E11a,T12b,text_based,12.189588081267972,amazon_sh_024,single_specific,1.0,0.47378797104603065,1.0,0.8245959903486769
N8_E11a_T12b_text_based,N8,E11a,T12b,text_based,12.189588081267972,amazon_sh_021,single_specific,0.6666666666666666,0.9367608133256224,0.0,0.5344758266640963
N8_E11a_T12b_text_based,N8,E11a,T12b,text_based,12.189588081267972,amazon_sh_015,single_specific,1.0,0.9892139732096418,1.0,0.9964046577365472
N8_E11a_T12b_text_based,N8,E11a,T12b,text_based,12.189588081267972,amazon_sh_029,single_specific,1.0,0.0,0.0,0.3333333333333333
N8_E11a_T12b_text_based,N8,E11a,T12b,text_based,12.189588081267972,amazon_sh_019,single_specific,1.0,0.0,0.0,0.3333333333333333
N8_E11a_T12b_text_based,N8,E11a,T12b,text_based,12.189588081267972,amazon_agg_031,aggregate_cross_paper,0.6666666666666666,0.7977137483124889,0.5,0.6547934716597185
N8_E11a_T12b_text_based,N8,E11a,T12b,text_based,12.189588081267972,amazon_agg_015,aggregate_cross_paper,0.6666666666666666,0.0,0.5,0.38888888888888884
N8_E11a_T12b_text_based,N8,E11a,T12b,text_based,12.189588081267972,amazon_agg_026,aggregate_cross_paper,0.75,0.7966870012815043,0.5,0.682229000427168
N8_E11a_T12b_text_based,N8,E11a,T12b,text_based,12.189588081267972,amazon_agg_017,aggregate_cross_paper,1.0,0.38778860251289576,0.5,0.6292628675042986
N8_E11a_T12b_text_based,N8,E11a,T12b,text_based,12.189588081267972,amazon_agg_008,aggregate_cross_paper,1.0,0.6679294147667229,1.0,0.8893098049222409
N8_E11a_T12b_text_based,N8,E11a,T12b,text_based,12.189588081267972,amazon_agg_009,aggregate_cross_paper,0.0,0.8449079241237923,0.5,0.4483026413745974
N8_E11a_T12b_text_based,N8,E11a,T12b,text_based,12.189588081267972,amazon_agg_019,aggregate_cross_paper,0.75,0.7773760153460779,0.0,0.5091253384486927
N8_E11a_T12b_text_based,N8,E11a,T12b,text_based,12.189588081267972,amazon_edge_015,edge_multihop,1.0,0.0,0.0,0.3333333333333333
N8_E11a_T12b_text_based,N8,E11a,T12b,text_based,12.189588081267972,amazon_edge_019,edge_multihop,1.0,0.0,0.0,0.3333333333333333
N8_E11a_T12b_text_based,N8,E11a,T12b,text_based,12.189588081267972,amazon_edge_027,edge_multihop,0.7142857142857143,0.8196735236242502,0.0,0.5113197459699882
N8_E11a_T12b_text_based,N8,E11a,T12b,text_based,12.189588081267972,amazon_edge_026,edge_multihop,0.5,0.0,0.0,0.16666666666666666
N8_E11a_T12b_text_based,N8,E11a,T12b,text_based,12.189588081267972,amazon_edge_008,edge_multihop,1.0,0.0,0.0,0.3333333333333333
N8_E11a_T12b_text_based,N8,E11a,T12b,text_based,12.189588081267972,amazon_edge_024,edge_multihop,1.0,0.0,0.0,0.3333333333333333
N8_E11a_T12e_text_based,N8,E11a,T12e,text_based,12.098101983499042,amazon_sh_026,single_specific,1.0,0.8100546205453295,0.0,0.6033515401817765
N8_E11a_T12e_text_based,N8,E11a,T12e,text_based,12.098101983499042,amazon_sh_013,single_specific,0.0,0.0,0.0,0.0
N8_E11a_T12e_text_based,N8,E11a,T12e,text_based,12.098101983499042,amazon_sh_024,single_specific,1.0,0.5188219848781477,1.0,0.839607328292716
N8_E11a_T12e_text_based,N8,E11a,T12e,text_based,12.098101983499042,amazon_sh_021,single_specific,0.6666666666666666,0.9367608133256224,0.0,0.5344758266640963
N8_E11a_T12e_text_based,N8,E11a,T12e,text_based,12.098101983499042,amazon_sh_015,single_specific,1.0,0.9892142649131612,1.0,0.9964047549710537
N8_E11a_T12e_text_based,N8,E11a,T12e,text_based,12.098101983499042,amazon_sh_029,single_specific,0.5,0.0,0.0,0.16666666666666666
N8_E11a_T12e_text_based,N8,E11a,T12e,text_based,12.098101983499042,amazon_sh_019,single_specific,1.0,0.0,0.0,0.3333333333333333
N8_E11a_T12e_text_based,N8,E11a,T12e,text_based,12.098101983499042,amazon_agg_031,aggregate_cross_paper,0.6666666666666666,0.7977137483124889,0.5,0.6547934716597185
N8_E11a_T12e_text_based,N8,E11a,T12e,text_based,12.098101983499042,amazon_agg_015,aggregate_cross_paper,0.6666666666666666,0.0,0.5,0.38888888888888884
N8_E11a_T12e_text_based,N8,E11a,T12e,text_based,12.098101983499042,amazon_agg_026,aggregate_cross_paper,0.8181818181818182,0.7911003056380257,0.5,0.7030940412732813
N8_E11a_T12e_text_based,N8,E11a,T12e,text_based,12.098101983499042,amazon_agg_017,aggregate_cross_paper,1.0,0.38778860251289576,0.5,0.6292628675042986
N8_E11a_T12e_text_based,N8,E11a,T12e,text_based,12.098101983499042,amazon_agg_008,aggregate_cross_paper,0.3333333333333333,0.66039770681429,1.0,0.6645770133825412
N8_E11a_T12e_text_based,N8,E11a,T12e,text_based,12.098101983499042,amazon_agg_009,aggregate_cross_paper,0.0,0.8486982727348827,0.5,0.44956609091162764
N8_E11a_T12e_text_based,N8,E11a,T12e,text_based,12.098101983499042,amazon_agg_019,aggregate_cross_paper,0.6666666666666666,0.7704393260175374,0.0,0.47903533089473466
N8_E11a_T12e_text_based,N8,E11a,T12e,text_based,12.098101983499042,amazon_edge_015,edge_multihop,1.0,0.0,0.0,0.3333333333333333
N8_E11a_T12e_text_based,N8,E11a,T12e,text_based,12.098101983499042,amazon_edge_019,edge_multihop,1.0,0.0,0.0,0.3333333333333333
N8_E11a_T12e_text_based,N8,E11a,T12e,text_based,12.098101983499042,amazon_edge_027,edge_multihop,0.875,0.8867058275694369,0.0,0.587235275856479
N8_E11a_T12e_text_based,N8,E11a,T12e,text_based,12.098101983499042,amazon_edge_026,edge_multihop,0.5,0.0,0.0,0.16666666666666666
N8_E11a_T12e_text_based,N8,E11a,T12e,text_based,12.098101983499042,amazon_edge_008,edge_multihop,1.0,0.0,0.0,0.3333333333333333
N8_E11a_T12e_text_based,N8,E11a,T12e,text_based,12.098101983499042,amazon_edge_024,edge_multihop,0.75,0.0,0.0,0.25
