variant,node_type,question_id,question_subtype,scale,faithfulness,answer_relevance,context_relevance,composite
N7_E10b_T12a,N7,arxiv_sh_000,single_specific,B,0.0,0.0,1.0,0.3333333333333333
N7_E10b_T12a,N7,arxiv_sh_001,single_specific,B,0.8,0.8850171833125166,0.0,0.5616723944375055
N7_E10b_T12a,N7,arxiv_sh_002,single_specific,B,0.6666666666666666,0.0,0.0,0.2222222222222222
N7_E10b_T12a,N7,arxiv_sh_003,single_specific,B,1.0,0.0,0.0,0.3333333333333333
N7_E10b_T12a,N7,arxiv_sh_004,single_specific,B,0.0,0.9363117237737731,0.0,0.31210390792459103
N7_E10b_T12a,N7,arxiv_sh_005,single_specific,B,1.0,0.0,0.0,0.3333333333333333
N7_E10b_T12a,N7,arxiv_sh_006,single_specific,B,1.0,0.0,0.0,0.3333333333333333
N7_E10b_T12a,N7,arxiv_sh_007,single_specific,B,0.5,0.0,0.0,0.16666666666666666
N7_E10b_T12a,N7,arxiv_sh_008,single_specific,B,0.6666666666666666,0.0,0.0,0.2222222222222222
N7_E10b_T12a,N7,arxiv_sh_009,single_specific,B,0.5,0.0,0.0,0.16666666666666666
N7_E10b_T12a,N7,arxiv_sh_010,single_specific,B,0.5,0.9521517228807225,0.0,0.4840505742935742
N7_E10b_T12a,N7,arxiv_sh_011,single_specific,B,0.8571428571428571,0.9656887513017777,0.5,0.7742772028148783
N7_E10b_T12a,N7,arxiv_sh_012,single_specific,B,0.0,0.0,0.0,0.0
N7_E10b_T12a,N7,arxiv_sh_013,single_specific,B,1.0,0.0,0.0,0.3333333333333333
N7_E10b_T12a,N7,arxiv_sh_014,single_specific,B,0.6666666666666666,0.0,0.0,0.2222222222222222
N7_E10b_T12a,N7,arxiv_sh_015,single_specific,B,1.0,0.0,0.0,0.3333333333333333
N7_E10b_T12a,N7,arxiv_sh_016,single_specific,B,1.0,0.0,0.0,0.3333333333333333
N7_E10b_T12a,N7,arxiv_sh_017,single_specific,B,0.5,0.0,0.0,0.16666666666666666
N7_E10b_T12a,N7,arxiv_sh_018,single_specific,B,0.0,0.0,0.0,0.0
N7_E10b_T12a,N7,arxiv_sh_019,single_specific,B,0.5,0.0,0.0,0.16666666666666666
N7_E10b_T12a,N7,arxiv_sh_020,single_specific,B,1.0,0.0,0.0,0.3333333333333333
N7_E10b_T12a,N7,arxiv_sh_021,single_specific,B,1.0,0.0,0.0,0.3333333333333333
N7_E10b_T12a,N7,arxiv_sh_022,single_specific,B,1.0,0.0,0.0,0.3333333333333333
N7_E10b_T12a,N7,arxiv_sh_023,single_specific,B,1.0,0.8318548907730311,1.0,0.943951630257677
N7_E10b_T12a,N7,arxiv_sh_024,single_specific,B,1.0,0.0,0.0,0.3333333333333333
N7_E10b_T12a,N7,arxiv_sh_025,single_specific,B,0.5,0.8548566224079687,0.0,0.4516188741359895
N7_E10b_T12a,N7,arxiv_sh_026,single_specific,B,1.0,0.0,0.0,0.3333333333333333
N7_E10b_T12a,N7,arxiv_sh_027,single_specific,B,1.0,0.0,0.0,0.3333333333333333
N7_E10b_T12a,N7,arxiv_sh_028,single_specific,B,0.5,0.0,0.0,0.16666666666666666
N7_E10b_T12a,N7,arxiv_sh_029,single_specific,B,1.0,0.0,0.0,0.3333333333333333
N7_E10b_T12a,N7,arxiv_sh_030,single_specific,B,0.5,0.0,0.0,0.16666666666666666
N7_E10b_T12a,N7,arxiv_sh_031,single_specific,B,0.6666666666666666,0.9668504686888894,0.0,0.5445057117851854
N7_E10b_T12a,N7,arxiv_sh_032,single_specific,B,1.0,0.0,0.0,0.3333333333333333
N7_E10b_T12a,N7,arxiv_sh_033,single_specific,B,1.0,0.8563254743681646,0.0,0.6187751581227215
N7_E10b_T12a,N7,arxiv_sh_034,single_specific,B,1.0,0.0,0.0,0.3333333333333333
N7_E10b_T12a,N7,arxiv_agg_000,aggregate_cross_paper,B,0.8571428571428571,0.6839589821975895,1.0,0.8470339464468156
N7_E10b_T12a,N7,arxiv_agg_001,aggregate_cross_paper,B,0.8,0.0,0.0,0.26666666666666666
N7_E10b_T12a,N7,arxiv_agg_002,aggregate_cross_paper,B,0.125,0.5718305892705549,0.0,0.23227686309018494
N7_E10b_T12a,N7,arxiv_agg_003,aggregate_cross_paper,B,1.0,0.7897811173594671,0.0,0.5965937057864891
N7_E10b_T12a,N7,arxiv_agg_004,aggregate_cross_paper,B,0.5714285714285714,0.6578724890569742,0.5,0.5764336868285151
N7_E10b_T12a,N7,arxiv_agg_005,aggregate_cross_paper,B,1.0,0.79812679276012,0.5,0.7660422642533734
N7_E10b_T12a,N7,arxiv_agg_006,aggregate_cross_paper,B,0.6,0.704504534315749,0.0,0.43483484477191636
N7_E10b_T12a,N7,arxiv_agg_007,aggregate_cross_paper,B,0.8333333333333334,0.7210289840348812,1.0,0.8514541057894048
N7_E10b_T12a,N7,arxiv_agg_008,aggregate_cross_paper,B,0.875,0.7349185231153098,1.0,0.8699728410384365
N7_E10b_T12a,N7,arxiv_agg_009,aggregate_cross_paper,B,0.5,0.9386215901284293,0.0,0.4795405300428097
N7_E10b_T12a,N7,arxiv_agg_010,aggregate_cross_paper,B,0.8333333333333334,0.7487273420176407,1.0,0.860686891783658
N7_E10b_T12a,N7,arxiv_agg_011,aggregate_cross_paper,B,0.8333333333333334,0.0,0.0,0.2777777777777778
N7_E10b_T12a,N7,arxiv_agg_012,aggregate_cross_paper,B,0.5555555555555556,0.8244831549756824,0.0,0.46001290351041263
N7_E10b_T12a,N7,arxiv_agg_013,aggregate_cross_paper,B,0.8333333333333334,0.6234761787062837,1.0,0.8189365040132057
N7_E10b_T12a,N7,arxiv_agg_014,aggregate_cross_paper,B,0.75,0.0,0.0,0.25
N7_E10b_T12a,N7,arxiv_agg_015,aggregate_cross_paper,B,0.9,0.22875141205949054,0.5,0.5429171373531635
N7_E10b_T12a,N7,arxiv_agg_016,aggregate_cross_paper,B,1.0,0.0,0.0,0.3333333333333333
N7_E10b_T12a,N7,arxiv_agg_017,aggregate_cross_paper,B,1.0,0.0,0.0,0.3333333333333333
N7_E10b_T12a,N7,arxiv_agg_018,aggregate_cross_paper,B,0.5714285714285714,0.6035585679654213,0.0,0.3916623797979975
N7_E10b_T12a,N7,arxiv_agg_019,aggregate_cross_paper,B,0.8,0.7620341687668755,0.0,0.5206780562556251
N7_E10b_T12a,N7,arxiv_agg_020,aggregate_cross_paper,B,0.6666666666666666,0.7414769635537581,0.5,0.6360478767401415
N7_E10b_T12a,N7,arxiv_agg_021,aggregate_cross_paper,B,0.8,0.0,0.0,0.26666666666666666
N7_E10b_T12a,N7,arxiv_agg_022,aggregate_cross_paper,B,0.5714285714285714,0.6226030845506642,0.5,0.5646772186597452
N7_E10b_T12a,N7,arxiv_agg_023,aggregate_cross_paper,B,0.625,0.0,0.0,0.20833333333333334
N7_E10b_T12a,N7,arxiv_agg_024,aggregate_cross_paper,B,1.0,0.6701605932874545,0.5,0.7233868644291515
N7_E10b_T12a,N7,arxiv_agg_025,aggregate_cross_paper,B,1.0,0.0,0.0,0.3333333333333333
N7_E10b_T12a,N7,arxiv_agg_026,aggregate_cross_paper,B,1.0,0.0,0.0,0.3333333333333333
N7_E10b_T12a,N7,arxiv_agg_027,aggregate_cross_paper,B,0.8,0.0,0.0,0.26666666666666666
N7_E10b_T12a,N7,arxiv_agg_028,aggregate_cross_paper,B,0.5,0.0,0.0,0.16666666666666666
N7_E10b_T12a,N7,arxiv_agg_029,aggregate_cross_paper,B,1.0,0.5685971391564535,0.5,0.6895323797188179
N7_E10b_T12a,N7,arxiv_agg_030,aggregate_cross_paper,B,0.4,0.6470384506219832,0.0,0.3490128168739944
N7_E10b_T12a,N7,arxiv_agg_031,aggregate_cross_paper,B,1.0,0.0,0.0,0.3333333333333333
N7_E10b_T12a,N7,arxiv_agg_032,aggregate_cross_paper,B,0.875,0.7321198796533045,0.5,0.7023732932177681
N7_E10b_T12a,N7,arxiv_edge_000,edge_multihop,B,1.0,0.0,0.0,0.3333333333333333
N7_E10b_T12a,N7,arxiv_edge_001,edge_multihop,B,0.3333333333333333,0.6033814940741661,0.0,0.3122382758024998
N7_E10b_T12a,N7,arxiv_edge_002,edge_multihop,B,0.42857142857142855,0.0,0.0,0.14285714285714285
N7_E10b_T12a,N7,arxiv_edge_003,edge_multihop,B,1.0,0.7593627254089937,0.0,0.5864542418029979
N7_E10b_T12a,N7,arxiv_edge_004,edge_multihop,B,0.14285714285714285,0.6292960040323452,0.0,0.257384382296496
N7_E10b_T12a,N7,arxiv_edge_005,edge_multihop,B,1.0,0.0,0.0,0.3333333333333333
N7_E10b_T12a,N7,arxiv_edge_006,edge_multihop,B,1.0,0.0,0.0,0.3333333333333333
N7_E10b_T12a,N7,arxiv_edge_007,edge_multihop,B,0.5714285714285714,0.7281408626466114,0.0,0.4331898113583943
N7_E10b_T12a,N7,arxiv_edge_008,edge_multihop,B,0.75,0.0,0.0,0.25
N7_E10b_T12a,N7,arxiv_edge_009,edge_multihop,B,1.0,0.0,0.0,0.3333333333333333
N7_E10b_T12a,N7,arxiv_edge_010,edge_multihop,B,1.0,0.0,0.0,0.3333333333333333
N7_E10b_T12a,N7,arxiv_edge_011,edge_multihop,B,1.0,0.0,0.0,0.3333333333333333
N7_E10b_T12a,N7,arxiv_edge_012,edge_multihop,B,1.0,0.0,0.0,0.3333333333333333
N7_E10b_T12a,N7,arxiv_edge_013,edge_multihop,B,1.0,0.0,0.0,0.3333333333333333
N7_E10b_T12a,N7,arxiv_edge_014,edge_multihop,B,1.0,0.0,0.0,0.3333333333333333
N7_E10b_T12a,N7,arxiv_edge_015,edge_multihop,B,0.3333333333333333,0.0,0.75,0.3611111111111111
N7_E10b_T12a,N7,arxiv_edge_016,edge_multihop,B,0.75,0.0,0.0,0.25
N7_E10b_T12a,N7,arxiv_edge_017,edge_multihop,B,0.14285714285714285,0.49027159189612896,0.0,0.21104291158442393
N7_E10b_T12a,N7,arxiv_edge_018,edge_multihop,B,0.5555555555555556,0.0,0.0,0.1851851851851852
N7_E10b_T12a,N7,arxiv_edge_019,edge_multihop,B,0.6666666666666666,0.0,0.0,0.2222222222222222
N7_E10b_T12a,N7,arxiv_edge_020,edge_multihop,B,1.0,0.0,0.0,0.3333333333333333
N7_E10b_T12a,N7,arxiv_edge_021,edge_multihop,B,0.8,0.0,0.0,0.26666666666666666
N7_E10b_T12a,N7,arxiv_edge_022,edge_multihop,B,0.42857142857142855,0.7263466096701464,0.0,0.3849726794138583
N7_E10b_T12a,N7,arxiv_edge_023,edge_multihop,B,0.6666666666666666,0.0,0.0,0.2222222222222222
N7_E10b_T12a,N7,arxiv_edge_024,edge_multihop,B,1.0,0.0,0.0,0.3333333333333333
N7_E10b_T12a,N7,arxiv_edge_025,edge_multihop,B,0.5714285714285714,0.8214339040222072,0.0,0.4642874918169262
N7_E10b_T12a,N7,arxiv_edge_026,edge_multihop,B,0.8333333333333334,0.0,0.0,0.2777777777777778
N7_E10b_T12a,N7,arxiv_edge_027,edge_multihop,B,0.5,0.7277413232233118,0.0,0.4092471077411039
N7_E10b_T12a,N7,arxiv_edge_028,edge_multihop,B,0.75,0.0,0.0,0.25
N7_E10b_T12a,N7,arxiv_edge_029,edge_multihop,B,1.0,0.0,0.0,0.3333333333333333
N7_E10b_T12a,N7,arxiv_edge_030,edge_multihop,B,1.0,0.0,0.0,0.3333333333333333
N7_E10b_T12a,N7,arxiv_edge_031,edge_multihop,B,1.0,0.0,0.0,0.3333333333333333
N7_E10b_T12a,N7,arxiv_edge_032,edge_multihop,B,0.8,0.0,0.0,0.26666666666666666
N7_E10b_T12a,N7,arxiv_edge_033,edge_multihop,B,1.0,0.7709367640566175,0.0,0.5903122546855392
N7_E10b_T12b,N7,arxiv_sh_000,single_specific,B,0.0,0.0,1.0,0.3333333333333333
N7_E10b_T12b,N7,arxiv_sh_001,single_specific,B,0.8,0.8850171833125166,0.0,0.5616723944375055
N7_E10b_T12b,N7,arxiv_sh_002,single_specific,B,0.6666666666666666,0.0,0.0,0.2222222222222222
N7_E10b_T12b,N7,arxiv_sh_003,single_specific,B,1.0,0.0,0.0,0.3333333333333333
N7_E10b_T12b,N7,arxiv_sh_004,single_specific,B,0.0,0.9363117237737731,0.0,0.31210390792459103
N7_E10b_T12b,N7,arxiv_sh_005,single_specific,B,1.0,0.0,0.0,0.3333333333333333
N7_E10b_T12b,N7,arxiv_sh_006,single_specific,B,0.5,0.0,0.0,0.16666666666666666
N7_E10b_T12b,N7,arxiv_sh_007,single_specific,B,1.0,0.0,0.0,0.3333333333333333
N7_E10b_T12b,N7,arxiv_sh_008,single_specific,B,0.6666666666666666,0.0,0.0,0.2222222222222222
N7_E10b_T12b,N7,arxiv_sh_009,single_specific,B,0.5,0.0,0.0,0.16666666666666666
N7_E10b_T12b,N7,arxiv_sh_010,single_specific,B,0.5,0.9521603223340934,0.0,0.4840534407780311
N7_E10b_T12b,N7,arxiv_sh_011,single_specific,B,0.8571428571428571,0.9575018560193519,1.0,0.938214904387403
N7_E10b_T12b,N7,arxiv_sh_012,single_specific,B,0.0,0.0,0.0,0.0
N7_E10b_T12b,N7,arxiv_sh_013,single_specific,B,1.0,0.0,0.0,0.3333333333333333
N7_E10b_T12b,N7,arxiv_sh_014,single_specific,B,0.6666666666666666,0.0,0.0,0.2222222222222222
N7_E10b_T12b,N7,arxiv_sh_015,single_specific,B,1.0,0.0,0.0,0.3333333333333333
N7_E10b_T12b,N7,arxiv_sh_016,single_specific,B,1.0,0.0,0.0,0.3333333333333333
N7_E10b_T12b,N7,arxiv_sh_017,single_specific,B,1.0,0.0,0.0,0.3333333333333333
N7_E10b_T12b,N7,arxiv_sh_018,single_specific,B,0.0,0.0,0.0,0.0
N7_E10b_T12b,N7,arxiv_sh_019,single_specific,B,1.0,0.0,0.0,0.3333333333333333
N7_E10b_T12b,N7,arxiv_sh_020,single_specific,B,1.0,0.0,0.0,0.3333333333333333
N7_E10b_T12b,N7,arxiv_sh_021,single_specific,B,1.0,0.0,0.0,0.3333333333333333
N7_E10b_T12b,N7,arxiv_sh_022,single_specific,B,1.0,0.0,0.0,0.3333333333333333
N7_E10b_T12b,N7,arxiv_sh_023,single_specific,B,1.0,0.8318427190973191,1.0,0.9439475730324397
N7_E10b_T12b,N7,arxiv_sh_024,single_specific,B,0.5,0.0,0.0,0.16666666666666666
N7_E10b_T12b,N7,arxiv_sh_025,single_specific,B,0.2,0.8548779600144493,0.0,0.3516259866714831
N7_E10b_T12b,N7,arxiv_sh_026,single_specific,B,1.0,0.0,0.0,0.3333333333333333
N7_E10b_T12b,N7,arxiv_sh_027,single_specific,B,1.0,0.0,0.0,0.3333333333333333
N7_E10b_T12b,N7,arxiv_sh_028,single_specific,B,0.5,0.0,0.0,0.16666666666666666
N7_E10b_T12b,N7,arxiv_sh_029,single_specific,B,1.0,0.0,0.0,0.3333333333333333
N7_E10b_T12b,N7,arxiv_sh_030,single_specific,B,0.5,0.0,0.0,0.16666666666666666
N7_E10b_T12b,N7,arxiv_sh_031,single_specific,B,0.5,0.9668504686888894,0.0,0.48895015622962984
N7_E10b_T12b,N7,arxiv_sh_032,single_specific,B,1.0,0.0,0.0,0.3333333333333333
N7_E10b_T12b,N7,arxiv_sh_033,single_specific,B,1.0,0.8563489982115633,0.0,0.6187829994038544
N7_E10b_T12b,N7,arxiv_sh_034,single_specific,B,0.6666666666666666,0.0,0.0,0.2222222222222222
N7_E10b_T12b,N7,arxiv_agg_000,aggregate_cross_paper,B,0.8571428571428571,0.6895856936619661,1.0,0.848909516934941
N7_E10b_T12b,N7,arxiv_agg_001,aggregate_cross_paper,B,0.8,0.0,0.0,0.26666666666666666
N7_E10b_T12b,N7,arxiv_agg_002,aggregate_cross_paper,B,0.125,0.646002059685427,0.0,0.257000686561809
N7_E10b_T12b,N7,arxiv_agg_003,aggregate_cross_paper,B,1.0,0.7897925575334138,0.0,0.5965975191778047
N7_E10b_T12b,N7,arxiv_agg_004,aggregate_cross_paper,B,0.7142857142857143,0.6578724890569742,0.5,0.6240527344475628
N7_E10b_T12b,N7,arxiv_agg_005,aggregate_cross_paper,B,1.0,0.7981266370105358,0.5,0.7660422123368452
N7_E10b_T12b,N7,arxiv_agg_006,aggregate_cross_paper,B,0.5,0.7044984984236625,0.0,0.40149949947455416
N7_E10b_T12b,N7,arxiv_agg_007,aggregate_cross_paper,B,0.875,0.7210213924723666,1.0,0.8653404641574555
N7_E10b_T12b,N7,arxiv_agg_008,aggregate_cross_paper,B,0.8571428571428571,0.735964727856781,1.0,0.8643691949998793
N7_E10b_T12b,N7,arxiv_agg_009,aggregate_cross_paper,B,0.375,0.938597588150436,0.0,0.437865862716812
N7_E10b_T12b,N7,arxiv_agg_010,aggregate_cross_paper,B,0.5454545454545454,0.7428783158143869,1.0,0.7627776204229774
N7_E10b_T12b,N7,arxiv_agg_011,aggregate_cross_paper,B,0.8333333333333334,0.0,0.0,0.2777777777777778
N7_E10b_T12b,N7,arxiv_agg_012,aggregate_cross_paper,B,1.0,0.8244817384906024,0.0,0.6081605794968675
N7_E10b_T12b,N7,arxiv_agg_013,aggregate_cross_paper,B,1.0,0.7843253237194064,1.0,0.9281084412398021
N7_E10b_T12b,N7,arxiv_agg_014,aggregate_cross_paper,B,0.75,0.0,0.0,0.25
N7_E10b_T12b,N7,arxiv_agg_015,aggregate_cross_paper,B,1.0,0.21749224092548994,0.5,0.57249741364183
N7_E10b_T12b,N7,arxiv_agg_016,aggregate_cross_paper,B,1.0,0.0,0.0,0.3333333333333333
N7_E10b_T12b,N7,arxiv_agg_017,aggregate_cross_paper,B,1.0,0.0,0.0,0.3333333333333333
N7_E10b_T12b,N7,arxiv_agg_018,aggregate_cross_paper,B,1.0,0.6035650952243021,0.0,0.5345216984081007
N7_E10b_T12b,N7,arxiv_agg_019,aggregate_cross_paper,B,0.9,0.7355705058821558,0.0,0.5451901686273852
N7_E10b_T12b,N7,arxiv_agg_020,aggregate_cross_paper,B,0.5,0.7278067058247807,0.5,0.5759355686082602
N7_E10b_T12b,N7,arxiv_agg_021,aggregate_cross_paper,B,0.8,0.0,0.0,0.26666666666666666
N7_E10b_T12b,N7,arxiv_agg_022,aggregate_cross_paper,B,0.5714285714285714,0.6224343521005853,0.5,0.5646209745097189
N7_E10b_T12b,N7,arxiv_agg_023,aggregate_cross_paper,B,1.0,0.0,0.0,0.3333333333333333
N7_E10b_T12b,N7,arxiv_agg_024,aggregate_cross_paper,B,1.0,0.6701605932874545,0.5,0.7233868644291515
N7_E10b_T12b,N7,arxiv_agg_025,aggregate_cross_paper,B,1.0,0.0,0.0,0.3333333333333333
N7_E10b_T12b,N7,arxiv_agg_026,aggregate_cross_paper,B,1.0,0.0,0.0,0.3333333333333333
N7_E10b_T12b,N7,arxiv_agg_027,aggregate_cross_paper,B,0.8,0.0,0.0,0.26666666666666666
N7_E10b_T12b,N7,arxiv_agg_028,aggregate_cross_paper,B,0.5,0.0,0.0,0.16666666666666666
N7_E10b_T12b,N7,arxiv_agg_029,aggregate_cross_paper,B,1.0,0.5251665736215236,0.5,0.6750555245405079
N7_E10b_T12b,N7,arxiv_agg_030,aggregate_cross_paper,B,0.2,0.6470384506219832,0.0,0.28234615020732773
N7_E10b_T12b,N7,arxiv_agg_031,aggregate_cross_paper,B,1.0,0.0,0.0,0.3333333333333333
N7_E10b_T12b,N7,arxiv_agg_032,aggregate_cross_paper,B,1.0,0.7235643779102358,0.5,0.7411881259700785
N7_E10b_T12b,N7,arxiv_edge_000,edge_multihop,B,1.0,0.0,0.0,0.3333333333333333
N7_E10b_T12b,N7,arxiv_edge_001,edge_multihop,B,0.3333333333333333,0.6033814940741661,0.0,0.3122382758024998
N7_E10b_T12b,N7,arxiv_edge_002,edge_multihop,B,0.25,0.7659452093243649,0.0,0.3386484031081216
N7_E10b_T12b,N7,arxiv_edge_003,edge_multihop,B,1.0,0.7593627254089937,0.0,0.5864542418029979
N7_E10b_T12b,N7,arxiv_edge_004,edge_multihop,B,0.4444444444444444,0.6292960040323452,0.0,0.35791348282559654
N7_E10b_T12b,N7,arxiv_edge_005,edge_multihop,B,1.0,0.0,0.0,0.3333333333333333
N7_E10b_T12b,N7,arxiv_edge_006,edge_multihop,B,1.0,0.0,0.0,0.3333333333333333
N7_E10b_T12b,N7,arxiv_edge_007,edge_multihop,B,0.5,0.6673686934311206,0.0,0.38912289781037357
N7_E10b_T12b,N7,arxiv_edge_008,edge_multihop,B,1.0,0.0,0.0,0.3333333333333333
N7_E10b_T12b,N7,arxiv_edge_009,edge_multihop,B,1.0,0.0,0.0,0.3333333333333333
N7_E10b_T12b,N7,arxiv_edge_010,edge_multihop,B,1.0,0.0,0.0,0.3333333333333333
N7_E10b_T12b,N7,arxiv_edge_011,edge_multihop,B,1.0,0.0,0.0,0.3333333333333333
N7_E10b_T12b,N7,arxiv_edge_012,edge_multihop,B,1.0,0.0,0.0,0.3333333333333333
N7_E10b_T12b,N7,arxiv_edge_013,edge_multihop,B,1.0,0.0,0.0,0.3333333333333333
N7_E10b_T12b,N7,arxiv_edge_014,edge_multihop,B,1.0,0.0,0.0,0.3333333333333333
N7_E10b_T12b,N7,arxiv_edge_015,edge_multihop,B,0.3333333333333333,0.0,1.0,0.4444444444444444
N7_E10b_T12b,N7,arxiv_edge_016,edge_multihop,B,1.0,0.0,0.0,0.3333333333333333
N7_E10b_T12b,N7,arxiv_edge_017,edge_multihop,B,0.25,0.5664775729573012,0.0,0.2721591909857671
N7_E10b_T12b,N7,arxiv_edge_018,edge_multihop,B,1.0,0.6072722130087822,0.0,0.5357574043362607
N7_E10b_T12b,N7,arxiv_edge_019,edge_multihop,B,0.6666666666666666,0.0,0.0,0.2222222222222222
N7_E10b_T12b,N7,arxiv_edge_020,edge_multihop,B,0.6666666666666666,0.0,0.0,0.2222222222222222
N7_E10b_T12b,N7,arxiv_edge_021,edge_multihop,B,0.6,0.0,0.0,0.19999999999999998
N7_E10b_T12b,N7,arxiv_edge_022,edge_multihop,B,0.14285714285714285,0.7281926917373086,0.0,0.2903499448648172
N7_E10b_T12b,N7,arxiv_edge_023,edge_multihop,B,0.6666666666666666,0.0,0.0,0.2222222222222222
N7_E10b_T12b,N7,arxiv_edge_024,edge_multihop,B,1.0,0.0,0.0,0.3333333333333333
N7_E10b_T12b,N7,arxiv_edge_025,edge_multihop,B,0.42857142857142855,0.8214844142810538,0.0,0.41668528095082746
N7_E10b_T12b,N7,arxiv_edge_026,edge_multihop,B,0.6666666666666666,0.0,0.0,0.2222222222222222
N7_E10b_T12b,N7,arxiv_edge_027,edge_multihop,B,0.8571428571428571,0.0,0.0,0.2857142857142857
N7_E10b_T12b,N7,arxiv_edge_028,edge_multihop,B,0.75,0.0,0.0,0.25
N7_E10b_T12b,N7,arxiv_edge_029,edge_multihop,B,1.0,0.0,0.0,0.3333333333333333
N7_E10b_T12b,N7,arxiv_edge_030,edge_multihop,B,1.0,0.0,0.0,0.3333333333333333
N7_E10b_T12b,N7,arxiv_edge_031,edge_multihop,B,1.0,0.0,0.0,0.3333333333333333
N7_E10b_T12b,N7,arxiv_edge_032,edge_multihop,B,0.8,0.0,0.0,0.26666666666666666
N7_E10b_T12b,N7,arxiv_edge_033,edge_multihop,B,1.0,0.7709367640566175,0.0,0.5903122546855392
N7_E10c_T12a,N7,arxiv_sh_000,single_specific,B,0.0,0.0,1.0,0.3333333333333333
N7_E10c_T12a,N7,arxiv_sh_001,single_specific,B,0.8,0.8850171833125166,0.0,0.5616723944375055
N7_E10c_T12a,N7,arxiv_sh_002,single_specific,B,0.6666666666666666,0.0,0.0,0.2222222222222222
N7_E10c_T12a,N7,arxiv_sh_003,single_specific,B,1.0,0.0,0.0,0.3333333333333333
N7_E10c_T12a,N7,arxiv_sh_004,single_specific,B,0.0,0.9363266932248594,0.0,0.3121088977416198
N7_E10c_T12a,N7,arxiv_sh_005,single_specific,B,1.0,0.0,0.0,0.3333333333333333
N7_E10c_T12a,N7,arxiv_sh_006,single_specific,B,0.5,0.0,0.0,0.16666666666666666
N7_E10c_T12a,N7,arxiv_sh_007,single_specific,B,0.5,0.0,0.0,0.16666666666666666
N7_E10c_T12a,N7,arxiv_sh_008,single_specific,B,0.3333333333333333,0.0,0.0,0.1111111111111111
N7_E10c_T12a,N7,arxiv_sh_009,single_specific,B,0.5,0.0,0.0,0.16666666666666666
N7_E10c_T12a,N7,arxiv_sh_010,single_specific,B,0.5,0.9521356007350832,0.0,0.48404520024502773
N7_E10c_T12a,N7,arxiv_sh_011,single_specific,B,0.5714285714285714,0.9559319264178233,0.75,0.7591201659487982
N7_E10c_T12a,N7,arxiv_sh_012,single_specific,B,0.0,0.0,0.0,0.0
N7_E10c_T12a,N7,arxiv_sh_013,single_specific,B,1.0,0.0,0.0,0.3333333333333333
N7_E10c_T12a,N7,arxiv_sh_014,single_specific,B,1.0,0.0,0.0,0.3333333333333333
N7_E10c_T12a,N7,arxiv_sh_015,single_specific,B,1.0,0.0,0.0,0.3333333333333333
N7_E10c_T12a,N7,arxiv_sh_016,single_specific,B,1.0,0.0,0.0,0.3333333333333333
N7_E10c_T12a,N7,arxiv_sh_017,single_specific,B,1.0,0.0,0.0,0.3333333333333333
N7_E10c_T12a,N7,arxiv_sh_018,single_specific,B,1.0,0.0,0.0,0.3333333333333333
N7_E10c_T12a,N7,arxiv_sh_019,single_specific,B,1.0,0.0,0.0,0.3333333333333333
N7_E10c_T12a,N7,arxiv_sh_020,single_specific,B,1.0,0.0,0.0,0.3333333333333333
N7_E10c_T12a,N7,arxiv_sh_021,single_specific,B,1.0,0.0,0.0,0.3333333333333333
N7_E10c_T12a,N7,arxiv_sh_022,single_specific,B,1.0,0.0,0.0,0.3333333333333333
N7_E10c_T12a,N7,arxiv_sh_023,single_specific,B,1.0,0.8318026389935977,1.0,0.943934212997866
N7_E10c_T12a,N7,arxiv_sh_024,single_specific,B,0.5,0.0,0.0,0.16666666666666666
N7_E10c_T12a,N7,arxiv_sh_025,single_specific,B,0.2,0.8549044068966992,0.0,0.35163480229889976
N7_E10c_T12a,N7,arxiv_sh_026,single_specific,B,1.0,0.0,0.0,0.3333333333333333
N7_E10c_T12a,N7,arxiv_sh_027,single_specific,B,0.5,0.0,0.0,0.16666666666666666
N7_E10c_T12a,N7,arxiv_sh_028,single_specific,B,0.5,0.0,0.0,0.16666666666666666
N7_E10c_T12a,N7,arxiv_sh_029,single_specific,B,1.0,0.0,0.0,0.3333333333333333
N7_E10c_T12a,N7,arxiv_sh_030,single_specific,B,0.75,0.0,0.0,0.25
N7_E10c_T12a,N7,arxiv_sh_031,single_specific,B,0.6666666666666666,0.9668504686888894,0.0,0.5445057117851854
N7_E10c_T12a,N7,arxiv_sh_032,single_specific,B,1.0,0.0,0.0,0.3333333333333333
N7_E10c_T12a,N7,arxiv_sh_033,single_specific,B,1.0,0.8562972486460659,0.0,0.6187657495486887
N7_E10c_T12a,N7,arxiv_sh_034,single_specific,B,0.6666666666666666,0.0,0.0,0.2222222222222222
N7_E10c_T12a,N7,arxiv_agg_000,aggregate_cross_paper,B,0.8571428571428571,0.6896082344551698,1.0,0.8489170305326756
N7_E10c_T12a,N7,arxiv_agg_001,aggregate_cross_paper,B,0.8,0.0,0.0,0.26666666666666666
N7_E10c_T12a,N7,arxiv_agg_002,aggregate_cross_paper,B,0.1111111111111111,0.7173708766559113,0.0,0.27616066258900746
N7_E10c_T12a,N7,arxiv_agg_003,aggregate_cross_paper,B,0.6666666666666666,0.7897957842802837,0.0,0.4854874836489835
N7_E10c_T12a,N7,arxiv_agg_004,aggregate_cross_paper,B,0.625,0.7595647411571896,0.5,0.6281882470523965
N7_E10c_T12a,N7,arxiv_agg_005,aggregate_cross_paper,B,1.0,0.7981051035647976,0.5,0.7660350345215993
N7_E10c_T12a,N7,arxiv_agg_006,aggregate_cross_paper,B,0.2,0.7045118843230279,0.0,0.3015039614410093
N7_E10c_T12a,N7,arxiv_agg_007,aggregate_cross_paper,B,0.875,0.7210289840348812,1.0,0.8653429946782937
N7_E10c_T12a,N7,arxiv_agg_008,aggregate_cross_paper,B,0.8571428571428571,0.7380945437704788,1.0,0.8650791336377787
N7_E10c_T12a,N7,arxiv_agg_009,aggregate_cross_paper,B,0.5,0.9386215901284293,0.0,0.4795405300428097
N7_E10c_T12a,N7,arxiv_agg_010,aggregate_cross_paper,B,0.9090909090909091,0.7357842988773328,1.0,0.8816250693227472
N7_E10c_T12a,N7,arxiv_agg_011,aggregate_cross_paper,B,1.0,0.0,0.0,0.3333333333333333
N7_E10c_T12a,N7,arxiv_agg_012,aggregate_cross_paper,B,0.625,0.8244831549756824,0.0,0.48316105165856077
N7_E10c_T12a,N7,arxiv_agg_013,aggregate_cross_paper,B,1.0,0.6192206607984979,1.0,0.8730735535994993
N7_E10c_T12a,N7,arxiv_agg_014,aggregate_cross_paper,B,0.75,0.0,0.0,0.25
N7_E10c_T12a,N7,arxiv_agg_015,aggregate_cross_paper,B,0.9,0.327015614136846,0.5,0.5756718713789487
N7_E10c_T12a,N7,arxiv_agg_016,aggregate_cross_paper,B,1.0,0.0,0.0,0.3333333333333333
N7_E10c_T12a,N7,arxiv_agg_017,aggregate_cross_paper,B,1.0,0.0,0.0,0.3333333333333333
N7_E10c_T12a,N7,arxiv_agg_018,aggregate_cross_paper,B,0.5714285714285714,0.6035585679654213,0.0,0.3916623797979975
N7_E10c_T12a,N7,arxiv_agg_019,aggregate_cross_paper,B,0.8,0.7619961698782199,0.0,0.5206653899594067
N7_E10c_T12a,N7,arxiv_agg_020,aggregate_cross_paper,B,0.6666666666666666,0.7414769635537581,0.5,0.6360478767401415
N7_E10c_T12a,N7,arxiv_agg_021,aggregate_cross_paper,B,1.0,0.0,0.0,0.3333333333333333
N7_E10c_T12a,N7,arxiv_agg_022,aggregate_cross_paper,B,0.5714285714285714,0.6225925048077509,0.5,0.5646736920787742
N7_E10c_T12a,N7,arxiv_agg_023,aggregate_cross_paper,B,1.0,0.0,0.0,0.3333333333333333
N7_E10c_T12a,N7,arxiv_agg_024,aggregate_cross_paper,B,0.8571428571428571,0.7673279383046201,0.5,0.7081569318158257
N7_E10c_T12a,N7,arxiv_agg_025,aggregate_cross_paper,B,0.5,0.517631855721751,0.0,0.339210618573917
N7_E10c_T12a,N7,arxiv_agg_026,aggregate_cross_paper,B,1.0,0.0,0.0,0.3333333333333333
N7_E10c_T12a,N7,arxiv_agg_027,aggregate_cross_paper,B,0.8,0.0,0.0,0.26666666666666666
N7_E10c_T12a,N7,arxiv_agg_028,aggregate_cross_paper,B,0.5,0.0,0.0,0.16666666666666666
N7_E10c_T12a,N7,arxiv_agg_029,aggregate_cross_paper,B,1.0,0.5252636002490934,0.5,0.6750878667496978
N7_E10c_T12a,N7,arxiv_agg_030,aggregate_cross_paper,B,0.8,0.6289077716647555,0.0,0.4763025905549185
N7_E10c_T12a,N7,arxiv_agg_031,aggregate_cross_paper,B,1.0,0.0,0.0,0.3333333333333333
N7_E10c_T12a,N7,arxiv_agg_032,aggregate_cross_paper,B,1.0,0.7321198796533045,0.5,0.7440399598844348
N7_E10c_T12a,N7,arxiv_edge_000,edge_multihop,B,1.0,0.0,0.0,0.3333333333333333
N7_E10c_T12a,N7,arxiv_edge_001,edge_multihop,B,0.2857142857142857,0.6033814940741661,0.0,0.2963652599294839
N7_E10c_T12a,N7,arxiv_edge_002,edge_multihop,B,0.2857142857142857,0.7658994057203734,0.0,0.3505378971448863
N7_E10c_T12a,N7,arxiv_edge_003,edge_multihop,B,1.0,0.7593599091549902,0.0,0.5864533030516634
N7_E10c_T12a,N7,arxiv_edge_004,edge_multihop,B,0.4444444444444444,0.6292960040323452,0.0,0.35791348282559654
N7_E10c_T12a,N7,arxiv_edge_005,edge_multihop,B,1.0,0.0,0.0,0.3333333333333333
N7_E10c_T12a,N7,arxiv_edge_006,edge_multihop,B,0.6666666666666666,0.0,0.0,0.2222222222222222
N7_E10c_T12a,N7,arxiv_edge_007,edge_multihop,B,0.5,0.6504391952155183,0.0,0.38347973173850614
N7_E10c_T12a,N7,arxiv_edge_008,edge_multihop,B,1.0,0.0,0.0,0.3333333333333333
N7_E10c_T12a,N7,arxiv_edge_009,edge_multihop,B,1.0,0.0,0.0,0.3333333333333333
N7_E10c_T12a,N7,arxiv_edge_010,edge_multihop,B,1.0,0.0,0.0,0.3333333333333333
N7_E10c_T12a,N7,arxiv_edge_011,edge_multihop,B,0.6666666666666666,0.0,0.0,0.2222222222222222
N7_E10c_T12a,N7,arxiv_edge_012,edge_multihop,B,1.0,0.0,0.0,0.3333333333333333
N7_E10c_T12a,N7,arxiv_edge_013,edge_multihop,B,0.75,0.0,0.0,0.25
N7_E10c_T12a,N7,arxiv_edge_014,edge_multihop,B,1.0,0.0,0.0,0.3333333333333333
N7_E10c_T12a,N7,arxiv_edge_015,edge_multihop,B,0.3333333333333333,0.0,0.75,0.3611111111111111
N7_E10c_T12a,N7,arxiv_edge_016,edge_multihop,B,0.75,0.0,0.0,0.25
N7_E10c_T12a,N7,arxiv_edge_017,edge_multihop,B,0.2222222222222222,0.6593395514566124,0.0,0.2938539245596115
N7_E10c_T12a,N7,arxiv_edge_018,edge_multihop,B,1.0,0.0,0.0,0.3333333333333333
N7_E10c_T12a,N7,arxiv_edge_019,edge_multihop,B,0.6666666666666666,0.0,0.0,0.2222222222222222
N7_E10c_T12a,N7,arxiv_edge_020,edge_multihop,B,0.6666666666666666,0.0,0.0,0.2222222222222222
N7_E10c_T12a,N7,arxiv_edge_021,edge_multihop,B,0.6,0.0,0.0,0.19999999999999998
N7_E10c_T12a,N7,arxiv_edge_022,edge_multihop,B,0.42857142857142855,0.7285468436192989,0.0,0.3857060907302425
N7_E10c_T12a,N7,arxiv_edge_023,edge_multihop,B,0.6666666666666666,0.0,0.0,0.2222222222222222
N7_E10c_T12a,N7,arxiv_edge_024,edge_multihop,B,0.75,0.0,0.0,0.25
N7_E10c_T12a,N7,arxiv_edge_025,edge_multihop,B,0.2857142857142857,0.8214339040222072,0.0,0.3690493965788309
N7_E10c_T12a,N7,arxiv_edge_026,edge_multihop,B,0.6666666666666666,0.0,0.0,0.2222222222222222
N7_E10c_T12a,N7,arxiv_edge_027,edge_multihop,B,0.2,0.7277196522408397,0.0,0.3092398840802799
N7_E10c_T12a,N7,arxiv_edge_028,edge_multihop,B,0.75,0.0,0.0,0.25
N7_E10c_T12a,N7,arxiv_edge_029,edge_multihop,B,1.0,0.0,0.0,0.3333333333333333
N7_E10c_T12a,N7,arxiv_edge_030,edge_multihop,B,1.0,0.0,0.0,0.3333333333333333
N7_E10c_T12a,N7,arxiv_edge_031,edge_multihop,B,1.0,0.0,0.0,0.3333333333333333
N7_E10c_T12a,N7,arxiv_edge_032,edge_multihop,B,1.0,0.0,0.0,0.3333333333333333
N7_E10c_T12a,N7,arxiv_edge_033,edge_multihop,B,1.0,0.7709367640566175,0.0,0.5903122546855392
N7_E10c_T12b,N7,arxiv_sh_000,single_specific,B,0.0,0.0,1.0,0.3333333333333333
N7_E10c_T12b,N7,arxiv_sh_001,single_specific,B,0.8,0.8850171833125166,0.0,0.5616723944375055
N7_E10c_T12b,N7,arxiv_sh_002,single_specific,B,0.6666666666666666,0.0,0.0,0.2222222222222222
N7_E10c_T12b,N7,arxiv_sh_003,single_specific,B,1.0,0.0,0.0,0.3333333333333333
N7_E10c_T12b,N7,arxiv_sh_004,single_specific,B,0.0,0.9363117237737731,0.0,0.31210390792459103
N7_E10c_T12b,N7,arxiv_sh_005,single_specific,B,1.0,0.0,0.0,0.3333333333333333
N7_E10c_T12b,N7,arxiv_sh_006,single_specific,B,0.5,0.0,0.0,0.16666666666666666
N7_E10c_T12b,N7,arxiv_sh_007,single_specific,B,0.5,0.0,0.0,0.16666666666666666
N7_E10c_T12b,N7,arxiv_sh_008,single_specific,B,0.6666666666666666,0.0,0.0,0.2222222222222222
N7_E10c_T12b,N7,arxiv_sh_009,single_specific,B,0.5,0.0,0.0,0.16666666666666666
N7_E10c_T12b,N7,arxiv_sh_010,single_specific,B,0.5,0.9521320285621465,0.0,0.4840440095207155
N7_E10c_T12b,N7,arxiv_sh_011,single_specific,B,0.8571428571428571,0.965695877676553,0.75,0.85761291160647
N7_E10c_T12b,N7,arxiv_sh_012,single_specific,B,0.0,0.0,0.0,0.0
N7_E10c_T12b,N7,arxiv_sh_013,single_specific,B,1.0,0.0,0.0,0.3333333333333333
N7_E10c_T12b,N7,arxiv_sh_014,single_specific,B,1.0,0.0,0.0,0.3333333333333333
N7_E10c_T12b,N7,arxiv_sh_015,single_specific,B,1.0,0.0,0.0,0.3333333333333333
N7_E10c_T12b,N7,arxiv_sh_016,single_specific,B,1.0,0.0,0.0,0.3333333333333333
N7_E10c_T12b,N7,arxiv_sh_017,single_specific,B,1.0,0.0,0.0,0.3333333333333333
N7_E10c_T12b,N7,arxiv_sh_018,single_specific,B,0.0,0.0,0.0,0.0
N7_E10c_T12b,N7,arxiv_sh_019,single_specific,B,1.0,0.0,0.0,0.3333333333333333
N7_E10c_T12b,N7,arxiv_sh_020,single_specific,B,1.0,0.0,0.0,0.3333333333333333
N7_E10c_T12b,N7,arxiv_sh_021,single_specific,B,1.0,0.0,0.0,0.3333333333333333
N7_E10c_T12b,N7,arxiv_sh_022,single_specific,B,1.0,0.0,0.0,0.3333333333333333
N7_E10c_T12b,N7,arxiv_sh_023,single_specific,B,1.0,0.8318026389935977,1.0,0.943934212997866
N7_E10c_T12b,N7,arxiv_sh_024,single_specific,B,0.5,0.0,0.0,0.16666666666666666
N7_E10c_T12b,N7,arxiv_sh_025,single_specific,B,0.16666666666666666,0.8549044068966992,0.0,0.34052369118778864
N7_E10c_T12b,N7,arxiv_sh_026,single_specific,B,1.0,0.0,0.0,0.3333333333333333
N7_E10c_T12b,N7,arxiv_sh_027,single_specific,B,0.5,0.0,0.0,0.16666666666666666
N7_E10c_T12b,N7,arxiv_sh_028,single_specific,B,0.5,0.0,0.0,0.16666666666666666
N7_E10c_T12b,N7,arxiv_sh_029,single_specific,B,1.0,0.0,0.0,0.3333333333333333
N7_E10c_T12b,N7,arxiv_sh_030,single_specific,B,0.0,0.0,0.0,0.0
N7_E10c_T12b,N7,arxiv_sh_031,single_specific,B,0.5,0.9668504686888894,0.0,0.48895015622962984
N7_E10c_T12b,N7,arxiv_sh_032,single_specific,B,1.0,0.0,0.0,0.3333333333333333
N7_E10c_T12b,N7,arxiv_sh_033,single_specific,B,1.0,0.8563546724997056,0.0,0.6187848908332353
N7_E10c_T12b,N7,arxiv_sh_034,single_specific,B,0.6666666666666666,0.0,0.0,0.2222222222222222
N7_E10c_T12b,N7,arxiv_agg_000,aggregate_cross_paper,B,0.8571428571428571,0.6842110646778691,1.0,0.8471179739402421
N7_E10c_T12b,N7,arxiv_agg_001,aggregate_cross_paper,B,0.8,0.0,0.0,0.26666666666666666
N7_E10c_T12b,N7,arxiv_agg_002,aggregate_cross_paper,B,0.125,0.5718682526519093,0.0,0.23228941755063645
N7_E10c_T12b,N7,arxiv_agg_003,aggregate_cross_paper,B,1.0,0.7897925575334138,0.0,0.5965975191778047
N7_E10c_T12b,N7,arxiv_agg_004,aggregate_cross_paper,B,0.8571428571428571,0.6652857011624664,0.5,0.6741428527684411
N7_E10c_T12b,N7,arxiv_agg_005,aggregate_cross_paper,B,1.0,0.7981266370105358,0.5,0.7660422123368452
N7_E10c_T12b,N7,arxiv_agg_006,aggregate_cross_paper,B,0.5,0.8421853199088704,0.0,0.44739510663629006
N7_E10c_T12b,N7,arxiv_agg_007,aggregate_cross_paper,B,0.8333333333333334,0.7210194427837552,1.0,0.8514509253723629
N7_E10c_T12b,N7,arxiv_agg_008,aggregate_cross_paper,B,0.8571428571428571,0.7380817145763011,1.0,0.8650748572397194
N7_E10c_T12b,N7,arxiv_agg_009,aggregate_cross_paper,B,0.5,0.9386215901284293,0.0,0.4795405300428097
N7_E10c_T12b,N7,arxiv_agg_010,aggregate_cross_paper,B,0.5,0.7286245828555531,1.0,0.7428748609518511
N7_E10c_T12b,N7,arxiv_agg_011,aggregate_cross_paper,B,1.0,0.0,0.0,0.3333333333333333
N7_E10c_T12b,N7,arxiv_agg_012,aggregate_cross_paper,B,0.6666666666666666,0.8244817384906024,0.0,0.4970494683857563
N7_E10c_T12b,N7,arxiv_agg_013,aggregate_cross_paper,B,0.8333333333333334,0.6254430653029943,1.0,0.819592132878776
N7_E10c_T12b,N7,arxiv_agg_014,aggregate_cross_paper,B,0.75,0.0,0.0,0.25
N7_E10c_T12b,N7,arxiv_agg_015,aggregate_cross_paper,B,0.8,0.4259735894843016,0.5,0.5753245298281006
N7_E10c_T12b,N7,arxiv_agg_016,aggregate_cross_paper,B,1.0,0.0,0.0,0.3333333333333333
N7_E10c_T12b,N7,arxiv_agg_017,aggregate_cross_paper,B,1.0,0.0,0.0,0.3333333333333333
N7_E10c_T12b,N7,arxiv_agg_018,aggregate_cross_paper,B,0.42857142857142855,0.6035585679654213,0.0,0.34404333217894995
N7_E10c_T12b,N7,arxiv_agg_019,aggregate_cross_paper,B,0.9,0.6826338487021185,0.0,0.5275446162340395
N7_E10c_T12b,N7,arxiv_agg_020,aggregate_cross_paper,B,0.6666666666666666,0.7414599943900541,0.5,0.6360422203522402
N7_E10c_T12b,N7,arxiv_agg_021,aggregate_cross_paper,B,0.4,0.0,0.0,0.13333333333333333
N7_E10c_T12b,N7,arxiv_agg_022,aggregate_cross_paper,B,0.5714285714285714,0.6226486932810246,0.5,0.5646924215698653
N7_E10c_T12b,N7,arxiv_agg_023,aggregate_cross_paper,B,0.875,0.0,0.0,0.2916666666666667
N7_E10c_T12b,N7,arxiv_agg_024,aggregate_cross_paper,B,0.8571428571428571,0.7672884703158426,0.5,0.7081437758195666
N7_E10c_T12b,N7,arxiv_agg_025,aggregate_cross_paper,B,1.0,0.0,0.0,0.3333333333333333
N7_E10c_T12b,N7,arxiv_agg_026,aggregate_cross_paper,B,1.0,0.0,0.0,0.3333333333333333
N7_E10c_T12b,N7,arxiv_agg_027,aggregate_cross_paper,B,0.8,0.0,0.0,0.26666666666666666
N7_E10c_T12b,N7,arxiv_agg_028,aggregate_cross_paper,B,0.5,0.0,0.0,0.16666666666666666
N7_E10c_T12b,N7,arxiv_agg_029,aggregate_cross_paper,B,1.0,0.5048824086659451,0.25,0.5849608028886484
N7_E10c_T12b,N7,arxiv_agg_030,aggregate_cross_paper,B,0.6,0.6431438448217294,0.0,0.41438128160724313
N7_E10c_T12b,N7,arxiv_agg_031,aggregate_cross_paper,B,1.0,0.0,0.0,0.3333333333333333
N7_E10c_T12b,N7,arxiv_agg_032,aggregate_cross_paper,B,1.0,0.7312650244254862,0.5,0.7437550081418287
N7_E10c_T12b,N7,arxiv_edge_000,edge_multihop,B,1.0,0.0,0.0,0.3333333333333333
N7_E10c_T12b,N7,arxiv_edge_001,edge_multihop,B,0.3333333333333333,0.6033736677958598,0.0,0.3122356670430644
N7_E10c_T12b,N7,arxiv_edge_002,edge_multihop,B,0.42857142857142855,0.0,0.0,0.14285714285714285
N7_E10c_T12b,N7,arxiv_edge_003,edge_multihop,B,1.0,0.7593627254089937,0.0,0.5864542418029979
N7_E10c_T12b,N7,arxiv_edge_004,edge_multihop,B,0.42857142857142855,0.6292960040323452,0.0,0.35262247753459125
N7_E10c_T12b,N7,arxiv_edge_005,edge_multihop,B,1.0,0.0,0.0,0.3333333333333333
N7_E10c_T12b,N7,arxiv_edge_006,edge_multihop,B,1.0,0.0,0.0,0.3333333333333333
N7_E10c_T12b,N7,arxiv_edge_007,edge_multihop,B,0.5,0.6504444640168962,0.0,0.3834814880056321
N7_E10c_T12b,N7,arxiv_edge_008,edge_multihop,B,0.75,0.0,0.0,0.25
N7_E10c_T12b,N7,arxiv_edge_009,edge_multihop,B,1.0,0.0,0.0,0.3333333333333333
N7_E10c_T12b,N7,arxiv_edge_010,edge_multihop,B,1.0,0.0,0.0,0.3333333333333333
N7_E10c_T12b,N7,arxiv_edge_011,edge_multihop,B,1.0,0.0,0.0,0.3333333333333333
N7_E10c_T12b,N7,arxiv_edge_012,edge_multihop,B,1.0,0.0,0.0,0.3333333333333333
N7_E10c_T12b,N7,arxiv_edge_013,edge_multihop,B,1.0,0.0,0.0,0.3333333333333333
N7_E10c_T12b,N7,arxiv_edge_014,edge_multihop,B,1.0,0.0,0.0,0.3333333333333333
N7_E10c_T12b,N7,arxiv_edge_015,edge_multihop,B,0.3333333333333333,0.0,1.0,0.4444444444444444
N7_E10c_T12b,N7,arxiv_edge_016,edge_multihop,B,1.0,0.0,0.0,0.3333333333333333
N7_E10c_T12b,N7,arxiv_edge_017,edge_multihop,B,0.375,0.6806061102528146,0.0,0.35186870341760484
N7_E10c_T12b,N7,arxiv_edge_018,edge_multihop,B,1.0,0.0,0.0,0.3333333333333333
N7_E10c_T12b,N7,arxiv_edge_019,edge_multihop,B,0.6666666666666666,0.0,0.0,0.2222222222222222
N7_E10c_T12b,N7,arxiv_edge_020,edge_multihop,B,0.6666666666666666,0.0,0.0,0.2222222222222222
N7_E10c_T12b,N7,arxiv_edge_021,edge_multihop,B,0.6,0.0,0.0,0.19999999999999998
N7_E10c_T12b,N7,arxiv_edge_022,edge_multihop,B,0.375,0.7201383452172866,0.0,0.3650461150724289
N7_E10c_T12b,N7,arxiv_edge_023,edge_multihop,B,0.6666666666666666,0.0,0.0,0.2222222222222222
N7_E10c_T12b,N7,arxiv_edge_024,edge_multihop,B,1.0,0.0,0.0,0.3333333333333333
N7_E10c_T12b,N7,arxiv_edge_025,edge_multihop,B,0.7142857142857143,0.821419750189448,0.0,0.5119018214917208
N7_E10c_T12b,N7,arxiv_edge_026,edge_multihop,B,0.6666666666666666,0.0,0.0,0.2222222222222222
N7_E10c_T12b,N7,arxiv_edge_027,edge_multihop,B,0.3333333333333333,0.7277413232233118,0.0,0.3536915521855484
N7_E10c_T12b,N7,arxiv_edge_028,edge_multihop,B,0.75,0.0,0.0,0.25
N7_E10c_T12b,N7,arxiv_edge_029,edge_multihop,B,1.0,0.0,0.0,0.3333333333333333
N7_E10c_T12b,N7,arxiv_edge_030,edge_multihop,B,1.0,0.0,0.0,0.3333333333333333
N7_E10c_T12b,N7,arxiv_edge_031,edge_multihop,B,1.0,0.0,0.0,0.3333333333333333
N7_E10c_T12b,N7,arxiv_edge_032,edge_multihop,B,1.0,0.0,0.0,0.3333333333333333
N7_E10c_T12b,N7,arxiv_edge_033,edge_multihop,B,1.0,0.7404775521388451,0.0,0.5801591840462818
N7_E11a_T12a,N7,arxiv_sh_000,single_specific,B,0.0,0.0,1.0,0.3333333333333333
N7_E11a_T12a,N7,arxiv_sh_001,single_specific,B,0.8,0.8850171833125166,0.0,0.5616723944375055
N7_E11a_T12a,N7,arxiv_sh_002,single_specific,B,0.6666666666666666,0.0,0.0,0.2222222222222222
N7_E11a_T12a,N7,arxiv_sh_003,single_specific,B,1.0,0.0,0.0,0.3333333333333333
N7_E11a_T12a,N7,arxiv_sh_004,single_specific,B,0.0,0.9363127569412173,0.0,0.3121042523137391
N7_E11a_T12a,N7,arxiv_sh_005,single_specific,B,1.0,0.0,0.0,0.3333333333333333
N7_E11a_T12a,N7,arxiv_sh_006,single_specific,B,0.5,0.0,0.0,0.16666666666666666
N7_E11a_T12a,N7,arxiv_sh_007,single_specific,B,1.0,0.0,0.0,0.3333333333333333
N7_E11a_T12a,N7,arxiv_sh_008,single_specific,B,0.6666666666666666,0.0,0.0,0.2222222222222222
N7_E11a_T12a,N7,arxiv_sh_009,single_specific,B,0.5,0.0,0.0,0.16666666666666666
N7_E11a_T12a,N7,arxiv_sh_010,single_specific,B,0.5,0.9521320285621465,0.0,0.4840440095207155
N7_E11a_T12a,N7,arxiv_sh_011,single_specific,B,0.8571428571428571,0.9656985657246047,1.0,0.9409471409558207
N7_E11a_T12a,N7,arxiv_sh_012,single_specific,B,0.5,0.0,0.0,0.16666666666666666
N7_E11a_T12a,N7,arxiv_sh_013,single_specific,B,1.0,0.0,0.0,0.3333333333333333
N7_E11a_T12a,N7,arxiv_sh_014,single_specific,B,1.0,0.0,0.0,0.3333333333333333
N7_E11a_T12a,N7,arxiv_sh_015,single_specific,B,1.0,0.0,0.0,0.3333333333333333
N7_E11a_T12a,N7,arxiv_sh_016,single_specific,B,1.0,0.0,0.0,0.3333333333333333
N7_E11a_T12a,N7,arxiv_sh_017,single_specific,B,1.0,0.0,0.0,0.3333333333333333
N7_E11a_T12a,N7,arxiv_sh_018,single_specific,B,0.0,0.0,0.0,0.0
N7_E11a_T12a,N7,arxiv_sh_019,single_specific,B,1.0,0.0,0.0,0.3333333333333333
N7_E11a_T12a,N7,arxiv_sh_020,single_specific,B,1.0,0.0,0.0,0.3333333333333333
N7_E11a_T12a,N7,arxiv_sh_021,single_specific,B,1.0,0.0,0.0,0.3333333333333333
N7_E11a_T12a,N7,arxiv_sh_022,single_specific,B,1.0,0.0,0.0,0.3333333333333333
N7_E11a_T12a,N7,arxiv_sh_023,single_specific,B,1.0,0.8318427190973191,1.0,0.9439475730324397
N7_E11a_T12a,N7,arxiv_sh_024,single_specific,B,1.0,0.0,0.0,0.3333333333333333
N7_E11a_T12a,N7,arxiv_sh_025,single_specific,B,0.6666666666666666,0.0,0.0,0.2222222222222222
N7_E11a_T12a,N7,arxiv_sh_026,single_specific,B,1.0,0.0,0.0,0.3333333333333333
N7_E11a_T12a,N7,arxiv_sh_027,single_specific,B,0.5,0.0,0.0,0.16666666666666666
N7_E11a_T12a,N7,arxiv_sh_028,single_specific,B,0.5,0.0,0.0,0.16666666666666666
N7_E11a_T12a,N7,arxiv_sh_029,single_specific,B,1.0,0.0,0.0,0.3333333333333333
N7_E11a_T12a,N7,arxiv_sh_030,single_specific,B,1.0,0.0,0.0,0.3333333333333333
N7_E11a_T12a,N7,arxiv_sh_031,single_specific,B,0.6666666666666666,0.9668504686888894,0.0,0.5445057117851854
N7_E11a_T12a,N7,arxiv_sh_032,single_specific,B,1.0,0.0,0.0,0.3333333333333333
N7_E11a_T12a,N7,arxiv_sh_033,single_specific,B,1.0,0.8563254743681646,0.0,0.6187751581227215
N7_E11a_T12a,N7,arxiv_sh_034,single_specific,B,1.0,0.0,0.0,0.3333333333333333
N7_E11a_T12a,N7,arxiv_agg_000,aggregate_cross_paper,B,1.0,0.702395130318464,1.0,0.9007983767728214
N7_E11a_T12a,N7,arxiv_agg_001,aggregate_cross_paper,B,0.8,0.0,0.0,0.26666666666666666
N7_E11a_T12a,N7,arxiv_agg_002,aggregate_cross_paper,B,0.75,0.0,0.0,0.25
N7_E11a_T12a,N7,arxiv_agg_003,aggregate_cross_paper,B,1.0,0.789813485412513,0.0,0.5966044951375044
N7_E11a_T12a,N7,arxiv_agg_004,aggregate_cross_paper,B,0.8333333333333334,0.6828096423605343,0.5,0.6720476585646226
N7_E11a_T12a,N7,arxiv_agg_005,aggregate_cross_paper,B,1.0,0.7981269247987988,0.5,0.7660423082662663
N7_E11a_T12a,N7,arxiv_agg_006,aggregate_cross_paper,B,0.5,0.7045118843230279,0.0,0.40150396144100925
N7_E11a_T12a,N7,arxiv_agg_007,aggregate_cross_paper,B,0.875,0.7210213924723666,1.0,0.8653404641574555
N7_E11a_T12a,N7,arxiv_agg_008,aggregate_cross_paper,B,0.875,0.7349185231153098,1.0,0.8699728410384365
N7_E11a_T12a,N7,arxiv_agg_009,aggregate_cross_paper,B,0.6,0.9386112139926223,0.0,0.5128704046642074
N7_E11a_T12a,N7,arxiv_agg_010,aggregate_cross_paper,B,1.0,0.5082220889834491,1.0,0.8360740296611496
N7_E11a_T12a,N7,arxiv_agg_011,aggregate_cross_paper,B,0.8333333333333334,0.0,0.0,0.2777777777777778
N7_E11a_T12a,N7,arxiv_agg_012,aggregate_cross_paper,B,0.125,0.8244817384906024,0.0,0.3164939128302008
N7_E11a_T12a,N7,arxiv_agg_013,aggregate_cross_paper,B,1.0,0.6192206607984979,1.0,0.8730735535994993
N7_E11a_T12a,N7,arxiv_agg_014,aggregate_cross_paper,B,0.75,0.0,0.0,0.25
N7_E11a_T12a,N7,arxiv_agg_015,aggregate_cross_paper,B,0.8571428571428571,0.0,0.5,0.4523809523809524
N7_E11a_T12a,N7,arxiv_agg_016,aggregate_cross_paper,B,1.0,0.0,0.5,0.5
N7_E11a_T12a,N7,arxiv_agg_017,aggregate_cross_paper,B,1.0,0.0,0.0,0.3333333333333333
N7_E11a_T12a,N7,arxiv_agg_018,aggregate_cross_paper,B,0.5,0.7248353460982523,0.0,0.4082784486994175
N7_E11a_T12a,N7,arxiv_agg_019,aggregate_cross_paper,B,0.75,0.5127427001423863,0.0,0.4209142333807954
N7_E11a_T12a,N7,arxiv_agg_020,aggregate_cross_paper,B,0.6666666666666666,0.7414599943900541,0.5,0.6360422203522402
N7_E11a_T12a,N7,arxiv_agg_021,aggregate_cross_paper,B,1.0,0.0,0.0,0.3333333333333333
N7_E11a_T12a,N7,arxiv_agg_022,aggregate_cross_paper,B,0.5714285714285714,0.6226486932810246,0.5,0.5646924215698653
N7_E11a_T12a,N7,arxiv_agg_023,aggregate_cross_paper,B,0.75,0.0,0.0,0.25
N7_E11a_T12a,N7,arxiv_agg_024,aggregate_cross_paper,B,0.8571428571428571,0.8158524088300366,0.5,0.7243317553242979
N7_E11a_T12a,N7,arxiv_agg_025,aggregate_cross_paper,B,0.5714285714285714,0.7287502066945453,0.0,0.4333929260410389
N7_E11a_T12a,N7,arxiv_agg_026,aggregate_cross_paper,B,1.0,0.0,0.0,0.3333333333333333
N7_E11a_T12a,N7,arxiv_agg_027,aggregate_cross_paper,B,0.8,0.0,0.0,0.26666666666666666
N7_E11a_T12a,N7,arxiv_agg_028,aggregate_cross_paper,B,0.5,0.0,0.0,0.16666666666666666
N7_E11a_T12a,N7,arxiv_agg_029,aggregate_cross_paper,B,1.0,0.5251665736215236,0.5,0.6750555245405079
N7_E11a_T12a,N7,arxiv_agg_030,aggregate_cross_paper,B,0.4,0.6509330838390985,0.0,0.35031102794636615
N7_E11a_T12a,N7,arxiv_agg_031,aggregate_cross_paper,B,1.0,0.0,0.0,0.3333333333333333
N7_E11a_T12a,N7,arxiv_agg_032,aggregate_cross_paper,B,0.6666666666666666,0.7181157316704446,0.5,0.6282607994457038
N7_E11a_T12a,N7,arxiv_edge_000,edge_multihop,B,1.0,0.0,0.0,0.3333333333333333
N7_E11a_T12a,N7,arxiv_edge_001,edge_multihop,B,0.5555555555555556,0.6033764542320527,0.0,0.3863106699292027
N7_E11a_T12a,N7,arxiv_edge_002,edge_multihop,B,0.2857142857142857,0.7658994057203734,0.0,0.3505378971448863
N7_E11a_T12a,N7,arxiv_edge_003,edge_multihop,B,1.0,0.7091798596726081,0.0,0.5697266198908694
N7_E11a_T12a,N7,arxiv_edge_004,edge_multihop,B,0.42857142857142855,0.6292960040323452,0.0,0.35262247753459125
N7_E11a_T12a,N7,arxiv_edge_005,edge_multihop,B,1.0,0.0,0.0,0.3333333333333333
N7_E11a_T12a,N7,arxiv_edge_006,edge_multihop,B,1.0,0.0,0.0,0.3333333333333333
N7_E11a_T12a,N7,arxiv_edge_007,edge_multihop,B,0.5,0.6504745698541409,0.0,0.3834915232847136
N7_E11a_T12a,N7,arxiv_edge_008,edge_multihop,B,1.0,0.0,0.0,0.3333333333333333
N7_E11a_T12a,N7,arxiv_edge_009,edge_multihop,B,1.0,0.0,0.0,0.3333333333333333
N7_E11a_T12a,N7,arxiv_edge_010,edge_multihop,B,1.0,0.0,0.0,0.3333333333333333
N7_E11a_T12a,N7,arxiv_edge_011,edge_multihop,B,0.8,0.0,0.0,0.26666666666666666
N7_E11a_T12a,N7,arxiv_edge_012,edge_multihop,B,1.0,0.0,0.0,0.3333333333333333
N7_E11a_T12a,N7,arxiv_edge_013,edge_multihop,B,1.0,0.0,0.0,0.3333333333333333
N7_E11a_T12a,N7,arxiv_edge_014,edge_multihop,B,1.0,0.0,0.0,0.3333333333333333
N7_E11a_T12a,N7,arxiv_edge_015,edge_multihop,B,0.3333333333333333,0.0,1.0,0.4444444444444444
N7_E11a_T12a,N7,arxiv_edge_016,edge_multihop,B,0.75,0.0,0.0,0.25
N7_E11a_T12a,N7,arxiv_edge_017,edge_multihop,B,0.14285714285714285,0.6891464412943483,0.0,0.2773345280504971
N7_E11a_T12a,N7,arxiv_edge_018,edge_multihop,B,0.7142857142857143,0.0,0.0,0.2380952380952381
N7_E11a_T12a,N7,arxiv_edge_019,edge_multihop,B,0.6666666666666666,0.0,0.0,0.2222222222222222
N7_E11a_T12a,N7,arxiv_edge_020,edge_multihop,B,0.6666666666666666,0.0,0.0,0.2222222222222222
N7_E11a_T12a,N7,arxiv_edge_021,edge_multihop,B,0.4,0.0,0.0,0.13333333333333333
N7_E11a_T12a,N7,arxiv_edge_022,edge_multihop,B,0.375,0.729646960593875,0.0,0.36821565353129165
N7_E11a_T12a,N7,arxiv_edge_023,edge_multihop,B,0.6666666666666666,0.0,0.0,0.2222222222222222
N7_E11a_T12a,N7,arxiv_edge_024,edge_multihop,B,1.0,0.0,0.0,0.3333333333333333
N7_E11a_T12a,N7,arxiv_edge_025,edge_multihop,B,0.7142857142857143,0.8231235902480568,0.0,0.5124697681779237
N7_E11a_T12a,N7,arxiv_edge_026,edge_multihop,B,0.6666666666666666,0.0,0.0,0.2222222222222222
N7_E11a_T12a,N7,arxiv_edge_027,edge_multihop,B,0.25,0.5176137400400894,0.0,0.2558712466800298
N7_E11a_T12a,N7,arxiv_edge_028,edge_multihop,B,1.0,0.0,0.0,0.3333333333333333
N7_E11a_T12a,N7,arxiv_edge_029,edge_multihop,B,1.0,0.0,0.0,0.3333333333333333
N7_E11a_T12a,N7,arxiv_edge_030,edge_multihop,B,1.0,0.0,0.0,0.3333333333333333
N7_E11a_T12a,N7,arxiv_edge_031,edge_multihop,B,1.0,0.0,0.0,0.3333333333333333
N7_E11a_T12a,N7,arxiv_edge_032,edge_multihop,B,1.0,0.0,0.0,0.3333333333333333
N7_E11a_T12a,N7,arxiv_edge_033,edge_multihop,B,1.0,0.7709367640566175,0.0,0.5903122546855392
N7_E11a_T12b,N7,arxiv_sh_000,single_specific,B,0.0,0.0,1.0,0.3333333333333333
N7_E11a_T12b,N7,arxiv_sh_001,single_specific,B,0.8,0.8850171833125166,0.0,0.5616723944375055
N7_E11a_T12b,N7,arxiv_sh_002,single_specific,B,0.6666666666666666,0.0,0.0,0.2222222222222222
N7_E11a_T12b,N7,arxiv_sh_003,single_specific,B,1.0,0.0,0.0,0.3333333333333333
N7_E11a_T12b,N7,arxiv_sh_004,single_specific,B,0.5,0.0,0.0,0.16666666666666666
N7_E11a_T12b,N7,arxiv_sh_005,single_specific,B,1.0,0.0,0.0,0.3333333333333333
N7_E11a_T12b,N7,arxiv_sh_006,single_specific,B,0.5,0.0,0.0,0.16666666666666666
N7_E11a_T12b,N7,arxiv_sh_007,single_specific,B,1.0,0.0,0.0,0.3333333333333333
N7_E11a_T12b,N7,arxiv_sh_008,single_specific,B,0.5,0.0,0.0,0.16666666666666666
N7_E11a_T12b,N7,arxiv_sh_009,single_specific,B,0.5,0.0,0.0,0.16666666666666666
N7_E11a_T12b,N7,arxiv_sh_010,single_specific,B,0.5,0.9521320285621465,0.0,0.4840440095207155
N7_E11a_T12b,N7,arxiv_sh_011,single_specific,B,0.5714285714285714,0.9728609273002916,1.0,0.8480964995762877
N7_E11a_T12b,N7,arxiv_sh_012,single_specific,B,0.6666666666666666,0.0,0.0,0.2222222222222222
N7_E11a_T12b,N7,arxiv_sh_013,single_specific,B,1.0,0.0,0.0,0.3333333333333333
N7_E11a_T12b,N7,arxiv_sh_014,single_specific,B,0.6666666666666666,0.0,0.0,0.2222222222222222
N7_E11a_T12b,N7,arxiv_sh_015,single_specific,B,1.0,0.0,0.0,0.3333333333333333
N7_E11a_T12b,N7,arxiv_sh_016,single_specific,B,1.0,0.0,0.0,0.3333333333333333
N7_E11a_T12b,N7,arxiv_sh_017,single_specific,B,0.5,0.0,0.0,0.16666666666666666
N7_E11a_T12b,N7,arxiv_sh_018,single_specific,B,0.0,0.0,0.0,0.0
N7_E11a_T12b,N7,arxiv_sh_019,single_specific,B,1.0,0.0,0.0,0.3333333333333333
N7_E11a_T12b,N7,arxiv_sh_020,single_specific,B,1.0,0.0,0.0,0.3333333333333333
N7_E11a_T12b,N7,arxiv_sh_021,single_specific,B,1.0,0.0,0.0,0.3333333333333333
N7_E11a_T12b,N7,arxiv_sh_022,single_specific,B,1.0,0.0,0.0,0.3333333333333333
N7_E11a_T12b,N7,arxiv_sh_023,single_specific,B,1.0,0.8318427190973191,1.0,0.9439475730324397
N7_E11a_T12b,N7,arxiv_sh_024,single_specific,B,1.0,0.0,0.0,0.3333333333333333
N7_E11a_T12b,N7,arxiv_sh_025,single_specific,B,0.8,0.8549044068966992,0.0,0.5516348022988997
N7_E11a_T12b,N7,arxiv_sh_026,single_specific,B,1.0,0.0,0.0,0.3333333333333333
N7_E11a_T12b,N7,arxiv_sh_027,single_specific,B,0.5,0.0,0.0,0.16666666666666666
N7_E11a_T12b,N7,arxiv_sh_028,single_specific,B,0.5,0.0,0.0,0.16666666666666666
N7_E11a_T12b,N7,arxiv_sh_029,single_specific,B,1.0,0.0,0.0,0.3333333333333333
N7_E11a_T12b,N7,arxiv_sh_030,single_specific,B,1.0,0.0,0.0,0.3333333333333333
N7_E11a_T12b,N7,arxiv_sh_031,single_specific,B,0.5,0.9668504686888894,0.0,0.48895015622962984
N7_E11a_T12b,N7,arxiv_sh_032,single_specific,B,0.5,0.0,0.0,0.16666666666666666
N7_E11a_T12b,N7,arxiv_sh_033,single_specific,B,1.0,0.8563254743681646,0.0,0.6187751581227215
N7_E11a_T12b,N7,arxiv_sh_034,single_specific,B,1.0,0.0,0.0,0.3333333333333333
N7_E11a_T12b,N7,arxiv_agg_000,aggregate_cross_paper,B,0.8571428571428571,0.6886166002405046,1.0,0.848586485794454
N7_E11a_T12b,N7,arxiv_agg_001,aggregate_cross_paper,B,0.8,0.0,0.0,0.26666666666666666
N7_E11a_T12b,N7,arxiv_agg_002,aggregate_cross_paper,B,0.5,0.0,0.0,0.16666666666666666
N7_E11a_T12b,N7,arxiv_agg_003,aggregate_cross_paper,B,1.0,0.7897957842802837,0.0,0.5965985947600946
N7_E11a_T12b,N7,arxiv_agg_004,aggregate_cross_paper,B,0.5714285714285714,0.6828126539695772,0.5,0.5847470751327162
N7_E11a_T12b,N7,arxiv_agg_005,aggregate_cross_paper,B,1.0,0.7981269247987988,0.5,0.7660423082662663
N7_E11a_T12b,N7,arxiv_agg_006,aggregate_cross_paper,B,0.3333333333333333,0.7045118843230279,0.0,0.3459484058854538
N7_E11a_T12b,N7,arxiv_agg_007,aggregate_cross_paper,B,0.875,0.7210289840348812,1.0,0.8653429946782937
N7_E11a_T12b,N7,arxiv_agg_008,aggregate_cross_paper,B,0.8571428571428571,0.7370358702187558,1.0,0.864726242453871
N7_E11a_T12b,N7,arxiv_agg_009,aggregate_cross_paper,B,0.6,0.9386112139926223,0.0,0.5128704046642074
N7_E11a_T12b,N7,arxiv_agg_010,aggregate_cross_paper,B,1.0,0.5082217407372898,1.0,0.8360739135790967
N7_E11a_T12b,N7,arxiv_agg_011,aggregate_cross_paper,B,0.8333333333333334,0.0,0.0,0.2777777777777778
N7_E11a_T12b,N7,arxiv_agg_012,aggregate_cross_paper,B,0.0,0.8244817384906024,0.0,0.2748272461635341
N7_E11a_T12b,N7,arxiv_agg_013,aggregate_cross_paper,B,1.0,0.6192963116913405,1.0,0.8730987705637802
N7_E11a_T12b,N7,arxiv_agg_014,aggregate_cross_paper,B,0.75,0.0,0.0,0.25
N7_E11a_T12b,N7,arxiv_agg_015,aggregate_cross_paper,B,0.8571428571428571,0.0,0.5,0.4523809523809524
N7_E11a_T12b,N7,arxiv_agg_016,aggregate_cross_paper,B,0.7142857142857143,0.0,0.25,0.32142857142857145
N7_E11a_T12b,N7,arxiv_agg_017,aggregate_cross_paper,B,1.0,0.0,0.0,0.3333333333333333
N7_E11a_T12b,N7,arxiv_agg_018,aggregate_cross_paper,B,0.6666666666666666,0.7123776036244674,0.0,0.45968142343037804
N7_E11a_T12b,N7,arxiv_agg_019,aggregate_cross_paper,B,0.8333333333333334,0.5127621783351968,0.0,0.4486985038895101
N7_E11a_T12b,N7,arxiv_agg_020,aggregate_cross_paper,B,0.8333333333333334,0.7414769635537581,0.5,0.6916034322956972
N7_E11a_T12b,N7,arxiv_agg_021,aggregate_cross_paper,B,1.0,0.0,0.0,0.3333333333333333
N7_E11a_T12b,N7,arxiv_agg_022,aggregate_cross_paper,B,0.5714285714285714,0.6226486932810246,0.5,0.5646924215698653
N7_E11a_T12b,N7,arxiv_agg_023,aggregate_cross_paper,B,0.75,0.0,0.0,0.25
N7_E11a_T12b,N7,arxiv_agg_024,aggregate_cross_paper,B,0.8571428571428571,0.7672986725796239,0.5,0.7081471765741604
N7_E11a_T12b,N7,arxiv_agg_025,aggregate_cross_paper,B,1.0,0.0,0.0,0.3333333333333333
N7_E11a_T12b,N7,arxiv_agg_026,aggregate_cross_paper,B,1.0,0.0,0.0,0.3333333333333333
N7_E11a_T12b,N7,arxiv_agg_027,aggregate_cross_paper,B,0.8,0.0,0.0,0.26666666666666666
N7_E11a_T12b,N7,arxiv_agg_028,aggregate_cross_paper,B,0.5,0.0,0.0,0.16666666666666666
N7_E11a_T12b,N7,arxiv_agg_029,aggregate_cross_paper,B,1.0,0.5252636002490934,0.5,0.6750878667496978
N7_E11a_T12b,N7,arxiv_agg_030,aggregate_cross_paper,B,0.4,0.6431044618019227,0.0,0.3477014872673076
N7_E11a_T12b,N7,arxiv_agg_031,aggregate_cross_paper,B,1.0,0.0,0.0,0.3333333333333333
N7_E11a_T12b,N7,arxiv_agg_032,aggregate_cross_paper,B,0.875,0.7321198796533045,0.5,0.7023732932177681
N7_E11a_T12b,N7,arxiv_edge_000,edge_multihop,B,1.0,0.0,0.0,0.3333333333333333
N7_E11a_T12b,N7,arxiv_edge_001,edge_multihop,B,0.2857142857142857,0.6033814940741661,0.0,0.2963652599294839
N7_E11a_T12b,N7,arxiv_edge_002,edge_multihop,B,0.42857142857142855,0.0,0.0,0.14285714285714285
N7_E11a_T12b,N7,arxiv_edge_003,edge_multihop,B,1.0,0.6589873292344571,0.0,0.5529957764114858
N7_E11a_T12b,N7,arxiv_edge_004,edge_multihop,B,0.0,0.6292960040323452,0.0,0.2097653346774484
N7_E11a_T12b,N7,arxiv_edge_005,edge_multihop,B,1.0,0.0,0.0,0.3333333333333333
N7_E11a_T12b,N7,arxiv_edge_006,edge_multihop,B,1.0,0.0,0.0,0.3333333333333333
N7_E11a_T12b,N7,arxiv_edge_007,edge_multihop,B,0.8571428571428571,0.8000814115253796,0.0,0.5524080895560789
N7_E11a_T12b,N7,arxiv_edge_008,edge_multihop,B,1.0,0.0,0.0,0.3333333333333333
N7_E11a_T12b,N7,arxiv_edge_009,edge_multihop,B,1.0,0.0,0.0,0.3333333333333333
N7_E11a_T12b,N7,arxiv_edge_010,edge_multihop,B,1.0,0.0,0.0,0.3333333333333333
N7_E11a_T12b,N7,arxiv_edge_011,edge_multihop,B,0.8,0.0,0.0,0.26666666666666666
N7_E11a_T12b,N7,arxiv_edge_012,edge_multihop,B,1.0,0.0,0.0,0.3333333333333333
N7_E11a_T12b,N7,arxiv_edge_013,edge_multihop,B,1.0,0.0,0.0,0.3333333333333333
N7_E11a_T12b,N7,arxiv_edge_014,edge_multihop,B,1.0,0.0,0.0,0.3333333333333333
N7_E11a_T12b,N7,arxiv_edge_015,edge_multihop,B,1.0,0.0,0.75,0.5833333333333334
N7_E11a_T12b,N7,arxiv_edge_016,edge_multihop,B,0.75,0.0,0.0,0.25
N7_E11a_T12b,N7,arxiv_edge_017,edge_multihop,B,0.2857142857142857,0.6104517358814506,0.0,0.2987220071985788
N7_E11a_T12b,N7,arxiv_edge_018,edge_multihop,B,0.5714285714285714,0.0,0.0,0.19047619047619047
N7_E11a_T12b,N7,arxiv_edge_019,edge_multihop,B,0.6666666666666666,0.0,0.0,0.2222222222222222
N7_E11a_T12b,N7,arxiv_edge_020,edge_multihop,B,1.0,0.0,0.0,0.3333333333333333
N7_E11a_T12b,N7,arxiv_edge_021,edge_multihop,B,0.5,0.0,0.0,0.16666666666666666
N7_E11a_T12b,N7,arxiv_edge_022,edge_multihop,B,0.75,0.7212384621918627,0.0,0.49041282073062087
N7_E11a_T12b,N7,arxiv_edge_023,edge_multihop,B,0.6666666666666666,0.0,0.0,0.2222222222222222
N7_E11a_T12b,N7,arxiv_edge_024,edge_multihop,B,0.75,0.0,0.0,0.25
N7_E11a_T12b,N7,arxiv_edge_025,edge_multihop,B,0.7142857142857143,0.8231090093698611,0.0,0.5124649078851918
N7_E11a_T12b,N7,arxiv_edge_026,edge_multihop,B,0.8333333333333334,0.0,0.0,0.2777777777777778
N7_E11a_T12b,N7,arxiv_edge_027,edge_multihop,B,0.5,0.0,0.0,0.16666666666666666
N7_E11a_T12b,N7,arxiv_edge_028,edge_multihop,B,1.0,0.0,0.0,0.3333333333333333
N7_E11a_T12b,N7,arxiv_edge_029,edge_multihop,B,1.0,0.0,0.0,0.3333333333333333
N7_E11a_T12b,N7,arxiv_edge_030,edge_multihop,B,1.0,0.0,0.0,0.3333333333333333
N7_E11a_T12b,N7,arxiv_edge_031,edge_multihop,B,1.0,0.0,0.0,0.3333333333333333
N7_E11a_T12b,N7,arxiv_edge_032,edge_multihop,B,1.0,0.0,0.0,0.3333333333333333
N7_E11a_T12b,N7,arxiv_edge_033,edge_multihop,B,1.0,0.7709961367348225,0.0,0.5903320455782741
N7_E11b_T12a,N7,arxiv_sh_000,single_specific,B,0.0,0.0,1.0,0.3333333333333333
N7_E11b_T12a,N7,arxiv_sh_001,single_specific,B,0.75,0.8850142547985236,0.0,0.5450047515995079
N7_E11b_T12a,N7,arxiv_sh_002,single_specific,B,1.0,0.0,0.0,0.3333333333333333
N7_E11b_T12a,N7,arxiv_sh_003,single_specific,B,1.0,0.0,0.0,0.3333333333333333
N7_E11b_T12a,N7,arxiv_sh_004,single_specific,B,0.3333333333333333,0.9363328268406855,0.0,0.4232220533913396
N7_E11b_T12a,N7,arxiv_sh_005,single_specific,B,1.0,0.0,0.0,0.3333333333333333
N7_E11b_T12a,N7,arxiv_sh_006,single_specific,B,0.5,0.0,0.0,0.16666666666666666
N7_E11b_T12a,N7,arxiv_sh_007,single_specific,B,0.0,0.0,0.0,0.0
N7_E11b_T12a,N7,arxiv_sh_008,single_specific,B,1.0,0.0,0.0,0.3333333333333333
N7_E11b_T12a,N7,arxiv_sh_009,single_specific,B,0.0,0.0,0.0,0.0
N7_E11b_T12a,N7,arxiv_sh_010,single_specific,B,0.5,0.9521320285621465,0.0,0.4840440095207155
N7_E11b_T12a,N7,arxiv_sh_011,single_specific,B,0.8333333333333334,0.5423192522809597,0.0,0.45855086187143107
N7_E11b_T12a,N7,arxiv_sh_012,single_specific,B,0.75,0.8624760065420624,0.0,0.5374920021806875
N7_E11b_T12a,N7,arxiv_sh_013,single_specific,B,1.0,0.0,0.0,0.3333333333333333
N7_E11b_T12a,N7,arxiv_sh_014,single_specific,B,0.6666666666666666,0.0,0.0,0.2222222222222222
N7_E11b_T12a,N7,arxiv_sh_015,single_specific,B,1.0,0.0,0.0,0.3333333333333333
N7_E11b_T12a,N7,arxiv_sh_016,single_specific,B,1.0,0.0,0.0,0.3333333333333333
N7_E11b_T12a,N7,arxiv_sh_017,single_specific,B,1.0,0.9398849773714139,0.0,0.6466283257904712
N7_E11b_T12a,N7,arxiv_sh_018,single_specific,B,0.0,0.0,0.0,0.0
N7_E11b_T12a,N7,arxiv_sh_019,single_specific,B,1.0,0.0,0.0,0.3333333333333333
N7_E11b_T12a,N7,arxiv_sh_020,single_specific,B,1.0,0.0,0.0,0.3333333333333333
N7_E11b_T12a,N7,arxiv_sh_021,single_specific,B,1.0,0.0,0.0,0.3333333333333333
N7_E11b_T12a,N7,arxiv_sh_022,single_specific,B,1.0,0.0,0.0,0.3333333333333333
N7_E11b_T12a,N7,arxiv_sh_023,single_specific,B,1.0,0.8257594638863978,1.0,0.9419198212954659
N7_E11b_T12a,N7,arxiv_sh_024,single_specific,B,0.5,0.0,0.0,0.16666666666666666
N7_E11b_T12a,N7,arxiv_sh_025,single_specific,B,1.0,0.0,0.0,0.3333333333333333
N7_E11b_T12a,N7,arxiv_sh_026,single_specific,B,1.0,0.0,0.0,0.3333333333333333
N7_E11b_T12a,N7,arxiv_sh_027,single_specific,B,1.0,0.0,0.0,0.3333333333333333
N7_E11b_T12a,N7,arxiv_sh_028,single_specific,B,0.5,0.0,0.0,0.16666666666666666
N7_E11b_T12a,N7,arxiv_sh_029,single_specific,B,1.0,0.0,0.0,0.3333333333333333
N7_E11b_T12a,N7,arxiv_sh_030,single_specific,B,0.5,0.0,0.0,0.16666666666666666
N7_E11b_T12a,N7,arxiv_sh_031,single_specific,B,0.5,0.0,0.0,0.16666666666666666
N7_E11b_T12a,N7,arxiv_sh_032,single_specific,B,1.0,0.0,0.0,0.3333333333333333
N7_E11b_T12a,N7,arxiv_sh_033,single_specific,B,0.6666666666666666,0.0,0.0,0.2222222222222222
N7_E11b_T12a,N7,arxiv_sh_034,single_specific,B,1.0,0.0,0.0,0.3333333333333333
N7_E11b_T12a,N7,arxiv_agg_000,aggregate_cross_paper,B,1.0,0.565717313506857,1.0,0.8552391045022857
N7_E11b_T12a,N7,arxiv_agg_001,aggregate_cross_paper,B,0.4,0.0,0.0,0.13333333333333333
N7_E11b_T12a,N7,arxiv_agg_002,aggregate_cross_paper,B,1.0,0.0,0.0,0.3333333333333333
N7_E11b_T12a,N7,arxiv_agg_003,aggregate_cross_paper,B,0.6,0.7843380865338304,0.0,0.4614460288446101
N7_E11b_T12a,N7,arxiv_agg_004,aggregate_cross_paper,B,1.0,0.0,0.0,0.3333333333333333
N7_E11b_T12a,N7,arxiv_agg_005,aggregate_cross_paper,B,1.0,0.7981269247987988,0.0,0.5993756415995996
N7_E11b_T12a,N7,arxiv_agg_006,aggregate_cross_paper,B,0.5,0.0,0.0,0.16666666666666666
N7_E11b_T12a,N7,arxiv_agg_007,aggregate_cross_paper,B,0.5714285714285714,0.7210289840348812,0.25,0.5141525184878176
N7_E11b_T12a,N7,arxiv_agg_008,aggregate_cross_paper,B,0.7142857142857143,0.8095278482261848,1.0,0.8412711875039663
N7_E11b_T12a,N7,arxiv_agg_009,aggregate_cross_paper,B,1.0,0.0,0.0,0.3333333333333333
N7_E11b_T12a,N7,arxiv_agg_010,aggregate_cross_paper,B,0.875,0.7672846864214101,0.0,0.5474282288071367
N7_E11b_T12a,N7,arxiv_agg_011,aggregate_cross_paper,B,1.0,0.0,0.0,0.3333333333333333
N7_E11b_T12a,N7,arxiv_agg_012,aggregate_cross_paper,B,0.625,0.8267223670043157,0.0,0.48390745566810517
N7_E11b_T12a,N7,arxiv_agg_013,aggregate_cross_paper,B,1.0,0.9337564321921995,0.5,0.8112521440640665
N7_E11b_T12a,N7,arxiv_agg_014,aggregate_cross_paper,B,0.75,0.0,0.0,0.25
N7_E11b_T12a,N7,arxiv_agg_015,aggregate_cross_paper,B,0.5,0.0,0.0,0.16666666666666666
N7_E11b_T12a,N7,arxiv_agg_016,aggregate_cross_paper,B,0.8888888888888888,0.0,0.0,0.2962962962962963
N7_E11b_T12a,N7,arxiv_agg_017,aggregate_cross_paper,B,0.0,0.0,0.0,0.0
N7_E11b_T12a,N7,arxiv_agg_018,aggregate_cross_paper,B,0.3333333333333333,0.8093808179706447,0.0,0.380904717101326
N7_E11b_T12a,N7,arxiv_agg_019,aggregate_cross_paper,B,0.6363636363636364,0.79664854194101,0.0,0.47767072610154876
N7_E11b_T12a,N7,arxiv_agg_020,aggregate_cross_paper,B,0.5,0.7414769635537581,0.0,0.41382565451791936
N7_E11b_T12a,N7,arxiv_agg_021,aggregate_cross_paper,B,1.0,0.0,0.0,0.3333333333333333
N7_E11b_T12a,N7,arxiv_agg_022,aggregate_cross_paper,B,0.8571428571428571,0.5855241520998344,0.0,0.4808890030808972
N7_E11b_T12a,N7,arxiv_agg_023,aggregate_cross_paper,B,0.5,0.0,0.0,0.16666666666666666
N7_E11b_T12a,N7,arxiv_agg_024,aggregate_cross_paper,B,0.6,0.8702631057538935,0.0,0.4900877019179645
N7_E11b_T12a,N7,arxiv_agg_025,aggregate_cross_paper,B,1.0,0.0,0.0,0.3333333333333333
N7_E11b_T12a,N7,arxiv_agg_026,aggregate_cross_paper,B,1.0,0.0,0.0,0.3333333333333333
N7_E11b_T12a,N7,arxiv_agg_027,aggregate_cross_paper,B,0.5,0.0,0.0,0.16666666666666666
N7_E11b_T12a,N7,arxiv_agg_028,aggregate_cross_paper,B,0.5,0.0,0.0,0.16666666666666666
N7_E11b_T12a,N7,arxiv_agg_029,aggregate_cross_paper,B,1.0,0.5252636002490934,0.0,0.5084212000830312
N7_E11b_T12a,N7,arxiv_agg_030,aggregate_cross_paper,B,0.4,0.6331748739323682,0.0,0.3443916246441227
N7_E11b_T12a,N7,arxiv_agg_031,aggregate_cross_paper,B,1.0,0.0,0.0,0.3333333333333333
N7_E11b_T12a,N7,arxiv_agg_032,aggregate_cross_paper,B,0.9090909090909091,0.9208953216622304,0.0,0.6099954102510465
N7_E11b_T12a,N7,arxiv_edge_000,edge_multihop,B,1.0,0.0,0.0,0.3333333333333333
N7_E11b_T12a,N7,arxiv_edge_001,edge_multihop,B,1.0,0.0,0.0,0.3333333333333333
N7_E11b_T12a,N7,arxiv_edge_002,edge_multihop,B,0.3333333333333333,0.813613514272376,1.0,0.7156489492019031
N7_E11b_T12a,N7,arxiv_edge_003,edge_multihop,B,0.5,0.0,0.0,0.16666666666666666
N7_E11b_T12a,N7,arxiv_edge_004,edge_multihop,B,1.0,0.0,0.0,0.3333333333333333
N7_E11b_T12a,N7,arxiv_edge_005,edge_multihop,B,1.0,0.0,0.0,0.3333333333333333
N7_E11b_T12a,N7,arxiv_edge_006,edge_multihop,B,1.0,0.0,0.0,0.3333333333333333
N7_E11b_T12a,N7,arxiv_edge_007,edge_multihop,B,0.42857142857142855,0.5527962353814045,0.0,0.32712255465094436
N7_E11b_T12a,N7,arxiv_edge_008,edge_multihop,B,1.0,0.0,0.0,0.3333333333333333
N7_E11b_T12a,N7,arxiv_edge_009,edge_multihop,B,1.0,0.0,0.0,0.3333333333333333
N7_E11b_T12a,N7,arxiv_edge_010,edge_multihop,B,1.0,0.0,0.0,0.3333333333333333
N7_E11b_T12a,N7,arxiv_edge_011,edge_multihop,B,1.0,0.0,0.0,0.3333333333333333
N7_E11b_T12a,N7,arxiv_edge_012,edge_multihop,B,0.8,0.0,0.0,0.26666666666666666
N7_E11b_T12a,N7,arxiv_edge_013,edge_multihop,B,1.0,0.0,0.0,0.3333333333333333
N7_E11b_T12a,N7,arxiv_edge_014,edge_multihop,B,0.75,0.0,0.0,0.25
N7_E11b_T12a,N7,arxiv_edge_015,edge_multihop,B,0.25,0.8291819039173052,0.0,0.3597273013057684
N7_E11b_T12a,N7,arxiv_edge_016,edge_multihop,B,0.75,0.0,0.0,0.25
N7_E11b_T12a,N7,arxiv_edge_017,edge_multihop,B,1.0,0.0,0.0,0.3333333333333333
N7_E11b_T12a,N7,arxiv_edge_018,edge_multihop,B,0.75,0.0,0.0,0.25
N7_E11b_T12a,N7,arxiv_edge_019,edge_multihop,B,0.6666666666666666,0.0,0.0,0.2222222222222222
N7_E11b_T12a,N7,arxiv_edge_020,edge_multihop,B,1.0,0.0,0.0,0.3333333333333333
N7_E11b_T12a,N7,arxiv_edge_021,edge_multihop,B,1.0,0.0,0.0,0.3333333333333333
N7_E11b_T12a,N7,arxiv_edge_022,edge_multihop,B,0.2,0.6952073007743907,0.0,0.2984024335914636
N7_E11b_T12a,N7,arxiv_edge_023,edge_multihop,B,0.0,0.7505211233299928,0.0,0.25017370777666426
N7_E11b_T12a,N7,arxiv_edge_024,edge_multihop,B,1.0,0.0,0.0,0.3333333333333333
N7_E11b_T12a,N7,arxiv_edge_025,edge_multihop,B,1.0,0.0,0.0,0.3333333333333333
N7_E11b_T12a,N7,arxiv_edge_026,edge_multihop,B,0.0,0.0,0.0,0.0
N7_E11b_T12a,N7,arxiv_edge_027,edge_multihop,B,0.625,0.0,0.0,0.20833333333333334
N7_E11b_T12a,N7,arxiv_edge_028,edge_multihop,B,0.75,0.0,0.0,0.25
N7_E11b_T12a,N7,arxiv_edge_029,edge_multihop,B,1.0,0.0,0.0,0.3333333333333333
N7_E11b_T12a,N7,arxiv_edge_030,edge_multihop,B,1.0,0.0,0.0,0.3333333333333333
N7_E11b_T12a,N7,arxiv_edge_031,edge_multihop,B,1.0,0.0,0.0,0.3333333333333333
N7_E11b_T12a,N7,arxiv_edge_032,edge_multihop,B,1.0,0.0,0.0,0.3333333333333333
N7_E11b_T12a,N7,arxiv_edge_033,edge_multihop,B,1.0,0.0,0.0,0.3333333333333333
N7_E11b_T12b,N7,arxiv_sh_000,single_specific,B,0.0,0.0,1.0,0.3333333333333333
N7_E11b_T12b,N7,arxiv_sh_001,single_specific,B,0.75,0.8850142547985236,0.0,0.5450047515995079
N7_E11b_T12b,N7,arxiv_sh_002,single_specific,B,1.0,0.0,0.0,0.3333333333333333
N7_E11b_T12b,N7,arxiv_sh_003,single_specific,B,1.0,0.0,0.0,0.3333333333333333
N7_E11b_T12b,N7,arxiv_sh_004,single_specific,B,0.0,0.9363277402750216,0.0,0.31210924675834056
N7_E11b_T12b,N7,arxiv_sh_005,single_specific,B,1.0,0.0,0.0,0.3333333333333333
N7_E11b_T12b,N7,arxiv_sh_006,single_specific,B,0.5,0.0,0.0,0.16666666666666666
N7_E11b_T12b,N7,arxiv_sh_007,single_specific,B,0.5,0.9814440460009309,0.0,0.49381468200031026
N7_E11b_T12b,N7,arxiv_sh_008,single_specific,B,1.0,0.0,0.0,0.3333333333333333
N7_E11b_T12b,N7,arxiv_sh_009,single_specific,B,0.0,0.0,0.0,0.0
N7_E11b_T12b,N7,arxiv_sh_010,single_specific,B,0.5,0.9521320285621465,0.0,0.4840440095207155
N7_E11b_T12b,N7,arxiv_sh_011,single_specific,B,0.8333333333333334,0.5423192522809597,0.0,0.45855086187143107
N7_E11b_T12b,N7,arxiv_sh_012,single_specific,B,0.6666666666666666,0.983299833250907,0.0,0.5499888333058579
N7_E11b_T12b,N7,arxiv_sh_013,single_specific,B,1.0,0.0,0.0,0.3333333333333333
N7_E11b_T12b,N7,arxiv_sh_014,single_specific,B,0.6666666666666666,0.0,0.0,0.2222222222222222
N7_E11b_T12b,N7,arxiv_sh_015,single_specific,B,0.5,0.9575862362433809,0.0,0.48586207874779364
N7_E11b_T12b,N7,arxiv_sh_016,single_specific,B,0.75,0.0,0.0,0.25
N7_E11b_T12b,N7,arxiv_sh_017,single_specific,B,1.0,0.9397699674930454,0.0,0.6465899891643484
N7_E11b_T12b,N7,arxiv_sh_018,single_specific,B,0.0,0.0,0.0,0.0
N7_E11b_T12b,N7,arxiv_sh_019,single_specific,B,1.0,0.0,0.0,0.3333333333333333
N7_E11b_T12b,N7,arxiv_sh_020,single_specific,B,1.0,0.0,0.0,0.3333333333333333
N7_E11b_T12b,N7,arxiv_sh_021,single_specific,B,1.0,0.0,0.0,0.3333333333333333
N7_E11b_T12b,N7,arxiv_sh_022,single_specific,B,1.0,0.0,0.0,0.3333333333333333
N7_E11b_T12b,N7,arxiv_sh_023,single_specific,B,1.0,0.8318427190973191,1.0,0.9439475730324397
N7_E11b_T12b,N7,arxiv_sh_024,single_specific,B,0.5,0.0,0.0,0.16666666666666666
N7_E11b_T12b,N7,arxiv_sh_025,single_specific,B,0.3333333333333333,0.0,0.0,0.1111111111111111
N7_E11b_T12b,N7,arxiv_sh_026,single_specific,B,1.0,0.0,0.0,0.3333333333333333
N7_E11b_T12b,N7,arxiv_sh_027,single_specific,B,1.0,0.0,0.0,0.3333333333333333
N7_E11b_T12b,N7,arxiv_sh_028,single_specific,B,0.5,0.0,0.0,0.16666666666666666
N7_E11b_T12b,N7,arxiv_sh_029,single_specific,B,1.0,0.0,0.0,0.3333333333333333
N7_E11b_T12b,N7,arxiv_sh_030,single_specific,B,0.5,0.0,0.0,0.16666666666666666
N7_E11b_T12b,N7,arxiv_sh_031,single_specific,B,0.5,0.0,0.0,0.16666666666666666
N7_E11b_T12b,N7,arxiv_sh_032,single_specific,B,1.0,0.0,0.0,0.3333333333333333
N7_E11b_T12b,N7,arxiv_sh_033,single_specific,B,0.6666666666666666,0.0,0.0,0.2222222222222222
N7_E11b_T12b,N7,arxiv_sh_034,single_specific,B,1.0,0.0,0.0,0.3333333333333333
N7_E11b_T12b,N7,arxiv_agg_000,aggregate_cross_paper,B,1.0,0.5656176593969566,1.0,0.8552058864656522
N7_E11b_T12b,N7,arxiv_agg_001,aggregate_cross_paper,B,0.4,0.0,0.0,0.13333333333333333
N7_E11b_T12b,N7,arxiv_agg_002,aggregate_cross_paper,B,1.0,0.0,0.0,0.3333333333333333
N7_E11b_T12b,N7,arxiv_agg_003,aggregate_cross_paper,B,0.7142857142857143,0.784322525068446,0.0,0.49953607978472014
N7_E11b_T12b,N7,arxiv_agg_004,aggregate_cross_paper,B,0.8,0.0,0.0,0.26666666666666666
N7_E11b_T12b,N7,arxiv_agg_005,aggregate_cross_paper,B,1.0,0.7981269247987988,0.0,0.5993756415995996
N7_E11b_T12b,N7,arxiv_agg_006,aggregate_cross_paper,B,0.5,0.0,0.0,0.16666666666666666
N7_E11b_T12b,N7,arxiv_agg_007,aggregate_cross_paper,B,0.75,0.7210289840348812,0.5,0.6570096613449604
N7_E11b_T12b,N7,arxiv_agg_008,aggregate_cross_paper,B,1.0,0.7900402260628395,1.0,0.9300134086876132
N7_E11b_T12b,N7,arxiv_agg_009,aggregate_cross_paper,B,0.16666666666666666,0.9386215901284293,0.0,0.3684294189316986
N7_E11b_T12b,N7,arxiv_agg_010,aggregate_cross_paper,B,0.875,0.8163236558135963,0.0,0.5637745519378655
N7_E11b_T12b,N7,arxiv_agg_011,aggregate_cross_paper,B,0.8333333333333334,0.0,0.0,0.2777777777777778
N7_E11b_T12b,N7,arxiv_agg_012,aggregate_cross_paper,B,0.5555555555555556,0.8195161735673092,0.0,0.458357243040955
N7_E11b_T12b,N7,arxiv_agg_013,aggregate_cross_paper,B,1.0,0.9336999924570192,0.5,0.8112333308190064
N7_E11b_T12b,N7,arxiv_agg_014,aggregate_cross_paper,B,0.25,0.0,0.0,0.08333333333333333
N7_E11b_T12b,N7,arxiv_agg_015,aggregate_cross_paper,B,0.5,0.0,0.0,0.16666666666666666
N7_E11b_T12b,N7,arxiv_agg_016,aggregate_cross_paper,B,0.8888888888888888,0.0,0.0,0.2962962962962963
N7_E11b_T12b,N7,arxiv_agg_017,aggregate_cross_paper,B,0.3333333333333333,0.0,0.0,0.1111111111111111
N7_E11b_T12b,N7,arxiv_agg_018,aggregate_cross_paper,B,0.2857142857142857,0.8093808179706447,0.0,0.36503170122831013
N7_E11b_T12b,N7,arxiv_agg_019,aggregate_cross_paper,B,0.6363636363636364,0.79664854194101,0.0,0.47767072610154876
N7_E11b_T12b,N7,arxiv_agg_020,aggregate_cross_paper,B,1.0,0.8389906749615982,0.0,0.6129968916538661
N7_E11b_T12b,N7,arxiv_agg_021,aggregate_cross_paper,B,1.0,0.0,0.0,0.3333333333333333
N7_E11b_T12b,N7,arxiv_agg_022,aggregate_cross_paper,B,0.8333333333333334,0.6333971777003448,0.0,0.48891017034455936
N7_E11b_T12b,N7,arxiv_agg_023,aggregate_cross_paper,B,0.75,0.0,0.0,0.25
N7_E11b_T12b,N7,arxiv_agg_024,aggregate_cross_paper,B,0.5,0.8702631057538935,0.0,0.4567543685846312
N7_E11b_T12b,N7,arxiv_agg_025,aggregate_cross_paper,B,1.0,0.0,0.0,0.3333333333333333
N7_E11b_T12b,N7,arxiv_agg_026,aggregate_cross_paper,B,1.0,0.0,0.0,0.3333333333333333
N7_E11b_T12b,N7,arxiv_agg_027,aggregate_cross_paper,B,0.75,0.0,0.0,0.25
N7_E11b_T12b,N7,arxiv_agg_028,aggregate_cross_paper,B,0.5,0.0,0.0,0.16666666666666666
N7_E11b_T12b,N7,arxiv_agg_029,aggregate_cross_paper,B,0.5714285714285714,0.5252528992081438,0.0,0.3655604902122384
N7_E11b_T12b,N7,arxiv_agg_030,aggregate_cross_paper,B,0.6,0.6331176581778784,0.0,0.41103921939262617
N7_E11b_T12b,N7,arxiv_agg_031,aggregate_cross_paper,B,1.0,0.0,0.0,0.3333333333333333
N7_E11b_T12b,N7,arxiv_agg_032,aggregate_cross_paper,B,0.8,0.920896240704812,0.0,0.5736320802349374
N7_E11b_T12b,N7,arxiv_edge_000,edge_multihop,B,1.0,0.0,0.0,0.3333333333333333
N7_E11b_T12b,N7,arxiv_edge_001,edge_multihop,B,1.0,0.0,0.0,0.3333333333333333
N7_E11b_T12b,N7,arxiv_edge_002,edge_multihop,B,0.2857142857142857,0.8054945874004599,1.0,0.6970696243715819
N7_E11b_T12b,N7,arxiv_edge_003,edge_multihop,B,0.6666666666666666,0.6669286112136614,0.0,0.44453175929344263
N7_E11b_T12b,N7,arxiv_edge_004,edge_multihop,B,0.5,0.960031587131359,0.0,0.486677195710453
N7_E11b_T12b,N7,arxiv_edge_005,edge_multihop,B,1.0,0.0,0.0,0.3333333333333333
N7_E11b_T12b,N7,arxiv_edge_006,edge_multihop,B,1.0,0.0,0.0,0.3333333333333333
N7_E11b_T12b,N7,arxiv_edge_007,edge_multihop,B,0.5714285714285714,0.5537578762034487,0.0,0.3750621492106734
N7_E11b_T12b,N7,arxiv_edge_008,edge_multihop,B,1.0,0.0,0.0,0.3333333333333333
N7_E11b_T12b,N7,arxiv_edge_009,edge_multihop,B,1.0,0.0,0.0,0.3333333333333333
N7_E11b_T12b,N7,arxiv_edge_010,edge_multihop,B,1.0,0.0,0.0,0.3333333333333333
N7_E11b_T12b,N7,arxiv_edge_011,edge_multihop,B,1.0,0.0,0.0,0.3333333333333333
N7_E11b_T12b,N7,arxiv_edge_012,edge_multihop,B,0.6,0.0,0.0,0.19999999999999998
N7_E11b_T12b,N7,arxiv_edge_013,edge_multihop,B,1.0,0.0,0.0,0.3333333333333333
N7_E11b_T12b,N7,arxiv_edge_014,edge_multihop,B,0.75,0.0,0.0,0.25
N7_E11b_T12b,N7,arxiv_edge_015,edge_multihop,B,0.25,0.8276402650600113,0.0,0.3592134216866705
N7_E11b_T12b,N7,arxiv_edge_016,edge_multihop,B,0.25,0.0,0.0,0.08333333333333333
N7_E11b_T12b,N7,arxiv_edge_017,edge_multihop,B,1.0,0.0,0.0,0.3333333333333333
N7_E11b_T12b,N7,arxiv_edge_018,edge_multihop,B,1.0,0.0,0.0,0.3333333333333333
N7_E11b_T12b,N7,arxiv_edge_019,edge_multihop,B,0.6666666666666666,0.0,0.0,0.2222222222222222
N7_E11b_T12b,N7,arxiv_edge_020,edge_multihop,B,1.0,0.0,0.0,0.3333333333333333
N7_E11b_T12b,N7,arxiv_edge_021,edge_multihop,B,0.6666666666666666,0.0,0.0,0.2222222222222222
N7_E11b_T12b,N7,arxiv_edge_022,edge_multihop,B,0.2,0.7587412579801557,0.0,0.3195804193267186
N7_E11b_T12b,N7,arxiv_edge_023,edge_multihop,B,0.16666666666666666,0.7504937531788408,0.0,0.3057201399485025
N7_E11b_T12b,N7,arxiv_edge_024,edge_multihop,B,1.0,0.0,0.0,0.3333333333333333
N7_E11b_T12b,N7,arxiv_edge_025,edge_multihop,B,0.75,0.0,0.0,0.25
N7_E11b_T12b,N7,arxiv_edge_026,edge_multihop,B,0.0,0.0,0.0,0.0
N7_E11b_T12b,N7,arxiv_edge_027,edge_multihop,B,0.5,0.0,0.0,0.16666666666666666
N7_E11b_T12b,N7,arxiv_edge_028,edge_multihop,B,0.75,0.0,0.0,0.25
N7_E11b_T12b,N7,arxiv_edge_029,edge_multihop,B,1.0,0.0,0.0,0.3333333333333333
N7_E11b_T12b,N7,arxiv_edge_030,edge_multihop,B,1.0,0.0,0.0,0.3333333333333333
N7_E11b_T12b,N7,arxiv_edge_031,edge_multihop,B,1.0,0.0,0.0,0.3333333333333333
N7_E11b_T12b,N7,arxiv_edge_032,edge_multihop,B,1.0,0.0,0.0,0.3333333333333333
N7_E11b_T12b,N7,arxiv_edge_033,edge_multihop,B,1.0,0.0,0.0,0.3333333333333333
N8_E10b_T12a,N8,arxiv_sh_000,single_specific,B,0.0,0.0,1.0,0.3333333333333333
N8_E10b_T12a,N8,arxiv_sh_001,single_specific,B,0.8333333333333334,0.8850171833125166,1.0,0.9061168388819499
N8_E10b_T12a,N8,arxiv_sh_002,single_specific,B,1.0,0.0,0.0,0.3333333333333333
N8_E10b_T12a,N8,arxiv_sh_003,single_specific,B,1.0,0.0,0.0,0.3333333333333333
N8_E10b_T12a,N8,arxiv_sh_004,single_specific,B,0.5,0.0,0.0,0.16666666666666666
N8_E10b_T12a,N8,arxiv_sh_005,single_specific,B,1.0,0.0,0.0,0.3333333333333333
N8_E10b_T12a,N8,arxiv_sh_006,single_specific,B,1.0,0.0,0.0,0.3333333333333333
N8_E10b_T12a,N8,arxiv_sh_007,single_specific,B,0.5,0.0,0.0,0.16666666666666666
N8_E10b_T12a,N8,arxiv_sh_008,single_specific,B,0.5,0.0,0.0,0.16666666666666666
N8_E10b_T12a,N8,arxiv_sh_009,single_specific,B,0.0,0.0,0.0,0.0
N8_E10b_T12a,N8,arxiv_sh_010,single_specific,B,0.5,0.0,0.0,0.16666666666666666
N8_E10b_T12a,N8,arxiv_sh_011,single_specific,B,0.2,0.965690539877276,0.5,0.5552301799590921
N8_E10b_T12a,N8,arxiv_sh_012,single_specific,B,1.0,0.0,0.0,0.3333333333333333
N8_E10b_T12a,N8,arxiv_sh_013,single_specific,B,1.0,0.0,0.0,0.3333333333333333
N8_E10b_T12a,N8,arxiv_sh_014,single_specific,B,1.0,0.0,0.0,0.3333333333333333
N8_E10b_T12a,N8,arxiv_sh_015,single_specific,B,1.0,0.0,0.0,0.3333333333333333
N8_E10b_T12a,N8,arxiv_sh_016,single_specific,B,1.0,0.0,0.0,0.3333333333333333
N8_E10b_T12a,N8,arxiv_sh_017,single_specific,B,1.0,0.0,0.0,0.3333333333333333
N8_E10b_T12a,N8,arxiv_sh_018,single_specific,B,1.0,0.7922027997177272,0.0,0.5974009332392424
N8_E10b_T12a,N8,arxiv_sh_019,single_specific,B,1.0,0.0,0.0,0.3333333333333333
N8_E10b_T12a,N8,arxiv_sh_020,single_specific,B,1.0,0.0,0.0,0.3333333333333333
N8_E10b_T12a,N8,arxiv_sh_021,single_specific,B,1.0,0.0,0.0,0.3333333333333333
N8_E10b_T12a,N8,arxiv_sh_022,single_specific,B,1.0,0.0,0.0,0.3333333333333333
N8_E10b_T12a,N8,arxiv_sh_023,single_specific,B,1.0,0.8318548907730311,1.0,0.943951630257677
N8_E10b_T12a,N8,arxiv_sh_024,single_specific,B,1.0,0.8463160429325279,0.0,0.6154386809775093
N8_E10b_T12a,N8,arxiv_sh_025,single_specific,B,1.0,0.0,0.0,0.3333333333333333
N8_E10b_T12a,N8,arxiv_sh_026,single_specific,B,1.0,0.0,0.0,0.3333333333333333
N8_E10b_T12a,N8,arxiv_sh_027,single_specific,B,1.0,0.0,0.0,0.3333333333333333
N8_E10b_T12a,N8,arxiv_sh_028,single_specific,B,0.5,0.0,0.0,0.16666666666666666
N8_E10b_T12a,N8,arxiv_sh_029,single_specific,B,0.5,0.0,0.0,0.16666666666666666
N8_E10b_T12a,N8,arxiv_sh_030,single_specific,B,0.5,0.0,1.0,0.5
N8_E10b_T12a,N8,arxiv_sh_031,single_specific,B,1.0,0.9667818217119258,0.0,0.6555939405706419
N8_E10b_T12a,N8,arxiv_sh_032,single_specific,B,1.0,0.0,0.0,0.3333333333333333
N8_E10b_T12a,N8,arxiv_sh_033,single_specific,B,1.0,0.862025629182536,0.0,0.620675209727512
N8_E10b_T12a,N8,arxiv_sh_034,single_specific,B,1.0,0.0,0.0,0.3333333333333333
N8_E10b_T12a,N8,arxiv_agg_000,aggregate_cross_paper,B,1.0,0.4766972313705738,1.0,0.8255657437901913
N8_E10b_T12a,N8,arxiv_agg_001,aggregate_cross_paper,B,0.8,0.0,0.0,0.26666666666666666
N8_E10b_T12a,N8,arxiv_agg_002,aggregate_cross_paper,B,0.5,0.0,0.0,0.16666666666666666
N8_E10b_T12a,N8,arxiv_agg_003,aggregate_cross_paper,B,0.6666666666666666,0.45881602068851074,0.0,0.3751608957850591
N8_E10b_T12a,N8,arxiv_agg_004,aggregate_cross_paper,B,0.7142857142857143,0.5858464365357481,1.0,0.7667107169404875
N8_E10b_T12a,N8,arxiv_agg_005,aggregate_cross_paper,B,1.0,0.49134995418762356,1.0,0.8304499847292078
N8_E10b_T12a,N8,arxiv_agg_006,aggregate_cross_paper,B,0.75,0.0,0.0,0.25
N8_E10b_T12a,N8,arxiv_agg_007,aggregate_cross_paper,B,0.6666666666666666,0.721016236945149,1.0,0.7958943012039384
N8_E10b_T12a,N8,arxiv_agg_008,aggregate_cross_paper,B,1.0,0.7705508417846209,1.0,0.9235169472615402
N8_E10b_T12a,N8,arxiv_agg_009,aggregate_cross_paper,B,0.8,0.8134890964322158,0.25,0.621163032144072
N8_E10b_T12a,N8,arxiv_agg_010,aggregate_cross_paper,B,0.6666666666666666,0.7530549435648793,1.0,0.8065738700771821
N8_E10b_T12a,N8,arxiv_agg_011,aggregate_cross_paper,B,1.0,0.0,0.0,0.3333333333333333
N8_E10b_T12a,N8,arxiv_agg_012,aggregate_cross_paper,B,0.8571428571428571,0.8244817384906024,0.0,0.5605415318778199
N8_E10b_T12a,N8,arxiv_agg_013,aggregate_cross_paper,B,1.0,0.6531234516415709,1.0,0.8843744838805238
N8_E10b_T12a,N8,arxiv_agg_014,aggregate_cross_paper,B,0.4,0.0,0.0,0.13333333333333333
N8_E10b_T12a,N8,arxiv_agg_015,aggregate_cross_paper,B,0.625,0.0,0.5,0.375
N8_E10b_T12a,N8,arxiv_agg_016,aggregate_cross_paper,B,1.0,0.0,0.5,0.5
N8_E10b_T12a,N8,arxiv_agg_017,aggregate_cross_paper,B,1.0,0.0,0.0,0.3333333333333333
N8_E10b_T12a,N8,arxiv_agg_018,aggregate_cross_paper,B,,0.0,0.0,0.0
N8_E10b_T12a,N8,arxiv_agg_019,aggregate_cross_paper,B,0.9,0.45798235122177994,0.5,0.61932745040726
N8_E10b_T12a,N8,arxiv_agg_020,aggregate_cross_paper,B,1.0,0.7278067058247807,0.5,0.7426022352749269
N8_E10b_T12a,N8,arxiv_agg_021,aggregate_cross_paper,B,1.0,0.0,0.0,0.3333333333333333
N8_E10b_T12a,N8,arxiv_agg_022,aggregate_cross_paper,B,1.0,0.6180301741702184,0.5,0.7060100580567394
N8_E10b_T12a,N8,arxiv_agg_023,aggregate_cross_paper,B,0.8,0.0,0.0,0.26666666666666666
N8_E10b_T12a,N8,arxiv_agg_024,aggregate_cross_paper,B,0.8571428571428571,0.820037196418332,1.0,0.8923933511870631
N8_E10b_T12a,N8,arxiv_agg_025,aggregate_cross_paper,B,1.0,0.0,0.0,0.3333333333333333
N8_E10b_T12a,N8,arxiv_agg_026,aggregate_cross_paper,B,1.0,0.0,0.0,0.3333333333333333
N8_E10b_T12a,N8,arxiv_agg_027,aggregate_cross_paper,B,0.8571428571428571,0.8683053974544706,0.0,0.5751494181991093
N8_E10b_T12a,N8,arxiv_agg_028,aggregate_cross_paper,B,1.0,0.0,0.0,0.3333333333333333
N8_E10b_T12a,N8,arxiv_agg_029,aggregate_cross_paper,B,1.0,0.5156288607843195,0.75,0.7552096202614398
N8_E10b_T12a,N8,arxiv_agg_030,aggregate_cross_paper,B,1.0,0.0,0.0,0.3333333333333333
N8_E10b_T12a,N8,arxiv_agg_031,aggregate_cross_paper,B,1.0,0.0,0.0,0.3333333333333333
N8_E10b_T12a,N8,arxiv_agg_032,aggregate_cross_paper,B,0.8571428571428571,0.5505278197650183,0.5,0.6358902256359585
N8_E10b_T12a,N8,arxiv_edge_000,edge_multihop,B,1.0,0.0,0.0,0.3333333333333333
N8_E10b_T12a,N8,arxiv_edge_001,edge_multihop,B,0.75,0.0,0.0,0.25
N8_E10b_T12a,N8,arxiv_edge_002,edge_multihop,B,0.3333333333333333,0.0,0.5,0.27777777777777773
N8_E10b_T12a,N8,arxiv_edge_003,edge_multihop,B,1.0,0.0,0.0,0.3333333333333333
N8_E10b_T12a,N8,arxiv_edge_004,edge_multihop,B,1.0,0.0,0.0,0.3333333333333333
N8_E10b_T12a,N8,arxiv_edge_005,edge_multihop,B,1.0,0.0,0.0,0.3333333333333333
N8_E10b_T12a,N8,arxiv_edge_006,edge_multihop,B,1.0,0.0,0.0,0.3333333333333333
N8_E10b_T12a,N8,arxiv_edge_007,edge_multihop,B,1.0,0.0,0.0,0.3333333333333333
N8_E10b_T12a,N8,arxiv_edge_008,edge_multihop,B,1.0,0.0,0.0,0.3333333333333333
N8_E10b_T12a,N8,arxiv_edge_009,edge_multihop,B,1.0,0.0,0.0,0.3333333333333333
N8_E10b_T12a,N8,arxiv_edge_010,edge_multihop,B,1.0,0.0,0.0,0.3333333333333333
N8_E10b_T12a,N8,arxiv_edge_011,edge_multihop,B,1.0,0.0,0.0,0.3333333333333333
N8_E10b_T12a,N8,arxiv_edge_012,edge_multihop,B,1.0,0.0,0.0,0.3333333333333333
N8_E10b_T12a,N8,arxiv_edge_013,edge_multihop,B,1.0,0.0,0.0,0.3333333333333333
N8_E10b_T12a,N8,arxiv_edge_014,edge_multihop,B,0.75,0.0,0.0,0.25
N8_E10b_T12a,N8,arxiv_edge_015,edge_multihop,B,0.3333333333333333,0.0,0.0,0.1111111111111111
N8_E10b_T12a,N8,arxiv_edge_016,edge_multihop,B,1.0,0.0,0.0,0.3333333333333333
N8_E10b_T12a,N8,arxiv_edge_017,edge_multihop,B,1.0,0.0,0.0,0.3333333333333333
N8_E10b_T12a,N8,arxiv_edge_018,edge_multihop,B,1.0,0.6438012626167686,0.0,0.5479337542055895
N8_E10b_T12a,N8,arxiv_edge_019,edge_multihop,B,1.0,0.0,0.0,0.3333333333333333
N8_E10b_T12a,N8,arxiv_edge_020,edge_multihop,B,1.0,0.0,0.0,0.3333333333333333
N8_E10b_T12a,N8,arxiv_edge_021,edge_multihop,B,0.6666666666666666,0.0,0.0,0.2222222222222222
N8_E10b_T12a,N8,arxiv_edge_022,edge_multihop,B,1.0,0.0,0.0,0.3333333333333333
N8_E10b_T12a,N8,arxiv_edge_023,edge_multihop,B,1.0,0.0,0.0,0.3333333333333333
N8_E10b_T12a,N8,arxiv_edge_024,edge_multihop,B,1.0,0.0,0.0,0.3333333333333333
N8_E10b_T12a,N8,arxiv_edge_025,edge_multihop,B,0.75,0.0,0.0,0.25
N8_E10b_T12a,N8,arxiv_edge_026,edge_multihop,B,0.3333333333333333,0.0,0.0,0.1111111111111111
N8_E10b_T12a,N8,arxiv_edge_027,edge_multihop,B,0.3333333333333333,0.7368922967825169,0.0,0.3567418767052834
N8_E10b_T12a,N8,arxiv_edge_028,edge_multihop,B,1.0,0.0,0.0,0.3333333333333333
N8_E10b_T12a,N8,arxiv_edge_029,edge_multihop,B,0.6666666666666666,0.0,0.0,0.2222222222222222
N8_E10b_T12a,N8,arxiv_edge_030,edge_multihop,B,1.0,0.0,0.0,0.3333333333333333
N8_E10b_T12a,N8,arxiv_edge_031,edge_multihop,B,1.0,0.0,0.0,0.3333333333333333
N8_E10b_T12a,N8,arxiv_edge_032,edge_multihop,B,1.0,0.0,0.0,0.3333333333333333
N8_E10b_T12a,N8,arxiv_edge_033,edge_multihop,B,0.75,0.0,0.0,0.25
N8_E10b_T12b,N8,arxiv_sh_000,single_specific,B,0.0,0.0,1.0,0.3333333333333333
N8_E10b_T12b,N8,arxiv_sh_001,single_specific,B,0.8333333333333334,0.8850171833125166,1.0,0.9061168388819499
N8_E10b_T12b,N8,arxiv_sh_002,single_specific,B,1.0,0.0,0.0,0.3333333333333333
N8_E10b_T12b,N8,arxiv_sh_003,single_specific,B,1.0,0.0,0.0,0.3333333333333333
N8_E10b_T12b,N8,arxiv_sh_004,single_specific,B,0.0,0.0,0.0,0.0
N8_E10b_T12b,N8,arxiv_sh_005,single_specific,B,1.0,0.0,0.0,0.3333333333333333
N8_E10b_T12b,N8,arxiv_sh_006,single_specific,B,1.0,0.0,0.0,0.3333333333333333
N8_E10b_T12b,N8,arxiv_sh_007,single_specific,B,0.5,0.0,0.0,0.16666666666666666
N8_E10b_T12b,N8,arxiv_sh_008,single_specific,B,0.6666666666666666,0.0,0.0,0.2222222222222222
N8_E10b_T12b,N8,arxiv_sh_009,single_specific,B,0.5,0.0,0.0,0.16666666666666666
N8_E10b_T12b,N8,arxiv_sh_010,single_specific,B,1.0,0.0,0.0,0.3333333333333333
N8_E10b_T12b,N8,arxiv_sh_011,single_specific,B,0.25,0.965249827951013,0.5,0.5717499426503377
N8_E10b_T12b,N8,arxiv_sh_012,single_specific,B,0.5,0.0,0.0,0.16666666666666666
N8_E10b_T12b,N8,arxiv_sh_013,single_specific,B,0.6666666666666666,0.0,0.0,0.2222222222222222
N8_E10b_T12b,N8,arxiv_sh_014,single_specific,B,1.0,0.0,0.0,0.3333333333333333
N8_E10b_T12b,N8,arxiv_sh_015,single_specific,B,1.0,0.0,0.0,0.3333333333333333
N8_E10b_T12b,N8,arxiv_sh_016,single_specific,B,1.0,0.0,0.0,0.3333333333333333
N8_E10b_T12b,N8,arxiv_sh_017,single_specific,B,0.6666666666666666,0.0,0.0,0.2222222222222222
N8_E10b_T12b,N8,arxiv_sh_018,single_specific,B,1.0,0.0,0.0,0.3333333333333333
N8_E10b_T12b,N8,arxiv_sh_019,single_specific,B,1.0,0.0,0.0,0.3333333333333333
N8_E10b_T12b,N8,arxiv_sh_020,single_specific,B,1.0,0.0,0.0,0.3333333333333333
N8_E10b_T12b,N8,arxiv_sh_021,single_specific,B,1.0,0.0,0.0,0.3333333333333333
N8_E10b_T12b,N8,arxiv_sh_022,single_specific,B,1.0,0.0,0.0,0.3333333333333333
N8_E10b_T12b,N8,arxiv_sh_023,single_specific,B,1.0,0.8318427190973191,1.0,0.9439475730324397
N8_E10b_T12b,N8,arxiv_sh_024,single_specific,B,1.0,0.8469094978826207,0.0,0.6156364992942068
N8_E10b_T12b,N8,arxiv_sh_025,single_specific,B,1.0,0.0,0.0,0.3333333333333333
N8_E10b_T12b,N8,arxiv_sh_026,single_specific,B,1.0,0.0,0.0,0.3333333333333333
N8_E10b_T12b,N8,arxiv_sh_027,single_specific,B,1.0,0.0,0.0,0.3333333333333333
N8_E10b_T12b,N8,arxiv_sh_028,single_specific,B,0.5,0.0,0.0,0.16666666666666666
N8_E10b_T12b,N8,arxiv_sh_029,single_specific,B,1.0,0.0,0.0,0.3333333333333333
N8_E10b_T12b,N8,arxiv_sh_030,single_specific,B,0.5,0.0,1.0,0.5
N8_E10b_T12b,N8,arxiv_sh_031,single_specific,B,1.0,0.9183272934693166,0.0,0.6394424311564388
N8_E10b_T12b,N8,arxiv_sh_032,single_specific,B,1.0,0.0,0.0,0.3333333333333333
N8_E10b_T12b,N8,arxiv_sh_033,single_specific,B,1.0,0.8392629707638825,0.0,0.6130876569212941
N8_E10b_T12b,N8,arxiv_sh_034,single_specific,B,1.0,0.0,0.0,0.3333333333333333
N8_E10b_T12b,N8,arxiv_agg_000,aggregate_cross_paper,B,1.0,0.4788611154243784,1.0,0.8262870384747929
N8_E10b_T12b,N8,arxiv_agg_001,aggregate_cross_paper,B,0.8,0.0,0.0,0.26666666666666666
N8_E10b_T12b,N8,arxiv_agg_002,aggregate_cross_paper,B,0.5,0.0,0.0,0.16666666666666666
N8_E10b_T12b,N8,arxiv_agg_003,aggregate_cross_paper,B,0.6666666666666666,0.45881602068851074,0.0,0.3751608957850591
N8_E10b_T12b,N8,arxiv_agg_004,aggregate_cross_paper,B,0.8571428571428571,0.7816415242769629,1.0,0.8795947938066067
N8_E10b_T12b,N8,arxiv_agg_005,aggregate_cross_paper,B,1.0,0.49134995418762356,1.0,0.8304499847292078
N8_E10b_T12b,N8,arxiv_agg_006,aggregate_cross_paper,B,0.4,0.0,0.0,0.13333333333333333
N8_E10b_T12b,N8,arxiv_agg_007,aggregate_cross_paper,B,0.8571428571428571,0.7210361753584215,1.0,0.8593930108337595
N8_E10b_T12b,N8,arxiv_agg_008,aggregate_cross_paper,B,0.8,0.7705557139035936,1.0,0.8568519046345312
N8_E10b_T12b,N8,arxiv_agg_009,aggregate_cross_paper,B,0.8333333333333334,0.42872793905419354,0.0,0.42068709079584227
N8_E10b_T12b,N8,arxiv_agg_010,aggregate_cross_paper,B,0.8333333333333334,0.7530579051076612,1.0,0.862130412813665
N8_E10b_T12b,N8,arxiv_agg_011,aggregate_cross_paper,B,1.0,0.0,0.0,0.3333333333333333
N8_E10b_T12b,N8,arxiv_agg_012,aggregate_cross_paper,B,0.8571428571428571,0.8244817384906024,0.0,0.5605415318778199
N8_E10b_T12b,N8,arxiv_agg_013,aggregate_cross_paper,B,0.8571428571428571,0.6472901028569015,1.0,0.8348109866665862
N8_E10b_T12b,N8,arxiv_agg_014,aggregate_cross_paper,B,0.4,0.0,0.0,0.13333333333333333
N8_E10b_T12b,N8,arxiv_agg_015,aggregate_cross_paper,B,0.75,0.0,0.5,0.4166666666666667
N8_E10b_T12b,N8,arxiv_agg_016,aggregate_cross_paper,B,1.0,0.0,0.25,0.4166666666666667
N8_E10b_T12b,N8,arxiv_agg_017,aggregate_cross_paper,B,1.0,0.7499946115216213,0.0,0.5833315371738738
N8_E10b_T12b,N8,arxiv_agg_018,aggregate_cross_paper,B,,0.0,0.0,0.0
N8_E10b_T12b,N8,arxiv_agg_019,aggregate_cross_paper,B,0.9,0.4582590028683185,0.5,0.6194196676227729
N8_E10b_T12b,N8,arxiv_agg_020,aggregate_cross_paper,B,0.8333333333333334,0.7277999731057135,0.75,0.7703777688130157
N8_E10b_T12b,N8,arxiv_agg_021,aggregate_cross_paper,B,1.0,0.0,0.0,0.3333333333333333
N8_E10b_T12b,N8,arxiv_agg_022,aggregate_cross_paper,B,1.0,0.6180301741702184,0.5,0.7060100580567394
N8_E10b_T12b,N8,arxiv_agg_023,aggregate_cross_paper,B,0.75,0.0,0.0,0.25
N8_E10b_T12b,N8,arxiv_agg_024,aggregate_cross_paper,B,0.42857142857142855,0.8424975350438692,1.0,0.7570229878717658
N8_E10b_T12b,N8,arxiv_agg_025,aggregate_cross_paper,B,1.0,0.0,0.0,0.3333333333333333
N8_E10b_T12b,N8,arxiv_agg_026,aggregate_cross_paper,B,1.0,0.0,0.0,0.3333333333333333
N8_E10b_T12b,N8,arxiv_agg_027,aggregate_cross_paper,B,1.0,0.8683186728826183,0.0,0.6227728909608728
N8_E10b_T12b,N8,arxiv_agg_028,aggregate_cross_paper,B,0.8333333333333334,0.0,0.0,0.2777777777777778
N8_E10b_T12b,N8,arxiv_agg_029,aggregate_cross_paper,B,1.0,0.5156191616472351,1.0,0.8385397205490784
N8_E10b_T12b,N8,arxiv_agg_030,aggregate_cross_paper,B,0.5,0.0,0.0,0.16666666666666666
N8_E10b_T12b,N8,arxiv_agg_031,aggregate_cross_paper,B,1.0,0.0,0.0,0.3333333333333333
N8_E10b_T12b,N8,arxiv_agg_032,aggregate_cross_paper,B,0.8571428571428571,0.5493256107606228,0.5,0.6354894893011599
N8_E10b_T12b,N8,arxiv_edge_000,edge_multihop,B,1.0,0.0,0.0,0.3333333333333333
N8_E10b_T12b,N8,arxiv_edge_001,edge_multihop,B,0.75,0.0,0.0,0.25
N8_E10b_T12b,N8,arxiv_edge_002,edge_multihop,B,1.0,0.0,0.5,0.5
N8_E10b_T12b,N8,arxiv_edge_003,edge_multihop,B,1.0,0.0,0.0,0.3333333333333333
N8_E10b_T12b,N8,arxiv_edge_004,edge_multihop,B,1.0,0.0,0.0,0.3333333333333333
N8_E10b_T12b,N8,arxiv_edge_005,edge_multihop,B,1.0,0.0,0.0,0.3333333333333333
N8_E10b_T12b,N8,arxiv_edge_006,edge_multihop,B,1.0,0.0,0.0,0.3333333333333333
N8_E10b_T12b,N8,arxiv_edge_007,edge_multihop,B,1.0,0.0,0.0,0.3333333333333333
N8_E10b_T12b,N8,arxiv_edge_008,edge_multihop,B,1.0,0.0,0.0,0.3333333333333333
N8_E10b_T12b,N8,arxiv_edge_009,edge_multihop,B,1.0,0.0,0.0,0.3333333333333333
N8_E10b_T12b,N8,arxiv_edge_010,edge_multihop,B,1.0,0.0,0.0,0.3333333333333333
N8_E10b_T12b,N8,arxiv_edge_011,edge_multihop,B,1.0,0.0,0.0,0.3333333333333333
N8_E10b_T12b,N8,arxiv_edge_012,edge_multihop,B,1.0,0.0,0.0,0.3333333333333333
N8_E10b_T12b,N8,arxiv_edge_013,edge_multihop,B,1.0,0.0,0.0,0.3333333333333333
N8_E10b_T12b,N8,arxiv_edge_014,edge_multihop,B,1.0,0.0,0.0,0.3333333333333333
N8_E10b_T12b,N8,arxiv_edge_015,edge_multihop,B,0.6666666666666666,0.0,0.0,0.2222222222222222
N8_E10b_T12b,N8,arxiv_edge_016,edge_multihop,B,0.75,0.0,0.0,0.25
N8_E10b_T12b,N8,arxiv_edge_017,edge_multihop,B,1.0,0.0,0.0,0.3333333333333333
N8_E10b_T12b,N8,arxiv_edge_018,edge_multihop,B,0.6666666666666666,0.5881958041773039,0.0,0.41828749028132356
N8_E10b_T12b,N8,arxiv_edge_019,edge_multihop,B,1.0,0.0,0.0,0.3333333333333333
N8_E10b_T12b,N8,arxiv_edge_020,edge_multihop,B,1.0,0.0,0.0,0.3333333333333333
N8_E10b_T12b,N8,arxiv_edge_021,edge_multihop,B,1.0,0.0,0.0,0.3333333333333333
N8_E10b_T12b,N8,arxiv_edge_022,edge_multihop,B,1.0,0.0,0.0,0.3333333333333333
N8_E10b_T12b,N8,arxiv_edge_023,edge_multihop,B,0.6666666666666666,0.0,0.0,0.2222222222222222
N8_E10b_T12b,N8,arxiv_edge_024,edge_multihop,B,0.75,0.0,0.0,0.25
N8_E10b_T12b,N8,arxiv_edge_025,edge_multihop,B,0.5,0.0,0.0,0.16666666666666666
N8_E10b_T12b,N8,arxiv_edge_026,edge_multihop,B,0.6666666666666666,0.0,0.0,0.2222222222222222
N8_E10b_T12b,N8,arxiv_edge_027,edge_multihop,B,0.3333333333333333,0.736922516063356,0.0,0.35675194979889646
N8_E10b_T12b,N8,arxiv_edge_028,edge_multihop,B,1.0,0.0,0.0,0.3333333333333333
N8_E10b_T12b,N8,arxiv_edge_029,edge_multihop,B,1.0,0.0,0.0,0.3333333333333333
N8_E10b_T12b,N8,arxiv_edge_030,edge_multihop,B,0.6666666666666666,0.0,0.0,0.2222222222222222
N8_E10b_T12b,N8,arxiv_edge_031,edge_multihop,B,0.8,0.0,0.0,0.26666666666666666
N8_E10b_T12b,N8,arxiv_edge_032,edge_multihop,B,1.0,0.0,0.0,0.3333333333333333
N8_E10b_T12b,N8,arxiv_edge_033,edge_multihop,B,0.75,0.0,0.0,0.25
N8_E10b_T12e,N8,arxiv_sh_000,single_specific,B,0.0,0.0,1.0,0.3333333333333333
N8_E10b_T12e,N8,arxiv_sh_001,single_specific,B,0.8333333333333334,0.8850171833125166,1.0,0.9061168388819499
N8_E10b_T12e,N8,arxiv_sh_002,single_specific,B,1.0,0.0,0.0,0.3333333333333333
N8_E10b_T12e,N8,arxiv_sh_003,single_specific,B,1.0,0.0,0.0,0.3333333333333333
N8_E10b_T12e,N8,arxiv_sh_004,single_specific,B,0.0,0.0,0.0,0.0
N8_E10b_T12e,N8,arxiv_sh_005,single_specific,B,1.0,0.0,0.0,0.3333333333333333
N8_E10b_T12e,N8,arxiv_sh_006,single_specific,B,1.0,0.0,0.0,0.3333333333333333
N8_E10b_T12e,N8,arxiv_sh_007,single_specific,B,0.5,0.0,0.0,0.16666666666666666
N8_E10b_T12e,N8,arxiv_sh_008,single_specific,B,0.5,0.0,0.0,0.16666666666666666
N8_E10b_T12e,N8,arxiv_sh_009,single_specific,B,0.5,0.0,0.0,0.16666666666666666
N8_E10b_T12e,N8,arxiv_sh_010,single_specific,B,0.5,0.0,0.0,0.16666666666666666
N8_E10b_T12e,N8,arxiv_sh_011,single_specific,B,0.625,0.9755483706676414,0.5,0.7001827902225471
N8_E10b_T12e,N8,arxiv_sh_012,single_specific,B,0.0,0.0,0.0,0.0
N8_E10b_T12e,N8,arxiv_sh_013,single_specific,B,1.0,0.0,0.0,0.3333333333333333
N8_E10b_T12e,N8,arxiv_sh_014,single_specific,B,1.0,0.0,0.0,0.3333333333333333
N8_E10b_T12e,N8,arxiv_sh_015,single_specific,B,1.0,0.0,0.0,0.3333333333333333
N8_E10b_T12e,N8,arxiv_sh_016,single_specific,B,1.0,0.0,0.0,0.3333333333333333
N8_E10b_T12e,N8,arxiv_sh_017,single_specific,B,0.6666666666666666,0.0,0.0,0.2222222222222222
N8_E10b_T12e,N8,arxiv_sh_018,single_specific,B,1.0,0.7941491227939513,0.0,0.5980497075979838
N8_E10b_T12e,N8,arxiv_sh_019,single_specific,B,1.0,0.0,0.0,0.3333333333333333
N8_E10b_T12e,N8,arxiv_sh_020,single_specific,B,1.0,0.0,0.0,0.3333333333333333
N8_E10b_T12e,N8,arxiv_sh_021,single_specific,B,1.0,0.0,0.0,0.3333333333333333
N8_E10b_T12e,N8,arxiv_sh_022,single_specific,B,1.0,0.0,0.0,0.3333333333333333
N8_E10b_T12e,N8,arxiv_sh_023,single_specific,B,1.0,0.8318416781316568,1.0,0.9439472260438856
N8_E10b_T12e,N8,arxiv_sh_024,single_specific,B,1.0,0.8469421425538076,0.0,0.6156473808512692
N8_E10b_T12e,N8,arxiv_sh_025,single_specific,B,1.0,0.0,0.0,0.3333333333333333
N8_E10b_T12e,N8,arxiv_sh_026,single_specific,B,1.0,0.0,0.0,0.3333333333333333
N8_E10b_T12e,N8,arxiv_sh_027,single_specific,B,1.0,0.0,0.0,0.3333333333333333
N8_E10b_T12e,N8,arxiv_sh_028,single_specific,B,0.5,0.0,0.0,0.16666666666666666
N8_E10b_T12e,N8,arxiv_sh_029,single_specific,B,1.0,0.0,0.0,0.3333333333333333
N8_E10b_T12e,N8,arxiv_sh_030,single_specific,B,0.5,0.0,1.0,0.5
N8_E10b_T12e,N8,arxiv_sh_031,single_specific,B,0.8,0.917840680227362,0.0,0.5726135600757873
N8_E10b_T12e,N8,arxiv_sh_032,single_specific,B,1.0,0.0,0.0,0.3333333333333333
N8_E10b_T12e,N8,arxiv_sh_033,single_specific,B,0.6666666666666666,0.0,0.0,0.2222222222222222
N8_E10b_T12e,N8,arxiv_sh_034,single_specific,B,1.0,0.0,0.0,0.3333333333333333
N8_E10b_T12e,N8,arxiv_agg_000,aggregate_cross_paper,B,1.0,0.4798903045818477,1.0,0.8266301015272827
N8_E10b_T12e,N8,arxiv_agg_001,aggregate_cross_paper,B,0.8,0.0,0.0,0.26666666666666666
N8_E10b_T12e,N8,arxiv_agg_002,aggregate_cross_paper,B,0.5,0.0,0.0,0.16666666666666666
N8_E10b_T12e,N8,arxiv_agg_003,aggregate_cross_paper,B,0.6666666666666666,0.45892080479131536,0.0,0.3751958238193273
N8_E10b_T12e,N8,arxiv_agg_004,aggregate_cross_paper,B,0.8333333333333334,0.8352408101583649,1.0,0.8895247144972327
N8_E10b_T12e,N8,arxiv_agg_005,aggregate_cross_paper,B,1.0,0.49134995418762356,1.0,0.8304499847292078
N8_E10b_T12e,N8,arxiv_agg_006,aggregate_cross_paper,B,0.4,0.0,0.0,0.13333333333333333
N8_E10b_T12e,N8,arxiv_agg_007,aggregate_cross_paper,B,0.6666666666666666,0.7210289840348812,1.0,0.7958985502338493
N8_E10b_T12e,N8,arxiv_agg_008,aggregate_cross_paper,B,1.0,0.770552603899494,1.0,0.9235175346331647
N8_E10b_T12e,N8,arxiv_agg_009,aggregate_cross_paper,B,0.8,0.788657630946955,0.0,0.5295525436489851
N8_E10b_T12e,N8,arxiv_agg_010,aggregate_cross_paper,B,0.6666666666666666,0.7530579051076612,1.0,0.8065748572581093
N8_E10b_T12e,N8,arxiv_agg_011,aggregate_cross_paper,B,1.0,0.0,0.0,0.3333333333333333
N8_E10b_T12e,N8,arxiv_agg_012,aggregate_cross_paper,B,0.75,0.824423136958388,0.0,0.5248077123194627
N8_E10b_T12e,N8,arxiv_agg_013,aggregate_cross_paper,B,1.0,0.6492641268484503,1.0,0.8830880422828168
N8_E10b_T12e,N8,arxiv_agg_014,aggregate_cross_paper,B,0.4,0.0,0.0,0.13333333333333333
N8_E10b_T12e,N8,arxiv_agg_015,aggregate_cross_paper,B,0.6666666666666666,0.0,0.5,0.38888888888888884
N8_E10b_T12e,N8,arxiv_agg_016,aggregate_cross_paper,B,0.75,0.0,0.25,0.3333333333333333
N8_E10b_T12e,N8,arxiv_agg_017,aggregate_cross_paper,B,1.0,0.0,0.0,0.3333333333333333
N8_E10b_T12e,N8,arxiv_agg_018,aggregate_cross_paper,B,,0.0,0.0,0.0
N8_E10b_T12e,N8,arxiv_agg_019,aggregate_cross_paper,B,0.9,0.46245465595799695,0.5,0.6208182186526656
N8_E10b_T12e,N8,arxiv_agg_020,aggregate_cross_paper,B,1.0,0.7278067058247807,0.5,0.7426022352749269
N8_E10b_T12e,N8,arxiv_agg_021,aggregate_cross_paper,B,1.0,0.0,0.0,0.3333333333333333
N8_E10b_T12e,N8,arxiv_agg_022,aggregate_cross_paper,B,1.0,0.6180301741702184,0.5,0.7060100580567394
N8_E10b_T12e,N8,arxiv_agg_023,aggregate_cross_paper,B,0.8,0.0,0.0,0.26666666666666666
N8_E10b_T12e,N8,arxiv_agg_024,aggregate_cross_paper,B,0.8571428571428571,0.8200311539532397,1.0,0.8923913370320323
N8_E10b_T12e,N8,arxiv_agg_025,aggregate_cross_paper,B,1.0,0.8792856074898546,0.0,0.6264285358299516
N8_E10b_T12e,N8,arxiv_agg_026,aggregate_cross_paper,B,1.0,0.0,0.0,0.3333333333333333
N8_E10b_T12e,N8,arxiv_agg_027,aggregate_cross_paper,B,0.8571428571428571,0.8834658779588654,0.0,0.5802029117005741
N8_E10b_T12e,N8,arxiv_agg_028,aggregate_cross_paper,B,0.8333333333333334,0.0,0.0,0.2777777777777778
N8_E10b_T12e,N8,arxiv_agg_029,aggregate_cross_paper,B,0.6666666666666666,0.5156191616472351,1.0,0.7274286094379673
N8_E10b_T12e,N8,arxiv_agg_030,aggregate_cross_paper,B,0.75,0.0,0.0,0.25
N8_E10b_T12e,N8,arxiv_agg_031,aggregate_cross_paper,B,1.0,0.0,0.0,0.3333333333333333
N8_E10b_T12e,N8,arxiv_agg_032,aggregate_cross_paper,B,1.0,0.5503832457219865,0.5,0.6834610819073288
N8_E10b_T12e,N8,arxiv_edge_000,edge_multihop,B,1.0,0.0,0.0,0.3333333333333333
N8_E10b_T12e,N8,arxiv_edge_001,edge_multihop,B,0.75,0.0,0.0,0.25
N8_E10b_T12e,N8,arxiv_edge_002,edge_multihop,B,0.4444444444444444,0.8011887686579761,0.25,0.49854440436747344
N8_E10b_T12e,N8,arxiv_edge_003,edge_multihop,B,1.0,0.0,0.0,0.3333333333333333
N8_E10b_T12e,N8,arxiv_edge_004,edge_multihop,B,1.0,0.0,0.0,0.3333333333333333
N8_E10b_T12e,N8,arxiv_edge_005,edge_multihop,B,1.0,0.0,0.0,0.3333333333333333
N8_E10b_T12e,N8,arxiv_edge_006,edge_multihop,B,1.0,0.0,0.0,0.3333333333333333
N8_E10b_T12e,N8,arxiv_edge_007,edge_multihop,B,1.0,0.0,0.0,0.3333333333333333
N8_E10b_T12e,N8,arxiv_edge_008,edge_multihop,B,1.0,0.0,0.0,0.3333333333333333
N8_E10b_T12e,N8,arxiv_edge_009,edge_multihop,B,1.0,0.0,0.0,0.3333333333333333
N8_E10b_T12e,N8,arxiv_edge_010,edge_multihop,B,1.0,0.0,0.0,0.3333333333333333
N8_E10b_T12e,N8,arxiv_edge_011,edge_multihop,B,1.0,0.0,0.0,0.3333333333333333
N8_E10b_T12e,N8,arxiv_edge_012,edge_multihop,B,1.0,0.0,0.0,0.3333333333333333
N8_E10b_T12e,N8,arxiv_edge_013,edge_multihop,B,1.0,0.0,0.0,0.3333333333333333
N8_E10b_T12e,N8,arxiv_edge_014,edge_multihop,B,1.0,0.0,0.0,0.3333333333333333
N8_E10b_T12e,N8,arxiv_edge_015,edge_multihop,B,0.3333333333333333,0.0,0.0,0.1111111111111111
N8_E10b_T12e,N8,arxiv_edge_016,edge_multihop,B,0.75,0.0,0.0,0.25
N8_E10b_T12e,N8,arxiv_edge_017,edge_multihop,B,1.0,0.0,0.0,0.3333333333333333
N8_E10b_T12e,N8,arxiv_edge_018,edge_multihop,B,1.0,0.0,0.0,0.3333333333333333
N8_E10b_T12e,N8,arxiv_edge_019,edge_multihop,B,1.0,0.0,0.0,0.3333333333333333
N8_E10b_T12e,N8,arxiv_edge_020,edge_multihop,B,1.0,0.0,0.0,0.3333333333333333
N8_E10b_T12e,N8,arxiv_edge_021,edge_multihop,B,0.6666666666666666,0.0,0.0,0.2222222222222222
N8_E10b_T12e,N8,arxiv_edge_022,edge_multihop,B,0.6666666666666666,0.0,0.0,0.2222222222222222
N8_E10b_T12e,N8,arxiv_edge_023,edge_multihop,B,1.0,0.0,0.0,0.3333333333333333
N8_E10b_T12e,N8,arxiv_edge_024,edge_multihop,B,1.0,0.0,0.0,0.3333333333333333
N8_E10b_T12e,N8,arxiv_edge_025,edge_multihop,B,0.75,0.0,0.0,0.25
N8_E10b_T12e,N8,arxiv_edge_026,edge_multihop,B,0.6666666666666666,0.0,0.0,0.2222222222222222
N8_E10b_T12e,N8,arxiv_edge_027,edge_multihop,B,0.3333333333333333,0.7369170056037374,0.0,0.3567501129790236
N8_E10b_T12e,N8,arxiv_edge_028,edge_multihop,B,1.0,0.0,0.0,0.3333333333333333
N8_E10b_T12e,N8,arxiv_edge_029,edge_multihop,B,0.6666666666666666,0.0,0.0,0.2222222222222222
N8_E10b_T12e,N8,arxiv_edge_030,edge_multihop,B,1.0,0.0,0.0,0.3333333333333333
N8_E10b_T12e,N8,arxiv_edge_031,edge_multihop,B,1.0,0.0,0.0,0.3333333333333333
N8_E10b_T12e,N8,arxiv_edge_032,edge_multihop,B,1.0,0.0,0.0,0.3333333333333333
N8_E10b_T12e,N8,arxiv_edge_033,edge_multihop,B,0.75,0.0,0.0,0.25
N8_E10c_T12a,N8,arxiv_sh_000,single_specific,B,0.0,0.0,1.0,0.3333333333333333
N8_E10c_T12a,N8,arxiv_sh_001,single_specific,B,1.0,0.8712706952041497,1.0,0.9570902317347166
N8_E10c_T12a,N8,arxiv_sh_002,single_specific,B,1.0,0.0,0.0,0.3333333333333333
N8_E10c_T12a,N8,arxiv_sh_003,single_specific,B,1.0,0.0,0.0,0.3333333333333333
N8_E10c_T12a,N8,arxiv_sh_004,single_specific,B,0.0,0.0,0.0,0.0
N8_E10c_T12a,N8,arxiv_sh_005,single_specific,B,1.0,0.0,0.0,0.3333333333333333
N8_E10c_T12a,N8,arxiv_sh_006,single_specific,B,1.0,0.0,0.0,0.3333333333333333
N8_E10c_T12a,N8,arxiv_sh_007,single_specific,B,0.5,0.0,0.0,0.16666666666666666
N8_E10c_T12a,N8,arxiv_sh_008,single_specific,B,0.5,0.0,0.0,0.16666666666666666
N8_E10c_T12a,N8,arxiv_sh_009,single_specific,B,0.5,0.0,0.0,0.16666666666666666
N8_E10c_T12a,N8,arxiv_sh_010,single_specific,B,1.0,0.0,0.0,0.3333333333333333
N8_E10c_T12a,N8,arxiv_sh_011,single_specific,B,0.5714285714285714,0.9656887513017777,0.5,0.679039107576783
N8_E10c_T12a,N8,arxiv_sh_012,single_specific,B,0.0,0.0,0.0,0.0
N8_E10c_T12a,N8,arxiv_sh_013,single_specific,B,1.0,0.0,0.0,0.3333333333333333
N8_E10c_T12a,N8,arxiv_sh_014,single_specific,B,1.0,0.0,0.0,0.3333333333333333
N8_E10c_T12a,N8,arxiv_sh_015,single_specific,B,1.0,0.0,0.0,0.3333333333333333
N8_E10c_T12a,N8,arxiv_sh_016,single_specific,B,1.0,0.0,0.0,0.3333333333333333
N8_E10c_T12a,N8,arxiv_sh_017,single_specific,B,0.6666666666666666,0.0,0.0,0.2222222222222222
N8_E10c_T12a,N8,arxiv_sh_018,single_specific,B,1.0,0.794143953034553,0.0,0.5980479843448511
N8_E10c_T12a,N8,arxiv_sh_019,single_specific,B,1.0,0.0,0.0,0.3333333333333333
N8_E10c_T12a,N8,arxiv_sh_020,single_specific,B,1.0,0.0,0.0,0.3333333333333333
N8_E10c_T12a,N8,arxiv_sh_021,single_specific,B,1.0,0.0,0.0,0.3333333333333333
N8_E10c_T12a,N8,arxiv_sh_022,single_specific,B,1.0,0.0,0.0,0.3333333333333333
N8_E10c_T12a,N8,arxiv_sh_023,single_specific,B,1.0,0.8318026389935977,1.0,0.943934212997866
N8_E10c_T12a,N8,arxiv_sh_024,single_specific,B,1.0,0.0,0.0,0.3333333333333333
N8_E10c_T12a,N8,arxiv_sh_025,single_specific,B,1.0,0.0,0.0,0.3333333333333333
N8_E10c_T12a,N8,arxiv_sh_026,single_specific,B,1.0,0.0,0.0,0.3333333333333333
N8_E10c_T12a,N8,arxiv_sh_027,single_specific,B,1.0,0.0,0.0,0.3333333333333333
N8_E10c_T12a,N8,arxiv_sh_028,single_specific,B,0.5,0.0,0.0,0.16666666666666666
N8_E10c_T12a,N8,arxiv_sh_029,single_specific,B,1.0,0.0,0.0,0.3333333333333333
N8_E10c_T12a,N8,arxiv_sh_030,single_specific,B,0.5,0.0,1.0,0.5
N8_E10c_T12a,N8,arxiv_sh_031,single_specific,B,0.8,0.9183272934693166,0.0,0.5727757644897723
N8_E10c_T12a,N8,arxiv_sh_032,single_specific,B,1.0,0.0,0.0,0.3333333333333333
N8_E10c_T12a,N8,arxiv_sh_033,single_specific,B,1.0,0.8402340236438509,0.0,0.613411341214617
N8_E10c_T12a,N8,arxiv_sh_034,single_specific,B,1.0,0.0,0.0,0.3333333333333333
N8_E10c_T12a,N8,arxiv_agg_000,aggregate_cross_paper,B,1.0,0.476644621777435,1.0,0.825548207259145
N8_E10c_T12a,N8,arxiv_agg_001,aggregate_cross_paper,B,0.8,0.0,0.0,0.26666666666666666
N8_E10c_T12a,N8,arxiv_agg_002,aggregate_cross_paper,B,0.25,0.0,0.0,0.08333333333333333
N8_E10c_T12a,N8,arxiv_agg_003,aggregate_cross_paper,B,0.6666666666666666,0.4588149712992758,0.0,0.3751605459886475
N8_E10c_T12a,N8,arxiv_agg_004,aggregate_cross_paper,B,1.0,0.585849640806882,1.0,0.8619498802689606
N8_E10c_T12a,N8,arxiv_agg_005,aggregate_cross_paper,B,1.0,0.4913481948400054,1.0,0.8304493982800017
N8_E10c_T12a,N8,arxiv_agg_006,aggregate_cross_paper,B,0.4,0.0,0.0,0.13333333333333333
N8_E10c_T12a,N8,arxiv_agg_007,aggregate_cross_paper,B,0.8333333333333334,0.7210289840348812,1.0,0.8514541057894048
N8_E10c_T12a,N8,arxiv_agg_008,aggregate_cross_paper,B,1.0,0.7705454877096254,1.0,0.9235151625698751
N8_E10c_T12a,N8,arxiv_agg_009,aggregate_cross_paper,B,0.8333333333333334,0.0,0.0,0.2777777777777778
N8_E10c_T12a,N8,arxiv_agg_010,aggregate_cross_paper,B,0.6666666666666666,0.7530549435648793,1.0,0.8065738700771821
N8_E10c_T12a,N8,arxiv_agg_011,aggregate_cross_paper,B,1.0,0.0,0.0,0.3333333333333333
N8_E10c_T12a,N8,arxiv_agg_012,aggregate_cross_paper,B,0.8571428571428571,0.8244817384906024,0.0,0.5605415318778199
N8_E10c_T12a,N8,arxiv_agg_013,aggregate_cross_paper,B,1.0,0.6472901028569015,1.0,0.8824300342856338
N8_E10c_T12a,N8,arxiv_agg_014,aggregate_cross_paper,B,0.4,0.0,0.0,0.13333333333333333
N8_E10c_T12a,N8,arxiv_agg_015,aggregate_cross_paper,B,0.5555555555555556,0.0,0.5,0.35185185185185186
N8_E10c_T12a,N8,arxiv_agg_016,aggregate_cross_paper,B,1.0,0.0,0.25,0.4166666666666667
N8_E10c_T12a,N8,arxiv_agg_017,aggregate_cross_paper,B,1.0,0.74998099831421,0.0,0.58332699943807
N8_E10c_T12a,N8,arxiv_agg_018,aggregate_cross_paper,B,,0.0,0.0,0.0
N8_E10c_T12a,N8,arxiv_agg_019,aggregate_cross_paper,B,0.9,0.45798235122177994,0.5,0.61932745040726
N8_E10c_T12a,N8,arxiv_agg_020,aggregate_cross_paper,B,1.0,0.7277999731057135,0.5,0.7425999910352378
N8_E10c_T12a,N8,arxiv_agg_021,aggregate_cross_paper,B,1.0,0.0,0.0,0.3333333333333333
N8_E10c_T12a,N8,arxiv_agg_022,aggregate_cross_paper,B,1.0,0.6180301741702184,0.5,0.7060100580567394
N8_E10c_T12a,N8,arxiv_agg_023,aggregate_cross_paper,B,0.75,0.0,0.0,0.25
N8_E10c_T12a,N8,arxiv_agg_024,aggregate_cross_paper,B,0.2222222222222222,0.775958919627656,1.0,0.6660603806166261
N8_E10c_T12a,N8,arxiv_agg_025,aggregate_cross_paper,B,1.0,0.0,0.0,0.3333333333333333
N8_E10c_T12a,N8,arxiv_agg_026,aggregate_cross_paper,B,1.0,0.0,0.0,0.3333333333333333
N8_E10c_T12a,N8,arxiv_agg_027,aggregate_cross_paper,B,0.8571428571428571,0.8759276340445007,0.0,0.5776901637291193
N8_E10c_T12a,N8,arxiv_agg_028,aggregate_cross_paper,B,0.8333333333333334,0.0,0.0,0.2777777777777778
N8_E10c_T12a,N8,arxiv_agg_029,aggregate_cross_paper,B,1.0,0.5156191616472351,1.0,0.8385397205490784
N8_E10c_T12a,N8,arxiv_agg_030,aggregate_cross_paper,B,0.5,0.0,0.0,0.16666666666666666
N8_E10c_T12a,N8,arxiv_agg_031,aggregate_cross_paper,B,1.0,0.0,0.0,0.3333333333333333
N8_E10c_T12a,N8,arxiv_agg_032,aggregate_cross_paper,B,1.0,0.5493044589305575,0.5,0.6831014863101857
N8_E10c_T12a,N8,arxiv_edge_000,edge_multihop,B,1.0,0.0,0.0,0.3333333333333333
N8_E10c_T12a,N8,arxiv_edge_001,edge_multihop,B,0.75,0.0,0.0,0.25
N8_E10c_T12a,N8,arxiv_edge_002,edge_multihop,B,1.0,0.0,0.5,0.5
N8_E10c_T12a,N8,arxiv_edge_003,edge_multihop,B,1.0,0.0,0.0,0.3333333333333333
N8_E10c_T12a,N8,arxiv_edge_004,edge_multihop,B,1.0,0.0,0.0,0.3333333333333333
N8_E10c_T12a,N8,arxiv_edge_005,edge_multihop,B,1.0,0.0,0.0,0.3333333333333333
N8_E10c_T12a,N8,arxiv_edge_006,edge_multihop,B,1.0,0.0,0.0,0.3333333333333333
N8_E10c_T12a,N8,arxiv_edge_007,edge_multihop,B,1.0,0.0,0.0,0.3333333333333333
N8_E10c_T12a,N8,arxiv_edge_008,edge_multihop,B,1.0,0.0,0.0,0.3333333333333333
N8_E10c_T12a,N8,arxiv_edge_009,edge_multihop,B,1.0,0.0,0.0,0.3333333333333333
N8_E10c_T12a,N8,arxiv_edge_010,edge_multihop,B,1.0,0.0,0.0,0.3333333333333333
N8_E10c_T12a,N8,arxiv_edge_011,edge_multihop,B,1.0,0.0,0.0,0.3333333333333333
N8_E10c_T12a,N8,arxiv_edge_012,edge_multihop,B,1.0,0.0,0.0,0.3333333333333333
N8_E10c_T12a,N8,arxiv_edge_013,edge_multihop,B,1.0,0.0,0.0,0.3333333333333333
N8_E10c_T12a,N8,arxiv_edge_014,edge_multihop,B,1.0,0.0,0.0,0.3333333333333333
N8_E10c_T12a,N8,arxiv_edge_015,edge_multihop,B,0.3333333333333333,0.0,0.0,0.1111111111111111
N8_E10c_T12a,N8,arxiv_edge_016,edge_multihop,B,0.75,0.0,0.0,0.25
N8_E10c_T12a,N8,arxiv_edge_017,edge_multihop,B,1.0,0.0,0.0,0.3333333333333333
N8_E10c_T12a,N8,arxiv_edge_018,edge_multihop,B,1.0,0.6425029451976239,0.0,0.5475009817325412
N8_E10c_T12a,N8,arxiv_edge_019,edge_multihop,B,1.0,0.0,0.0,0.3333333333333333
N8_E10c_T12a,N8,arxiv_edge_020,edge_multihop,B,1.0,0.0,0.0,0.3333333333333333
N8_E10c_T12a,N8,arxiv_edge_021,edge_multihop,B,0.6666666666666666,0.0,0.0,0.2222222222222222
N8_E10c_T12a,N8,arxiv_edge_022,edge_multihop,B,1.0,0.0,0.0,0.3333333333333333
N8_E10c_T12a,N8,arxiv_edge_023,edge_multihop,B,1.0,0.0,0.0,0.3333333333333333
N8_E10c_T12a,N8,arxiv_edge_024,edge_multihop,B,1.0,0.0,0.0,0.3333333333333333
N8_E10c_T12a,N8,arxiv_edge_025,edge_multihop,B,0.75,0.0,0.0,0.25
N8_E10c_T12a,N8,arxiv_edge_026,edge_multihop,B,0.6666666666666666,0.0,0.0,0.2222222222222222
N8_E10c_T12a,N8,arxiv_edge_027,edge_multihop,B,0.3333333333333333,0.736922516063356,0.0,0.35675194979889646
N8_E10c_T12a,N8,arxiv_edge_028,edge_multihop,B,0.75,0.0,0.0,0.25
N8_E10c_T12a,N8,arxiv_edge_029,edge_multihop,B,1.0,0.0,0.0,0.3333333333333333
N8_E10c_T12a,N8,arxiv_edge_030,edge_multihop,B,1.0,0.0,0.0,0.3333333333333333
N8_E10c_T12a,N8,arxiv_edge_031,edge_multihop,B,1.0,0.0,0.0,0.3333333333333333
N8_E10c_T12a,N8,arxiv_edge_032,edge_multihop,B,1.0,0.0,0.0,0.3333333333333333
N8_E10c_T12a,N8,arxiv_edge_033,edge_multihop,B,0.75,0.0,0.0,0.25
N8_E10c_T12b,N8,arxiv_sh_000,single_specific,B,0.5,0.0,1.0,0.5
N8_E10c_T12b,N8,arxiv_sh_001,single_specific,B,0.8333333333333334,0.8712703082207467,1.0,0.9015345471846934
N8_E10c_T12b,N8,arxiv_sh_002,single_specific,B,1.0,0.0,0.0,0.3333333333333333
N8_E10c_T12b,N8,arxiv_sh_003,single_specific,B,1.0,0.0,0.0,0.3333333333333333
N8_E10c_T12b,N8,arxiv_sh_004,single_specific,B,0.5,0.0,0.0,0.16666666666666666
N8_E10c_T12b,N8,arxiv_sh_005,single_specific,B,1.0,0.0,0.0,0.3333333333333333
N8_E10c_T12b,N8,arxiv_sh_006,single_specific,B,1.0,0.0,0.0,0.3333333333333333
N8_E10c_T12b,N8,arxiv_sh_007,single_specific,B,0.5,0.0,0.0,0.16666666666666666
N8_E10c_T12b,N8,arxiv_sh_008,single_specific,B,0.5,0.0,0.0,0.16666666666666666
N8_E10c_T12b,N8,arxiv_sh_009,single_specific,B,0.0,0.0,0.0,0.0
N8_E10c_T12b,N8,arxiv_sh_010,single_specific,B,1.0,0.0,0.0,0.3333333333333333
N8_E10c_T12b,N8,arxiv_sh_011,single_specific,B,0.5714285714285714,0.965691448122988,0.5,0.6790400065171864
N8_E10c_T12b,N8,arxiv_sh_012,single_specific,B,0.5,0.0,0.0,0.16666666666666666
N8_E10c_T12b,N8,arxiv_sh_013,single_specific,B,0.5,0.0,0.0,0.16666666666666666
N8_E10c_T12b,N8,arxiv_sh_014,single_specific,B,1.0,0.0,0.0,0.3333333333333333
N8_E10c_T12b,N8,arxiv_sh_015,single_specific,B,1.0,0.0,0.0,0.3333333333333333
N8_E10c_T12b,N8,arxiv_sh_016,single_specific,B,1.0,0.0,0.0,0.3333333333333333
N8_E10c_T12b,N8,arxiv_sh_017,single_specific,B,1.0,0.0,0.0,0.3333333333333333
N8_E10c_T12b,N8,arxiv_sh_018,single_specific,B,1.0,0.794143953034553,0.0,0.5980479843448511
N8_E10c_T12b,N8,arxiv_sh_019,single_specific,B,1.0,0.0,0.0,0.3333333333333333
N8_E10c_T12b,N8,arxiv_sh_020,single_specific,B,1.0,0.0,0.0,0.3333333333333333
N8_E10c_T12b,N8,arxiv_sh_021,single_specific,B,1.0,0.0,0.0,0.3333333333333333
N8_E10c_T12b,N8,arxiv_sh_022,single_specific,B,1.0,0.0,0.0,0.3333333333333333
N8_E10c_T12b,N8,arxiv_sh_023,single_specific,B,1.0,0.8318427190973191,1.0,0.9439475730324397
N8_E10c_T12b,N8,arxiv_sh_024,single_specific,B,1.0,0.0,0.0,0.3333333333333333
N8_E10c_T12b,N8,arxiv_sh_025,single_specific,B,1.0,0.0,0.0,0.3333333333333333
N8_E10c_T12b,N8,arxiv_sh_026,single_specific,B,1.0,0.0,0.0,0.3333333333333333
N8_E10c_T12b,N8,arxiv_sh_027,single_specific,B,1.0,0.0,0.0,0.3333333333333333
N8_E10c_T12b,N8,arxiv_sh_028,single_specific,B,0.5,0.0,0.0,0.16666666666666666
N8_E10c_T12b,N8,arxiv_sh_029,single_specific,B,1.0,0.0,0.0,0.3333333333333333
N8_E10c_T12b,N8,arxiv_sh_030,single_specific,B,0.5,0.0,1.0,0.5
N8_E10c_T12b,N8,arxiv_sh_031,single_specific,B,0.8,0.9183272934693166,0.0,0.5727757644897723
N8_E10c_T12b,N8,arxiv_sh_032,single_specific,B,1.0,0.0,0.0,0.3333333333333333
N8_E10c_T12b,N8,arxiv_sh_033,single_specific,B,1.0,0.861963596425204,0.0,0.6206545321417347
N8_E10c_T12b,N8,arxiv_sh_034,single_specific,B,1.0,0.0,0.0,0.3333333333333333
N8_E10c_T12b,N8,arxiv_agg_000,aggregate_cross_paper,B,1.0,0.4788611154243784,1.0,0.8262870384747929
N8_E10c_T12b,N8,arxiv_agg_001,aggregate_cross_paper,B,0.8,0.0,0.0,0.26666666666666666
N8_E10c_T12b,N8,arxiv_agg_002,aggregate_cross_paper,B,0.5,0.0,0.0,0.16666666666666666
N8_E10c_T12b,N8,arxiv_agg_003,aggregate_cross_paper,B,0.8333333333333334,0.0,0.0,0.2777777777777778
N8_E10c_T12b,N8,arxiv_agg_004,aggregate_cross_paper,B,1.0,0.7816437194552931,1.0,0.9272145731517644
N8_E10c_T12b,N8,arxiv_agg_005,aggregate_cross_paper,B,1.0,0.4913110932849265,1.0,0.8304370310949755
N8_E10c_T12b,N8,arxiv_agg_006,aggregate_cross_paper,B,0.4,0.0,0.0,0.13333333333333333
N8_E10c_T12b,N8,arxiv_agg_007,aggregate_cross_paper,B,0.8333333333333334,0.7210289840348812,1.0,0.8514541057894048
N8_E10c_T12b,N8,arxiv_agg_008,aggregate_cross_paper,B,0.8,0.7705508417846209,1.0,0.8568502805948737
N8_E10c_T12b,N8,arxiv_agg_009,aggregate_cross_paper,B,0.8333333333333334,0.47162384772430205,0.0,0.43498572701921184
N8_E10c_T12b,N8,arxiv_agg_010,aggregate_cross_paper,B,0.8333333333333334,0.7530511770899339,1.0,0.862128170141089
N8_E10c_T12b,N8,arxiv_agg_011,aggregate_cross_paper,B,1.0,0.0,0.0,0.3333333333333333
N8_E10c_T12b,N8,arxiv_agg_012,aggregate_cross_paper,B,0.8571428571428571,0.8244831549756824,0.0,0.5605420040395132
N8_E10c_T12b,N8,arxiv_agg_013,aggregate_cross_paper,B,1.0,0.6511746071985113,1.0,0.8837248690661704
N8_E10c_T12b,N8,arxiv_agg_014,aggregate_cross_paper,B,0.4,0.0,0.0,0.13333333333333333
N8_E10c_T12b,N8,arxiv_agg_015,aggregate_cross_paper,B,0.7777777777777778,0.0,0.5,0.4259259259259259
N8_E10c_T12b,N8,arxiv_agg_016,aggregate_cross_paper,B,1.0,0.0,0.0,0.3333333333333333
N8_E10c_T12b,N8,arxiv_agg_017,aggregate_cross_paper,B,0.8,0.74998099831421,0.0,0.5166603327714033
N8_E10c_T12b,N8,arxiv_agg_018,aggregate_cross_paper,B,,0.0,0.0,0.0
N8_E10c_T12b,N8,arxiv_agg_019,aggregate_cross_paper,B,0.9,0.45787262185145616,0.5,0.6192908739504853
N8_E10c_T12b,N8,arxiv_agg_020,aggregate_cross_paper,B,0.6666666666666666,0.7278067058247807,0.5,0.6314911241638158
N8_E10c_T12b,N8,arxiv_agg_021,aggregate_cross_paper,B,1.0,0.0,0.0,0.3333333333333333
N8_E10c_T12b,N8,arxiv_agg_022,aggregate_cross_paper,B,1.0,0.6180301741702184,0.5,0.7060100580567394
N8_E10c_T12b,N8,arxiv_agg_023,aggregate_cross_paper,B,0.8,0.0,0.0,0.26666666666666666
N8_E10c_T12b,N8,arxiv_agg_024,aggregate_cross_paper,B,0.2857142857142857,0.7583663532806181,1.0,0.6813602129983013
N8_E10c_T12b,N8,arxiv_agg_025,aggregate_cross_paper,B,1.0,0.0,0.0,0.3333333333333333
N8_E10c_T12b,N8,arxiv_agg_026,aggregate_cross_paper,B,1.0,0.0,0.0,0.3333333333333333
N8_E10c_T12b,N8,arxiv_agg_027,aggregate_cross_paper,B,0.8571428571428571,0.8834791518824828,0.0,0.58020733634178
N8_E10c_T12b,N8,arxiv_agg_028,aggregate_cross_paper,B,0.8333333333333334,0.0,0.0,0.2777777777777778
N8_E10c_T12b,N8,arxiv_agg_029,aggregate_cross_paper,B,1.0,0.5156282172365144,1.0,0.8385427390788381
N8_E10c_T12b,N8,arxiv_agg_030,aggregate_cross_paper,B,1.0,0.0,0.0,0.3333333333333333
N8_E10c_T12b,N8,arxiv_agg_031,aggregate_cross_paper,B,1.0,0.0,0.0,0.3333333333333333
N8_E10c_T12b,N8,arxiv_agg_032,aggregate_cross_paper,B,1.0,0.5521746810214648,0.5,0.684058227007155
N8_E10c_T12b,N8,arxiv_edge_000,edge_multihop,B,1.0,0.0,0.0,0.3333333333333333
N8_E10c_T12b,N8,arxiv_edge_001,edge_multihop,B,0.75,0.0,0.0,0.25
N8_E10c_T12b,N8,arxiv_edge_002,edge_multihop,B,1.0,0.0,0.5,0.5
N8_E10c_T12b,N8,arxiv_edge_003,edge_multihop,B,1.0,0.0,0.0,0.3333333333333333
N8_E10c_T12b,N8,arxiv_edge_004,edge_multihop,B,1.0,0.0,0.0,0.3333333333333333
N8_E10c_T12b,N8,arxiv_edge_005,edge_multihop,B,1.0,0.0,0.0,0.3333333333333333
N8_E10c_T12b,N8,arxiv_edge_006,edge_multihop,B,1.0,0.0,0.0,0.3333333333333333
N8_E10c_T12b,N8,arxiv_edge_007,edge_multihop,B,1.0,0.0,0.0,0.3333333333333333
N8_E10c_T12b,N8,arxiv_edge_008,edge_multihop,B,1.0,0.0,0.0,0.3333333333333333
N8_E10c_T12b,N8,arxiv_edge_009,edge_multihop,B,1.0,0.0,0.0,0.3333333333333333
N8_E10c_T12b,N8,arxiv_edge_010,edge_multihop,B,1.0,0.0,0.0,0.3333333333333333
N8_E10c_T12b,N8,arxiv_edge_011,edge_multihop,B,1.0,0.0,0.0,0.3333333333333333
N8_E10c_T12b,N8,arxiv_edge_012,edge_multihop,B,1.0,0.0,0.0,0.3333333333333333
N8_E10c_T12b,N8,arxiv_edge_013,edge_multihop,B,1.0,0.0,0.0,0.3333333333333333
N8_E10c_T12b,N8,arxiv_edge_014,edge_multihop,B,1.0,0.0,0.0,0.3333333333333333
N8_E10c_T12b,N8,arxiv_edge_015,edge_multihop,B,0.3333333333333333,0.0,0.0,0.1111111111111111
N8_E10c_T12b,N8,arxiv_edge_016,edge_multihop,B,0.75,0.0,0.0,0.25
N8_E10c_T12b,N8,arxiv_edge_017,edge_multihop,B,1.0,0.0,0.0,0.3333333333333333
N8_E10c_T12b,N8,arxiv_edge_018,edge_multihop,B,1.0,0.6349520728788721,0.0,0.5449840242929573
N8_E10c_T12b,N8,arxiv_edge_019,edge_multihop,B,1.0,0.0,0.0,0.3333333333333333
N8_E10c_T12b,N8,arxiv_edge_020,edge_multihop,B,1.0,0.0,0.0,0.3333333333333333
N8_E10c_T12b,N8,arxiv_edge_021,edge_multihop,B,1.0,0.0,0.0,0.3333333333333333
N8_E10c_T12b,N8,arxiv_edge_022,edge_multihop,B,1.0,0.0,0.0,0.3333333333333333
N8_E10c_T12b,N8,arxiv_edge_023,edge_multihop,B,1.0,0.0,0.0,0.3333333333333333
N8_E10c_T12b,N8,arxiv_edge_024,edge_multihop,B,1.0,0.0,0.0,0.3333333333333333
N8_E10c_T12b,N8,arxiv_edge_025,edge_multihop,B,0.75,0.0,0.0,0.25
N8_E10c_T12b,N8,arxiv_edge_026,edge_multihop,B,0.6666666666666666,0.0,0.0,0.2222222222222222
N8_E10c_T12b,N8,arxiv_edge_027,edge_multihop,B,0.5,0.7368936579785309,0.0,0.41229788599284367
N8_E10c_T12b,N8,arxiv_edge_028,edge_multihop,B,1.0,0.0,0.0,0.3333333333333333
N8_E10c_T12b,N8,arxiv_edge_029,edge_multihop,B,0.6666666666666666,0.0,0.0,0.2222222222222222
N8_E10c_T12b,N8,arxiv_edge_030,edge_multihop,B,1.0,0.0,0.0,0.3333333333333333
N8_E10c_T12b,N8,arxiv_edge_031,edge_multihop,B,1.0,0.0,0.0,0.3333333333333333
N8_E10c_T12b,N8,arxiv_edge_032,edge_multihop,B,1.0,0.0,0.0,0.3333333333333333
N8_E10c_T12b,N8,arxiv_edge_033,edge_multihop,B,0.75,0.0,0.0,0.25
N8_E10c_T12e,N8,arxiv_sh_000,single_specific,B,0.0,0.0,1.0,0.3333333333333333
N8_E10c_T12e,N8,arxiv_sh_001,single_specific,B,0.8333333333333334,0.8850142547985236,1.0,0.9061158627106191
N8_E10c_T12e,N8,arxiv_sh_002,single_specific,B,1.0,0.0,0.0,0.3333333333333333
N8_E10c_T12e,N8,arxiv_sh_003,single_specific,B,0.5,0.0,0.0,0.16666666666666666
N8_E10c_T12e,N8,arxiv_sh_004,single_specific,B,0.0,0.0,0.0,0.0
N8_E10c_T12e,N8,arxiv_sh_005,single_specific,B,1.0,0.0,0.0,0.3333333333333333
N8_E10c_T12e,N8,arxiv_sh_006,single_specific,B,1.0,0.0,0.0,0.3333333333333333
N8_E10c_T12e,N8,arxiv_sh_007,single_specific,B,0.5,0.0,0.0,0.16666666666666666
N8_E10c_T12e,N8,arxiv_sh_008,single_specific,B,0.5,0.0,0.0,0.16666666666666666
N8_E10c_T12e,N8,arxiv_sh_009,single_specific,B,0.5,0.0,0.0,0.16666666666666666
N8_E10c_T12e,N8,arxiv_sh_010,single_specific,B,1.0,0.0,0.0,0.3333333333333333
N8_E10c_T12e,N8,arxiv_sh_011,single_specific,B,0.5714285714285714,0.972262427070853,0.5,0.6812303328331414
N8_E10c_T12e,N8,arxiv_sh_012,single_specific,B,0.5,0.0,0.0,0.16666666666666666
N8_E10c_T12e,N8,arxiv_sh_013,single_specific,B,0.6666666666666666,0.0,0.0,0.2222222222222222
N8_E10c_T12e,N8,arxiv_sh_014,single_specific,B,1.0,0.0,0.0,0.3333333333333333
N8_E10c_T12e,N8,arxiv_sh_015,single_specific,B,1.0,0.0,0.0,0.3333333333333333
N8_E10c_T12e,N8,arxiv_sh_016,single_specific,B,1.0,0.0,0.0,0.3333333333333333
N8_E10c_T12e,N8,arxiv_sh_017,single_specific,B,0.6666666666666666,0.0,0.0,0.2222222222222222
N8_E10c_T12e,N8,arxiv_sh_018,single_specific,B,1.0,0.7942143701756118,0.0,0.5980714567252039
N8_E10c_T12e,N8,arxiv_sh_019,single_specific,B,1.0,0.0,0.0,0.3333333333333333
N8_E10c_T12e,N8,arxiv_sh_020,single_specific,B,1.0,0.0,0.0,0.3333333333333333
N8_E10c_T12e,N8,arxiv_sh_021,single_specific,B,1.0,0.0,0.0,0.3333333333333333
N8_E10c_T12e,N8,arxiv_sh_022,single_specific,B,1.0,0.0,0.0,0.3333333333333333
N8_E10c_T12e,N8,arxiv_sh_023,single_specific,B,1.0,0.8318548907730311,1.0,0.943951630257677
N8_E10c_T12e,N8,arxiv_sh_024,single_specific,B,1.0,0.8465749419202054,0.0,0.6155249806400684
N8_E10c_T12e,N8,arxiv_sh_025,single_specific,B,0.6666666666666666,0.0,0.0,0.2222222222222222
N8_E10c_T12e,N8,arxiv_sh_026,single_specific,B,1.0,0.0,0.0,0.3333333333333333
N8_E10c_T12e,N8,arxiv_sh_027,single_specific,B,1.0,0.0,0.0,0.3333333333333333
N8_E10c_T12e,N8,arxiv_sh_028,single_specific,B,0.5,0.0,0.0,0.16666666666666666
N8_E10c_T12e,N8,arxiv_sh_029,single_specific,B,1.0,0.0,0.0,0.3333333333333333
N8_E10c_T12e,N8,arxiv_sh_030,single_specific,B,0.5,0.0,1.0,0.5
N8_E10c_T12e,N8,arxiv_sh_031,single_specific,B,0.8,0.9345016852091742,0.0,0.578167228403058
N8_E10c_T12e,N8,arxiv_sh_032,single_specific,B,1.0,0.0,0.0,0.3333333333333333
N8_E10c_T12e,N8,arxiv_sh_033,single_specific,B,0.6666666666666666,0.0,0.0,0.2222222222222222
N8_E10c_T12e,N8,arxiv_sh_034,single_specific,B,1.0,0.0,0.0,0.3333333333333333
N8_E10c_T12e,N8,arxiv_agg_000,aggregate_cross_paper,B,1.0,0.476644621777435,1.0,0.825548207259145
N8_E10c_T12e,N8,arxiv_agg_001,aggregate_cross_paper,B,0.8,0.0,0.0,0.26666666666666666
N8_E10c_T12e,N8,arxiv_agg_002,aggregate_cross_paper,B,0.5,0.0,0.0,0.16666666666666666
N8_E10c_T12e,N8,arxiv_agg_003,aggregate_cross_paper,B,0.6666666666666666,0.45892080479131536,0.0,0.3751958238193273
N8_E10c_T12e,N8,arxiv_agg_004,aggregate_cross_paper,B,1.0,0.7816437194552931,1.0,0.9272145731517644
N8_E10c_T12e,N8,arxiv_agg_005,aggregate_cross_paper,B,1.0,0.49134995418762356,1.0,0.8304499847292078
N8_E10c_T12e,N8,arxiv_agg_006,aggregate_cross_paper,B,0.4,0.0,0.0,0.13333333333333333
N8_E10c_T12e,N8,arxiv_agg_007,aggregate_cross_paper,B,0.8571428571428571,0.7210289840348812,1.0,0.8593906137259127
N8_E10c_T12e,N8,arxiv_agg_008,aggregate_cross_paper,B,1.0,0.7705484181301027,1.0,0.923516139376701
N8_E10c_T12e,N8,arxiv_agg_009,aggregate_cross_paper,B,0.8333333333333334,0.42872793905419354,0.25,0.5040204241291756
N8_E10c_T12e,N8,arxiv_agg_010,aggregate_cross_paper,B,0.8333333333333334,0.7529924095445389,1.0,0.8621085809592909
N8_E10c_T12e,N8,arxiv_agg_011,aggregate_cross_paper,B,1.0,0.0,0.0,0.3333333333333333
N8_E10c_T12e,N8,arxiv_agg_012,aggregate_cross_paper,B,0.8571428571428571,0.8245496326459648,0.0,0.5605641632629407
N8_E10c_T12e,N8,arxiv_agg_013,aggregate_cross_paper,B,1.0,0.6511746071985113,1.0,0.8837248690661704
N8_E10c_T12e,N8,arxiv_agg_014,aggregate_cross_paper,B,0.4,0.0,0.0,0.13333333333333333
N8_E10c_T12e,N8,arxiv_agg_015,aggregate_cross_paper,B,0.5555555555555556,0.0,0.5,0.35185185185185186
N8_E10c_T12e,N8,arxiv_agg_016,aggregate_cross_paper,B,0.75,0.0,0.5,0.4166666666666667
N8_E10c_T12e,N8,arxiv_agg_017,aggregate_cross_paper,B,0.8,0.74998099831421,0.0,0.5166603327714033
N8_E10c_T12e,N8,arxiv_agg_018,aggregate_cross_paper,B,,0.0,0.0,0.0
N8_E10c_T12e,N8,arxiv_agg_019,aggregate_cross_paper,B,0.9,0.45760045708203645,0.5,0.6192001523606788
N8_E10c_T12e,N8,arxiv_agg_020,aggregate_cross_paper,B,1.0,0.7278136206783596,0.5,0.7426045402261199
N8_E10c_T12e,N8,arxiv_agg_021,aggregate_cross_paper,B,1.0,0.0,0.0,0.3333333333333333
N8_E10c_T12e,N8,arxiv_agg_022,aggregate_cross_paper,B,0.75,0.6183980744511921,0.5,0.6227993581503973
N8_E10c_T12e,N8,arxiv_agg_023,aggregate_cross_paper,B,0.8,0.0,0.0,0.26666666666666666
N8_E10c_T12e,N8,arxiv_agg_024,aggregate_cross_paper,B,0.2857142857142857,0.5621925867634936,1.0,0.6159689574925932
N8_E10c_T12e,N8,arxiv_agg_025,aggregate_cross_paper,B,1.0,0.0,0.0,0.3333333333333333
N8_E10c_T12e,N8,arxiv_agg_026,aggregate_cross_paper,B,1.0,0.0,0.0,0.3333333333333333
N8_E10c_T12e,N8,arxiv_agg_027,aggregate_cross_paper,B,1.0,0.8834703833047604,0.0,0.6278234611015868
N8_E10c_T12e,N8,arxiv_agg_028,aggregate_cross_paper,B,0.8333333333333334,0.0,0.0,0.2777777777777778
N8_E10c_T12e,N8,arxiv_agg_029,aggregate_cross_paper,B,0.9,0.515616707964364,1.0,0.8052055693214547
N8_E10c_T12e,N8,arxiv_agg_030,aggregate_cross_paper,B,1.0,0.0,0.0,0.3333333333333333
N8_E10c_T12e,N8,arxiv_agg_031,aggregate_cross_paper,B,1.0,0.0,0.0,0.3333333333333333
N8_E10c_T12e,N8,arxiv_agg_032,aggregate_cross_paper,B,1.0,0.5493044589305575,0.5,0.6831014863101857
N8_E10c_T12e,N8,arxiv_edge_000,edge_multihop,B,1.0,0.0,0.0,0.3333333333333333
N8_E10c_T12e,N8,arxiv_edge_001,edge_multihop,B,0.75,0.0,0.0,0.25
N8_E10c_T12e,N8,arxiv_edge_002,edge_multihop,B,0.3333333333333333,0.0,0.5,0.27777777777777773
N8_E10c_T12e,N8,arxiv_edge_003,edge_multihop,B,1.0,0.0,0.0,0.3333333333333333
N8_E10c_T12e,N8,arxiv_edge_004,edge_multihop,B,1.0,0.0,0.0,0.3333333333333333
N8_E10c_T12e,N8,arxiv_edge_005,edge_multihop,B,1.0,0.0,0.0,0.3333333333333333
N8_E10c_T12e,N8,arxiv_edge_006,edge_multihop,B,1.0,0.0,0.0,0.3333333333333333
N8_E10c_T12e,N8,arxiv_edge_007,edge_multihop,B,1.0,0.0,0.0,0.3333333333333333
N8_E10c_T12e,N8,arxiv_edge_008,edge_multihop,B,1.0,0.0,0.0,0.3333333333333333
N8_E10c_T12e,N8,arxiv_edge_009,edge_multihop,B,1.0,0.0,0.0,0.3333333333333333
N8_E10c_T12e,N8,arxiv_edge_010,edge_multihop,B,1.0,0.0,0.0,0.3333333333333333
N8_E10c_T12e,N8,arxiv_edge_011,edge_multihop,B,1.0,0.0,0.0,0.3333333333333333
N8_E10c_T12e,N8,arxiv_edge_012,edge_multihop,B,1.0,0.0,0.0,0.3333333333333333
N8_E10c_T12e,N8,arxiv_edge_013,edge_multihop,B,1.0,0.0,0.0,0.3333333333333333
N8_E10c_T12e,N8,arxiv_edge_014,edge_multihop,B,0.75,0.0,0.0,0.25
N8_E10c_T12e,N8,arxiv_edge_015,edge_multihop,B,1.0,0.0,0.0,0.3333333333333333
N8_E10c_T12e,N8,arxiv_edge_016,edge_multihop,B,0.75,0.0,0.0,0.25
N8_E10c_T12e,N8,arxiv_edge_017,edge_multihop,B,1.0,0.0,0.0,0.3333333333333333
N8_E10c_T12e,N8,arxiv_edge_018,edge_multihop,B,0.8333333333333334,0.643811518240009,0.0,0.4923816171911142
N8_E10c_T12e,N8,arxiv_edge_019,edge_multihop,B,1.0,0.0,0.0,0.3333333333333333
N8_E10c_T12e,N8,arxiv_edge_020,edge_multihop,B,1.0,0.0,0.0,0.3333333333333333
N8_E10c_T12e,N8,arxiv_edge_021,edge_multihop,B,1.0,0.0,0.0,0.3333333333333333
N8_E10c_T12e,N8,arxiv_edge_022,edge_multihop,B,1.0,0.0,0.0,0.3333333333333333
N8_E10c_T12e,N8,arxiv_edge_023,edge_multihop,B,1.0,0.0,0.0,0.3333333333333333
N8_E10c_T12e,N8,arxiv_edge_024,edge_multihop,B,1.0,0.0,0.0,0.3333333333333333
N8_E10c_T12e,N8,arxiv_edge_025,edge_multihop,B,0.75,0.0,0.0,0.25
N8_E10c_T12e,N8,arxiv_edge_026,edge_multihop,B,0.6666666666666666,0.0,0.0,0.2222222222222222
N8_E10c_T12e,N8,arxiv_edge_027,edge_multihop,B,0.3333333333333333,0.7369170056037374,0.0,0.3567501129790236
N8_E10c_T12e,N8,arxiv_edge_028,edge_multihop,B,0.75,0.0,0.0,0.25
N8_E10c_T12e,N8,arxiv_edge_029,edge_multihop,B,1.0,0.0,0.0,0.3333333333333333
N8_E10c_T12e,N8,arxiv_edge_030,edge_multihop,B,1.0,0.0,0.0,0.3333333333333333
N8_E10c_T12e,N8,arxiv_edge_031,edge_multihop,B,0.8,0.0,0.0,0.26666666666666666
N8_E10c_T12e,N8,arxiv_edge_032,edge_multihop,B,1.0,0.0,0.0,0.3333333333333333
N8_E10c_T12e,N8,arxiv_edge_033,edge_multihop,B,0.75,0.0,0.0,0.25
N8_E11a_T12a,N8,arxiv_sh_000,single_specific,B,0.0,0.0,1.0,0.3333333333333333
N8_E11a_T12a,N8,arxiv_sh_001,single_specific,B,1.0,0.8850171833125166,0.0,0.6283390611041723
N8_E11a_T12a,N8,arxiv_sh_002,single_specific,B,1.0,0.0,0.0,0.3333333333333333
N8_E11a_T12a,N8,arxiv_sh_003,single_specific,B,1.0,0.0,0.0,0.3333333333333333
N8_E11a_T12a,N8,arxiv_sh_004,single_specific,B,0.0,0.0,0.0,0.0
N8_E11a_T12a,N8,arxiv_sh_005,single_specific,B,1.0,0.0,0.0,0.3333333333333333
N8_E11a_T12a,N8,arxiv_sh_006,single_specific,B,1.0,0.0,0.0,0.3333333333333333
N8_E11a_T12a,N8,arxiv_sh_007,single_specific,B,1.0,0.8009644254527526,0.0,0.6003214751509175
N8_E11a_T12a,N8,arxiv_sh_008,single_specific,B,0.5,0.0,0.0,0.16666666666666666
N8_E11a_T12a,N8,arxiv_sh_009,single_specific,B,0.5,0.0,0.0,0.16666666666666666
N8_E11a_T12a,N8,arxiv_sh_010,single_specific,B,1.0,0.0,0.0,0.3333333333333333
N8_E11a_T12a,N8,arxiv_sh_011,single_specific,B,0.8571428571428571,0.9648073274492517,1.0,0.940650061530703
N8_E11a_T12a,N8,arxiv_sh_012,single_specific,B,0.5,0.0,0.0,0.16666666666666666
N8_E11a_T12a,N8,arxiv_sh_013,single_specific,B,1.0,0.0,0.0,0.3333333333333333
N8_E11a_T12a,N8,arxiv_sh_014,single_specific,B,1.0,0.0,0.0,0.3333333333333333
N8_E11a_T12a,N8,arxiv_sh_015,single_specific,B,0.0,0.0,0.0,0.0
N8_E11a_T12a,N8,arxiv_sh_016,single_specific,B,1.0,0.0,0.0,0.3333333333333333
N8_E11a_T12a,N8,arxiv_sh_017,single_specific,B,0.6666666666666666,0.0,0.0,0.2222222222222222
N8_E11a_T12a,N8,arxiv_sh_018,single_specific,B,1.0,0.7928298021912198,0.0,0.59760993406374
N8_E11a_T12a,N8,arxiv_sh_019,single_specific,B,1.0,0.0,0.0,0.3333333333333333
N8_E11a_T12a,N8,arxiv_sh_020,single_specific,B,1.0,0.0,0.0,0.3333333333333333
N8_E11a_T12a,N8,arxiv_sh_021,single_specific,B,1.0,0.0,0.0,0.3333333333333333
N8_E11a_T12a,N8,arxiv_sh_022,single_specific,B,1.0,0.0,0.0,0.3333333333333333
N8_E11a_T12a,N8,arxiv_sh_023,single_specific,B,1.0,0.8318427190973191,1.0,0.9439475730324397
N8_E11a_T12a,N8,arxiv_sh_024,single_specific,B,1.0,0.8469421425538076,0.0,0.6156473808512692
N8_E11a_T12a,N8,arxiv_sh_025,single_specific,B,1.0,0.0,0.0,0.3333333333333333
N8_E11a_T12a,N8,arxiv_sh_026,single_specific,B,1.0,0.0,0.0,0.3333333333333333
N8_E11a_T12a,N8,arxiv_sh_027,single_specific,B,1.0,0.0,0.0,0.3333333333333333
N8_E11a_T12a,N8,arxiv_sh_028,single_specific,B,0.5,0.0,0.0,0.16666666666666666
N8_E11a_T12a,N8,arxiv_sh_029,single_specific,B,1.0,0.0,0.0,0.3333333333333333
N8_E11a_T12a,N8,arxiv_sh_030,single_specific,B,0.0,0.0,0.0,0.0
N8_E11a_T12a,N8,arxiv_sh_031,single_specific,B,1.0,0.9345016852091742,0.0,0.6448338950697248
N8_E11a_T12a,N8,arxiv_sh_032,single_specific,B,1.0,0.0,0.0,0.3333333333333333
N8_E11a_T12a,N8,arxiv_sh_033,single_specific,B,0.6666666666666666,0.0,0.0,0.2222222222222222
N8_E11a_T12a,N8,arxiv_sh_034,single_specific,B,1.0,0.0,0.0,0.3333333333333333
N8_E11a_T12a,N8,arxiv_agg_000,aggregate_cross_paper,B,1.0,0.7067339852215201,0.0,0.5689113284071734
N8_E11a_T12a,N8,arxiv_agg_001,aggregate_cross_paper,B,0.8,0.0,0.0,0.26666666666666666
N8_E11a_T12a,N8,arxiv_agg_002,aggregate_cross_paper,B,0.5,0.0,0.0,0.16666666666666666
N8_E11a_T12a,N8,arxiv_agg_003,aggregate_cross_paper,B,1.0,0.0,0.0,0.3333333333333333
N8_E11a_T12a,N8,arxiv_agg_004,aggregate_cross_paper,B,0.8571428571428571,0.7816437194552931,1.0,0.8795955255327167
N8_E11a_T12a,N8,arxiv_agg_005,aggregate_cross_paper,B,1.0,0.6330212812042472,1.0,0.8776737604014158
N8_E11a_T12a,N8,arxiv_agg_006,aggregate_cross_paper,B,0.75,0.0,0.0,0.25
N8_E11a_T12a,N8,arxiv_agg_007,aggregate_cross_paper,B,0.7142857142857143,0.7210289840348812,0.0,0.47843823277353187
N8_E11a_T12a,N8,arxiv_agg_008,aggregate_cross_paper,B,0.8,0.7705508417846209,1.0,0.8568502805948737
N8_E11a_T12a,N8,arxiv_agg_009,aggregate_cross_paper,B,0.8333333333333334,0.0,0.0,0.2777777777777778
N8_E11a_T12a,N8,arxiv_agg_010,aggregate_cross_paper,B,0.7142857142857143,0.7764170163803922,1.0,0.8302342435553688
N8_E11a_T12a,N8,arxiv_agg_011,aggregate_cross_paper,B,0.8888888888888888,0.0,0.0,0.2962962962962963
N8_E11a_T12a,N8,arxiv_agg_012,aggregate_cross_paper,B,0.5714285714285714,0.48533098431649213,0.5,0.5189198519150212
N8_E11a_T12a,N8,arxiv_agg_013,aggregate_cross_paper,B,1.0,0.8175906648692619,1.0,0.939196888289754
N8_E11a_T12a,N8,arxiv_agg_014,aggregate_cross_paper,B,0.75,0.0,0.0,0.25
N8_E11a_T12a,N8,arxiv_agg_015,aggregate_cross_paper,B,0.3333333333333333,0.0,0.0,0.1111111111111111
N8_E11a_T12a,N8,arxiv_agg_016,aggregate_cross_paper,B,1.0,0.0,0.5,0.5
N8_E11a_T12a,N8,arxiv_agg_017,aggregate_cross_paper,B,1.0,0.74998099831421,0.0,0.58332699943807
N8_E11a_T12a,N8,arxiv_agg_018,aggregate_cross_paper,B,,0.0,0.0,0.0
N8_E11a_T12a,N8,arxiv_agg_019,aggregate_cross_paper,B,0.9,0.46215169237802667,0.5,0.6207172307926756
N8_E11a_T12a,N8,arxiv_agg_020,aggregate_cross_paper,B,1.0,0.7278067058247807,0.5,0.7426022352749269
N8_E11a_T12a,N8,arxiv_agg_021,aggregate_cross_paper,B,0.625,0.6944781881270469,0.0,0.43982606270901564
N8_E11a_T12a,N8,arxiv_agg_022,aggregate_cross_paper,B,0.75,0.6180301741702184,0.5,0.6226767247234061
N8_E11a_T12a,N8,arxiv_agg_023,aggregate_cross_paper,B,0.8,0.0,0.0,0.26666666666666666
N8_E11a_T12a,N8,arxiv_agg_024,aggregate_cross_paper,B,0.2222222222222222,0.7759381375628758,1.0,0.6660534532616994
N8_E11a_T12a,N8,arxiv_agg_025,aggregate_cross_paper,B,1.0,0.8820841543824497,0.0,0.6273613847941499
N8_E11a_T12a,N8,arxiv_agg_026,aggregate_cross_paper,B,1.0,0.0,0.0,0.3333333333333333
N8_E11a_T12a,N8,arxiv_agg_027,aggregate_cross_paper,B,1.0,0.8759276340445007,0.0,0.625309211348167
N8_E11a_T12a,N8,arxiv_agg_028,aggregate_cross_paper,B,1.0,0.0,0.0,0.3333333333333333
N8_E11a_T12a,N8,arxiv_agg_029,aggregate_cross_paper,B,1.0,0.5060765023712221,0.0,0.5020255007904074
N8_E11a_T12a,N8,arxiv_agg_030,aggregate_cross_paper,B,0.5,0.0,0.0,0.16666666666666666
N8_E11a_T12a,N8,arxiv_agg_031,aggregate_cross_paper,B,0.8571428571428571,0.7516539175012279,0.0,0.5362655915480283
N8_E11a_T12a,N8,arxiv_agg_032,aggregate_cross_paper,B,1.0,0.6655707441186222,0.5,0.7218569147062074
N8_E11a_T12a,N8,arxiv_edge_000,edge_multihop,B,1.0,0.0,0.0,0.3333333333333333
N8_E11a_T12a,N8,arxiv_edge_001,edge_multihop,B,0.75,0.0,0.0,0.25
N8_E11a_T12a,N8,arxiv_edge_002,edge_multihop,B,0.6666666666666666,0.8066940238318416,0.5,0.6577868968328361
N8_E11a_T12a,N8,arxiv_edge_003,edge_multihop,B,0.6666666666666666,0.0,0.0,0.2222222222222222
N8_E11a_T12a,N8,arxiv_edge_004,edge_multihop,B,1.0,0.0,0.0,0.3333333333333333
N8_E11a_T12a,N8,arxiv_edge_005,edge_multihop,B,1.0,0.0,0.0,0.3333333333333333
N8_E11a_T12a,N8,arxiv_edge_006,edge_multihop,B,1.0,0.0,0.0,0.3333333333333333
N8_E11a_T12a,N8,arxiv_edge_007,edge_multihop,B,0.8333333333333334,0.6673686934311206,0.0,0.5002340089214846
N8_E11a_T12a,N8,arxiv_edge_008,edge_multihop,B,1.0,0.0,0.0,0.3333333333333333
N8_E11a_T12a,N8,arxiv_edge_009,edge_multihop,B,1.0,0.0,0.0,0.3333333333333333
N8_E11a_T12a,N8,arxiv_edge_010,edge_multihop,B,1.0,0.0,0.0,0.3333333333333333
N8_E11a_T12a,N8,arxiv_edge_011,edge_multihop,B,1.0,0.0,0.0,0.3333333333333333
N8_E11a_T12a,N8,arxiv_edge_012,edge_multihop,B,0.6,0.0,0.0,0.19999999999999998
N8_E11a_T12a,N8,arxiv_edge_013,edge_multihop,B,1.0,0.5435103536356705,0.0,0.5145034512118901
N8_E11a_T12a,N8,arxiv_edge_014,edge_multihop,B,1.0,0.0,0.0,0.3333333333333333
N8_E11a_T12a,N8,arxiv_edge_015,edge_multihop,B,1.0,0.0,1.0,0.6666666666666666
N8_E11a_T12a,N8,arxiv_edge_016,edge_multihop,B,0.5,0.0,0.0,0.16666666666666666
N8_E11a_T12a,N8,arxiv_edge_017,edge_multihop,B,1.0,0.0,0.0,0.3333333333333333
N8_E11a_T12a,N8,arxiv_edge_018,edge_multihop,B,0.375,0.6656913542645906,0.0,0.34689711808819684
N8_E11a_T12a,N8,arxiv_edge_019,edge_multihop,B,1.0,0.0,0.0,0.3333333333333333
N8_E11a_T12a,N8,arxiv_edge_020,edge_multihop,B,1.0,0.0,0.0,0.3333333333333333
N8_E11a_T12a,N8,arxiv_edge_021,edge_multihop,B,0.8333333333333334,0.0,0.0,0.2777777777777778
N8_E11a_T12a,N8,arxiv_edge_022,edge_multihop,B,0.6666666666666666,0.0,0.0,0.2222222222222222
N8_E11a_T12a,N8,arxiv_edge_023,edge_multihop,B,0.6666666666666666,0.0,0.0,0.2222222222222222
N8_E11a_T12a,N8,arxiv_edge_024,edge_multihop,B,1.0,0.0,0.0,0.3333333333333333
N8_E11a_T12a,N8,arxiv_edge_025,edge_multihop,B,0.75,0.0,0.0,0.25
N8_E11a_T12a,N8,arxiv_edge_026,edge_multihop,B,0.6666666666666666,0.0,0.0,0.2222222222222222
N8_E11a_T12a,N8,arxiv_edge_027,edge_multihop,B,0.875,0.6705927492364969,0.0,0.5151975830788323
N8_E11a_T12a,N8,arxiv_edge_028,edge_multihop,B,1.0,0.0,0.0,0.3333333333333333
N8_E11a_T12a,N8,arxiv_edge_029,edge_multihop,B,1.0,0.0,0.0,0.3333333333333333
N8_E11a_T12a,N8,arxiv_edge_030,edge_multihop,B,1.0,0.0,0.0,0.3333333333333333
N8_E11a_T12a,N8,arxiv_edge_031,edge_multihop,B,1.0,0.0,0.0,0.3333333333333333
N8_E11a_T12a,N8,arxiv_edge_032,edge_multihop,B,1.0,0.0,0.0,0.3333333333333333
N8_E11a_T12a,N8,arxiv_edge_033,edge_multihop,B,1.0,0.0,0.0,0.3333333333333333
N8_E11a_T12b,N8,arxiv_sh_000,single_specific,B,0.0,0.0,1.0,0.3333333333333333
N8_E11a_T12b,N8,arxiv_sh_001,single_specific,B,1.0,0.8437514976812398,0.0,0.6145838325604133
N8_E11a_T12b,N8,arxiv_sh_002,single_specific,B,1.0,0.0,0.0,0.3333333333333333
N8_E11a_T12b,N8,arxiv_sh_003,single_specific,B,1.0,0.0,0.0,0.3333333333333333
N8_E11a_T12b,N8,arxiv_sh_004,single_specific,B,0.0,0.0,0.0,0.0
N8_E11a_T12b,N8,arxiv_sh_005,single_specific,B,1.0,0.0,0.0,0.3333333333333333
N8_E11a_T12b,N8,arxiv_sh_006,single_specific,B,1.0,0.0,0.0,0.3333333333333333
N8_E11a_T12b,N8,arxiv_sh_007,single_specific,B,0.5,0.8009949261842649,0.0,0.433664975394755
N8_E11a_T12b,N8,arxiv_sh_008,single_specific,B,0.5,0.0,0.0,0.16666666666666666
N8_E11a_T12b,N8,arxiv_sh_009,single_specific,B,0.0,0.0,0.0,0.0
N8_E11a_T12b,N8,arxiv_sh_010,single_specific,B,1.0,0.0,0.0,0.3333333333333333
N8_E11a_T12b,N8,arxiv_sh_011,single_specific,B,0.8571428571428571,0.9648091160247501,1.0,0.9406506577225358
N8_E11a_T12b,N8,arxiv_sh_012,single_specific,B,0.5,0.0,0.0,0.16666666666666666
N8_E11a_T12b,N8,arxiv_sh_013,single_specific,B,0.6666666666666666,0.0,0.0,0.2222222222222222
N8_E11a_T12b,N8,arxiv_sh_014,single_specific,B,1.0,0.0,0.0,0.3333333333333333
N8_E11a_T12b,N8,arxiv_sh_015,single_specific,B,0.5,0.0,0.0,0.16666666666666666
N8_E11a_T12b,N8,arxiv_sh_016,single_specific,B,1.0,0.0,0.0,0.3333333333333333
N8_E11a_T12b,N8,arxiv_sh_017,single_specific,B,1.0,0.0,0.0,0.3333333333333333
N8_E11a_T12b,N8,arxiv_sh_018,single_specific,B,0.0,0.7941057801869255,0.0,0.26470192672897513
N8_E11a_T12b,N8,arxiv_sh_019,single_specific,B,1.0,0.0,0.0,0.3333333333333333
N8_E11a_T12b,N8,arxiv_sh_020,single_specific,B,1.0,0.0,0.0,0.3333333333333333
N8_E11a_T12b,N8,arxiv_sh_021,single_specific,B,1.0,0.0,0.0,0.3333333333333333
N8_E11a_T12b,N8,arxiv_sh_022,single_specific,B,1.0,0.0,0.0,0.3333333333333333
N8_E11a_T12b,N8,arxiv_sh_023,single_specific,B,1.0,0.8318427190973191,1.0,0.9439475730324397
N8_E11a_T12b,N8,arxiv_sh_024,single_specific,B,1.0,0.8469073137448696,0.0,0.6156357712482898
N8_E11a_T12b,N8,arxiv_sh_025,single_specific,B,1.0,0.0,0.0,0.3333333333333333
N8_E11a_T12b,N8,arxiv_sh_026,single_specific,B,1.0,0.0,0.0,0.3333333333333333
N8_E11a_T12b,N8,arxiv_sh_027,single_specific,B,1.0,0.0,0.0,0.3333333333333333
N8_E11a_T12b,N8,arxiv_sh_028,single_specific,B,0.5,0.0,0.0,0.16666666666666666
N8_E11a_T12b,N8,arxiv_sh_029,single_specific,B,0.5,0.0,0.0,0.16666666666666666
N8_E11a_T12b,N8,arxiv_sh_030,single_specific,B,0.0,0.0,0.0,0.0
N8_E11a_T12b,N8,arxiv_sh_031,single_specific,B,0.6,0.9506760769490318,0.0,0.5168920256496773
N8_E11a_T12b,N8,arxiv_sh_032,single_specific,B,1.0,0.0,0.0,0.3333333333333333
N8_E11a_T12b,N8,arxiv_sh_033,single_specific,B,1.0,0.8392173880734713,0.0,0.6130724626911571
N8_E11a_T12b,N8,arxiv_sh_034,single_specific,B,1.0,0.0,0.0,0.3333333333333333
N8_E11a_T12b,N8,arxiv_agg_000,aggregate_cross_paper,B,1.0,0.7067339852215201,0.0,0.5689113284071734
N8_E11a_T12b,N8,arxiv_agg_001,aggregate_cross_paper,B,0.8,0.0,0.0,0.26666666666666666
N8_E11a_T12b,N8,arxiv_agg_002,aggregate_cross_paper,B,0.5,0.0,0.0,0.16666666666666666
N8_E11a_T12b,N8,arxiv_agg_003,aggregate_cross_paper,B,0.8333333333333334,0.0,0.0,0.2777777777777778
N8_E11a_T12b,N8,arxiv_agg_004,aggregate_cross_paper,B,1.0,0.7816415242769629,1.0,0.9272138414256542
N8_E11a_T12b,N8,arxiv_agg_005,aggregate_cross_paper,B,0.8333333333333334,0.6330323004069086,1.0,0.8221218779134141
N8_E11a_T12b,N8,arxiv_agg_006,aggregate_cross_paper,B,0.6,0.0,0.25,0.2833333333333333
N8_E11a_T12b,N8,arxiv_agg_007,aggregate_cross_paper,B,0.8571428571428571,0.7210289840348812,0.0,0.5260572803925795
N8_E11a_T12b,N8,arxiv_agg_008,aggregate_cross_paper,B,1.0,0.7705454877096254,1.0,0.9235151625698751
N8_E11a_T12b,N8,arxiv_agg_009,aggregate_cross_paper,B,0.8333333333333334,0.5145197563944106,0.0,0.44928436324258136
N8_E11a_T12b,N8,arxiv_agg_010,aggregate_cross_paper,B,0.7142857142857143,0.7764170163803922,1.0,0.8302342435553688
N8_E11a_T12b,N8,arxiv_agg_011,aggregate_cross_paper,B,0.8888888888888888,0.0,0.0,0.2962962962962963
N8_E11a_T12b,N8,arxiv_agg_012,aggregate_cross_paper,B,0.875,0.4103514267215133,0.5,0.5951171422405045
N8_E11a_T12b,N8,arxiv_agg_013,aggregate_cross_paper,B,1.0,0.8175877667751865,1.0,0.9391959222583955
N8_E11a_T12b,N8,arxiv_agg_014,aggregate_cross_paper,B,0.4,0.0,0.0,0.13333333333333333
N8_E11a_T12b,N8,arxiv_agg_015,aggregate_cross_paper,B,0.3333333333333333,0.0,0.0,0.1111111111111111
N8_E11a_T12b,N8,arxiv_agg_016,aggregate_cross_paper,B,0.75,0.0,0.25,0.3333333333333333
N8_E11a_T12b,N8,arxiv_agg_017,aggregate_cross_paper,B,1.0,0.74998099831421,0.0,0.58332699943807
N8_E11a_T12b,N8,arxiv_agg_018,aggregate_cross_paper,B,,0.0,0.0,0.0
N8_E11a_T12b,N8,arxiv_agg_019,aggregate_cross_paper,B,0.9,0.46215169237802667,0.5,0.6207172307926756
N8_E11a_T12b,N8,arxiv_agg_020,aggregate_cross_paper,B,1.0,0.7278080617179915,0.5,0.7426026872393305
N8_E11a_T12b,N8,arxiv_agg_021,aggregate_cross_paper,B,0.5,0.6944781881270469,0.0,0.398159396042349
N8_E11a_T12b,N8,arxiv_agg_022,aggregate_cross_paper,B,1.0,0.6180435728905027,0.5,0.7060145242968342
N8_E11a_T12b,N8,arxiv_agg_023,aggregate_cross_paper,B,0.8,0.0,0.0,0.26666666666666666
N8_E11a_T12b,N8,arxiv_agg_024,aggregate_cross_paper,B,0.3333333333333333,0.775961409481142,1.0,0.703098247604825
N8_E11a_T12b,N8,arxiv_agg_025,aggregate_cross_paper,B,0.42857142857142855,0.8620822517122281,0.0,0.4302178934278855
N8_E11a_T12b,N8,arxiv_agg_026,aggregate_cross_paper,B,1.0,0.0,0.0,0.3333333333333333
N8_E11a_T12b,N8,arxiv_agg_027,aggregate_cross_paper,B,0.8571428571428571,0.8683053974544706,0.0,0.5751494181991093
N8_E11a_T12b,N8,arxiv_agg_028,aggregate_cross_paper,B,0.8333333333333334,0.0,0.0,0.2777777777777778
N8_E11a_T12b,N8,arxiv_agg_029,aggregate_cross_paper,B,1.0,0.5060607799003456,0.0,0.5020202599667819
N8_E11a_T12b,N8,arxiv_agg_030,aggregate_cross_paper,B,0.5,0.0,0.0,0.16666666666666666
N8_E11a_T12b,N8,arxiv_agg_031,aggregate_cross_paper,B,1.0,0.7516903389279209,0.0,0.5838967796426403
N8_E11a_T12b,N8,arxiv_agg_032,aggregate_cross_paper,B,1.0,0.6437242212947495,0.5,0.7145747404315831
N8_E11a_T12b,N8,arxiv_edge_000,edge_multihop,B,1.0,0.0,0.0,0.3333333333333333
N8_E11a_T12b,N8,arxiv_edge_001,edge_multihop,B,0.75,0.0,0.0,0.25
N8_E11a_T12b,N8,arxiv_edge_002,edge_multihop,B,0.4,0.8117061640330823,0.5,0.5705687213443608
N8_E11a_T12b,N8,arxiv_edge_003,edge_multihop,B,1.0,0.0,0.0,0.3333333333333333
N8_E11a_T12b,N8,arxiv_edge_004,edge_multihop,B,1.0,0.0,0.0,0.3333333333333333
N8_E11a_T12b,N8,arxiv_edge_005,edge_multihop,B,1.0,0.0,0.0,0.3333333333333333
N8_E11a_T12b,N8,arxiv_edge_006,edge_multihop,B,1.0,0.0,0.0,0.3333333333333333
N8_E11a_T12b,N8,arxiv_edge_007,edge_multihop,B,0.8333333333333334,0.6673686934311206,0.0,0.5002340089214846
N8_E11a_T12b,N8,arxiv_edge_008,edge_multihop,B,1.0,0.0,0.0,0.3333333333333333
N8_E11a_T12b,N8,arxiv_edge_009,edge_multihop,B,1.0,0.0,0.0,0.3333333333333333
N8_E11a_T12b,N8,arxiv_edge_010,edge_multihop,B,1.0,0.0,0.0,0.3333333333333333
N8_E11a_T12b,N8,arxiv_edge_011,edge_multihop,B,1.0,0.0,0.0,0.3333333333333333
N8_E11a_T12b,N8,arxiv_edge_012,edge_multihop,B,0.6,0.0,0.0,0.19999999999999998
N8_E11a_T12b,N8,arxiv_edge_013,edge_multihop,B,1.0,0.5834432547092966,0.0,0.5278144182364323
N8_E11a_T12b,N8,arxiv_edge_014,edge_multihop,B,0.75,0.0,0.0,0.25
N8_E11a_T12b,N8,arxiv_edge_015,edge_multihop,B,0.6666666666666666,0.0,1.0,0.5555555555555555
N8_E11a_T12b,N8,arxiv_edge_016,edge_multihop,B,0.5,0.0,0.0,0.16666666666666666
N8_E11a_T12b,N8,arxiv_edge_017,edge_multihop,B,1.0,0.0,0.0,0.3333333333333333
N8_E11a_T12b,N8,arxiv_edge_018,edge_multihop,B,0.2857142857142857,0.6717185507237637,0.0,0.31914427881268315
N8_E11a_T12b,N8,arxiv_edge_019,edge_multihop,B,0.6666666666666666,0.0,0.0,0.2222222222222222
N8_E11a_T12b,N8,arxiv_edge_020,edge_multihop,B,1.0,0.0,0.0,0.3333333333333333
N8_E11a_T12b,N8,arxiv_edge_021,edge_multihop,B,0.6666666666666666,0.0,0.0,0.2222222222222222
N8_E11a_T12b,N8,arxiv_edge_022,edge_multihop,B,1.0,0.0,0.0,0.3333333333333333
N8_E11a_T12b,N8,arxiv_edge_023,edge_multihop,B,0.6666666666666666,0.0,0.0,0.2222222222222222
N8_E11a_T12b,N8,arxiv_edge_024,edge_multihop,B,0.75,0.0,0.0,0.25
N8_E11a_T12b,N8,arxiv_edge_025,edge_multihop,B,1.0,0.0,0.0,0.3333333333333333
N8_E11a_T12b,N8,arxiv_edge_026,edge_multihop,B,0.6666666666666666,0.0,0.0,0.2222222222222222
N8_E11a_T12b,N8,arxiv_edge_027,edge_multihop,B,1.0,0.667108019600767,0.0,0.5557026732002557
N8_E11a_T12b,N8,arxiv_edge_028,edge_multihop,B,0.75,0.0,0.0,0.25
N8_E11a_T12b,N8,arxiv_edge_029,edge_multihop,B,1.0,0.0,0.0,0.3333333333333333
N8_E11a_T12b,N8,arxiv_edge_030,edge_multihop,B,1.0,0.0,0.0,0.3333333333333333
N8_E11a_T12b,N8,arxiv_edge_031,edge_multihop,B,1.0,0.0,0.0,0.3333333333333333
N8_E11a_T12b,N8,arxiv_edge_032,edge_multihop,B,1.0,0.0,0.0,0.3333333333333333
N8_E11a_T12b,N8,arxiv_edge_033,edge_multihop,B,1.0,0.0,0.0,0.3333333333333333
N8_E11b_T12a,N8,arxiv_sh_000,single_specific,B,0.0,0.0,1.0,0.3333333333333333
N8_E11b_T12a,N8,arxiv_sh_001,single_specific,B,1.0,0.8850143900863733,0.0,0.6283381300287911
N8_E11b_T12a,N8,arxiv_sh_002,single_specific,B,1.0,0.0,0.0,0.3333333333333333
N8_E11b_T12a,N8,arxiv_sh_003,single_specific,B,0.5,0.0,0.0,0.16666666666666666
N8_E11b_T12a,N8,arxiv_sh_004,single_specific,B,0.0,0.0,0.0,0.0
N8_E11b_T12a,N8,arxiv_sh_005,single_specific,B,1.0,0.0,0.0,0.3333333333333333
N8_E11b_T12a,N8,arxiv_sh_006,single_specific,B,0.3333333333333333,0.0,0.0,0.1111111111111111
N8_E11b_T12a,N8,arxiv_sh_007,single_specific,B,1.0,0.8077170976496116,0.0,0.602572365883204
N8_E11b_T12a,N8,arxiv_sh_008,single_specific,B,1.0,0.0,0.0,0.3333333333333333
N8_E11b_T12a,N8,arxiv_sh_009,single_specific,B,0.5,0.0,0.0,0.16666666666666666
N8_E11b_T12a,N8,arxiv_sh_010,single_specific,B,0.0,0.9521320285621465,0.0,0.31737734285404884
N8_E11b_T12a,N8,arxiv_sh_011,single_specific,B,0.5,0.0,0.0,0.16666666666666666
N8_E11b_T12a,N8,arxiv_sh_012,single_specific,B,1.0,0.0,0.0,0.3333333333333333
N8_E11b_T12a,N8,arxiv_sh_013,single_specific,B,1.0,0.0,0.0,0.3333333333333333
N8_E11b_T12a,N8,arxiv_sh_014,single_specific,B,1.0,0.0,0.0,0.3333333333333333
N8_E11b_T12a,N8,arxiv_sh_015,single_specific,B,0.5,0.0,0.0,0.16666666666666666
N8_E11b_T12a,N8,arxiv_sh_016,single_specific,B,1.0,0.0,0.0,0.3333333333333333
N8_E11b_T12a,N8,arxiv_sh_017,single_specific,B,1.0,0.0,0.0,0.3333333333333333
N8_E11b_T12a,N8,arxiv_sh_018,single_specific,B,1.0,0.0,0.0,0.3333333333333333
N8_E11b_T12a,N8,arxiv_sh_019,single_specific,B,1.0,0.0,0.0,0.3333333333333333
N8_E11b_T12a,N8,arxiv_sh_020,single_specific,B,1.0,0.0,0.0,0.3333333333333333
N8_E11b_T12a,N8,arxiv_sh_021,single_specific,B,1.0,0.0,0.0,0.3333333333333333
N8_E11b_T12a,N8,arxiv_sh_022,single_specific,B,1.0,0.0,0.0,0.3333333333333333
N8_E11b_T12a,N8,arxiv_sh_023,single_specific,B,1.0,0.8318427190973191,0.5,0.777280906365773
N8_E11b_T12a,N8,arxiv_sh_024,single_specific,B,1.0,0.8469421425538076,0.0,0.6156473808512692
N8_E11b_T12a,N8,arxiv_sh_025,single_specific,B,0.6,0.0,0.0,0.19999999999999998
N8_E11b_T12a,N8,arxiv_sh_026,single_specific,B,1.0,0.0,0.0,0.3333333333333333
N8_E11b_T12a,N8,arxiv_sh_027,single_specific,B,0.5,0.0,0.0,0.16666666666666666
N8_E11b_T12a,N8,arxiv_sh_028,single_specific,B,0.5,0.0,0.0,0.16666666666666666
N8_E11b_T12a,N8,arxiv_sh_029,single_specific,B,1.0,0.0,0.0,0.3333333333333333
N8_E11b_T12a,N8,arxiv_sh_030,single_specific,B,0.5,0.0,0.0,0.16666666666666666
N8_E11b_T12a,N8,arxiv_sh_031,single_specific,B,0.6666666666666666,0.9668504686888894,0.0,0.5445057117851854
N8_E11b_T12a,N8,arxiv_sh_032,single_specific,B,1.0,0.0,0.0,0.3333333333333333
N8_E11b_T12a,N8,arxiv_sh_033,single_specific,B,1.0,0.7594957391740019,0.0,0.5864985797246672
N8_E11b_T12a,N8,arxiv_sh_034,single_specific,B,1.0,0.0,0.0,0.3333333333333333
N8_E11b_T12a,N8,arxiv_agg_000,aggregate_cross_paper,B,1.0,0.600439876080891,1.0,0.8668132920269637
N8_E11b_T12a,N8,arxiv_agg_001,aggregate_cross_paper,B,0.8,0.0,0.0,0.26666666666666666
N8_E11b_T12a,N8,arxiv_agg_002,aggregate_cross_paper,B,0.5,0.0,0.0,0.16666666666666666
N8_E11b_T12a,N8,arxiv_agg_003,aggregate_cross_paper,B,1.0,0.0,0.0,0.3333333333333333
N8_E11b_T12a,N8,arxiv_agg_004,aggregate_cross_paper,B,0.7777777777777778,0.7534291536996099,0.0,0.5104023104924625
N8_E11b_T12a,N8,arxiv_agg_005,aggregate_cross_paper,B,0.75,0.6756079458376876,0.5,0.6418693152792292
N8_E11b_T12a,N8,arxiv_agg_006,aggregate_cross_paper,B,0.75,0.0,0.0,0.25
N8_E11b_T12a,N8,arxiv_agg_007,aggregate_cross_paper,B,0.6666666666666666,0.7391183088554909,1.0,0.8019283251740524
N8_E11b_T12a,N8,arxiv_agg_008,aggregate_cross_paper,B,1.0,0.8052340370002166,1.0,0.9350780123334056
N8_E11b_T12a,N8,arxiv_agg_009,aggregate_cross_paper,B,0.4,0.9386112139926223,0.0,0.44620373799754076
N8_E11b_T12a,N8,arxiv_agg_010,aggregate_cross_paper,B,0.8571428571428571,0.8161849502103108,0.0,0.5577759357843893
N8_E11b_T12a,N8,arxiv_agg_011,aggregate_cross_paper,B,1.0,0.0,0.0,0.3333333333333333
N8_E11b_T12a,N8,arxiv_agg_012,aggregate_cross_paper,B,0.3333333333333333,0.5661155833025705,0.0,0.2998163055453013
N8_E11b_T12a,N8,arxiv_agg_013,aggregate_cross_paper,B,0.16666666666666666,0.9337004724928853,0.5,0.533455713053184
N8_E11b_T12a,N8,arxiv_agg_014,aggregate_cross_paper,B,0.75,0.0,0.0,0.25
N8_E11b_T12a,N8,arxiv_agg_015,aggregate_cross_paper,B,0.36363636363636365,0.9134179622883486,0.0,0.4256847753082374
N8_E11b_T12a,N8,arxiv_agg_016,aggregate_cross_paper,B,0.8,0.8807780225492196,0.0,0.5602593408497398
N8_E11b_T12a,N8,arxiv_agg_017,aggregate_cross_paper,B,0.5,0.9376654327602325,0.0,0.4792218109200775
N8_E11b_T12a,N8,arxiv_agg_018,aggregate_cross_paper,B,1.0,0.0,0.0,0.3333333333333333
N8_E11b_T12a,N8,arxiv_agg_019,aggregate_cross_paper,B,0.875,0.6826315452217749,0.0,0.519210515073925
N8_E11b_T12a,N8,arxiv_agg_020,aggregate_cross_paper,B,0.8888888888888888,0.7414739773742093,0.0,0.543454288754366
N8_E11b_T12a,N8,arxiv_agg_021,aggregate_cross_paper,B,1.0,0.0,0.0,0.3333333333333333
N8_E11b_T12a,N8,arxiv_agg_022,aggregate_cross_paper,B,1.0,0.6496583963811695,0.0,0.5498861321270565
N8_E11b_T12a,N8,arxiv_agg_023,aggregate_cross_paper,B,0.0,0.0,0.0,0.0
N8_E11b_T12a,N8,arxiv_agg_024,aggregate_cross_paper,B,0.75,0.6362391179080161,0.0,0.46207970596933867
N8_E11b_T12a,N8,arxiv_agg_025,aggregate_cross_paper,B,1.0,0.0,0.0,0.3333333333333333
N8_E11b_T12a,N8,arxiv_agg_026,aggregate_cross_paper,B,0.6666666666666666,0.9453392347956203,0.0,0.537335300487429
N8_E11b_T12a,N8,arxiv_agg_027,aggregate_cross_paper,B,1.0,0.6671528477518284,0.0,0.5557176159172762
N8_E11b_T12a,N8,arxiv_agg_028,aggregate_cross_paper,B,1.0,0.0,0.0,0.3333333333333333
N8_E11b_T12a,N8,arxiv_agg_029,aggregate_cross_paper,B,1.0,0.0,0.0,0.3333333333333333
N8_E11b_T12a,N8,arxiv_agg_030,aggregate_cross_paper,B,1.0,0.0,0.0,0.3333333333333333
N8_E11b_T12a,N8,arxiv_agg_031,aggregate_cross_paper,B,1.0,0.0,0.0,0.3333333333333333
N8_E11b_T12a,N8,arxiv_agg_032,aggregate_cross_paper,B,0.8571428571428571,0.8721555241736184,0.0,0.5764327937721585
N8_E11b_T12a,N8,arxiv_edge_000,edge_multihop,B,1.0,0.0,0.0,0.3333333333333333
N8_E11b_T12a,N8,arxiv_edge_001,edge_multihop,B,0.75,0.0,0.0,0.25
N8_E11b_T12a,N8,arxiv_edge_002,edge_multihop,B,0.42857142857142855,0.7571586091292639,0.5,0.5619100125668975
N8_E11b_T12a,N8,arxiv_edge_003,edge_multihop,B,0.6666666666666666,0.0,0.0,0.2222222222222222
N8_E11b_T12a,N8,arxiv_edge_004,edge_multihop,B,1.0,0.0,0.0,0.3333333333333333
N8_E11b_T12a,N8,arxiv_edge_005,edge_multihop,B,1.0,0.0,0.0,0.3333333333333333
N8_E11b_T12a,N8,arxiv_edge_006,edge_multihop,B,1.0,0.0,0.0,0.3333333333333333
N8_E11b_T12a,N8,arxiv_edge_007,edge_multihop,B,0.6,0.6807600285056252,0.0,0.4269200095018751
N8_E11b_T12a,N8,arxiv_edge_008,edge_multihop,B,1.0,0.0,0.0,0.3333333333333333
N8_E11b_T12a,N8,arxiv_edge_009,edge_multihop,B,1.0,0.0,0.0,0.3333333333333333
N8_E11b_T12a,N8,arxiv_edge_010,edge_multihop,B,1.0,0.0,0.0,0.3333333333333333
N8_E11b_T12a,N8,arxiv_edge_011,edge_multihop,B,1.0,0.0,0.0,0.3333333333333333
N8_E11b_T12a,N8,arxiv_edge_012,edge_multihop,B,1.0,0.0,0.0,0.3333333333333333
N8_E11b_T12a,N8,arxiv_edge_013,edge_multihop,B,1.0,0.0,0.0,0.3333333333333333
N8_E11b_T12a,N8,arxiv_edge_014,edge_multihop,B,1.0,0.0,0.0,0.3333333333333333
N8_E11b_T12a,N8,arxiv_edge_015,edge_multihop,B,0.3333333333333333,0.0,0.0,0.1111111111111111
N8_E11b_T12a,N8,arxiv_edge_016,edge_multihop,B,0.75,0.0,0.0,0.25
N8_E11b_T12a,N8,arxiv_edge_017,edge_multihop,B,1.0,0.0,0.0,0.3333333333333333
N8_E11b_T12a,N8,arxiv_edge_018,edge_multihop,B,0.3333333333333333,0.5526149639509722,0.0,0.2953160990947685
N8_E11b_T12a,N8,arxiv_edge_019,edge_multihop,B,1.0,0.0,0.0,0.3333333333333333
N8_E11b_T12a,N8,arxiv_edge_020,edge_multihop,B,1.0,0.0,0.0,0.3333333333333333
N8_E11b_T12a,N8,arxiv_edge_021,edge_multihop,B,0.6666666666666666,0.0,0.0,0.2222222222222222
N8_E11b_T12a,N8,arxiv_edge_022,edge_multihop,B,1.0,0.0,0.0,0.3333333333333333
N8_E11b_T12a,N8,arxiv_edge_023,edge_multihop,B,1.0,0.0,0.0,0.3333333333333333
N8_E11b_T12a,N8,arxiv_edge_024,edge_multihop,B,0.75,0.0,0.0,0.25
N8_E11b_T12a,N8,arxiv_edge_025,edge_multihop,B,0.75,0.0,0.0,0.25
N8_E11b_T12a,N8,arxiv_edge_026,edge_multihop,B,1.0,0.0,0.0,0.3333333333333333
N8_E11b_T12a,N8,arxiv_edge_027,edge_multihop,B,1.0,0.7036156527299197,0.0,0.5678718842433065
N8_E11b_T12a,N8,arxiv_edge_028,edge_multihop,B,0.75,0.0,0.0,0.25
N8_E11b_T12a,N8,arxiv_edge_029,edge_multihop,B,1.0,0.0,0.0,0.3333333333333333
N8_E11b_T12a,N8,arxiv_edge_030,edge_multihop,B,0.6666666666666666,0.0,0.0,0.2222222222222222
N8_E11b_T12a,N8,arxiv_edge_031,edge_multihop,B,1.0,0.0,0.0,0.3333333333333333
N8_E11b_T12a,N8,arxiv_edge_032,edge_multihop,B,1.0,0.0,0.0,0.3333333333333333
N8_E11b_T12a,N8,arxiv_edge_033,edge_multihop,B,1.0,0.0,0.0,0.3333333333333333
N8_E11b_T12b,N8,arxiv_sh_000,single_specific,B,0.0,0.0,1.0,0.3333333333333333
N8_E11b_T12b,N8,arxiv_sh_001,single_specific,B,1.0,0.8849924796043961,1.0,0.961664159868132
N8_E11b_T12b,N8,arxiv_sh_002,single_specific,B,1.0,0.0,0.0,0.3333333333333333
N8_E11b_T12b,N8,arxiv_sh_003,single_specific,B,1.0,0.0,0.0,0.3333333333333333
N8_E11b_T12b,N8,arxiv_sh_004,single_specific,B,0.5,0.0,0.0,0.16666666666666666
N8_E11b_T12b,N8,arxiv_sh_005,single_specific,B,1.0,0.0,0.0,0.3333333333333333
N8_E11b_T12b,N8,arxiv_sh_006,single_specific,B,0.6666666666666666,0.0,0.0,0.2222222222222222
N8_E11b_T12b,N8,arxiv_sh_007,single_specific,B,1.0,0.8077306781037715,0.0,0.6025768927012572
N8_E11b_T12b,N8,arxiv_sh_008,single_specific,B,1.0,0.0,0.0,0.3333333333333333
N8_E11b_T12b,N8,arxiv_sh_009,single_specific,B,0.5,0.0,0.0,0.16666666666666666
N8_E11b_T12b,N8,arxiv_sh_010,single_specific,B,0.0,0.9372735436610592,0.0,0.3124245145536864
N8_E11b_T12b,N8,arxiv_sh_011,single_specific,B,1.0,0.0,0.0,0.3333333333333333
N8_E11b_T12b,N8,arxiv_sh_012,single_specific,B,1.0,0.0,0.0,0.3333333333333333
N8_E11b_T12b,N8,arxiv_sh_013,single_specific,B,1.0,0.0,0.0,0.3333333333333333
N8_E11b_T12b,N8,arxiv_sh_014,single_specific,B,1.0,0.0,0.0,0.3333333333333333
N8_E11b_T12b,N8,arxiv_sh_015,single_specific,B,0.5,0.0,0.0,0.16666666666666666
N8_E11b_T12b,N8,arxiv_sh_016,single_specific,B,1.0,0.0,0.0,0.3333333333333333
N8_E11b_T12b,N8,arxiv_sh_017,single_specific,B,1.0,0.0,0.0,0.3333333333333333
N8_E11b_T12b,N8,arxiv_sh_018,single_specific,B,1.0,0.0,0.0,0.3333333333333333
N8_E11b_T12b,N8,arxiv_sh_019,single_specific,B,1.0,0.0,0.0,0.3333333333333333
N8_E11b_T12b,N8,arxiv_sh_020,single_specific,B,1.0,0.0,0.0,0.3333333333333333
N8_E11b_T12b,N8,arxiv_sh_021,single_specific,B,1.0,0.0,0.0,0.3333333333333333
N8_E11b_T12b,N8,arxiv_sh_022,single_specific,B,1.0,0.0,0.0,0.3333333333333333
N8_E11b_T12b,N8,arxiv_sh_023,single_specific,B,1.0,0.8318026389935977,0.5,0.7772675463311992
N8_E11b_T12b,N8,arxiv_sh_024,single_specific,B,1.0,0.8777340858171279,0.0,0.6259113619390426
N8_E11b_T12b,N8,arxiv_sh_025,single_specific,B,0.8,0.0,0.0,0.26666666666666666
N8_E11b_T12b,N8,arxiv_sh_026,single_specific,B,0.6666666666666666,0.0,0.0,0.2222222222222222
N8_E11b_T12b,N8,arxiv_sh_027,single_specific,B,0.5,0.0,0.0,0.16666666666666666
N8_E11b_T12b,N8,arxiv_sh_028,single_specific,B,0.5,0.0,0.0,0.16666666666666666
N8_E11b_T12b,N8,arxiv_sh_029,single_specific,B,1.0,0.0,0.0,0.3333333333333333
N8_E11b_T12b,N8,arxiv_sh_030,single_specific,B,1.0,0.0,0.0,0.3333333333333333
N8_E11b_T12b,N8,arxiv_sh_031,single_specific,B,1.0,0.9668504686888894,0.0,0.6556168228962965
N8_E11b_T12b,N8,arxiv_sh_032,single_specific,B,1.0,0.0,0.0,0.3333333333333333
N8_E11b_T12b,N8,arxiv_sh_033,single_specific,B,1.0,0.0,0.0,0.3333333333333333
N8_E11b_T12b,N8,arxiv_sh_034,single_specific,B,0.6666666666666666,0.0,0.0,0.2222222222222222
N8_E11b_T12b,N8,arxiv_agg_000,aggregate_cross_paper,B,1.0,0.5526658133968908,1.0,0.8508886044656303
N8_E11b_T12b,N8,arxiv_agg_001,aggregate_cross_paper,B,0.8,0.0,0.0,0.26666666666666666
N8_E11b_T12b,N8,arxiv_agg_002,aggregate_cross_paper,B,0.5,0.0,0.0,0.16666666666666666
N8_E11b_T12b,N8,arxiv_agg_003,aggregate_cross_paper,B,1.0,0.0,0.0,0.3333333333333333
N8_E11b_T12b,N8,arxiv_agg_004,aggregate_cross_paper,B,0.875,0.7534291536996099,0.0,0.54280971789987
N8_E11b_T12b,N8,arxiv_agg_005,aggregate_cross_paper,B,0.7142857142857143,0.7789341796473345,0.5,0.6644066313110163
N8_E11b_T12b,N8,arxiv_agg_006,aggregate_cross_paper,B,0.75,0.0,0.0,0.25
N8_E11b_T12b,N8,arxiv_agg_007,aggregate_cross_paper,B,0.6666666666666666,0.7391122577288178,1.0,0.8019263081318281
N8_E11b_T12b,N8,arxiv_agg_008,aggregate_cross_paper,B,1.0,0.8052478798621086,1.0,0.9350826266207029
N8_E11b_T12b,N8,arxiv_agg_009,aggregate_cross_paper,B,0.2727272727272727,0.9386215901284293,0.0,0.40378295428523403
N8_E11b_T12b,N8,arxiv_agg_010,aggregate_cross_paper,B,0.7142857142857143,0.8161849502103108,0.0,0.5101568881653417
N8_E11b_T12b,N8,arxiv_agg_011,aggregate_cross_paper,B,0.8333333333333334,0.0,0.0,0.2777777777777778
N8_E11b_T12b,N8,arxiv_agg_012,aggregate_cross_paper,B,0.8571428571428571,0.5674170098767105,0.0,0.4748532890065225
N8_E11b_T12b,N8,arxiv_agg_013,aggregate_cross_paper,B,1.0,0.9337558354651919,0.5,0.8112519451550639
N8_E11b_T12b,N8,arxiv_agg_014,aggregate_cross_paper,B,0.75,0.0,0.0,0.25
N8_E11b_T12b,N8,arxiv_agg_015,aggregate_cross_paper,B,0.5384615384615384,0.8769133524644355,0.0,0.47179163030865795
N8_E11b_T12b,N8,arxiv_agg_016,aggregate_cross_paper,B,0.8,0.8807780225492196,0.0,0.5602593408497398
N8_E11b_T12b,N8,arxiv_agg_017,aggregate_cross_paper,B,0.625,0.8590525640180909,0.0,0.49468418800603037
N8_E11b_T12b,N8,arxiv_agg_018,aggregate_cross_paper,B,1.0,0.0,0.0,0.3333333333333333
N8_E11b_T12b,N8,arxiv_agg_019,aggregate_cross_paper,B,0.875,0.6826315452217749,0.0,0.519210515073925
N8_E11b_T12b,N8,arxiv_agg_020,aggregate_cross_paper,B,0.8888888888888888,0.7414769635537581,0.0,0.543455284147549
N8_E11b_T12b,N8,arxiv_agg_021,aggregate_cross_paper,B,1.0,0.0,0.0,0.3333333333333333
N8_E11b_T12b,N8,arxiv_agg_022,aggregate_cross_paper,B,0.7142857142857143,0.6496583963811695,0.0,0.4546480368889612
N8_E11b_T12b,N8,arxiv_agg_023,aggregate_cross_paper,B,0.0,0.0,0.0,0.0
N8_E11b_T12b,N8,arxiv_agg_024,aggregate_cross_paper,B,0.42857142857142855,0.8122674473631745,0.0,0.41361295864486763
N8_E11b_T12b,N8,arxiv_agg_025,aggregate_cross_paper,B,1.0,0.0,0.0,0.3333333333333333
N8_E11b_T12b,N8,arxiv_agg_026,aggregate_cross_paper,B,0.5,0.0,0.0,0.16666666666666666
N8_E11b_T12b,N8,arxiv_agg_027,aggregate_cross_paper,B,1.0,0.65634320013082,0.0,0.5521144000436067
N8_E11b_T12b,N8,arxiv_agg_028,aggregate_cross_paper,B,0.75,0.0,0.0,0.25
N8_E11b_T12b,N8,arxiv_agg_029,aggregate_cross_paper,B,1.0,0.4238888272094403,0.0,0.47462960906981344
N8_E11b_T12b,N8,arxiv_agg_030,aggregate_cross_paper,B,1.0,0.0,0.0,0.3333333333333333
N8_E11b_T12b,N8,arxiv_agg_031,aggregate_cross_paper,B,0.75,0.0,0.0,0.25
N8_E11b_T12b,N8,arxiv_agg_032,aggregate_cross_paper,B,0.8571428571428571,0.6276057258889753,0.0,0.4949161943439441
N8_E11b_T12b,N8,arxiv_edge_000,edge_multihop,B,1.0,0.0,0.0,0.3333333333333333
N8_E11b_T12b,N8,arxiv_edge_001,edge_multihop,B,0.75,0.0,0.0,0.25
N8_E11b_T12b,N8,arxiv_edge_002,edge_multihop,B,0.3333333333333333,0.7571373655918535,0.5,0.530156899641729
N8_E11b_T12b,N8,arxiv_edge_003,edge_multihop,B,1.0,0.0,0.0,0.3333333333333333
N8_E11b_T12b,N8,arxiv_edge_004,edge_multihop,B,1.0,0.0,0.0,0.3333333333333333
N8_E11b_T12b,N8,arxiv_edge_005,edge_multihop,B,1.0,0.0,0.0,0.3333333333333333
N8_E11b_T12b,N8,arxiv_edge_006,edge_multihop,B,1.0,0.0,0.0,0.3333333333333333
N8_E11b_T12b,N8,arxiv_edge_007,edge_multihop,B,0.875,0.44699160810590105,0.0,0.4406638693686337
N8_E11b_T12b,N8,arxiv_edge_008,edge_multihop,B,1.0,0.0,0.0,0.3333333333333333
N8_E11b_T12b,N8,arxiv_edge_009,edge_multihop,B,1.0,0.0,0.0,0.3333333333333333
N8_E11b_T12b,N8,arxiv_edge_010,edge_multihop,B,1.0,0.0,0.0,0.3333333333333333
N8_E11b_T12b,N8,arxiv_edge_011,edge_multihop,B,1.0,0.0,0.0,0.3333333333333333
N8_E11b_T12b,N8,arxiv_edge_012,edge_multihop,B,1.0,0.0,0.0,0.3333333333333333
N8_E11b_T12b,N8,arxiv_edge_013,edge_multihop,B,1.0,0.0,0.0,0.3333333333333333
N8_E11b_T12b,N8,arxiv_edge_014,edge_multihop,B,1.0,0.0,0.0,0.3333333333333333
N8_E11b_T12b,N8,arxiv_edge_015,edge_multihop,B,1.0,0.0,0.0,0.3333333333333333
N8_E11b_T12b,N8,arxiv_edge_016,edge_multihop,B,0.75,0.0,0.0,0.25
N8_E11b_T12b,N8,arxiv_edge_017,edge_multihop,B,1.0,0.0,0.0,0.3333333333333333
N8_E11b_T12b,N8,arxiv_edge_018,edge_multihop,B,0.375,0.5536553293687968,0.0,0.3095517764562656
N8_E11b_T12b,N8,arxiv_edge_019,edge_multihop,B,1.0,0.0,0.0,0.3333333333333333
N8_E11b_T12b,N8,arxiv_edge_020,edge_multihop,B,1.0,0.0,0.0,0.3333333333333333
N8_E11b_T12b,N8,arxiv_edge_021,edge_multihop,B,1.0,0.0,0.0,0.3333333333333333
N8_E11b_T12b,N8,arxiv_edge_022,edge_multihop,B,1.0,0.0,0.0,0.3333333333333333
N8_E11b_T12b,N8,arxiv_edge_023,edge_multihop,B,1.0,0.0,0.0,0.3333333333333333
N8_E11b_T12b,N8,arxiv_edge_024,edge_multihop,B,1.0,0.0,0.0,0.3333333333333333
N8_E11b_T12b,N8,arxiv_edge_025,edge_multihop,B,0.75,0.0,0.0,0.25
N8_E11b_T12b,N8,arxiv_edge_026,edge_multihop,B,0.75,0.0,0.0,0.25
N8_E11b_T12b,N8,arxiv_edge_027,edge_multihop,B,0.6666666666666666,0.8014203066500739,0.0,0.48936232443891353
N8_E11b_T12b,N8,arxiv_edge_028,edge_multihop,B,0.75,0.0,0.0,0.25
N8_E11b_T12b,N8,arxiv_edge_029,edge_multihop,B,1.0,0.0,0.0,0.3333333333333333
N8_E11b_T12b,N8,arxiv_edge_030,edge_multihop,B,0.6666666666666666,0.0,0.0,0.2222222222222222
N8_E11b_T12b,N8,arxiv_edge_031,edge_multihop,B,1.0,0.0,0.0,0.3333333333333333
N8_E11b_T12b,N8,arxiv_edge_032,edge_multihop,B,1.0,0.0,0.0,0.3333333333333333
N8_E11b_T12b,N8,arxiv_edge_033,edge_multihop,B,0.75,0.0,0.0,0.25
