system_name,node_idx,edge_idx,text_idx,system_type,train_mean,question_id,question_subtype,faithfulness,answer_relevance,context_relevance,composite_score
N7_E10b_T12a_text_based,N7,E10b,T12a,text_based,9.755687271397711,toys_sh_026,single_specific,0.8,0.8928935245938027,0.25,0.647631174864601
N7_E10b_T12a_text_based,N7,E10b,T12a,text_based,9.755687271397711,toys_sh_013,single_specific,1.0,0.5484721788406011,0.0,0.516157392946867
N7_E10b_T12a_text_based,N7,E10b,T12a,text_based,9.755687271397711,toys_sh_024,single_specific,1.0,0.0,0.0,0.3333333333333333
N7_E10b_T12a_text_based,N7,E10b,T12a,text_based,9.755687271397711,toys_sh_021,single_specific,1.0,0.9999996820202309,1.0,0.9999998940067436
N7_E10b_T12a_text_based,N7,E10b,T12a,text_based,9.755687271397711,toys_sh_015,single_specific,1.0,0.9573624511137875,1.0,0.9857874837045958
N7_E10b_T12a_text_based,N7,E10b,T12a,text_based,9.755687271397711,toys_sh_029,single_specific,1.0,0.0,0.0,0.3333333333333333
N7_E10b_T12a_text_based,N7,E10b,T12a,text_based,9.755687271397711,toys_sh_019,single_specific,1.0,0.8280323934630062,0.0,0.6093441311543354
N7_E10b_T12a_text_based,N7,E10b,T12a,text_based,9.755687271397711,toys_agg_031,aggregate_cross_paper,0.8,0.7266438963949703,0.5,0.6755479654649901
N7_E10b_T12a_text_based,N7,E10b,T12a,text_based,9.755687271397711,toys_agg_015,aggregate_cross_paper,0.75,0.41642821874481234,0.0,0.38880940624827076
N7_E10b_T12a_text_based,N7,E10b,T12a,text_based,9.755687271397711,toys_agg_026,aggregate_cross_paper,0.5,0.4880960480395264,0.5,0.4960320160131755
N7_E10b_T12a_text_based,N7,E10b,T12a,text_based,9.755687271397711,toys_agg_017,aggregate_cross_paper,0.5,0.4465821195466817,0.5,0.4821940398488939
N7_E10b_T12a_text_based,N7,E10b,T12a,text_based,9.755687271397711,toys_agg_008,aggregate_cross_paper,0.42857142857142855,0.7180829776091332,0.25,0.4655514687268539
N7_E10b_T12a_text_based,N7,E10b,T12a,text_based,9.755687271397711,toys_agg_009,aggregate_cross_paper,0.5,0.4905846164299908,0.0,0.33019487214333026
N7_E10b_T12a_text_based,N7,E10b,T12a,text_based,9.755687271397711,toys_agg_019,aggregate_cross_paper,0.5555555555555556,0.5638167009748568,0.5,0.5397907521768041
N7_E10b_T12a_text_based,N7,E10b,T12a,text_based,9.755687271397711,toys_edge_015,edge_multihop,1.0,0.0,0.0,0.3333333333333333
N7_E10b_T12a_text_based,N7,E10b,T12a,text_based,9.755687271397711,toys_edge_019,edge_multihop,1.0,0.0,0.0,0.3333333333333333
N7_E10b_T12a_text_based,N7,E10b,T12a,text_based,9.755687271397711,toys_edge_027,edge_multihop,1.0,0.8502033706300431,0.0,0.616734456876681
N7_E10b_T12a_text_based,N7,E10b,T12a,text_based,9.755687271397711,toys_edge_026,edge_multihop,1.0,0.0,0.0,0.3333333333333333
N7_E10b_T12a_text_based,N7,E10b,T12a,text_based,9.755687271397711,toys_edge_008,edge_multihop,0.8571428571428571,0.8804696434538631,0.5,0.74587083353224
N7_E10b_T12a_text_based,N7,E10b,T12a,text_based,9.755687271397711,toys_edge_024,edge_multihop,0.75,0.0,0.0,0.25
N7_E10b_T12b_text_based,N7,E10b,T12b,text_based,7.971351582214677,toys_sh_026,single_specific,0.8,0.8929050550981374,0.25,0.6476350183660459
N7_E10b_T12b_text_based,N7,E10b,T12b,text_based,7.971351582214677,toys_sh_013,single_specific,1.0,0.5485056856004612,0.0,0.5161685618668205
N7_E10b_T12b_text_based,N7,E10b,T12b,text_based,7.971351582214677,toys_sh_024,single_specific,1.0,0.0,0.0,0.3333333333333333
N7_E10b_T12b_text_based,N7,E10b,T12b,text_based,7.971351582214677,toys_sh_021,single_specific,1.0,0.9999995230303466,1.0,0.9999998410101155
N7_E10b_T12b_text_based,N7,E10b,T12b,text_based,7.971351582214677,toys_sh_015,single_specific,1.0,0.9573623312597989,1.0,0.9857874437532663
N7_E10b_T12b_text_based,N7,E10b,T12b,text_based,7.971351582214677,toys_sh_029,single_specific,1.0,0.0,0.0,0.3333333333333333
N7_E10b_T12b_text_based,N7,E10b,T12b,text_based,7.971351582214677,toys_sh_019,single_specific,1.0,0.8255822241062781,0.0,0.608527408035426
N7_E10b_T12b_text_based,N7,E10b,T12b,text_based,7.971351582214677,toys_agg_031,aggregate_cross_paper,0.6666666666666666,0.7785193471277211,0.5,0.6483953379314625
N7_E10b_T12b_text_based,N7,E10b,T12b,text_based,7.971351582214677,toys_agg_015,aggregate_cross_paper,0.75,0.38269070934893706,0.0,0.37756356978297906
N7_E10b_T12b_text_based,N7,E10b,T12b,text_based,7.971351582214677,toys_agg_026,aggregate_cross_paper,0.75,0.4880960480395264,0.5,0.5793653493465089
N7_E10b_T12b_text_based,N7,E10b,T12b,text_based,7.971351582214677,toys_agg_017,aggregate_cross_paper,0.5,0.4469066033332288,0.5,0.48230220111107625
N7_E10b_T12b_text_based,N7,E10b,T12b,text_based,7.971351582214677,toys_agg_008,aggregate_cross_paper,0.2857142857142857,0.6521422764427646,0.25,0.39595218738568344
N7_E10b_T12b_text_based,N7,E10b,T12b,text_based,7.971351582214677,toys_agg_009,aggregate_cross_paper,0.3,0.49059659319726995,0.0,0.2635321977324233
N7_E10b_T12b_text_based,N7,E10b,T12b,text_based,7.971351582214677,toys_agg_019,aggregate_cross_paper,0.7142857142857143,0.7807001074021281,0.5,0.6649952738959475
N7_E10b_T12b_text_based,N7,E10b,T12b,text_based,7.971351582214677,toys_edge_015,edge_multihop,1.0,0.0,0.0,0.3333333333333333
N7_E10b_T12b_text_based,N7,E10b,T12b,text_based,7.971351582214677,toys_edge_019,edge_multihop,1.0,0.0,0.0,0.3333333333333333
N7_E10b_T12b_text_based,N7,E10b,T12b,text_based,7.971351582214677,toys_edge_027,edge_multihop,1.0,0.8658073776010374,0.0,0.6219357925336791
N7_E10b_T12b_text_based,N7,E10b,T12b,text_based,7.971351582214677,toys_edge_026,edge_multihop,1.0,0.0,0.0,0.3333333333333333
N7_E10b_T12b_text_based,N7,E10b,T12b,text_based,7.971351582214677,toys_edge_008,edge_multihop,1.0,0.87731374970104,0.5,0.7924379165670133
N7_E10b_T12b_text_based,N7,E10b,T12b,text_based,7.971351582214677,toys_edge_024,edge_multihop,0.75,0.0,0.0,0.25
N7_E10c_T12a_text_based,N7,E10c,T12a,text_based,8.598122569228197,toys_sh_026,single_specific,0.8,0.8929050550981374,0.25,0.6476350183660459
N7_E10c_T12a_text_based,N7,E10c,T12a,text_based,8.598122569228197,toys_sh_013,single_specific,1.0,0.5485056856004612,0.0,0.5161685618668205
N7_E10c_T12a_text_based,N7,E10c,T12a,text_based,8.598122569228197,toys_sh_024,single_specific,1.0,0.0,0.0,0.3333333333333333
N7_E10c_T12a_text_based,N7,E10c,T12a,text_based,8.598122569228197,toys_sh_021,single_specific,1.0,0.9999995506290597,1.0,0.9999998502096865
N7_E10c_T12a_text_based,N7,E10c,T12a,text_based,8.598122569228197,toys_sh_015,single_specific,1.0,0.9266752360479894,1.0,0.9755584120159965
N7_E10c_T12a_text_based,N7,E10c,T12a,text_based,8.598122569228197,toys_sh_029,single_specific,1.0,0.6427910827360722,0.0,0.5475970275786907
N7_E10c_T12a_text_based,N7,E10c,T12a,text_based,8.598122569228197,toys_sh_019,single_specific,1.0,0.828013259594072,0.0,0.609337753198024
N7_E10c_T12a_text_based,N7,E10c,T12a,text_based,8.598122569228197,toys_agg_031,aggregate_cross_paper,0.5,0.7278942781711765,0.5,0.5759647593903922
N7_E10c_T12a_text_based,N7,E10c,T12a,text_based,8.598122569228197,toys_agg_015,aggregate_cross_paper,0.875,0.3995594640468747,0.0,0.42485315468229157
N7_E10c_T12a_text_based,N7,E10c,T12a,text_based,8.598122569228197,toys_agg_026,aggregate_cross_paper,0.5,0.4881458359080478,0.5,0.49604861196934924
N7_E10c_T12a_text_based,N7,E10c,T12a,text_based,8.598122569228197,toys_agg_017,aggregate_cross_paper,0.5,0.4465821195466817,0.5,0.4821940398488939
N7_E10c_T12a_text_based,N7,E10c,T12a,text_based,8.598122569228197,toys_agg_008,aggregate_cross_paper,0.5714285714285714,0.5080495737005979,0.25,0.4431593817097231
N7_E10c_T12a_text_based,N7,E10c,T12a,text_based,8.598122569228197,toys_agg_009,aggregate_cross_paper,0.5,0.4905846164299908,0.0,0.33019487214333026
N7_E10c_T12a_text_based,N7,E10c,T12a,text_based,8.598122569228197,toys_agg_019,aggregate_cross_paper,0.4444444444444444,0.5632291602172016,0.5,0.5025578682205487
N7_E10c_T12a_text_based,N7,E10c,T12a,text_based,8.598122569228197,toys_edge_015,edge_multihop,1.0,0.0,0.0,0.3333333333333333
N7_E10c_T12a_text_based,N7,E10c,T12a,text_based,8.598122569228197,toys_edge_019,edge_multihop,1.0,0.0,0.0,0.3333333333333333
N7_E10c_T12a_text_based,N7,E10c,T12a,text_based,8.598122569228197,toys_edge_027,edge_multihop,0.5714285714285714,0.8501969971504661,0.0,0.47387518952634583
N7_E10c_T12a_text_based,N7,E10c,T12a,text_based,8.598122569228197,toys_edge_026,edge_multihop,1.0,0.0,0.0,0.3333333333333333
N7_E10c_T12a_text_based,N7,E10c,T12a,text_based,8.598122569228197,toys_edge_008,edge_multihop,1.0,0.869634962869597,0.5,0.7898783209565323
N7_E10c_T12a_text_based,N7,E10c,T12a,text_based,8.598122569228197,toys_edge_024,edge_multihop,1.0,0.0,0.0,0.3333333333333333
N7_E10c_T12b_text_based,N7,E10c,T12b,text_based,8.755849832605241,toys_sh_026,single_specific,0.8,0.8928442485922589,0.25,0.6476147495307529
N7_E10c_T12b_text_based,N7,E10c,T12b,text_based,8.755849832605241,toys_sh_013,single_specific,1.0,0.6017495072436021,0.0,0.533916502414534
N7_E10c_T12b_text_based,N7,E10c,T12b,text_based,8.755849832605241,toys_sh_024,single_specific,1.0,0.0,0.0,0.3333333333333333
N7_E10c_T12b_text_based,N7,E10c,T12b,text_based,8.755849832605241,toys_sh_021,single_specific,1.0,0.9999995230303466,1.0,0.9999998410101155
N7_E10c_T12b_text_based,N7,E10c,T12b,text_based,8.755849832605241,toys_sh_015,single_specific,0.5,0.9595023466727838,1.0,0.8198341155575947
N7_E10c_T12b_text_based,N7,E10c,T12b,text_based,8.755849832605241,toys_sh_029,single_specific,1.0,0.6428304454299992,0.0,0.5476101484766663
N7_E10c_T12b_text_based,N7,E10c,T12b,text_based,8.755849832605241,toys_sh_019,single_specific,1.0,0.8280323934630062,0.0,0.6093441311543354
N7_E10c_T12b_text_based,N7,E10c,T12b,text_based,8.755849832605241,toys_agg_031,aggregate_cross_paper,0.8,0.7266214372405674,0.5,0.6755404790801891
N7_E10c_T12b_text_based,N7,E10c,T12b,text_based,8.755849832605241,toys_agg_015,aggregate_cross_paper,1.0,0.382686220349451,0.0,0.46089540678315033
N7_E10c_T12b_text_based,N7,E10c,T12b,text_based,8.755849832605241,toys_agg_026,aggregate_cross_paper,0.75,0.4880960480395264,0.5,0.5793653493465089
N7_E10c_T12b_text_based,N7,E10c,T12b,text_based,8.755849832605241,toys_agg_017,aggregate_cross_paper,0.5,0.4465821195466817,0.5,0.4821940398488939
N7_E10c_T12b_text_based,N7,E10c,T12b,text_based,8.755849832605241,toys_agg_008,aggregate_cross_paper,0.5,0.6540202807454544,0.0,0.3846734269151515
N7_E10c_T12b_text_based,N7,E10c,T12b,text_based,8.755849832605241,toys_agg_009,aggregate_cross_paper,0.5,0.4783901052515513,0.0,0.32613003508385047
N7_E10c_T12b_text_based,N7,E10c,T12b,text_based,8.755849832605241,toys_agg_019,aggregate_cross_paper,0.4444444444444444,0.5632291602172016,0.5,0.5025578682205487
N7_E10c_T12b_text_based,N7,E10c,T12b,text_based,8.755849832605241,toys_edge_015,edge_multihop,1.0,0.0,0.0,0.3333333333333333
N7_E10c_T12b_text_based,N7,E10c,T12b,text_based,8.755849832605241,toys_edge_019,edge_multihop,1.0,0.0,0.0,0.3333333333333333
N7_E10c_T12b_text_based,N7,E10c,T12b,text_based,8.755849832605241,toys_edge_027,edge_multihop,1.0,0.893483815691333,0.0,0.631161271897111
N7_E10c_T12b_text_based,N7,E10c,T12b,text_based,8.755849832605241,toys_edge_026,edge_multihop,1.0,0.0,0.0,0.3333333333333333
N7_E10c_T12b_text_based,N7,E10c,T12b,text_based,8.755849832605241,toys_edge_008,edge_multihop,0.8333333333333334,0.8897429426333449,0.5,0.741025425322226
N7_E10c_T12b_text_based,N7,E10c,T12b,text_based,8.755849832605241,toys_edge_024,edge_multihop,0.75,0.0,0.0,0.25
N7_E11a_T12a_text_based,N7,E11a,T12a,text_based,10.871622516415352,toys_sh_026,single_specific,1.0,0.9002543961700553,0.5,0.8000847987233518
N7_E11a_T12a_text_based,N7,E11a,T12a,text_based,10.871622516415352,toys_sh_013,single_specific,1.0,0.6959247317122822,0.0,0.5653082439040941
N7_E11a_T12a_text_based,N7,E11a,T12a,text_based,10.871622516415352,toys_sh_024,single_specific,1.0,0.6671813131269785,1.0,0.8890604377089928
N7_E11a_T12a_text_based,N7,E11a,T12a,text_based,10.871622516415352,toys_sh_021,single_specific,1.0,0.9033052735693049,1.0,0.9677684245231016
N7_E11a_T12a_text_based,N7,E11a,T12a,text_based,10.871622516415352,toys_sh_015,single_specific,1.0,0.9677205552064184,0.5,0.8225735184021395
N7_E11a_T12a_text_based,N7,E11a,T12a,text_based,10.871622516415352,toys_sh_029,single_specific,1.0,0.7095529098164141,1.0,0.9031843032721381
N7_E11a_T12a_text_based,N7,E11a,T12a,text_based,10.871622516415352,toys_sh_019,single_specific,0.5,0.0,1.0,0.5
N7_E11a_T12a_text_based,N7,E11a,T12a,text_based,10.871622516415352,toys_agg_031,aggregate_cross_paper,0.6666666666666666,0.733989050723574,1.0,0.8002185724634135
N7_E11a_T12a_text_based,N7,E11a,T12a,text_based,10.871622516415352,toys_agg_015,aggregate_cross_paper,1.0,0.7929980359629915,1.0,0.9309993453209972
N7_E11a_T12a_text_based,N7,E11a,T12a,text_based,10.871622516415352,toys_agg_026,aggregate_cross_paper,0.75,0.4923190677173956,1.0,0.7474396892391318
N7_E11a_T12a_text_based,N7,E11a,T12a,text_based,10.871622516415352,toys_agg_017,aggregate_cross_paper,0.0,0.5587791114249708,0.5,0.3529263704749903
N7_E11a_T12a_text_based,N7,E11a,T12a,text_based,10.871622516415352,toys_agg_008,aggregate_cross_paper,0.75,0.7832885729996862,0.5,0.6777628576665621
N7_E11a_T12a_text_based,N7,E11a,T12a,text_based,10.871622516415352,toys_agg_009,aggregate_cross_paper,0.9,0.6605060122461249,1.0,0.8535020040820417
N7_E11a_T12a_text_based,N7,E11a,T12a,text_based,10.871622516415352,toys_agg_019,aggregate_cross_paper,0.6666666666666666,0.6047536841011031,1.0,0.7571401169225899
N7_E11a_T12a_text_based,N7,E11a,T12a,text_based,10.871622516415352,toys_edge_015,edge_multihop,0.75,0.0,1.0,0.5833333333333334
N7_E11a_T12a_text_based,N7,E11a,T12a,text_based,10.871622516415352,toys_edge_019,edge_multihop,1.0,0.8869733130879197,0.5,0.7956577710293066
N7_E11a_T12a_text_based,N7,E11a,T12a,text_based,10.871622516415352,toys_edge_027,edge_multihop,1.0,0.8501969971504661,0.0,0.6167323323834887
N7_E11a_T12a_text_based,N7,E11a,T12a,text_based,10.871622516415352,toys_edge_026,edge_multihop,1.0,0.870249160181601,0.25,0.7067497200605337
N7_E11a_T12a_text_based,N7,E11a,T12a,text_based,10.871622516415352,toys_edge_008,edge_multihop,0.8571428571428571,0.8198351496935183,1.0,0.8923260022787919
N7_E11a_T12a_text_based,N7,E11a,T12a,text_based,10.871622516415352,toys_edge_024,edge_multihop,0.5714285714285714,0.8108574965335386,1.0,0.7940953559873699
N7_E11a_T12b_text_based,N7,E11a,T12b,text_based,9.996877575477864,toys_sh_026,single_specific,0.6666666666666666,0.0,0.0,0.2222222222222222
N7_E11a_T12b_text_based,N7,E11a,T12b,text_based,9.996877575477864,toys_sh_013,single_specific,1.0,0.8422738863979049,0.5,0.7807579621326349
N7_E11a_T12b_text_based,N7,E11a,T12b,text_based,9.996877575477864,toys_sh_024,single_specific,1.0,0.6671851519065118,1.0,0.8890617173021705
N7_E11a_T12b_text_based,N7,E11a,T12b,text_based,9.996877575477864,toys_sh_021,single_specific,1.0,0.9999996071933267,1.0,0.9999998690644422
N7_E11a_T12b_text_based,N7,E11a,T12b,text_based,9.996877575477864,toys_sh_015,single_specific,1.0,0.9795701192486593,0.5,0.8265233730828864
N7_E11a_T12b_text_based,N7,E11a,T12b,text_based,9.996877575477864,toys_sh_029,single_specific,1.0,0.7044596554829781,1.0,0.9014865518276594
N7_E11a_T12b_text_based,N7,E11a,T12b,text_based,9.996877575477864,toys_sh_019,single_specific,0.5,0.0,1.0,0.5
N7_E11a_T12b_text_based,N7,E11a,T12b,text_based,9.996877575477864,toys_agg_031,aggregate_cross_paper,0.6,0.7276880200527591,1.0,0.7758960066842531
N7_E11a_T12b_text_based,N7,E11a,T12b,text_based,9.996877575477864,toys_agg_015,aggregate_cross_paper,0.8333333333333334,0.4250337642949232,1.0,0.7527890325427521
N7_E11a_T12b_text_based,N7,E11a,T12b,text_based,9.996877575477864,toys_agg_026,aggregate_cross_paper,0.8333333333333334,0.6389658114272706,1.0,0.8240997149202013
N7_E11a_T12b_text_based,N7,E11a,T12b,text_based,9.996877575477864,toys_agg_017,aggregate_cross_paper,0.5,0.5589134452198151,0.5,0.5196378150732718
N7_E11a_T12b_text_based,N7,E11a,T12b,text_based,9.996877575477864,toys_agg_008,aggregate_cross_paper,0.8333333333333334,0.6191678780605543,0.5,0.6508337371312959
N7_E11a_T12b_text_based,N7,E11a,T12b,text_based,9.996877575477864,toys_agg_009,aggregate_cross_paper,0.875,0.5780109943390377,1.0,0.8176703314463459
N7_E11a_T12b_text_based,N7,E11a,T12b,text_based,9.996877575477864,toys_agg_019,aggregate_cross_paper,0.75,0.7714331731531022,1.0,0.8404777243843674
N7_E11a_T12b_text_based,N7,E11a,T12b,text_based,9.996877575477864,toys_edge_015,edge_multihop,1.0,0.0,1.0,0.6666666666666666
N7_E11a_T12b_text_based,N7,E11a,T12b,text_based,9.996877575477864,toys_edge_019,edge_multihop,1.0,0.8869733130879197,0.5,0.7956577710293066
N7_E11a_T12b_text_based,N7,E11a,T12b,text_based,9.996877575477864,toys_edge_027,edge_multihop,1.0,0.8658095528097974,0.5,0.7886031842699325
N7_E11a_T12b_text_based,N7,E11a,T12b,text_based,9.996877575477864,toys_edge_026,edge_multihop,1.0,0.7405781902920832,0.0,0.580192730097361
N7_E11a_T12b_text_based,N7,E11a,T12b,text_based,9.996877575477864,toys_edge_008,edge_multihop,0.8571428571428571,0.819626103339393,1.0,0.8922563201607501
N7_E11a_T12b_text_based,N7,E11a,T12b,text_based,9.996877575477864,toys_edge_024,edge_multihop,0.6666666666666666,0.8108574965335386,1.0,0.8258413877334018
N7_E11b_T12a_text_based,N7,E11b,T12a,text_based,10.670575138168058,toys_sh_026,single_specific,1.0,0.8366159245568344,0.0,0.6122053081856115
N7_E11b_T12a_text_based,N7,E11b,T12a,text_based,10.670575138168058,toys_sh_013,single_specific,1.0,0.614768842005194,0.0,0.538256280668398
N7_E11b_T12a_text_based,N7,E11b,T12a,text_based,10.670575138168058,toys_sh_024,single_specific,0.6666666666666666,0.0,0.0,0.2222222222222222
N7_E11b_T12a_text_based,N7,E11b,T12a,text_based,10.670575138168058,toys_sh_021,single_specific,1.0,0.0,0.0,0.3333333333333333
N7_E11b_T12a_text_based,N7,E11b,T12a,text_based,10.670575138168058,toys_sh_015,single_specific,0.5,0.7765068758810695,0.0,0.42550229196035644
N7_E11b_T12a_text_based,N7,E11b,T12a,text_based,10.670575138168058,toys_sh_029,single_specific,1.0,0.0,0.0,0.3333333333333333
N7_E11b_T12a_text_based,N7,E11b,T12a,text_based,10.670575138168058,toys_sh_019,single_specific,0.5,0.0,0.0,0.16666666666666666
N7_E11b_T12a_text_based,N7,E11b,T12a,text_based,10.670575138168058,toys_agg_031,aggregate_cross_paper,0.6,0.7561174799003328,0.5,0.6187058266334443
N7_E11b_T12a_text_based,N7,E11b,T12a,text_based,10.670575138168058,toys_agg_015,aggregate_cross_paper,1.0,0.4277650709253467,0.5,0.6425883569751155
N7_E11b_T12a_text_based,N7,E11b,T12a,text_based,10.670575138168058,toys_agg_026,aggregate_cross_paper,0.4,0.4881458359080478,0.5,0.46271527863601597
N7_E11b_T12a_text_based,N7,E11b,T12a,text_based,10.670575138168058,toys_agg_017,aggregate_cross_paper,0.5,0.4465821195466817,0.5,0.4821940398488939
N7_E11b_T12a_text_based,N7,E11b,T12a,text_based,10.670575138168058,toys_agg_008,aggregate_cross_paper,0.5555555555555556,0.7403090450096944,1.0,0.7652882001884166
N7_E11b_T12a_text_based,N7,E11b,T12a,text_based,10.670575138168058,toys_agg_009,aggregate_cross_paper,0.25,0.5776258195240461,0.0,0.275875273174682
N7_E11b_T12a_text_based,N7,E11b,T12a,text_based,10.670575138168058,toys_agg_019,aggregate_cross_paper,0.5714285714285714,0.6846971093173172,1.0,0.7520418935819628
N7_E11b_T12a_text_based,N7,E11b,T12a,text_based,10.670575138168058,toys_edge_015,edge_multihop,1.0,0.0,0.0,0.3333333333333333
N7_E11b_T12a_text_based,N7,E11b,T12a,text_based,10.670575138168058,toys_edge_019,edge_multihop,1.0,0.0,0.0,0.3333333333333333
N7_E11b_T12a_text_based,N7,E11b,T12a,text_based,10.670575138168058,toys_edge_027,edge_multihop,1.0,0.0,0.0,0.3333333333333333
N7_E11b_T12a_text_based,N7,E11b,T12a,text_based,10.670575138168058,toys_edge_026,edge_multihop,0.6666666666666666,0.0,0.0,0.2222222222222222
N7_E11b_T12a_text_based,N7,E11b,T12a,text_based,10.670575138168058,toys_edge_008,edge_multihop,0.6666666666666666,0.0,0.0,0.2222222222222222
N7_E11b_T12a_text_based,N7,E11b,T12a,text_based,10.670575138168058,toys_edge_024,edge_multihop,0.75,0.0,0.0,0.25
N7_E11b_T12b_text_based,N7,E11b,T12b,text_based,10.993543599811344,toys_sh_026,single_specific,1.0,0.8366041967156073,0.0,0.6122013989052024
N7_E11b_T12b_text_based,N7,E11b,T12b,text_based,10.993543599811344,toys_sh_013,single_specific,1.0,0.6343669172659506,0.0,0.5447889724219835
N7_E11b_T12b_text_based,N7,E11b,T12b,text_based,10.993543599811344,toys_sh_024,single_specific,0.6666666666666666,0.0,0.0,0.2222222222222222
N7_E11b_T12b_text_based,N7,E11b,T12b,text_based,10.993543599811344,toys_sh_021,single_specific,1.0,0.0,0.0,0.3333333333333333
N7_E11b_T12b_text_based,N7,E11b,T12b,text_based,10.993543599811344,toys_sh_015,single_specific,1.0,0.802445144030858,0.0,0.600815048010286
N7_E11b_T12b_text_based,N7,E11b,T12b,text_based,10.993543599811344,toys_sh_029,single_specific,1.0,0.0,0.0,0.3333333333333333
N7_E11b_T12b_text_based,N7,E11b,T12b,text_based,10.993543599811344,toys_sh_019,single_specific,0.5,0.8976400932775649,0.0,0.4658800310925216
N7_E11b_T12b_text_based,N7,E11b,T12b,text_based,10.993543599811344,toys_agg_031,aggregate_cross_paper,0.5,0.7371546210973557,0.5,0.5790515403657852
N7_E11b_T12b_text_based,N7,E11b,T12b,text_based,10.993543599811344,toys_agg_015,aggregate_cross_paper,1.0,0.42220685914223594,0.5,0.6407356197140787
N7_E11b_T12b_text_based,N7,E11b,T12b,text_based,10.993543599811344,toys_agg_026,aggregate_cross_paper,0.4,0.4880960480395264,0.5,0.4626986826798421
N7_E11b_T12b_text_based,N7,E11b,T12b,text_based,10.993543599811344,toys_agg_017,aggregate_cross_paper,0.5,0.44659294074783057,0.5,0.4821976469159435
N7_E11b_T12b_text_based,N7,E11b,T12b,text_based,10.993543599811344,toys_agg_008,aggregate_cross_paper,0.5555555555555556,0.7403391046764353,1.0,0.7652982200773303
N7_E11b_T12b_text_based,N7,E11b,T12b,text_based,10.993543599811344,toys_agg_009,aggregate_cross_paper,0.16666666666666666,0.6634381120733409,0.0,0.27670159291333585
N7_E11b_T12b_text_based,N7,E11b,T12b,text_based,10.993543599811344,toys_agg_019,aggregate_cross_paper,0.5714285714285714,0.6427451934950916,1.0,0.738057921641221
N7_E11b_T12b_text_based,N7,E11b,T12b,text_based,10.993543599811344,toys_edge_015,edge_multihop,1.0,0.0,0.0,0.3333333333333333
N7_E11b_T12b_text_based,N7,E11b,T12b,text_based,10.993543599811344,toys_edge_019,edge_multihop,1.0,0.0,0.0,0.3333333333333333
N7_E11b_T12b_text_based,N7,E11b,T12b,text_based,10.993543599811344,toys_edge_027,edge_multihop,1.0,0.0,0.0,0.3333333333333333
N7_E11b_T12b_text_based,N7,E11b,T12b,text_based,10.993543599811344,toys_edge_026,edge_multihop,1.0,0.0,0.0,0.3333333333333333
N7_E11b_T12b_text_based,N7,E11b,T12b,text_based,10.993543599811344,toys_edge_008,edge_multihop,0.6666666666666666,0.0,0.0,0.2222222222222222
N7_E11b_T12b_text_based,N7,E11b,T12b,text_based,10.993543599811344,toys_edge_024,edge_multihop,0.75,0.0,0.0,0.25
N8_E10a_T12a_text_based,N8,E10a,T12a,text_based,0.9475718705776714,toys_sh_026,single_specific,1.0,0.0,0.0,0.3333333333333333
N8_E10a_T12a_text_based,N8,E10a,T12a,text_based,0.9475718705776714,toys_sh_013,single_specific,0.3333333333333333,0.6702291720706962,0.5,0.5011875018013432
N8_E10a_T12a_text_based,N8,E10a,T12a,text_based,0.9475718705776714,toys_sh_024,single_specific,1.0,0.0,0.0,0.3333333333333333
N8_E10a_T12a_text_based,N8,E10a,T12a,text_based,0.9475718705776714,toys_sh_021,single_specific,1.0,0.9020684023474835,1.0,0.9673561341158279
N8_E10a_T12a_text_based,N8,E10a,T12a,text_based,0.9475718705776714,toys_sh_015,single_specific,1.0,0.9754270793670031,1.0,0.9918090264556677
N8_E10a_T12a_text_based,N8,E10a,T12a,text_based,0.9475718705776714,toys_sh_029,single_specific,0.6666666666666666,0.7953870915770013,0.0,0.4873512527478893
N8_E10a_T12a_text_based,N8,E10a,T12a,text_based,0.9475718705776714,toys_sh_019,single_specific,0.5,0.0,0.0,0.16666666666666666
N8_E10a_T12a_text_based,N8,E10a,T12a,text_based,0.9475718705776714,toys_agg_031,aggregate_cross_paper,0.75,0.5031294736914459,1.0,0.7510431578971487
N8_E10a_T12a_text_based,N8,E10a,T12a,text_based,0.9475718705776714,toys_agg_015,aggregate_cross_paper,0.75,0.8285554054162471,1.0,0.8595184684720824
N8_E10a_T12a_text_based,N8,E10a,T12a,text_based,0.9475718705776714,toys_agg_026,aggregate_cross_paper,0.3333333333333333,0.5303283240408505,1.0,0.6212205524580613
N8_E10a_T12a_text_based,N8,E10a,T12a,text_based,0.9475718705776714,toys_agg_017,aggregate_cross_paper,0.3333333333333333,0.3622681663109015,0.75,0.48186716654807826
N8_E10a_T12a_text_based,N8,E10a,T12a,text_based,0.9475718705776714,toys_agg_008,aggregate_cross_paper,0.8,0.7380156917087816,1.0,0.8460052305695939
N8_E10a_T12a_text_based,N8,E10a,T12a,text_based,0.9475718705776714,toys_agg_009,aggregate_cross_paper,0.875,0.7920140660046352,1.0,0.8890046886682117
N8_E10a_T12a_text_based,N8,E10a,T12a,text_based,0.9475718705776714,toys_agg_019,aggregate_cross_paper,0.5714285714285714,0.5906677567547892,1.0,0.7206987760611202
N8_E10a_T12a_text_based,N8,E10a,T12a,text_based,0.9475718705776714,toys_edge_015,edge_multihop,0.0,0.0,0.0,0.0
N8_E10a_T12a_text_based,N8,E10a,T12a,text_based,0.9475718705776714,toys_edge_019,edge_multihop,1.0,0.0,0.0,0.3333333333333333
N8_E10a_T12a_text_based,N8,E10a,T12a,text_based,0.9475718705776714,toys_edge_027,edge_multihop,1.0,0.0,0.0,0.3333333333333333
N8_E10a_T12a_text_based,N8,E10a,T12a,text_based,0.9475718705776714,toys_edge_026,edge_multihop,1.0,0.8902642931312034,0.0,0.6300880977104012
N8_E10a_T12a_text_based,N8,E10a,T12a,text_based,0.9475718705776714,toys_edge_008,edge_multihop,1.0,0.0,0.0,0.3333333333333333
N8_E10a_T12a_text_based,N8,E10a,T12a,text_based,0.9475718705776714,toys_edge_024,edge_multihop,0.5,0.0,0.5,0.3333333333333333
N8_E10a_T12b_text_based,N8,E10a,T12b,text_based,1.1423785595419973,toys_sh_026,single_specific,0.6666666666666666,0.0,0.0,0.2222222222222222
N8_E10a_T12b_text_based,N8,E10a,T12b,text_based,1.1423785595419973,toys_sh_013,single_specific,0.3333333333333333,0.6702374943134973,0.5,0.5011902758822769
N8_E10a_T12b_text_based,N8,E10a,T12b,text_based,1.1423785595419973,toys_sh_024,single_specific,1.0,0.0,0.0,0.3333333333333333
N8_E10a_T12b_text_based,N8,E10a,T12b,text_based,1.1423785595419973,toys_sh_021,single_specific,1.0,0.9020936206081814,1.0,0.9673645402027272
N8_E10a_T12b_text_based,N8,E10a,T12b,text_based,1.1423785595419973,toys_sh_015,single_specific,1.0,0.9754270793670031,1.0,0.9918090264556677
N8_E10a_T12b_text_based,N8,E10a,T12b,text_based,1.1423785595419973,toys_sh_029,single_specific,0.6666666666666666,0.7970385354285011,0.0,0.4879017340317226
N8_E10a_T12b_text_based,N8,E10a,T12b,text_based,1.1423785595419973,toys_sh_019,single_specific,0.5,0.0,0.0,0.16666666666666666
N8_E10a_T12b_text_based,N8,E10a,T12b,text_based,1.1423785595419973,toys_agg_031,aggregate_cross_paper,0.6666666666666666,0.5502396624372591,1.0,0.7389687763679752
N8_E10a_T12b_text_based,N8,E10a,T12b,text_based,1.1423785595419973,toys_agg_015,aggregate_cross_paper,0.75,0.8285554054162471,1.0,0.8595184684720824
N8_E10a_T12b_text_based,N8,E10a,T12b,text_based,1.1423785595419973,toys_agg_026,aggregate_cross_paper,0.6666666666666666,0.5303268709025684,1.0,0.732331179189745
N8_E10a_T12b_text_based,N8,E10a,T12b,text_based,1.1423785595419973,toys_agg_017,aggregate_cross_paper,0.2,0.36209580239599637,1.0,0.5206986007986655
N8_E10a_T12b_text_based,N8,E10a,T12b,text_based,1.1423785595419973,toys_agg_008,aggregate_cross_paper,0.8,0.7403391046764353,1.0,0.8467797015588118
N8_E10a_T12b_text_based,N8,E10a,T12b,text_based,1.1423785595419973,toys_agg_009,aggregate_cross_paper,0.8571428571428571,0.7920262273727842,1.0,0.8830563615052137
N8_E10a_T12b_text_based,N8,E10a,T12b,text_based,1.1423785595419973,toys_agg_019,aggregate_cross_paper,0.625,0.5806455529719609,1.0,0.7352151843239869
N8_E10a_T12b_text_based,N8,E10a,T12b,text_based,1.1423785595419973,toys_edge_015,edge_multihop,0.0,0.0,0.0,0.0
N8_E10a_T12b_text_based,N8,E10a,T12b,text_based,1.1423785595419973,toys_edge_019,edge_multihop,1.0,0.0,0.0,0.3333333333333333
N8_E10a_T12b_text_based,N8,E10a,T12b,text_based,1.1423785595419973,toys_edge_027,edge_multihop,1.0,0.0,0.0,0.3333333333333333
N8_E10a_T12b_text_based,N8,E10a,T12b,text_based,1.1423785595419973,toys_edge_026,edge_multihop,1.0,0.8902642931312034,0.0,0.6300880977104012
N8_E10a_T12b_text_based,N8,E10a,T12b,text_based,1.1423785595419973,toys_edge_008,edge_multihop,1.0,0.0,0.0,0.3333333333333333
N8_E10a_T12b_text_based,N8,E10a,T12b,text_based,1.1423785595419973,toys_edge_024,edge_multihop,0.4,0.0,0.5,0.3
N8_E10a_T12e_text_based,N8,E10a,T12e,text_based,0.9818698112698538,toys_sh_026,single_specific,0.6666666666666666,0.0,0.0,0.2222222222222222
N8_E10a_T12e_text_based,N8,E10a,T12e,text_based,0.9818698112698538,toys_sh_013,single_specific,0.3333333333333333,0.6702123543925474,0.5,0.5011818959086269
N8_E10a_T12e_text_based,N8,E10a,T12e,text_based,0.9818698112698538,toys_sh_024,single_specific,1.0,0.0,0.0,0.3333333333333333
N8_E10a_T12e_text_based,N8,E10a,T12e,text_based,0.9818698112698538,toys_sh_021,single_specific,1.0,0.9020684023474835,1.0,0.9673561341158279
N8_E10a_T12e_text_based,N8,E10a,T12e,text_based,0.9818698112698538,toys_sh_015,single_specific,1.0,0.9754251939997346,1.0,0.9918083979999115
N8_E10a_T12e_text_based,N8,E10a,T12e,text_based,0.9818698112698538,toys_sh_029,single_specific,0.6666666666666666,0.7934055782818099,0.0,0.4866907483161588
N8_E10a_T12e_text_based,N8,E10a,T12e,text_based,0.9818698112698538,toys_sh_019,single_specific,0.5,0.0,0.0,0.16666666666666666
N8_E10a_T12e_text_based,N8,E10a,T12e,text_based,0.9818698112698538,toys_agg_031,aggregate_cross_paper,0.6666666666666666,0.5421789977748638,1.0,0.7362818881471768
N8_E10a_T12e_text_based,N8,E10a,T12e,text_based,0.9818698112698538,toys_agg_015,aggregate_cross_paper,0.75,0.8281317041075121,1.0,0.859377234702504
N8_E10a_T12e_text_based,N8,E10a,T12e,text_based,0.9818698112698538,toys_agg_026,aggregate_cross_paper,0.6666666666666666,0.5303637144603345,1.0,0.732343460375667
N8_E10a_T12e_text_based,N8,E10a,T12e,text_based,0.9818698112698538,toys_agg_017,aggregate_cross_paper,0.5,0.36228674006332845,0.75,0.5374289133544429
N8_E10a_T12e_text_based,N8,E10a,T12e,text_based,0.9818698112698538,toys_agg_008,aggregate_cross_paper,0.8,0.7403411516746671,1.0,0.8467803838915557
N8_E10a_T12e_text_based,N8,E10a,T12e,text_based,0.9818698112698538,toys_agg_009,aggregate_cross_paper,0.875,0.7942787274979054,1.0,0.8897595758326351
N8_E10a_T12e_text_based,N8,E10a,T12e,text_based,0.9818698112698538,toys_agg_019,aggregate_cross_paper,0.625,0.6162861564377469,1.0,0.7470953854792489
N8_E10a_T12e_text_based,N8,E10a,T12e,text_based,0.9818698112698538,toys_edge_015,edge_multihop,0.0,0.0,0.0,0.0
N8_E10a_T12e_text_based,N8,E10a,T12e,text_based,0.9818698112698538,toys_edge_019,edge_multihop,1.0,0.0,0.0,0.3333333333333333
N8_E10a_T12e_text_based,N8,E10a,T12e,text_based,0.9818698112698538,toys_edge_027,edge_multihop,1.0,0.0,0.0,0.3333333333333333
N8_E10a_T12e_text_based,N8,E10a,T12e,text_based,0.9818698112698538,toys_edge_026,edge_multihop,1.0,0.8902642931312034,0.0,0.6300880977104012
N8_E10a_T12e_text_based,N8,E10a,T12e,text_based,0.9818698112698538,toys_edge_008,edge_multihop,0.6666666666666666,0.0,0.0,0.2222222222222222
N8_E10a_T12e_text_based,N8,E10a,T12e,text_based,0.9818698112698538,toys_edge_024,edge_multihop,0.5,0.0,0.5,0.3333333333333333
N8_E10b_T12a_text_based,N8,E10b,T12a,text_based,1.2640343422563636,toys_sh_026,single_specific,1.0,0.0,0.0,0.3333333333333333
N8_E10b_T12a_text_based,N8,E10b,T12a,text_based,1.2640343422563636,toys_sh_013,single_specific,0.3333333333333333,0.6702291720706962,0.5,0.5011875018013432
N8_E10b_T12a_text_based,N8,E10b,T12a,text_based,1.2640343422563636,toys_sh_024,single_specific,1.0,0.0,0.0,0.3333333333333333
N8_E10b_T12a_text_based,N8,E10b,T12a,text_based,1.2640343422563636,toys_sh_021,single_specific,1.0,0.9020684023474835,1.0,0.9673561341158279
N8_E10b_T12a_text_based,N8,E10b,T12a,text_based,1.2640343422563636,toys_sh_015,single_specific,1.0,0.9754270793670031,1.0,0.9918090264556677
N8_E10b_T12a_text_based,N8,E10b,T12a,text_based,1.2640343422563636,toys_sh_029,single_specific,0.6666666666666666,0.7970400891973614,0.0,0.487902251954676
N8_E10b_T12a_text_based,N8,E10b,T12a,text_based,1.2640343422563636,toys_sh_019,single_specific,0.5,0.0,0.0,0.16666666666666666
N8_E10b_T12a_text_based,N8,E10b,T12a,text_based,1.2640343422563636,toys_agg_031,aggregate_cross_paper,0.75,0.5031294736914459,1.0,0.7510431578971487
N8_E10b_T12a_text_based,N8,E10b,T12a,text_based,1.2640343422563636,toys_agg_015,aggregate_cross_paper,0.75,0.8285554801494085,1.0,0.8595184933831361
N8_E10b_T12a_text_based,N8,E10b,T12a,text_based,1.2640343422563636,toys_agg_026,aggregate_cross_paper,0.3333333333333333,0.530345819804249,1.0,0.6212263843791941
N8_E10b_T12a_text_based,N8,E10b,T12a,text_based,1.2640343422563636,toys_agg_017,aggregate_cross_paper,0.5,0.36209580239599637,0.75,0.5373652674653321
N8_E10b_T12a_text_based,N8,E10b,T12a,text_based,1.2640343422563636,toys_agg_008,aggregate_cross_paper,0.8,0.7403411516746671,1.0,0.8467803838915557
N8_E10b_T12a_text_based,N8,E10b,T12a,text_based,1.2640343422563636,toys_agg_009,aggregate_cross_paper,0.8888888888888888,0.7931355164960056,1.0,0.8940081351282981
N8_E10b_T12a_text_based,N8,E10b,T12a,text_based,1.2640343422563636,toys_agg_019,aggregate_cross_paper,0.75,0.5906703750745517,1.0,0.7802234583581839
N8_E10b_T12a_text_based,N8,E10b,T12a,text_based,1.2640343422563636,toys_edge_015,edge_multihop,0.0,0.0,0.0,0.0
N8_E10b_T12a_text_based,N8,E10b,T12a,text_based,1.2640343422563636,toys_edge_019,edge_multihop,1.0,0.0,0.0,0.3333333333333333
N8_E10b_T12a_text_based,N8,E10b,T12a,text_based,1.2640343422563636,toys_edge_027,edge_multihop,1.0,0.0,0.0,0.3333333333333333
N8_E10b_T12a_text_based,N8,E10b,T12a,text_based,1.2640343422563636,toys_edge_026,edge_multihop,1.0,0.8904586551435628,0.0,0.6301528850478543
N8_E10b_T12a_text_based,N8,E10b,T12a,text_based,1.2640343422563636,toys_edge_008,edge_multihop,1.0,0.0,0.0,0.3333333333333333
N8_E10b_T12a_text_based,N8,E10b,T12a,text_based,1.2640343422563636,toys_edge_024,edge_multihop,0.5,0.0,0.5,0.3333333333333333
N8_E10b_T12b_text_based,N8,E10b,T12b,text_based,1.242792181121095,toys_sh_026,single_specific,1.0,0.0,0.0,0.3333333333333333
N8_E10b_T12b_text_based,N8,E10b,T12b,text_based,1.242792181121095,toys_sh_013,single_specific,0.3333333333333333,0.6702291720706962,0.5,0.5011875018013432
N8_E10b_T12b_text_based,N8,E10b,T12b,text_based,1.242792181121095,toys_sh_024,single_specific,1.0,0.0,0.0,0.3333333333333333
N8_E10b_T12b_text_based,N8,E10b,T12b,text_based,1.242792181121095,toys_sh_021,single_specific,1.0,0.9020694673258299,1.0,0.96735648910861
N8_E10b_T12b_text_based,N8,E10b,T12b,text_based,1.242792181121095,toys_sh_015,single_specific,0.75,0.9754270793670031,1.0,0.9084756931223343
N8_E10b_T12b_text_based,N8,E10b,T12b,text_based,1.242792181121095,toys_sh_029,single_specific,0.6666666666666666,0.8225156115080533,0.0,0.49639409272490664
N8_E10b_T12b_text_based,N8,E10b,T12b,text_based,1.242792181121095,toys_sh_019,single_specific,0.5,0.0,0.0,0.16666666666666666
N8_E10b_T12b_text_based,N8,E10b,T12b,text_based,1.242792181121095,toys_agg_031,aggregate_cross_paper,0.75,0.5031294736914459,1.0,0.7510431578971487
N8_E10b_T12b_text_based,N8,E10b,T12b,text_based,1.242792181121095,toys_agg_015,aggregate_cross_paper,0.75,0.8281885836674657,1.0,0.859396194555822
N8_E10b_T12b_text_based,N8,E10b,T12b,text_based,1.242792181121095,toys_agg_026,aggregate_cross_paper,0.6666666666666666,0.5303283240408505,1.0,0.7323316635691723
N8_E10b_T12b_text_based,N8,E10b,T12b,text_based,1.242792181121095,toys_agg_017,aggregate_cross_paper,0.5,0.36210880323720934,0.75,0.5373696010790697
N8_E10b_T12b_text_based,N8,E10b,T12b,text_based,1.242792181121095,toys_agg_008,aggregate_cross_paper,0.6,0.7455251986492247,1.0,0.7818417328830748
N8_E10b_T12b_text_based,N8,E10b,T12b,text_based,1.242792181121095,toys_agg_009,aggregate_cross_paper,0.8571428571428571,0.7857127002096865,1.0,0.8809518524508478
N8_E10b_T12b_text_based,N8,E10b,T12b,text_based,1.242792181121095,toys_agg_019,aggregate_cross_paper,0.625,0.5807065439732768,1.0,0.7352355146577589
N8_E10b_T12b_text_based,N8,E10b,T12b,text_based,1.242792181121095,toys_edge_015,edge_multihop,0.0,0.0,0.0,0.0
N8_E10b_T12b_text_based,N8,E10b,T12b,text_based,1.242792181121095,toys_edge_019,edge_multihop,1.0,0.0,0.0,0.3333333333333333
N8_E10b_T12b_text_based,N8,E10b,T12b,text_based,1.242792181121095,toys_edge_027,edge_multihop,1.0,0.0,0.0,0.3333333333333333
N8_E10b_T12b_text_based,N8,E10b,T12b,text_based,1.242792181121095,toys_edge_026,edge_multihop,1.0,0.8902642931312034,0.0,0.6300880977104012
N8_E10b_T12b_text_based,N8,E10b,T12b,text_based,1.242792181121095,toys_edge_008,edge_multihop,1.0,0.0,0.0,0.3333333333333333
N8_E10b_T12b_text_based,N8,E10b,T12b,text_based,1.242792181121095,toys_edge_024,edge_multihop,0.5,0.0,0.5,0.3333333333333333
N8_E10b_T12e_text_based,N8,E10b,T12e,text_based,1.1944045104390042,toys_sh_026,single_specific,1.0,0.0,0.0,0.3333333333333333
N8_E10b_T12e_text_based,N8,E10b,T12e,text_based,1.1944045104390042,toys_sh_013,single_specific,0.3333333333333333,0.6702291720706962,0.5,0.5011875018013432
N8_E10b_T12e_text_based,N8,E10b,T12e,text_based,1.1944045104390042,toys_sh_024,single_specific,1.0,0.0,0.0,0.3333333333333333
N8_E10b_T12e_text_based,N8,E10b,T12e,text_based,1.1944045104390042,toys_sh_021,single_specific,1.0,0.9020684023474835,1.0,0.9673561341158279
N8_E10b_T12e_text_based,N8,E10b,T12e,text_based,1.1944045104390042,toys_sh_015,single_specific,1.0,0.9754270793670031,1.0,0.9918090264556677
N8_E10b_T12e_text_based,N8,E10b,T12e,text_based,1.1944045104390042,toys_sh_029,single_specific,0.6666666666666666,0.7967067360436397,0.0,0.48779113423676873
N8_E10b_T12e_text_based,N8,E10b,T12e,text_based,1.1944045104390042,toys_sh_019,single_specific,0.5,0.0,0.0,0.16666666666666666
N8_E10b_T12e_text_based,N8,E10b,T12e,text_based,1.1944045104390042,toys_agg_031,aggregate_cross_paper,0.6666666666666666,0.5421789977748638,1.0,0.7362818881471768
N8_E10b_T12e_text_based,N8,E10b,T12e,text_based,1.1944045104390042,toys_agg_015,aggregate_cross_paper,0.75,0.8281853471974384,1.0,0.8593951157324794
N8_E10b_T12e_text_based,N8,E10b,T12e,text_based,1.1944045104390042,toys_agg_026,aggregate_cross_paper,0.3333333333333333,0.5303239064497866,1.0,0.6212190799277066
N8_E10b_T12e_text_based,N8,E10b,T12e,text_based,1.1944045104390042,toys_agg_017,aggregate_cross_paper,0.5,0.36210880323720934,1.0,0.6207029344124031
N8_E10b_T12e_text_based,N8,E10b,T12e,text_based,1.1944045104390042,toys_agg_008,aggregate_cross_paper,0.6,0.7481172221365036,1.0,0.7827057407121679
N8_E10b_T12e_text_based,N8,E10b,T12e,text_based,1.1944045104390042,toys_agg_009,aggregate_cross_paper,0.8888888888888888,0.7912306013534322,1.0,0.893373163414107
N8_E10b_T12e_text_based,N8,E10b,T12e,text_based,1.1944045104390042,toys_agg_019,aggregate_cross_paper,0.625,0.5807205426839,1.0,0.7352401808946333
N8_E10b_T12e_text_based,N8,E10b,T12e,text_based,1.1944045104390042,toys_edge_015,edge_multihop,0.0,0.0,0.0,0.0
N8_E10b_T12e_text_based,N8,E10b,T12e,text_based,1.1944045104390042,toys_edge_019,edge_multihop,1.0,0.0,0.0,0.3333333333333333
N8_E10b_T12e_text_based,N8,E10b,T12e,text_based,1.1944045104390042,toys_edge_027,edge_multihop,1.0,0.0,0.0,0.3333333333333333
N8_E10b_T12e_text_based,N8,E10b,T12e,text_based,1.1944045104390042,toys_edge_026,edge_multihop,1.0,0.8902642931312034,0.0,0.6300880977104012
N8_E10b_T12e_text_based,N8,E10b,T12e,text_based,1.1944045104390042,toys_edge_008,edge_multihop,1.0,0.0,0.0,0.3333333333333333
N8_E10b_T12e_text_based,N8,E10b,T12e,text_based,1.1944045104390042,toys_edge_024,edge_multihop,0.5,0.0,0.5,0.3333333333333333
N8_E10c_T12a_text_based,N8,E10c,T12a,text_based,1.1124638302091527,toys_sh_026,single_specific,1.0,0.0,0.0,0.3333333333333333
N8_E10c_T12a_text_based,N8,E10c,T12a,text_based,1.1124638302091527,toys_sh_013,single_specific,0.3333333333333333,0.6702470444415703,0.5,0.5011934592583013
N8_E10c_T12a_text_based,N8,E10c,T12a,text_based,1.1124638302091527,toys_sh_024,single_specific,1.0,0.0,0.0,0.3333333333333333
N8_E10c_T12a_text_based,N8,E10c,T12a,text_based,1.1124638302091527,toys_sh_021,single_specific,1.0,0.9020725942790593,1.0,0.9673575314263531
N8_E10c_T12a_text_based,N8,E10c,T12a,text_based,1.1124638302091527,toys_sh_015,single_specific,0.75,0.9754270793670031,1.0,0.9084756931223343
N8_E10c_T12a_text_based,N8,E10c,T12a,text_based,1.1124638302091527,toys_sh_029,single_specific,0.6666666666666666,0.8101899344311523,0.0,0.4922855336992729
N8_E10c_T12a_text_based,N8,E10c,T12a,text_based,1.1124638302091527,toys_sh_019,single_specific,0.5,0.0,0.0,0.16666666666666666
N8_E10c_T12a_text_based,N8,E10c,T12a,text_based,1.1124638302091527,toys_agg_031,aggregate_cross_paper,0.6666666666666666,0.5662950926636678,1.0,0.7443205864434449
N8_E10c_T12a_text_based,N8,E10c,T12a,text_based,1.1124638302091527,toys_agg_015,aggregate_cross_paper,0.75,0.8279729824507688,1.0,0.8593243274835896
N8_E10c_T12a_text_based,N8,E10c,T12a,text_based,1.1124638302091527,toys_agg_026,aggregate_cross_paper,0.3333333333333333,0.5303637144603345,1.0,0.621232349264556
N8_E10c_T12a_text_based,N8,E10c,T12a,text_based,1.1124638302091527,toys_agg_017,aggregate_cross_paper,0.5,0.36230371294296315,0.75,0.5374345709809877
N8_E10c_T12a_text_based,N8,E10c,T12a,text_based,1.1124638302091527,toys_agg_008,aggregate_cross_paper,0.6,0.7481067707255841,1.0,0.7827022569085281
N8_E10c_T12a_text_based,N8,E10c,T12a,text_based,1.1124638302091527,toys_agg_009,aggregate_cross_paper,0.8571428571428571,0.7920140660046352,1.0,0.8830523077158308
N8_E10c_T12a_text_based,N8,E10c,T12a,text_based,1.1124638302091527,toys_agg_019,aggregate_cross_paper,0.625,0.6162861564377469,1.0,0.7470953854792489
N8_E10c_T12a_text_based,N8,E10c,T12a,text_based,1.1124638302091527,toys_edge_015,edge_multihop,0.0,0.0,0.0,0.0
N8_E10c_T12a_text_based,N8,E10c,T12a,text_based,1.1124638302091527,toys_edge_019,edge_multihop,1.0,0.0,0.0,0.3333333333333333
N8_E10c_T12a_text_based,N8,E10c,T12a,text_based,1.1124638302091527,toys_edge_027,edge_multihop,1.0,0.0,0.0,0.3333333333333333
N8_E10c_T12a_text_based,N8,E10c,T12a,text_based,1.1124638302091527,toys_edge_026,edge_multihop,1.0,0.8902642931312034,0.0,0.6300880977104012
N8_E10c_T12a_text_based,N8,E10c,T12a,text_based,1.1124638302091527,toys_edge_008,edge_multihop,1.0,0.0,0.0,0.3333333333333333
N8_E10c_T12a_text_based,N8,E10c,T12a,text_based,1.1124638302091527,toys_edge_024,edge_multihop,0.5,0.0,0.5,0.3333333333333333
N8_E10c_T12b_text_based,N8,E10c,T12b,text_based,1.1089223281387155,toys_sh_026,single_specific,1.0,0.0,0.0,0.3333333333333333
N8_E10c_T12b_text_based,N8,E10c,T12b,text_based,1.1089223281387155,toys_sh_013,single_specific,0.3333333333333333,0.6702291720706962,0.5,0.5011875018013432
N8_E10c_T12b_text_based,N8,E10c,T12b,text_based,1.1089223281387155,toys_sh_024,single_specific,1.0,0.0,0.0,0.3333333333333333
N8_E10c_T12b_text_based,N8,E10c,T12b,text_based,1.1089223281387155,toys_sh_021,single_specific,1.0,0.9020739088598213,1.0,0.9673579696199405
N8_E10c_T12b_text_based,N8,E10c,T12b,text_based,1.1089223281387155,toys_sh_015,single_specific,1.0,0.9754270793670031,1.0,0.9918090264556677
N8_E10c_T12b_text_based,N8,E10c,T12b,text_based,1.1089223281387155,toys_sh_029,single_specific,0.6666666666666666,0.822522795859097,0.0,0.49639648750858784
N8_E10c_T12b_text_based,N8,E10c,T12b,text_based,1.1089223281387155,toys_sh_019,single_specific,0.5,0.0,0.0,0.16666666666666666
N8_E10c_T12b_text_based,N8,E10c,T12b,text_based,1.1089223281387155,toys_agg_031,aggregate_cross_paper,0.6666666666666666,0.5422198692345062,1.0,0.7362955119670577
N8_E10c_T12b_text_based,N8,E10c,T12b,text_based,1.1089223281387155,toys_agg_015,aggregate_cross_paper,0.75,0.8281853471974384,1.0,0.8593951157324794
N8_E10c_T12b_text_based,N8,E10c,T12b,text_based,1.1089223281387155,toys_agg_026,aggregate_cross_paper,0.6666666666666666,0.5303239064497866,1.0,0.7323301910388178
N8_E10c_T12b_text_based,N8,E10c,T12b,text_based,1.1089223281387155,toys_agg_017,aggregate_cross_paper,0.2,0.3621231723710386,0.75,0.4373743907903462
N8_E10c_T12b_text_based,N8,E10c,T12b,text_based,1.1089223281387155,toys_agg_008,aggregate_cross_paper,0.6,0.7454807056936232,1.0,0.7818269018978744
N8_E10c_T12b_text_based,N8,E10c,T12b,text_based,1.1089223281387155,toys_agg_009,aggregate_cross_paper,0.8571428571428571,0.7920262273727842,1.0,0.8830563615052137
N8_E10c_T12b_text_based,N8,E10c,T12b,text_based,1.1089223281387155,toys_agg_019,aggregate_cross_paper,0.7777777777777778,0.5906049936132486,1.0,0.7894609237970087
N8_E10c_T12b_text_based,N8,E10c,T12b,text_based,1.1089223281387155,toys_edge_015,edge_multihop,0.0,0.0,0.0,0.0
N8_E10c_T12b_text_based,N8,E10c,T12b,text_based,1.1089223281387155,toys_edge_019,edge_multihop,1.0,0.0,0.0,0.3333333333333333
N8_E10c_T12b_text_based,N8,E10c,T12b,text_based,1.1089223281387155,toys_edge_027,edge_multihop,1.0,0.0,0.0,0.3333333333333333
N8_E10c_T12b_text_based,N8,E10c,T12b,text_based,1.1089223281387155,toys_edge_026,edge_multihop,1.0,0.8902642931312034,0.0,0.6300880977104012
N8_E10c_T12b_text_based,N8,E10c,T12b,text_based,1.1089223281387155,toys_edge_008,edge_multihop,1.0,0.0,0.0,0.3333333333333333
N8_E10c_T12b_text_based,N8,E10c,T12b,text_based,1.1089223281387155,toys_edge_024,edge_multihop,0.5,0.0,0.5,0.3333333333333333
N8_E10c_T12e_text_based,N8,E10c,T12e,text_based,1.08249399937679,toys_sh_026,single_specific,1.0,0.0,0.0,0.3333333333333333
N8_E10c_T12e_text_based,N8,E10c,T12e,text_based,1.08249399937679,toys_sh_013,single_specific,0.3333333333333333,0.6702291720706962,0.5,0.5011875018013432
N8_E10c_T12e_text_based,N8,E10c,T12e,text_based,1.08249399937679,toys_sh_024,single_specific,1.0,0.0,0.0,0.3333333333333333
N8_E10c_T12e_text_based,N8,E10c,T12e,text_based,1.08249399937679,toys_sh_021,single_specific,1.0,0.9020694673258299,1.0,0.96735648910861
N8_E10c_T12e_text_based,N8,E10c,T12e,text_based,1.08249399937679,toys_sh_015,single_specific,0.75,0.9754251939997346,1.0,0.9084750646665781
N8_E10c_T12e_text_based,N8,E10c,T12e,text_based,1.08249399937679,toys_sh_029,single_specific,0.6666666666666666,0.8096713862028965,0.0,0.4921126842898544
N8_E10c_T12e_text_based,N8,E10c,T12e,text_based,1.08249399937679,toys_sh_019,single_specific,0.5,0.0,0.0,0.16666666666666666
N8_E10c_T12e_text_based,N8,E10c,T12e,text_based,1.08249399937679,toys_agg_031,aggregate_cross_paper,0.6666666666666666,0.5422198692345062,1.0,0.7362955119670577
N8_E10c_T12e_text_based,N8,E10c,T12e,text_based,1.08249399937679,toys_agg_015,aggregate_cross_paper,0.75,0.8285554054162471,1.0,0.8595184684720824
N8_E10c_T12e_text_based,N8,E10c,T12e,text_based,1.08249399937679,toys_agg_026,aggregate_cross_paper,0.6666666666666666,0.5303283240408505,1.0,0.7323316635691723
N8_E10c_T12e_text_based,N8,E10c,T12e,text_based,1.08249399937679,toys_agg_017,aggregate_cross_paper,0.3333333333333333,0.36228701811302333,1.0,0.5652067838154522
N8_E10c_T12e_text_based,N8,E10c,T12e,text_based,1.08249399937679,toys_agg_008,aggregate_cross_paper,0.8,0.734582332001764,1.0,0.8448607773339214
N8_E10c_T12e_text_based,N8,E10c,T12e,text_based,1.08249399937679,toys_agg_009,aggregate_cross_paper,0.7777777777777778,0.7778107565270073,1.0,0.8518628447682617
N8_E10c_T12e_text_based,N8,E10c,T12e,text_based,1.08249399937679,toys_agg_019,aggregate_cross_paper,0.5714285714285714,0.5906677567547892,1.0,0.7206987760611202
N8_E10c_T12e_text_based,N8,E10c,T12e,text_based,1.08249399937679,toys_edge_015,edge_multihop,0.0,0.0,0.0,0.0
N8_E10c_T12e_text_based,N8,E10c,T12e,text_based,1.08249399937679,toys_edge_019,edge_multihop,1.0,0.0,0.0,0.3333333333333333
N8_E10c_T12e_text_based,N8,E10c,T12e,text_based,1.08249399937679,toys_edge_027,edge_multihop,1.0,0.0,0.0,0.3333333333333333
N8_E10c_T12e_text_based,N8,E10c,T12e,text_based,1.08249399937679,toys_edge_026,edge_multihop,1.0,0.8904191873395334,0.0,0.6301397291131777
N8_E10c_T12e_text_based,N8,E10c,T12e,text_based,1.08249399937679,toys_edge_008,edge_multihop,0.6666666666666666,0.0,0.0,0.2222222222222222
N8_E10c_T12e_text_based,N8,E10c,T12e,text_based,1.08249399937679,toys_edge_024,edge_multihop,0.5,0.0,0.5,0.3333333333333333
N8_E11a_T12a_text_based,N8,E11a,T12a,text_based,0.8355859218796413,toys_sh_026,single_specific,1.0,0.8366159245568344,0.0,0.6122053081856115
N8_E11a_T12a_text_based,N8,E11a,T12a,text_based,0.8355859218796413,toys_sh_013,single_specific,1.0,0.8229494455425228,0.0,0.6076498151808409
N8_E11a_T12a_text_based,N8,E11a,T12a,text_based,0.8355859218796413,toys_sh_024,single_specific,1.0,0.0,0.0,0.3333333333333333
N8_E11a_T12a_text_based,N8,E11a,T12a,text_based,0.8355859218796413,toys_sh_021,single_specific,1.0,0.0,0.0,0.3333333333333333
N8_E11a_T12a_text_based,N8,E11a,T12a,text_based,0.8355859218796413,toys_sh_015,single_specific,1.0,0.9754270793670031,1.0,0.9918090264556677
N8_E11a_T12a_text_based,N8,E11a,T12a,text_based,0.8355859218796413,toys_sh_029,single_specific,1.0,0.6427910827360722,0.0,0.5475970275786907
N8_E11a_T12a_text_based,N8,E11a,T12a,text_based,0.8355859218796413,toys_sh_019,single_specific,0.5,0.0,0.0,0.16666666666666666
N8_E11a_T12a_text_based,N8,E11a,T12a,text_based,0.8355859218796413,toys_agg_031,aggregate_cross_paper,0.3333333333333333,0.677192444512804,0.0,0.3368419259487125
N8_E11a_T12a_text_based,N8,E11a,T12a,text_based,0.8355859218796413,toys_agg_015,aggregate_cross_paper,0.8,0.4244437604937992,1.0,0.7414812534979331
N8_E11a_T12a_text_based,N8,E11a,T12a,text_based,0.8355859218796413,toys_agg_026,aggregate_cross_paper,0.25,0.536640598083855,0.5,0.428880199361285
N8_E11a_T12a_text_based,N8,E11a,T12a,text_based,0.8355859218796413,toys_agg_017,aggregate_cross_paper,0.6,0.41143971848732436,1.0,0.6704799061624414
N8_E11a_T12a_text_based,N8,E11a,T12a,text_based,0.8355859218796413,toys_agg_008,aggregate_cross_paper,0.8571428571428571,0.7403411516746671,0.5,0.6991613362725081
N8_E11a_T12a_text_based,N8,E11a,T12a,text_based,0.8355859218796413,toys_agg_009,aggregate_cross_paper,0.5,0.4167444894154338,1.0,0.6389148298051446
N8_E11a_T12a_text_based,N8,E11a,T12a,text_based,0.8355859218796413,toys_agg_019,aggregate_cross_paper,0.5,0.6269872562054218,0.5,0.5423290854018074
N8_E11a_T12a_text_based,N8,E11a,T12a,text_based,0.8355859218796413,toys_edge_015,edge_multihop,1.0,0.0,0.0,0.3333333333333333
N8_E11a_T12a_text_based,N8,E11a,T12a,text_based,0.8355859218796413,toys_edge_019,edge_multihop,1.0,0.0,0.0,0.3333333333333333
N8_E11a_T12a_text_based,N8,E11a,T12a,text_based,0.8355859218796413,toys_edge_027,edge_multihop,1.0,0.0,0.0,0.3333333333333333
N8_E11a_T12a_text_based,N8,E11a,T12a,text_based,0.8355859218796413,toys_edge_026,edge_multihop,1.0,0.8903243597992647,0.0,0.6301081199330882
N8_E11a_T12a_text_based,N8,E11a,T12a,text_based,0.8355859218796413,toys_edge_008,edge_multihop,1.0,0.0,0.0,0.3333333333333333
N8_E11a_T12a_text_based,N8,E11a,T12a,text_based,0.8355859218796413,toys_edge_024,edge_multihop,0.2,0.0,0.0,0.06666666666666667
N8_E11a_T12b_text_based,N8,E11a,T12b,text_based,1.008638714429887,toys_sh_026,single_specific,1.0,0.8366159245568344,0.0,0.6122053081856115
N8_E11a_T12b_text_based,N8,E11a,T12b,text_based,1.008638714429887,toys_sh_013,single_specific,1.0,0.8229494455425228,0.0,0.6076498151808409
N8_E11a_T12b_text_based,N8,E11a,T12b,text_based,1.008638714429887,toys_sh_024,single_specific,0.6666666666666666,0.0,0.0,0.2222222222222222
N8_E11a_T12b_text_based,N8,E11a,T12b,text_based,1.008638714429887,toys_sh_021,single_specific,1.0,0.0,0.0,0.3333333333333333
N8_E11a_T12b_text_based,N8,E11a,T12b,text_based,1.008638714429887,toys_sh_015,single_specific,1.0,0.9754404453365432,1.0,0.9918134817788476
N8_E11a_T12b_text_based,N8,E11a,T12b,text_based,1.008638714429887,toys_sh_029,single_specific,1.0,0.6428339532383739,0.0,0.5476113177461247
N8_E11a_T12b_text_based,N8,E11a,T12b,text_based,1.008638714429887,toys_sh_019,single_specific,0.5,0.0,0.0,0.16666666666666666
N8_E11a_T12b_text_based,N8,E11a,T12b,text_based,1.008638714429887,toys_agg_031,aggregate_cross_paper,0.5,0.7848595103092815,0.0,0.42828650343642716
N8_E11a_T12b_text_based,N8,E11a,T12b,text_based,1.008638714429887,toys_agg_015,aggregate_cross_paper,1.0,0.4244806674394835,1.0,0.8081602224798278
N8_E11a_T12b_text_based,N8,E11a,T12b,text_based,1.008638714429887,toys_agg_026,aggregate_cross_paper,0.5,0.5366880135570489,0.5,0.5122293378523496
N8_E11a_T12b_text_based,N8,E11a,T12b,text_based,1.008638714429887,toys_agg_017,aggregate_cross_paper,0.5,0.41141470432097466,1.0,0.6371382347736582
N8_E11a_T12b_text_based,N8,E11a,T12b,text_based,1.008638714429887,toys_agg_008,aggregate_cross_paper,0.8571428571428571,0.6519047266273685,0.5,0.6696825279234085
N8_E11a_T12b_text_based,N8,E11a,T12b,text_based,1.008638714429887,toys_agg_009,aggregate_cross_paper,0.8333333333333334,0.4387695115029279,1.0,0.7573676149454204
N8_E11a_T12b_text_based,N8,E11a,T12b,text_based,1.008638714429887,toys_agg_019,aggregate_cross_paper,0.42857142857142855,0.5591503840481277,0.5,0.49590727087318537
N8_E11a_T12b_text_based,N8,E11a,T12b,text_based,1.008638714429887,toys_edge_015,edge_multihop,1.0,0.0,0.0,0.3333333333333333
N8_E11a_T12b_text_based,N8,E11a,T12b,text_based,1.008638714429887,toys_edge_019,edge_multihop,1.0,0.0,0.0,0.3333333333333333
N8_E11a_T12b_text_based,N8,E11a,T12b,text_based,1.008638714429887,toys_edge_027,edge_multihop,1.0,0.0,0.0,0.3333333333333333
N8_E11a_T12b_text_based,N8,E11a,T12b,text_based,1.008638714429887,toys_edge_026,edge_multihop,1.0,0.8902642931312034,0.0,0.6300880977104012
N8_E11a_T12b_text_based,N8,E11a,T12b,text_based,1.008638714429887,toys_edge_008,edge_multihop,1.0,0.0,0.0,0.3333333333333333
N8_E11a_T12b_text_based,N8,E11a,T12b,text_based,1.008638714429887,toys_edge_024,edge_multihop,0.2,0.0,0.0,0.06666666666666667
N8_E11a_T12e_text_based,N8,E11a,T12e,text_based,0.8689407961862267,toys_sh_026,single_specific,1.0,0.8366159245568344,0.0,0.6122053081856115
N8_E11a_T12e_text_based,N8,E11a,T12e,text_based,0.8689407961862267,toys_sh_013,single_specific,1.0,0.8229494455425228,0.0,0.6076498151808409
N8_E11a_T12e_text_based,N8,E11a,T12e,text_based,0.8689407961862267,toys_sh_024,single_specific,1.0,0.0,0.0,0.3333333333333333
N8_E11a_T12e_text_based,N8,E11a,T12e,text_based,0.8689407961862267,toys_sh_021,single_specific,1.0,0.0,0.0,0.3333333333333333
N8_E11a_T12e_text_based,N8,E11a,T12e,text_based,0.8689407961862267,toys_sh_015,single_specific,1.0,0.9754270793670031,1.0,0.9918090264556677
N8_E11a_T12e_text_based,N8,E11a,T12e,text_based,0.8689407961862267,toys_sh_029,single_specific,1.0,0.6426035473865079,0.0,0.5475345157955026
N8_E11a_T12e_text_based,N8,E11a,T12e,text_based,0.8689407961862267,toys_sh_019,single_specific,0.5,0.0,0.0,0.16666666666666666
N8_E11a_T12e_text_based,N8,E11a,T12e,text_based,0.8689407961862267,toys_agg_031,aggregate_cross_paper,0.0,0.7078786660928218,0.0,0.23595955536427393
N8_E11a_T12e_text_based,N8,E11a,T12e,text_based,0.8689407961862267,toys_agg_015,aggregate_cross_paper,1.0,0.7656917314956911,1.0,0.921897243831897
N8_E11a_T12e_text_based,N8,E11a,T12e,text_based,0.8689407961862267,toys_agg_026,aggregate_cross_paper,0.25,0.5366228767061003,0.5,0.42887429223536677
N8_E11a_T12e_text_based,N8,E11a,T12e,text_based,0.8689407961862267,toys_agg_017,aggregate_cross_paper,0.6,0.4114187790371941,1.0,0.6704729263457313
N8_E11a_T12e_text_based,N8,E11a,T12e,text_based,0.8689407961862267,toys_agg_008,aggregate_cross_paper,0.7142857142857143,0.47771894421326005,0.5,0.5640015528329915
N8_E11a_T12e_text_based,N8,E11a,T12e,text_based,0.8689407961862267,toys_agg_009,aggregate_cross_paper,0.8333333333333334,0.4167067831898963,1.0,0.7500133721744099
N8_E11a_T12e_text_based,N8,E11a,T12e,text_based,0.8689407961862267,toys_agg_019,aggregate_cross_paper,0.42857142857142855,0.6173890913860277,0.5,0.515320173319152
N8_E11a_T12e_text_based,N8,E11a,T12e,text_based,0.8689407961862267,toys_edge_015,edge_multihop,1.0,0.0,0.0,0.3333333333333333
N8_E11a_T12e_text_based,N8,E11a,T12e,text_based,0.8689407961862267,toys_edge_019,edge_multihop,1.0,0.0,0.0,0.3333333333333333
N8_E11a_T12e_text_based,N8,E11a,T12e,text_based,0.8689407961862267,toys_edge_027,edge_multihop,1.0,0.0,0.0,0.3333333333333333
N8_E11a_T12e_text_based,N8,E11a,T12e,text_based,0.8689407961862267,toys_edge_026,edge_multihop,1.0,0.8903243597992647,0.0,0.6301081199330882
N8_E11a_T12e_text_based,N8,E11a,T12e,text_based,0.8689407961862267,toys_edge_008,edge_multihop,1.0,0.0,0.0,0.3333333333333333
N8_E11a_T12e_text_based,N8,E11a,T12e,text_based,0.8689407961862267,toys_edge_024,edge_multihop,0.2,0.0,0.0,0.06666666666666667
N8_E11b_T12a_text_based,N8,E11b,T12a,text_based,1.058501181832474,toys_sh_026,single_specific,1.0,0.9910455283827667,0.0,0.6636818427942556
N8_E11b_T12a_text_based,N8,E11b,T12a,text_based,1.058501181832474,toys_sh_013,single_specific,1.0,0.48491526883242947,0.0,0.49497175627747647
N8_E11b_T12a_text_based,N8,E11b,T12a,text_based,1.058501181832474,toys_sh_024,single_specific,0.6666666666666666,0.0,0.0,0.2222222222222222
N8_E11b_T12a_text_based,N8,E11b,T12a,text_based,1.058501181832474,toys_sh_021,single_specific,1.0,0.0,0.0,0.3333333333333333
N8_E11b_T12a_text_based,N8,E11b,T12a,text_based,1.058501181832474,toys_sh_015,single_specific,1.0,0.9214596538427541,1.0,0.9738198846142514
N8_E11b_T12a_text_based,N8,E11b,T12a,text_based,1.058501181832474,toys_sh_029,single_specific,1.0,0.6425996892457791,0.0,0.5475332297485931
N8_E11b_T12a_text_based,N8,E11b,T12a,text_based,1.058501181832474,toys_sh_019,single_specific,0.5,0.0,0.0,0.16666666666666666
N8_E11b_T12a_text_based,N8,E11b,T12a,text_based,1.058501181832474,toys_agg_031,aggregate_cross_paper,0.5,0.6501202740836872,0.5,0.550040091361229
N8_E11b_T12a_text_based,N8,E11b,T12a,text_based,1.058501181832474,toys_agg_015,aggregate_cross_paper,0.6666666666666666,0.8281853471974384,0.5,0.664950671288035
N8_E11b_T12a_text_based,N8,E11b,T12a,text_based,1.058501181832474,toys_agg_026,aggregate_cross_paper,0.3333333333333333,0.536640598083855,0.5,0.4566579771390628
N8_E11b_T12a_text_based,N8,E11b,T12a,text_based,1.058501181832474,toys_agg_017,aggregate_cross_paper,0.5,0.3824753370269797,0.5,0.4608251123423266
N8_E11b_T12a_text_based,N8,E11b,T12a,text_based,1.058501181832474,toys_agg_008,aggregate_cross_paper,0.16666666666666666,0.8033377149248184,0.0,0.32333479386382835
N8_E11b_T12a_text_based,N8,E11b,T12a,text_based,1.058501181832474,toys_agg_009,aggregate_cross_paper,0.14285714285714285,0.34013821911465897,0.0,0.16099845399060062
N8_E11b_T12a_text_based,N8,E11b,T12a,text_based,1.058501181832474,toys_agg_019,aggregate_cross_paper,0.3333333333333333,0.7056852610322698,0.0,0.3463395314552011
N8_E11b_T12a_text_based,N8,E11b,T12a,text_based,1.058501181832474,toys_edge_015,edge_multihop,1.0,0.0,0.0,0.3333333333333333
N8_E11b_T12a_text_based,N8,E11b,T12a,text_based,1.058501181832474,toys_edge_019,edge_multihop,1.0,0.0,0.0,0.3333333333333333
N8_E11b_T12a_text_based,N8,E11b,T12a,text_based,1.058501181832474,toys_edge_027,edge_multihop,1.0,0.0,0.0,0.3333333333333333
N8_E11b_T12a_text_based,N8,E11b,T12a,text_based,1.058501181832474,toys_edge_026,edge_multihop,1.0,0.0,0.0,0.3333333333333333
N8_E11b_T12a_text_based,N8,E11b,T12a,text_based,1.058501181832474,toys_edge_008,edge_multihop,1.0,0.0,0.0,0.3333333333333333
N8_E11b_T12a_text_based,N8,E11b,T12a,text_based,1.058501181832474,toys_edge_024,edge_multihop,0.75,0.0,0.0,0.25
N8_E11b_T12b_text_based,N8,E11b,T12b,text_based,1.332760296284281,toys_sh_026,single_specific,1.0,0.9910455283827667,0.0,0.6636818427942556
N8_E11b_T12b_text_based,N8,E11b,T12b,text_based,1.332760296284281,toys_sh_013,single_specific,1.0,0.48500312102403803,0.0,0.495001040341346
N8_E11b_T12b_text_based,N8,E11b,T12b,text_based,1.332760296284281,toys_sh_024,single_specific,0.6666666666666666,0.0,0.0,0.2222222222222222
N8_E11b_T12b_text_based,N8,E11b,T12b,text_based,1.332760296284281,toys_sh_021,single_specific,1.0,0.0,0.0,0.3333333333333333
N8_E11b_T12b_text_based,N8,E11b,T12b,text_based,1.332760296284281,toys_sh_015,single_specific,1.0,0.9214605140642734,1.0,0.9738201713547578
N8_E11b_T12b_text_based,N8,E11b,T12b,text_based,1.332760296284281,toys_sh_029,single_specific,1.0,0.6426206259598508,0.0,0.5475402086532836
N8_E11b_T12b_text_based,N8,E11b,T12b,text_based,1.332760296284281,toys_sh_019,single_specific,0.5,0.0,0.0,0.16666666666666666
N8_E11b_T12b_text_based,N8,E11b,T12b,text_based,1.332760296284281,toys_agg_031,aggregate_cross_paper,0.75,0.5165073471011611,0.5,0.5888357823670537
N8_E11b_T12b_text_based,N8,E11b,T12b,text_based,1.332760296284281,toys_agg_015,aggregate_cross_paper,0.6666666666666666,0.8281853471974384,0.5,0.664950671288035
N8_E11b_T12b_text_based,N8,E11b,T12b,text_based,1.332760296284281,toys_agg_026,aggregate_cross_paper,0.3333333333333333,0.5366880135570489,0.5,0.45667378229679406
N8_E11b_T12b_text_based,N8,E11b,T12b,text_based,1.332760296284281,toys_agg_017,aggregate_cross_paper,0.6,0.3822297929642701,0.5,0.4940765976547567
N8_E11b_T12b_text_based,N8,E11b,T12b,text_based,1.332760296284281,toys_agg_008,aggregate_cross_paper,0.25,0.8005566017011608,0.0,0.3501855339003869
N8_E11b_T12b_text_based,N8,E11b,T12b,text_based,1.332760296284281,toys_agg_009,aggregate_cross_paper,0.16666666666666666,0.41048803306435405,0.0,0.19238489991034025
N8_E11b_T12b_text_based,N8,E11b,T12b,text_based,1.332760296284281,toys_agg_019,aggregate_cross_paper,0.3333333333333333,0.7056863287684542,0.0,0.3463398873672625
N8_E11b_T12b_text_based,N8,E11b,T12b,text_based,1.332760296284281,toys_edge_015,edge_multihop,1.0,0.0,0.0,0.3333333333333333
N8_E11b_T12b_text_based,N8,E11b,T12b,text_based,1.332760296284281,toys_edge_019,edge_multihop,1.0,0.0,0.0,0.3333333333333333
N8_E11b_T12b_text_based,N8,E11b,T12b,text_based,1.332760296284281,toys_edge_027,edge_multihop,1.0,0.0,0.0,0.3333333333333333
N8_E11b_T12b_text_based,N8,E11b,T12b,text_based,1.332760296284281,toys_edge_026,edge_multihop,1.0,0.0,0.0,0.3333333333333333
N8_E11b_T12b_text_based,N8,E11b,T12b,text_based,1.332760296284281,toys_edge_008,edge_multihop,1.0,0.0,0.0,0.3333333333333333
N8_E11b_T12b_text_based,N8,E11b,T12b,text_based,1.332760296284281,toys_edge_024,edge_multihop,0.75,0.0,0.0,0.25
N8_E11b_T12e_text_based,N8,E11b,T12e,text_based,1.2320289857029634,toys_sh_026,single_specific,1.0,0.9910455283827667,0.0,0.6636818427942556
N8_E11b_T12e_text_based,N8,E11b,T12e,text_based,1.2320289857029634,toys_sh_013,single_specific,1.0,0.46867355984731657,0.0,0.4895578532824389
N8_E11b_T12e_text_based,N8,E11b,T12e,text_based,1.2320289857029634,toys_sh_024,single_specific,0.6666666666666666,0.0,0.0,0.2222222222222222
N8_E11b_T12e_text_based,N8,E11b,T12e,text_based,1.2320289857029634,toys_sh_021,single_specific,1.0,0.0,0.0,0.3333333333333333
N8_E11b_T12e_text_based,N8,E11b,T12e,text_based,1.2320289857029634,toys_sh_015,single_specific,1.0,0.9214596538427541,1.0,0.9738198846142514
N8_E11b_T12e_text_based,N8,E11b,T12e,text_based,1.2320289857029634,toys_sh_029,single_specific,1.0,0.6427910827360722,0.0,0.5475970275786907
N8_E11b_T12e_text_based,N8,E11b,T12e,text_based,1.2320289857029634,toys_sh_019,single_specific,0.5,0.0,0.0,0.16666666666666666
N8_E11b_T12e_text_based,N8,E11b,T12e,text_based,1.2320289857029634,toys_agg_031,aggregate_cross_paper,0.5714285714285714,0.49028459774642746,0.5,0.5205710563916662
N8_E11b_T12e_text_based,N8,E11b,T12e,text_based,1.2320289857029634,toys_agg_015,aggregate_cross_paper,0.8888888888888888,0.7358780987293843,0.5,0.7082556625394244
N8_E11b_T12e_text_based,N8,E11b,T12e,text_based,1.2320289857029634,toys_agg_026,aggregate_cross_paper,0.3333333333333333,0.536640598083855,0.5,0.4566579771390628
N8_E11b_T12e_text_based,N8,E11b,T12e,text_based,1.2320289857029634,toys_agg_017,aggregate_cross_paper,0.5,0.3747777788175681,0.5,0.45825925960585606
N8_E11b_T12e_text_based,N8,E11b,T12e,text_based,1.2320289857029634,toys_agg_008,aggregate_cross_paper,0.5,0.8090998175131446,0.0,0.43636660583771486
N8_E11b_T12e_text_based,N8,E11b,T12e,text_based,1.2320289857029634,toys_agg_009,aggregate_cross_paper,0.3333333333333333,0.7920116368481281,0.0,0.37511499006048715
N8_E11b_T12e_text_based,N8,E11b,T12e,text_based,1.2320289857029634,toys_agg_019,aggregate_cross_paper,0.0,0.7056863287684542,0.0,0.23522877625615138
N8_E11b_T12e_text_based,N8,E11b,T12e,text_based,1.2320289857029634,toys_edge_015,edge_multihop,1.0,0.0,0.0,0.3333333333333333
N8_E11b_T12e_text_based,N8,E11b,T12e,text_based,1.2320289857029634,toys_edge_019,edge_multihop,1.0,0.0,0.0,0.3333333333333333
N8_E11b_T12e_text_based,N8,E11b,T12e,text_based,1.2320289857029634,toys_edge_027,edge_multihop,1.0,0.0,0.0,0.3333333333333333
N8_E11b_T12e_text_based,N8,E11b,T12e,text_based,1.2320289857029634,toys_edge_026,edge_multihop,1.0,0.0,0.0,0.3333333333333333
N8_E11b_T12e_text_based,N8,E11b,T12e,text_based,1.2320289857029634,toys_edge_008,edge_multihop,1.0,0.0,0.0,0.3333333333333333
N8_E11b_T12e_text_based,N8,E11b,T12e,text_based,1.2320289857029634,toys_edge_024,edge_multihop,0.75,0.0,0.0,0.25
N8_E11c_T12a_text_based,N8,E11c,T12a,text_based,1.1826644110343094,toys_sh_026,single_specific,0.6666666666666666,0.0,0.0,0.2222222222222222
N8_E11c_T12a_text_based,N8,E11c,T12a,text_based,1.1826644110343094,toys_sh_013,single_specific,0.3333333333333333,0.6702425939536328,0.5,0.5011919757623221
N8_E11c_T12a_text_based,N8,E11c,T12a,text_based,1.1826644110343094,toys_sh_024,single_specific,1.0,0.0,0.0,0.3333333333333333
N8_E11c_T12a_text_based,N8,E11c,T12a,text_based,1.1826644110343094,toys_sh_021,single_specific,1.0,0.9020936206081814,1.0,0.9673645402027272
N8_E11c_T12a_text_based,N8,E11c,T12a,text_based,1.1826644110343094,toys_sh_015,single_specific,1.0,0.9754270793670031,1.0,0.9918090264556677
N8_E11c_T12a_text_based,N8,E11c,T12a,text_based,1.1826644110343094,toys_sh_029,single_specific,0.6666666666666666,0.7970578233529162,0.0,0.4879081633398609
N8_E11c_T12a_text_based,N8,E11c,T12a,text_based,1.1826644110343094,toys_sh_019,single_specific,0.5,0.0,0.0,0.16666666666666666
N8_E11c_T12a_text_based,N8,E11c,T12a,text_based,1.1826644110343094,toys_agg_031,aggregate_cross_paper,0.75,0.5031294736914459,1.0,0.7510431578971487
N8_E11c_T12a_text_based,N8,E11c,T12a,text_based,1.1826644110343094,toys_agg_015,aggregate_cross_paper,0.75,0.8281885836674657,1.0,0.859396194555822
N8_E11c_T12a_text_based,N8,E11c,T12a,text_based,1.1826644110343094,toys_agg_026,aggregate_cross_paper,0.6666666666666666,0.5303084489884892,1.0,0.7323250385517186
N8_E11c_T12a_text_based,N8,E11c,T12a,text_based,1.1826644110343094,toys_agg_017,aggregate_cross_paper,0.5,0.3621208325448346,1.0,0.6207069441816115
N8_E11c_T12a_text_based,N8,E11c,T12a,text_based,1.1826644110343094,toys_agg_008,aggregate_cross_paper,0.8,0.7365150291536011,1.0,0.845505009717867
N8_E11c_T12a_text_based,N8,E11c,T12a,text_based,1.1826644110343094,toys_agg_009,aggregate_cross_paper,0.8571428571428571,0.7953928624034684,1.0,0.8841785731821085
N8_E11c_T12a_text_based,N8,E11c,T12a,text_based,1.1826644110343094,toys_agg_019,aggregate_cross_paper,0.5714285714285714,0.5905991795644079,1.0,0.7206759169976596
N8_E11c_T12a_text_based,N8,E11c,T12a,text_based,1.1826644110343094,toys_edge_015,edge_multihop,0.0,0.0,0.0,0.0
N8_E11c_T12a_text_based,N8,E11c,T12a,text_based,1.1826644110343094,toys_edge_019,edge_multihop,1.0,0.0,0.0,0.3333333333333333
N8_E11c_T12a_text_based,N8,E11c,T12a,text_based,1.1826644110343094,toys_edge_027,edge_multihop,1.0,0.0,0.0,0.3333333333333333
N8_E11c_T12a_text_based,N8,E11c,T12a,text_based,1.1826644110343094,toys_edge_026,edge_multihop,1.0,0.8902642931312034,0.0,0.6300880977104012
N8_E11c_T12a_text_based,N8,E11c,T12a,text_based,1.1826644110343094,toys_edge_008,edge_multihop,1.0,0.0,0.0,0.3333333333333333
N8_E11c_T12a_text_based,N8,E11c,T12a,text_based,1.1826644110343094,toys_edge_024,edge_multihop,0.5,0.0,0.5,0.3333333333333333
N8_E11c_T12b_text_based,N8,E11c,T12b,text_based,1.3235488803210198,toys_sh_026,single_specific,0.6666666666666666,0.0,0.0,0.2222222222222222
N8_E11c_T12b_text_based,N8,E11c,T12b,text_based,1.3235488803210198,toys_sh_013,single_specific,0.3333333333333333,0.6702374943134973,0.5,0.5011902758822769
N8_E11c_T12b_text_based,N8,E11c,T12b,text_based,1.3235488803210198,toys_sh_024,single_specific,1.0,0.0,0.0,0.3333333333333333
N8_E11c_T12b_text_based,N8,E11c,T12b,text_based,1.3235488803210198,toys_sh_021,single_specific,1.0,0.9020739088598213,1.0,0.9673579696199405
N8_E11c_T12b_text_based,N8,E11c,T12b,text_based,1.3235488803210198,toys_sh_015,single_specific,1.0,0.9754270793670031,1.0,0.9918090264556677
N8_E11c_T12b_text_based,N8,E11c,T12b,text_based,1.3235488803210198,toys_sh_029,single_specific,0.6666666666666666,0.7962128135027512,0.0,0.48762649338980596
N8_E11c_T12b_text_based,N8,E11c,T12b,text_based,1.3235488803210198,toys_sh_019,single_specific,0.5,0.0,0.0,0.16666666666666666
N8_E11c_T12b_text_based,N8,E11c,T12b,text_based,1.3235488803210198,toys_agg_031,aggregate_cross_paper,0.75,0.5031880720490575,1.0,0.7510626906830192
N8_E11c_T12b_text_based,N8,E11c,T12b,text_based,1.3235488803210198,toys_agg_015,aggregate_cross_paper,0.75,0.8281853471974384,1.0,0.8593951157324794
N8_E11c_T12b_text_based,N8,E11c,T12b,text_based,1.3235488803210198,toys_agg_026,aggregate_cross_paper,0.3333333333333333,0.5303283240408505,1.0,0.6212205524580613
N8_E11c_T12b_text_based,N8,E11c,T12b,text_based,1.3235488803210198,toys_agg_017,aggregate_cross_paper,0.3333333333333333,0.3621208325448346,1.0,0.565151388626056
N8_E11c_T12b_text_based,N8,E11c,T12b,text_based,1.3235488803210198,toys_agg_008,aggregate_cross_paper,0.8,0.7429311281637142,1.0,0.8476437093879047
N8_E11c_T12b_text_based,N8,E11c,T12b,text_based,1.3235488803210198,toys_agg_009,aggregate_cross_paper,0.875,0.7953624111001373,1.0,0.8901208037000458
N8_E11c_T12b_text_based,N8,E11c,T12b,text_based,1.3235488803210198,toys_agg_019,aggregate_cross_paper,0.7272727272727273,0.5365192441975832,1.0,0.7545973238234369
N8_E11c_T12b_text_based,N8,E11c,T12b,text_based,1.3235488803210198,toys_edge_015,edge_multihop,0.0,0.0,0.0,0.0
N8_E11c_T12b_text_based,N8,E11c,T12b,text_based,1.3235488803210198,toys_edge_019,edge_multihop,1.0,0.0,0.0,0.3333333333333333
N8_E11c_T12b_text_based,N8,E11c,T12b,text_based,1.3235488803210198,toys_edge_027,edge_multihop,1.0,0.0,0.0,0.3333333333333333
N8_E11c_T12b_text_based,N8,E11c,T12b,text_based,1.3235488803210198,toys_edge_026,edge_multihop,0.75,0.8902642931312034,0.0,0.5467547643770678
N8_E11c_T12b_text_based,N8,E11c,T12b,text_based,1.3235488803210198,toys_edge_008,edge_multihop,1.0,0.0,0.0,0.3333333333333333
N8_E11c_T12b_text_based,N8,E11c,T12b,text_based,1.3235488803210198,toys_edge_024,edge_multihop,0.5,0.0,0.5,0.3333333333333333
N8_E11c_T12e_text_based,N8,E11c,T12e,text_based,1.2075038243103549,toys_sh_026,single_specific,1.0,0.0,0.0,0.3333333333333333
N8_E11c_T12e_text_based,N8,E11c,T12e,text_based,1.2075038243103549,toys_sh_013,single_specific,0.3333333333333333,0.6702291720706962,0.5,0.5011875018013432
N8_E11c_T12e_text_based,N8,E11c,T12e,text_based,1.2075038243103549,toys_sh_024,single_specific,1.0,0.0,0.0,0.3333333333333333
N8_E11c_T12e_text_based,N8,E11c,T12e,text_based,1.2075038243103549,toys_sh_021,single_specific,1.0,0.9020684023474835,1.0,0.9673561341158279
N8_E11c_T12e_text_based,N8,E11c,T12e,text_based,1.2075038243103549,toys_sh_015,single_specific,1.0,0.9754404453365432,1.0,0.9918134817788476
N8_E11c_T12e_text_based,N8,E11c,T12e,text_based,1.2075038243103549,toys_sh_029,single_specific,0.6666666666666666,0.8232523799889825,0.0,0.4966396822185497
N8_E11c_T12e_text_based,N8,E11c,T12e,text_based,1.2075038243103549,toys_sh_019,single_specific,0.5,0.0,0.0,0.16666666666666666
N8_E11c_T12e_text_based,N8,E11c,T12e,text_based,1.2075038243103549,toys_agg_031,aggregate_cross_paper,0.75,0.5031021005636258,1.0,0.7510340335212087
N8_E11c_T12e_text_based,N8,E11c,T12e,text_based,1.2075038243103549,toys_agg_015,aggregate_cross_paper,0.75,0.8281853471974384,1.0,0.8593951157324794
N8_E11c_T12e_text_based,N8,E11c,T12e,text_based,1.2075038243103549,toys_agg_026,aggregate_cross_paper,0.3333333333333333,0.5303283240408505,1.0,0.6212205524580613
N8_E11c_T12e_text_based,N8,E11c,T12e,text_based,1.2075038243103549,toys_agg_017,aggregate_cross_paper,0.5,0.3621208325448346,1.0,0.6207069441816115
N8_E11c_T12e_text_based,N8,E11c,T12e,text_based,1.2075038243103549,toys_agg_008,aggregate_cross_paper,0.8,0.7429331751619458,1.0,0.8476443917206486
N8_E11c_T12e_text_based,N8,E11c,T12e,text_based,1.2075038243103549,toys_agg_009,aggregate_cross_paper,0.875,0.7953724332063993,1.0,0.890124144402133
N8_E11c_T12e_text_based,N8,E11c,T12e,text_based,1.2075038243103549,toys_agg_019,aggregate_cross_paper,0.5714285714285714,0.5906677567547892,1.0,0.7206987760611202
N8_E11c_T12e_text_based,N8,E11c,T12e,text_based,1.2075038243103549,toys_edge_015,edge_multihop,0.0,0.0,0.0,0.0
N8_E11c_T12e_text_based,N8,E11c,T12e,text_based,1.2075038243103549,toys_edge_019,edge_multihop,1.0,0.0,0.0,0.3333333333333333
N8_E11c_T12e_text_based,N8,E11c,T12e,text_based,1.2075038243103549,toys_edge_027,edge_multihop,1.0,0.0,0.0,0.3333333333333333
N8_E11c_T12e_text_based,N8,E11c,T12e,text_based,1.2075038243103549,toys_edge_026,edge_multihop,1.0,0.8903243597992647,0.0,0.6301081199330882
N8_E11c_T12e_text_based,N8,E11c,T12e,text_based,1.2075038243103549,toys_edge_008,edge_multihop,1.0,0.0,0.0,0.3333333333333333
N8_E11c_T12e_text_based,N8,E11c,T12e,text_based,1.2075038243103549,toys_edge_024,edge_multihop,0.5,0.0,0.5,0.3333333333333333
N9_E10b_T12a_text_based,N9,E10b,T12a,text_based,9.026393566819356,toys_sh_026,single_specific,1.0,0.8928710840042027,1.0,0.9642903613347342
N9_E10b_T12a_text_based,N9,E10b,T12a,text_based,9.026393566819356,toys_sh_013,single_specific,1.0,0.7354635545045843,0.0,0.578487851501528
N9_E10b_T12a_text_based,N9,E10b,T12a,text_based,9.026393566819356,toys_sh_024,single_specific,0.6666666666666666,0.0,0.0,0.2222222222222222
N9_E10b_T12a_text_based,N9,E10b,T12a,text_based,9.026393566819356,toys_sh_021,single_specific,0.5,0.9355366900563188,1.0,0.8118455633521062
N9_E10b_T12a_text_based,N9,E10b,T12a,text_based,9.026393566819356,toys_sh_015,single_specific,0.6,0.6166656381895729,1.0,0.738888546063191
N9_E10b_T12a_text_based,N9,E10b,T12a,text_based,9.026393566819356,toys_sh_029,single_specific,1.0,0.0,0.0,0.3333333333333333
N9_E10b_T12a_text_based,N9,E10b,T12a,text_based,9.026393566819356,toys_sh_019,single_specific,1.0,0.8581219045420795,1.0,0.9527073015140265
N9_E10b_T12a_text_based,N9,E10b,T12a,text_based,9.026393566819356,toys_agg_031,aggregate_cross_paper,0.25,0.7968301892479864,0.5,0.5156100630826622
N9_E10b_T12a_text_based,N9,E10b,T12a,text_based,9.026393566819356,toys_agg_015,aggregate_cross_paper,0.875,0.7932407890354595,0.5,0.7227469296784865
N9_E10b_T12a_text_based,N9,E10b,T12a,text_based,9.026393566819356,toys_agg_026,aggregate_cross_paper,0.25,0.5562622072366354,1.0,0.6020874024122118
N9_E10b_T12a_text_based,N9,E10b,T12a,text_based,9.026393566819356,toys_agg_017,aggregate_cross_paper,0.25,0.39110786130409864,1.0,0.5470359537680328
N9_E10b_T12a_text_based,N9,E10b,T12a,text_based,9.026393566819356,toys_agg_008,aggregate_cross_paper,0.6666666666666666,0.6748625868561762,0.5,0.6138430845076143
N9_E10b_T12a_text_based,N9,E10b,T12a,text_based,9.026393566819356,toys_agg_009,aggregate_cross_paper,0.8571428571428571,0.7953694410702258,1.0,0.8841707660710276
N9_E10b_T12a_text_based,N9,E10b,T12a,text_based,9.026393566819356,toys_agg_019,aggregate_cross_paper,0.6666666666666666,0.7807094847398123,0.5,0.6491253838021597
N9_E10b_T12a_text_based,N9,E10b,T12a,text_based,9.026393566819356,toys_edge_015,edge_multihop,1.0,0.0,0.0,0.3333333333333333
N9_E10b_T12a_text_based,N9,E10b,T12a,text_based,9.026393566819356,toys_edge_019,edge_multihop,1.0,0.0,0.0,0.3333333333333333
N9_E10b_T12a_text_based,N9,E10b,T12a,text_based,9.026393566819356,toys_edge_027,edge_multihop,1.0,0.8501881945211279,0.0,0.6167293981737093
N9_E10b_T12a_text_based,N9,E10b,T12a,text_based,9.026393566819356,toys_edge_026,edge_multihop,0.6666666666666666,0.0,0.0,0.2222222222222222
N9_E10b_T12a_text_based,N9,E10b,T12a,text_based,9.026393566819356,toys_edge_008,edge_multihop,1.0,0.0,0.0,0.3333333333333333
N9_E10b_T12a_text_based,N9,E10b,T12a,text_based,9.026393566819356,toys_edge_024,edge_multihop,0.8,0.792086474973161,0.0,0.5306954916577203
N9_E10b_T12b_text_based,N9,E10b,T12b,text_based,9.169027289613046,toys_sh_026,single_specific,1.0,0.8929050550981374,1.0,0.9643016850327125
N9_E10b_T12b_text_based,N9,E10b,T12b,text_based,9.169027289613046,toys_sh_013,single_specific,0.0,0.7355737811083434,0.0,0.2451912603694478
N9_E10b_T12b_text_based,N9,E10b,T12b,text_based,9.169027289613046,toys_sh_024,single_specific,1.0,0.0,0.0,0.3333333333333333
N9_E10b_T12b_text_based,N9,E10b,T12b,text_based,9.169027289613046,toys_sh_021,single_specific,0.5,0.9999996617733219,1.0,0.8333332205911073
N9_E10b_T12b_text_based,N9,E10b,T12b,text_based,9.169027289613046,toys_sh_015,single_specific,1.0,0.6166107692202955,1.0,0.8722035897400985
N9_E10b_T12b_text_based,N9,E10b,T12b,text_based,9.169027289613046,toys_sh_029,single_specific,1.0,0.0,0.0,0.3333333333333333
N9_E10b_T12b_text_based,N9,E10b,T12b,text_based,9.169027289613046,toys_sh_019,single_specific,0.5,0.0,1.0,0.5
N9_E10b_T12b_text_based,N9,E10b,T12b,text_based,9.169027289613046,toys_agg_031,aggregate_cross_paper,0.25,0.7968207990407267,0.5,0.5156069330135756
N9_E10b_T12b_text_based,N9,E10b,T12b,text_based,9.169027289613046,toys_agg_015,aggregate_cross_paper,0.75,0.7932407800765872,0.5,0.6810802600255291
N9_E10b_T12b_text_based,N9,E10b,T12b,text_based,9.169027289613046,toys_agg_026,aggregate_cross_paper,0.6,0.5564017073272365,1.0,0.7188005691090789
N9_E10b_T12b_text_based,N9,E10b,T12b,text_based,9.169027289613046,toys_agg_017,aggregate_cross_paper,0.25,0.39110786130409864,1.0,0.5470359537680328
N9_E10b_T12b_text_based,N9,E10b,T12b,text_based,9.169027289613046,toys_agg_008,aggregate_cross_paper,0.16666666666666666,0.6774622596056782,0.5,0.4480429754241149
N9_E10b_T12b_text_based,N9,E10b,T12b,text_based,9.169027289613046,toys_agg_009,aggregate_cross_paper,0.8571428571428571,0.7953694410702258,1.0,0.8841707660710276
N9_E10b_T12b_text_based,N9,E10b,T12b,text_based,9.169027289613046,toys_agg_019,aggregate_cross_paper,0.7142857142857143,0.7807423538778647,0.5,0.6650093560545264
N9_E10b_T12b_text_based,N9,E10b,T12b,text_based,9.169027289613046,toys_edge_015,edge_multihop,1.0,0.0,0.0,0.3333333333333333
N9_E10b_T12b_text_based,N9,E10b,T12b,text_based,9.169027289613046,toys_edge_019,edge_multihop,1.0,0.0,0.0,0.3333333333333333
N9_E10b_T12b_text_based,N9,E10b,T12b,text_based,9.169027289613046,toys_edge_027,edge_multihop,0.7142857142857143,0.8934805837116507,0.0,0.535922099332455
N9_E10b_T12b_text_based,N9,E10b,T12b,text_based,9.169027289613046,toys_edge_026,edge_multihop,0.6666666666666666,0.0,0.0,0.2222222222222222
N9_E10b_T12b_text_based,N9,E10b,T12b,text_based,9.169027289613046,toys_edge_008,edge_multihop,1.0,0.0,0.0,0.3333333333333333
N9_E10b_T12b_text_based,N9,E10b,T12b,text_based,9.169027289613046,toys_edge_024,edge_multihop,0.7142857142857143,0.7903161998618454,0.0,0.5015339713825199
N9_E10b_T12e_text_based,N9,E10b,T12e,text_based,9.038597939152725,toys_sh_026,single_specific,1.0,0.8929050550981374,1.0,0.9643016850327125
N9_E10b_T12e_text_based,N9,E10b,T12e,text_based,9.038597939152725,toys_sh_013,single_specific,1.0,0.7355737811083434,0.0,0.5785245937027811
N9_E10b_T12e_text_based,N9,E10b,T12e,text_based,9.038597939152725,toys_sh_024,single_specific,1.0,0.0,0.0,0.3333333333333333
N9_E10b_T12e_text_based,N9,E10b,T12e,text_based,9.038597939152725,toys_sh_021,single_specific,0.5,0.967769484442082,1.0,0.8225898281473607
N9_E10b_T12e_text_based,N9,E10b,T12e,text_based,9.038597939152725,toys_sh_015,single_specific,0.6,0.6166441705023437,1.0,0.7388813901674478
N9_E10b_T12e_text_based,N9,E10b,T12e,text_based,9.038597939152725,toys_sh_029,single_specific,1.0,0.0,0.0,0.3333333333333333
N9_E10b_T12e_text_based,N9,E10b,T12e,text_based,9.038597939152725,toys_sh_019,single_specific,0.5,0.0,1.0,0.5
N9_E10b_T12e_text_based,N9,E10b,T12e,text_based,9.038597939152725,toys_agg_031,aggregate_cross_paper,0.5,0.7968238018163994,0.5,0.5989412672721331
N9_E10b_T12e_text_based,N9,E10b,T12e,text_based,9.038597939152725,toys_agg_015,aggregate_cross_paper,0.75,0.7932407800765872,0.5,0.6810802600255291
N9_E10b_T12e_text_based,N9,E10b,T12e,text_based,9.038597939152725,toys_agg_026,aggregate_cross_paper,0.25,0.5562622072366354,1.0,0.6020874024122118
N9_E10b_T12e_text_based,N9,E10b,T12e,text_based,9.038597939152725,toys_agg_017,aggregate_cross_paper,0.25,0.39110786130409864,1.0,0.5470359537680328
N9_E10b_T12e_text_based,N9,E10b,T12e,text_based,9.038597939152725,toys_agg_008,aggregate_cross_paper,0.5,0.6533408994641919,0.5,0.5511136331547307
N9_E10b_T12e_text_based,N9,E10b,T12e,text_based,9.038597939152725,toys_agg_009,aggregate_cross_paper,0.6,0.7953694410702258,1.0,0.7984564803567419
N9_E10b_T12e_text_based,N9,E10b,T12e,text_based,9.038597939152725,toys_agg_019,aggregate_cross_paper,0.6666666666666666,0.44438839634856425,0.5,0.5370183543384103
N9_E10b_T12e_text_based,N9,E10b,T12e,text_based,9.038597939152725,toys_edge_015,edge_multihop,1.0,0.0,0.0,0.3333333333333333
N9_E10b_T12e_text_based,N9,E10b,T12e,text_based,9.038597939152725,toys_edge_019,edge_multihop,1.0,0.0,0.0,0.3333333333333333
N9_E10b_T12e_text_based,N9,E10b,T12e,text_based,9.038597939152725,toys_edge_027,edge_multihop,0.7142857142857143,0.8934384224741906,0.0,0.535908045586635
N9_E10b_T12e_text_based,N9,E10b,T12e,text_based,9.038597939152725,toys_edge_026,edge_multihop,0.6666666666666666,0.0,0.0,0.2222222222222222
N9_E10b_T12e_text_based,N9,E10b,T12e,text_based,9.038597939152725,toys_edge_008,edge_multihop,1.0,0.0,0.0,0.3333333333333333
N9_E10b_T12e_text_based,N9,E10b,T12e,text_based,9.038597939152725,toys_edge_024,edge_multihop,0.8571428571428571,0.792086474973161,0.0,0.5497431107053393
N9_E10c_T12a_text_based,N9,E10c,T12a,text_based,9.331545136636064,toys_sh_026,single_specific,1.0,0.896595878051262,1.0,0.9655319593504207
N9_E10c_T12a_text_based,N9,E10c,T12a,text_based,9.331545136636064,toys_sh_013,single_specific,1.0,0.7355625823476513,0.0,0.5785208607825504
N9_E10c_T12a_text_based,N9,E10c,T12a,text_based,9.331545136636064,toys_sh_024,single_specific,0.6666666666666666,0.0,0.0,0.2222222222222222
N9_E10c_T12a_text_based,N9,E10c,T12a,text_based,9.331545136636064,toys_sh_021,single_specific,0.5,0.9999995595384741,1.0,0.8333331865128247
N9_E10c_T12a_text_based,N9,E10c,T12a,text_based,9.331545136636064,toys_sh_015,single_specific,0.75,0.6083301085137786,1.0,0.7861100361712595
N9_E10c_T12a_text_based,N9,E10c,T12a,text_based,9.331545136636064,toys_sh_029,single_specific,1.0,0.0,0.0,0.3333333333333333
N9_E10c_T12a_text_based,N9,E10c,T12a,text_based,9.331545136636064,toys_sh_019,single_specific,0.5,0.0,1.0,0.5
N9_E10c_T12a_text_based,N9,E10c,T12a,text_based,9.331545136636064,toys_agg_031,aggregate_cross_paper,0.5,0.796869216992307,0.5,0.5989564056641022
N9_E10c_T12a_text_based,N9,E10c,T12a,text_based,9.331545136636064,toys_agg_015,aggregate_cross_paper,0.75,0.7932407800765872,0.5,0.6810802600255291
N9_E10c_T12a_text_based,N9,E10c,T12a,text_based,9.331545136636064,toys_agg_026,aggregate_cross_paper,0.25,0.5562622072366354,1.0,0.6020874024122118
N9_E10c_T12a_text_based,N9,E10c,T12a,text_based,9.331545136636064,toys_agg_017,aggregate_cross_paper,0.3333333333333333,0.39110786130409864,1.0,0.5748137315458107
N9_E10c_T12a_text_based,N9,E10c,T12a,text_based,9.331545136636064,toys_agg_008,aggregate_cross_paper,0.5,0.6934252476019882,0.5,0.564475082533996
N9_E10c_T12a_text_based,N9,E10c,T12a,text_based,9.331545136636064,toys_agg_009,aggregate_cross_paper,1.0,0.7953724332063993,1.0,0.9317908110687997
N9_E10c_T12a_text_based,N9,E10c,T12a,text_based,9.331545136636064,toys_agg_019,aggregate_cross_paper,0.7142857142857143,0.4695384748877389,0.5,0.5612747297244844
N9_E10c_T12a_text_based,N9,E10c,T12a,text_based,9.331545136636064,toys_edge_015,edge_multihop,1.0,0.0,0.0,0.3333333333333333
N9_E10c_T12a_text_based,N9,E10c,T12a,text_based,9.331545136636064,toys_edge_019,edge_multihop,1.0,0.0,0.0,0.3333333333333333
N9_E10c_T12a_text_based,N9,E10c,T12a,text_based,9.331545136636064,toys_edge_027,edge_multihop,0.8571428571428571,0.893471327862399,0.0,0.5835380616684187
N9_E10c_T12a_text_based,N9,E10c,T12a,text_based,9.331545136636064,toys_edge_026,edge_multihop,0.6666666666666666,0.0,0.0,0.2222222222222222
N9_E10c_T12a_text_based,N9,E10c,T12a,text_based,9.331545136636064,toys_edge_008,edge_multihop,1.0,0.0,0.0,0.3333333333333333
N9_E10c_T12a_text_based,N9,E10c,T12a,text_based,9.331545136636064,toys_edge_024,edge_multihop,1.0,0.792086474973161,0.0,0.597362158324387
N9_E10c_T12b_text_based,N9,E10c,T12b,text_based,8.695612754605397,toys_sh_026,single_specific,1.0,0.8928710840042027,1.0,0.9642903613347342
N9_E10c_T12b_text_based,N9,E10c,T12b,text_based,8.695612754605397,toys_sh_013,single_specific,0.0,0.7354717077215285,0.0,0.24515723590717617
N9_E10c_T12b_text_based,N9,E10c,T12b,text_based,8.695612754605397,toys_sh_024,single_specific,0.6666666666666666,0.0,0.0,0.2222222222222222
N9_E10c_T12b_text_based,N9,E10c,T12b,text_based,8.695612754605397,toys_sh_021,single_specific,1.0,0.9355347375092854,1.0,0.9785115791697617
N9_E10c_T12b_text_based,N9,E10c,T12b,text_based,8.695612754605397,toys_sh_015,single_specific,1.0,0.6167483044029173,1.0,0.8722494348009725
N9_E10c_T12b_text_based,N9,E10c,T12b,text_based,8.695612754605397,toys_sh_029,single_specific,1.0,0.0,0.0,0.3333333333333333
N9_E10c_T12b_text_based,N9,E10c,T12b,text_based,8.695612754605397,toys_sh_019,single_specific,0.5,0.0,1.0,0.5
N9_E10c_T12b_text_based,N9,E10c,T12b,text_based,8.695612754605397,toys_agg_031,aggregate_cross_paper,0.5,0.7968322163615064,0.5,0.598944072120502
N9_E10c_T12b_text_based,N9,E10c,T12b,text_based,8.695612754605397,toys_agg_015,aggregate_cross_paper,0.625,0.7932069312101272,0.5,0.6394023104033758
N9_E10c_T12b_text_based,N9,E10c,T12b,text_based,8.695612754605397,toys_agg_026,aggregate_cross_paper,0.25,0.5562622072366354,1.0,0.6020874024122118
N9_E10c_T12b_text_based,N9,E10c,T12b,text_based,8.695612754605397,toys_agg_017,aggregate_cross_paper,0.25,0.3910863646155365,1.0,0.5470287882051789
N9_E10c_T12b_text_based,N9,E10c,T12b,text_based,8.695612754605397,toys_agg_008,aggregate_cross_paper,0.5,0.7046243061096519,0.5,0.5682081020365506
N9_E10c_T12b_text_based,N9,E10c,T12b,text_based,8.695612754605397,toys_agg_009,aggregate_cross_paper,1.0,0.7953330411138491,1.0,0.9317776803712831
N9_E10c_T12b_text_based,N9,E10c,T12b,text_based,8.695612754605397,toys_agg_019,aggregate_cross_paper,0.6666666666666666,0.5321003784191033,0.5,0.5662556816952566
N9_E10c_T12b_text_based,N9,E10c,T12b,text_based,8.695612754605397,toys_edge_015,edge_multihop,1.0,0.0,0.0,0.3333333333333333
N9_E10c_T12b_text_based,N9,E10c,T12b,text_based,8.695612754605397,toys_edge_019,edge_multihop,1.0,0.0,0.0,0.3333333333333333
N9_E10c_T12b_text_based,N9,E10c,T12b,text_based,8.695612754605397,toys_edge_027,edge_multihop,0.8571428571428571,0.8934417486232883,0.0,0.5835282019220485
N9_E10c_T12b_text_based,N9,E10c,T12b,text_based,8.695612754605397,toys_edge_026,edge_multihop,1.0,0.0,0.0,0.3333333333333333
N9_E10c_T12b_text_based,N9,E10c,T12b,text_based,8.695612754605397,toys_edge_008,edge_multihop,1.0,0.0,0.0,0.3333333333333333
N9_E10c_T12b_text_based,N9,E10c,T12b,text_based,8.695612754605397,toys_edge_024,edge_multihop,0.8,0.792086474973161,0.0,0.5306954916577203
N9_E10c_T12e_text_based,N9,E10c,T12e,text_based,9.374199161974929,toys_sh_026,single_specific,1.0,0.8929050550981374,1.0,0.9643016850327125
N9_E10c_T12e_text_based,N9,E10c,T12e,text_based,9.374199161974929,toys_sh_013,single_specific,1.0,0.7355625823476513,0.0,0.5785208607825504
N9_E10c_T12e_text_based,N9,E10c,T12e,text_based,9.374199161974929,toys_sh_024,single_specific,0.6666666666666666,0.0,0.0,0.2222222222222222
N9_E10c_T12e_text_based,N9,E10c,T12e,text_based,9.374199161974929,toys_sh_021,single_specific,1.0,0.9677681065433328,1.0,0.9892560355144443
N9_E10c_T12e_text_based,N9,E10c,T12e,text_based,9.374199161974929,toys_sh_015,single_specific,0.5,0.6166441705023437,1.0,0.7055480568341146
N9_E10c_T12e_text_based,N9,E10c,T12e,text_based,9.374199161974929,toys_sh_029,single_specific,1.0,0.0,0.0,0.3333333333333333
N9_E10c_T12e_text_based,N9,E10c,T12e,text_based,9.374199161974929,toys_sh_019,single_specific,0.5,0.0,1.0,0.5
N9_E10c_T12e_text_based,N9,E10c,T12e,text_based,9.374199161974929,toys_agg_031,aggregate_cross_paper,0.5,0.7968806411014647,0.5,0.5989602137004882
N9_E10c_T12e_text_based,N9,E10c,T12e,text_based,9.374199161974929,toys_agg_015,aggregate_cross_paper,0.8571428571428571,0.7932407890354595,0.5,0.7167945487261056
N9_E10c_T12e_text_based,N9,E10c,T12e,text_based,9.374199161974929,toys_agg_026,aggregate_cross_paper,0.6,0.5562622072366354,1.0,0.7187540690788784
N9_E10c_T12e_text_based,N9,E10c,T12e,text_based,9.374199161974929,toys_agg_017,aggregate_cross_paper,0.25,0.39116469988278185,1.0,0.5470548999609273
N9_E10c_T12e_text_based,N9,E10c,T12e,text_based,9.374199161974929,toys_agg_008,aggregate_cross_paper,0.5,0.6944419915222654,0.5,0.5648139971740885
N9_E10c_T12e_text_based,N9,E10c,T12e,text_based,9.374199161974929,toys_agg_009,aggregate_cross_paper,1.0,0.7953724332063993,1.0,0.9317908110687997
N9_E10c_T12e_text_based,N9,E10c,T12e,text_based,9.374199161974929,toys_agg_019,aggregate_cross_paper,0.6666666666666666,0.5281186175936303,0.5,0.5649284280867657
N9_E10c_T12e_text_based,N9,E10c,T12e,text_based,9.374199161974929,toys_edge_015,edge_multihop,1.0,0.0,0.0,0.3333333333333333
N9_E10c_T12e_text_based,N9,E10c,T12e,text_based,9.374199161974929,toys_edge_019,edge_multihop,1.0,0.0,0.0,0.3333333333333333
N9_E10c_T12e_text_based,N9,E10c,T12e,text_based,9.374199161974929,toys_edge_027,edge_multihop,1.0,0.893483815691333,0.0,0.631161271897111
N9_E10c_T12e_text_based,N9,E10c,T12e,text_based,9.374199161974929,toys_edge_026,edge_multihop,0.6666666666666666,0.0,0.0,0.2222222222222222
N9_E10c_T12e_text_based,N9,E10c,T12e,text_based,9.374199161974929,toys_edge_008,edge_multihop,1.0,0.0,0.0,0.3333333333333333
N9_E10c_T12e_text_based,N9,E10c,T12e,text_based,9.374199161974929,toys_edge_024,edge_multihop,1.0,0.792086474973161,0.0,0.597362158324387
N9_E11a_T12a_text_based,N9,E11a,T12a,text_based,11.189081858573296,toys_sh_026,single_specific,1.0,0.9002867010043865,1.0,0.9667622336681289
N9_E11a_T12a_text_based,N9,E11a,T12a,text_based,11.189081858573296,toys_sh_013,single_specific,1.0,0.8423418840859909,0.5,0.7807806280286637
N9_E11a_T12a_text_based,N9,E11a,T12a,text_based,11.189081858573296,toys_sh_024,single_specific,1.0,0.5972315628546838,1.0,0.8657438542848945
N9_E11a_T12a_text_based,N9,E11a,T12a,text_based,11.189081858573296,toys_sh_021,single_specific,1.0,0.9999996820202309,1.0,0.9999998940067436
N9_E11a_T12a_text_based,N9,E11a,T12a,text_based,11.189081858573296,toys_sh_015,single_specific,1.0,0.9795630328813232,0.5,0.8265210109604411
N9_E11a_T12a_text_based,N9,E11a,T12a,text_based,11.189081858573296,toys_sh_029,single_specific,1.0,0.7315952087794747,1.0,0.9105317362598249
N9_E11a_T12a_text_based,N9,E11a,T12a,text_based,11.189081858573296,toys_sh_019,single_specific,1.0,0.9000299684128731,1.0,0.9666766561376243
N9_E11a_T12a_text_based,N9,E11a,T12a,text_based,11.189081858573296,toys_agg_031,aggregate_cross_paper,0.4,0.7633796319987468,1.0,0.7211265439995822
N9_E11a_T12a_text_based,N9,E11a,T12a,text_based,11.189081858573296,toys_agg_015,aggregate_cross_paper,1.0,0.7932407800765872,1.0,0.9310802600255291
N9_E11a_T12a_text_based,N9,E11a,T12a,text_based,11.189081858573296,toys_agg_026,aggregate_cross_paper,1.0,0.6473946159605203,1.0,0.8824648719868401
N9_E11a_T12a_text_based,N9,E11a,T12a,text_based,11.189081858573296,toys_agg_017,aggregate_cross_paper,0.5,0.5589134452198151,1.0,0.6863044817399384
N9_E11a_T12a_text_based,N9,E11a,T12a,text_based,11.189081858573296,toys_agg_008,aggregate_cross_paper,1.0,0.49472796105017297,0.5,0.6649093203500577
N9_E11a_T12a_text_based,N9,E11a,T12a,text_based,11.189081858573296,toys_agg_009,aggregate_cross_paper,0.6666666666666666,0.6504624913337417,1.0,0.7723763860001361
N9_E11a_T12a_text_based,N9,E11a,T12a,text_based,11.189081858573296,toys_agg_019,aggregate_cross_paper,0.5714285714285714,0.6212620674037658,1.0,0.730896879610779
N9_E11a_T12a_text_based,N9,E11a,T12a,text_based,11.189081858573296,toys_edge_015,edge_multihop,1.0,0.0,0.75,0.5833333333333334
N9_E11a_T12a_text_based,N9,E11a,T12a,text_based,11.189081858573296,toys_edge_019,edge_multihop,0.8,0.865792784366534,0.5,0.7219309281221781
N9_E11a_T12a_text_based,N9,E11a,T12a,text_based,11.189081858573296,toys_edge_027,edge_multihop,1.0,0.8814221084691286,0.5,0.7938073694897095
N9_E11a_T12a_text_based,N9,E11a,T12a,text_based,11.189081858573296,toys_edge_026,edge_multihop,1.0,0.795686723623913,0.0,0.5985622412079711
N9_E11a_T12a_text_based,N9,E11a,T12a,text_based,11.189081858573296,toys_edge_008,edge_multihop,0.7777777777777778,0.8926302624875261,1.0,0.8901360134217681
N9_E11a_T12a_text_based,N9,E11a,T12a,text_based,11.189081858573296,toys_edge_024,edge_multihop,1.0,0.792086474973161,1.0,0.9306954916577204
N9_E11a_T12b_text_based,N9,E11a,T12b,text_based,11.156850622992046,toys_sh_026,single_specific,1.0,0.8965613140417616,1.0,0.9655204380139205
N9_E11a_T12b_text_based,N9,E11a,T12b,text_based,11.156850622992046,toys_sh_013,single_specific,1.0,0.8423404373143794,0.5,0.7807801457714598
N9_E11a_T12b_text_based,N9,E11a,T12b,text_based,11.156850622992046,toys_sh_024,single_specific,1.0,0.5972315628546838,1.0,0.8657438542848945
N9_E11a_T12b_text_based,N9,E11a,T12b,text_based,11.156850622992046,toys_sh_021,single_specific,1.0,0.9999995230303466,1.0,0.9999998410101155
N9_E11a_T12b_text_based,N9,E11a,T12b,text_based,11.156850622992046,toys_sh_015,single_specific,1.0,0.9795709778397494,0.5,0.8265236592799164
N9_E11a_T12b_text_based,N9,E11a,T12b,text_based,11.156850622992046,toys_sh_029,single_specific,1.0,0.7532355466004286,1.0,0.9177451822001429
N9_E11a_T12b_text_based,N9,E11a,T12b,text_based,11.156850622992046,toys_sh_019,single_specific,1.0,0.9000259713596749,1.0,0.9666753237865583
N9_E11a_T12b_text_based,N9,E11a,T12b,text_based,11.156850622992046,toys_agg_031,aggregate_cross_paper,0.5,0.7901373953996917,1.0,0.7633791317998972
N9_E11a_T12b_text_based,N9,E11a,T12b,text_based,11.156850622992046,toys_agg_015,aggregate_cross_paper,1.0,0.7929988547641921,1.0,0.9309996182547308
N9_E11a_T12b_text_based,N9,E11a,T12b,text_based,11.156850622992046,toys_agg_026,aggregate_cross_paper,1.0,0.6474319436071707,1.0,0.8824773145357235
N9_E11a_T12b_text_based,N9,E11a,T12b,text_based,11.156850622992046,toys_agg_017,aggregate_cross_paper,0.5,0.5589050254764089,1.0,0.6863016751588029
N9_E11a_T12b_text_based,N9,E11a,T12b,text_based,11.156850622992046,toys_agg_008,aggregate_cross_paper,1.0,0.4948702023429323,0.5,0.6649567341143108
N9_E11a_T12b_text_based,N9,E11a,T12b,text_based,11.156850622992046,toys_agg_009,aggregate_cross_paper,0.6666666666666666,0.6504722246104707,1.0,0.7723796304257124
N9_E11a_T12b_text_based,N9,E11a,T12b,text_based,11.156850622992046,toys_agg_019,aggregate_cross_paper,0.5714285714285714,0.6322058745352437,1.0,0.7345448153212718
N9_E11a_T12b_text_based,N9,E11a,T12b,text_based,11.156850622992046,toys_edge_015,edge_multihop,1.0,0.0,0.5,0.5
N9_E11a_T12b_text_based,N9,E11a,T12b,text_based,11.156850622992046,toys_edge_019,edge_multihop,0.6666666666666666,0.8869733130879197,0.5,0.6845466599181954
N9_E11a_T12b_text_based,N9,E11a,T12b,text_based,11.156850622992046,toys_edge_027,edge_multihop,1.0,0.8970457437608564,0.5,0.7990152479202854
N9_E11a_T12b_text_based,N9,E11a,T12b,text_based,11.156850622992046,toys_edge_026,edge_multihop,1.0,0.7956886314544148,0.0,0.5985628771514716
N9_E11a_T12b_text_based,N9,E11a,T12b,text_based,11.156850622992046,toys_edge_008,edge_multihop,1.0,0.8926302624875261,1.0,0.964210087495842
N9_E11a_T12b_text_based,N9,E11a,T12b,text_based,11.156850622992046,toys_edge_024,edge_multihop,1.0,0.8106617739273613,1.0,0.9368872579757871
N9_E11a_T12e_text_based,N9,E11a,T12e,text_based,10.99420113198613,toys_sh_026,single_specific,1.0,0.8965607594988153,1.0,0.9655202531662718
N9_E11a_T12e_text_based,N9,E11a,T12e,text_based,10.99420113198613,toys_sh_013,single_specific,1.0,0.8423163386242987,0.75,0.8641054462080996
N9_E11a_T12e_text_based,N9,E11a,T12e,text_based,10.99420113198613,toys_sh_024,single_specific,1.0,0.5972360879462736,1.0,0.8657453626487578
N9_E11a_T12e_text_based,N9,E11a,T12e,text_based,10.99420113198613,toys_sh_021,single_specific,1.0,0.9999996820202309,1.0,0.9999998940067436
N9_E11a_T12e_text_based,N9,E11a,T12e,text_based,10.99420113198613,toys_sh_015,single_specific,1.0,0.9795701192486593,0.5,0.8265233730828864
N9_E11a_T12e_text_based,N9,E11a,T12e,text_based,10.99420113198613,toys_sh_029,single_specific,1.0,0.70959483321946,1.0,0.9031982777398201
N9_E11a_T12e_text_based,N9,E11a,T12e,text_based,10.99420113198613,toys_sh_019,single_specific,1.0,0.9000299684128731,1.0,0.9666766561376243
N9_E11a_T12e_text_based,N9,E11a,T12e,text_based,10.99420113198613,toys_agg_031,aggregate_cross_paper,0.2,0.763368581638983,1.0,0.654456193879661
N9_E11a_T12e_text_based,N9,E11a,T12e,text_based,10.99420113198613,toys_agg_015,aggregate_cross_paper,1.0,0.7929980359629915,1.0,0.9309993453209972
N9_E11a_T12e_text_based,N9,E11a,T12e,text_based,10.99420113198613,toys_agg_026,aggregate_cross_paper,1.0,0.6474319436071707,1.0,0.8824773145357235
N9_E11a_T12e_text_based,N9,E11a,T12e,text_based,10.99420113198613,toys_agg_017,aggregate_cross_paper,0.5,0.5589134452198151,1.0,0.6863044817399384
N9_E11a_T12e_text_based,N9,E11a,T12e,text_based,10.99420113198613,toys_agg_008,aggregate_cross_paper,1.0,0.49478004601895825,0.5,0.6649266820063194
N9_E11a_T12e_text_based,N9,E11a,T12e,text_based,10.99420113198613,toys_agg_009,aggregate_cross_paper,0.6666666666666666,0.6552345531865859,1.0,0.7739670732844175
N9_E11a_T12e_text_based,N9,E11a,T12e,text_based,10.99420113198613,toys_agg_019,aggregate_cross_paper,0.5714285714285714,0.6248929794601389,1.0,0.7321071836295702
N9_E11a_T12e_text_based,N9,E11a,T12e,text_based,10.99420113198613,toys_edge_015,edge_multihop,1.0,0.0,0.5,0.5
N9_E11a_T12e_text_based,N9,E11a,T12e,text_based,10.99420113198613,toys_edge_019,edge_multihop,0.6666666666666666,0.8869924594176316,0.5,0.6845530420280994
N9_E11a_T12e_text_based,N9,E11a,T12e,text_based,10.99420113198613,toys_edge_027,edge_multihop,1.0,0.8970457437608564,0.5,0.7990152479202854
N9_E11a_T12e_text_based,N9,E11a,T12e,text_based,10.99420113198613,toys_edge_026,edge_multihop,1.0,0.7957600101435971,0.0,0.5985866700478657
N9_E11a_T12e_text_based,N9,E11a,T12e,text_based,10.99420113198613,toys_edge_008,edge_multihop,1.0,0.8849788495736831,1.0,0.9616596165245611
N9_E11a_T12e_text_based,N9,E11a,T12e,text_based,10.99420113198613,toys_edge_024,edge_multihop,1.0,0.8108722733847523,1.0,0.9369574244615841
N9_E11b_T12a_text_based,N9,E11b,T12a,text_based,10.97227510157205,toys_sh_026,single_specific,1.0,0.9910455283827667,0.0,0.6636818427942556
N9_E11b_T12a_text_based,N9,E11b,T12a,text_based,10.97227510157205,toys_sh_013,single_specific,1.0,0.7725101270086888,0.0,0.5908367090028963
N9_E11b_T12a_text_based,N9,E11b,T12a,text_based,10.97227510157205,toys_sh_024,single_specific,0.6666666666666666,0.0,0.0,0.2222222222222222
N9_E11b_T12a_text_based,N9,E11b,T12a,text_based,10.97227510157205,toys_sh_021,single_specific,1.0,0.0,0.0,0.3333333333333333
N9_E11b_T12a_text_based,N9,E11b,T12a,text_based,10.97227510157205,toys_sh_015,single_specific,0.5,0.9166155115443148,1.0,0.8055385038481049
N9_E11b_T12a_text_based,N9,E11b,T12a,text_based,10.97227510157205,toys_sh_029,single_specific,1.0,0.0,0.0,0.3333333333333333
N9_E11b_T12a_text_based,N9,E11b,T12a,text_based,10.97227510157205,toys_sh_019,single_specific,1.0,0.0,0.0,0.3333333333333333
N9_E11b_T12a_text_based,N9,E11b,T12a,text_based,10.97227510157205,toys_agg_031,aggregate_cross_paper,0.5,0.7968301892479864,0.5,0.5989433964159955
N9_E11b_T12a_text_based,N9,E11b,T12a,text_based,10.97227510157205,toys_agg_015,aggregate_cross_paper,1.0,0.3198767442191914,0.5,0.6066255814063971
N9_E11b_T12a_text_based,N9,E11b,T12a,text_based,10.97227510157205,toys_agg_026,aggregate_cross_paper,0.3333333333333333,0.5353175333738224,0.5,0.4562169555690519
N9_E11b_T12a_text_based,N9,E11b,T12a,text_based,10.97227510157205,toys_agg_017,aggregate_cross_paper,0.3333333333333333,0.3694758647941811,0.0,0.23426973270917148
N9_E11b_T12a_text_based,N9,E11b,T12a,text_based,10.97227510157205,toys_agg_008,aggregate_cross_paper,0.8333333333333334,0.8133194915423342,0.5,0.7155509416252226
N9_E11b_T12a_text_based,N9,E11b,T12a,text_based,10.97227510157205,toys_agg_009,aggregate_cross_paper,1.0,0.7953694410702258,1.0,0.9317898136900752
N9_E11b_T12a_text_based,N9,E11b,T12a,text_based,10.97227510157205,toys_agg_019,aggregate_cross_paper,0.5,0.5190052647279061,0.5,0.5063350882426354
N9_E11b_T12a_text_based,N9,E11b,T12a,text_based,10.97227510157205,toys_edge_015,edge_multihop,1.0,0.0,0.0,0.3333333333333333
N9_E11b_T12a_text_based,N9,E11b,T12a,text_based,10.97227510157205,toys_edge_019,edge_multihop,1.0,0.0,0.0,0.3333333333333333
N9_E11b_T12a_text_based,N9,E11b,T12a,text_based,10.97227510157205,toys_edge_027,edge_multihop,1.0,0.0,0.0,0.3333333333333333
N9_E11b_T12a_text_based,N9,E11b,T12a,text_based,10.97227510157205,toys_edge_026,edge_multihop,0.6666666666666666,0.0,0.0,0.2222222222222222
N9_E11b_T12a_text_based,N9,E11b,T12a,text_based,10.97227510157205,toys_edge_008,edge_multihop,1.0,0.0,0.0,0.3333333333333333
N9_E11b_T12a_text_based,N9,E11b,T12a,text_based,10.97227510157205,toys_edge_024,edge_multihop,1.0,0.0,0.0,0.3333333333333333
N9_E11b_T12b_text_based,N9,E11b,T12b,text_based,11.08218489095088,toys_sh_026,single_specific,1.0,0.9215576868246752,0.0,0.6405192289415584
N9_E11b_T12b_text_based,N9,E11b,T12b,text_based,11.08218489095088,toys_sh_013,single_specific,1.0,0.7724949027981706,0.0,0.5908316342660568
N9_E11b_T12b_text_based,N9,E11b,T12b,text_based,11.08218489095088,toys_sh_024,single_specific,1.0,0.0,0.0,0.3333333333333333
N9_E11b_T12b_text_based,N9,E11b,T12b,text_based,11.08218489095088,toys_sh_021,single_specific,1.0,0.0,0.0,0.3333333333333333
N9_E11b_T12b_text_based,N9,E11b,T12b,text_based,11.08218489095088,toys_sh_015,single_specific,0.5,0.9171417758687817,1.0,0.8057139252895938
N9_E11b_T12b_text_based,N9,E11b,T12b,text_based,11.08218489095088,toys_sh_029,single_specific,1.0,0.0,0.0,0.3333333333333333
N9_E11b_T12b_text_based,N9,E11b,T12b,text_based,11.08218489095088,toys_sh_019,single_specific,1.0,0.8280323934630062,0.0,0.6093441311543354
N9_E11b_T12b_text_based,N9,E11b,T12b,text_based,11.08218489095088,toys_agg_031,aggregate_cross_paper,0.5,0.796869216992307,0.5,0.5989564056641022
N9_E11b_T12b_text_based,N9,E11b,T12b,text_based,11.08218489095088,toys_agg_015,aggregate_cross_paper,0.875,0.2962236499124293,0.5,0.5570745499708097
N9_E11b_T12b_text_based,N9,E11b,T12b,text_based,11.08218489095088,toys_agg_026,aggregate_cross_paper,0.6666666666666666,0.5353605030792655,0.5,0.5673423899153107
N9_E11b_T12b_text_based,N9,E11b,T12b,text_based,11.08218489095088,toys_agg_017,aggregate_cross_paper,0.3333333333333333,0.3694758647941811,0.0,0.23426973270917148
N9_E11b_T12b_text_based,N9,E11b,T12b,text_based,11.08218489095088,toys_agg_008,aggregate_cross_paper,0.6666666666666666,0.8133687241208284,0.5,0.660011796929165
N9_E11b_T12b_text_based,N9,E11b,T12b,text_based,11.08218489095088,toys_agg_009,aggregate_cross_paper,0.8333333333333334,0.7953694410702258,1.0,0.8762342581345197
N9_E11b_T12b_text_based,N9,E11b,T12b,text_based,11.08218489095088,toys_agg_019,aggregate_cross_paper,0.6,0.7056780947486537,0.5,0.6018926982495513
N9_E11b_T12b_text_based,N9,E11b,T12b,text_based,11.08218489095088,toys_edge_015,edge_multihop,1.0,0.0,0.0,0.3333333333333333
N9_E11b_T12b_text_based,N9,E11b,T12b,text_based,11.08218489095088,toys_edge_019,edge_multihop,1.0,0.0,0.0,0.3333333333333333
N9_E11b_T12b_text_based,N9,E11b,T12b,text_based,11.08218489095088,toys_edge_027,edge_multihop,1.0,0.0,0.0,0.3333333333333333
N9_E11b_T12b_text_based,N9,E11b,T12b,text_based,11.08218489095088,toys_edge_026,edge_multihop,0.6666666666666666,0.0,0.0,0.2222222222222222
N9_E11b_T12b_text_based,N9,E11b,T12b,text_based,11.08218489095088,toys_edge_008,edge_multihop,1.0,0.0,0.0,0.3333333333333333
N9_E11b_T12b_text_based,N9,E11b,T12b,text_based,11.08218489095088,toys_edge_024,edge_multihop,0.75,0.0,0.0,0.25
N9_E11b_T12e_text_based,N9,E11b,T12e,text_based,10.951700713396106,toys_sh_026,single_specific,1.0,0.9910455283827667,0.0,0.6636818427942556
N9_E11b_T12e_text_based,N9,E11b,T12e,text_based,10.951700713396106,toys_sh_013,single_specific,1.0,0.7725101270086888,0.0,0.5908367090028963
N9_E11b_T12e_text_based,N9,E11b,T12e,text_based,10.951700713396106,toys_sh_024,single_specific,0.6666666666666666,0.0,0.0,0.2222222222222222
N9_E11b_T12e_text_based,N9,E11b,T12e,text_based,10.951700713396106,toys_sh_021,single_specific,1.0,0.0,0.0,0.3333333333333333
N9_E11b_T12e_text_based,N9,E11b,T12e,text_based,10.951700713396106,toys_sh_015,single_specific,0.5,0.9235575512665662,1.0,0.8078525170888554
N9_E11b_T12e_text_based,N9,E11b,T12e,text_based,10.951700713396106,toys_sh_029,single_specific,1.0,0.0,0.0,0.3333333333333333
N9_E11b_T12e_text_based,N9,E11b,T12e,text_based,10.951700713396106,toys_sh_019,single_specific,0.5,0.0,0.0,0.16666666666666666
N9_E11b_T12e_text_based,N9,E11b,T12e,text_based,10.951700713396106,toys_agg_031,aggregate_cross_paper,0.5,0.7968301892479864,0.5,0.5989433964159955
N9_E11b_T12e_text_based,N9,E11b,T12e,text_based,10.951700713396106,toys_agg_015,aggregate_cross_paper,0.75,0.29631193559020086,0.5,0.5154373118634002
N9_E11b_T12e_text_based,N9,E11b,T12e,text_based,10.951700713396106,toys_agg_026,aggregate_cross_paper,0.5,0.5353396661873031,0.5,0.5117798887291011
N9_E11b_T12e_text_based,N9,E11b,T12e,text_based,10.951700713396106,toys_agg_017,aggregate_cross_paper,0.3333333333333333,0.3694758647941811,0.0,0.23426973270917148
N9_E11b_T12e_text_based,N9,E11b,T12e,text_based,10.951700713396106,toys_agg_008,aggregate_cross_paper,0.75,0.811949494341803,0.5,0.6873164981139342
N9_E11b_T12e_text_based,N9,E11b,T12e,text_based,10.951700713396106,toys_agg_009,aggregate_cross_paper,0.8333333333333334,0.7953724332063993,1.0,0.8762352555132442
N9_E11b_T12e_text_based,N9,E11b,T12e,text_based,10.951700713396106,toys_agg_019,aggregate_cross_paper,0.6666666666666666,0.4799556515282133,0.5,0.54887410606496
N9_E11b_T12e_text_based,N9,E11b,T12e,text_based,10.951700713396106,toys_edge_015,edge_multihop,1.0,0.0,0.0,0.3333333333333333
N9_E11b_T12e_text_based,N9,E11b,T12e,text_based,10.951700713396106,toys_edge_019,edge_multihop,1.0,0.0,0.0,0.3333333333333333
N9_E11b_T12e_text_based,N9,E11b,T12e,text_based,10.951700713396106,toys_edge_027,edge_multihop,1.0,0.0,0.0,0.3333333333333333
N9_E11b_T12e_text_based,N9,E11b,T12e,text_based,10.951700713396106,toys_edge_026,edge_multihop,1.0,0.0,0.0,0.3333333333333333
N9_E11b_T12e_text_based,N9,E11b,T12e,text_based,10.951700713396106,toys_edge_008,edge_multihop,1.0,0.0,0.0,0.3333333333333333
N9_E11b_T12e_text_based,N9,E11b,T12e,text_based,10.951700713396106,toys_edge_024,edge_multihop,1.0,0.0,0.0,0.3333333333333333
