variant,node_type,question_id,question_subtype,scale,faithfulness,answer_relevance,context_relevance,composite
N7_E10b_T12a,N7,arxiv_sh_000,single_specific,C,0.0,0.0,1.0,0.3333333333333333
N7_E10b_T12a,N7,arxiv_sh_001,single_specific,C,1.0,0.9243040881903882,1.0,0.9747680293967961
N7_E10b_T12a,N7,arxiv_sh_002,single_specific,C,1.0,0.8587441312755876,0.5,0.7862480437585292
N7_E10b_T12a,N7,arxiv_sh_003,single_specific,C,1.0,0.6943938184102393,1.0,0.8981312728034131
N7_E10b_T12a,N7,arxiv_sh_004,single_specific,C,1.0,0.0,1.0,0.6666666666666666
N7_E10b_T12a,N7,arxiv_sh_005,single_specific,C,1.0,0.8120082120764135,1.0,0.9373360706921378
N7_E10b_T12a,N7,arxiv_sh_006,single_specific,C,0.5,0.0,1.0,0.5
N7_E10b_T12a,N7,arxiv_sh_007,single_specific,C,0.75,0.9906204595268212,0.0,0.5802068198422737
N7_E10b_T12a,N7,arxiv_sh_008,single_specific,C,0.0,0.0,1.0,0.3333333333333333
N7_E10b_T12a,N7,arxiv_sh_009,single_specific,C,1.0,0.9447813719453736,1.0,0.9815937906484579
N7_E10b_T12a,N7,arxiv_sh_010,single_specific,C,1.0,0.0,0.0,0.3333333333333333
N7_E10b_T12a,N7,arxiv_sh_011,single_specific,C,1.0,0.917633852382216,1.0,0.9725446174607386
N7_E10b_T12a,N7,arxiv_sh_012,single_specific,C,1.0,0.6919286135084454,1.0,0.8973095378361484
N7_E10b_T12a,N7,arxiv_sh_013,single_specific,C,1.0,1.0,1.0,1.0
N7_E10b_T12a,N7,arxiv_sh_014,single_specific,C,1.0,0.8251459126023946,1.0,0.9417153042007982
N7_E10b_T12a,N7,arxiv_sh_015,single_specific,C,1.0,0.957584221920872,0.75,0.902528073973624
N7_E10b_T12a,N7,arxiv_sh_016,single_specific,C,1.0,0.9332246982422401,1.0,0.9777415660807467
N7_E10b_T12a,N7,arxiv_sh_017,single_specific,C,1.0,0.8278031542949839,1.0,0.9426010514316613
N7_E10b_T12a,N7,arxiv_sh_018,single_specific,C,1.0,0.8325201535050263,1.0,0.9441733845016754
N7_E10b_T12a,N7,arxiv_sh_019,single_specific,C,0.25,0.9999996833837722,1.0,0.7499998944612574
N7_E10b_T12a,N7,arxiv_sh_020,single_specific,C,1.0,0.9812092594581533,1.0,0.9937364198193844
N7_E10b_T12a,N7,arxiv_sh_021,single_specific,C,1.0,0.42232233611409886,1.0,0.8074407787046995
N7_E10b_T12a,N7,arxiv_sh_022,single_specific,C,1.0,0.9420758330599172,1.0,0.9806919443533056
N7_E10b_T12a,N7,arxiv_sh_023,single_specific,C,1.0,0.8318427190973191,1.0,0.9439475730324397
N7_E10b_T12a,N7,arxiv_sh_024,single_specific,C,1.0,0.9250945475592252,1.0,0.975031515853075
N7_E10b_T12a,N7,arxiv_sh_025,single_specific,C,0.6,0.8549045517803092,1.0,0.8183015172601031
N7_E10b_T12a,N7,arxiv_sh_026,single_specific,C,0.0,0.9102472999652048,1.0,0.6367490999884016
N7_E10b_T12a,N7,arxiv_sh_027,single_specific,C,1.0,0.8451721008648949,0.0,0.6150573669549649
N7_E10b_T12a,N7,arxiv_sh_028,single_specific,C,0.75,0.9186132089241821,1.0,0.8895377363080607
N7_E10b_T12a,N7,arxiv_sh_029,single_specific,C,1.0,0.9684900199521876,1.0,0.9894966733173959
N7_E10b_T12a,N7,arxiv_sh_030,single_specific,C,1.0,0.952135587020794,1.0,0.9840451956735979
N7_E10b_T12a,N7,arxiv_sh_031,single_specific,C,1.0,0.9668504686888894,1.0,0.9889501562296298
N7_E10b_T12a,N7,arxiv_sh_032,single_specific,C,0.8333333333333334,0.8129045722637817,1.0,0.8820793018657049
N7_E10b_T12a,N7,arxiv_sh_033,single_specific,C,1.0,0.8563546724997056,0.0,0.6187848908332353
N7_E10b_T12a,N7,arxiv_sh_034,single_specific,C,1.0,0.9803398705965775,1.0,0.9934466235321925
N7_E10b_T12a,N7,arxiv_agg_000,aggregate_cross_paper,C,1.0,0.7123737319266087,1.0,0.9041245773088695
N7_E10b_T12a,N7,arxiv_agg_001,aggregate_cross_paper,C,1.0,0.0,0.0,0.3333333333333333
N7_E10b_T12a,N7,arxiv_agg_002,aggregate_cross_paper,C,0.2857142857142857,0.0,0.0,0.09523809523809523
N7_E10b_T12a,N7,arxiv_agg_003,aggregate_cross_paper,C,0.625,0.7843038437648172,0.0,0.4697679479216057
N7_E10b_T12a,N7,arxiv_agg_004,aggregate_cross_paper,C,1.0,0.704269065836067,1.0,0.9014230219453556
N7_E10b_T12a,N7,arxiv_agg_005,aggregate_cross_paper,C,1.0,0.7981051035647976,1.0,0.9327017011882659
N7_E10b_T12a,N7,arxiv_agg_006,aggregate_cross_paper,C,0.42857142857142855,0.7045118843230279,0.5,0.5443611042981521
N7_E10b_T12a,N7,arxiv_agg_007,aggregate_cross_paper,C,1.0,0.7593424616171527,1.0,0.9197808205390509
N7_E10b_T12a,N7,arxiv_agg_008,aggregate_cross_paper,C,0.7777777777777778,0.7668775856400528,1.0,0.8482184544726102
N7_E10b_T12a,N7,arxiv_agg_009,aggregate_cross_paper,C,0.42857142857142855,0.9386059155781408,0.5,0.6223924480498565
N7_E10b_T12a,N7,arxiv_agg_010,aggregate_cross_paper,C,0.8571428571428571,0.8132903236005609,1.0,0.8901443935811394
N7_E10b_T12a,N7,arxiv_agg_011,aggregate_cross_paper,C,1.0,0.0,0.5,0.5
N7_E10b_T12a,N7,arxiv_agg_012,aggregate_cross_paper,C,1.0,0.5250511184303766,0.0,0.5083503728101255
N7_E10b_T12a,N7,arxiv_agg_013,aggregate_cross_paper,C,1.0,0.7633153024381021,1.0,0.9211051008127007
N7_E10b_T12a,N7,arxiv_agg_014,aggregate_cross_paper,C,0.75,0.0,0.0,0.25
N7_E10b_T12a,N7,arxiv_agg_015,aggregate_cross_paper,C,0.8888888888888888,0.0,0.5,0.46296296296296297
N7_E10b_T12a,N7,arxiv_agg_016,aggregate_cross_paper,C,1.0,0.0,0.0,0.3333333333333333
N7_E10b_T12a,N7,arxiv_agg_017,aggregate_cross_paper,C,0.0,0.9376170395037923,0.5,0.4792056798345974
N7_E10b_T12a,N7,arxiv_agg_018,aggregate_cross_paper,C,0.875,0.7051621378904015,0.5,0.6933873792968005
N7_E10b_T12a,N7,arxiv_agg_019,aggregate_cross_paper,C,1.0,0.6153200263994011,0.0,0.5384400087998004
N7_E10b_T12a,N7,arxiv_agg_020,aggregate_cross_paper,C,1.0,0.7244144481366139,0.5,0.7414714827122046
N7_E10b_T12a,N7,arxiv_agg_021,aggregate_cross_paper,C,0.75,0.9311986561758797,0.0,0.5603995520586266
N7_E10b_T12a,N7,arxiv_agg_022,aggregate_cross_paper,C,0.625,0.45185729730920393,0.5,0.5256190991030679
N7_E10b_T12a,N7,arxiv_agg_023,aggregate_cross_paper,C,1.0,0.0,0.0,0.3333333333333333
N7_E10b_T12a,N7,arxiv_agg_024,aggregate_cross_paper,C,0.75,0.81474260036376,1.0,0.8549142001212533
N7_E10b_T12a,N7,arxiv_agg_025,aggregate_cross_paper,C,1.0,0.0,0.0,0.3333333333333333
N7_E10b_T12a,N7,arxiv_agg_026,aggregate_cross_paper,C,1.0,0.0,0.0,0.3333333333333333
N7_E10b_T12a,N7,arxiv_agg_027,aggregate_cross_paper,C,1.0,0.0,0.0,0.3333333333333333
N7_E10b_T12a,N7,arxiv_agg_028,aggregate_cross_paper,C,0.8571428571428571,0.5666048699859381,0.0,0.47458257570959833
N7_E10b_T12a,N7,arxiv_agg_029,aggregate_cross_paper,C,1.0,0.5960221420140734,1.0,0.8653407140046911
N7_E10b_T12a,N7,arxiv_agg_030,aggregate_cross_paper,C,0.6666666666666666,0.6331045510180474,0.0,0.43325707256157137
N7_E10b_T12a,N7,arxiv_agg_031,aggregate_cross_paper,C,1.0,0.7516830373520014,0.5,0.7505610124506671
N7_E10b_T12a,N7,arxiv_agg_032,aggregate_cross_paper,C,0.9,0.825076823574996,1.0,0.9083589411916654
N7_E10b_T12a,N7,arxiv_edge_000,edge_multihop,C,1.0,0.631080605692112,1.0,0.8770268685640373
N7_E10b_T12a,N7,arxiv_edge_001,edge_multihop,C,0.625,0.8637639720015985,0.5,0.6629213240005328
N7_E10b_T12a,N7,arxiv_edge_002,edge_multihop,C,0.5555555555555556,0.7690997861946623,0.0,0.44155178058340594
N7_E10b_T12a,N7,arxiv_edge_003,edge_multihop,C,0.2,0.8115921647750182,0.0,0.3371973882583394
N7_E10b_T12a,N7,arxiv_edge_004,edge_multihop,C,0.2,0.6292960040323452,0.0,0.27643200134411505
N7_E10b_T12a,N7,arxiv_edge_005,edge_multihop,C,0.7777777777777778,0.7263876364771318,0.0,0.5013884714183031
N7_E10b_T12a,N7,arxiv_edge_006,edge_multihop,C,0.7142857142857143,0.7987366591350106,0.0,0.5043407911402417
N7_E10b_T12a,N7,arxiv_edge_007,edge_multihop,C,0.6,0.6673686934311206,0.5,0.5891228978103735
N7_E10b_T12a,N7,arxiv_edge_008,edge_multihop,C,0.0,0.8517722985951081,0.5,0.4505907661983694
N7_E10b_T12a,N7,arxiv_edge_009,edge_multihop,C,0.5,0.8584857457746944,0.0,0.4528285819248981
N7_E10b_T12a,N7,arxiv_edge_010,edge_multihop,C,0.25,0.7393914391363826,0.5,0.4964638130454609
N7_E10b_T12a,N7,arxiv_edge_011,edge_multihop,C,1.0,0.0,0.0,0.3333333333333333
N7_E10b_T12a,N7,arxiv_edge_012,edge_multihop,C,0.6666666666666666,0.8453336670905406,0.0,0.5040001112524024
N7_E10b_T12a,N7,arxiv_edge_013,edge_multihop,C,1.0,0.8085325592980476,0.0,0.6028441864326824
N7_E10b_T12a,N7,arxiv_edge_014,edge_multihop,C,0.6666666666666666,0.5665413483978544,0.25,0.4944026716881737
N7_E10b_T12a,N7,arxiv_edge_015,edge_multihop,C,0.6,0.8512252959876685,1.0,0.8170750986625562
N7_E10b_T12a,N7,arxiv_edge_016,edge_multihop,C,0.8888888888888888,0.775465910625411,0.0,0.5547849331714333
N7_E10b_T12a,N7,arxiv_edge_017,edge_multihop,C,0.4444444444444444,0.5405701256886928,0.0,0.3283381900443791
N7_E10b_T12a,N7,arxiv_edge_018,edge_multihop,C,0.8333333333333334,0.8058265057312125,0.0,0.5463866130215153
N7_E10b_T12a,N7,arxiv_edge_019,edge_multihop,C,0.6,0.8654565227053338,0.75,0.7384855075684446
N7_E10b_T12a,N7,arxiv_edge_020,edge_multihop,C,1.0,0.8735145553688689,1.0,0.9578381851229563
N7_E10b_T12a,N7,arxiv_edge_021,edge_multihop,C,0.5714285714285714,0.785998156821344,0.5,0.6191422427499718
N7_E10b_T12a,N7,arxiv_edge_022,edge_multihop,C,0.75,0.7044214653878381,0.0,0.48480715512927935
N7_E10b_T12a,N7,arxiv_edge_023,edge_multihop,C,0.4,0.7542404465255323,1.0,0.7180801488418441
N7_E10b_T12a,N7,arxiv_edge_024,edge_multihop,C,1.0,0.0,0.0,0.3333333333333333
N7_E10b_T12a,N7,arxiv_edge_025,edge_multihop,C,0.7142857142857143,0.8175724210611959,0.0,0.5106193784489701
N7_E10b_T12a,N7,arxiv_edge_026,edge_multihop,C,0.875,0.820135619331388,1.0,0.8983785397771293
N7_E10b_T12a,N7,arxiv_edge_027,edge_multihop,C,0.42857142857142855,0.6766735619013834,0.25,0.45174833015760396
N7_E10b_T12a,N7,arxiv_edge_028,edge_multihop,C,0.8333333333333334,0.665305445868933,0.0,0.4995462597340888
N7_E10b_T12a,N7,arxiv_edge_029,edge_multihop,C,0.7142857142857143,0.7402425929152782,0.0,0.48484276906699747
N7_E10b_T12a,N7,arxiv_edge_030,edge_multihop,C,0.6666666666666666,0.0,0.5,0.38888888888888884
N7_E10b_T12a,N7,arxiv_edge_031,edge_multihop,C,0.42857142857142855,0.882304977531272,0.5,0.6036254687009002
N7_E10b_T12a,N7,arxiv_edge_032,edge_multihop,C,0.4,0.0,0.0,0.13333333333333333
N7_E10b_T12a,N7,arxiv_edge_033,edge_multihop,C,0.5714285714285714,0.8593008900373277,0.5,0.6435764871552997
N7_E10b_T12b,N7,arxiv_sh_000,single_specific,C,0.0,0.0,1.0,0.3333333333333333
N7_E10b_T12b,N7,arxiv_sh_001,single_specific,C,1.0,0.9243040881903882,1.0,0.9747680293967961
N7_E10b_T12b,N7,arxiv_sh_002,single_specific,C,1.0,0.8616292865567962,0.5,0.7872097621855988
N7_E10b_T12b,N7,arxiv_sh_003,single_specific,C,1.0,0.6943473221389912,1.0,0.8981157740463304
N7_E10b_T12b,N7,arxiv_sh_004,single_specific,C,1.0,0.739520054591741,1.0,0.9131733515305803
N7_E10b_T12b,N7,arxiv_sh_005,single_specific,C,1.0,0.8119855029421367,1.0,0.9373285009807123
N7_E10b_T12b,N7,arxiv_sh_006,single_specific,C,0.5,0.0,1.0,0.5
N7_E10b_T12b,N7,arxiv_sh_007,single_specific,C,1.0,0.9906204595268212,0.0,0.6635401531756071
N7_E10b_T12b,N7,arxiv_sh_008,single_specific,C,0.0,0.0,1.0,0.3333333333333333
N7_E10b_T12b,N7,arxiv_sh_009,single_specific,C,1.0,0.5455886710315664,1.0,0.8485295570105221
N7_E10b_T12b,N7,arxiv_sh_010,single_specific,C,1.0,0.0,0.0,0.3333333333333333
N7_E10b_T12b,N7,arxiv_sh_011,single_specific,C,1.0,0.9614316485182849,1.0,0.9871438828394283
N7_E10b_T12b,N7,arxiv_sh_012,single_specific,C,1.0,0.8163225197151857,1.0,0.9387741732383952
N7_E10b_T12b,N7,arxiv_sh_013,single_specific,C,1.0,0.9999996003388004,1.0,0.9999998667796001
N7_E10b_T12b,N7,arxiv_sh_014,single_specific,C,1.0,0.8251332964945753,1.0,0.941711098831525
N7_E10b_T12b,N7,arxiv_sh_015,single_specific,C,1.0,0.957584221920872,0.75,0.902528073973624
N7_E10b_T12b,N7,arxiv_sh_016,single_specific,C,0.3333333333333333,0.9332250677567138,1.0,0.7555194670300157
N7_E10b_T12b,N7,arxiv_sh_017,single_specific,C,1.0,0.8278025551986213,1.0,0.9426008517328738
N7_E10b_T12b,N7,arxiv_sh_018,single_specific,C,1.0,0.0,1.0,0.6666666666666666
N7_E10b_T12b,N7,arxiv_sh_019,single_specific,C,0.25,0.9999996833837722,1.0,0.7499998944612574
N7_E10b_T12b,N7,arxiv_sh_020,single_specific,C,1.0,0.9805711854873538,1.0,0.9935237284957846
N7_E10b_T12b,N7,arxiv_sh_021,single_specific,C,1.0,0.42227423839882744,1.0,0.8074247461329426
N7_E10b_T12b,N7,arxiv_sh_022,single_specific,C,1.0,0.9420888176348906,1.0,0.9806962725449635
N7_E10b_T12b,N7,arxiv_sh_023,single_specific,C,1.0,0.8318416781316568,1.0,0.9439472260438856
N7_E10b_T12b,N7,arxiv_sh_024,single_specific,C,1.0,0.9365395788800835,1.0,0.9788465262933612
N7_E10b_T12b,N7,arxiv_sh_025,single_specific,C,0.6,0.8549045517803092,1.0,0.8183015172601031
N7_E10b_T12b,N7,arxiv_sh_026,single_specific,C,0.0,0.9102472999652048,1.0,0.6367490999884016
N7_E10b_T12b,N7,arxiv_sh_027,single_specific,C,1.0,0.8451721008648949,0.0,0.6150573669549649
N7_E10b_T12b,N7,arxiv_sh_028,single_specific,C,0.75,0.9186132089241821,1.0,0.8895377363080607
N7_E10b_T12b,N7,arxiv_sh_029,single_specific,C,1.0,0.9451407382621335,1.0,0.9817135794207111
N7_E10b_T12b,N7,arxiv_sh_030,single_specific,C,1.0,0.9508278846730734,1.0,0.9836092948910244
N7_E10b_T12b,N7,arxiv_sh_031,single_specific,C,1.0,0.9667705889549284,1.0,0.9889235296516428
N7_E10b_T12b,N7,arxiv_sh_032,single_specific,C,1.0,0.8129237603597564,1.0,0.9376412534532522
N7_E10b_T12b,N7,arxiv_sh_033,single_specific,C,1.0,0.8563264925723849,0.0,0.6187754975241283
N7_E10b_T12b,N7,arxiv_sh_034,single_specific,C,1.0,0.9803398705965775,1.0,0.9934466235321925
N7_E10b_T12b,N7,arxiv_agg_000,aggregate_cross_paper,C,1.0,0.7555769554627888,1.0,0.9185256518209296
N7_E10b_T12b,N7,arxiv_agg_001,aggregate_cross_paper,C,1.0,0.0,0.0,0.3333333333333333
N7_E10b_T12b,N7,arxiv_agg_002,aggregate_cross_paper,C,0.8571428571428571,0.0,0.0,0.2857142857142857
N7_E10b_T12b,N7,arxiv_agg_003,aggregate_cross_paper,C,0.42857142857142855,0.7842521423845003,0.0,0.40427452365197625
N7_E10b_T12b,N7,arxiv_agg_004,aggregate_cross_paper,C,1.0,0.7222772289008637,1.0,0.9074257429669546
N7_E10b_T12b,N7,arxiv_agg_005,aggregate_cross_paper,C,0.6363636363636364,0.79812679276012,1.0,0.8114968097079188
N7_E10b_T12b,N7,arxiv_agg_006,aggregate_cross_paper,C,0.3333333333333333,0.7045118843230279,0.5,0.5126150725521205
N7_E10b_T12b,N7,arxiv_agg_007,aggregate_cross_paper,C,1.0,0.7593424616171527,1.0,0.9197808205390509
N7_E10b_T12b,N7,arxiv_agg_008,aggregate_cross_paper,C,0.6666666666666666,0.7668775856400528,1.0,0.8111814174355731
N7_E10b_T12b,N7,arxiv_agg_009,aggregate_cross_paper,C,0.42857142857142855,0.9386215901284293,0.5,0.6223976728999526
N7_E10b_T12b,N7,arxiv_agg_010,aggregate_cross_paper,C,0.6666666666666666,0.8132903236005609,1.0,0.8266523300890758
N7_E10b_T12b,N7,arxiv_agg_011,aggregate_cross_paper,C,1.0,0.0,0.75,0.5833333333333334
N7_E10b_T12b,N7,arxiv_agg_012,aggregate_cross_paper,C,0.75,0.7649654481748848,0.0,0.5049884827249617
N7_E10b_T12b,N7,arxiv_agg_013,aggregate_cross_paper,C,1.0,0.7633280869121988,1.0,0.9211093623040663
N7_E10b_T12b,N7,arxiv_agg_014,aggregate_cross_paper,C,1.0,0.0,0.0,0.3333333333333333
N7_E10b_T12b,N7,arxiv_agg_015,aggregate_cross_paper,C,0.7777777777777778,0.0,0.5,0.4259259259259259
N7_E10b_T12b,N7,arxiv_agg_016,aggregate_cross_paper,C,1.0,0.0,0.0,0.3333333333333333
N7_E10b_T12b,N7,arxiv_agg_017,aggregate_cross_paper,C,0.3333333333333333,0.9202327618268761,0.5,0.5845220317200698
N7_E10b_T12b,N7,arxiv_agg_018,aggregate_cross_paper,C,0.875,0.7051152201315971,0.5,0.6933717400438657
N7_E10b_T12b,N7,arxiv_agg_019,aggregate_cross_paper,C,0.9090909090909091,0.6826338487021185,0.0,0.5305749192643425
N7_E10b_T12b,N7,arxiv_agg_020,aggregate_cross_paper,C,1.0,0.7244049512356959,0.5,0.7414683170785653
N7_E10b_T12b,N7,arxiv_agg_021,aggregate_cross_paper,C,0.75,0.9311986561758797,0.0,0.5603995520586266
N7_E10b_T12b,N7,arxiv_agg_022,aggregate_cross_paper,C,0.7142857142857143,0.45185729730920393,0.5,0.5553810038649728
N7_E10b_T12b,N7,arxiv_agg_023,aggregate_cross_paper,C,1.0,0.0,0.0,0.3333333333333333
N7_E10b_T12b,N7,arxiv_agg_024,aggregate_cross_paper,C,1.0,0.7984176042752836,1.0,0.9328058680917612
N7_E10b_T12b,N7,arxiv_agg_025,aggregate_cross_paper,C,0.0,0.0,0.0,0.0
N7_E10b_T12b,N7,arxiv_agg_026,aggregate_cross_paper,C,1.0,0.0,0.0,0.3333333333333333
N7_E10b_T12b,N7,arxiv_agg_027,aggregate_cross_paper,C,1.0,0.0,0.0,0.3333333333333333
N7_E10b_T12b,N7,arxiv_agg_028,aggregate_cross_paper,C,0.7777777777777778,0.6302201665482232,0.0,0.469332648108667
N7_E10b_T12b,N7,arxiv_agg_029,aggregate_cross_paper,C,1.0,0.5357243346984206,1.0,0.8452414448994735
N7_E10b_T12b,N7,arxiv_agg_030,aggregate_cross_paper,C,0.5,0.6331045510180474,0.0,0.37770151700601584
N7_E10b_T12b,N7,arxiv_agg_031,aggregate_cross_paper,C,1.0,0.7516431660822885,0.5,0.7505477220274295
N7_E10b_T12b,N7,arxiv_agg_032,aggregate_cross_paper,C,0.9,0.8250605071403089,1.0,0.9083535023801029
N7_E10b_T12b,N7,arxiv_edge_000,edge_multihop,C,0.8333333333333334,0.6476090704546315,1.0,0.8269808012626548
N7_E10b_T12b,N7,arxiv_edge_001,edge_multihop,C,0.5714285714285714,0.8719632804878681,0.5,0.6477972839721465
N7_E10b_T12b,N7,arxiv_edge_002,edge_multihop,C,0.5555555555555556,0.7690997861946623,0.25,0.5248851139167393
N7_E10b_T12b,N7,arxiv_edge_003,edge_multihop,C,0.2,0.0,0.0,0.06666666666666667
N7_E10b_T12b,N7,arxiv_edge_004,edge_multihop,C,0.2,0.6292454881860644,0.0,0.27641516272868816
N7_E10b_T12b,N7,arxiv_edge_005,edge_multihop,C,0.7777777777777778,0.7380646787337691,0.0,0.5052808188371823
N7_E10b_T12b,N7,arxiv_edge_006,edge_multihop,C,1.0,0.7978685938339699,0.0,0.5992895312779899
N7_E10b_T12b,N7,arxiv_edge_007,edge_multihop,C,0.4,0.6673686934311206,0.5,0.5224562311437069
N7_E10b_T12b,N7,arxiv_edge_008,edge_multihop,C,0.0,0.8517722985951081,0.5,0.4505907661983694
N7_E10b_T12b,N7,arxiv_edge_009,edge_multihop,C,0.42857142857142855,0.8584857457746944,0.0,0.42901905811537433
N7_E10b_T12b,N7,arxiv_edge_010,edge_multihop,C,0.25,0.7393914391363826,0.5,0.4964638130454609
N7_E10b_T12b,N7,arxiv_edge_011,edge_multihop,C,1.0,0.0,0.0,0.3333333333333333
N7_E10b_T12b,N7,arxiv_edge_012,edge_multihop,C,0.5714285714285714,0.8453336670905406,0.0,0.4722540795063706
N7_E10b_T12b,N7,arxiv_edge_013,edge_multihop,C,0.8,0.8086339877767653,0.0,0.5362113292589218
N7_E10b_T12b,N7,arxiv_edge_014,edge_multihop,C,0.4444444444444444,0.5665505093462113,0.0,0.33699831793021856
N7_E10b_T12b,N7,arxiv_edge_015,edge_multihop,C,0.6666666666666666,0.8978023080113823,1.0,0.8548229915593497
N7_E10b_T12b,N7,arxiv_edge_016,edge_multihop,C,0.8888888888888888,0.775465910625411,0.0,0.5547849331714333
N7_E10b_T12b,N7,arxiv_edge_017,edge_multihop,C,0.8571428571428571,0.5507205027145882,0.0,0.46928778661914844
N7_E10b_T12b,N7,arxiv_edge_018,edge_multihop,C,1.0,0.8045292787539169,0.0,0.6015097595846389
N7_E10b_T12b,N7,arxiv_edge_019,edge_multihop,C,0.4,0.8655109493070116,0.5,0.5885036497690038
N7_E10b_T12b,N7,arxiv_edge_020,edge_multihop,C,0.6,0.8575565848323213,1.0,0.8191855282774405
N7_E10b_T12b,N7,arxiv_edge_021,edge_multihop,C,0.75,0.785998156821344,0.5,0.6786660522737814
N7_E10b_T12b,N7,arxiv_edge_022,edge_multihop,C,0.2857142857142857,0.7106108406068609,0.0,0.3321083754403822
N7_E10b_T12b,N7,arxiv_edge_023,edge_multihop,C,0.4,0.7577417643598032,0.5,0.5525805881199344
N7_E10b_T12b,N7,arxiv_edge_024,edge_multihop,C,1.0,0.0,0.0,0.3333333333333333
N7_E10b_T12b,N7,arxiv_edge_025,edge_multihop,C,0.6666666666666666,0.8117000552464292,0.0,0.49278890730436525
N7_E10b_T12b,N7,arxiv_edge_026,edge_multihop,C,1.0,0.8344236352195077,1.0,0.9448078784065026
N7_E10b_T12b,N7,arxiv_edge_027,edge_multihop,C,0.42857142857142855,0.6766363874747979,0.5,0.5350692720154088
N7_E10b_T12b,N7,arxiv_edge_028,edge_multihop,C,0.8333333333333334,0.6473530223642291,0.0,0.49356211856585414
N7_E10b_T12b,N7,arxiv_edge_029,edge_multihop,C,0.7142857142857143,0.0,0.0,0.2380952380952381
N7_E10b_T12b,N7,arxiv_edge_030,edge_multihop,C,1.0,0.0,0.5,0.5
N7_E10b_T12b,N7,arxiv_edge_031,edge_multihop,C,1.0,0.857100011041877,0.5,0.7857000036806258
N7_E10b_T12b,N7,arxiv_edge_032,edge_multihop,C,0.4,0.0,0.0,0.13333333333333333
N7_E10b_T12b,N7,arxiv_edge_033,edge_multihop,C,0.5714285714285714,0.8601735289284075,0.5,0.6438673667856597
N7_E10c_T12a,N7,arxiv_sh_000,single_specific,C,0.0,0.0,1.0,0.3333333333333333
N7_E10c_T12a,N7,arxiv_sh_001,single_specific,C,1.0,0.9243040881903882,1.0,0.9747680293967961
N7_E10c_T12a,N7,arxiv_sh_002,single_specific,C,1.0,0.8616292865567962,0.5,0.7872097621855988
N7_E10c_T12a,N7,arxiv_sh_003,single_specific,C,1.0,0.6943938184102393,1.0,0.8981312728034131
N7_E10c_T12a,N7,arxiv_sh_004,single_specific,C,1.0,0.739431216617672,1.0,0.9131437388725573
N7_E10c_T12a,N7,arxiv_sh_005,single_specific,C,1.0,0.8120393510351626,1.0,0.9373464503450543
N7_E10c_T12a,N7,arxiv_sh_006,single_specific,C,0.5,0.0,1.0,0.5
N7_E10c_T12a,N7,arxiv_sh_007,single_specific,C,1.0,0.9906204595268212,0.0,0.6635401531756071
N7_E10c_T12a,N7,arxiv_sh_008,single_specific,C,0.0,0.0,1.0,0.3333333333333333
N7_E10c_T12a,N7,arxiv_sh_009,single_specific,C,1.0,0.5456033150091822,1.0,0.8485344383363941
N7_E10c_T12a,N7,arxiv_sh_010,single_specific,C,1.0,0.0,0.0,0.3333333333333333
N7_E10c_T12a,N7,arxiv_sh_011,single_specific,C,1.0,0.9614316485182849,1.0,0.9871438828394283
N7_E10c_T12a,N7,arxiv_sh_012,single_specific,C,0.75,0.6977866901728967,1.0,0.8159288967242989
N7_E10c_T12a,N7,arxiv_sh_013,single_specific,C,1.0,1.0,1.0,1.0
N7_E10c_T12a,N7,arxiv_sh_014,single_specific,C,1.0,0.8251445601686654,1.0,0.9417148533895552
N7_E10c_T12a,N7,arxiv_sh_015,single_specific,C,1.0,0.9575935861462131,1.0,0.9858645287154043
N7_E10c_T12a,N7,arxiv_sh_016,single_specific,C,0.3333333333333333,0.9332173979301933,1.0,0.7555169104211755
N7_E10c_T12a,N7,arxiv_sh_017,single_specific,C,1.0,0.8278025551986213,1.0,0.9426008517328738
N7_E10c_T12a,N7,arxiv_sh_018,single_specific,C,1.0,0.0,1.0,0.6666666666666666
N7_E10c_T12a,N7,arxiv_sh_019,single_specific,C,0.25,0.9999995752918599,1.0,0.7499998584306199
N7_E10c_T12a,N7,arxiv_sh_020,single_specific,C,1.0,0.9805711854873538,1.0,0.9935237284957846
N7_E10c_T12a,N7,arxiv_sh_021,single_specific,C,1.0,0.42233239003335626,1.0,0.8074441300111187
N7_E10c_T12a,N7,arxiv_sh_022,single_specific,C,1.0,0.9420758330599172,1.0,0.9806919443533056
N7_E10c_T12a,N7,arxiv_sh_023,single_specific,C,1.0,0.8318148175121894,1.0,0.9439382725040631
N7_E10c_T12a,N7,arxiv_sh_024,single_specific,C,1.0,0.9365501435073575,1.0,0.9788500478357859
N7_E10c_T12a,N7,arxiv_sh_025,single_specific,C,0.6,0.8549045517803092,1.0,0.8183015172601031
N7_E10c_T12a,N7,arxiv_sh_026,single_specific,C,0.0,0.9102472999652048,1.0,0.6367490999884016
N7_E10c_T12a,N7,arxiv_sh_027,single_specific,C,1.0,0.8451721008648949,0.0,0.6150573669549649
N7_E10c_T12a,N7,arxiv_sh_028,single_specific,C,1.0,0.9186132089241821,1.0,0.972871069641394
N7_E10c_T12a,N7,arxiv_sh_029,single_specific,C,1.0,0.9676449082094809,1.0,0.9892149694031603
N7_E10c_T12a,N7,arxiv_sh_030,single_specific,C,1.0,0.9521889081094428,1.0,0.9840629693698143
N7_E10c_T12a,N7,arxiv_sh_031,single_specific,C,1.0,0.9668504686888894,1.0,0.9889501562296298
N7_E10c_T12a,N7,arxiv_sh_032,single_specific,C,0.8333333333333334,0.8129237603597564,1.0,0.8820856978976966
N7_E10c_T12a,N7,arxiv_sh_033,single_specific,C,1.0,0.8563254743681646,0.0,0.6187751581227215
N7_E10c_T12a,N7,arxiv_sh_034,single_specific,C,1.0,0.9803566128219842,1.0,0.9934522042739947
N7_E10c_T12a,N7,arxiv_agg_000,aggregate_cross_paper,C,1.0,0.7556694749662501,1.0,0.9185564916554166
N7_E10c_T12a,N7,arxiv_agg_001,aggregate_cross_paper,C,1.0,0.0,0.0,0.3333333333333333
N7_E10c_T12a,N7,arxiv_agg_002,aggregate_cross_paper,C,0.2857142857142857,0.0,0.0,0.09523809523809523
N7_E10c_T12a,N7,arxiv_agg_003,aggregate_cross_paper,C,0.6666666666666666,0.7842863730718356,0.0,0.4836510132461674
N7_E10c_T12a,N7,arxiv_agg_004,aggregate_cross_paper,C,1.0,0.4458303772681779,1.0,0.815276792422726
N7_E10c_T12a,N7,arxiv_agg_005,aggregate_cross_paper,C,1.0,0.7981269247987988,1.0,0.9327089749329329
N7_E10c_T12a,N7,arxiv_agg_006,aggregate_cross_paper,C,0.42857142857142855,0.7045118843230279,0.5,0.5443611042981521
N7_E10c_T12a,N7,arxiv_agg_007,aggregate_cross_paper,C,1.0,0.7593424616171527,1.0,0.9197808205390509
N7_E10c_T12a,N7,arxiv_agg_008,aggregate_cross_paper,C,0.7142857142857143,0.8052123116775037,1.0,0.8398326753210726
N7_E10c_T12a,N7,arxiv_agg_009,aggregate_cross_paper,C,0.42857142857142855,0.9386215901284293,0.5,0.6223976728999526
N7_E10c_T12a,N7,arxiv_agg_010,aggregate_cross_paper,C,0.8571428571428571,0.8132903236005609,1.0,0.8901443935811394
N7_E10c_T12a,N7,arxiv_agg_011,aggregate_cross_paper,C,0.875,0.0,0.5,0.4583333333333333
N7_E10c_T12a,N7,arxiv_agg_012,aggregate_cross_paper,C,0.7142857142857143,0.7855014997353095,0.0,0.49992907134034126
N7_E10c_T12a,N7,arxiv_agg_013,aggregate_cross_paper,C,1.0,0.7633565093202765,1.0,0.9211188364400922
N7_E10c_T12a,N7,arxiv_agg_014,aggregate_cross_paper,C,0.75,0.0,0.0,0.25
N7_E10c_T12a,N7,arxiv_agg_015,aggregate_cross_paper,C,0.8888888888888888,0.0,0.5,0.46296296296296297
N7_E10c_T12a,N7,arxiv_agg_016,aggregate_cross_paper,C,1.0,0.0,0.0,0.3333333333333333
N7_E10c_T12a,N7,arxiv_agg_017,aggregate_cross_paper,C,0.6666666666666666,0.9202327618268761,0.5,0.6956331428311809
N7_E10c_T12a,N7,arxiv_agg_018,aggregate_cross_paper,C,0.875,0.5766996299322535,0.5,0.6505665433107511
N7_E10c_T12a,N7,arxiv_agg_019,aggregate_cross_paper,C,0.9090909090909091,0.6826117739022238,0.0,0.530567560997711
N7_E10c_T12a,N7,arxiv_agg_020,aggregate_cross_paper,C,1.0,0.7244144481366139,0.5,0.7414714827122046
N7_E10c_T12a,N7,arxiv_agg_021,aggregate_cross_paper,C,0.75,0.931200661731339,0.0,0.560400220577113
N7_E10c_T12a,N7,arxiv_agg_022,aggregate_cross_paper,C,0.7142857142857143,0.45185729730920393,0.5,0.5553810038649728
N7_E10c_T12a,N7,arxiv_agg_023,aggregate_cross_paper,C,1.0,0.0,0.0,0.3333333333333333
N7_E10c_T12a,N7,arxiv_agg_024,aggregate_cross_paper,C,1.0,0.8147504774967794,1.0,0.9382501591655932
N7_E10c_T12a,N7,arxiv_agg_025,aggregate_cross_paper,C,1.0,0.0,0.0,0.3333333333333333
N7_E10c_T12a,N7,arxiv_agg_026,aggregate_cross_paper,C,1.0,0.0,0.0,0.3333333333333333
N7_E10c_T12a,N7,arxiv_agg_027,aggregate_cross_paper,C,1.0,0.0,0.0,0.3333333333333333
N7_E10c_T12a,N7,arxiv_agg_028,aggregate_cross_paper,C,1.0,0.6302840954464651,0.0,0.5434280318154884
N7_E10c_T12a,N7,arxiv_agg_029,aggregate_cross_paper,C,1.0,0.5974093122526295,1.0,0.8658031040842098
N7_E10c_T12a,N7,arxiv_agg_030,aggregate_cross_paper,C,0.6,0.6330792654054429,0.0,0.4110264218018143
N7_E10c_T12a,N7,arxiv_agg_031,aggregate_cross_paper,C,1.0,0.7516903389279209,0.5,0.7505634463093069
N7_E10c_T12a,N7,arxiv_agg_032,aggregate_cross_paper,C,0.9,0.825076823574996,1.0,0.9083589411916654
N7_E10c_T12a,N7,arxiv_edge_000,edge_multihop,C,0.8333333333333334,0.6222378473530366,1.0,0.8185237268954566
N7_E10c_T12a,N7,arxiv_edge_001,edge_multihop,C,0.42857142857142855,0.8711868397032511,0.5,0.5999194227582265
N7_E10c_T12a,N7,arxiv_edge_002,edge_multihop,C,0.5555555555555556,0.7691672108091833,0.25,0.5249075887882463
N7_E10c_T12a,N7,arxiv_edge_003,edge_multihop,C,0.25,0.8115921647750182,0.0,0.35386405492500606
N7_E10c_T12a,N7,arxiv_edge_004,edge_multihop,C,0.0,0.6292454881860644,0.0,0.20974849606202148
N7_E10c_T12a,N7,arxiv_edge_005,edge_multihop,C,0.6,0.7359928536148702,0.0,0.44533095120495675
N7_E10c_T12a,N7,arxiv_edge_006,edge_multihop,C,1.0,0.7989376477532527,0.0,0.5996458825844176
N7_E10c_T12a,N7,arxiv_edge_007,edge_multihop,C,0.25,0.6673147355855807,0.5,0.47243824519519356
N7_E10c_T12a,N7,arxiv_edge_008,edge_multihop,C,0.0,0.8467676339106195,0.5,0.44892254463687314
N7_E10c_T12a,N7,arxiv_edge_009,edge_multihop,C,0.5,0.8406287815538221,0.0,0.44687626051794077
N7_E10c_T12a,N7,arxiv_edge_010,edge_multihop,C,0.25,0.7393913491816394,0.5,0.4964637830605465
N7_E10c_T12a,N7,arxiv_edge_011,edge_multihop,C,1.0,0.0,0.0,0.3333333333333333
N7_E10c_T12a,N7,arxiv_edge_012,edge_multihop,C,1.0,0.7803965497492437,0.0,0.5934655165830812
N7_E10c_T12a,N7,arxiv_edge_013,edge_multihop,C,0.875,0.8086339877767653,0.0,0.5612113292589217
N7_E10c_T12a,N7,arxiv_edge_014,edge_multihop,C,0.5555555555555556,0.6075314370680068,0.0,0.3876956642078541
N7_E10c_T12a,N7,arxiv_edge_015,edge_multihop,C,0.6,0.8454642434667395,1.0,0.8151547478222465
N7_E10c_T12a,N7,arxiv_edge_016,edge_multihop,C,0.8888888888888888,0.7730670241271516,0.0,0.5539853043386801
N7_E10c_T12a,N7,arxiv_edge_017,edge_multihop,C,0.5555555555555556,0.6363037938387613,0.0,0.3972864497981057
N7_E10c_T12a,N7,arxiv_edge_018,edge_multihop,C,0.8333333333333334,0.8045292787539169,0.0,0.5459542040290835
N7_E10c_T12a,N7,arxiv_edge_019,edge_multihop,C,0.3333333333333333,0.8654565227053338,0.75,0.6495966186795558
N7_E10c_T12a,N7,arxiv_edge_020,edge_multihop,C,1.0,0.8735145553688689,1.0,0.9578381851229563
N7_E10c_T12a,N7,arxiv_edge_021,edge_multihop,C,0.5,0.785998156821344,0.0,0.42866605227378135
N7_E10c_T12a,N7,arxiv_edge_022,edge_multihop,C,1.0,0.7106496494444761,0.0,0.5702165498148254
N7_E10c_T12a,N7,arxiv_edge_023,edge_multihop,C,0.4,0.757897887467308,0.5,0.5526326291557694
N7_E10c_T12a,N7,arxiv_edge_024,edge_multihop,C,1.0,0.0,0.0,0.3333333333333333
N7_E10c_T12a,N7,arxiv_edge_025,edge_multihop,C,0.5,0.8221669762150058,0.0,0.44072232540500195
N7_E10c_T12a,N7,arxiv_edge_026,edge_multihop,C,1.0,0.8321229680703509,1.0,0.9440409893567837
N7_E10c_T12a,N7,arxiv_edge_027,edge_multihop,C,0.7142857142857143,0.6882952617241823,0.5,0.6341936586699656
N7_E10c_T12a,N7,arxiv_edge_028,edge_multihop,C,0.8333333333333334,0.5828551413557058,0.0,0.4720628248963464
N7_E10c_T12a,N7,arxiv_edge_029,edge_multihop,C,0.8571428571428571,0.7807847885578839,0.0,0.545975881900247
N7_E10c_T12a,N7,arxiv_edge_030,edge_multihop,C,0.6666666666666666,0.0,0.5,0.38888888888888884
N7_E10c_T12a,N7,arxiv_edge_031,edge_multihop,C,0.14285714285714285,0.857100011041877,0.5,0.49998571796634
N7_E10c_T12a,N7,arxiv_edge_032,edge_multihop,C,0.16666666666666666,0.0,0.0,0.05555555555555555
N7_E10c_T12a,N7,arxiv_edge_033,edge_multihop,C,1.0,0.859327278810682,0.5,0.7864424262702273
N7_E10c_T12b,N7,arxiv_sh_000,single_specific,C,0.0,0.0,1.0,0.3333333333333333
N7_E10c_T12b,N7,arxiv_sh_001,single_specific,C,1.0,0.9243040881903882,1.0,0.9747680293967961
N7_E10c_T12b,N7,arxiv_sh_002,single_specific,C,1.0,0.8616292865567962,0.5,0.7872097621855988
N7_E10c_T12b,N7,arxiv_sh_003,single_specific,C,1.0,0.6943473221389912,1.0,0.8981157740463304
N7_E10c_T12b,N7,arxiv_sh_004,single_specific,C,1.0,0.7394443861628496,1.0,0.9131481287209499
N7_E10c_T12b,N7,arxiv_sh_005,single_specific,C,1.0,0.8119855029421367,1.0,0.9373285009807123
N7_E10c_T12b,N7,arxiv_sh_006,single_specific,C,0.5,0.0,1.0,0.5
N7_E10c_T12b,N7,arxiv_sh_007,single_specific,C,1.0,0.9906204595268212,0.0,0.6635401531756071
N7_E10c_T12b,N7,arxiv_sh_008,single_specific,C,0.0,0.0,1.0,0.3333333333333333
N7_E10c_T12b,N7,arxiv_sh_009,single_specific,C,0.0,0.9448280252869038,1.0,0.6482760084289679
N7_E10c_T12b,N7,arxiv_sh_010,single_specific,C,1.0,0.0,0.0,0.3333333333333333
N7_E10c_T12b,N7,arxiv_sh_011,single_specific,C,1.0,0.9613884796942239,1.0,0.987129493231408
N7_E10c_T12b,N7,arxiv_sh_012,single_specific,C,1.0,0.8221722787949327,1.0,0.9407240929316442
N7_E10c_T12b,N7,arxiv_sh_013,single_specific,C,1.0,0.9999996155418517,1.0,0.9999998718472839
N7_E10c_T12b,N7,arxiv_sh_014,single_specific,C,1.0,0.8251332964945753,1.0,0.941711098831525
N7_E10c_T12b,N7,arxiv_sh_015,single_specific,C,1.0,0.957584221920872,1.0,0.9858614073069574
N7_E10c_T12b,N7,arxiv_sh_016,single_specific,C,0.3333333333333333,0.9332529838140174,1.0,0.7555287723824503
N7_E10c_T12b,N7,arxiv_sh_017,single_specific,C,1.0,0.8278031542949839,1.0,0.9426010514316613
N7_E10c_T12b,N7,arxiv_sh_018,single_specific,C,1.0,0.0,1.0,0.6666666666666666
N7_E10c_T12b,N7,arxiv_sh_019,single_specific,C,0.25,0.9999996833837722,1.0,0.7499998944612574
N7_E10c_T12b,N7,arxiv_sh_020,single_specific,C,1.0,0.9805644532497165,1.0,0.9935214844165722
N7_E10c_T12b,N7,arxiv_sh_021,single_specific,C,1.0,0.42233239003335626,1.0,0.8074441300111187
N7_E10c_T12b,N7,arxiv_sh_022,single_specific,C,1.0,0.9420901613268525,1.0,0.9806967204422842
N7_E10c_T12b,N7,arxiv_sh_023,single_specific,C,1.0,0.8318015920685191,1.0,0.9439338640228397
N7_E10c_T12b,N7,arxiv_sh_024,single_specific,C,1.0,0.9250945475592252,1.0,0.975031515853075
N7_E10c_T12b,N7,arxiv_sh_025,single_specific,C,0.8,0.8548655661617824,1.0,0.8849551887205941
N7_E10c_T12b,N7,arxiv_sh_026,single_specific,C,1.0,0.9102588958736711,1.0,0.970086298624557
N7_E10c_T12b,N7,arxiv_sh_027,single_specific,C,1.0,0.8389170223823549,0.0,0.6129723407941183
N7_E10c_T12b,N7,arxiv_sh_028,single_specific,C,1.0,0.9186132089241821,1.0,0.972871069641394
N7_E10c_T12b,N7,arxiv_sh_029,single_specific,C,1.0,0.9451324759423697,1.0,0.9817108253141232
N7_E10c_T12b,N7,arxiv_sh_030,single_specific,C,1.0,0.9521889081094428,1.0,0.9840629693698143
N7_E10c_T12b,N7,arxiv_sh_031,single_specific,C,1.0,0.9667705889549284,1.0,0.9889235296516428
N7_E10c_T12b,N7,arxiv_sh_032,single_specific,C,0.8,0.8128911554125549,1.0,0.8709637184708517
N7_E10c_T12b,N7,arxiv_sh_033,single_specific,C,1.0,0.8563254743681646,0.0,0.6187751581227215
N7_E10c_T12b,N7,arxiv_sh_034,single_specific,C,1.0,0.9803398705965775,1.0,0.9934466235321925
N7_E10c_T12b,N7,arxiv_agg_000,aggregate_cross_paper,C,1.0,0.7555769554627888,1.0,0.9185256518209296
N7_E10c_T12b,N7,arxiv_agg_001,aggregate_cross_paper,C,1.0,0.0,0.0,0.3333333333333333
N7_E10c_T12b,N7,arxiv_agg_002,aggregate_cross_paper,C,0.2857142857142857,0.0,0.0,0.09523809523809523
N7_E10c_T12b,N7,arxiv_agg_003,aggregate_cross_paper,C,0.6666666666666666,0.784288284974418,0.0,0.48365165054702824
N7_E10c_T12b,N7,arxiv_agg_004,aggregate_cross_paper,C,1.0,0.7222772289008637,1.0,0.9074257429669546
N7_E10c_T12b,N7,arxiv_agg_005,aggregate_cross_paper,C,1.0,0.8338512970615078,1.0,0.9446170990205026
N7_E10c_T12b,N7,arxiv_agg_006,aggregate_cross_paper,C,0.3333333333333333,0.7045118843230279,0.5,0.5126150725521205
N7_E10c_T12b,N7,arxiv_agg_007,aggregate_cross_paper,C,1.0,0.7593890215184799,1.0,0.91979634050616
N7_E10c_T12b,N7,arxiv_agg_008,aggregate_cross_paper,C,1.0,0.8052077633866294,1.0,0.9350692544622098
N7_E10c_T12b,N7,arxiv_agg_009,aggregate_cross_paper,C,0.42857142857142855,0.9386215901284293,0.5,0.6223976728999526
N7_E10c_T12b,N7,arxiv_agg_010,aggregate_cross_paper,C,0.8571428571428571,0.8132903236005609,1.0,0.8901443935811394
N7_E10c_T12b,N7,arxiv_agg_011,aggregate_cross_paper,C,1.0,0.0,0.5,0.5
N7_E10c_T12b,N7,arxiv_agg_012,aggregate_cross_paper,C,1.0,0.5250511184303766,0.0,0.5083503728101255
N7_E10c_T12b,N7,arxiv_agg_013,aggregate_cross_paper,C,1.0,0.7633280869121988,1.0,0.9211093623040663
N7_E10c_T12b,N7,arxiv_agg_014,aggregate_cross_paper,C,1.0,0.0,0.0,0.3333333333333333
N7_E10c_T12b,N7,arxiv_agg_015,aggregate_cross_paper,C,0.8888888888888888,0.0,0.5,0.46296296296296297
N7_E10c_T12b,N7,arxiv_agg_016,aggregate_cross_paper,C,1.0,0.0,0.0,0.3333333333333333
N7_E10c_T12b,N7,arxiv_agg_017,aggregate_cross_paper,C,0.0,0.9356836696746679,0.5,0.47856122322488925
N7_E10c_T12b,N7,arxiv_agg_018,aggregate_cross_paper,C,0.875,0.705083953460032,0.5,0.6933613178200106
N7_E10c_T12b,N7,arxiv_agg_019,aggregate_cross_paper,C,0.9090909090909091,0.6826338487021185,0.0,0.5305749192643425
N7_E10c_T12b,N7,arxiv_agg_020,aggregate_cross_paper,C,1.0,0.7244144481366139,0.5,0.7414714827122046
N7_E10c_T12b,N7,arxiv_agg_021,aggregate_cross_paper,C,0.75,0.931200661731339,0.0,0.560400220577113
N7_E10c_T12b,N7,arxiv_agg_022,aggregate_cross_paper,C,0.7142857142857143,0.45185729730920393,0.5,0.5553810038649728
N7_E10c_T12b,N7,arxiv_agg_023,aggregate_cross_paper,C,1.0,0.680926582814522,0.0,0.560308860938174
N7_E10c_T12b,N7,arxiv_agg_024,aggregate_cross_paper,C,0.7,0.8147198492683798,1.0,0.8382399497561265
N7_E10c_T12b,N7,arxiv_agg_025,aggregate_cross_paper,C,0.75,0.0,0.0,0.25
N7_E10c_T12b,N7,arxiv_agg_026,aggregate_cross_paper,C,1.0,0.0,0.0,0.3333333333333333
N7_E10c_T12b,N7,arxiv_agg_027,aggregate_cross_paper,C,1.0,0.0,0.0,0.3333333333333333
N7_E10c_T12b,N7,arxiv_agg_028,aggregate_cross_paper,C,1.0,0.6302422154722718,0.0,0.5434140718240906
N7_E10c_T12b,N7,arxiv_agg_029,aggregate_cross_paper,C,1.0,0.5974108899646993,1.0,0.8658036299882331
N7_E10c_T12b,N7,arxiv_agg_030,aggregate_cross_paper,C,0.7142857142857143,0.6331045510180474,0.0,0.44913008843458724
N7_E10c_T12b,N7,arxiv_agg_031,aggregate_cross_paper,C,1.0,0.7516539175012279,0.5,0.7505513058337426
N7_E10c_T12b,N7,arxiv_agg_032,aggregate_cross_paper,C,0.8888888888888888,0.8441198156777433,1.0,0.9110029015222106
N7_E10c_T12b,N7,arxiv_edge_000,edge_multihop,C,1.0,0.6553609011667274,1.0,0.8851203003889091
N7_E10c_T12b,N7,arxiv_edge_001,edge_multihop,C,0.5714285714285714,0.8782982873000643,0.5,0.6499089529095453
N7_E10c_T12b,N7,arxiv_edge_002,edge_multihop,C,0.5555555555555556,0.7690132668038436,0.0,0.4415229407864664
N7_E10c_T12b,N7,arxiv_edge_003,edge_multihop,C,0.2,0.0,0.0,0.06666666666666667
N7_E10c_T12b,N7,arxiv_edge_004,edge_multihop,C,0.2,0.6292454881860644,0.0,0.27641516272868816
N7_E10c_T12b,N7,arxiv_edge_005,edge_multihop,C,0.7777777777777778,0.7253653969463496,0.0,0.5010477249080424
N7_E10c_T12b,N7,arxiv_edge_006,edge_multihop,C,1.0,0.8011138194926518,0.0,0.6003712731642173
N7_E10c_T12b,N7,arxiv_edge_007,edge_multihop,C,0.6,0.6673686934311206,0.5,0.5891228978103735
N7_E10c_T12b,N7,arxiv_edge_008,edge_multihop,C,0.0,0.8467732930794666,0.5,0.4489244310264889
N7_E10c_T12b,N7,arxiv_edge_009,edge_multihop,C,0.3333333333333333,0.8319060713283258,0.0,0.38841313488721974
N7_E10c_T12b,N7,arxiv_edge_010,edge_multihop,C,0.25,0.7393914391363826,0.5,0.4964638130454609
N7_E10c_T12b,N7,arxiv_edge_011,edge_multihop,C,1.0,0.0,0.0,0.3333333333333333
N7_E10c_T12b,N7,arxiv_edge_012,edge_multihop,C,0.5714285714285714,0.8453088018630984,0.0,0.4722457910972233
N7_E10c_T12b,N7,arxiv_edge_013,edge_multihop,C,0.75,0.808596836925441,0.0,0.519532278975147
N7_E10c_T12b,N7,arxiv_edge_014,edge_multihop,C,0.8888888888888888,0.5665279078721396,0.0,0.4851389322536761
N7_E10c_T12b,N7,arxiv_edge_015,edge_multihop,C,0.6,0.8454744513049572,1.0,0.8151581504349857
N7_E10c_T12b,N7,arxiv_edge_016,edge_multihop,C,0.8888888888888888,0.775465910625411,0.0,0.5547849331714333
N7_E10c_T12b,N7,arxiv_edge_017,edge_multihop,C,0.4444444444444444,0.6138322656933941,0.0,0.3527589033792795
N7_E10c_T12b,N7,arxiv_edge_018,edge_multihop,C,0.8333333333333334,0.8045292787539169,0.0,0.5459542040290835
N7_E10c_T12b,N7,arxiv_edge_019,edge_multihop,C,0.5,0.8654565227053338,0.75,0.7051521742351112
N7_E10c_T12b,N7,arxiv_edge_020,edge_multihop,C,1.0,0.8241255246939937,1.0,0.9413751748979978
N7_E10c_T12b,N7,arxiv_edge_021,edge_multihop,C,0.5,0.785998156821344,0.25,0.5119993856071147
N7_E10c_T12b,N7,arxiv_edge_022,edge_multihop,C,0.8571428571428571,0.7591178881943246,0.0,0.5387535817790606
N7_E10c_T12b,N7,arxiv_edge_023,edge_multihop,C,0.4,0.7615731444086985,0.5,0.5538577148028995
N7_E10c_T12b,N7,arxiv_edge_024,edge_multihop,C,1.0,0.0,0.0,0.3333333333333333
N7_E10c_T12b,N7,arxiv_edge_025,edge_multihop,C,0.7142857142857143,0.8011100525776723,0.0,0.5051319222877956
N7_E10c_T12b,N7,arxiv_edge_026,edge_multihop,C,1.0,0.8321724711209727,1.0,0.9440574903736576
N7_E10c_T12b,N7,arxiv_edge_027,edge_multihop,C,0.42857142857142855,0.6767197968266215,0.5,0.5350970751326833
N7_E10c_T12b,N7,arxiv_edge_028,edge_multihop,C,0.8333333333333334,0.6653089782887162,0.0,0.49954743720734984
N7_E10c_T12b,N7,arxiv_edge_029,edge_multihop,C,0.7142857142857143,0.7402046023951011,0.0,0.4848301055602718
N7_E10c_T12b,N7,arxiv_edge_030,edge_multihop,C,0.6666666666666666,0.0,0.5,0.38888888888888884
N7_E10c_T12b,N7,arxiv_edge_031,edge_multihop,C,0.42857142857142855,0.882304977531272,0.5,0.6036254687009002
N7_E10c_T12b,N7,arxiv_edge_032,edge_multihop,C,0.4,0.0,0.0,0.13333333333333333
N7_E10c_T12b,N7,arxiv_edge_033,edge_multihop,C,1.0,0.859327278810682,0.5,0.7864424262702273
N7_E11a_T12a,N7,arxiv_sh_000,single_specific,C,0.0,0.0,1.0,0.3333333333333333
N7_E11a_T12a,N7,arxiv_sh_001,single_specific,C,1.0,0.9634093803420046,1.0,0.9878031267806682
N7_E11a_T12a,N7,arxiv_sh_002,single_specific,C,1.0,0.8587441312755876,0.5,0.7862480437585292
N7_E11a_T12a,N7,arxiv_sh_003,single_specific,C,1.0,0.694302799360878,1.0,0.8981009331202926
N7_E11a_T12a,N7,arxiv_sh_004,single_specific,C,1.0,0.739431216617672,1.0,0.9131437388725573
N7_E11a_T12a,N7,arxiv_sh_005,single_specific,C,0.6666666666666666,0.7902085395548445,1.0,0.8189584020738371
N7_E11a_T12a,N7,arxiv_sh_006,single_specific,C,0.5,0.0,1.0,0.5
N7_E11a_T12a,N7,arxiv_sh_007,single_specific,C,0.25,0.990633529371913,1.0,0.746877843123971
N7_E11a_T12a,N7,arxiv_sh_008,single_specific,C,0.0,0.0,1.0,0.3333333333333333
N7_E11a_T12a,N7,arxiv_sh_009,single_specific,C,1.0,0.5456033150091822,1.0,0.8485344383363941
N7_E11a_T12a,N7,arxiv_sh_010,single_specific,C,1.0,0.0,0.0,0.3333333333333333
N7_E11a_T12a,N7,arxiv_sh_011,single_specific,C,1.0,0.9614187171001879,1.0,0.9871395723667292
N7_E11a_T12a,N7,arxiv_sh_012,single_specific,C,1.0,0.946557918697827,1.0,0.9821859728992757
N7_E11a_T12a,N7,arxiv_sh_013,single_specific,C,1.0,1.0,1.0,1.0
N7_E11a_T12a,N7,arxiv_sh_014,single_specific,C,1.0,0.8251332964945753,1.0,0.941711098831525
N7_E11a_T12a,N7,arxiv_sh_015,single_specific,C,1.0,0.957584221920872,1.0,0.9858614073069574
N7_E11a_T12a,N7,arxiv_sh_016,single_specific,C,1.0,0.9332173979301933,1.0,0.9777391326433977
N7_E11a_T12a,N7,arxiv_sh_017,single_specific,C,1.0,0.8278025551986213,1.0,0.9426008517328738
N7_E11a_T12a,N7,arxiv_sh_018,single_specific,C,1.0,0.6959247751154017,1.0,0.8986415917051339
N7_E11a_T12a,N7,arxiv_sh_019,single_specific,C,0.3333333333333333,0.9999996833837722,1.0,0.7777776722390352
N7_E11a_T12a,N7,arxiv_sh_020,single_specific,C,1.0,0.9809965681345535,1.0,0.9936655227115178
N7_E11a_T12a,N7,arxiv_sh_021,single_specific,C,1.0,0.4223151283115522,1.0,0.8074383761038507
N7_E11a_T12a,N7,arxiv_sh_022,single_specific,C,1.0,0.9421243182810586,1.0,0.9807081060936862
N7_E11a_T12a,N7,arxiv_sh_023,single_specific,C,1.0,0.8318416781316568,1.0,0.9439472260438856
N7_E11a_T12a,N7,arxiv_sh_024,single_specific,C,1.0,0.9627985942060482,1.0,0.9875995314020161
N7_E11a_T12a,N7,arxiv_sh_025,single_specific,C,0.5,0.8549044068966992,1.0,0.7849681356322331
N7_E11a_T12a,N7,arxiv_sh_026,single_specific,C,0.0,0.9102472999652048,1.0,0.6367490999884016
N7_E11a_T12a,N7,arxiv_sh_027,single_specific,C,1.0,0.8451733860136592,1.0,0.9483911286712198
N7_E11a_T12a,N7,arxiv_sh_028,single_specific,C,0.75,0.9186022374108186,1.0,0.8895340791369395
N7_E11a_T12a,N7,arxiv_sh_029,single_specific,C,1.0,0.9684983983142778,1.0,0.9894994661047593
N7_E11a_T12a,N7,arxiv_sh_030,single_specific,C,1.0,0.952135587020794,1.0,0.9840451956735979
N7_E11a_T12a,N7,arxiv_sh_031,single_specific,C,1.0,0.9345016852091743,1.0,0.9781672284030581
N7_E11a_T12a,N7,arxiv_sh_032,single_specific,C,0.8,0.7913593985026385,1.0,0.8637864661675462
N7_E11a_T12a,N7,arxiv_sh_033,single_specific,C,1.0,0.8563254743681646,0.0,0.6187751581227215
N7_E11a_T12a,N7,arxiv_sh_034,single_specific,C,0.6666666666666666,0.9803398705965775,1.0,0.8823355124210813
N7_E11a_T12a,N7,arxiv_agg_000,aggregate_cross_paper,C,1.0,0.7061655264358121,1.0,0.902055175478604
N7_E11a_T12a,N7,arxiv_agg_001,aggregate_cross_paper,C,1.0,0.0,0.5,0.5
N7_E11a_T12a,N7,arxiv_agg_002,aggregate_cross_paper,C,0.25,0.0,0.0,0.08333333333333333
N7_E11a_T12a,N7,arxiv_agg_003,aggregate_cross_paper,C,0.42857142857142855,0.7897925575334138,0.0,0.4061213287016141
N7_E11a_T12a,N7,arxiv_agg_004,aggregate_cross_paper,C,1.0,0.44584767741027126,1.0,0.8152825591367572
N7_E11a_T12a,N7,arxiv_agg_005,aggregate_cross_paper,C,0.9,0.7981269247987988,1.0,0.8993756415995996
N7_E11a_T12a,N7,arxiv_agg_006,aggregate_cross_paper,C,0.5,0.7044956498040326,0.5,0.5681652166013441
N7_E11a_T12a,N7,arxiv_agg_007,aggregate_cross_paper,C,0.6666666666666666,0.7210289840348812,0.5,0.6292318835671826
N7_E11a_T12a,N7,arxiv_agg_008,aggregate_cross_paper,C,1.0,0.8052123116775037,1.0,0.935070770559168
N7_E11a_T12a,N7,arxiv_agg_009,aggregate_cross_paper,C,0.6666666666666666,0.9386003686315348,0.5,0.7017556784327338
N7_E11a_T12a,N7,arxiv_agg_010,aggregate_cross_paper,C,0.7,0.8132903236005609,1.0,0.837763441200187
N7_E11a_T12a,N7,arxiv_agg_011,aggregate_cross_paper,C,1.0,0.3295464339546774,0.0,0.44318214465155914
N7_E11a_T12a,N7,arxiv_agg_012,aggregate_cross_paper,C,0.5555555555555556,0.6615071417281818,0.0,0.40568756576124576
N7_E11a_T12a,N7,arxiv_agg_013,aggregate_cross_paper,C,1.0,0.8245598182603618,1.0,0.9415199394201207
N7_E11a_T12a,N7,arxiv_agg_014,aggregate_cross_paper,C,1.0,0.0,0.0,0.3333333333333333
N7_E11a_T12a,N7,arxiv_agg_015,aggregate_cross_paper,C,0.8571428571428571,0.0,0.5,0.4523809523809524
N7_E11a_T12a,N7,arxiv_agg_016,aggregate_cross_paper,C,1.0,0.0,0.5,0.5
N7_E11a_T12a,N7,arxiv_agg_017,aggregate_cross_paper,C,0.0,0.9376267367805357,0.5,0.47920891226017853
N7_E11a_T12a,N7,arxiv_agg_018,aggregate_cross_paper,C,0.5,0.705083953460032,0.5,0.5683613178200106
N7_E11a_T12a,N7,arxiv_agg_019,aggregate_cross_paper,C,0.8888888888888888,0.5573090815967843,1.0,0.8153993234952243
N7_E11a_T12a,N7,arxiv_agg_020,aggregate_cross_paper,C,1.0,0.7289908563428714,0.5,0.7429969521142904
N7_E11a_T12a,N7,arxiv_agg_021,aggregate_cross_paper,C,0.14285714285714285,0.9311800066204342,0.25,0.4413457164925257
N7_E11a_T12a,N7,arxiv_agg_022,aggregate_cross_paper,C,0.7142857142857143,0.45103099586467704,0.5,0.5551055700501305
N7_E11a_T12a,N7,arxiv_agg_023,aggregate_cross_paper,C,1.0,0.6809799264106987,0.0,0.5603266421368995
N7_E11a_T12a,N7,arxiv_agg_024,aggregate_cross_paper,C,1.0,0.8147277198425829,1.0,0.9382425732808609
N7_E11a_T12a,N7,arxiv_agg_025,aggregate_cross_paper,C,0.7777777777777778,0.6530875961644255,0.0,0.4769551246474011
N7_E11a_T12a,N7,arxiv_agg_026,aggregate_cross_paper,C,1.0,0.0,0.0,0.3333333333333333
N7_E11a_T12a,N7,arxiv_agg_027,aggregate_cross_paper,C,1.0,0.0,0.0,0.3333333333333333
N7_E11a_T12a,N7,arxiv_agg_028,aggregate_cross_paper,C,1.0,0.6104384684194667,0.0,0.5368128228064889
N7_E11a_T12a,N7,arxiv_agg_029,aggregate_cross_paper,C,1.0,0.5974093122526295,1.0,0.8658031040842098
N7_E11a_T12a,N7,arxiv_agg_030,aggregate_cross_paper,C,0.3333333333333333,0.6558978887929855,0.0,0.32974374070877294
N7_E11a_T12a,N7,arxiv_agg_031,aggregate_cross_paper,C,1.0,0.7516254064243549,0.5,0.7505418021414516
N7_E11a_T12a,N7,arxiv_agg_032,aggregate_cross_paper,C,1.0,0.6969776560908129,1.0,0.898992552030271
N7_E11a_T12a,N7,arxiv_edge_000,edge_multihop,C,0.8333333333333334,0.7142225636328609,1.0,0.8491852989887314
N7_E11a_T12a,N7,arxiv_edge_001,edge_multihop,C,0.5714285714285714,0.8719632804878681,0.5,0.6477972839721465
N7_E11a_T12a,N7,arxiv_edge_002,edge_multihop,C,0.8571428571428571,0.7690997861946623,1.0,0.8754142144458399
N7_E11a_T12a,N7,arxiv_edge_003,edge_multihop,C,1.0,0.0,0.0,0.3333333333333333
N7_E11a_T12a,N7,arxiv_edge_004,edge_multihop,C,0.0,0.7169078003220225,0.0,0.2389692667740075
N7_E11a_T12a,N7,arxiv_edge_005,edge_multihop,C,0.5,0.7433666494729825,0.0,0.4144555498243275
N7_E11a_T12a,N7,arxiv_edge_006,edge_multihop,C,1.0,0.0,0.0,0.3333333333333333
N7_E11a_T12a,N7,arxiv_edge_007,edge_multihop,C,0.5,0.6623285998089755,0.25,0.47077619993632513
N7_E11a_T12a,N7,arxiv_edge_008,edge_multihop,C,0.0,0.8282827800927737,0.5,0.4427609266975912
N7_E11a_T12a,N7,arxiv_edge_009,edge_multihop,C,0.42857142857142855,0.8584857457746944,0.0,0.42901905811537433
N7_E11a_T12a,N7,arxiv_edge_010,edge_multihop,C,1.0,0.0,0.5,0.5
N7_E11a_T12a,N7,arxiv_edge_011,edge_multihop,C,1.0,0.0,0.0,0.3333333333333333
N7_E11a_T12a,N7,arxiv_edge_012,edge_multihop,C,0.5,0.8591130864830491,0.5,0.6197043621610163
N7_E11a_T12a,N7,arxiv_edge_013,edge_multihop,C,1.0,0.0,0.0,0.3333333333333333
N7_E11a_T12a,N7,arxiv_edge_014,edge_multihop,C,1.0,0.0,0.0,0.3333333333333333
N7_E11a_T12a,N7,arxiv_edge_015,edge_multihop,C,0.4,0.9100565992500188,0.5,0.6033521997500063
N7_E11a_T12a,N7,arxiv_edge_016,edge_multihop,C,0.5,0.775465910625411,0.0,0.4251553035418037
N7_E11a_T12a,N7,arxiv_edge_017,edge_multihop,C,0.6666666666666666,0.5955640458123824,0.0,0.42074357082634967
N7_E11a_T12a,N7,arxiv_edge_018,edge_multihop,C,1.0,0.5957730039995313,0.0,0.5319243346665105
N7_E11a_T12a,N7,arxiv_edge_019,edge_multihop,C,0.6666666666666666,0.862006418759388,0.0,0.5095576951420182
N7_E11a_T12a,N7,arxiv_edge_020,edge_multihop,C,0.8,0.5990924995224644,0.0,0.4663641665074881
N7_E11a_T12a,N7,arxiv_edge_021,edge_multihop,C,1.0,0.0,0.0,0.3333333333333333
N7_E11a_T12a,N7,arxiv_edge_022,edge_multihop,C,0.6666666666666666,0.442140502721476,0.0,0.3696023897960476
N7_E11a_T12a,N7,arxiv_edge_023,edge_multihop,C,0.6,0.7615527588899239,0.0,0.45385091962997465
N7_E11a_T12a,N7,arxiv_edge_024,edge_multihop,C,1.0,0.0,0.0,0.3333333333333333
N7_E11a_T12a,N7,arxiv_edge_025,edge_multihop,C,1.0,0.8010950602430545,0.0,0.6003650200810182
N7_E11a_T12a,N7,arxiv_edge_026,edge_multihop,C,1.0,0.8321229680703509,1.0,0.9440409893567837
N7_E11a_T12a,N7,arxiv_edge_027,edge_multihop,C,0.8333333333333334,0.0,0.0,0.2777777777777778
N7_E11a_T12a,N7,arxiv_edge_028,edge_multihop,C,0.25,0.6654045613602645,0.0,0.3051348537867548
N7_E11a_T12a,N7,arxiv_edge_029,edge_multihop,C,0.7142857142857143,0.8369277225480197,0.0,0.5170711456112447
N7_E11a_T12a,N7,arxiv_edge_030,edge_multihop,C,0.6666666666666666,0.0,0.5,0.38888888888888884
N7_E11a_T12a,N7,arxiv_edge_031,edge_multihop,C,0.4,0.857100011041877,0.5,0.5857000036806257
N7_E11a_T12a,N7,arxiv_edge_032,edge_multihop,C,0.6,0.0,0.0,0.19999999999999998
N7_E11a_T12a,N7,arxiv_edge_033,edge_multihop,C,0.75,0.8624801640917727,0.0,0.5374933880305909
N7_E11a_T12b,N7,arxiv_sh_000,single_specific,C,0.0,0.0,1.0,0.3333333333333333
N7_E11a_T12b,N7,arxiv_sh_001,single_specific,C,1.0,0.9634093803420046,1.0,0.9878031267806682
N7_E11a_T12b,N7,arxiv_sh_002,single_specific,C,1.0,0.8587441312755876,0.5,0.7862480437585292
N7_E11a_T12b,N7,arxiv_sh_003,single_specific,C,1.0,0.6943861619042097,1.0,0.8981287206347366
N7_E11a_T12b,N7,arxiv_sh_004,single_specific,C,1.0,0.7394333013892669,1.0,0.9131444337964223
N7_E11a_T12b,N7,arxiv_sh_005,single_specific,C,0.6666666666666666,0.7901976901484629,1.0,0.8189547856050431
N7_E11a_T12b,N7,arxiv_sh_006,single_specific,C,0.5,0.0,1.0,0.5
N7_E11a_T12b,N7,arxiv_sh_007,single_specific,C,1.0,0.9906204595268212,1.0,0.9968734865089405
N7_E11a_T12b,N7,arxiv_sh_008,single_specific,C,0.0,0.0,1.0,0.3333333333333333
N7_E11a_T12b,N7,arxiv_sh_009,single_specific,C,1.0,0.5456033150091822,1.0,0.8485344383363941
N7_E11a_T12b,N7,arxiv_sh_010,single_specific,C,1.0,0.0,0.0,0.3333333333333333
N7_E11a_T12b,N7,arxiv_sh_011,single_specific,C,1.0,0.9132566370135177,1.0,0.9710855456711726
N7_E11a_T12b,N7,arxiv_sh_012,single_specific,C,1.0,0.9524325792508286,1.0,0.9841441930836096
N7_E11a_T12b,N7,arxiv_sh_013,single_specific,C,1.0,1.0,1.0,1.0
N7_E11a_T12b,N7,arxiv_sh_014,single_specific,C,1.0,0.8251332964945753,1.0,0.941711098831525
N7_E11a_T12b,N7,arxiv_sh_015,single_specific,C,1.0,0.9575935861462131,1.0,0.9858645287154043
N7_E11a_T12b,N7,arxiv_sh_016,single_specific,C,1.0,0.9332173979301933,1.0,0.9777391326433977
N7_E11a_T12b,N7,arxiv_sh_017,single_specific,C,1.0,0.8278454786835588,1.0,0.9426151595611864
N7_E11a_T12b,N7,arxiv_sh_018,single_specific,C,1.0,0.8391640542673239,1.0,0.9463880180891079
N7_E11a_T12b,N7,arxiv_sh_019,single_specific,C,0.3333333333333333,0.9999996833837722,1.0,0.7777776722390352
N7_E11a_T12b,N7,arxiv_sh_020,single_specific,C,1.0,0.9807838768109537,1.0,0.9935946256036513
N7_E11a_T12b,N7,arxiv_sh_021,single_specific,C,1.0,0.42233239003335626,1.0,0.8074441300111187
N7_E11a_T12b,N7,arxiv_sh_022,single_specific,C,1.0,0.9420758330599172,1.0,0.9806919443533056
N7_E11a_T12b,N7,arxiv_sh_023,single_specific,C,1.0,0.8318148175121894,1.0,0.9439382725040631
N7_E11a_T12b,N7,arxiv_sh_024,single_specific,C,1.0,0.9627833400778432,1.0,0.9875944466926144
N7_E11a_T12b,N7,arxiv_sh_025,single_specific,C,0.75,0.8548655661617824,1.0,0.8682885220539275
N7_E11a_T12b,N7,arxiv_sh_026,single_specific,C,0.0,0.9102588958736711,1.0,0.6367529652912237
N7_E11a_T12b,N7,arxiv_sh_027,single_specific,C,1.0,0.8430764417045085,1.0,0.9476921472348362
N7_E11a_T12b,N7,arxiv_sh_028,single_specific,C,0.75,0.8445703677007876,1.0,0.8648567892335959
N7_E11a_T12b,N7,arxiv_sh_029,single_specific,C,1.0,0.9451440769637797,1.0,0.98171469232126
N7_E11a_T12b,N7,arxiv_sh_030,single_specific,C,1.0,0.9508322318642185,1.0,0.9836107439547396
N7_E11a_T12b,N7,arxiv_sh_031,single_specific,C,0.5,0.9668504686888894,1.0,0.8222834895629632
N7_E11a_T12b,N7,arxiv_sh_032,single_specific,C,0.7142857142857143,0.7913593985026385,1.0,0.8352150375961176
N7_E11a_T12b,N7,arxiv_sh_033,single_specific,C,1.0,0.8563254743681646,0.0,0.6187751581227215
N7_E11a_T12b,N7,arxiv_sh_034,single_specific,C,0.6666666666666666,0.9803398705965775,1.0,0.8823355124210813
N7_E11a_T12b,N7,arxiv_agg_000,aggregate_cross_paper,C,1.0,0.7061629333344676,1.0,0.9020543111114891
N7_E11a_T12b,N7,arxiv_agg_001,aggregate_cross_paper,C,0.8571428571428571,0.6861212060964519,0.5,0.6810880210797697
N7_E11a_T12b,N7,arxiv_agg_002,aggregate_cross_paper,C,1.0,0.0,0.0,0.3333333333333333
N7_E11a_T12b,N7,arxiv_agg_003,aggregate_cross_paper,C,0.375,0.7842863730718356,0.0,0.3864287910239452
N7_E11a_T12b,N7,arxiv_agg_004,aggregate_cross_paper,C,1.0,0.7547133055632352,1.0,0.9182377685210784
N7_E11a_T12b,N7,arxiv_agg_005,aggregate_cross_paper,C,0.9,0.7981269247987988,1.0,0.8993756415995996
N7_E11a_T12b,N7,arxiv_agg_006,aggregate_cross_paper,C,0.5,0.7045118843230279,0.5,0.5681706281076759
N7_E11a_T12b,N7,arxiv_agg_007,aggregate_cross_paper,C,0.75,0.725588347311907,1.0,0.8251961157706357
N7_E11a_T12b,N7,arxiv_agg_008,aggregate_cross_paper,C,0.7777777777777778,0.7821089189881206,1.0,0.8532955655886328
N7_E11a_T12b,N7,arxiv_agg_009,aggregate_cross_paper,C,0.6666666666666666,0.9386215901284293,0.5,0.701762752265032
N7_E11a_T12b,N7,arxiv_agg_010,aggregate_cross_paper,C,0.8333333333333334,0.6695373102589849,1.0,0.8342902145307728
N7_E11a_T12b,N7,arxiv_agg_011,aggregate_cross_paper,C,0.7,0.2842864502579677,0.0,0.32809548341932254
N7_E11a_T12b,N7,arxiv_agg_012,aggregate_cross_paper,C,0.625,0.676604720022928,0.0,0.43386824000764274
N7_E11a_T12b,N7,arxiv_agg_013,aggregate_cross_paper,C,1.0,0.626728396963572,1.0,0.8755761323211907
N7_E11a_T12b,N7,arxiv_agg_014,aggregate_cross_paper,C,0.75,0.0,0.0,0.25
N7_E11a_T12b,N7,arxiv_agg_015,aggregate_cross_paper,C,1.0,0.0,0.5,0.5
N7_E11a_T12b,N7,arxiv_agg_016,aggregate_cross_paper,C,1.0,0.0,0.0,0.3333333333333333
N7_E11a_T12b,N7,arxiv_agg_017,aggregate_cross_paper,C,0.5,0.9202373964686985,0.5,0.6400791321562328
N7_E11a_T12b,N7,arxiv_agg_018,aggregate_cross_paper,C,0.4,0.5717544114156408,0.5,0.49058480380521363
N7_E11a_T12b,N7,arxiv_agg_019,aggregate_cross_paper,C,0.8571428571428571,0.5573090815967843,1.0,0.8048173129132138
N7_E11a_T12b,N7,arxiv_agg_020,aggregate_cross_paper,C,1.0,0.7289747192089736,0.5,0.7429915730696579
N7_E11a_T12b,N7,arxiv_agg_021,aggregate_cross_paper,C,0.6666666666666666,0.9311986561758797,0.0,0.5326217742808488
N7_E11a_T12b,N7,arxiv_agg_022,aggregate_cross_paper,C,0.7142857142857143,0.5023858068075281,0.5,0.5722238403644141
N7_E11a_T12b,N7,arxiv_agg_023,aggregate_cross_paper,C,1.0,0.0,0.0,0.3333333333333333
N7_E11a_T12b,N7,arxiv_agg_024,aggregate_cross_paper,C,0.7,0.8147601733811559,1.0,0.838253391127052
N7_E11a_T12b,N7,arxiv_agg_025,aggregate_cross_paper,C,0.3333333333333333,0.6530875961644255,0.0,0.32880697649925295
N7_E11a_T12b,N7,arxiv_agg_026,aggregate_cross_paper,C,1.0,0.0,0.0,0.3333333333333333
N7_E11a_T12b,N7,arxiv_agg_027,aggregate_cross_paper,C,1.0,0.0,0.0,0.3333333333333333
N7_E11a_T12b,N7,arxiv_agg_028,aggregate_cross_paper,C,1.0,0.6280631769365762,0.0,0.5426877256455254
N7_E11a_T12b,N7,arxiv_agg_029,aggregate_cross_paper,C,1.0,0.5685971391564535,1.0,0.8561990463854845
N7_E11a_T12b,N7,arxiv_agg_030,aggregate_cross_paper,C,0.3333333333333333,0.6558978887929855,0.0,0.32974374070877294
N7_E11a_T12b,N7,arxiv_agg_031,aggregate_cross_paper,C,0.5,0.7516254064243549,0.25,0.5005418021414516
N7_E11a_T12b,N7,arxiv_agg_032,aggregate_cross_paper,C,1.0,0.6118373811315713,1.0,0.8706124603771904
N7_E11a_T12b,N7,arxiv_edge_000,edge_multihop,C,0.8333333333333334,0.7092656649543656,1.0,0.847532999429233
N7_E11a_T12b,N7,arxiv_edge_001,edge_multihop,C,0.7142857142857143,0.8706999982102221,0.5,0.6949952374986456
N7_E11a_T12b,N7,arxiv_edge_002,edge_multihop,C,0.8571428571428571,0.7945694024963235,1.0,0.8839040865463935
N7_E11a_T12b,N7,arxiv_edge_003,edge_multihop,C,1.0,0.7557969175377067,0.0,0.5852656391792356
N7_E11a_T12b,N7,arxiv_edge_004,edge_multihop,C,0.5714285714285714,0.6804873129375376,0.0,0.41730529478870304
N7_E11a_T12b,N7,arxiv_edge_005,edge_multihop,C,0.6,0.719400113696592,0.0,0.439800037898864
N7_E11a_T12b,N7,arxiv_edge_006,edge_multihop,C,1.0,0.0,0.0,0.3333333333333333
N7_E11a_T12b,N7,arxiv_edge_007,edge_multihop,C,0.5,0.6673488504201731,0.0,0.389116283473391
N7_E11a_T12b,N7,arxiv_edge_008,edge_multihop,C,0.0,0.8047667641673808,0.5,0.43492225472246027
N7_E11a_T12b,N7,arxiv_edge_009,edge_multihop,C,0.42857142857142855,0.8584857457746944,0.0,0.42901905811537433
N7_E11a_T12b,N7,arxiv_edge_010,edge_multihop,C,1.0,0.0,0.5,0.5
N7_E11a_T12b,N7,arxiv_edge_011,edge_multihop,C,1.0,0.0,0.0,0.3333333333333333
N7_E11a_T12b,N7,arxiv_edge_012,edge_multihop,C,0.5,0.8591398354672726,0.5,0.6197132784890909
N7_E11a_T12b,N7,arxiv_edge_013,edge_multihop,C,0.7692307692307693,0.6598092413258968,0.0,0.4763466701855554
N7_E11a_T12b,N7,arxiv_edge_014,edge_multihop,C,1.0,0.0,0.0,0.3333333333333333
N7_E11a_T12b,N7,arxiv_edge_015,edge_multihop,C,0.16666666666666666,0.9245939058385608,0.5,0.5304201908350759
N7_E11a_T12b,N7,arxiv_edge_016,edge_multihop,C,0.6666666666666666,0.775465910625411,0.0,0.4807108590973592
N7_E11a_T12b,N7,arxiv_edge_017,edge_multihop,C,0.7777777777777778,0.5937156603416267,0.0,0.4571644793731348
N7_E11a_T12b,N7,arxiv_edge_018,edge_multihop,C,0.6666666666666666,0.8500291325628279,0.0,0.5055652664098315
N7_E11a_T12b,N7,arxiv_edge_019,edge_multihop,C,0.0,0.8718520816080483,0.5,0.4572840272026828
N7_E11a_T12b,N7,arxiv_edge_020,edge_multihop,C,0.75,0.5773441330669785,0.0,0.4424480443556595
N7_E11a_T12b,N7,arxiv_edge_021,edge_multihop,C,0.8333333333333334,0.0,0.0,0.2777777777777778
N7_E11a_T12b,N7,arxiv_edge_022,edge_multihop,C,0.6666666666666666,0.6071230192391734,0.0,0.42459656196861334
N7_E11a_T12b,N7,arxiv_edge_023,edge_multihop,C,0.4,0.7616057728685034,0.0,0.3872019242895011
N7_E11a_T12b,N7,arxiv_edge_024,edge_multihop,C,1.0,0.0,0.0,0.3333333333333333
N7_E11a_T12b,N7,arxiv_edge_025,edge_multihop,C,0.75,0.8123380736558072,0.0,0.5207793578852691
N7_E11a_T12b,N7,arxiv_edge_026,edge_multihop,C,0.875,0.8390249695178209,1.0,0.9046749898392736
N7_E11a_T12b,N7,arxiv_edge_027,edge_multihop,C,0.16666666666666666,0.6766885295456712,0.0,0.28111839873744593
N7_E11a_T12b,N7,arxiv_edge_028,edge_multihop,C,0.8,0.6337567419976238,0.0,0.47791891399920794
N7_E11a_T12b,N7,arxiv_edge_029,edge_multihop,C,0.8,0.9247217756249193,0.5,0.7415739252083066
N7_E11a_T12b,N7,arxiv_edge_030,edge_multihop,C,0.5,0.851200139652724,0.5,0.6170667132175747
N7_E11a_T12b,N7,arxiv_edge_031,edge_multihop,C,0.3333333333333333,0.857100011041877,0.5,0.5634777814584034
N7_E11a_T12b,N7,arxiv_edge_032,edge_multihop,C,0.8,0.0,0.0,0.26666666666666666
N7_E11a_T12b,N7,arxiv_edge_033,edge_multihop,C,0.75,0.6375790629432431,0.0,0.4625263543144144
N7_E11b_T12a,N7,arxiv_sh_000,single_specific,C,1.0,0.0,0.0,0.3333333333333333
N7_E11b_T12a,N7,arxiv_sh_001,single_specific,C,0.3333333333333333,0.0,0.0,0.1111111111111111
N7_E11b_T12a,N7,arxiv_sh_002,single_specific,C,1.0,0.0,0.0,0.3333333333333333
N7_E11b_T12a,N7,arxiv_sh_003,single_specific,C,1.0,0.0,0.0,0.3333333333333333
N7_E11b_T12a,N7,arxiv_sh_004,single_specific,C,1.0,0.0,0.0,0.3333333333333333
N7_E11b_T12a,N7,arxiv_sh_005,single_specific,C,1.0,0.0,0.0,0.3333333333333333
N7_E11b_T12a,N7,arxiv_sh_006,single_specific,C,1.0,0.0,0.0,0.3333333333333333
N7_E11b_T12a,N7,arxiv_sh_007,single_specific,C,1.0,0.0,0.0,0.3333333333333333
N7_E11b_T12a,N7,arxiv_sh_008,single_specific,C,1.0,0.0,0.0,0.3333333333333333
N7_E11b_T12a,N7,arxiv_sh_009,single_specific,C,1.0,0.0,0.0,0.3333333333333333
N7_E11b_T12a,N7,arxiv_sh_010,single_specific,C,1.0,0.0,0.0,0.3333333333333333
N7_E11b_T12a,N7,arxiv_sh_011,single_specific,C,1.0,0.0,0.0,0.3333333333333333
N7_E11b_T12a,N7,arxiv_sh_012,single_specific,C,0.75,0.5746019814075822,0.0,0.4415339938025274
N7_E11b_T12a,N7,arxiv_sh_013,single_specific,C,0.5,0.0,0.0,0.16666666666666666
N7_E11b_T12a,N7,arxiv_sh_014,single_specific,C,1.0,0.0,0.0,0.3333333333333333
N7_E11b_T12a,N7,arxiv_sh_015,single_specific,C,0.5,0.9575935861462131,0.0,0.48586452871540436
N7_E11b_T12a,N7,arxiv_sh_016,single_specific,C,1.0,0.0,0.0,0.3333333333333333
N7_E11b_T12a,N7,arxiv_sh_017,single_specific,C,1.0,0.9412898757627653,0.0,0.647096625254255
N7_E11b_T12a,N7,arxiv_sh_018,single_specific,C,0.0,0.0,0.0,0.0
N7_E11b_T12a,N7,arxiv_sh_019,single_specific,C,1.0,0.0,0.0,0.3333333333333333
N7_E11b_T12a,N7,arxiv_sh_020,single_specific,C,1.0,0.0,0.0,0.3333333333333333
N7_E11b_T12a,N7,arxiv_sh_021,single_specific,C,1.0,0.0,0.0,0.3333333333333333
N7_E11b_T12a,N7,arxiv_sh_022,single_specific,C,1.0,0.0,0.0,0.3333333333333333
N7_E11b_T12a,N7,arxiv_sh_023,single_specific,C,0.0,0.8427546111182794,0.0,0.28091820370609316
N7_E11b_T12a,N7,arxiv_sh_024,single_specific,C,1.0,0.8915665678165592,1.0,0.9638555226055198
N7_E11b_T12a,N7,arxiv_sh_025,single_specific,C,1.0,0.0,0.0,0.3333333333333333
N7_E11b_T12a,N7,arxiv_sh_026,single_specific,C,1.0,0.0,0.0,0.3333333333333333
N7_E11b_T12a,N7,arxiv_sh_027,single_specific,C,1.0,0.0,0.0,0.3333333333333333
N7_E11b_T12a,N7,arxiv_sh_028,single_specific,C,1.0,0.0,0.0,0.3333333333333333
N7_E11b_T12a,N7,arxiv_sh_029,single_specific,C,1.0,0.0,0.0,0.3333333333333333
N7_E11b_T12a,N7,arxiv_sh_030,single_specific,C,1.0,0.0,0.0,0.3333333333333333
N7_E11b_T12a,N7,arxiv_sh_031,single_specific,C,0.0,0.9311036003908854,0.0,0.31036786679696177
N7_E11b_T12a,N7,arxiv_sh_032,single_specific,C,1.0,0.9652727615726476,1.0,0.9884242538575493
N7_E11b_T12a,N7,arxiv_sh_033,single_specific,C,1.0,0.7226159328953196,0.0,0.5742053109651065
N7_E11b_T12a,N7,arxiv_sh_034,single_specific,C,1.0,0.0,0.0,0.3333333333333333
N7_E11b_T12a,N7,arxiv_agg_000,aggregate_cross_paper,C,1.0,0.0,0.0,0.3333333333333333
N7_E11b_T12a,N7,arxiv_agg_001,aggregate_cross_paper,C,1.0,0.0,0.0,0.3333333333333333
N7_E11b_T12a,N7,arxiv_agg_002,aggregate_cross_paper,C,0.75,0.0,0.0,0.25
N7_E11b_T12a,N7,arxiv_agg_003,aggregate_cross_paper,C,0.0,0.7897925575334138,0.0,0.26326418584447125
N7_E11b_T12a,N7,arxiv_agg_004,aggregate_cross_paper,C,0.3333333333333333,0.0,0.0,0.1111111111111111
N7_E11b_T12a,N7,arxiv_agg_005,aggregate_cross_paper,C,0.7777777777777778,0.8338512970615078,0.0,0.5372096916130952
N7_E11b_T12a,N7,arxiv_agg_006,aggregate_cross_paper,C,0.75,0.0,0.0,0.25
N7_E11b_T12a,N7,arxiv_agg_007,aggregate_cross_paper,C,0.75,0.0,0.0,0.25
N7_E11b_T12a,N7,arxiv_agg_008,aggregate_cross_paper,C,1.0,0.0,0.0,0.3333333333333333
N7_E11b_T12a,N7,arxiv_agg_009,aggregate_cross_paper,C,1.0,0.0,0.0,0.3333333333333333
N7_E11b_T12a,N7,arxiv_agg_010,aggregate_cross_paper,C,0.5714285714285714,0.767392692231494,1.0,0.7796070878866885
N7_E11b_T12a,N7,arxiv_agg_011,aggregate_cross_paper,C,1.0,0.0,0.0,0.3333333333333333
N7_E11b_T12a,N7,arxiv_agg_012,aggregate_cross_paper,C,1.0,0.666961309781016,0.0,0.5556537699270053
N7_E11b_T12a,N7,arxiv_agg_013,aggregate_cross_paper,C,0.75,0.9336999924570192,0.0,0.5612333308190064
N7_E11b_T12a,N7,arxiv_agg_014,aggregate_cross_paper,C,1.0,0.0,0.0,0.3333333333333333
N7_E11b_T12a,N7,arxiv_agg_015,aggregate_cross_paper,C,1.0,0.0,0.0,0.3333333333333333
N7_E11b_T12a,N7,arxiv_agg_016,aggregate_cross_paper,C,0.25,0.8769884642610131,0.0,0.3756628214203377
N7_E11b_T12a,N7,arxiv_agg_017,aggregate_cross_paper,C,1.0,0.0,0.0,0.3333333333333333
N7_E11b_T12a,N7,arxiv_agg_018,aggregate_cross_paper,C,1.0,0.0,0.0,0.3333333333333333
N7_E11b_T12a,N7,arxiv_agg_019,aggregate_cross_paper,C,0.875,0.455321096124925,0.0,0.443440365374975
N7_E11b_T12a,N7,arxiv_agg_020,aggregate_cross_paper,C,0.5555555555555556,0.6921748289921031,0.0,0.41591012818255296
N7_E11b_T12a,N7,arxiv_agg_021,aggregate_cross_paper,C,1.0,0.0,0.0,0.3333333333333333
N7_E11b_T12a,N7,arxiv_agg_022,aggregate_cross_paper,C,0.8333333333333334,0.5946976683621893,0.0,0.47601033389850755
N7_E11b_T12a,N7,arxiv_agg_023,aggregate_cross_paper,C,0.2857142857142857,0.6877672462888307,0.0,0.3244938440010388
N7_E11b_T12a,N7,arxiv_agg_024,aggregate_cross_paper,C,0.6666666666666666,0.0,0.0,0.2222222222222222
N7_E11b_T12a,N7,arxiv_agg_025,aggregate_cross_paper,C,0.4,0.0,0.0,0.13333333333333333
N7_E11b_T12a,N7,arxiv_agg_026,aggregate_cross_paper,C,0.75,0.0,0.0,0.25
N7_E11b_T12a,N7,arxiv_agg_027,aggregate_cross_paper,C,0.16666666666666666,0.6733587178240891,0.0,0.28000846149691855
N7_E11b_T12a,N7,arxiv_agg_028,aggregate_cross_paper,C,1.0,0.0,0.0,0.3333333333333333
N7_E11b_T12a,N7,arxiv_agg_029,aggregate_cross_paper,C,0.8888888888888888,0.0,0.0,0.2962962962962963
N7_E11b_T12a,N7,arxiv_agg_030,aggregate_cross_paper,C,0.75,0.0,0.0,0.25
N7_E11b_T12a,N7,arxiv_agg_031,aggregate_cross_paper,C,1.0,0.0,0.0,0.3333333333333333
N7_E11b_T12a,N7,arxiv_agg_032,aggregate_cross_paper,C,1.0,0.9208953216622304,0.0,0.6402984405540768
N7_E11b_T12a,N7,arxiv_edge_000,edge_multihop,C,1.0,0.0,0.0,0.3333333333333333
N7_E11b_T12a,N7,arxiv_edge_001,edge_multihop,C,0.75,0.0,0.0,0.25
N7_E11b_T12a,N7,arxiv_edge_002,edge_multihop,C,0.42857142857142855,0.0,0.5,0.30952380952380953
N7_E11b_T12a,N7,arxiv_edge_003,edge_multihop,C,1.0,0.0,0.0,0.3333333333333333
N7_E11b_T12a,N7,arxiv_edge_004,edge_multihop,C,1.0,0.0,0.0,0.3333333333333333
N7_E11b_T12a,N7,arxiv_edge_005,edge_multihop,C,0.6666666666666666,0.0,0.0,0.2222222222222222
N7_E11b_T12a,N7,arxiv_edge_006,edge_multihop,C,1.0,0.0,0.0,0.3333333333333333
N7_E11b_T12a,N7,arxiv_edge_007,edge_multihop,C,0.5,0.0,0.0,0.16666666666666666
N7_E11b_T12a,N7,arxiv_edge_008,edge_multihop,C,1.0,0.0,0.0,0.3333333333333333
N7_E11b_T12a,N7,arxiv_edge_009,edge_multihop,C,1.0,0.0,0.0,0.3333333333333333
N7_E11b_T12a,N7,arxiv_edge_010,edge_multihop,C,1.0,0.0,0.0,0.3333333333333333
N7_E11b_T12a,N7,arxiv_edge_011,edge_multihop,C,1.0,0.0,0.0,0.3333333333333333
N7_E11b_T12a,N7,arxiv_edge_012,edge_multihop,C,1.0,0.0,0.0,0.3333333333333333
N7_E11b_T12a,N7,arxiv_edge_013,edge_multihop,C,1.0,0.0,0.0,0.3333333333333333
N7_E11b_T12a,N7,arxiv_edge_014,edge_multihop,C,0.75,0.0,0.0,0.25
N7_E11b_T12a,N7,arxiv_edge_015,edge_multihop,C,1.0,0.0,0.0,0.3333333333333333
N7_E11b_T12a,N7,arxiv_edge_016,edge_multihop,C,0.75,0.0,0.0,0.25
N7_E11b_T12a,N7,arxiv_edge_017,edge_multihop,C,1.0,0.0,0.0,0.3333333333333333
N7_E11b_T12a,N7,arxiv_edge_018,edge_multihop,C,0.75,0.0,0.0,0.25
N7_E11b_T12a,N7,arxiv_edge_019,edge_multihop,C,1.0,0.0,0.0,0.3333333333333333
N7_E11b_T12a,N7,arxiv_edge_020,edge_multihop,C,0.4,0.6212528942922355,0.0,0.34041763143074516
N7_E11b_T12a,N7,arxiv_edge_021,edge_multihop,C,1.0,0.0,0.0,0.3333333333333333
N7_E11b_T12a,N7,arxiv_edge_022,edge_multihop,C,1.0,0.0,0.0,0.3333333333333333
N7_E11b_T12a,N7,arxiv_edge_023,edge_multihop,C,1.0,0.0,0.0,0.3333333333333333
N7_E11b_T12a,N7,arxiv_edge_024,edge_multihop,C,1.0,0.0,0.0,0.3333333333333333
N7_E11b_T12a,N7,arxiv_edge_025,edge_multihop,C,0.75,0.0,0.0,0.25
N7_E11b_T12a,N7,arxiv_edge_026,edge_multihop,C,1.0,0.0,0.0,0.3333333333333333
N7_E11b_T12a,N7,arxiv_edge_027,edge_multihop,C,0.75,0.0,0.0,0.25
N7_E11b_T12a,N7,arxiv_edge_028,edge_multihop,C,1.0,0.0,0.0,0.3333333333333333
N7_E11b_T12a,N7,arxiv_edge_029,edge_multihop,C,1.0,0.0,0.0,0.3333333333333333
N7_E11b_T12a,N7,arxiv_edge_030,edge_multihop,C,1.0,0.0,0.0,0.3333333333333333
N7_E11b_T12a,N7,arxiv_edge_031,edge_multihop,C,1.0,0.0,0.0,0.3333333333333333
N7_E11b_T12a,N7,arxiv_edge_032,edge_multihop,C,1.0,0.0,0.0,0.3333333333333333
N7_E11b_T12a,N7,arxiv_edge_033,edge_multihop,C,1.0,0.0,0.0,0.3333333333333333
N7_E11b_T12b,N7,arxiv_sh_000,single_specific,C,0.6666666666666666,0.0,0.0,0.2222222222222222
N7_E11b_T12b,N7,arxiv_sh_001,single_specific,C,0.3333333333333333,0.0,0.0,0.1111111111111111
N7_E11b_T12b,N7,arxiv_sh_002,single_specific,C,1.0,0.0,0.0,0.3333333333333333
N7_E11b_T12b,N7,arxiv_sh_003,single_specific,C,1.0,0.0,0.0,0.3333333333333333
N7_E11b_T12b,N7,arxiv_sh_004,single_specific,C,1.0,0.0,0.0,0.3333333333333333
N7_E11b_T12b,N7,arxiv_sh_005,single_specific,C,1.0,0.0,0.0,0.3333333333333333
N7_E11b_T12b,N7,arxiv_sh_006,single_specific,C,1.0,0.0,0.0,0.3333333333333333
N7_E11b_T12b,N7,arxiv_sh_007,single_specific,C,0.5,0.0,0.0,0.16666666666666666
N7_E11b_T12b,N7,arxiv_sh_008,single_specific,C,1.0,0.0,0.0,0.3333333333333333
N7_E11b_T12b,N7,arxiv_sh_009,single_specific,C,1.0,0.0,0.0,0.3333333333333333
N7_E11b_T12b,N7,arxiv_sh_010,single_specific,C,1.0,0.0,0.0,0.3333333333333333
N7_E11b_T12b,N7,arxiv_sh_011,single_specific,C,1.0,0.0,0.0,0.3333333333333333
N7_E11b_T12b,N7,arxiv_sh_012,single_specific,C,0.5,0.5721533053073394,0.0,0.3573844351024465
N7_E11b_T12b,N7,arxiv_sh_013,single_specific,C,0.0,0.9999996155418517,0.0,0.3333332051806172
N7_E11b_T12b,N7,arxiv_sh_014,single_specific,C,1.0,0.0,0.0,0.3333333333333333
N7_E11b_T12b,N7,arxiv_sh_015,single_specific,C,0.5,0.9576127208322683,0.0,0.4858709069440894
N7_E11b_T12b,N7,arxiv_sh_016,single_specific,C,1.0,0.0,0.0,0.3333333333333333
N7_E11b_T12b,N7,arxiv_sh_017,single_specific,C,1.0,0.9412898757627653,0.0,0.647096625254255
N7_E11b_T12b,N7,arxiv_sh_018,single_specific,C,0.0,0.0,0.0,0.0
N7_E11b_T12b,N7,arxiv_sh_019,single_specific,C,0.5,0.0,0.0,0.16666666666666666
N7_E11b_T12b,N7,arxiv_sh_020,single_specific,C,1.0,0.0,0.0,0.3333333333333333
N7_E11b_T12b,N7,arxiv_sh_021,single_specific,C,1.0,0.0,0.0,0.3333333333333333
N7_E11b_T12b,N7,arxiv_sh_022,single_specific,C,1.0,0.0,0.0,0.3333333333333333
N7_E11b_T12b,N7,arxiv_sh_023,single_specific,C,0.0,0.8404292868009938,0.0,0.2801430956003313
N7_E11b_T12b,N7,arxiv_sh_024,single_specific,C,1.0,0.8915665678165592,1.0,0.9638555226055198
N7_E11b_T12b,N7,arxiv_sh_025,single_specific,C,1.0,0.0,0.0,0.3333333333333333
N7_E11b_T12b,N7,arxiv_sh_026,single_specific,C,1.0,0.0,0.0,0.3333333333333333
N7_E11b_T12b,N7,arxiv_sh_027,single_specific,C,1.0,0.0,0.0,0.3333333333333333
N7_E11b_T12b,N7,arxiv_sh_028,single_specific,C,1.0,0.0,0.0,0.3333333333333333
N7_E11b_T12b,N7,arxiv_sh_029,single_specific,C,1.0,0.0,0.0,0.3333333333333333
N7_E11b_T12b,N7,arxiv_sh_030,single_specific,C,1.0,0.0,0.0,0.3333333333333333
N7_E11b_T12b,N7,arxiv_sh_031,single_specific,C,0.0,0.930798168537736,0.0,0.31026605617924535
N7_E11b_T12b,N7,arxiv_sh_032,single_specific,C,1.0,0.9652723829069941,1.0,0.9884241276356648
N7_E11b_T12b,N7,arxiv_sh_033,single_specific,C,0.0,0.722633729631668,0.0,0.24087790987722268
N7_E11b_T12b,N7,arxiv_sh_034,single_specific,C,1.0,0.0,0.0,0.3333333333333333
N7_E11b_T12b,N7,arxiv_agg_000,aggregate_cross_paper,C,0.75,0.0,0.0,0.25
N7_E11b_T12b,N7,arxiv_agg_001,aggregate_cross_paper,C,1.0,0.0,0.0,0.3333333333333333
N7_E11b_T12b,N7,arxiv_agg_002,aggregate_cross_paper,C,0.75,0.0,0.0,0.25
N7_E11b_T12b,N7,arxiv_agg_003,aggregate_cross_paper,C,0.0,0.7903240219014512,0.0,0.2634413406338171
N7_E11b_T12b,N7,arxiv_agg_004,aggregate_cross_paper,C,0.3333333333333333,0.0,0.0,0.1111111111111111
N7_E11b_T12b,N7,arxiv_agg_005,aggregate_cross_paper,C,1.0,0.7981051035647976,0.0,0.5993683678549325
N7_E11b_T12b,N7,arxiv_agg_006,aggregate_cross_paper,C,0.75,0.0,0.0,0.25
N7_E11b_T12b,N7,arxiv_agg_007,aggregate_cross_paper,C,0.75,0.0,0.0,0.25
N7_E11b_T12b,N7,arxiv_agg_008,aggregate_cross_paper,C,0.4444444444444444,0.7721693600908345,0.0,0.405537934845093
N7_E11b_T12b,N7,arxiv_agg_009,aggregate_cross_paper,C,1.0,0.0,0.0,0.3333333333333333
N7_E11b_T12b,N7,arxiv_agg_010,aggregate_cross_paper,C,0.8571428571428571,0.7672827857262478,1.0,0.8748085476230351
N7_E11b_T12b,N7,arxiv_agg_011,aggregate_cross_paper,C,1.0,0.0,0.0,0.3333333333333333
N7_E11b_T12b,N7,arxiv_agg_012,aggregate_cross_paper,C,0.5714285714285714,0.7158386760068791,0.0,0.4290890824784835
N7_E11b_T12b,N7,arxiv_agg_013,aggregate_cross_paper,C,0.8571428571428571,0.9336999924570192,0.0,0.5969476165332921
N7_E11b_T12b,N7,arxiv_agg_014,aggregate_cross_paper,C,1.0,0.0,0.0,0.3333333333333333
N7_E11b_T12b,N7,arxiv_agg_015,aggregate_cross_paper,C,1.0,0.0,0.0,0.3333333333333333
N7_E11b_T12b,N7,arxiv_agg_016,aggregate_cross_paper,C,1.0,0.8769806782846428,0.0,0.6256602260948809
N7_E11b_T12b,N7,arxiv_agg_017,aggregate_cross_paper,C,1.0,0.0,0.0,0.3333333333333333
N7_E11b_T12b,N7,arxiv_agg_018,aggregate_cross_paper,C,0.75,0.0,0.0,0.25
N7_E11b_T12b,N7,arxiv_agg_019,aggregate_cross_paper,C,0.875,0.45530687309194057,0.0,0.44343562436398015
N7_E11b_T12b,N7,arxiv_agg_020,aggregate_cross_paper,C,0.75,0.6921748289921031,0.0,0.4807249429973677
N7_E11b_T12b,N7,arxiv_agg_021,aggregate_cross_paper,C,1.0,0.0,0.0,0.3333333333333333
N7_E11b_T12b,N7,arxiv_agg_022,aggregate_cross_paper,C,0.8333333333333334,0.5946840205940785,0.0,0.4760057846424706
N7_E11b_T12b,N7,arxiv_agg_023,aggregate_cross_paper,C,1.0,0.0,0.0,0.3333333333333333
N7_E11b_T12b,N7,arxiv_agg_024,aggregate_cross_paper,C,0.8333333333333334,0.0,0.0,0.2777777777777778
N7_E11b_T12b,N7,arxiv_agg_025,aggregate_cross_paper,C,0.6,0.0,0.0,0.19999999999999998
N7_E11b_T12b,N7,arxiv_agg_026,aggregate_cross_paper,C,0.75,0.0,0.0,0.25
N7_E11b_T12b,N7,arxiv_agg_027,aggregate_cross_paper,C,0.16666666666666666,0.6728431069991337,0.0,0.27983659122193344
N7_E11b_T12b,N7,arxiv_agg_028,aggregate_cross_paper,C,1.0,0.0,0.0,0.3333333333333333
N7_E11b_T12b,N7,arxiv_agg_029,aggregate_cross_paper,C,0.8888888888888888,0.8387012849768697,0.0,0.5758633912885861
N7_E11b_T12b,N7,arxiv_agg_030,aggregate_cross_paper,C,0.75,0.0,0.0,0.25
N7_E11b_T12b,N7,arxiv_agg_031,aggregate_cross_paper,C,0.75,0.0,0.0,0.25
N7_E11b_T12b,N7,arxiv_agg_032,aggregate_cross_paper,C,1.0,0.922399944242502,0.0,0.6407999814141673
N7_E11b_T12b,N7,arxiv_edge_000,edge_multihop,C,1.0,0.0,0.0,0.3333333333333333
N7_E11b_T12b,N7,arxiv_edge_001,edge_multihop,C,0.75,0.0,0.0,0.25
N7_E11b_T12b,N7,arxiv_edge_002,edge_multihop,C,0.42857142857142855,0.0,0.0,0.14285714285714285
N7_E11b_T12b,N7,arxiv_edge_003,edge_multihop,C,1.0,0.0,0.0,0.3333333333333333
N7_E11b_T12b,N7,arxiv_edge_004,edge_multihop,C,1.0,0.0,0.0,0.3333333333333333
N7_E11b_T12b,N7,arxiv_edge_005,edge_multihop,C,1.0,0.0,0.0,0.3333333333333333
N7_E11b_T12b,N7,arxiv_edge_006,edge_multihop,C,1.0,0.0,0.0,0.3333333333333333
N7_E11b_T12b,N7,arxiv_edge_007,edge_multihop,C,0.5,0.0,0.0,0.16666666666666666
N7_E11b_T12b,N7,arxiv_edge_008,edge_multihop,C,1.0,0.0,0.0,0.3333333333333333
N7_E11b_T12b,N7,arxiv_edge_009,edge_multihop,C,1.0,0.0,0.0,0.3333333333333333
N7_E11b_T12b,N7,arxiv_edge_010,edge_multihop,C,0.6666666666666666,0.0,0.0,0.2222222222222222
N7_E11b_T12b,N7,arxiv_edge_011,edge_multihop,C,1.0,0.0,0.0,0.3333333333333333
N7_E11b_T12b,N7,arxiv_edge_012,edge_multihop,C,1.0,0.0,0.0,0.3333333333333333
N7_E11b_T12b,N7,arxiv_edge_013,edge_multihop,C,1.0,0.0,0.0,0.3333333333333333
N7_E11b_T12b,N7,arxiv_edge_014,edge_multihop,C,1.0,0.0,0.0,0.3333333333333333
N7_E11b_T12b,N7,arxiv_edge_015,edge_multihop,C,1.0,0.0,0.0,0.3333333333333333
N7_E11b_T12b,N7,arxiv_edge_016,edge_multihop,C,0.75,0.0,0.0,0.25
N7_E11b_T12b,N7,arxiv_edge_017,edge_multihop,C,1.0,0.0,0.0,0.3333333333333333
N7_E11b_T12b,N7,arxiv_edge_018,edge_multihop,C,0.75,0.0,0.0,0.25
N7_E11b_T12b,N7,arxiv_edge_019,edge_multihop,C,1.0,0.0,0.0,0.3333333333333333
N7_E11b_T12b,N7,arxiv_edge_020,edge_multihop,C,0.16666666666666666,0.5692970832693419,0.0,0.24532124997866953
N7_E11b_T12b,N7,arxiv_edge_021,edge_multihop,C,1.0,0.0,0.0,0.3333333333333333
N7_E11b_T12b,N7,arxiv_edge_022,edge_multihop,C,1.0,0.0,0.0,0.3333333333333333
N7_E11b_T12b,N7,arxiv_edge_023,edge_multihop,C,1.0,0.0,0.0,0.3333333333333333
N7_E11b_T12b,N7,arxiv_edge_024,edge_multihop,C,0.75,0.0,0.0,0.25
N7_E11b_T12b,N7,arxiv_edge_025,edge_multihop,C,1.0,0.0,0.0,0.3333333333333333
N7_E11b_T12b,N7,arxiv_edge_026,edge_multihop,C,1.0,0.0,0.0,0.3333333333333333
N7_E11b_T12b,N7,arxiv_edge_027,edge_multihop,C,1.0,0.0,0.0,0.3333333333333333
N7_E11b_T12b,N7,arxiv_edge_028,edge_multihop,C,1.0,0.0,0.0,0.3333333333333333
N7_E11b_T12b,N7,arxiv_edge_029,edge_multihop,C,1.0,0.0,0.0,0.3333333333333333
N7_E11b_T12b,N7,arxiv_edge_030,edge_multihop,C,1.0,0.0,0.0,0.3333333333333333
N7_E11b_T12b,N7,arxiv_edge_031,edge_multihop,C,1.0,0.0,0.0,0.3333333333333333
N7_E11b_T12b,N7,arxiv_edge_032,edge_multihop,C,1.0,0.0,0.0,0.3333333333333333
N7_E11b_T12b,N7,arxiv_edge_033,edge_multihop,C,1.0,0.0,0.0,0.3333333333333333
N8_E10b_T12a,N8,arxiv_sh_000,single_specific,C,0.5,0.0,1.0,0.5
N8_E10b_T12a,N8,arxiv_sh_001,single_specific,C,1.0,0.8850171833125166,1.0,0.9616723944375055
N8_E10b_T12a,N8,arxiv_sh_002,single_specific,C,1.0,0.875480010446087,0.5,0.7918266701486957
N8_E10b_T12a,N8,arxiv_sh_003,single_specific,C,1.0,0.6943104512475715,1.0,0.8981034837491905
N8_E10b_T12a,N8,arxiv_sh_004,single_specific,C,1.0,0.739431216617672,1.0,0.9131437388725573
N8_E10b_T12a,N8,arxiv_sh_005,single_specific,C,1.0,0.7931613943215864,1.0,0.9310537981071955
N8_E10b_T12a,N8,arxiv_sh_006,single_specific,C,0.5,0.8716222495382334,1.0,0.7905407498460778
N8_E10b_T12a,N8,arxiv_sh_007,single_specific,C,1.0,0.0,0.0,0.3333333333333333
N8_E10b_T12a,N8,arxiv_sh_008,single_specific,C,0.0,0.0,1.0,0.3333333333333333
N8_E10b_T12a,N8,arxiv_sh_009,single_specific,C,1.0,0.9448150844406066,1.0,0.9816050281468689
N8_E10b_T12a,N8,arxiv_sh_010,single_specific,C,0.5,0.9521320285621465,0.0,0.4840440095207155
N8_E10b_T12a,N8,arxiv_sh_011,single_specific,C,1.0,0.8223346682131826,1.0,0.9407782227377276
N8_E10b_T12a,N8,arxiv_sh_012,single_specific,C,1.0,0.9999996532174517,1.0,0.9999998844058172
N8_E10b_T12a,N8,arxiv_sh_013,single_specific,C,1.0,1.0,1.0,1.0
N8_E10b_T12a,N8,arxiv_sh_014,single_specific,C,1.0,0.8251332964945753,1.0,0.941711098831525
N8_E10b_T12a,N8,arxiv_sh_015,single_specific,C,1.0,0.6334186242241916,1.0,0.8778062080747305
N8_E10b_T12a,N8,arxiv_sh_016,single_specific,C,1.0,0.0,1.0,0.6666666666666666
N8_E10b_T12a,N8,arxiv_sh_017,single_specific,C,1.0,0.8278025551986213,1.0,0.9426008517328738
N8_E10b_T12a,N8,arxiv_sh_018,single_specific,C,1.0,0.7903834972318168,1.0,0.9301278324106056
N8_E10b_T12a,N8,arxiv_sh_019,single_specific,C,0.25,0.9999996833837722,1.0,0.7499998944612574
N8_E10b_T12a,N8,arxiv_sh_020,single_specific,C,1.0,0.9805711854873538,1.0,0.9935237284957846
N8_E10b_T12a,N8,arxiv_sh_021,single_specific,C,1.0,0.9315234917216791,0.0,0.6438411639072265
N8_E10b_T12a,N8,arxiv_sh_022,single_specific,C,1.0,0.0,0.0,0.3333333333333333
N8_E10b_T12a,N8,arxiv_sh_023,single_specific,C,1.0,0.8318427190973191,1.0,0.9439475730324397
N8_E10b_T12a,N8,arxiv_sh_024,single_specific,C,1.0,0.9627833400778432,1.0,0.9875944466926144
N8_E10b_T12a,N8,arxiv_sh_025,single_specific,C,0.75,0.8549044068966992,0.5,0.7016348022988997
N8_E10b_T12a,N8,arxiv_sh_026,single_specific,C,1.0,0.9092549574614455,1.0,0.9697516524871485
N8_E10b_T12a,N8,arxiv_sh_027,single_specific,C,1.0,0.0,0.0,0.3333333333333333
N8_E10b_T12a,N8,arxiv_sh_028,single_specific,C,0.0,0.0,1.0,0.3333333333333333
N8_E10b_T12a,N8,arxiv_sh_029,single_specific,C,1.0,0.9676449082094809,1.0,0.9892149694031603
N8_E10b_T12a,N8,arxiv_sh_030,single_specific,C,1.0,0.9521889081094428,1.0,0.9840629693698143
N8_E10b_T12a,N8,arxiv_sh_031,single_specific,C,0.6666666666666666,0.9506760769490318,0.0,0.5391142478718994
N8_E10b_T12a,N8,arxiv_sh_032,single_specific,C,1.0,0.9568246627740087,1.0,0.9856082209246696
N8_E10b_T12a,N8,arxiv_sh_033,single_specific,C,1.0,0.8563254743681646,0.0,0.6187751581227215
N8_E10b_T12a,N8,arxiv_sh_034,single_specific,C,1.0,0.9803398705965775,1.0,0.9934466235321925
N8_E10b_T12a,N8,arxiv_agg_000,aggregate_cross_paper,C,1.0,0.712380875313114,1.0,0.9041269584377046
N8_E10b_T12a,N8,arxiv_agg_001,aggregate_cross_paper,C,0.6666666666666666,0.6987117822827568,0.0,0.4551261496498078
N8_E10b_T12a,N8,arxiv_agg_002,aggregate_cross_paper,C,0.75,0.0,0.0,0.25
N8_E10b_T12a,N8,arxiv_agg_003,aggregate_cross_paper,C,0.8181818181818182,0.7843380865338304,0.0,0.5341733015718829
N8_E10b_T12a,N8,arxiv_agg_004,aggregate_cross_paper,C,1.0,0.5665424874058848,1.0,0.8555141624686282
N8_E10b_T12a,N8,arxiv_agg_005,aggregate_cross_paper,C,1.0,0.7981266370105358,1.0,0.932708879003512
N8_E10b_T12a,N8,arxiv_agg_006,aggregate_cross_paper,C,0.6,0.7045118843230279,0.5,0.6015039614410093
N8_E10b_T12a,N8,arxiv_agg_007,aggregate_cross_paper,C,1.0,0.7369492722007532,1.0,0.9123164240669177
N8_E10b_T12a,N8,arxiv_agg_008,aggregate_cross_paper,C,1.0,0.7705454877096254,1.0,0.9235151625698751
N8_E10b_T12a,N8,arxiv_agg_009,aggregate_cross_paper,C,0.7142857142857143,0.792616693130498,0.25,0.5856341358054041
N8_E10b_T12a,N8,arxiv_agg_010,aggregate_cross_paper,C,0.875,0.5913098761226228,1.0,0.8221032920408743
N8_E10b_T12a,N8,arxiv_agg_011,aggregate_cross_paper,C,0.6666666666666666,0.0,0.0,0.2222222222222222
N8_E10b_T12a,N8,arxiv_agg_012,aggregate_cross_paper,C,0.7777777777777778,0.8245496326459648,0.0,0.5341091368079142
N8_E10b_T12a,N8,arxiv_agg_013,aggregate_cross_paper,C,1.0,0.6492958883798254,1.0,0.8830986294599418
N8_E10b_T12a,N8,arxiv_agg_014,aggregate_cross_paper,C,0.75,0.0,0.0,0.25
N8_E10b_T12a,N8,arxiv_agg_015,aggregate_cross_paper,C,0.625,0.0,0.0,0.20833333333333334
N8_E10b_T12a,N8,arxiv_agg_016,aggregate_cross_paper,C,1.0,0.0,0.25,0.4166666666666667
N8_E10b_T12a,N8,arxiv_agg_017,aggregate_cross_paper,C,1.0,0.637641589052162,0.0,0.545880529684054
N8_E10b_T12a,N8,arxiv_agg_018,aggregate_cross_paper,C,0.4,0.0,0.0,0.13333333333333333
N8_E10b_T12a,N8,arxiv_agg_019,aggregate_cross_paper,C,0.6,0.6825981630956882,1.0,0.7608660543652294
N8_E10b_T12a,N8,arxiv_agg_020,aggregate_cross_paper,C,0.7142857142857143,0.7701760235288987,1.0,0.828153912604871
N8_E10b_T12a,N8,arxiv_agg_021,aggregate_cross_paper,C,0.5,0.0,0.5,0.3333333333333333
N8_E10b_T12a,N8,arxiv_agg_022,aggregate_cross_paper,C,1.0,0.7965705223937499,0.5,0.7655235074645833
N8_E10b_T12a,N8,arxiv_agg_023,aggregate_cross_paper,C,0.8,0.6877355615662181,0.0,0.4959118538554061
N8_E10b_T12a,N8,arxiv_agg_024,aggregate_cross_paper,C,0.25,0.9002050132644689,1.0,0.7167350044214896
N8_E10b_T12a,N8,arxiv_agg_025,aggregate_cross_paper,C,0.4,0.0,0.0,0.13333333333333333
N8_E10b_T12a,N8,arxiv_agg_026,aggregate_cross_paper,C,1.0,0.0,0.0,0.3333333333333333
N8_E10b_T12a,N8,arxiv_agg_027,aggregate_cross_paper,C,0.75,0.0,0.0,0.25
N8_E10b_T12a,N8,arxiv_agg_028,aggregate_cross_paper,C,1.0,0.0,0.0,0.3333333333333333
N8_E10b_T12a,N8,arxiv_agg_029,aggregate_cross_paper,C,0.8,0.5973956556746228,1.0,0.7991318852248743
N8_E10b_T12a,N8,arxiv_agg_030,aggregate_cross_paper,C,1.0,0.0,0.0,0.3333333333333333
N8_E10b_T12a,N8,arxiv_agg_031,aggregate_cross_paper,C,0.8,0.7516539175012279,0.5,0.683884639167076
N8_E10b_T12a,N8,arxiv_agg_032,aggregate_cross_paper,C,1.0,0.710347129166783,1.0,0.9034490430555944
N8_E10b_T12a,N8,arxiv_edge_000,edge_multihop,C,1.0,0.6027928247215006,0.75,0.784264274907167
N8_E10b_T12a,N8,arxiv_edge_001,edge_multihop,C,1.0,0.8247800421376529,1.0,0.9415933473792176
N8_E10b_T12a,N8,arxiv_edge_002,edge_multihop,C,1.0,0.8321440551429674,0.5,0.7773813517143225
N8_E10b_T12a,N8,arxiv_edge_003,edge_multihop,C,0.2857142857142857,0.8237049558021864,0.0,0.369806413838824
N8_E10b_T12a,N8,arxiv_edge_004,edge_multihop,C,0.4,0.6293196592787919,0.0,0.34310655309293064
N8_E10b_T12a,N8,arxiv_edge_005,edge_multihop,C,1.0,0.0,1.0,0.6666666666666666
N8_E10b_T12a,N8,arxiv_edge_006,edge_multihop,C,1.0,0.851229454552579,0.0,0.6170764848508598
N8_E10b_T12a,N8,arxiv_edge_007,edge_multihop,C,0.75,0.0,0.0,0.25
N8_E10b_T12a,N8,arxiv_edge_008,edge_multihop,C,0.4,0.6390626944092278,1.0,0.6796875648030759
N8_E10b_T12a,N8,arxiv_edge_009,edge_multihop,C,0.625,0.7344653089492895,1.0,0.7864884363164298
N8_E10b_T12a,N8,arxiv_edge_010,edge_multihop,C,0.5,0.9513281279121236,0.0,0.48377604263737456
N8_E10b_T12a,N8,arxiv_edge_011,edge_multihop,C,1.0,0.7541964328428067,0.0,0.5847321442809356
N8_E10b_T12a,N8,arxiv_edge_012,edge_multihop,C,1.0,0.7279570219515544,0.0,0.5759856739838515
N8_E10b_T12a,N8,arxiv_edge_013,edge_multihop,C,0.75,0.8032358979931623,0.0,0.5177452993310542
N8_E10b_T12a,N8,arxiv_edge_014,edge_multihop,C,1.0,0.6780652372490715,0.0,0.5593550790830238
N8_E10b_T12a,N8,arxiv_edge_015,edge_multihop,C,0.3333333333333333,0.9100739039054607,0.5,0.5811357457462647
N8_E10b_T12a,N8,arxiv_edge_016,edge_multihop,C,0.875,0.7883236655552767,0.0,0.5544412218517589
N8_E10b_T12a,N8,arxiv_edge_017,edge_multihop,C,0.42857142857142855,0.7840888339872519,0.0,0.4042200875195601
N8_E10b_T12a,N8,arxiv_edge_018,edge_multihop,C,0.8333333333333334,0.6689383394211604,0.0,0.5007572242514979
N8_E10b_T12a,N8,arxiv_edge_019,edge_multihop,C,0.7142857142857143,0.8067009984821375,1.0,0.8403289042559505
N8_E10b_T12a,N8,arxiv_edge_020,edge_multihop,C,1.0,0.8303854464984101,1.0,0.94346181549947
N8_E10b_T12a,N8,arxiv_edge_021,edge_multihop,C,0.8,0.7126293987048736,1.0,0.8375431329016245
N8_E10b_T12a,N8,arxiv_edge_022,edge_multihop,C,1.0,0.7598166319811518,1.0,0.9199388773270506
N8_E10b_T12a,N8,arxiv_edge_023,edge_multihop,C,0.5,0.7642462782733993,0.0,0.42141542609113314
N8_E10b_T12a,N8,arxiv_edge_024,edge_multihop,C,1.0,0.0,0.0,0.3333333333333333
N8_E10b_T12a,N8,arxiv_edge_025,edge_multihop,C,0.2857142857142857,0.8167626214257734,0.25,0.45082563571335305
N8_E10b_T12a,N8,arxiv_edge_026,edge_multihop,C,1.0,0.7828968294260369,1.0,0.9276322764753456
N8_E10b_T12a,N8,arxiv_edge_027,edge_multihop,C,0.0,0.0,0.5,0.16666666666666666
N8_E10b_T12a,N8,arxiv_edge_028,edge_multihop,C,0.6666666666666666,0.647976530475311,0.0,0.4382143990473259
N8_E10b_T12a,N8,arxiv_edge_029,edge_multihop,C,1.0,0.0,0.0,0.3333333333333333
N8_E10b_T12a,N8,arxiv_edge_030,edge_multihop,C,0.3333333333333333,0.8152409929360921,0.75,0.6328581087564752
N8_E10b_T12a,N8,arxiv_edge_031,edge_multihop,C,0.6,0.8208067891425547,0.5,0.6402689297141849
N8_E10b_T12a,N8,arxiv_edge_032,edge_multihop,C,0.2,0.713107938160496,0.5,0.471035979386832
N8_E10b_T12a,N8,arxiv_edge_033,edge_multihop,C,0.5714285714285714,0.8285657551941427,0.0,0.46666477554090474
N8_E10b_T12b,N8,arxiv_sh_000,single_specific,C,0.0,0.0,1.0,0.3333333333333333
N8_E10b_T12b,N8,arxiv_sh_001,single_specific,C,1.0,0.8849953519763774,1.0,0.9616651173254591
N8_E10b_T12b,N8,arxiv_sh_002,single_specific,C,1.0,0.8755027745028773,0.5,0.7918342581676258
N8_E10b_T12b,N8,arxiv_sh_003,single_specific,C,1.0,0.6943861619042097,1.0,0.8981287206347366
N8_E10b_T12b,N8,arxiv_sh_004,single_specific,C,1.0,0.739431216617672,1.0,0.9131437388725573
N8_E10b_T12b,N8,arxiv_sh_005,single_specific,C,1.0,0.7901976901484629,1.0,0.9300658967161543
N8_E10b_T12b,N8,arxiv_sh_006,single_specific,C,0.5,0.0,1.0,0.5
N8_E10b_T12b,N8,arxiv_sh_007,single_specific,C,1.0,0.0,0.0,0.3333333333333333
N8_E10b_T12b,N8,arxiv_sh_008,single_specific,C,0.0,0.0,1.0,0.3333333333333333
N8_E10b_T12b,N8,arxiv_sh_009,single_specific,C,1.0,0.9448280252869038,1.0,0.9816093417623013
N8_E10b_T12b,N8,arxiv_sh_010,single_specific,C,0.5,0.9521517228807225,0.0,0.4840505742935742
N8_E10b_T12b,N8,arxiv_sh_011,single_specific,C,1.0,0.8222823298545423,1.0,0.9407607766181808
N8_E10b_T12b,N8,arxiv_sh_012,single_specific,C,1.0,0.9999996445760472,1.0,0.999999881525349
N8_E10b_T12b,N8,arxiv_sh_013,single_specific,C,1.0,1.0,1.0,1.0
N8_E10b_T12b,N8,arxiv_sh_014,single_specific,C,1.0,0.8251332964945753,1.0,0.941711098831525
N8_E10b_T12b,N8,arxiv_sh_015,single_specific,C,1.0,0.6853151607432629,1.0,0.8951050535810876
N8_E10b_T12b,N8,arxiv_sh_016,single_specific,C,1.0,0.0,1.0,0.6666666666666666
N8_E10b_T12b,N8,arxiv_sh_017,single_specific,C,1.0,0.8275253495155064,1.0,0.9425084498385021
N8_E10b_T12b,N8,arxiv_sh_018,single_specific,C,1.0,0.8096337133114527,1.0,0.9365445711038176
N8_E10b_T12b,N8,arxiv_sh_019,single_specific,C,0.25,0.9999996833837722,1.0,0.7499998944612574
N8_E10b_T12b,N8,arxiv_sh_020,single_specific,C,1.0,0.9805711854873538,1.0,0.9935237284957846
N8_E10b_T12b,N8,arxiv_sh_021,single_specific,C,1.0,0.422328799079488,0.0,0.47410959969316263
N8_E10b_T12b,N8,arxiv_sh_022,single_specific,C,1.0,0.0,0.0,0.3333333333333333
N8_E10b_T12b,N8,arxiv_sh_023,single_specific,C,1.0,0.8318427190973191,1.0,0.9439475730324397
N8_E10b_T12b,N8,arxiv_sh_024,single_specific,C,1.0,0.9627887776137043,1.0,0.9875962592045681
N8_E10b_T12b,N8,arxiv_sh_025,single_specific,C,0.8,0.8548779600144493,0.5,0.7182926533381497
N8_E10b_T12b,N8,arxiv_sh_026,single_specific,C,1.0,0.9092494589693786,1.0,0.9697498196564595
N8_E10b_T12b,N8,arxiv_sh_027,single_specific,C,1.0,0.0,0.0,0.3333333333333333
N8_E10b_T12b,N8,arxiv_sh_028,single_specific,C,0.0,0.0,1.0,0.3333333333333333
N8_E10b_T12b,N8,arxiv_sh_029,single_specific,C,1.0,0.9451407382621335,1.0,0.9817135794207111
N8_E10b_T12b,N8,arxiv_sh_030,single_specific,C,1.0,0.9508478274518258,1.0,0.9836159424839419
N8_E10b_T12b,N8,arxiv_sh_031,single_specific,C,0.6666666666666666,0.9504613001642684,0.0,0.5390426556103117
N8_E10b_T12b,N8,arxiv_sh_032,single_specific,C,1.0,0.9566122683696907,1.0,0.9855374227898969
N8_E10b_T12b,N8,arxiv_sh_033,single_specific,C,1.0,0.8563254743681646,0.0,0.6187751581227215
N8_E10b_T12b,N8,arxiv_sh_034,single_specific,C,1.0,0.9803398705965775,1.0,0.9934466235321925
N8_E10b_T12b,N8,arxiv_agg_000,aggregate_cross_paper,C,1.0,0.712380875313114,1.0,0.9041269584377046
N8_E10b_T12b,N8,arxiv_agg_001,aggregate_cross_paper,C,0.6666666666666666,0.7078256376447544,0.0,0.4581641014371403
N8_E10b_T12b,N8,arxiv_agg_002,aggregate_cross_paper,C,0.25,0.0,0.0,0.08333333333333333
N8_E10b_T12b,N8,arxiv_agg_003,aggregate_cross_paper,C,0.5714285714285714,0.784288284974418,0.0,0.4519056188009965
N8_E10b_T12b,N8,arxiv_agg_004,aggregate_cross_paper,C,1.0,0.5665923037698457,1.0,0.8555307679232819
N8_E10b_T12b,N8,arxiv_agg_005,aggregate_cross_paper,C,0.9090909090909091,0.7981050085907834,1.0,0.9023986392272308
N8_E10b_T12b,N8,arxiv_agg_006,aggregate_cross_paper,C,0.42857142857142855,0.7044984984236625,0.5,0.544356642331697
N8_E10b_T12b,N8,arxiv_agg_007,aggregate_cross_paper,C,0.875,0.7369945385599231,1.0,0.870664846186641
N8_E10b_T12b,N8,arxiv_agg_008,aggregate_cross_paper,C,1.0,0.7705409849978441,1.0,0.9235136616659481
N8_E10b_T12b,N8,arxiv_agg_009,aggregate_cross_paper,C,1.0,0.0,0.5,0.5
N8_E10b_T12b,N8,arxiv_agg_010,aggregate_cross_paper,C,0.875,0.5913018665253115,1.0,0.8221006221751038
N8_E10b_T12b,N8,arxiv_agg_011,aggregate_cross_paper,C,0.6666666666666666,0.0,0.0,0.2222222222222222
N8_E10b_T12b,N8,arxiv_agg_012,aggregate_cross_paper,C,0.7777777777777778,0.8245496326459648,0.0,0.5341091368079142
N8_E10b_T12b,N8,arxiv_agg_013,aggregate_cross_paper,C,1.0,0.6472661729062565,1.0,0.8824220576354188
N8_E10b_T12b,N8,arxiv_agg_014,aggregate_cross_paper,C,0.6,0.8729605291307353,0.0,0.4909868430435784
N8_E10b_T12b,N8,arxiv_agg_015,aggregate_cross_paper,C,1.0,0.0,0.0,0.3333333333333333
N8_E10b_T12b,N8,arxiv_agg_016,aggregate_cross_paper,C,1.0,0.7732053319658595,0.5,0.7577351106552865
N8_E10b_T12b,N8,arxiv_agg_017,aggregate_cross_paper,C,1.0,0.6376512095984946,0.0,0.5458837365328315
N8_E10b_T12b,N8,arxiv_agg_018,aggregate_cross_paper,C,0.4,0.0,0.0,0.13333333333333333
N8_E10b_T12b,N8,arxiv_agg_019,aggregate_cross_paper,C,0.6923076923076923,0.6825975303952808,1.0,0.7916350742343243
N8_E10b_T12b,N8,arxiv_agg_020,aggregate_cross_paper,C,1.0,0.7701760235288987,1.0,0.9233920078429662
N8_E10b_T12b,N8,arxiv_agg_021,aggregate_cross_paper,C,0.5,0.0,0.5,0.3333333333333333
N8_E10b_T12b,N8,arxiv_agg_022,aggregate_cross_paper,C,0.7142857142857143,0.7966317576731025,0.5,0.6703058239862724
N8_E10b_T12b,N8,arxiv_agg_023,aggregate_cross_paper,C,0.8333333333333334,0.6877948564543374,0.0,0.5070427299292236
N8_E10b_T12b,N8,arxiv_agg_024,aggregate_cross_paper,C,0.5714285714285714,0.9002318261254585,1.0,0.8238867991846766
N8_E10b_T12b,N8,arxiv_agg_025,aggregate_cross_paper,C,1.0,0.0,0.0,0.3333333333333333
N8_E10b_T12b,N8,arxiv_agg_026,aggregate_cross_paper,C,1.0,0.0,0.0,0.3333333333333333
N8_E10b_T12b,N8,arxiv_agg_027,aggregate_cross_paper,C,1.0,0.0,0.0,0.3333333333333333
N8_E10b_T12b,N8,arxiv_agg_028,aggregate_cross_paper,C,1.0,0.0,0.0,0.3333333333333333
N8_E10b_T12b,N8,arxiv_agg_029,aggregate_cross_paper,C,1.0,0.5973205233166453,1.0,0.8657735077722152
N8_E10b_T12b,N8,arxiv_agg_030,aggregate_cross_paper,C,0.6666666666666666,0.6246444511708577,0.0,0.43043703927917476
N8_E10b_T12b,N8,arxiv_agg_031,aggregate_cross_paper,C,0.8333333333333334,0.7516539175012279,0.5,0.694995750278187
N8_E10b_T12b,N8,arxiv_agg_032,aggregate_cross_paper,C,0.9,0.7091202732110305,1.0,0.8697067577370102
N8_E10b_T12b,N8,arxiv_edge_000,edge_multihop,C,1.0,0.5866317117417864,0.75,0.7788772372472622
N8_E10b_T12b,N8,arxiv_edge_001,edge_multihop,C,1.0,0.8505812915225345,1.0,0.9501937638408449
N8_E10b_T12b,N8,arxiv_edge_002,edge_multihop,C,1.0,0.8239397554498816,0.5,0.7746465851499605
N8_E10b_T12b,N8,arxiv_edge_003,edge_multihop,C,0.2857142857142857,0.7870530763349489,0.0,0.3575891206830782
N8_E10b_T12b,N8,arxiv_edge_004,edge_multihop,C,0.4,0.629278267076391,0.0,0.3430927556921303
N8_E10b_T12b,N8,arxiv_edge_005,edge_multihop,C,1.0,0.0,1.0,0.6666666666666666
N8_E10b_T12b,N8,arxiv_edge_006,edge_multihop,C,1.0,0.851229454552579,0.0,0.6170764848508598
N8_E10b_T12b,N8,arxiv_edge_007,edge_multihop,C,1.0,0.0,0.0,0.3333333333333333
N8_E10b_T12b,N8,arxiv_edge_008,edge_multihop,C,0.0,0.6481091856810907,1.0,0.5493697285603636
N8_E10b_T12b,N8,arxiv_edge_009,edge_multihop,C,0.875,0.0,0.75,0.5416666666666666
N8_E10b_T12b,N8,arxiv_edge_010,edge_multihop,C,0.75,0.9513152961604644,0.0,0.5671050987201548
N8_E10b_T12b,N8,arxiv_edge_011,edge_multihop,C,1.0,0.7542105096898104,0.0,0.5847368365632701
N8_E10b_T12b,N8,arxiv_edge_012,edge_multihop,C,1.0,0.7187319881996371,0.0,0.5729106627332125
N8_E10b_T12b,N8,arxiv_edge_013,edge_multihop,C,0.8571428571428571,0.8141950272429649,0.0,0.5571126281286073
N8_E10b_T12b,N8,arxiv_edge_014,edge_multihop,C,1.0,0.6862490659718182,0.0,0.5620830219906061
N8_E10b_T12b,N8,arxiv_edge_015,edge_multihop,C,0.5,0.8980723102989505,0.5,0.6326907700996501
N8_E10b_T12b,N8,arxiv_edge_016,edge_multihop,C,0.875,0.7758841762153234,0.0,0.5502947254051077
N8_E10b_T12b,N8,arxiv_edge_017,edge_multihop,C,0.5714285714285714,0.6050162611480389,0.5,0.5588149441922035
N8_E10b_T12b,N8,arxiv_edge_018,edge_multihop,C,0.8333333333333334,0.6689383394211604,0.0,0.5007572242514979
N8_E10b_T12b,N8,arxiv_edge_019,edge_multihop,C,1.0,0.8281042342053394,1.0,0.9427014114017798
N8_E10b_T12b,N8,arxiv_edge_020,edge_multihop,C,0.2,0.7944246986058557,1.0,0.6648082328686186
N8_E10b_T12b,N8,arxiv_edge_021,edge_multihop,C,0.75,0.7829452797847275,1.0,0.8443150932615758
N8_E10b_T12b,N8,arxiv_edge_022,edge_multihop,C,1.0,0.7598120203068328,1.0,0.9199373401022776
N8_E10b_T12b,N8,arxiv_edge_023,edge_multihop,C,0.5,0.7642462782733993,0.0,0.42141542609113314
N8_E10b_T12b,N8,arxiv_edge_024,edge_multihop,C,1.0,0.0,0.0,0.3333333333333333
N8_E10b_T12b,N8,arxiv_edge_025,edge_multihop,C,0.2857142857142857,0.8167207673418918,0.25,0.45081168435205915
N8_E10b_T12b,N8,arxiv_edge_026,edge_multihop,C,0.8,0.7474679320270646,1.0,0.8491559773423548
N8_E10b_T12b,N8,arxiv_edge_027,edge_multihop,C,0.0,0.0,0.5,0.16666666666666666
N8_E10b_T12b,N8,arxiv_edge_028,edge_multihop,C,1.0,0.6494072203551988,0.0,0.5498024067850663
N8_E10b_T12b,N8,arxiv_edge_029,edge_multihop,C,1.0,0.0,0.0,0.3333333333333333
N8_E10b_T12b,N8,arxiv_edge_030,edge_multihop,C,0.3333333333333333,0.8152409929360921,1.0,0.7161914420898086
N8_E10b_T12b,N8,arxiv_edge_031,edge_multihop,C,0.6,0.8279908961420749,0.5,0.6426636320473583
N8_E10b_T12b,N8,arxiv_edge_032,edge_multihop,C,0.8333333333333334,0.7427106959575539,0.5,0.6920146764302958
N8_E10b_T12b,N8,arxiv_edge_033,edge_multihop,C,0.8333333333333334,0.8312393750775849,0.0,0.5548575694703061
N8_E10b_T12e,N8,arxiv_sh_000,single_specific,C,0.5,0.0,1.0,0.5
N8_E10b_T12e,N8,arxiv_sh_001,single_specific,C,1.0,0.8850171833125166,1.0,0.9616723944375055
N8_E10b_T12e,N8,arxiv_sh_002,single_specific,C,1.0,0.8755027745028773,0.5,0.7918342581676258
N8_E10b_T12e,N8,arxiv_sh_003,single_specific,C,1.0,0.694302799360878,1.0,0.8981009331202926
N8_E10b_T12e,N8,arxiv_sh_004,single_specific,C,1.0,0.7395180306729195,1.0,0.9131726768909733
N8_E10b_T12e,N8,arxiv_sh_005,single_specific,C,1.0,0.7931168606298472,1.0,0.9310389535432825
N8_E10b_T12e,N8,arxiv_sh_006,single_specific,C,0.5,0.8716222495382334,1.0,0.7905407498460778
N8_E10b_T12e,N8,arxiv_sh_007,single_specific,C,1.0,0.0,0.0,0.3333333333333333
N8_E10b_T12e,N8,arxiv_sh_008,single_specific,C,0.0,0.0,1.0,0.3333333333333333
N8_E10b_T12e,N8,arxiv_sh_009,single_specific,C,1.0,0.9448150844406066,1.0,0.9816050281468689
N8_E10b_T12e,N8,arxiv_sh_010,single_specific,C,0.5,0.9521432203915473,0.0,0.4840477401305157
N8_E10b_T12e,N8,arxiv_sh_011,single_specific,C,1.0,0.8241374041936171,1.0,0.9413791347312057
N8_E10b_T12e,N8,arxiv_sh_012,single_specific,C,1.0,0.9999996357988299,1.0,0.9999998785996099
N8_E10b_T12e,N8,arxiv_sh_013,single_specific,C,1.0,0.9999996003388004,1.0,0.9999998667796001
N8_E10b_T12e,N8,arxiv_sh_014,single_specific,C,1.0,0.8251332964945753,1.0,0.941711098831525
N8_E10b_T12e,N8,arxiv_sh_015,single_specific,C,1.0,0.6334232273327777,1.0,0.8778077424442592
N8_E10b_T12e,N8,arxiv_sh_016,single_specific,C,1.0,0.0,1.0,0.6666666666666666
N8_E10b_T12e,N8,arxiv_sh_017,single_specific,C,1.0,0.8278025551986213,1.0,0.9426008517328738
N8_E10b_T12e,N8,arxiv_sh_018,single_specific,C,1.0,0.7695192586125105,1.0,0.9231730862041702
N8_E10b_T12e,N8,arxiv_sh_019,single_specific,C,0.5,0.9369224391969647,1.0,0.8123074797323215
N8_E10b_T12e,N8,arxiv_sh_020,single_specific,C,1.0,0.9805711854873538,1.0,0.9935237284957846
N8_E10b_T12e,N8,arxiv_sh_021,single_specific,C,1.0,0.4222808236356807,0.0,0.47409360787856025
N8_E10b_T12e,N8,arxiv_sh_022,single_specific,C,1.0,0.0,0.0,0.3333333333333333
N8_E10b_T12e,N8,arxiv_sh_023,single_specific,C,1.0,0.8318427190973191,1.0,0.9439475730324397
N8_E10b_T12e,N8,arxiv_sh_024,single_specific,C,1.0,0.9628000792252732,1.0,0.9876000264084244
N8_E10b_T12e,N8,arxiv_sh_025,single_specific,C,0.8,0.8549044068966992,0.5,0.7183014689655663
N8_E10b_T12e,N8,arxiv_sh_026,single_specific,C,1.0,0.9092494589693786,1.0,0.9697498196564595
N8_E10b_T12e,N8,arxiv_sh_027,single_specific,C,1.0,0.0,0.0,0.3333333333333333
N8_E10b_T12e,N8,arxiv_sh_028,single_specific,C,0.3333333333333333,0.0,1.0,0.4444444444444444
N8_E10b_T12e,N8,arxiv_sh_029,single_specific,C,1.0,0.9684900199521876,1.0,0.9894966733173959
N8_E10b_T12e,N8,arxiv_sh_030,single_specific,C,1.0,0.9508322318642185,1.0,0.9836107439547396
N8_E10b_T12e,N8,arxiv_sh_031,single_specific,C,0.6666666666666666,0.9183272934693166,0.0,0.5283313200453278
N8_E10b_T12e,N8,arxiv_sh_032,single_specific,C,1.0,0.9568229549784592,1.0,0.9856076516594864
N8_E10b_T12e,N8,arxiv_sh_033,single_specific,C,1.0,0.8563771602582763,0.0,0.6187923867527587
N8_E10b_T12e,N8,arxiv_sh_034,single_specific,C,0.6666666666666666,0.9803398705965775,1.0,0.8823355124210813
N8_E10b_T12e,N8,arxiv_agg_000,aggregate_cross_paper,C,0.8888888888888888,0.780336798778371,1.0,0.8897418958890867
N8_E10b_T12e,N8,arxiv_agg_001,aggregate_cross_paper,C,0.6666666666666666,0.7169394930067519,0.0,0.4612020532244728
N8_E10b_T12e,N8,arxiv_agg_002,aggregate_cross_paper,C,0.75,0.0,0.0,0.25
N8_E10b_T12e,N8,arxiv_agg_003,aggregate_cross_paper,C,0.625,0.7843380865338304,0.0,0.4697793621779434
N8_E10b_T12e,N8,arxiv_agg_004,aggregate_cross_paper,C,1.0,0.5730111758831141,1.0,0.857670391961038
N8_E10b_T12e,N8,arxiv_agg_005,aggregate_cross_paper,C,1.0,0.7981269247987988,1.0,0.9327089749329329
N8_E10b_T12e,N8,arxiv_agg_006,aggregate_cross_paper,C,0.8,0.7045118843230279,0.5,0.668170628107676
N8_E10b_T12e,N8,arxiv_agg_007,aggregate_cross_paper,C,0.875,0.7369276082841217,1.0,0.8706425360947073
N8_E10b_T12e,N8,arxiv_agg_008,aggregate_cross_paper,C,1.0,0.7705508417846209,1.0,0.9235169472615402
N8_E10b_T12e,N8,arxiv_agg_009,aggregate_cross_paper,C,0.8333333333333334,0.7115787994976234,0.5,0.681637377610319
N8_E10b_T12e,N8,arxiv_agg_010,aggregate_cross_paper,C,0.8571428571428571,0.576793281122427,1.0,0.8113120460884281
N8_E10b_T12e,N8,arxiv_agg_011,aggregate_cross_paper,C,0.6666666666666666,0.0,0.0,0.2222222222222222
N8_E10b_T12e,N8,arxiv_agg_012,aggregate_cross_paper,C,0.7777777777777778,0.8244817384906024,0.0,0.5340865054227933
N8_E10b_T12e,N8,arxiv_agg_013,aggregate_cross_paper,C,1.0,0.6472661729062565,1.0,0.8824220576354188
N8_E10b_T12e,N8,arxiv_agg_014,aggregate_cross_paper,C,1.0,0.0,0.0,0.3333333333333333
N8_E10b_T12e,N8,arxiv_agg_015,aggregate_cross_paper,C,1.0,0.0,0.0,0.3333333333333333
N8_E10b_T12e,N8,arxiv_agg_016,aggregate_cross_paper,C,1.0,0.0,0.0,0.3333333333333333
N8_E10b_T12e,N8,arxiv_agg_017,aggregate_cross_paper,C,1.0,0.6376690750716442,0.0,0.5458896916905481
N8_E10b_T12e,N8,arxiv_agg_018,aggregate_cross_paper,C,0.4,0.0,0.0,0.13333333333333333
N8_E10b_T12e,N8,arxiv_agg_019,aggregate_cross_paper,C,0.7,0.6826338487021185,1.0,0.7942112829007062
N8_E10b_T12e,N8,arxiv_agg_020,aggregate_cross_paper,C,1.0,0.7432632366715181,1.0,0.9144210788905061
N8_E10b_T12e,N8,arxiv_agg_021,aggregate_cross_paper,C,0.6,0.0,0.5,0.3666666666666667
N8_E10b_T12e,N8,arxiv_agg_022,aggregate_cross_paper,C,0.7142857142857143,0.7966317576731025,0.5,0.6703058239862724
N8_E10b_T12e,N8,arxiv_agg_023,aggregate_cross_paper,C,0.8,0.6877079993475111,0.0,0.4959026664491704
N8_E10b_T12e,N8,arxiv_agg_024,aggregate_cross_paper,C,0.8,0.9002087010983603,1.0,0.9000695670327867
N8_E10b_T12e,N8,arxiv_agg_025,aggregate_cross_paper,C,0.4,0.0,0.0,0.13333333333333333
N8_E10b_T12e,N8,arxiv_agg_026,aggregate_cross_paper,C,1.0,0.0,0.0,0.3333333333333333
N8_E10b_T12e,N8,arxiv_agg_027,aggregate_cross_paper,C,0.75,0.0,0.0,0.25
N8_E10b_T12e,N8,arxiv_agg_028,aggregate_cross_paper,C,1.0,0.0,0.0,0.3333333333333333
N8_E10b_T12e,N8,arxiv_agg_029,aggregate_cross_paper,C,0.8333333333333334,0.6087343561821329,1.0,0.8140225631718221
N8_E10b_T12e,N8,arxiv_agg_030,aggregate_cross_paper,C,0.5,0.6287855680742567,0.0,0.3762618560247522
N8_E10b_T12e,N8,arxiv_agg_031,aggregate_cross_paper,C,0.8,0.7516254064243549,0.5,0.6838751354747851
N8_E10b_T12e,N8,arxiv_agg_032,aggregate_cross_paper,C,0.9090909090909091,0.710310476197228,1.0,0.8731337950960457
N8_E10b_T12e,N8,arxiv_edge_000,edge_multihop,C,1.0,0.6008902724604351,0.5,0.7002967574868117
N8_E10b_T12e,N8,arxiv_edge_001,edge_multihop,C,1.0,0.8506023561830247,1.0,0.9502007853943416
N8_E10b_T12e,N8,arxiv_edge_002,edge_multihop,C,1.0,0.8403541932312576,0.5,0.7801180644104192
N8_E10b_T12e,N8,arxiv_edge_003,edge_multihop,C,0.4,0.0,0.0,0.13333333333333333
N8_E10b_T12e,N8,arxiv_edge_004,edge_multihop,C,0.4,0.6292960040323452,0.0,0.3430986680107817
N8_E10b_T12e,N8,arxiv_edge_005,edge_multihop,C,1.0,0.0,1.0,0.6666666666666666
N8_E10b_T12e,N8,arxiv_edge_006,edge_multihop,C,1.0,0.8512509891492209,0.0,0.6170836630497404
N8_E10b_T12e,N8,arxiv_edge_007,edge_multihop,C,1.0,0.0,0.0,0.3333333333333333
N8_E10b_T12e,N8,arxiv_edge_008,edge_multihop,C,0.0,0.8720133668342296,1.0,0.6240044556114098
N8_E10b_T12e,N8,arxiv_edge_009,edge_multihop,C,0.0,0.0,0.75,0.25
N8_E10b_T12e,N8,arxiv_edge_010,edge_multihop,C,0.5,0.9513185090516676,0.0,0.48377283635055585
N8_E10b_T12e,N8,arxiv_edge_011,edge_multihop,C,1.0,0.7541911527205333,0.0,0.5847303842401778
N8_E10b_T12e,N8,arxiv_edge_012,edge_multihop,C,0.6,0.7453954600639777,0.0,0.44846515335465925
N8_E10b_T12e,N8,arxiv_edge_013,edge_multihop,C,0.5714285714285714,0.8153486893050337,0.0,0.4622590869112017
N8_E10b_T12e,N8,arxiv_edge_014,edge_multihop,C,0.875,0.678287299359687,0.0,0.5177624331198957
N8_E10b_T12e,N8,arxiv_edge_015,edge_multihop,C,0.6,0.8681329333514465,0.5,0.6560443111171489
N8_E10b_T12e,N8,arxiv_edge_016,edge_multihop,C,0.875,0.7758841762153234,0.0,0.5502947254051077
N8_E10b_T12e,N8,arxiv_edge_017,edge_multihop,C,0.8333333333333334,0.7419458444114119,0.5,0.6917597259149151
N8_E10b_T12e,N8,arxiv_edge_018,edge_multihop,C,0.7142857142857143,0.7734724053761625,0.0,0.49591937322062557
N8_E10b_T12e,N8,arxiv_edge_019,edge_multihop,C,1.0,0.8281042342053394,1.0,0.9427014114017798
N8_E10b_T12e,N8,arxiv_edge_020,edge_multihop,C,1.0,0.8304307291358327,1.0,0.9434769097119443
N8_E10b_T12e,N8,arxiv_edge_021,edge_multihop,C,0.8571428571428571,0.7359073470690815,1.0,0.8643500680706463
N8_E10b_T12e,N8,arxiv_edge_022,edge_multihop,C,1.0,0.7598166319811518,1.0,0.9199388773270506
N8_E10b_T12e,N8,arxiv_edge_023,edge_multihop,C,0.6,0.7642462782733993,0.0,0.4547487594244664
N8_E10b_T12e,N8,arxiv_edge_024,edge_multihop,C,1.0,0.0,0.0,0.3333333333333333
N8_E10b_T12e,N8,arxiv_edge_025,edge_multihop,C,0.5714285714285714,0.8167207673418918,0.25,0.5460497795901543
N8_E10b_T12e,N8,arxiv_edge_026,edge_multihop,C,1.0,0.7474679320270646,1.0,0.9158226440090216
N8_E10b_T12e,N8,arxiv_edge_027,edge_multihop,C,0.0,0.0,0.5,0.16666666666666666
N8_E10b_T12e,N8,arxiv_edge_028,edge_multihop,C,1.0,0.6492848698288003,0.0,0.5497616232762668
N8_E10b_T12e,N8,arxiv_edge_029,edge_multihop,C,1.0,0.0,0.0,0.3333333333333333
N8_E10b_T12e,N8,arxiv_edge_030,edge_multihop,C,0.5,0.815243473483429,0.75,0.6884144911611431
N8_E10b_T12e,N8,arxiv_edge_031,edge_multihop,C,0.6,0.8389188446812076,0.5,0.6463062815604025
N8_E10b_T12e,N8,arxiv_edge_032,edge_multihop,C,0.16666666666666666,0.713107938160496,0.5,0.4599248682757209
N8_E10b_T12e,N8,arxiv_edge_033,edge_multihop,C,0.8,0.8309428204698048,0.0,0.5436476068232683
N8_E10c_T12a,N8,arxiv_sh_000,single_specific,C,0.5,0.0,1.0,0.5
N8_E10c_T12a,N8,arxiv_sh_001,single_specific,C,1.0,0.8850171833125166,1.0,0.9616723944375055
N8_E10c_T12a,N8,arxiv_sh_002,single_specific,C,1.0,0.8755027745028773,0.5,0.7918342581676258
N8_E10c_T12a,N8,arxiv_sh_003,single_specific,C,1.0,0.6954759743250397,1.0,0.8984919914416799
N8_E10c_T12a,N8,arxiv_sh_004,single_specific,C,1.0,0.7394443861628496,1.0,0.9131481287209499
N8_E10c_T12a,N8,arxiv_sh_005,single_specific,C,1.0,0.7931168606298472,1.0,0.9310389535432825
N8_E10c_T12a,N8,arxiv_sh_006,single_specific,C,0.5,0.8716222495382334,1.0,0.7905407498460778
N8_E10c_T12a,N8,arxiv_sh_007,single_specific,C,1.0,0.0,0.0,0.3333333333333333
N8_E10c_T12a,N8,arxiv_sh_008,single_specific,C,0.0,0.0,1.0,0.3333333333333333
N8_E10c_T12a,N8,arxiv_sh_009,single_specific,C,1.0,0.9448150844406066,1.0,0.9816050281468689
N8_E10c_T12a,N8,arxiv_sh_010,single_specific,C,0.5,0.9521320285621465,0.0,0.4840440095207155
N8_E10c_T12a,N8,arxiv_sh_011,single_specific,C,1.0,0.8223612295548013,1.0,0.9407870765182671
N8_E10c_T12a,N8,arxiv_sh_012,single_specific,C,1.0,0.9999996504877204,1.0,0.9999998834959068
N8_E10c_T12a,N8,arxiv_sh_013,single_specific,C,1.0,0.9999999999999999,1.0,1.0
N8_E10c_T12a,N8,arxiv_sh_014,single_specific,C,1.0,0.8251462837831446,1.0,0.9417154279277149
N8_E10c_T12a,N8,arxiv_sh_015,single_specific,C,1.0,0.6853409474174024,1.0,0.8951136491391342
N8_E10c_T12a,N8,arxiv_sh_016,single_specific,C,1.0,0.0,1.0,0.6666666666666666
N8_E10c_T12a,N8,arxiv_sh_017,single_specific,C,1.0,0.8278932863873424,1.0,0.9426310954624474
N8_E10c_T12a,N8,arxiv_sh_018,single_specific,C,1.0,0.8331975955745919,1.0,0.944399198524864
N8_E10c_T12a,N8,arxiv_sh_019,single_specific,C,0.5,0.9999996833837722,1.0,0.8333332277945907
N8_E10c_T12a,N8,arxiv_sh_020,single_specific,C,1.0,0.9805711854873538,1.0,0.9935237284957846
N8_E10c_T12a,N8,arxiv_sh_021,single_specific,C,1.0,0.42233239003335626,0.0,0.4741107966777854
N8_E10c_T12a,N8,arxiv_sh_022,single_specific,C,1.0,0.0,0.0,0.3333333333333333
N8_E10c_T12a,N8,arxiv_sh_023,single_specific,C,1.0,0.8318416781316568,1.0,0.9439472260438856
N8_E10c_T12a,N8,arxiv_sh_024,single_specific,C,1.0,0.9627833400778432,1.0,0.9875944466926144
N8_E10c_T12a,N8,arxiv_sh_025,single_specific,C,0.8,0.8549045517803092,0.5,0.718301517260103
N8_E10c_T12a,N8,arxiv_sh_026,single_specific,C,1.0,0.9092494589693786,1.0,0.9697498196564595
N8_E10c_T12a,N8,arxiv_sh_027,single_specific,C,1.0,0.0,0.0,0.3333333333333333
N8_E10c_T12a,N8,arxiv_sh_028,single_specific,C,0.0,0.0,1.0,0.3333333333333333
N8_E10c_T12a,N8,arxiv_sh_029,single_specific,C,1.0,0.9684900199521876,1.0,0.9894966733173959
N8_E10c_T12a,N8,arxiv_sh_030,single_specific,C,1.0,0.9521889081094428,1.0,0.9840629693698143
N8_E10c_T12a,N8,arxiv_sh_031,single_specific,C,0.6666666666666666,0.9668504686888894,0.0,0.5445057117851854
N8_E10c_T12a,N8,arxiv_sh_032,single_specific,C,0.5714285714285714,0.9566420233904386,1.0,0.8426901982730034
N8_E10c_T12a,N8,arxiv_sh_033,single_specific,C,1.0,0.8563771602582763,0.0,0.6187923867527587
N8_E10c_T12a,N8,arxiv_sh_034,single_specific,C,1.0,0.9803453534955139,1.0,0.9934484511651713
N8_E10c_T12a,N8,arxiv_agg_000,aggregate_cross_paper,C,0.8571428571428571,0.7802380686686806,1.0,0.8791269752705126
N8_E10c_T12a,N8,arxiv_agg_001,aggregate_cross_paper,C,0.6666666666666666,0.7078256376447544,0.0,0.4581641014371403
N8_E10c_T12a,N8,arxiv_agg_002,aggregate_cross_paper,C,0.75,0.0,0.0,0.25
N8_E10c_T12a,N8,arxiv_agg_003,aggregate_cross_paper,C,0.75,0.7897925575334138,0.0,0.5132641858444713
N8_E10c_T12a,N8,arxiv_agg_004,aggregate_cross_paper,C,1.0,0.5665531733288136,1.0,0.8555177244429378
N8_E10c_T12a,N8,arxiv_agg_005,aggregate_cross_paper,C,1.0,0.7981269247987988,1.0,0.9327089749329329
N8_E10c_T12a,N8,arxiv_agg_006,aggregate_cross_paper,C,0.6,0.7045118843230279,0.5,0.6015039614410093
N8_E10c_T12a,N8,arxiv_agg_007,aggregate_cross_paper,C,1.0,0.7368823478307808,1.0,0.9122941159435936
N8_E10c_T12a,N8,arxiv_agg_008,aggregate_cross_paper,C,1.0,0.7705454877096254,1.0,0.9235151625698751
N8_E10c_T12a,N8,arxiv_agg_009,aggregate_cross_paper,C,1.0,0.0,0.5,0.5
N8_E10c_T12a,N8,arxiv_agg_010,aggregate_cross_paper,C,0.8888888888888888,0.5477600911220356,1.0,0.8122163266703081
N8_E10c_T12a,N8,arxiv_agg_011,aggregate_cross_paper,C,0.6666666666666666,0.0,0.0,0.2222222222222222
N8_E10c_T12a,N8,arxiv_agg_012,aggregate_cross_paper,C,0.625,0.8244817384906024,0.0,0.48316057949686747
N8_E10c_T12a,N8,arxiv_agg_013,aggregate_cross_paper,C,1.0,0.6472661729062565,1.0,0.8824220576354188
N8_E10c_T12a,N8,arxiv_agg_014,aggregate_cross_paper,C,1.0,0.0,0.0,0.3333333333333333
N8_E10c_T12a,N8,arxiv_agg_015,aggregate_cross_paper,C,0.75,0.0,0.0,0.25
N8_E10c_T12a,N8,arxiv_agg_016,aggregate_cross_paper,C,1.0,0.0,0.5,0.5
N8_E10c_T12a,N8,arxiv_agg_017,aggregate_cross_paper,C,1.0,0.6376512095984946,0.0,0.5458837365328315
N8_E10c_T12a,N8,arxiv_agg_018,aggregate_cross_paper,C,0.4,0.0,0.0,0.13333333333333333
N8_E10c_T12a,N8,arxiv_agg_019,aggregate_cross_paper,C,0.7,0.6826315452217749,1.0,0.7942105150739249
N8_E10c_T12a,N8,arxiv_agg_020,aggregate_cross_paper,C,1.0,0.7432639667924791,1.0,0.9144213222641597
N8_E10c_T12a,N8,arxiv_agg_021,aggregate_cross_paper,C,0.5,0.0,0.5,0.3333333333333333
N8_E10c_T12a,N8,arxiv_agg_022,aggregate_cross_paper,C,1.0,0.6533552372359926,0.5,0.7177850790786642
N8_E10c_T12a,N8,arxiv_agg_023,aggregate_cross_paper,C,0.6,0.6877355615662181,0.0,0.42924518718873933
N8_E10c_T12a,N8,arxiv_agg_024,aggregate_cross_paper,C,0.6666666666666666,0.9002318261254585,1.0,0.8556328309307083
N8_E10c_T12a,N8,arxiv_agg_025,aggregate_cross_paper,C,0.42857142857142855,0.0,0.0,0.14285714285714285
N8_E10c_T12a,N8,arxiv_agg_026,aggregate_cross_paper,C,1.0,0.9540548296065833,0.0,0.6513516098688611
N8_E10c_T12a,N8,arxiv_agg_027,aggregate_cross_paper,C,1.0,0.0,0.0,0.3333333333333333
N8_E10c_T12a,N8,arxiv_agg_028,aggregate_cross_paper,C,1.0,0.0,0.0,0.3333333333333333
N8_E10c_T12a,N8,arxiv_agg_029,aggregate_cross_paper,C,0.8,0.5974111960150209,1.0,0.7991370653383404
N8_E10c_T12a,N8,arxiv_agg_030,aggregate_cross_paper,C,0.6666666666666666,0.6245802164310903,0.0,0.4304156276992523
N8_E10c_T12a,N8,arxiv_agg_031,aggregate_cross_paper,C,0.6,0.7516539175012279,0.5,0.6172179725004093
N8_E10c_T12a,N8,arxiv_agg_032,aggregate_cross_paper,C,1.0,0.7091236392107655,1.0,0.9030412130702552
N8_E10c_T12a,N8,arxiv_edge_000,edge_multihop,C,1.0,0.5866634635974713,0.5,0.6955544878658237
N8_E10c_T12a,N8,arxiv_edge_001,edge_multihop,C,1.0,0.8506023561830247,1.0,0.9502007853943416
N8_E10c_T12a,N8,arxiv_edge_002,edge_multihop,C,1.0,0.8321440551429674,0.5,0.7773813517143225
N8_E10c_T12a,N8,arxiv_edge_003,edge_multihop,C,0.2,0.0,0.0,0.06666666666666667
N8_E10c_T12a,N8,arxiv_edge_004,edge_multihop,C,0.4,0.6292960040323452,0.0,0.3430986680107817
N8_E10c_T12a,N8,arxiv_edge_005,edge_multihop,C,1.0,0.0,1.0,0.6666666666666666
N8_E10c_T12a,N8,arxiv_edge_006,edge_multihop,C,1.0,0.8511980080115699,0.0,0.6170660026705233
N8_E10c_T12a,N8,arxiv_edge_007,edge_multihop,C,1.0,0.0,0.0,0.3333333333333333
N8_E10c_T12a,N8,arxiv_edge_008,edge_multihop,C,0.0,0.8036582075406434,1.0,0.6012194025135478
N8_E10c_T12a,N8,arxiv_edge_009,edge_multihop,C,0.8571428571428571,0.0,0.75,0.5357142857142857
N8_E10c_T12a,N8,arxiv_edge_010,edge_multihop,C,0.5,0.9513093995967629,0.0,0.48376979986558766
N8_E10c_T12a,N8,arxiv_edge_011,edge_multihop,C,1.0,0.7541911527205333,0.0,0.5847303842401778
N8_E10c_T12a,N8,arxiv_edge_012,edge_multihop,C,1.0,0.6961739262012431,0.0,0.5653913087337478
N8_E10c_T12a,N8,arxiv_edge_013,edge_multihop,C,1.0,0.8142648868917042,0.0,0.6047549622972347
N8_E10c_T12a,N8,arxiv_edge_014,edge_multihop,C,1.0,0.6862947266104867,0.0,0.5620982422034956
N8_E10c_T12a,N8,arxiv_edge_015,edge_multihop,C,0.4,0.9245836842990279,0.5,0.6081945614330093
N8_E10c_T12a,N8,arxiv_edge_016,edge_multihop,C,0.8571428571428571,0.7575672046162518,0.0,0.5382366872530363
N8_E10c_T12a,N8,arxiv_edge_017,edge_multihop,C,1.0,0.4502796952810228,0.25,0.5667598984270076
N8_E10c_T12a,N8,arxiv_edge_018,edge_multihop,C,0.7142857142857143,0.8275322856239905,0.0,0.5139393333032349
N8_E10c_T12a,N8,arxiv_edge_019,edge_multihop,C,0.5,0.8579116020402461,1.0,0.7859705340134154
N8_E10c_T12a,N8,arxiv_edge_020,edge_multihop,C,0.75,0.8197539176648202,1.0,0.8565846392216067
N8_E10c_T12a,N8,arxiv_edge_021,edge_multihop,C,1.0,0.7358326799345635,1.0,0.9119442266448545
N8_E10c_T12a,N8,arxiv_edge_022,edge_multihop,C,1.0,0.7598166319811518,1.0,0.9199388773270506
N8_E10c_T12a,N8,arxiv_edge_023,edge_multihop,C,0.5,0.7642462782733993,0.0,0.42141542609113314
N8_E10c_T12a,N8,arxiv_edge_024,edge_multihop,C,1.0,0.0,0.0,0.3333333333333333
N8_E10c_T12a,N8,arxiv_edge_025,edge_multihop,C,0.7142857142857143,0.8167626214257734,0.0,0.5103494452371625
N8_E10c_T12a,N8,arxiv_edge_026,edge_multihop,C,0.8,0.7474960124228559,1.0,0.8491653374742852
N8_E10c_T12a,N8,arxiv_edge_027,edge_multihop,C,0.0,0.0,0.5,0.16666666666666666
N8_E10c_T12a,N8,arxiv_edge_028,edge_multihop,C,1.0,0.6482400757990477,0.0,0.5494133585996827
N8_E10c_T12a,N8,arxiv_edge_029,edge_multihop,C,1.0,0.0,0.0,0.3333333333333333
N8_E10c_T12a,N8,arxiv_edge_030,edge_multihop,C,0.3333333333333333,0.8152409929360921,1.0,0.7161914420898086
N8_E10c_T12a,N8,arxiv_edge_031,edge_multihop,C,0.6,0.8208670999870603,0.5,0.6402890333290201
N8_E10c_T12a,N8,arxiv_edge_032,edge_multihop,C,0.16666666666666666,0.7502659359534293,0.5,0.472310867540032
N8_E10c_T12a,N8,arxiv_edge_033,edge_multihop,C,0.8,0.8306462658620246,0.0,0.5435487552873416
N8_E10c_T12b,N8,arxiv_sh_000,single_specific,C,0.0,0.0,1.0,0.3333333333333333
N8_E10c_T12b,N8,arxiv_sh_001,single_specific,C,1.0,0.8849925908124674,1.0,0.9616641969374892
N8_E10c_T12b,N8,arxiv_sh_002,single_specific,C,1.0,0.0,0.5,0.5
N8_E10c_T12b,N8,arxiv_sh_003,single_specific,C,1.0,0.6943938184102393,1.0,0.8981312728034131
N8_E10c_T12b,N8,arxiv_sh_004,single_specific,C,1.0,0.739431216617672,1.0,0.9131437388725573
N8_E10c_T12b,N8,arxiv_sh_005,single_specific,C,0.6666666666666666,0.7902085395548445,1.0,0.8189584020738371
N8_E10c_T12b,N8,arxiv_sh_006,single_specific,C,0.5,0.0,1.0,0.5
N8_E10c_T12b,N8,arxiv_sh_007,single_specific,C,1.0,0.0,0.0,0.3333333333333333
N8_E10c_T12b,N8,arxiv_sh_008,single_specific,C,0.0,0.0,1.0,0.3333333333333333
N8_E10c_T12b,N8,arxiv_sh_009,single_specific,C,1.0,0.9448150844406066,1.0,0.9816050281468689
N8_E10c_T12b,N8,arxiv_sh_010,single_specific,C,0.5,0.9521320285621465,0.0,0.4840440095207155
N8_E10c_T12b,N8,arxiv_sh_011,single_specific,C,1.0,0.822305200069764,1.0,0.9407684000232547
N8_E10c_T12b,N8,arxiv_sh_012,single_specific,C,1.0,0.9999996445760472,1.0,0.999999881525349
N8_E10c_T12b,N8,arxiv_sh_013,single_specific,C,1.0,1.0,1.0,1.0
N8_E10c_T12b,N8,arxiv_sh_014,single_specific,C,1.0,0.8251462837831446,1.0,0.9417154279277149
N8_E10c_T12b,N8,arxiv_sh_015,single_specific,C,1.0,0.6593691940380203,1.0,0.8864563980126734
N8_E10c_T12b,N8,arxiv_sh_016,single_specific,C,1.0,0.0,1.0,0.6666666666666666
N8_E10c_T12b,N8,arxiv_sh_017,single_specific,C,1.0,0.8278025551986213,1.0,0.9426008517328738
N8_E10c_T12b,N8,arxiv_sh_018,single_specific,C,1.0,0.8096337133114527,1.0,0.9365445711038176
N8_E10c_T12b,N8,arxiv_sh_019,single_specific,C,0.25,0.9369224391969647,1.0,0.7289741463989882
N8_E10c_T12b,N8,arxiv_sh_020,single_specific,C,1.0,0.9805711854873538,1.0,0.9935237284957846
N8_E10c_T12b,N8,arxiv_sh_021,single_specific,C,1.0,0.42233239003335626,0.0,0.4741107966777854
N8_E10c_T12b,N8,arxiv_sh_022,single_specific,C,1.0,0.0,0.0,0.3333333333333333
N8_E10c_T12b,N8,arxiv_sh_023,single_specific,C,1.0,0.8322294058076936,1.0,0.9440764686025646
N8_E10c_T12b,N8,arxiv_sh_024,single_specific,C,1.0,0.9627833400778432,1.0,0.9875944466926144
N8_E10c_T12b,N8,arxiv_sh_025,single_specific,C,0.8,0.8548655661617824,0.5,0.7182885220539275
N8_E10c_T12b,N8,arxiv_sh_026,single_specific,C,1.0,0.9102472999652048,1.0,0.9700824333217349
N8_E10c_T12b,N8,arxiv_sh_027,single_specific,C,1.0,0.0,0.0,0.3333333333333333
N8_E10c_T12b,N8,arxiv_sh_028,single_specific,C,0.3333333333333333,0.0,1.0,0.4444444444444444
N8_E10c_T12b,N8,arxiv_sh_029,single_specific,C,1.0,0.9684900199521876,1.0,0.9894966733173959
N8_E10c_T12b,N8,arxiv_sh_030,single_specific,C,1.0,0.9521942855904939,1.0,0.984064761863498
N8_E10c_T12b,N8,arxiv_sh_031,single_specific,C,0.6666666666666666,0.9345016852091742,0.0,0.5337227839586136
N8_E10c_T12b,N8,arxiv_sh_032,single_specific,C,0.5714285714285714,0.9568229549784592,1.0,0.8427505088023435
N8_E10c_T12b,N8,arxiv_sh_033,single_specific,C,1.0,0.8563771602582763,0.0,0.6187923867527587
N8_E10c_T12b,N8,arxiv_sh_034,single_specific,C,0.6666666666666666,0.9803398705965775,1.0,0.8823355124210813
N8_E10c_T12b,N8,arxiv_agg_000,aggregate_cross_paper,C,0.875,0.7203723682332609,1.0,0.8651241227444203
N8_E10c_T12b,N8,arxiv_agg_001,aggregate_cross_paper,C,0.6666666666666666,0.7078256376447544,0.0,0.4581641014371403
N8_E10c_T12b,N8,arxiv_agg_002,aggregate_cross_paper,C,0.75,0.0,0.0,0.25
N8_E10c_T12b,N8,arxiv_agg_003,aggregate_cross_paper,C,0.75,0.7842863730718356,0.0,0.5114287910239451
N8_E10c_T12b,N8,arxiv_agg_004,aggregate_cross_paper,C,1.0,0.5665531733288136,1.0,0.8555177244429378
N8_E10c_T12b,N8,arxiv_agg_005,aggregate_cross_paper,C,1.0,0.7981269247987988,1.0,0.9327089749329329
N8_E10c_T12b,N8,arxiv_agg_006,aggregate_cross_paper,C,0.6,0.704504534315749,0.5,0.601501511438583
N8_E10c_T12b,N8,arxiv_agg_007,aggregate_cross_paper,C,0.875,0.7368823478307808,1.0,0.8706274492769269
N8_E10c_T12b,N8,arxiv_agg_008,aggregate_cross_paper,C,1.0,0.7705537584205989,1.0,0.9235179194735329
N8_E10c_T12b,N8,arxiv_agg_009,aggregate_cross_paper,C,1.0,0.0,0.5,0.5
N8_E10c_T12b,N8,arxiv_agg_010,aggregate_cross_paper,C,0.875,0.5913098761226228,1.0,0.8221032920408743
N8_E10c_T12b,N8,arxiv_agg_011,aggregate_cross_paper,C,0.6666666666666666,0.0,0.0,0.2222222222222222
N8_E10c_T12b,N8,arxiv_agg_012,aggregate_cross_paper,C,0.75,0.8244831549756824,0.0,0.5248277183252275
N8_E10c_T12b,N8,arxiv_agg_013,aggregate_cross_paper,C,1.0,0.6511790020466811,1.0,0.8837263340155603
N8_E10c_T12b,N8,arxiv_agg_014,aggregate_cross_paper,C,0.6,0.8671256539130109,0.0,0.4890418846376703
N8_E10c_T12b,N8,arxiv_agg_015,aggregate_cross_paper,C,0.8333333333333334,0.0,0.0,0.2777777777777778
N8_E10c_T12b,N8,arxiv_agg_016,aggregate_cross_paper,C,1.0,0.0,0.5,0.5
N8_E10c_T12b,N8,arxiv_agg_017,aggregate_cross_paper,C,1.0,0.6376512095984946,0.0,0.5458837365328315
N8_E10c_T12b,N8,arxiv_agg_018,aggregate_cross_paper,C,0.4,0.0,0.0,0.13333333333333333
N8_E10c_T12b,N8,arxiv_agg_019,aggregate_cross_paper,C,0.7,0.6826117739022238,1.0,0.7942039246340746
N8_E10c_T12b,N8,arxiv_agg_020,aggregate_cross_paper,C,0.7777777777777778,0.7324075207423455,1.0,0.8367284328400411
N8_E10c_T12b,N8,arxiv_agg_021,aggregate_cross_paper,C,0.6,0.0,0.5,0.3666666666666667
N8_E10c_T12b,N8,arxiv_agg_022,aggregate_cross_paper,C,0.7142857142857143,0.7966317576731025,0.5,0.6703058239862724
N8_E10c_T12b,N8,arxiv_agg_023,aggregate_cross_paper,C,0.6,0.6877672462888307,0.0,0.4292557487629436
N8_E10c_T12b,N8,arxiv_agg_024,aggregate_cross_paper,C,0.8,0.9002087010983603,1.0,0.9000695670327867
N8_E10c_T12b,N8,arxiv_agg_025,aggregate_cross_paper,C,0.4,0.0,0.0,0.13333333333333333
N8_E10c_T12b,N8,arxiv_agg_026,aggregate_cross_paper,C,1.0,0.0,0.0,0.3333333333333333
N8_E10c_T12b,N8,arxiv_agg_027,aggregate_cross_paper,C,0.8,0.0,0.0,0.26666666666666666
N8_E10c_T12b,N8,arxiv_agg_028,aggregate_cross_paper,C,1.0,0.0,0.0,0.3333333333333333
N8_E10c_T12b,N8,arxiv_agg_029,aggregate_cross_paper,C,0.8,0.5974093122526295,1.0,0.7991364374175433
N8_E10c_T12b,N8,arxiv_agg_030,aggregate_cross_paper,C,0.5,0.0,0.0,0.16666666666666666
N8_E10c_T12b,N8,arxiv_agg_031,aggregate_cross_paper,C,0.6,0.7516254064243549,0.5,0.6172084688081183
N8_E10c_T12b,N8,arxiv_agg_032,aggregate_cross_paper,C,1.0,0.710347129166783,1.0,0.9034490430555944
N8_E10c_T12b,N8,arxiv_edge_000,edge_multihop,C,0.8571428571428571,0.6009090693363656,0.5,0.6526839754930742
N8_E10c_T12b,N8,arxiv_edge_001,edge_multihop,C,1.0,0.8505937815187753,1.0,0.9501979271729252
N8_E10c_T12b,N8,arxiv_edge_002,edge_multihop,C,1.0,0.8403676430800746,0.5,0.7801225476933582
N8_E10c_T12b,N8,arxiv_edge_003,edge_multihop,C,0.25,0.0,0.0,0.08333333333333333
N8_E10c_T12b,N8,arxiv_edge_004,edge_multihop,C,0.4,0.6292960040323452,0.0,0.3430986680107817
N8_E10c_T12b,N8,arxiv_edge_005,edge_multihop,C,1.0,0.0,1.0,0.6666666666666666
N8_E10c_T12b,N8,arxiv_edge_006,edge_multihop,C,1.0,0.8512263359701029,0.0,0.6170754453233677
N8_E10c_T12b,N8,arxiv_edge_007,edge_multihop,C,1.0,0.0,0.0,0.3333333333333333
N8_E10c_T12b,N8,arxiv_edge_008,edge_multihop,C,0.0,0.7700275452242025,1.0,0.5900091817414008
N8_E10c_T12b,N8,arxiv_edge_009,edge_multihop,C,0.8571428571428571,0.7344653089492895,0.75,0.7805360553640489
N8_E10c_T12b,N8,arxiv_edge_010,edge_multihop,C,0.6666666666666666,0.9513093995967629,0.0,0.5393253554211431
N8_E10c_T12b,N8,arxiv_edge_011,edge_multihop,C,1.0,0.7542105096898104,0.0,0.5847368365632701
N8_E10c_T12b,N8,arxiv_edge_012,edge_multihop,C,0.6,0.7042502287764169,0.0,0.43475007625880563
N8_E10c_T12b,N8,arxiv_edge_013,edge_multihop,C,0.75,0.8032608162456105,0.0,0.5177536054152035
N8_E10c_T12b,N8,arxiv_edge_014,edge_multihop,C,1.0,0.6855230975781373,0.0,0.5618410325260458
N8_E10c_T12b,N8,arxiv_edge_015,edge_multihop,C,0.5,0.0,0.5,0.3333333333333333
N8_E10c_T12b,N8,arxiv_edge_016,edge_multihop,C,0.8888888888888888,0.7758841762153234,0.0,0.5549243550347374
N8_E10c_T12b,N8,arxiv_edge_017,edge_multihop,C,0.5714285714285714,0.5325245416919479,0.5,0.5346510377068397
N8_E10c_T12b,N8,arxiv_edge_018,edge_multihop,C,0.7142857142857143,0.8185619862119853,0.0,0.5109492334992333
N8_E10c_T12b,N8,arxiv_edge_019,edge_multihop,C,0.5,0.8516000586286637,1.0,0.7838666862095546
N8_E10c_T12b,N8,arxiv_edge_020,edge_multihop,C,1.0,0.8304307291358327,1.0,0.9434769097119443
N8_E10c_T12b,N8,arxiv_edge_021,edge_multihop,C,1.0,0.7359073470690815,1.0,0.9119691156896939
N8_E10c_T12b,N8,arxiv_edge_022,edge_multihop,C,1.0,0.7598166319811518,1.0,0.9199388773270506
N8_E10c_T12b,N8,arxiv_edge_023,edge_multihop,C,0.5,0.7642618399673063,0.0,0.4214206133224354
N8_E10c_T12b,N8,arxiv_edge_024,edge_multihop,C,0.75,0.0,0.0,0.25
N8_E10c_T12b,N8,arxiv_edge_025,edge_multihop,C,0.5714285714285714,0.816759956993525,0.5,0.6293961761406988
N8_E10c_T12b,N8,arxiv_edge_026,edge_multihop,C,1.0,0.7474795479994875,1.0,0.9158265159998291
N8_E10c_T12b,N8,arxiv_edge_027,edge_multihop,C,0.0,0.0,0.5,0.16666666666666666
N8_E10c_T12b,N8,arxiv_edge_028,edge_multihop,C,1.0,0.6494244881538086,0.0,0.5498081627179362
N8_E10c_T12b,N8,arxiv_edge_029,edge_multihop,C,1.0,0.0,0.0,0.3333333333333333
N8_E10c_T12b,N8,arxiv_edge_030,edge_multihop,C,0.5,0.8152409929360921,0.75,0.6884136643120308
N8_E10c_T12b,N8,arxiv_edge_031,edge_multihop,C,0.6,0.8342698957755011,0.5,0.6447566319251671
N8_E10c_T12b,N8,arxiv_edge_032,edge_multihop,C,0.4,0.7131673532082345,0.5,0.5377224510694115
N8_E10c_T12b,N8,arxiv_edge_033,edge_multihop,C,0.8333333333333334,0.8312393750775849,0.0,0.5548575694703061
N8_E10c_T12e,N8,arxiv_sh_000,single_specific,C,0.0,0.0,1.0,0.3333333333333333
N8_E10c_T12e,N8,arxiv_sh_001,single_specific,C,1.0,0.8850142547985236,1.0,0.9616714182661745
N8_E10c_T12e,N8,arxiv_sh_002,single_specific,C,1.0,0.0,0.5,0.5
N8_E10c_T12e,N8,arxiv_sh_003,single_specific,C,1.0,0.6943437786374989,1.0,0.8981145928791663
N8_E10c_T12e,N8,arxiv_sh_004,single_specific,C,1.0,0.739431216617672,1.0,0.9131437388725573
N8_E10c_T12e,N8,arxiv_sh_005,single_specific,C,0.6666666666666666,0.7901976901484629,1.0,0.8189547856050431
N8_E10c_T12e,N8,arxiv_sh_006,single_specific,C,0.5,0.8716222495382334,1.0,0.7905407498460778
N8_E10c_T12e,N8,arxiv_sh_007,single_specific,C,1.0,0.0,0.0,0.3333333333333333
N8_E10c_T12e,N8,arxiv_sh_008,single_specific,C,0.0,0.0,1.0,0.3333333333333333
N8_E10c_T12e,N8,arxiv_sh_009,single_specific,C,1.0,0.9448150844406066,1.0,0.9816050281468689
N8_E10c_T12e,N8,arxiv_sh_010,single_specific,C,0.5,0.9521501272049143,0.0,0.48405004240163807
N8_E10c_T12e,N8,arxiv_sh_011,single_specific,C,1.0,0.8222823298545423,1.0,0.9407607766181808
N8_E10c_T12e,N8,arxiv_sh_012,single_specific,C,1.0,0.999999763050698,1.0,0.9999999210168994
N8_E10c_T12e,N8,arxiv_sh_013,single_specific,C,1.0,1.0,1.0,1.0
N8_E10c_T12e,N8,arxiv_sh_014,single_specific,C,1.0,0.8251459126023946,1.0,0.9417153042007982
N8_E10c_T12e,N8,arxiv_sh_015,single_specific,C,1.0,0.6334232273327777,1.0,0.8778077424442592
N8_E10c_T12e,N8,arxiv_sh_016,single_specific,C,1.0,0.0,1.0,0.6666666666666666
N8_E10c_T12e,N8,arxiv_sh_017,single_specific,C,1.0,0.8278025551986213,1.0,0.9426008517328738
N8_E10c_T12e,N8,arxiv_sh_018,single_specific,C,1.0,0.8021367532103542,1.0,0.9340455844034513
N8_E10c_T12e,N8,arxiv_sh_019,single_specific,C,0.25,0.9999996833837722,1.0,0.7499998944612574
N8_E10c_T12e,N8,arxiv_sh_020,single_specific,C,1.0,0.9805506085073076,1.0,0.9935168695024359
N8_E10c_T12e,N8,arxiv_sh_021,single_specific,C,1.0,0.42228425709319845,0.0,0.47409475236439946
N8_E10c_T12e,N8,arxiv_sh_022,single_specific,C,1.0,0.0,0.0,0.3333333333333333
N8_E10c_T12e,N8,arxiv_sh_023,single_specific,C,1.0,0.8318427190973191,1.0,0.9439475730324397
N8_E10c_T12e,N8,arxiv_sh_024,single_specific,C,1.0,0.9627985942060482,1.0,0.9875995314020161
N8_E10c_T12e,N8,arxiv_sh_025,single_specific,C,0.6,0.8548779600144493,0.5,0.6516259866714831
N8_E10c_T12e,N8,arxiv_sh_026,single_specific,C,1.0,0.9092494589693786,1.0,0.9697498196564595
N8_E10c_T12e,N8,arxiv_sh_027,single_specific,C,1.0,0.0,0.0,0.3333333333333333
N8_E10c_T12e,N8,arxiv_sh_028,single_specific,C,0.3333333333333333,0.0,1.0,0.4444444444444444
N8_E10c_T12e,N8,arxiv_sh_029,single_specific,C,1.0,0.9217897556132814,1.0,0.9739299185377605
N8_E10c_T12e,N8,arxiv_sh_030,single_specific,C,1.0,0.9508322318642185,1.0,0.9836107439547396
N8_E10c_T12e,N8,arxiv_sh_031,single_specific,C,0.6666666666666666,0.9178427225829485,0.0,0.5281697964165384
N8_E10c_T12e,N8,arxiv_sh_032,single_specific,C,0.5714285714285714,0.9568421084663118,1.0,0.8427568932982944
N8_E10c_T12e,N8,arxiv_sh_033,single_specific,C,1.0,0.8563254743681646,0.0,0.6187751581227215
N8_E10c_T12e,N8,arxiv_sh_034,single_specific,C,0.6666666666666666,0.9803398705965775,1.0,0.8823355124210813
N8_E10c_T12e,N8,arxiv_agg_000,aggregate_cross_paper,C,1.0,0.7802371727461862,1.0,0.9267457242487288
N8_E10c_T12e,N8,arxiv_agg_001,aggregate_cross_paper,C,0.6666666666666666,0.7170290959170295,0.0,0.46123192086123205
N8_E10c_T12e,N8,arxiv_agg_002,aggregate_cross_paper,C,0.75,0.0,0.0,0.25
N8_E10c_T12e,N8,arxiv_agg_003,aggregate_cross_paper,C,0.7142857142857143,0.7843380865338304,0.0,0.49954126693984824
N8_E10c_T12e,N8,arxiv_agg_004,aggregate_cross_paper,C,1.0,0.5665935455567972,1.0,0.8555311818522657
N8_E10c_T12e,N8,arxiv_agg_005,aggregate_cross_paper,C,1.0,0.7981269247987988,1.0,0.9327089749329329
N8_E10c_T12e,N8,arxiv_agg_006,aggregate_cross_paper,C,0.6,0.7044756669772779,0.5,0.601491888992426
N8_E10c_T12e,N8,arxiv_agg_007,aggregate_cross_paper,C,1.0,0.7370185003973785,1.0,0.9123395001324596
N8_E10c_T12e,N8,arxiv_agg_008,aggregate_cross_paper,C,1.0,0.770552603899494,1.0,0.9235175346331647
N8_E10c_T12e,N8,arxiv_agg_009,aggregate_cross_paper,C,1.0,0.0,0.5,0.5
N8_E10c_T12e,N8,arxiv_agg_010,aggregate_cross_paper,C,0.875,0.5913098761226228,1.0,0.8221032920408743
N8_E10c_T12e,N8,arxiv_agg_011,aggregate_cross_paper,C,0.6666666666666666,0.0,0.0,0.2222222222222222
N8_E10c_T12e,N8,arxiv_agg_012,aggregate_cross_paper,C,0.75,0.8244991782908399,0.0,0.5248330594302799
N8_E10c_T12e,N8,arxiv_agg_013,aggregate_cross_paper,C,1.0,0.6472901028569015,1.0,0.8824300342856338
N8_E10c_T12e,N8,arxiv_agg_014,aggregate_cross_paper,C,0.6,0.861046355789243,0.0,0.48701545192974766
N8_E10c_T12e,N8,arxiv_agg_015,aggregate_cross_paper,C,1.0,0.0,0.0,0.3333333333333333
N8_E10c_T12e,N8,arxiv_agg_016,aggregate_cross_paper,C,1.0,0.7732053319658595,0.25,0.6744017773219532
N8_E10c_T12e,N8,arxiv_agg_017,aggregate_cross_paper,C,1.0,0.637641589052162,0.0,0.545880529684054
N8_E10c_T12e,N8,arxiv_agg_018,aggregate_cross_paper,C,0.4,0.0,0.0,0.13333333333333333
N8_E10c_T12e,N8,arxiv_agg_019,aggregate_cross_paper,C,0.6,0.6825981630956882,1.0,0.7608660543652294
N8_E10c_T12e,N8,arxiv_agg_020,aggregate_cross_paper,C,0.8333333333333334,0.7342063549604395,1.0,0.855846562764591
N8_E10c_T12e,N8,arxiv_agg_021,aggregate_cross_paper,C,0.4,0.0,0.5,0.3
N8_E10c_T12e,N8,arxiv_agg_022,aggregate_cross_paper,C,0.8571428571428571,0.796565023944981,0.5,0.7179026270292793
N8_E10c_T12e,N8,arxiv_agg_023,aggregate_cross_paper,C,0.6666666666666666,0.6877948564543374,0.0,0.451487174373668
N8_E10c_T12e,N8,arxiv_agg_024,aggregate_cross_paper,C,0.8571428571428571,0.9002087010983603,1.0,0.9191171860804058
N8_E10c_T12e,N8,arxiv_agg_025,aggregate_cross_paper,C,1.0,0.0,0.0,0.3333333333333333
N8_E10c_T12e,N8,arxiv_agg_026,aggregate_cross_paper,C,1.0,0.0,0.0,0.3333333333333333
N8_E10c_T12e,N8,arxiv_agg_027,aggregate_cross_paper,C,1.0,0.0,0.0,0.3333333333333333
N8_E10c_T12e,N8,arxiv_agg_028,aggregate_cross_paper,C,1.0,0.0,0.0,0.3333333333333333
N8_E10c_T12e,N8,arxiv_agg_029,aggregate_cross_paper,C,1.0,0.5973956556746228,1.0,0.8657985518915409
N8_E10c_T12e,N8,arxiv_agg_030,aggregate_cross_paper,C,0.6666666666666666,0.628816840558663,0.0,0.4318278357417766
N8_E10c_T12e,N8,arxiv_agg_031,aggregate_cross_paper,C,0.6,0.7516254064243549,0.5,0.6172084688081183
N8_E10c_T12e,N8,arxiv_agg_032,aggregate_cross_paper,C,0.7,0.710310476197228,1.0,0.8034368253990759
N8_E10c_T12e,N8,arxiv_edge_000,edge_multihop,C,1.0,0.6008902724604351,0.5,0.7002967574868117
N8_E10c_T12e,N8,arxiv_edge_001,edge_multihop,C,0.625,0.8505937815187753,1.0,0.8251979271729252
N8_E10c_T12e,N8,arxiv_edge_002,edge_multihop,C,0.5714285714285714,0.8321440551429674,0.5,0.6345242088571795
N8_E10c_T12e,N8,arxiv_edge_003,edge_multihop,C,0.42857142857142855,0.0,0.0,0.14285714285714285
N8_E10c_T12e,N8,arxiv_edge_004,edge_multihop,C,0.4,0.629278267076391,0.0,0.3430927556921303
N8_E10c_T12e,N8,arxiv_edge_005,edge_multihop,C,1.0,0.0,1.0,0.6666666666666666
N8_E10c_T12e,N8,arxiv_edge_006,edge_multihop,C,1.0,0.8512509891492209,0.0,0.6170836630497404
N8_E10c_T12e,N8,arxiv_edge_007,edge_multihop,C,1.0,0.0,0.0,0.3333333333333333
N8_E10c_T12e,N8,arxiv_edge_008,edge_multihop,C,0.0,0.8533034194236837,1.0,0.6177678064745612
N8_E10c_T12e,N8,arxiv_edge_009,edge_multihop,C,0.8571428571428571,0.7344653089492895,0.75,0.7805360553640489
N8_E10c_T12e,N8,arxiv_edge_010,edge_multihop,C,0.75,0.9513093995967629,0.0,0.567103133198921
N8_E10c_T12e,N8,arxiv_edge_011,edge_multihop,C,1.0,0.7541911527205333,0.0,0.5847303842401778
N8_E10c_T12e,N8,arxiv_edge_012,edge_multihop,C,0.8,0.7278949152213446,0.0,0.5092983050737816
N8_E10c_T12e,N8,arxiv_edge_013,edge_multihop,C,0.75,0.8032188883784342,0.0,0.517739629459478
N8_E10c_T12e,N8,arxiv_edge_014,edge_multihop,C,1.0,0.6855338811286306,0.0,0.5618446270428769
N8_E10c_T12e,N8,arxiv_edge_015,edge_multihop,C,0.5,0.8980594571439098,0.5,0.6326864857146366
N8_E10c_T12e,N8,arxiv_edge_016,edge_multihop,C,0.875,0.775832458318681,0.0,0.5502774861062271
N8_E10c_T12e,N8,arxiv_edge_017,edge_multihop,C,1.0,0.39809559732266725,0.0,0.4660318657742224
N8_E10c_T12e,N8,arxiv_edge_018,edge_multihop,C,0.7142857142857143,0.7766961186385278,0.0,0.4969939443080807
N8_E10c_T12e,N8,arxiv_edge_019,edge_multihop,C,0.6666666666666666,0.8281490494782479,1.0,0.8316052387149715
N8_E10c_T12e,N8,arxiv_edge_020,edge_multihop,C,1.0,0.7750308276968155,1.0,0.9250102758989386
N8_E10c_T12e,N8,arxiv_edge_021,edge_multihop,C,0.75,0.8170228053794788,1.0,0.8556742684598263
N8_E10c_T12e,N8,arxiv_edge_022,edge_multihop,C,1.0,0.7598166319811518,1.0,0.9199388773270506
N8_E10c_T12e,N8,arxiv_edge_023,edge_multihop,C,0.5,0.7642462782733993,0.0,0.42141542609113314
N8_E10c_T12e,N8,arxiv_edge_024,edge_multihop,C,0.5,0.0,0.0,0.16666666666666666
N8_E10c_T12e,N8,arxiv_edge_025,edge_multihop,C,0.5714285714285714,0.8167181869833331,0.0,0.4627155861373015
N8_E10c_T12e,N8,arxiv_edge_026,edge_multihop,C,0.8,0.7474679320270646,1.0,0.8491559773423548
N8_E10c_T12e,N8,arxiv_edge_027,edge_multihop,C,0.0,0.0,0.5,0.16666666666666666
N8_E10c_T12e,N8,arxiv_edge_028,edge_multihop,C,1.0,0.6494072203551988,0.0,0.5498024067850663
N8_E10c_T12e,N8,arxiv_edge_029,edge_multihop,C,0.8333333333333334,0.6156520776226645,0.0,0.48299513698533264
N8_E10c_T12e,N8,arxiv_edge_030,edge_multihop,C,0.5,0.8152232946302149,0.75,0.6884077648767383
N8_E10c_T12e,N8,arxiv_edge_031,edge_multihop,C,0.6,0.8362956481555814,0.5,0.6454318827185271
N8_E10c_T12e,N8,arxiv_edge_032,edge_multihop,C,0.2,0.7131398254919398,0.5,0.4710466084973133
N8_E10c_T12e,N8,arxiv_edge_033,edge_multihop,C,0.8,0.8309385589433022,0.0,0.5436461863144341
N8_E11a_T12a,N8,arxiv_sh_000,single_specific,C,0.5,0.0,1.0,0.5
N8_E11a_T12a,N8,arxiv_sh_001,single_specific,C,1.0,0.8850171833125166,1.0,0.9616723944375055
N8_E11a_T12a,N8,arxiv_sh_002,single_specific,C,1.0,0.8755027745028773,0.5,0.7918342581676258
N8_E11a_T12a,N8,arxiv_sh_003,single_specific,C,1.0,0.6943861619042097,0.0,0.5647953873014032
N8_E11a_T12a,N8,arxiv_sh_004,single_specific,C,1.0,0.7394443861628496,1.0,0.9131481287209499
N8_E11a_T12a,N8,arxiv_sh_005,single_specific,C,1.0,0.7901976901484629,1.0,0.9300658967161543
N8_E11a_T12a,N8,arxiv_sh_006,single_specific,C,0.5,0.0,1.0,0.5
N8_E11a_T12a,N8,arxiv_sh_007,single_specific,C,1.0,0.0,0.0,0.3333333333333333
N8_E11a_T12a,N8,arxiv_sh_008,single_specific,C,0.0,0.0,1.0,0.3333333333333333
N8_E11a_T12a,N8,arxiv_sh_009,single_specific,C,1.0,0.9448150844406066,1.0,0.9816050281468689
N8_E11a_T12a,N8,arxiv_sh_010,single_specific,C,0.5,0.0,0.0,0.16666666666666666
N8_E11a_T12a,N8,arxiv_sh_011,single_specific,C,1.0,0.8185701501107183,1.0,0.9395233833702394
N8_E11a_T12a,N8,arxiv_sh_012,single_specific,C,0.5,0.9999996445760472,1.0,0.8333332148586824
N8_E11a_T12a,N8,arxiv_sh_013,single_specific,C,1.0,1.0,1.0,1.0
N8_E11a_T12a,N8,arxiv_sh_014,single_specific,C,1.0,0.8251332964945753,1.0,0.941711098831525
N8_E11a_T12a,N8,arxiv_sh_015,single_specific,C,1.0,0.6593691940380203,1.0,0.8864563980126734
N8_E11a_T12a,N8,arxiv_sh_016,single_specific,C,0.25,0.8844228473977668,1.0,0.7114742824659223
N8_E11a_T12a,N8,arxiv_sh_017,single_specific,C,1.0,0.8278031542949839,1.0,0.9426010514316613
N8_E11a_T12a,N8,arxiv_sh_018,single_specific,C,1.0,0.692359356598455,1.0,0.8974531188661516
N8_E11a_T12a,N8,arxiv_sh_019,single_specific,C,0.0,0.9999996833837722,1.0,0.666666561127924
N8_E11a_T12a,N8,arxiv_sh_020,single_specific,C,1.0,0.8476181701419306,1.0,0.9492060567139768
N8_E11a_T12a,N8,arxiv_sh_021,single_specific,C,1.0,0.42228425709319845,1.0,0.8074280856977328
N8_E11a_T12a,N8,arxiv_sh_022,single_specific,C,1.0,0.0,0.0,0.3333333333333333
N8_E11a_T12a,N8,arxiv_sh_023,single_specific,C,1.0,0.8318416781316568,1.0,0.9439472260438856
N8_E11a_T12a,N8,arxiv_sh_024,single_specific,C,1.0,0.9627833400778432,1.0,0.9875944466926144
N8_E11a_T12a,N8,arxiv_sh_025,single_specific,C,0.5,0.8607644186135808,0.0,0.45358813953786026
N8_E11a_T12a,N8,arxiv_sh_026,single_specific,C,1.0,0.9092494589693786,1.0,0.9697498196564595
N8_E11a_T12a,N8,arxiv_sh_027,single_specific,C,1.0,0.0,0.0,0.3333333333333333
N8_E11a_T12a,N8,arxiv_sh_028,single_specific,C,0.0,0.0,1.0,0.3333333333333333
N8_E11a_T12a,N8,arxiv_sh_029,single_specific,C,1.0,0.8983638452367767,1.0,0.9661212817455923
N8_E11a_T12a,N8,arxiv_sh_030,single_specific,C,1.0,0.952135587020794,1.0,0.9840451956735979
N8_E11a_T12a,N8,arxiv_sh_031,single_specific,C,0.6666666666666666,0.9183272934693166,1.0,0.861664653378661
N8_E11a_T12a,N8,arxiv_sh_032,single_specific,C,1.0,0.0,0.0,0.3333333333333333
N8_E11a_T12a,N8,arxiv_sh_033,single_specific,C,1.0,0.8563546724997056,0.0,0.6187848908332353
N8_E11a_T12a,N8,arxiv_sh_034,single_specific,C,1.0,0.9803398705965775,1.0,0.9934466235321925
N8_E11a_T12a,N8,arxiv_agg_000,aggregate_cross_paper,C,1.0,0.7806970393662951,0.0,0.5935656797887651
N8_E11a_T12a,N8,arxiv_agg_001,aggregate_cross_paper,C,1.0,0.0,0.0,0.3333333333333333
N8_E11a_T12a,N8,arxiv_agg_002,aggregate_cross_paper,C,1.0,0.0,0.0,0.3333333333333333
N8_E11a_T12a,N8,arxiv_agg_003,aggregate_cross_paper,C,0.3333333333333333,0.784322525068446,0.5,0.5392186194672598
N8_E11a_T12a,N8,arxiv_agg_004,aggregate_cross_paper,C,1.0,0.5858464365357481,0.5,0.695282145511916
N8_E11a_T12a,N8,arxiv_agg_005,aggregate_cross_paper,C,1.0,0.7981269247987988,1.0,0.9327089749329329
N8_E11a_T12a,N8,arxiv_agg_006,aggregate_cross_paper,C,0.3333333333333333,0.704504534315749,0.0,0.3459459558830274
N8_E11a_T12a,N8,arxiv_agg_007,aggregate_cross_paper,C,0.0,0.7391122577288178,0.0,0.2463707525762726
N8_E11a_T12a,N8,arxiv_agg_008,aggregate_cross_paper,C,1.0,0.7705537584205989,1.0,0.9235179194735329
N8_E11a_T12a,N8,arxiv_agg_009,aggregate_cross_paper,C,0.7142857142857143,0.7926110748714456,0.5,0.66896559638572
N8_E11a_T12a,N8,arxiv_agg_010,aggregate_cross_paper,C,0.8333333333333334,0.7149944275124165,1.0,0.8494425869485833
N8_E11a_T12a,N8,arxiv_agg_011,aggregate_cross_paper,C,0.6666666666666666,0.0,0.0,0.2222222222222222
N8_E11a_T12a,N8,arxiv_agg_012,aggregate_cross_paper,C,0.3333333333333333,0.614814795687088,0.0,0.3160493763401404
N8_E11a_T12a,N8,arxiv_agg_013,aggregate_cross_paper,C,1.0,0.6472901028569015,1.0,0.8824300342856338
N8_E11a_T12a,N8,arxiv_agg_014,aggregate_cross_paper,C,1.0,0.0,0.0,0.3333333333333333
N8_E11a_T12a,N8,arxiv_agg_015,aggregate_cross_paper,C,0.7142857142857143,0.0,0.0,0.2380952380952381
N8_E11a_T12a,N8,arxiv_agg_016,aggregate_cross_paper,C,0.8333333333333334,0.6566478402027739,0.0,0.4966603911787024
N8_E11a_T12a,N8,arxiv_agg_017,aggregate_cross_paper,C,1.0,0.6376512095984946,0.0,0.5458837365328315
N8_E11a_T12a,N8,arxiv_agg_018,aggregate_cross_paper,C,0.4,0.0,0.5,0.3
N8_E11a_T12a,N8,arxiv_agg_019,aggregate_cross_paper,C,0.875,0.7544582498654183,1.0,0.8764860832884728
N8_E11a_T12a,N8,arxiv_agg_020,aggregate_cross_paper,C,0.5555555555555556,0.621263829524683,0.5,0.5589397950267462
N8_E11a_T12a,N8,arxiv_agg_021,aggregate_cross_paper,C,0.0,0.0,0.0,0.0
N8_E11a_T12a,N8,arxiv_agg_022,aggregate_cross_paper,C,0.5714285714285714,0.7368275583991696,0.5,0.6027520432759137
N8_E11a_T12a,N8,arxiv_agg_023,aggregate_cross_paper,C,1.0,0.0,0.0,0.3333333333333333
N8_E11a_T12a,N8,arxiv_agg_024,aggregate_cross_paper,C,0.8333333333333334,0.6777073380156415,1.0,0.837013557116325
N8_E11a_T12a,N8,arxiv_agg_025,aggregate_cross_paper,C,1.0,0.0,0.0,0.3333333333333333
N8_E11a_T12a,N8,arxiv_agg_026,aggregate_cross_paper,C,0.8,0.0,0.0,0.26666666666666666
N8_E11a_T12a,N8,arxiv_agg_027,aggregate_cross_paper,C,0.75,0.0,0.0,0.25
N8_E11a_T12a,N8,arxiv_agg_028,aggregate_cross_paper,C,0.5,0.0,0.0,0.16666666666666666
N8_E11a_T12a,N8,arxiv_agg_029,aggregate_cross_paper,C,1.0,0.7094661819992769,1.0,0.903155393999759
N8_E11a_T12a,N8,arxiv_agg_030,aggregate_cross_paper,C,0.42857142857142855,0.6245868902435535,0.0,0.3510527729383273
N8_E11a_T12a,N8,arxiv_agg_031,aggregate_cross_paper,C,1.0,0.7516254064243549,0.25,0.6672084688081182
N8_E11a_T12a,N8,arxiv_agg_032,aggregate_cross_paper,C,1.0,0.7049653517791366,0.5,0.7349884505930455
N8_E11a_T12a,N8,arxiv_edge_000,edge_multihop,C,0.75,0.6801067804172897,1.0,0.8100355934724299
N8_E11a_T12a,N8,arxiv_edge_001,edge_multihop,C,0.75,0.8700593725138773,1.0,0.8733531241712925
N8_E11a_T12a,N8,arxiv_edge_002,edge_multihop,C,1.0,0.814543060416336,1.0,0.9381810201387787
N8_E11a_T12a,N8,arxiv_edge_003,edge_multihop,C,0.7777777777777778,0.6810126068765555,0.0,0.48626346155144445
N8_E11a_T12a,N8,arxiv_edge_004,edge_multihop,C,0.7142857142857143,0.6292960040323452,0.0,0.44786057277268654
N8_E11a_T12a,N8,arxiv_edge_005,edge_multihop,C,1.0,0.0,1.0,0.6666666666666666
N8_E11a_T12a,N8,arxiv_edge_006,edge_multihop,C,0.625,0.7271978940795684,0.0,0.45073263135985614
N8_E11a_T12a,N8,arxiv_edge_007,edge_multihop,C,0.25,0.6289447462257206,0.0,0.2929815820752402
N8_E11a_T12a,N8,arxiv_edge_008,edge_multihop,C,0.25,0.8569313286784697,0.75,0.6189771095594899
N8_E11a_T12a,N8,arxiv_edge_009,edge_multihop,C,0.8571428571428571,0.7344653089492895,0.75,0.7805360553640489
N8_E11a_T12a,N8,arxiv_edge_010,edge_multihop,C,1.0,0.9368257967488246,0.0,0.6456085989162749
N8_E11a_T12a,N8,arxiv_edge_011,edge_multihop,C,0.75,0.8394250024009248,0.0,0.5298083341336416
N8_E11a_T12a,N8,arxiv_edge_012,edge_multihop,C,1.0,0.7449395202676751,0.0,0.5816465067558917
N8_E11a_T12a,N8,arxiv_edge_013,edge_multihop,C,0.5,0.8341200054112489,0.0,0.44470666847041623
N8_E11a_T12a,N8,arxiv_edge_014,edge_multihop,C,0.875,0.68926820306841,0.0,0.5214227343561366
N8_E11a_T12a,N8,arxiv_edge_015,edge_multihop,C,1.0,0.7920133917930153,1.0,0.9306711305976717
N8_E11a_T12a,N8,arxiv_edge_016,edge_multihop,C,0.75,0.0,0.0,0.25
N8_E11a_T12a,N8,arxiv_edge_017,edge_multihop,C,0.25,0.0,0.0,0.08333333333333333
N8_E11a_T12a,N8,arxiv_edge_018,edge_multihop,C,0.9,0.7985051375784317,0.0,0.5661683791928106
N8_E11a_T12a,N8,arxiv_edge_019,edge_multihop,C,0.8,0.7734944766028464,0.0,0.5244981588676155
N8_E11a_T12a,N8,arxiv_edge_020,edge_multihop,C,1.0,0.8060130237548583,1.0,0.9353376745849528
N8_E11a_T12a,N8,arxiv_edge_021,edge_multihop,C,1.0,0.7862084915033405,1.0,0.9287361638344468
N8_E11a_T12a,N8,arxiv_edge_022,edge_multihop,C,1.0,0.7598166319811518,0.75,0.8366055439937172
N8_E11a_T12a,N8,arxiv_edge_023,edge_multihop,C,0.4,0.7638608950754403,0.25,0.4712869650251468
N8_E11a_T12a,N8,arxiv_edge_024,edge_multihop,C,0.4,0.0,0.0,0.13333333333333333
N8_E11a_T12a,N8,arxiv_edge_025,edge_multihop,C,0.8571428571428571,0.6975605771706191,0.0,0.5182344781044921
N8_E11a_T12a,N8,arxiv_edge_026,edge_multihop,C,0.6,0.7191127439131421,1.0,0.7730375813043807
N8_E11a_T12a,N8,arxiv_edge_027,edge_multihop,C,0.6,0.6125216242583952,0.0,0.40417387475279837
N8_E11a_T12a,N8,arxiv_edge_028,edge_multihop,C,1.0,0.6270818442079882,0.5,0.7090272814026628
N8_E11a_T12a,N8,arxiv_edge_029,edge_multihop,C,0.7142857142857143,0.7139614822160412,0.0,0.4760823988339185
N8_E11a_T12a,N8,arxiv_edge_030,edge_multihop,C,0.5,0.8050742297763577,0.5,0.6016914099254526
N8_E11a_T12a,N8,arxiv_edge_031,edge_multihop,C,0.8,0.8354485823898731,0.5,0.7118161941299577
N8_E11a_T12a,N8,arxiv_edge_032,edge_multihop,C,0.8333333333333334,0.0,0.5,0.4444444444444445
N8_E11a_T12a,N8,arxiv_edge_033,edge_multihop,C,0.4,0.822314441043607,0.0,0.4074381470145356
N8_E11a_T12b,N8,arxiv_sh_000,single_specific,C,0.0,0.0,1.0,0.3333333333333333
N8_E11a_T12b,N8,arxiv_sh_001,single_specific,C,1.0,0.9111479156556793,1.0,0.9703826385518931
N8_E11a_T12b,N8,arxiv_sh_002,single_specific,C,1.0,0.8755027745028773,0.5,0.7918342581676258
N8_E11a_T12b,N8,arxiv_sh_003,single_specific,C,1.0,0.6943938184102393,0.0,0.5647979394700798
N8_E11a_T12b,N8,arxiv_sh_004,single_specific,C,1.0,0.739431216617672,1.0,0.9131437388725573
N8_E11a_T12b,N8,arxiv_sh_005,single_specific,C,1.0,0.7872464891253005,1.0,0.9290821630417668
N8_E11a_T12b,N8,arxiv_sh_006,single_specific,C,0.5,0.0,1.0,0.5
N8_E11a_T12b,N8,arxiv_sh_007,single_specific,C,1.0,0.0,0.0,0.3333333333333333
N8_E11a_T12b,N8,arxiv_sh_008,single_specific,C,0.0,0.0,1.0,0.3333333333333333
N8_E11a_T12b,N8,arxiv_sh_009,single_specific,C,1.0,0.9447813719453736,1.0,0.9815937906484579
N8_E11a_T12b,N8,arxiv_sh_010,single_specific,C,1.0,0.0,0.0,0.3333333333333333
N8_E11a_T12b,N8,arxiv_sh_011,single_specific,C,1.0,0.9769423655085658,1.0,0.9923141218361886
N8_E11a_T12b,N8,arxiv_sh_012,single_specific,C,0.5,0.9999996445760472,1.0,0.8333332148586824
N8_E11a_T12b,N8,arxiv_sh_013,single_specific,C,1.0,0.9999996155418517,1.0,0.9999998718472839
N8_E11a_T12b,N8,arxiv_sh_014,single_specific,C,1.0,0.8251332964945753,1.0,0.941711098831525
N8_E11a_T12b,N8,arxiv_sh_015,single_specific,C,1.0,0.6074735258632054,1.0,0.8691578419544017
N8_E11a_T12b,N8,arxiv_sh_016,single_specific,C,0.25,0.8853441109184663,1.0,0.7117813703061554
N8_E11a_T12b,N8,arxiv_sh_017,single_specific,C,1.0,0.8278926363239051,1.0,0.942630878774635
N8_E11a_T12b,N8,arxiv_sh_018,single_specific,C,1.0,0.6923185105607476,1.0,0.8974395035202493
N8_E11a_T12b,N8,arxiv_sh_019,single_specific,C,0.0,0.9999996833837722,1.0,0.666666561127924
N8_E11a_T12b,N8,arxiv_sh_020,single_specific,C,0.6666666666666666,0.8505439943226206,1.0,0.8390702203297624
N8_E11a_T12b,N8,arxiv_sh_021,single_specific,C,1.0,0.42233239003335626,1.0,0.8074441300111187
N8_E11a_T12b,N8,arxiv_sh_022,single_specific,C,1.0,0.0,0.0,0.3333333333333333
N8_E11a_T12b,N8,arxiv_sh_023,single_specific,C,1.0,0.8318427190973191,1.0,0.9439475730324397
N8_E11a_T12b,N8,arxiv_sh_024,single_specific,C,1.0,0.9627833400778432,1.0,0.9875944466926144
N8_E11a_T12b,N8,arxiv_sh_025,single_specific,C,0.8,0.8548779600144493,0.0,0.5516259866714831
N8_E11a_T12b,N8,arxiv_sh_026,single_specific,C,1.0,0.9102586545646142,1.0,0.9700862181882047
N8_E11a_T12b,N8,arxiv_sh_027,single_specific,C,1.0,0.0,0.0,0.3333333333333333
N8_E11a_T12b,N8,arxiv_sh_028,single_specific,C,0.3333333333333333,0.0,1.0,0.4444444444444444
N8_E11a_T12b,N8,arxiv_sh_029,single_specific,C,1.0,0.9684900199521876,1.0,0.9894966733173959
N8_E11a_T12b,N8,arxiv_sh_030,single_specific,C,1.0,0.9508322318642185,1.0,0.9836107439547396
N8_E11a_T12b,N8,arxiv_sh_031,single_specific,C,0.6666666666666666,0.9183240492871504,1.0,0.8616635719846056
N8_E11a_T12b,N8,arxiv_sh_032,single_specific,C,1.0,0.0,0.0,0.3333333333333333
N8_E11a_T12b,N8,arxiv_sh_033,single_specific,C,1.0,0.8563254743681646,0.0,0.6187751581227215
N8_E11a_T12b,N8,arxiv_sh_034,single_specific,C,1.0,0.9803536550599942,1.0,0.9934512183533314
N8_E11a_T12b,N8,arxiv_agg_000,aggregate_cross_paper,C,1.0,0.7808362171690942,0.0,0.593612072389698
N8_E11a_T12b,N8,arxiv_agg_001,aggregate_cross_paper,C,1.0,0.0,0.0,0.3333333333333333
N8_E11a_T12b,N8,arxiv_agg_002,aggregate_cross_paper,C,1.0,0.0,0.0,0.3333333333333333
N8_E11a_T12b,N8,arxiv_agg_003,aggregate_cross_paper,C,0.42857142857142855,0.7843038437648172,0.5,0.5709584241120819
N8_E11a_T12b,N8,arxiv_agg_004,aggregate_cross_paper,C,0.875,0.5793552693358502,0.25,0.56811842311195
N8_E11a_T12b,N8,arxiv_agg_005,aggregate_cross_paper,C,1.0,0.7981266370105358,1.0,0.932708879003512
N8_E11a_T12b,N8,arxiv_agg_006,aggregate_cross_paper,C,0.4,0.0,0.0,0.13333333333333333
N8_E11a_T12b,N8,arxiv_agg_007,aggregate_cross_paper,C,0.5,0.7390969122417439,0.0,0.4130323040805813
N8_E11a_T12b,N8,arxiv_agg_008,aggregate_cross_paper,C,1.0,0.7705508417846209,1.0,0.9235169472615402
N8_E11a_T12b,N8,arxiv_agg_009,aggregate_cross_paper,C,0.8333333333333334,0.7115787994976234,0.5,0.681637377610319
N8_E11a_T12b,N8,arxiv_agg_010,aggregate_cross_paper,C,0.8333333333333334,0.7383173733106773,1.0,0.8572169022146703
N8_E11a_T12b,N8,arxiv_agg_011,aggregate_cross_paper,C,0.6666666666666666,0.0,0.0,0.2222222222222222
N8_E11a_T12b,N8,arxiv_agg_012,aggregate_cross_paper,C,0.6666666666666666,0.6147730439583156,0.0,0.4271465702083274
N8_E11a_T12b,N8,arxiv_agg_013,aggregate_cross_paper,C,1.0,0.6473166030914445,1.0,0.8824388676971481
N8_E11a_T12b,N8,arxiv_agg_014,aggregate_cross_paper,C,1.0,0.0,0.0,0.3333333333333333
N8_E11a_T12b,N8,arxiv_agg_015,aggregate_cross_paper,C,0.625,0.0,0.0,0.20833333333333334
N8_E11a_T12b,N8,arxiv_agg_016,aggregate_cross_paper,C,0.8333333333333334,0.6565919674506311,0.0,0.4966417669279881
N8_E11a_T12b,N8,arxiv_agg_017,aggregate_cross_paper,C,1.0,0.637641589052162,0.0,0.545880529684054
N8_E11a_T12b,N8,arxiv_agg_018,aggregate_cross_paper,C,0.6,0.0,0.5,0.3666666666666667
N8_E11a_T12b,N8,arxiv_agg_019,aggregate_cross_paper,C,0.75,0.7545017797898635,1.0,0.8348339265966213
N8_E11a_T12b,N8,arxiv_agg_020,aggregate_cross_paper,C,0.4,0.6148410885736212,0.5,0.5049470295245404
N8_E11a_T12b,N8,arxiv_agg_021,aggregate_cross_paper,C,0.2857142857142857,0.0,0.0,0.09523809523809523
N8_E11a_T12b,N8,arxiv_agg_022,aggregate_cross_paper,C,0.6,0.6488127766567171,0.5,0.5829375922189057
N8_E11a_T12b,N8,arxiv_agg_023,aggregate_cross_paper,C,1.0,0.0,0.0,0.3333333333333333
N8_E11a_T12b,N8,arxiv_agg_024,aggregate_cross_paper,C,0.8333333333333334,0.6776868912627859,1.0,0.8370067415320398
N8_E11a_T12b,N8,arxiv_agg_025,aggregate_cross_paper,C,1.0,0.0,0.25,0.4166666666666667
N8_E11a_T12b,N8,arxiv_agg_026,aggregate_cross_paper,C,1.0,0.0,0.0,0.3333333333333333
N8_E11a_T12b,N8,arxiv_agg_027,aggregate_cross_paper,C,0.875,0.0,0.0,0.2916666666666667
N8_E11a_T12b,N8,arxiv_agg_028,aggregate_cross_paper,C,0.5,0.0,0.0,0.16666666666666666
N8_E11a_T12b,N8,arxiv_agg_029,aggregate_cross_paper,C,1.0,0.7094408501426605,1.0,0.9031469500475535
N8_E11a_T12b,N8,arxiv_agg_030,aggregate_cross_paper,C,0.0,0.6331748739323682,0.0,0.21105829131078938
N8_E11a_T12b,N8,arxiv_agg_031,aggregate_cross_paper,C,1.0,0.7516254064243549,0.25,0.6672084688081182
N8_E11a_T12b,N8,arxiv_agg_032,aggregate_cross_paper,C,1.0,0.7043733016509831,0.5,0.7347911005503277
N8_E11a_T12b,N8,arxiv_edge_000,edge_multihop,C,1.0,0.6785411539849223,1.0,0.8928470513283074
N8_E11a_T12b,N8,arxiv_edge_001,edge_multihop,C,1.0,0.8506023561830247,1.0,0.9502007853943416
N8_E11a_T12b,N8,arxiv_edge_002,edge_multihop,C,0.25,0.8106528787427786,1.0,0.6868842929142596
N8_E11a_T12b,N8,arxiv_edge_003,edge_multihop,C,0.6666666666666666,0.6142737641415549,0.0,0.4269801436027405
N8_E11a_T12b,N8,arxiv_edge_004,edge_multihop,C,0.4,0.6292960040323452,0.0,0.3430986680107817
N8_E11a_T12b,N8,arxiv_edge_005,edge_multihop,C,1.0,0.0,1.0,0.6666666666666666
N8_E11a_T12b,N8,arxiv_edge_006,edge_multihop,C,0.875,0.7258120551106954,0.0,0.5336040183702319
N8_E11a_T12b,N8,arxiv_edge_007,edge_multihop,C,0.2857142857142857,0.7606864777419128,0.0,0.3488002544853995
N8_E11a_T12b,N8,arxiv_edge_008,edge_multihop,C,0.0,0.8311184608417505,1.0,0.6103728202805835
N8_E11a_T12b,N8,arxiv_edge_009,edge_multihop,C,0.5,0.7344653089492895,0.75,0.6614884363164298
N8_E11a_T12b,N8,arxiv_edge_010,edge_multihop,C,1.0,0.9334450523666934,0.0,0.6444816841222312
N8_E11a_T12b,N8,arxiv_edge_011,edge_multihop,C,0.8333333333333334,0.8911308274194747,0.0,0.5748213869176028
N8_E11a_T12b,N8,arxiv_edge_012,edge_multihop,C,0.8,0.6772331623890363,0.0,0.49241105412967884
N8_E11a_T12b,N8,arxiv_edge_013,edge_multihop,C,0.7142857142857143,0.8444466952115041,0.0,0.5195774698324062
N8_E11a_T12b,N8,arxiv_edge_014,edge_multihop,C,0.8571428571428571,0.6869790454145317,0.0,0.514707300852463
N8_E11a_T12b,N8,arxiv_edge_015,edge_multihop,C,0.6,0.7964640789321497,1.0,0.7988213596440499
N8_E11a_T12b,N8,arxiv_edge_016,edge_multihop,C,0.75,0.0,0.0,0.25
N8_E11a_T12b,N8,arxiv_edge_017,edge_multihop,C,0.2,0.0,0.0,0.06666666666666667
N8_E11a_T12b,N8,arxiv_edge_018,edge_multihop,C,0.7777777777777778,0.7985051375784317,0.0,0.5254276384520699
N8_E11a_T12b,N8,arxiv_edge_019,edge_multihop,C,1.0,0.8619436121303748,0.0,0.620647870710125
N8_E11a_T12b,N8,arxiv_edge_020,edge_multihop,C,0.75,0.8535701325213342,0.75,0.7845233775071114
N8_E11a_T12b,N8,arxiv_edge_021,edge_multihop,C,1.0,0.7894056966510842,1.0,0.9298018988836948
N8_E11a_T12b,N8,arxiv_edge_022,edge_multihop,C,1.0,0.7598166319811518,1.0,0.9199388773270506
N8_E11a_T12b,N8,arxiv_edge_023,edge_multihop,C,0.6,0.7615802733506923,0.0,0.45386009111689746
N8_E11a_T12b,N8,arxiv_edge_024,edge_multihop,C,0.6,0.0,0.0,0.19999999999999998
N8_E11a_T12b,N8,arxiv_edge_025,edge_multihop,C,0.8571428571428571,0.772076143537299,0.0,0.5430730002267187
N8_E11a_T12b,N8,arxiv_edge_026,edge_multihop,C,1.0,0.7329822058032424,1.0,0.9109940686010808
N8_E11a_T12b,N8,arxiv_edge_027,edge_multihop,C,1.0,0.5931594907837178,0.0,0.5310531635945726
N8_E11a_T12b,N8,arxiv_edge_028,edge_multihop,C,1.0,0.6453188399672932,0.0,0.5484396133224311
N8_E11a_T12b,N8,arxiv_edge_029,edge_multihop,C,0.75,0.703562102514435,0.0,0.48452070083814497
N8_E11a_T12b,N8,arxiv_edge_030,edge_multihop,C,0.5,0.8051316971306641,0.25,0.518377232376888
N8_E11a_T12b,N8,arxiv_edge_031,edge_multihop,C,0.8,0.8378850798159988,0.5,0.7126283599386664
N8_E11a_T12b,N8,arxiv_edge_032,edge_multihop,C,0.5,0.7502463343043072,0.25,0.500082111434769
N8_E11a_T12b,N8,arxiv_edge_033,edge_multihop,C,0.5714285714285714,0.8200884821821831,0.0,0.46383901787025145
N8_E11b_T12a,N8,arxiv_sh_000,single_specific,C,0.5,0.0,1.0,0.5
N8_E11b_T12a,N8,arxiv_sh_001,single_specific,C,1.0,0.8849953519763774,1.0,0.9616651173254591
N8_E11b_T12a,N8,arxiv_sh_002,single_specific,C,1.0,0.8587441312755876,0.5,0.7862480437585292
N8_E11b_T12a,N8,arxiv_sh_003,single_specific,C,1.0,0.6943473221389912,1.0,0.8981157740463304
N8_E11b_T12a,N8,arxiv_sh_004,single_specific,C,1.0,0.9644580505789652,1.0,0.9881526835263217
N8_E11b_T12a,N8,arxiv_sh_005,single_specific,C,1.0,0.7901976901484629,1.0,0.9300658967161543
N8_E11b_T12a,N8,arxiv_sh_006,single_specific,C,0.5,0.0,1.0,0.5
N8_E11b_T12a,N8,arxiv_sh_007,single_specific,C,0.5,0.0,0.0,0.16666666666666666
N8_E11b_T12a,N8,arxiv_sh_008,single_specific,C,1.0,0.9371973114293933,1.0,0.9790657704764644
N8_E11b_T12a,N8,arxiv_sh_009,single_specific,C,1.0,0.9448150844406066,0.0,0.6482716948135355
N8_E11b_T12a,N8,arxiv_sh_010,single_specific,C,0.5,0.9521517228807225,0.0,0.4840505742935742
N8_E11b_T12a,N8,arxiv_sh_011,single_specific,C,1.0,0.8233150201888527,1.0,0.9411050067296176
N8_E11b_T12a,N8,arxiv_sh_012,single_specific,C,1.0,0.9832964167837869,1.0,0.9944321389279289
N8_E11b_T12a,N8,arxiv_sh_013,single_specific,C,1.0,1.0,0.0,0.6666666666666666
N8_E11b_T12a,N8,arxiv_sh_014,single_specific,C,1.0,0.8251332964945753,0.0,0.6083777654981918
N8_E11b_T12a,N8,arxiv_sh_015,single_specific,C,1.0,0.957584221920872,1.0,0.9858614073069574
N8_E11b_T12a,N8,arxiv_sh_016,single_specific,C,0.75,0.8751518743403395,1.0,0.8750506247801132
N8_E11b_T12a,N8,arxiv_sh_017,single_specific,C,1.0,0.8278025551986213,1.0,0.9426008517328738
N8_E11b_T12a,N8,arxiv_sh_018,single_specific,C,1.0,0.5042398735858826,1.0,0.8347466245286276
N8_E11b_T12a,N8,arxiv_sh_019,single_specific,C,0.0,0.991326300756298,1.0,0.6637754335854327
N8_E11b_T12a,N8,arxiv_sh_020,single_specific,C,1.0,0.9581069352286851,1.0,0.9860356450762283
N8_E11b_T12a,N8,arxiv_sh_021,single_specific,C,1.0,0.42233239003335626,1.0,0.8074441300111187
N8_E11b_T12a,N8,arxiv_sh_022,single_specific,C,1.0,0.0,0.0,0.3333333333333333
N8_E11b_T12a,N8,arxiv_sh_023,single_specific,C,1.0,0.8318416781316568,1.0,0.9439472260438856
N8_E11b_T12a,N8,arxiv_sh_024,single_specific,C,1.0,0.9627833400778432,0.0,0.654261113359281
N8_E11b_T12a,N8,arxiv_sh_025,single_specific,C,0.75,0.8548655661617824,0.0,0.5349551887205942
N8_E11b_T12a,N8,arxiv_sh_026,single_specific,C,0.5,0.9102472999652048,0.0,0.4700824333217349
N8_E11b_T12a,N8,arxiv_sh_027,single_specific,C,1.0,0.0,0.0,0.3333333333333333
N8_E11b_T12a,N8,arxiv_sh_028,single_specific,C,0.6666666666666666,0.5804582695657802,1.0,0.7490416454108155
N8_E11b_T12a,N8,arxiv_sh_029,single_specific,C,1.0,0.9685066124266681,1.0,0.9895022041422227
N8_E11b_T12a,N8,arxiv_sh_030,single_specific,C,1.0,0.9508478274518258,1.0,0.9836159424839419
N8_E11b_T12a,N8,arxiv_sh_031,single_specific,C,0.6666666666666666,0.9506760769490318,0.0,0.5391142478718994
N8_E11b_T12a,N8,arxiv_sh_032,single_specific,C,1.0,0.9652723829069941,1.0,0.9884241276356648
N8_E11b_T12a,N8,arxiv_sh_033,single_specific,C,1.0,0.0,0.0,0.3333333333333333
N8_E11b_T12a,N8,arxiv_sh_034,single_specific,C,1.0,0.9803398705965775,0.0,0.6601132901988591
N8_E11b_T12a,N8,arxiv_agg_000,aggregate_cross_paper,C,0.6666666666666666,0.712380875313114,1.0,0.7930158473265935
N8_E11b_T12a,N8,arxiv_agg_001,aggregate_cross_paper,C,0.2,0.0,0.5,0.2333333333333333
N8_E11b_T12a,N8,arxiv_agg_002,aggregate_cross_paper,C,0.75,0.0,0.5,0.4166666666666667
N8_E11b_T12a,N8,arxiv_agg_003,aggregate_cross_paper,C,0.6666666666666666,0.0,0.0,0.2222222222222222
N8_E11b_T12a,N8,arxiv_agg_004,aggregate_cross_paper,C,0.625,0.7488737497623061,0.0,0.4579579165874354
N8_E11b_T12a,N8,arxiv_agg_005,aggregate_cross_paper,C,0.5,0.7981269247987988,0.0,0.4327089749329329
N8_E11b_T12a,N8,arxiv_agg_006,aggregate_cross_paper,C,0.8571428571428571,0.7045118843230279,0.5,0.687218247155295
N8_E11b_T12a,N8,arxiv_agg_007,aggregate_cross_paper,C,1.0,0.7391183088554909,0.0,0.5797061029518303
N8_E11b_T12a,N8,arxiv_agg_008,aggregate_cross_paper,C,0.5,0.7705484181301027,1.0,0.7568494727100342
N8_E11b_T12a,N8,arxiv_agg_009,aggregate_cross_paper,C,1.0,0.9386215901284293,0.5,0.8128738633761431
N8_E11b_T12a,N8,arxiv_agg_010,aggregate_cross_paper,C,0.8333333333333334,0.8201472251347334,1.0,0.8844935194893555
N8_E11b_T12a,N8,arxiv_agg_011,aggregate_cross_paper,C,0.6666666666666666,0.0,0.0,0.2222222222222222
N8_E11b_T12a,N8,arxiv_agg_012,aggregate_cross_paper,C,0.3333333333333333,0.6686386229345272,0.0,0.33399065208928685
N8_E11b_T12a,N8,arxiv_agg_013,aggregate_cross_paper,C,1.0,0.9231950458160582,1.0,0.9743983486053528
N8_E11b_T12a,N8,arxiv_agg_014,aggregate_cross_paper,C,0.25,0.0,0.0,0.08333333333333333
N8_E11b_T12a,N8,arxiv_agg_015,aggregate_cross_paper,C,0.3333333333333333,0.0,0.0,0.1111111111111111
N8_E11b_T12a,N8,arxiv_agg_016,aggregate_cross_paper,C,0.6,0.823494389119927,0.0,0.47449812970664235
N8_E11b_T12a,N8,arxiv_agg_017,aggregate_cross_paper,C,1.0,0.7378430969014791,0.5,0.7459476989671597
N8_E11b_T12a,N8,arxiv_agg_018,aggregate_cross_paper,C,0.75,0.0,0.0,0.25
N8_E11b_T12a,N8,arxiv_agg_019,aggregate_cross_paper,C,1.0,0.5169839532454096,0.0,0.5056613177484698
N8_E11b_T12a,N8,arxiv_agg_020,aggregate_cross_paper,C,0.8571428571428571,0.62122258825112,1.0,0.8261218151313257
N8_E11b_T12a,N8,arxiv_agg_021,aggregate_cross_paper,C,0.5714285714285714,0.5646064090532124,0.0,0.37867832682726127
N8_E11b_T12a,N8,arxiv_agg_022,aggregate_cross_paper,C,0.0,0.6453143434287876,0.0,0.2151047811429292
N8_E11b_T12a,N8,arxiv_agg_023,aggregate_cross_paper,C,1.0,0.0,0.0,0.3333333333333333
N8_E11b_T12a,N8,arxiv_agg_024,aggregate_cross_paper,C,0.8571428571428571,0.8561227410373377,0.0,0.5710885327267315
N8_E11b_T12a,N8,arxiv_agg_025,aggregate_cross_paper,C,0.5,0.7094496045280022,0.0,0.4031498681760007
N8_E11b_T12a,N8,arxiv_agg_026,aggregate_cross_paper,C,1.0,0.0,0.0,0.3333333333333333
N8_E11b_T12a,N8,arxiv_agg_027,aggregate_cross_paper,C,1.0,0.0,0.0,0.3333333333333333
N8_E11b_T12a,N8,arxiv_agg_028,aggregate_cross_paper,C,0.5,0.0,0.0,0.16666666666666666
N8_E11b_T12a,N8,arxiv_agg_029,aggregate_cross_paper,C,0.5,0.5974093122526295,0.75,0.6158031040842098
N8_E11b_T12a,N8,arxiv_agg_030,aggregate_cross_paper,C,1.0,0.0,0.0,0.3333333333333333
N8_E11b_T12a,N8,arxiv_agg_031,aggregate_cross_paper,C,0.8571428571428571,0.7516539175012279,0.0,0.5362655915480283
N8_E11b_T12a,N8,arxiv_agg_032,aggregate_cross_paper,C,0.8888888888888888,0.500608264130341,1.0,0.7964990510064099
N8_E11b_T12a,N8,arxiv_edge_000,edge_multihop,C,1.0,0.6460752457313942,1.0,0.8820250819104647
N8_E11b_T12a,N8,arxiv_edge_001,edge_multihop,C,0.875,0.8550883011475138,1.0,0.910029433715838
N8_E11b_T12a,N8,arxiv_edge_002,edge_multihop,C,0.6666666666666666,0.8144109424786578,0.0,0.4936925363817748
N8_E11b_T12a,N8,arxiv_edge_003,edge_multihop,C,0.5,0.0,0.0,0.16666666666666666
N8_E11b_T12a,N8,arxiv_edge_004,edge_multihop,C,0.4,0.6292960040323452,0.0,0.3430986680107817
N8_E11b_T12a,N8,arxiv_edge_005,edge_multihop,C,0.8333333333333334,0.76881770281852,0.0,0.5340503453839511
N8_E11b_T12a,N8,arxiv_edge_006,edge_multihop,C,0.0,0.0,0.5,0.16666666666666666
N8_E11b_T12a,N8,arxiv_edge_007,edge_multihop,C,1.0,0.0,0.0,0.3333333333333333
N8_E11b_T12a,N8,arxiv_edge_008,edge_multihop,C,0.25,0.7154647891004865,0.75,0.5718215963668288
N8_E11b_T12a,N8,arxiv_edge_009,edge_multihop,C,0.4,0.8149192822785744,0.0,0.40497309409285814
N8_E11b_T12a,N8,arxiv_edge_010,edge_multihop,C,0.6666666666666666,0.9577696490366842,0.0,0.5414787719011169
N8_E11b_T12a,N8,arxiv_edge_011,edge_multihop,C,0.2,0.0,0.0,0.06666666666666667
N8_E11b_T12a,N8,arxiv_edge_012,edge_multihop,C,0.6666666666666666,0.6706466203081815,0.0,0.4457710956582827
N8_E11b_T12a,N8,arxiv_edge_013,edge_multihop,C,0.4444444444444444,0.539638974337516,0.0,0.3280278062606535
N8_E11b_T12a,N8,arxiv_edge_014,edge_multihop,C,0.6,0.7622065209677927,1.0,0.787402173655931
N8_E11b_T12a,N8,arxiv_edge_015,edge_multihop,C,0.4,0.8502744581406013,0.0,0.4167581527135338
N8_E11b_T12a,N8,arxiv_edge_016,edge_multihop,C,1.0,0.0,0.0,0.3333333333333333
N8_E11b_T12a,N8,arxiv_edge_017,edge_multihop,C,0.5714285714285714,0.45025864952019706,0.0,0.3405624069829228
N8_E11b_T12a,N8,arxiv_edge_018,edge_multihop,C,0.5,0.7267135950000917,0.0,0.4089045316666972
N8_E11b_T12a,N8,arxiv_edge_019,edge_multihop,C,0.6666666666666666,0.0,0.0,0.2222222222222222
N8_E11b_T12a,N8,arxiv_edge_020,edge_multihop,C,1.0,0.8965653548924278,0.5,0.7988551182974759
N8_E11b_T12a,N8,arxiv_edge_021,edge_multihop,C,0.5714285714285714,0.8528285127294625,1.0,0.8080856947193445
N8_E11b_T12a,N8,arxiv_edge_022,edge_multihop,C,0.75,0.7598120203068328,0.0,0.5032706734356109
N8_E11b_T12a,N8,arxiv_edge_023,edge_multihop,C,0.3333333333333333,0.7530905150657657,0.0,0.3621412827996997
N8_E11b_T12a,N8,arxiv_edge_024,edge_multihop,C,0.8,0.0,0.0,0.26666666666666666
N8_E11b_T12a,N8,arxiv_edge_025,edge_multihop,C,0.2857142857142857,0.8167207673418918,0.0,0.36747835101872584
N8_E11b_T12a,N8,arxiv_edge_026,edge_multihop,C,1.0,0.7913117063350107,0.0,0.5971039021116703
N8_E11b_T12a,N8,arxiv_edge_027,edge_multihop,C,0.3333333333333333,0.0,0.5,0.27777777777777773
N8_E11b_T12a,N8,arxiv_edge_028,edge_multihop,C,0.75,0.0,0.0,0.25
N8_E11b_T12a,N8,arxiv_edge_029,edge_multihop,C,0.625,0.0,0.0,0.20833333333333334
N8_E11b_T12a,N8,arxiv_edge_030,edge_multihop,C,0.4,0.8528315523501612,1.0,0.7509438507833871
N8_E11b_T12a,N8,arxiv_edge_031,edge_multihop,C,0.4,0.837832338474716,0.0,0.41261077949157204
N8_E11b_T12a,N8,arxiv_edge_032,edge_multihop,C,0.5,0.9121175632872962,0.0,0.47070585442909874
N8_E11b_T12a,N8,arxiv_edge_033,edge_multihop,C,0.5,0.5946278440115558,1.0,0.6982092813371853
N8_E11b_T12b,N8,arxiv_sh_000,single_specific,C,0.0,0.0,1.0,0.3333333333333333
N8_E11b_T12b,N8,arxiv_sh_001,single_specific,C,1.0,0.9111456211530774,1.0,0.9703818737176925
N8_E11b_T12b,N8,arxiv_sh_002,single_specific,C,1.0,0.0,0.5,0.5
N8_E11b_T12b,N8,arxiv_sh_003,single_specific,C,1.0,0.6943473221389912,1.0,0.8981157740463304
N8_E11b_T12b,N8,arxiv_sh_004,single_specific,C,1.0,0.9644513344086723,1.0,0.9881504448028907
N8_E11b_T12b,N8,arxiv_sh_005,single_specific,C,1.0,0.78430578439872,1.0,0.9281019281329067
N8_E11b_T12b,N8,arxiv_sh_006,single_specific,C,0.5,0.0,1.0,0.5
N8_E11b_T12b,N8,arxiv_sh_007,single_specific,C,0.5,0.0,0.0,0.16666666666666666
N8_E11b_T12b,N8,arxiv_sh_008,single_specific,C,1.0,0.9190792258960601,1.0,0.9730264086320201
N8_E11b_T12b,N8,arxiv_sh_009,single_specific,C,1.0,0.9448150844406066,0.0,0.6482716948135355
N8_E11b_T12b,N8,arxiv_sh_010,single_specific,C,0.5,0.9521320285621465,0.0,0.4840440095207155
N8_E11b_T12b,N8,arxiv_sh_011,single_specific,C,1.0,0.8233405965663123,1.0,0.9411135321887708
N8_E11b_T12b,N8,arxiv_sh_012,single_specific,C,1.0,0.9833076326583466,1.0,0.9944358775527822
N8_E11b_T12b,N8,arxiv_sh_013,single_specific,C,1.0,1.0,0.0,0.6666666666666666
N8_E11b_T12b,N8,arxiv_sh_014,single_specific,C,1.0,0.8251332964945753,0.0,0.6083777654981918
N8_E11b_T12b,N8,arxiv_sh_015,single_specific,C,1.0,0.9576220956617577,1.0,0.9858740318872526
N8_E11b_T12b,N8,arxiv_sh_016,single_specific,C,0.75,0.8751518743403395,1.0,0.8750506247801132
N8_E11b_T12b,N8,arxiv_sh_017,single_specific,C,1.0,0.8278031542949839,1.0,0.9426010514316613
N8_E11b_T12b,N8,arxiv_sh_018,single_specific,C,1.0,0.504246533072445,1.0,0.8347488443574816
N8_E11b_T12b,N8,arxiv_sh_019,single_specific,C,0.0,0.9999995880298765,1.0,0.6666665293432922
N8_E11b_T12b,N8,arxiv_sh_020,single_specific,C,1.0,0.9805868457497325,1.0,0.9935289485832443
N8_E11b_T12b,N8,arxiv_sh_021,single_specific,C,1.0,0.42233239003335626,1.0,0.8074441300111187
N8_E11b_T12b,N8,arxiv_sh_022,single_specific,C,1.0,0.0,0.0,0.3333333333333333
N8_E11b_T12b,N8,arxiv_sh_023,single_specific,C,1.0,0.8318427190973191,1.0,0.9439475730324397
N8_E11b_T12b,N8,arxiv_sh_024,single_specific,C,1.0,0.9627833400778432,0.0,0.654261113359281
N8_E11b_T12b,N8,arxiv_sh_025,single_specific,C,0.8,0.8549044068966992,0.0,0.5516348022988997
N8_E11b_T12b,N8,arxiv_sh_026,single_specific,C,0.5,0.9102588958736711,0.0,0.47008629862455703
N8_E11b_T12b,N8,arxiv_sh_027,single_specific,C,1.0,0.0,0.0,0.3333333333333333
N8_E11b_T12b,N8,arxiv_sh_028,single_specific,C,0.6666666666666666,0.5825302829796853,1.0,0.749732316548784
N8_E11b_T12b,N8,arxiv_sh_029,single_specific,C,1.0,0.9451324759423697,1.0,0.9817108253141232
N8_E11b_T12b,N8,arxiv_sh_030,single_specific,C,1.0,0.9508322318642185,1.0,0.9836107439547396
N8_E11b_T12b,N8,arxiv_sh_031,single_specific,C,0.6666666666666666,0.9345016852091742,0.0,0.5337227839586136
N8_E11b_T12b,N8,arxiv_sh_032,single_specific,C,1.0,0.9652709943007974,1.0,0.9884236647669326
N8_E11b_T12b,N8,arxiv_sh_033,single_specific,C,1.0,0.0,0.0,0.3333333333333333
N8_E11b_T12b,N8,arxiv_sh_034,single_specific,C,1.0,0.9803398705965775,0.0,0.6601132901988591
N8_E11b_T12b,N8,arxiv_agg_000,aggregate_cross_paper,C,1.0,0.7125121733139336,1.0,0.9041707244379779
N8_E11b_T12b,N8,arxiv_agg_001,aggregate_cross_paper,C,0.2,0.0,0.5,0.2333333333333333
N8_E11b_T12b,N8,arxiv_agg_002,aggregate_cross_paper,C,1.0,0.0,0.5,0.5
N8_E11b_T12b,N8,arxiv_agg_003,aggregate_cross_paper,C,0.6666666666666666,0.0,0.0,0.2222222222222222
N8_E11b_T12b,N8,arxiv_agg_004,aggregate_cross_paper,C,1.0,0.5793527306125761,0.0,0.526450910204192
N8_E11b_T12b,N8,arxiv_agg_005,aggregate_cross_paper,C,0.625,0.7981269247987988,0.0,0.4743756415995996
N8_E11b_T12b,N8,arxiv_agg_006,aggregate_cross_paper,C,1.0,0.7045118843230279,0.5,0.7348372947743426
N8_E11b_T12b,N8,arxiv_agg_007,aggregate_cross_paper,C,1.0,0.7391122577288178,0.0,0.579704085909606
N8_E11b_T12b,N8,arxiv_agg_008,aggregate_cross_paper,C,1.0,0.7574400508988169,1.0,0.919146683632939
N8_E11b_T12b,N8,arxiv_agg_009,aggregate_cross_paper,C,0.6666666666666666,0.9385924266603659,0.5,0.7017530311090109
N8_E11b_T12b,N8,arxiv_agg_010,aggregate_cross_paper,C,0.75,0.8186497098970028,1.0,0.8562165699656675
N8_E11b_T12b,N8,arxiv_agg_011,aggregate_cross_paper,C,0.6666666666666666,0.0,0.0,0.2222222222222222
N8_E11b_T12b,N8,arxiv_agg_012,aggregate_cross_paper,C,0.5454545454545454,0.6592627432576896,0.0,0.401572429570745
N8_E11b_T12b,N8,arxiv_agg_013,aggregate_cross_paper,C,1.0,0.9231950458160582,1.0,0.9743983486053528
N8_E11b_T12b,N8,arxiv_agg_014,aggregate_cross_paper,C,0.14285714285714285,0.0,0.0,0.047619047619047616
N8_E11b_T12b,N8,arxiv_agg_015,aggregate_cross_paper,C,0.3333333333333333,0.0,0.0,0.1111111111111111
N8_E11b_T12b,N8,arxiv_agg_016,aggregate_cross_paper,C,0.6,0.823494389119927,0.0,0.47449812970664235
N8_E11b_T12b,N8,arxiv_agg_017,aggregate_cross_paper,C,1.0,0.7378430969014791,0.5,0.7459476989671597
N8_E11b_T12b,N8,arxiv_agg_018,aggregate_cross_paper,C,0.75,0.0,0.0,0.25
N8_E11b_T12b,N8,arxiv_agg_019,aggregate_cross_paper,C,1.0,0.5169959542720645,0.0,0.5056653180906882
N8_E11b_T12b,N8,arxiv_agg_020,aggregate_cross_paper,C,1.0,0.55126950465399,1.0,0.8504231682179967
N8_E11b_T12b,N8,arxiv_agg_021,aggregate_cross_paper,C,0.5,0.5927544518068999,0.0,0.3642514839356333
N8_E11b_T12b,N8,arxiv_agg_022,aggregate_cross_paper,C,0.7142857142857143,0.6291957437524239,0.0,0.4478271526793794
N8_E11b_T12b,N8,arxiv_agg_023,aggregate_cross_paper,C,1.0,0.0,0.0,0.3333333333333333
N8_E11b_T12b,N8,arxiv_agg_024,aggregate_cross_paper,C,0.875,0.8561227410373377,0.0,0.5770409136791126
N8_E11b_T12b,N8,arxiv_agg_025,aggregate_cross_paper,C,0.5,0.7094451704376609,0.0,0.403148390145887
N8_E11b_T12b,N8,arxiv_agg_026,aggregate_cross_paper,C,0.75,0.0,0.0,0.25
N8_E11b_T12b,N8,arxiv_agg_027,aggregate_cross_paper,C,0.8571428571428571,0.0,0.25,0.36904761904761907
N8_E11b_T12b,N8,arxiv_agg_028,aggregate_cross_paper,C,0.5,0.0,0.0,0.16666666666666666
N8_E11b_T12b,N8,arxiv_agg_029,aggregate_cross_paper,C,1.0,0.60871656496542,1.0,0.8695721883218067
N8_E11b_T12b,N8,arxiv_agg_030,aggregate_cross_paper,C,1.0,0.0,0.0,0.3333333333333333
N8_E11b_T12b,N8,arxiv_agg_031,aggregate_cross_paper,C,0.6666666666666666,0.7516254064243549,0.0,0.4727640243636739
N8_E11b_T12b,N8,arxiv_agg_032,aggregate_cross_paper,C,0.875,0.704288205982702,1.0,0.8597627353275673
N8_E11b_T12b,N8,arxiv_edge_000,edge_multihop,C,1.0,0.6460752457313942,1.0,0.8820250819104647
N8_E11b_T12b,N8,arxiv_edge_001,edge_multihop,C,0.375,0.8790156465261144,1.0,0.7513385488420381
N8_E11b_T12b,N8,arxiv_edge_002,edge_multihop,C,0.25,0.8090878207746627,0.0,0.3530292735915543
N8_E11b_T12b,N8,arxiv_edge_003,edge_multihop,C,0.3333333333333333,0.7360515467386032,0.0,0.3564616266906455
N8_E11b_T12b,N8,arxiv_edge_004,edge_multihop,C,0.7142857142857143,0.6292960040323452,0.0,0.44786057277268654
N8_E11b_T12b,N8,arxiv_edge_005,edge_multihop,C,1.0,0.76881770281852,0.0,0.5896059009395067
N8_E11b_T12b,N8,arxiv_edge_006,edge_multihop,C,0.3333333333333333,0.0,0.5,0.27777777777777773
N8_E11b_T12b,N8,arxiv_edge_007,edge_multihop,C,1.0,0.0,0.0,0.3333333333333333
N8_E11b_T12b,N8,arxiv_edge_008,edge_multihop,C,0.25,0.658711906018982,0.5,0.46957063533966065
N8_E11b_T12b,N8,arxiv_edge_009,edge_multihop,C,1.0,0.844078688802303,0.0,0.6146928962674343
N8_E11b_T12b,N8,arxiv_edge_010,edge_multihop,C,1.0,0.9706491317151564,0.0,0.6568830439050521
N8_E11b_T12b,N8,arxiv_edge_011,edge_multihop,C,0.2,0.0,0.0,0.06666666666666667
N8_E11b_T12b,N8,arxiv_edge_012,edge_multihop,C,0.6,0.6953023025701556,0.0,0.43176743419005187
N8_E11b_T12b,N8,arxiv_edge_013,edge_multihop,C,0.25,0.5459523684047181,0.0,0.26531745613490604
N8_E11b_T12b,N8,arxiv_edge_014,edge_multihop,C,0.3333333333333333,0.7624434229190883,1.0,0.6985922520841404
N8_E11b_T12b,N8,arxiv_edge_015,edge_multihop,C,0.6,0.7781328695828352,0.0,0.4593776231942784
N8_E11b_T12b,N8,arxiv_edge_016,edge_multihop,C,1.0,0.0,0.0,0.3333333333333333
N8_E11b_T12b,N8,arxiv_edge_017,edge_multihop,C,0.5714285714285714,0.5024246771449282,0.0,0.3579510828578332
N8_E11b_T12b,N8,arxiv_edge_018,edge_multihop,C,1.0,0.0,0.0,0.3333333333333333
N8_E11b_T12b,N8,arxiv_edge_019,edge_multihop,C,0.6666666666666666,0.0,0.0,0.2222222222222222
N8_E11b_T12b,N8,arxiv_edge_020,edge_multihop,C,1.0,0.8965653548924278,0.5,0.7988551182974759
N8_E11b_T12b,N8,arxiv_edge_021,edge_multihop,C,0.8333333333333334,0.8528255988206754,1.0,0.895386310718003
N8_E11b_T12b,N8,arxiv_edge_022,edge_multihop,C,0.75,0.7597941292594556,0.0,0.5032647097531519
N8_E11b_T12b,N8,arxiv_edge_023,edge_multihop,C,0.4,0.7615731444086985,0.0,0.38719104813623284
N8_E11b_T12b,N8,arxiv_edge_024,edge_multihop,C,0.8,0.0,0.0,0.26666666666666666
N8_E11b_T12b,N8,arxiv_edge_025,edge_multihop,C,0.2857142857142857,0.8167207673418918,0.0,0.36747835101872584
N8_E11b_T12b,N8,arxiv_edge_026,edge_multihop,C,0.6,0.7824106837692767,0.0,0.4608035612564256
N8_E11b_T12b,N8,arxiv_edge_027,edge_multihop,C,0.3333333333333333,0.0,0.5,0.27777777777777773
N8_E11b_T12b,N8,arxiv_edge_028,edge_multihop,C,0.75,0.0,0.0,0.25
N8_E11b_T12b,N8,arxiv_edge_029,edge_multihop,C,0.7142857142857143,0.940407121020181,0.0,0.5515642784352984
N8_E11b_T12b,N8,arxiv_edge_030,edge_multihop,C,0.6666666666666666,0.0,1.0,0.5555555555555555
N8_E11b_T12b,N8,arxiv_edge_031,edge_multihop,C,0.6,0.6150715108920817,0.0,0.40502383696402716
N8_E11b_T12b,N8,arxiv_edge_032,edge_multihop,C,0.5,0.9075936985047819,0.0,0.46919789950159396
N8_E11b_T12b,N8,arxiv_edge_033,edge_multihop,C,0.875,0.5875823660922408,1.0,0.8208607886974136
