id,question,reference_answer,generated_answer,retrieved_contexts,question_type,faithfulness,answer_relevance,context_relevance,question_subtype,source_category_labels
arxiv_sh_000,How much do the computed lifetimes change due to core polarization effects?,Core polarization affects the computed lifetimes by up to 20%.,The computed lifetimes are affected by core polarization by up to 20%.,"['Atomic data from the Iron Project. LXIV. Radiative transition rates and collision strengths for Ca II This work reports radiative transition rates and electron impact excitation rate coefficients for levels of the n= 3, 4, 5, 6, 7, 8 configurations of Ca II. The radiative data were computed using the Thomas-Fermi-Dirac central potential method in the frozen core approximation and includes the polarization interaction between the valence electron and the core using a model potential. This method allows for configuration interactions (CI) and relativistic effects in the Breit-Pauli formalism. Collision strengths in LS-coupling were calculated in the close coupling approximation with the R-matrix method. Then, fine structure collision strengths were obtained by means of the intermediate-coupling frame transformation (ICFT) method which accounts for spin-orbit coupling effects. We present extensive comparisons with the most recent calculations and measurements for Ca II as well as a comparison between the core polarization results and the ""unpolarized"" values. We find that core polarization affects the computed lifetimes by up to 20%. Our results are in very close agreement with recent measurements for the lifetimes of metastable levels. The present collision strengths were integrated over a Maxwellian distribution of electron energies and the resulting effective collision strengths are given for a wide range of temperatures. Our effective collision strengths for the resonance transitions are within ~11% from previous values derived from experimental measurements, but disagree with latter computations using the distorted wave approximation.', 'Polarization from the Structured Envelopes of Cool Evolved Stars We present preliminary calculations of electron scattering polarizations from models of structured cool star envelopes. We note that net polarizations from unresolved sources can result from non-spherical scattering envelopes and/or anisotropic illumination from a photosphere that has brightness variations. The resultant polarizations are quite small (hundreths of a percent); however, Rayleigh scattering from molecular opacity and/or dust scattering from the more extended envelope under similar considerations may produce higher polarizations.', ""Estimating the birth period of pulsars through GLAST/LAT observations of their wind nebulae In this paper we show that the high energy $\\gamma$-ray flux in the GeV domain from mature pulsar wind nebulae (PWN) scales as the change in rotational kinetic energy $I(\\Omega_0^2-\\Omega^2)/2$ since birth, rather than the present day spindown power $I\\Omega\\dot{\\Omega}$. This finding holds as long as the lifetime of inverse Compton emitting electrons exceeds the age of the system. For a typical $\\gamma^{-2}$ electron spectrum, the predicted flux depends mostly on the pulsar birth period, conversion efficiency of spindown power to relativistic electrons and distance to the PWN, so that first order estimates of the birth period can be assessed from {\\it GLAST/LAT} observations of PWN. For this purpose we derive an analytical expression. The associated (``uncooled'') photon spectral index in the GeV domain is expected to cluster around $\\sim 1.5$, which is bounded at low energies by an intrinsic spectral break, and at higher energies by a second spectral break where the photon index steepens to $\\sim 2$ due to radiation losses. Mature PWN are expected to have expanded to sizes larger than currently known PWN, resulting in relatively low magnetic energy densities and hence survival of GeV inverse Compton emitting electrons. Whereas such a PWN may be radio and X-ray quiet in synchrotron radiation, it may still be detectable as a {\\it GLAST/LAT} source as a result of the relic electrons in the PWN.""]",descriptive,1.0,0.9414257829064798,1.0,single_specific,
arxiv_sh_001,What methods were used to analyze the nature of galactic bulges in the study discussed in the paper?,"The study utilized integral field spectroscopy from the SAURON collaboration, focusing on 2-dimensional maps of stellar velocity, velocity dispersion, and absorption line strength.","The study utilized deep spectroscopic observations along the minor axis of a sample of 32 bulges from edge-on spiral galaxies. It involved measuring dynamical parameters such as rotation curves and velocity dispersion profiles, as well as line-strength indices, which were converted to the Lick/IDS system. Additionally, integral field spectroscopy was employed to analyze 2-dimensional maps of stellar velocity, velocity dispersion, and absorption line strength for a sample of 24 Sa and Sab galaxies. These methods facilitated a comprehensive understanding of the nature of galactic bulges.","['Stellar Population Gradients in Bulges along the Hubble Sequence: I. The Data This is the first paper presenting our long-term project aimed at studying the nature of bulges through the analysis of their stellar population gradients. We present deep spectroscopic observations along the minor axis and the data reduction for a sample of 32 bulges of edge-on spiral galaxies. We explain in detail our procedures to measure their dynamical parameters (rotation curves and velocity dispersion profiles) and line-strength indices, including the conversion to the Lick/IDS system. Tables giving the values of the dynamical parameters and line-strength indices at each galactocentric radius are presented (in electronic form) for each galaxy of the sample. The derived line-strength gradients from this dataset will be analyzed in a forthcoming paper to set constraints on the different scenarios for the formation of the bulges.', 'On classical and pseudobulges: The nature of bulges of early-type spirals Historically, galactic bulges are thought to be elliptical galaxy-like objects sitting in the middle of a generally larger disk. There are, however, more and more claims that some bulges are much more similar to disks. John Kormendy has named these bulges pseudo-bulges. In this paper I discuss some recent integral field spectroscopy of the SAURON collaboration on a sample of 24 Sa and Sab galaxies. Using their 2-dimensional maps of the stellar velocity, velocity dispersion, and absorption line strength, it is now much easier to understand the nature of nearby galactic bulges. I review several aspects of bulges, namely the surface photometry, stellar kinematics, stellar populations, presence of interstellar matter, and their behavior in the fundamental plane of early-type galaxies.', 'Formation and evolution of bulges After presenting three ways of defining a bulge component in disc galaxies, we introduce the various types of bulges, namely the classical bulges, the boxy/peanut bulges and the disc-like bulges. We then discuss three specific topics linked to bulge formation and evolution, namely the coupled time evolution of the bar, buckling and peanut strengths; the effect of velocity anisotropy on peanut formation; and bulge formation via bar destruction.']",descriptive,1.0,0.9243040881903882,1.0,single_specific,
arxiv_sh_002,What aspect of oblate and prolate Jaffe models is not discussed in this paper?,"The dynamical properties of oblate and prolate Jaffe models are not repeated in this paper, as they have already been studied by Jiang & Moss.","The dynamical properties of oblate and prolate Jaffe models are not discussed in this paper, as they have been previously studied by Jiang & Moss.","['General Flattened Jaffe Models for Galaxies In this paper we extend oblate and prolate Jaffe models into more general flattened Jaffe models. Since dynamical properties of oblate and prolate Jaffe Models have been studied by Jiang & Moss, they are not repeated here.', ""Self-consistent triaxial de Zeeuw-Carollo Models We use the usual method of Schwarzschild to construct self-consistent solutions for the triaxial de Zeeuw & Carollo (1996) models with central density cusps. ZC96 models are triaxial generalisations of spherical $\\gamma$-models of Dehnen whose densities vary as $r^{-\\gamma}$ near the center and $r^{-4}$ at large radii and hence, possess a central density core for $\\gamma=0$ and cusps for $\\gamma > 0$. We consider four triaxial models from ZC96, two prolate triaxials: $(p, q) = (0.65, 0.60)$ with $\\gamma = 1.0$ and 1.5, and two oblate triaxials: $(p, q) = (0.95, 0.60)$ with $\\gamma = 1.0$ and 1.5. We compute 4500 orbits in each model for time periods of $10^{5} T_{D}$. We find that a large fraction of the orbits in each model are stochastic by means of their nonzero Liapunov exponents. The stochastic orbits in each model can sustain regular shapes for $\\sim 10^{3} T_{D}$ or longer, which suggests that they diffuse slowly through their allowed phase-space. Except for the oblate triaxial models with $\\gamma =1.0$, our attempts to construct self-consistent solutions employing only the regular orbits fail for the remaining three models. However, the self-consistent solutions are found to exist for all models when the stochastic and regular orbits are treated in the same way because the mixing-time, $\\sim10^{4} T_{D}$, is shorter than the integration time, $10^{5} T_{D}$. Moreover, the ``fully-mixed'' solutions can also be constructed for all models when the stochastic orbits are fully mixed at 15 lowest energy shells. Thus, we conclude that the self-consistent solutions exist for our selected prolate and oblate triaxial models with $\\gamma = 1.0$ and 1.5."", ""Remodeling the B-model We propose a complete, new formalism to compute unambiguously B-model open and closed amplitudes in local Calabi-Yau geometries, including the mirrors of toric manifolds. The formalism is based on the recursive solution of matrix models recently proposed by Eynard and Orantin. The resulting amplitudes are non-perturbative in both the closed and the open moduli. The formalism can then be used to study stringy phase transitions in the open/closed moduli space. At large radius, this formalism may be seen as a mirror formalism to the topological vertex, but it is also valid in other phases in the moduli space. We develop the formalism in general and provide an extensive number of checks, including a test at the orbifold point of A_p fibrations, where the amplitudes compute the 't Hooft expansion of Wilson loops in lens spaces. We also use our formalism to predict the disk amplitude for the orbifold C^3/Z_3.""]",descriptive,1.0,0.0,0.5,single_specific,
arxiv_sh_003,How does the -phase shift of the pair potential affect the local density of states in the vortex state of a Fulde-Ferrell-Larkin-Ovchinnikov superconductor?,The -phase shift of the pair potential at the FFLO nodal plane or at the vortex core induces sharp peak states in the local density of states and enhances the local paramagnetic moment.,The π-phase shift of the pair potential at the FFLO nodal plane or at the vortex core induces sharp peak states in the local density of states. This enhancement in the local density of states is associated with an increase in the local paramagnetic moment.,"['Vortex state in a Fulde-Ferrell-Larkin-Ovchinnikov superconductor based on the quasiclassical theory We investigate the vortex state with Fulde-Ferrell-Larkin-Ovchinnikov (FFLO) modulations suggested for a high field phase of CeCoIn_5. On the basis of the quasiclassical Eilenberger theory, we calculate the three dimensional structure of pair potentials, internal magnetic fields, paramagnetic moments, and electronic states, for the s-wave and the d-wave pairings comparatively. The \\pi-phase shift of the pair potential at the FFLO nodal plane or at the vortex core induces sharp peak states in the local density of states, and enhances the local paramagnetic moment. We also discuss the NMR spectrum and the neutron scattering as methods to detect the FFLO structure.', 'Fulde-Ferrell-Larkin-Ovchinnikov states in one-dimensional spin-polarized ultracold atomic Fermi gases We present a systematic study of quantum phases in a one-dimensional spin-polarized Fermi gas. Three comparative theoretical methods are used to explore the phase diagram at zero temperature: the mean-field theory with either an order parameter in a single-plane-wave form or a self-consistently determined order parameter using the Bogoliubov-de Gennes equations, as well as the exact soluble Bethe ansatz method. We find that a spatially inhomogeneous Fulde-Ferrell-Larkin-Ovchinnikov phase, which lies between the fully paired BCS state and the fully polarized normal state, dominates most of the phase diagram of a uniform gas. The phase transition from the BCS state to the Fulde-Ferrell-Larkin-Ovchinnikov phase is of second order, and therefore there are no phase separation states in one-dimensional homogeneous polarized gases. This is in sharp contrast to the three-dimensional situation, where a phase separation regime is predicted to occupy a very large space in the phase diagram. We conjecture that the prediction of the dominance of the phase separation phases in three dimension could be an artifact of the non-self-consistent mean-field approximation, which is heavily used in the study of three-dimensional polarized Fermi gases. We consider also the effect of a harmonic trapping potential on the phase diagram, and find that in this case the trap generally leads to phase separation, in accord with the experimental observations for a trapped gas in three dimension. We finally investigate the local fermionic density of states of the Fulde-Ferrell-Larkin-Ovchinnikov ansatz. A two-energy-gap structure is shown up, which could be used as an experimental probe of the Fulde-Ferrell-Larkin-Ovchinnikov states.', 'Local dynamical lattice instabilities: Prerequisites for resonant pairing superconductivity Fluctuating local diamagnetic pairs of electrons, embedded in a Fermi sea, are candidates for non-phonon-mediated superconductors without the stringent conditions on Tc which arise in phonon-mediated BCS classical low-Tc superconductors. The local accumulations of charge, from which such diamagnetic fluctuations originate, are irrevocably coupled to local dynamical lattice instabilities and form composite charge-lattice excitations of the system. For a superconducting phase to be realized, such excitations must be itinerant spatially phase-coherent modes. This can be achieved by resonant pair tunneling in and out of polaronic cation-ligand sites. Materials in which superconductivity driven by such local lattice instability can be expected, have a Tc which is controlled by the phase stiffness rather than the amplitude of the diamagnetic pair fluctuations. Above Tc, a pseudogap phase will be maintained up to a T*, where this pairing amplitude disappears. We discuss the characteristic local charge and lattice properties which characterize this pseudogap phase and which form the prerequisites for establishing a phase-coherent macroscopic superconducting state.']",descriptive,1.0,0.7909551624764553,1.0,single_specific,
arxiv_sh_004,Under what conditions is the base locus of the generalized theta divisor considered large according to the paper?,The base locus of the generalized theta divisor is considered large when the rank of the vector bundles is sufficiently large and also for positive multiples of the theta divisor.,"The base locus of the generalized theta divisor is considered large when the rank of the vector bundles is sufficiently large on the moduli space of semi-stable vector bundles of fixed rank and determinant on a smooth curve of genus at least two. Additionally, it is also large for positive multiples of the theta divisor.","['Some examples of vector bundles in the base locus of the generalized theta divisor This paper shows that on the moduli space of semi-stable vector bundles of fixed rank and determinant (of any degree) on a smooth curve of genus at least two, the base locus of the generalized theta divisor is large provided the rank is sufficiently large. It also shows that the base locus is large for positive multiples of the theta divisor. This work extends results already known for the case where the determinant is of degree zero.', ""Noether-Lefschetz theorem with base locus We compute the class groups of very general normal surfaces in complex projective three-space containing an arbitrary base locus $Z$, thereby extending the classic Noether-Lefschetz theorem (the case when $Z$ is empty). Our method is an adaptation of Griffiths and Harris' degeneration proof, simplified by a cohomology and base change argument. We give applications to computing Picard groups, which generalize several known results."", 'Block Toeplitz determinants, constrained KP and Gelfand-Dickey hierarchies We propose a method for computing any Gelfand-Dickey tau function living in Segal-Wilson Grassmannian as the asymptotics of block Toeplitz determinant associated to a certain class of symbols. Also truncated block Toeplitz determinants associated to the same symbols are shown to be tau function for rational reductions of KP. Connection with Riemann-Hilbert problems is investigated both from the point of view of integrable systems and block Toeplitz operator theory. Examples of applications to algebro-geometric solutions are given.']",descriptive,1.0,0.9363117237737731,1.0,single_specific,
arxiv_sh_005,How do the Br atoms in (CuBr)LaNb2O7 need to be positioned to support the observed magnetic order?,The Br atoms must move significantly off the center of the square of the Cu sublattice so that the Br nuclei couple predominantly to two parallel Cu moments.,"The Br atoms in (CuBr)LaNb2O7 must move significantly off the center of the square of the Cu sublattice. This positioning allows the Br nuclei to couple predominantly to two parallel Cu moments, which is necessary for compatibility with the observed collinear antiferromagnetic order.","['Antiferromagnetic Nuclear Resonance in the Quasi-Two-Dimensional (CuBr)LaNb2O7 We report nuclear magnetic resonance (NMR) studies in the antiferromagnetic state of the quasi-two-dimensional (CuBr)LaNb2O7. The NMR spectra at zero magnetic field and 4.2 K indicate a unique Cu and Br sites with an internal field of 5.7 T (at Cu) and 16.4 T (at Br), confirming a magnetic order. For the large internal field at the Br sites to be compatible with the collinear antiferromagnetic order observed by neutron diffraction experiments (N. Oba et al., J. Phys. Soc. Jpn. 75, (2006) 113601), the Br atoms must move significantly off the center of the square of the Cu sublattice so that the Br nuclei couple predominantly to two parallel Cu moments. While invalidating the frustrated J1-J2 model defined on a C4-symmetric square lattice, our results are compatible with the structural model proposed for (CuCl)LaNb2O7 by Yoshida et al. (J. Phys. Soc. Jpn. 76 (2007) 104703).', 'Quasi one-dimensional magnetism driven by unusual orbital ordering in CuSb2O6 Essentially all undoped cuprates exhibit a quasi-planar, fourfold Cu-O coordination responsible for the magnetically active antibonding 3d-(x^2-y^2)-like state. Here, we present an electronic structure study for CuSb2O6 that reveals, in contrast, a half-filled 3d-(3z^2-r^2) orbital. This hitherto unobserved ground state originates from a competition of in- and out-of-plaquette orbitals where the strong Coulomb repulsion drives the surprising and unique orbital ordering. This, in turn, gives rise to an unexpected quasi one-dimensional magnetic behavior. Our results provide a consistent explanation of recent thermodynamical and neutron diffraction measurements.', 'Incommensurate spin density modulation in a copper-oxide chain compound with commensurate charge order Neutron diffraction has been used to determine the magnetic structure of Na$_8$Cu$_5$O$_{10}$, a stoichiometric compound containing chains based on edge-sharing CuO$_4$ plaquettes. The chains are doped with 2/5 hole per Cu site and exhibit long-range commensurate charge order with an onset well above room temperature. Below $T_N = 23$ K, the neutron data indicate long-range collinear magnetic order with a spin density modulation whose propagation vector is commensurate along and incommensurate perpendicular to the chains. Competing interchain exchange interactions are discussed as a possible origin of the incommensurate magnetic order.']",descriptive,1.0,0.8356650779526121,1.0,single_specific,
arxiv_sh_006,"What is the upper limit determined for the decay K_{L} to pi^{0} pi^{0} gamma, and how does it compare to previous results?","The upper limit determined for the decay K_{L} to pi^{0} pi^{0} gamma is 2.43 times 10 to the power of negative 7 at 90% confidence level, which is approximately a factor of 20 lower than previous results.",The upper limit determined for the decay \( K_{L} \to \pi^{0} \pi^{0} \gamma \) is \( 2.43 \times 10^{-7} \) at 90% confidence level. This value is approximately a factor of 20 lower than previous results.,"['Search for the Rare Decay K_{L}\\to\\pi^{0}\\pi^{0}\\gamma The KTeV E799 experiment has conducted a search for the rare decay $K_{L}\\to\\pi^{0}\\pi^{0}\\gamma$ via the topology $K_{L}\\to\\pi^{0}\\pi^{0}_D\\gamma$ (where $\\pi^0_D\\to\\gamma e^+e^-$). Due to Bose statistics of the $\\pi^0$ pair and the real nature of the photon, the $K_{L}\\to\\pi^{0}\\pi^{0}\\gamma$ decay is restricted to proceed at lowest order by the CP conserving direct emission (DE) of an E2 electric quadrupole photon. The rate of this decay is interesting theoretically since chiral perturbation theory predicts that this process vanishes at level $O(p^4)$. Therefore, this mode probes chiral perturbation theory at $O(p^6)$. In this paper we report a determination of an upper limit of $2.43\\times 10^{-7}$ (90% CL) for $K_{L}\\to\\pi^{0}\\pi^{0}\\gamma$. This is approximately a factor of 20 lower than previous results.', 'First Observation and Measurement of the Decay K+- -> pi+- e+ e- gamma Using the full data set of the NA48/2 experiment, the decay K+- -> pi+- e+ e- gamma is observed for the first time, selecting 120 candidates with 7.3 +- 1.7 estimated background events. With K+- -> pi+- pi0D as normalisation channel, the branching ratio is determined in a model-independent way to be Br(K+- -> pi+- e+ e- gamma, m_eegamma > 260 MeV/c^2) = (1.19 +- 0.12_stat +- 0.04_syst) x 10^-8. This measured value and the spectrum of the e+ e- gamma invariant mass allow a comparison with predictions of Chiral Perturbation Theory.', 'Recent results on rare decay pi0 to e+e- Experimental and theoretical progress concerning the rare decay pi0 to e+e- is briefly reviewed. It includes the latest data from KTeV and a new model independent estimate of the decay branching which show the deviation between experiment and theory at the level of 3.3\\sigma.']",descriptive,1.0,0.8716222495382334,1.0,single_specific,
arxiv_sh_007,What specific atomic fluorescence lines were detected for the first time in a neutral medium during the observations of the reflection nebula NGC2023?,"The specific atomic fluorescence lines detected for the first time in a neutral medium were OI, NI, SiII, and FeII.","The specific atomic fluorescence lines detected for the first time in a neutral medium during the observations of the reflection nebula NGC2023 include OI, NI, SiII, and FeII.","['Atomic Fluorescence and Prospects for Observing Magnetic Geometry Using Atomic Magnetic Realignment Yan and Lazarian have proposed a new technique through which the magnetic field geometry in the diffuse interstellar medium, or in circumstellar matter, could be determined from the linear polarization of interstellar absorption or fluorescence emission lines from ions pumped by an anisotropic illuminating flux. New long-slit spectroscopic observations of the reflection nebula NGC2023, obtained with the Southern African Large Telescope Robert Stobie Spectrograph (RSS), have detected a number of atomic fluorescence lines of OI, NI, SiII, and FeII for the first time in a neutral medium. A model which predicts these lines and others illustrates which lines would be appropriate targets for an RSS spectropolarimetric investigation of this new diagnostic.', 'The Spitzer Infrared Nearby Galaxies Survey: A High-Resolution Spectroscopy Anthology High resolution mid-infrared spectra are presented for 155 nuclear and extranuclear regions from the Spitzer Infrared Nearby Galaxies Survey (SINGS). The fluxes for nine atomic forbidden and three molecular hydrogen mid-infrared emission lines are also provided, along with upper limits in key lines for infrared-faint targets. The SINGS sample shows a wide range in the ratio of [SIII]18.71um/[SIII]33.48um, but the average ratio of the ensemble indicates a typical interstellar electron density of 300-400 cm^{-3} on ~23""x15"" scales and 500-600 cm^{-3} using ~11""x9"" apertures, independent of whether the region probed is a star-forming nuclear, a star-forming extranuclear, or an AGN environment. Evidence is provided that variations in gas-phase metallicity play an important role in driving variations in radiation field hardness, as indicated by [NeIII]15.56um/[NeII]12.81um, for regions powered by star formation. Conversely, the radiation hardness for galaxy nuclei powered by accretion around a massive black hole is independent of metal abundance. Furthermore, for metal-rich environments AGN are distinguishable from star-forming regions by significantly larger [NeIII]15.56um/[NeII]12.81um ratios. Finally, [FeII]25.99um/[NeII]12.81um versus [SiII]34.82um/[SIII]33.48um also provides an empirical method for discerning AGN from normal star-forming sources. However, similar to [NeIII]15.56um/[NeII]12.81um, these mid-infrared line ratios lose their AGN/star-formation diagnostic powers for very low metallicity star-forming systems with hard radiation fields.', 'Detection of the H92alpha recombination line from the starbursts in the Circinus galaxy and NGC 1808 Context. Gas ionized by starburst activity radiates radio recombination lines (RRLs), from which one can derive the plasma conditions and the number of massive stars formed in the burst, free of dust obscuration effects. Aims. We aimed to find RRL emission from additional starburst systems and to use the line properties to estimate the properties of the ionized gas. Methods. We conducted a search for RRLs in the nearby extragalactic starburst or Seyfert galaxies NGC 1808, the Circinus galaxy, NGC 4038/9, II Zw 40, NGC 6221, NGC 7552, IRAS 18325-5926, IC 5063, and VV 114. We used the VLA and the ATCA to search for the RRLs H91alpha and H92alpha with rest frequencies of 8.6 GHz and 8.3 GHz. Results. We detected for the first time RRLs from the starburst nuclei in the Circinus galaxy and NGC 1808. The Circinus galaxy was detected with a line strength integrated over the source of 3.2 mJy, making it the fourth-strongest extragalactic RRL emitter known at this frequency (after NGC 4945, M 82, and NGC 253). The line and continuum emission can be matched by a model consisting of a collection of 50 to 10 000 H II regions with 300 to 9000 O5 stars required to maintain the ionization, inferring a star formation rate of 0.2 Msun/yr to 6 Msun/yr. NGC 1808 was detected in RRL emission at 3.9 sigma with a line strength of 0.47 mJy at the expected velocity. Conclusion. We have detected RRLs from two galaxies, adding to the small but growing number of known extragalactic RRL emitters. The Circinus galaxy is strong and especially suited to high-quality follow-up spectroscopic study. We derived conditions and star formation rates in the starbursting regions. Uncertainties can be reduced by future multi-transition studies.']",descriptive,1.0,0.9906250131870596,1.0,single_specific,
arxiv_sh_008,What were the three typical relaxation phenomena detected in the study of polycrystalline electroceramic device materials?,The three typical relaxation phenomena detected showed a separated temperature dependence of resistivity consistent with thermally activated charge transport.,"The three typical relaxation phenomena detected in the study of polycrystalline electroceramic device materials were characterized by their distinct temperature dependence of resistivity, which is consistent with thermally activated charge transport. These phenomena included contributions from the dominating grain boundary and the interface, each exhibiting different capacitance, allowing for clear identification.","['Studies of the temperature and frequency dependent impedance of an electroceramic functional oxide thermistor The charge transport mechanism and the macroscopic dielectric constant in polycrystalline device materials commonly exhibit several components such as electrode-sample interface, grain boundary and bulk contributions. In order to gain precise understanding of the functionality of polycrystalline electroceramic device materials it is essential to deconvolute these contributions. The paradigm of functional thermistor ceramics based on thick film spinel manganates has been studied by temperature dependent alternating current impedance spectroscopy. Three typical relaxation phenomena were detected, which all showed a separated temperature dependence of resistivity consistent with thermally activated charge transport. The dominating grain boundary and the interface contributions exhibited distinctively different capacitance allowing clear identification. The composite nature of the dielectric properties in polycrystalline functional ceramics was emphasized, and impedance spectroscopy was shown to be a powerful tool to account for and model such behaviour.', 'Simulations on the electromechanical poling of ferroelectric ceramics Based on the two-step-switching model, the process of electromechanical poling of a ferroelectric ceramics is simulated. A difference of the remnant polarizations between two poling protocols (mechanical stress is applied before and after the application of poling field) is found from our simulations, which is also observed in experiment. An explanation is given to illustrate why the remnant polarization for the case that mechanical stress is loaded after the application of electric field is larger than the case that mechanical stress is loaded before the application of electric field. Our simulation results supply a proof for the validity of the two-step-switching model in the electromechanical poling of polycrystalline ferroelectric ceramics.', 'Statistical switching kinetics in ferroelectrics By assuming a more realistic nucleation and polarization reversal scenario we build a new statistical switching model for ferroelectrics, which is different from either the Kolmogorov-Avrami-Ishibashi (KAI) model or the Nucleation-Limited-Switching (NLS) model. After incorporating a time-dependent depolarization field this model gives a good description about the retardation behavior in polycrystalline thin films at medium or low fields, which can not be described by the traditional KAI model. This model predicts correctly n=1 for polycrystalline thin films at high Eappl or ceramic bulks in the ideal case.']",descriptive,1.0,0.955250558728214,1.0,single_specific,
arxiv_sh_009,What are the three significant predictions that emerge from the study of photon number amplification and discrimination?,"The three significant predictions are the threshold time for initial exposure to photons, the time of perception which is the time of maximum detection probability, and the discrimination of the first few photon states.","The three significant predictions that emerge from the study of photon number amplification and discrimination are: the threshold time for initial exposure to photons, the time of perception (which is the time of maximum detection probability), and the discrimination of the first few photon states.","['A scheme for amplification and discrimination of photons A scheme for exploring photon number amplification and discrimination is presented based on the interaction of a large number of two-level atoms with a single mode radiation field. The fact that the total number of photons and atoms in the excited states is a constant under time evolution in Dicke model is exploited to rearrange the atom-photon numbers. Three significant predictions emerge from our study: Threshold time for initial exposure to photons, time of perception (time of maximum detection probability), and discrimination of first few photon states.', 'Cavity photon counting: ab-initio derivation of the quantum jump superoperators and comparison of the existing models Time development of electromagnetic fields in closed cavities under continuous detection of photons continues to be a subject of confusing controversy. Recently Dodonov et al. [Phys. Rev. A, 75, 013806, 2007] argued that their model of quantum superoperators (E model) invalidates some of the predictions of the previously introduced photon counting model of Srinivas and Davies [J. Mod. Optic. 28, 981, 1981] (SD model). Both the SD and the E models are based on two postulated quantum jump superoperators: (1) the one-count operator corresponding to the absorption of a single photon and (2) the no-count operator. In this work we develop a stochastic difference equation that describes the dissipative coupling of the cavity field and the detector. The difference equation is based on non-perturbative treatment of the cavity-detector coupling. In spite of being non-integrable due to the coupling of the detector with an external reservoir it can be used to derive the exact forms of the quantum jump superoperators. When applied to a particular photon counting measurement our theory gives predictions identical with those of the SD model which should be considered a non-perturbative and ab-initio result. It is pointed out that available experimental results coincide with the results given by the ab-initio SD model. We summarize some of the key characteristics of cavity fields and photon counting processes to demonstrate that the results given by the SD model are consistent with the principles of quantum mechanics while those given by the E model are not.', ""Theory of Two-Photon Interactions with Broadband Down-Converted Light and Entangled Photons When two-photon interactions are induced by down-converted light with a bandwidth that exceeds the pump bandwidth, they can obtain a behavior that is pulse-like temporally, yet spectrally narrow. At low photon fluxes this behavior reflects the time and energy entanglement between the down-converted photons. However, two-photon interactions such as two-photon absorption (TPA) and sum-frequency generation (SFG) can exhibit such a behavior even at high power levels, as long as the final state (i.e. the atomic level in TPA, or the generated light in SFG) is narrowband enough. This behavior does not depend on the squeezing properties of the light, is insensitive to linear losses, and has potential applications. In this paper we describe analytically this behavior for travelling-wave down-conversion with continuous or pulsed pumping, both for high- and low-power regimes. For this we derive a quantum-mechanical expression for the down-converted amplitude generated by an arbitrary pump, and formulate operators that represent various two-photon interactions induced by broadband light. This model is in excellent agreement with experimental results of TPA and SFG with high power down-converted light and with entangled photons [Dayan et al., Phys. Rev. Lett. 93, 023005 (2004), Dayan et al., Phys. Rev. Lett. 94, 043602, (2005), Pe'er et al., Phys. Rev. Lett. 94, 073601 (2005)].""]",descriptive,1.0,0.9448150844406066,1.0,single_specific,
arxiv_sh_010,What phase is found at a filling factor of plus or minus one when the on-site interaction is dominant in the extended Hubbard model on a honeycomb lattice?,"A valley symmetry broken, anti-ferromagnetic spin ordered phase is found at a filling factor of plus or minus one when the on-site interaction is dominant.","The information provided does not specify the phase found at a filling factor of plus or minus one in the extended Hubbard model on a honeycomb lattice when the on-site interaction is dominant. Therefore, an answer cannot be determined from the available context.","['Quantum Phase Analysis of Extended Bose-Hubbard Model We have obtained the quantum phase diagram of one dimensional extended Bose-Hubbard model using the density-matrix renormalization group and Abelian bosonization methods for different commensurabilities. We describe the nature of different quantum phases at the charge degeneracy point. We find a direct phase transition from Mott insulating phase to superconducting phase for integer band fillings of bosons. We predict explicitly the presence of two kinds of repulsive Luttinger liquid phases, apart from the charge density wave and superconducting phases for half-integer band fillings. Our study reveals that extended range interactions are necessary to get the correct phase boundary of an one-dimensional interacting bosons system.', 'Slave boson theory of the extended Falicov-Kimball model The extended Falicov-Kimball model, with both an on-site hybridization potential and dispersive narrow band, is examined within the saddle-point approximation to the Kotliar-Ruckenstein slave boson theory. We first set the hybridization potential to zero and find that the phase diagram depends strongly upon the orbital structure: for degenerate orbitals, a correlated-insulating state is found at sufficiently strong interaction strengths, whereas a finite orbital energy difference can lead to discontinuous valence transitions. The obtained phase diagram is very sensitive to the presence of a finite hybridization potential. As in Hartree-Fock theory, we find an enhancement of the hybridization by the inter-orbital Coulomb repulsion. The more precise treatment of correlation effects, however, leads to large deviations from the Hartree-Fock results. In the limit of vanishing hybridization an excitonic insulator state is only found when the orbitals are degenerate, which restricts this phase to a much smaller parameter space than in other available mean-field theories.', 'Localization problem of the quasiperiodic system with the spin orbit interaction We study one dimensional quasiperiodic system obtained from the tight-binding model on the square lattice in a uniform magnetic field with the spin orbit interaction. The phase diagram with respect to the Harper coupling and the Rashba coupling are proposed from a number of numerical studies including a multifractal analysis. There are four phases, I, II, III, and IV in this order from weak to strong Harper coupling. In the weak coupling phase I all the wave functions are extended, in the intermediate coupling phases II and III mobility edges exist, and accordingly both localized and extended wave functions exist, and in the strong Harper coupling phase IV all the wave functions are localized. Phase I and Phase IV are related by the duality, and phases II and III are related by the duality, as well. A localized wave function is related to an extended wave function by the duality, and vice versa. The boundary between phases II and III is the self-dual line on which all the wave functions are critical. In the present model the duality does not lead to pure spectra in contrast to the case of Harper equation.']",descriptive,0.5,0.0,0.0,single_specific,
arxiv_sh_011,How does the paper illustrate the relationship between tropical convexity and other combinatorial concepts?,"The paper uses a running example throughout to explain the connections between tropical convexity and various combinatorial concepts such as ordinary convexity, monomial ideals, and matroid theory.","The paper illustrates the relationship between tropical convexity and other combinatorial concepts by using a running example throughout the discussion. This example serves to connect various topics such as ordinary convexity, monomial ideals, subdivisions of products of simplices, matroid theory, finite metric spaces, and tropical Grassmannians, demonstrating how they interrelate within the framework of tropical polytopes.","['Tropical Convex Hull Computations This is a survey on tropical polytopes from the combinatorial point of view and with a focus on algorithms. Tropical convexity is interesting because it relates a number of combinatorial concepts including ordinary convexity, monomial ideals, subdivisions of products of simplices, matroid theory, finite metric spaces, and the tropical Grassmannians. The relationship between these topics is explained via one running example throughout the whole paper. The final section explains how the new version 2.9.4 of the software system polymake can be used to compute with tropical polytopes.', 'Completions, Reversals, and Duality for Tropical Varieties The algebraic foundation of tropical polynomial algebra provides the framework for the geometric construction of the supplement and the reversal of tropical varieties, thereby inducing a duality of reduced tropical varieties; for classes of tropical hypersurfaces the corresponding point symmetry is obtained for their Newton polytopes and lattice polytopes.', ""Complex tropical localization, coamoebas, and mirror tropical hypersurfaces We introduce in this paper the concept of tropical mirror hypersurfaces and we prove a complex tropical localization Theorem which is a version of Kapranov's Theorem \\cite{K-00} in tropical geometry. We give a geometric and a topological equivalence between coamoebas of complex algebraic hypersurfaces defined by a maximally sparse polynomial and coamoebas of maximally sparse complex tropical hypersurfaces.""]",relational,1.0,0.9781404547503962,1.0,single_specific,
arxiv_sh_012,What modification to the original scheme allows for the preparation of atomic Bell pairs?,"The modification involves selective excitation, which is suitable for quantum information processing applications that do not require universality.","The modification to the original scheme involves selective excitation, which enables the preparation of atomic Bell pairs suitable for quantum information processing applications that do not require universality.","['Entangling identical bosons in optical tweezers via exchange interaction We first devise a scheme to perform a universal entangling gate via controlled collisions between pairs of atomic qubits trapped with optical tweezers. Second, we present a modification to this scheme to allow the preparation of atomic Bell pairs via selective excitation, suitable for quantum information processing applications that do not require universality. Both these schemes are enabled by the inherent symmetries of identical composite particles, as originally proposed by Hayes et al. Our scheme provides a technique for producing weighted graph states, entangled resources for quantum communication, and a promising approach to performing a ""loophole free"" Bell test in a single laboratory.', 'Dynamical creation of bosonic Cooper-like pairs We propose a scheme to create a metastable state of paired bosonic atoms in an optical lattice. The most salient features of this state are that the wavefunction of each pair is a Bell state and that the pair size spans half the lattice, similar to fermionic Cooper pairs. This mesoscopic state can be created with a dynamical process that involves crossing a quantum phase transition and which is supported by the symmetries of the physical system. We characterize the final state by means of a measurable two-particle correlator that detects both the presence of the pairs and their size.', 'Testing a Bell inequality in multi-pair scenarios To date, most efforts to demonstrate quantum nonlocality have concentrated on systems of two (or very few) particles. It is however difficult in many experiments to address individual particles, making it hard to highlight the presence of nonlocality. We show how a natural setup with no access to individual particles allows one to violate the CHSH inequality with many pairs, including in our analysis effects of noise and losses. We discuss the case of distinguishable and indistinguishable particles. Finally, a comparison of these two situations provides new insight into the complex relation between entanglement and nonlocality.']",descriptive,1.0,0.9524325792508286,1.0,single_specific,
arxiv_sh_013,What is the main challenge in calculating the domination number of proximity catch digraphs in higher dimensions?,"The main challenge is due to the geometry of the proximity regions, which makes the calculations extremely difficult and only allows for upper-bounds to be available.","The main challenge in calculating the domination number of proximity catch digraphs in higher dimensions lies in the complexity introduced by the geometry of the proximity regions, which makes these calculations extremely difficult.","['The Use of Domination Number of a Random Proximity Catch Digraph for Testing Spatial Patterns of Segregation and Association Priebe et al. (2001) introduced the class cover catch digraphs and computed the distribution of the domination number of such digraphs for one dimensional data. In higher dimensions these calculations are extremely difficult due to the geometry of the proximity regions; and only upper-bounds are available. In this article, we introduce a new type of data-random proximity map and the associated (di)graph in $\\mathbb R^d$. We find the asymptotic distribution of the domination number and use it for testing spatial point patterns of segregation and association.', 'Linear Time Algorithms for Finding a Dominating Set of Fixed Size in Degenerated Graphs There is substantial literature dealing with fixed parameter algorithms for the dominating set problem on various families of graphs. In this paper, we give a $k^{O(dk)} n$ time algorithm for finding a dominating set of size at most $k$ in a $d$-degenerated graph with $n$ vertices. This proves that the dominating set problem is fixed-parameter tractable for degenerated graphs. For graphs that do not contain $K_h$ as a topological minor, we give an improved algorithm for the problem with running time $(O(h))^{hk} n$. For graphs which are $K_h$-minor-free, the running time is further reduced to $(O(\\log h))^{hk/2} n$. Fixed-parameter tractable algorithms that are linear in the number of vertices of the graph were previously known only for planar graphs. For the families of graphs discussed above, the problem of finding an induced cycle of a given length is also addressed. For every fixed $H$ and $k$, we show that if an $H$-minor-free graph $G$ with $n$ vertices contains an induced cycle of size $k$, then such a cycle can be found in O(n) expected time as well as in $O(n \\log n)$ worst-case time. Some results are stated concerning the (im)possibility of establishing linear time algorithms for the more general family of degenerated graphs.', 'Maximum directed cuts in digraphs with degree restriction For integers m,k >= 1, we investigate the maximum size of a directed cut in directed graphs in which there are m edges and each vertex has either indegree at most k or outdegree at most k.']",descriptive,1.0,0.9999996003388004,1.0,single_specific,
arxiv_sh_014,What does the first half of the monograph demonstrate about outer billiards and irrational kites?,The first half of the monograph proves that outer billiards has an unbounded orbit defined relative to any irrational kite.,The first half of the monograph demonstrates that outer billiards has an unbounded orbit defined relative to any irrational kite.,"['Outer Billiards on Kites Outer billiards is a simple dynamical system based on a convex planar shape. The Moser-Neumann question, first posed by B.H. Neumann around 1960, asks if there exists a planar shape for which outer billiards has an unbounded orbit. The first half of this monograph proves that outer billiards has an unbounded orbit defined relative to any irrational kite. The second half of the monograph gives a very sharp description of the set of unbounded orbits, both in terms of the dynamics and the Hausdorff dimension. The analysis in both halves reveals a close connection between outer billiards on kites and the modular group, as well as connections to self-similar tilings, polytope exchange maps, Diophantine approximation, and odometers.', 'Some results on ideal impacts of billiard balls We analyze the impact of two equal billiard balls in three ideal situations: when the balls freely slide on the plane of the billiard, when they roll without sliding and when one of them freely slides and the other rolls. In all the cases we suppose that the contact between the balls is smooth. We base our analysis on some recent general theoretical results on ideal impacts obtained by means of Differential Geometric Impulsive Mechanics. We use symbolic computation software to solve the computational difficulties arising by the high number of degrees of freedom of the system. Some particular but significative impacts, with opportunely assigned left velocities and positions of the balls, are analyzed in details. The results admit easy interpretations that turn out to be in good agreement with the reasonable forecasts and the behaviours of real systems.', 'Diamagnetic persistent currents for electrons in ballistic billiards subject to a point flux We study the persistent current of noninteracting electrons subject to a pointlike magnetic flux in the simply connected chaotic Robnik-Berry quantum billiard, and also in an annular analog thereof. For the simply connected billiard we find a large diamagnetic contribution to the persistent current at small flux, which is independent of the flux and is proportional to the number of electrons (or equivalently the density since we keep the area fixed). The size of this diamagnetic contribution is much larger than mesoscopic fluctuations in the persistent current in the simply connected billiard, and can ultimately be traced to the response of the angular momentum $l=0$ levels (neglected in semiclassical expansions) on the unit disk to a pointlike flux at its center. The same behavior is observed for the annular billiard when the inner radius is much smaller than the outer one, while the usual fluctuating persistent current and Anderson-like localization due to boundary scattering are seen when the annulus tends to a one-dimensional ring. We explore the conditions for the observability of this phenomenon.']",descriptive,1.0,0.8251459126023946,1.0,single_specific,
arxiv_sh_015,What is the primary factor that determines the dominant tail in small spherically symmetric solutions of nonlinear wave equations?,The dominant tail results from the competition between linear and nonlinear effects.,The dominant tail in small spherically symmetric solutions of nonlinear wave equations is determined by the competition between linear and nonlinear effects.,"['Linear and nonlinear tails II: exact decay rates in spherical symmetry We derive the exact late-time asymptotics for small spherically symmetric solutions of nonlinear wave equations with a potential. The dominant tail is shown to result from the competition between linear and nonlinear effects.', 'The cubic nonlinear Schr\\""odinger equation in two dimensions with radial data We establish global well-posedness and scattering for solutions to the mass-critical nonlinear Schr\\""odinger equation $iu_t + \\Delta u = \\pm |u|^2 u$ for large spherically symmetric L^2_x(\\R^2) initial data; in the focusing case we require, of course, that the mass is strictly less than that of the ground state. As a consequence, we deduce that in the focusing case, any spherically symmetric blowup solution must concentrate at least the mass of the ground state at the blowup time. We also establish some partial results towards the analogous claims in other dimensions and without the assumption of spherical symmetry.', ""Possible discovery of a nonlinear tail and second-order quasinormal modes in black hole ringdown We investigate the nonlinear evolution of black hole ringdown in the framework of higher-order metric perturbation theory. By solving the initial-value problem of a simplified nonlinear field model analytically as well as numerically, we find that (i) second-order quasinormal modes (QNMs) are indeed excited at frequencies different from those of first-order QNMs, as predicted recently. We also find serendipitously that (ii) late-time evolution is dominated by a new type of power-law tail. This ``second-order power-law tail'' decays more slowly than any late-time tails known in the first-order (i.e., linear) perturbation theory, and is generated at the wavefront of the first-order perturbation by an essentially nonlinear mechanism. These nonlinear components should be particularly significant for binary black hole coalescences, and could open a new precision science in gravitational wave studies.""]",descriptive,1.0,0.9575935861462131,1.0,single_specific,
arxiv_sh_016,How does the proximity force approximation compare to the actual Casimir torque calculated in the study?,The proximity force approximation overestimates the Casimir torque by a factor of 2 when considering the conditions that optimize the effect.,The proximity force approximation tends to overestimate the Casimir torque by a factor of 2 when considering the conditions that optimize the effect. This discrepancy highlights the differences between the results obtained from the approximation and the actual calculations performed in the study.,"['On the accuracy of the PFA: analogies between Casimir and electrostatic forces We present an overview of the validity of the Proximity Force Approximation (PFA) in the calculation of Casimir forces between perfect conductors for different geometries, with particular emphasis for the configuration of a cylinder in front of a plane. In all cases we compare the exact numerical results with those of PFA, and with asymptotic expansions that include the next to leading order corrections. We also discuss the similarities and differences between the results for Casimir and electrostatic forces.', 'Casimir torque between corrugated metallic plates We consider two parallel corrugated plates and show that a Casimir torque arises when the corrugation directions are not aligned. We follow the scattering approach and calculate the Casimir energy up to second order in the corrugation amplitudes, taking into account nonspecular reflections, polarization mixing and the finite conductivity of the metals. We compare our results with the proximity force approximation, which overestimates the torque by a factor 2 when taking the conditions that optimize the effect. We argue that the Casimir torque could be measured for separation distances as large as 1 $\\mu{\\rm m}.$', 'The thermal Casimir effect for rough metallic plates We propose a new theory of thermal Casimir effect, holding for the experimentally important case of metallic surfaces with a roughness having a spatial scale smaller than the skin depth. The theory is based on a simple phenomenological model for a rough conductor, that explicitly takes account of the fact that ohmic conduction in the immediate vicinity of the surface of a conductor is much impeded by surface roughness, if the amplitude of roughness is smaller than the skin depth. As a result of the new model, we find that surface roughness strongly influences the magnitude of the thermal correction to the Casimir force, independently of the plates separation. Our model, while consistent with recent accurate measurements of the Casimir force in the submicron range, leads to a new prediction for the not yet observed thermal correction to the Casimir force at large plates separation. Besides the thermal Casimir problem, our model is relevant for the correct theoretical interpretation of current experiments probing other proximity effects between conductors, like radiative heat transfer and quantum friction.']",descriptive,1.0,0.9148229583776359,1.0,single_specific,
arxiv_sh_017,How are the Zernike functions defined in relation to the angular bases?,"The Zernike functions are defined by multiplying the radial polynomials by the angular bases, which include the azimuth and polar angle.","The Zernike functions are defined by multiplying the radial polynomials by the angular bases, which include the azimuth and polar angle. This combination allows for the transformation of the functions into and from the Cartesian coordinate system.","['Zernike Basis to Cartesian Transformations The radial polynomials of the 2D (circular) and 3D (spherical) Zernike functions are tabulated as powers of the radial distance. The reciprocal tabulation of powers of the radial distance in series of radial polynomials is also given, based on projections that take advantage of the orthogonality of the polynomials over the unit interval. They may play a role in the expansion of products of the polynomials into sums, which is demonstrated by some examples. Multiplication of the polynomials by the angular bases (azimuth, polar angle) defines the Zernike functions, for which we derive and tabulate transformations to and from the Cartesian coordinate system centered at the middle of the circle or sphere.', 'Bernstein polynomials, Bergman kernels and toric K\\""ahler varieties It does not seem to have been observed previously that the classical Bernstein polynomials $B_N(f)(x)$ are closely related to the Bergman-Szego kernels $\\Pi_N$ for the Fubini-Study metric on $\\CP^1$: $B_N(f)(x)$ is the Berezin symbol of the Toeplitz operator $\\Pi_N f(N^{-1} D_{\\theta})$. The relation suggests a generalization of Bernstein polynomials to any toric Kahler variety and Delzant polytope $P$. When $f$ is smooth, $B_N(f)(x)$ admits a complete asymptotic expansion. Integrating it over $P$ gives a complete asymptotic expansion for Dedekind-Riemann sums of smooth functions over lattice points in $N P$ related to Euler-MacLaurin sum formulae of Guillemin-Sternberg and others.', 'On the Riemann zeta-function, Part I: Outline Results of a multipart work are outlined. Use is made therein of the conjunction of the Riemann hypothesis, RH, and hypotheses advanced by the author. Let z(n) be the nth nonreal zero of the Riemann zeta-function with positive imaginary part in order of magnitude thereof. A relation is obtained, of the pair z(n) and the first derivative thereat of the zeta-function, to the preceding such pairs and the values of zeta at the points one-half plus a nonnegative multiple of four. That relation is derived from two forms of the density of the Laplace representation, on a certain vertical strip, of a meromorphic function constructed from zeta. Specific functions which play a central role therein are proven to have analytic extensions to the entire complex plane. It is established that the Laplace density is positive. That positivity implies RH and that each nonreal zero of zeta is simple. A metric geometry expression of the positivity of the density is derived. An analogous context is delineated relative to Dirichlet L-functions and the Ramanujan tau Dirichlet function.']",descriptive,0.75,0.8278025551986213,1.0,single_specific,
arxiv_sh_018,What issue is noted regarding the Petrosian magnitudes of extended sources in the UKIDSS data?,"The text mentions a problem affecting the Petrosian magnitudes of extended sources, which is one of the limitations examined in the new UKIDSS data.","An issue affecting the Petrosian magnitudes of extended sources is noted in the UKIDSS data, which may impact the accuracy of the measurements.","['Luminosity and surface brightness distribution of K-band galaxies from the UKIDSS Large Area Survey We present luminosity and surface brightness distributions of 40,111 galaxies with K-band photometry from the United Kingdom Infrared Telescope (UKIRT) Infrared Deep Sky Survey (UKIDSS) Large Area Survey (LAS), Data Release 3 and optical photometry from Data Release 5 of the Sloan Digital Sky Survey (SDSS). Various features and limitations of the new UKIDSS data are examined, such as a problem affecting Petrosian magnitudes of extended sources. Selection limits in K- and r-band magnitude, K-band surface brightness and K-band radius are included explicitly in the 1/Vmax estimate of the space density and luminosity function. The bivariate brightness distribution in K-band absolute magnitude and surface brightness is presented and found to display a clear luminosity--surface brightness correlation that flattens at high luminosity and broadens at low luminosity, consistent with similar analyses at optical wavelengths. Best fitting Schechter function parameters for the K-band luminosity function are found to be M*-5 log h=-23.19 +/- 0.04, alpha=-0.81 +/- 0.04 and phi*=(0.0166 +/- 0.0008)h^3 Mpc^{-3}, although the Schechter function provides a poor fit to the data at high and low luminosity, while the luminosity density in the K band is found to be j = (6.305 +/- 0.067) x 10^8 L_sun h Mpc^{-3}. However, we caution that there are various known sources of incompleteness and uncertainty in our results. Using mass-to-light ratios determined from the optical colours we estimate the stellar mass function, finding good agreement with previous results. Possible improvements are discussed that could be implemented when extending this analysis to the full LAS.', 'A global autocorrelation study after the first Auger data: impact on the number density of UHECR sources We perform an autocorrelation study of the Auger data with the aim to constrain the number density n_s of ultrahigh energy cosmic ray (UHECR) sources, estimating at the same time the effect on $n_s$ of the systematic energy scale uncertainty and of the distribution of UHECR. The use of global analysis has the advantage that no biases are introduced, either in n_s or in the related error bar, by the a priori choice of a single angular scale. The case of continuous, uniformly distributed sources is nominally disfavored at 99% C.L. and the fit improves if the sources follow the large-scale structure of matter in the universe. The best fit values obtained for the number density of proton sources are within a factor ~2 around n_s ~ 10^{-4}/Mpc^3 and depend mainly on the Auger energy calibration scale, with lower densities being preferred if the current scale is correct. The data show no significant small-scale clustering on scales smaller than a few degrees. This might be interpreted as a signature of magnetic smearing of comparable size, comparable with the indication of a ~3 degrees magnetic deflection coming from cross-correlation results. The effects on the above results of some approximations done is also discussed.', 'The Nuclear Bulge extinction We present a new, high resolution (5"" per pixel) near-infrared extinction map of the Nuclear Bulge using data from the UKIDSS-GPS. Using photometry from the J, H and K-bands we show that the extinction law parameter is also highly variable in this region on similar scales to the absolute extinction. We show that only when this extinction law variation is taken into account can the extinction be measured consistently at different wavelengths.']",descriptive,0.6666666666666666,0.0,1.0,single_specific,
arxiv_sh_019,What is a potential limitation of the new technique for measuring the masses of semi-invisibly decaying particles at hadron colliders?,"A potential limitation of the new technique is the contamination of the final state with initial state radiation jets, which may make it difficult to realize the measurements in practice.","A potential limitation of the new technique for measuring the masses of semi-invisibly decaying particles at hadron colliders is the contamination of the final state with initial state radiation (ISR) jets, which may complicate the measurements.","['On measuring the masses of pair-produced semi-invisibly decaying particles at hadron colliders A straightforward new technique is introduced which enables measurement at hadron colliders of an analytical combination of the masses of pair-produced semi-invisibly decaying particles and their invisible decay products. The new technique makes use of the invariance under contra-linear Lorentz boosts of a simple combination of the transverse momentum components of the aggregate visible products of each decay chain. In the general case where the invariant masses of the visible decay products are non-zero it is shown that in principle the masses of both the initial particles from the hard scattering and the invisible particles produced in the decay chains can be determined independently. This application is likely to be difficult to realise in practice however due to the contamination of the final state with ISR jets. The technique may be of most use for measurements of SUSY particle masses at the LHC, however the technique should be applicable to any class of hadron collider events in which heavy particles of unknown mass are pair-produced and decay to semi-invisible final states.', 'R-Hadron and long lived particle searches at the LHC If long lived charged particles exist, and produced at the LHC, they may travel with velocity significantly slower than the speed of light. This unique signature was not considered during the design of the LHC experiments, ATLAS and CMS. As a result, hardware and trigger capabilities need to be evaluated. Model independent approaches for finding long lived particles with the LHC experiments are introduced. They are tested using two bench marks, one in GMSB and one in Split SUSY. The focus is on hardware and trigger issues, as well as reconstruction methods developed by ATLAS and CMS. Both experiments suggest time of flight (TOF) based methods. However, the implementation is different. In ATLAS a first beta estimation is done already at the trigger level. CMS also uses dE/dx to estimate beta.', 'Additional Comments on ""New Limits on Spin-Independent Couplings of Low-Mass WIMP Dark Matter with a Germanium Detector at a Threshold of 200 eV"" In a previous comment (arXiv:0806.1341v1) we criticized purely technical aspects of arXiv:0712.1645 but pointed out that many other inconsistencies were readily apparent. In view of the imminent posting of another version of arXiv:0712.1645, still containing these issues, we would like to offer with this additional note a critical guide to the methodology followed by the TEXONO collaboration, in their effort to extract dark matter limits from a spectral region completely dominated by electronic noise. We find that systematics have been neglected through a combination of erroneous assumptions and failure to explore all of their possible sources.']",descriptive,1.0,0.9999995752918599,1.0,single_specific,
arxiv_sh_020,How does driving affect the time of sudden death of entanglement in the studied qubit system?,Driving decreases the time of sudden death of entanglement due to the introduction of an effective bath that adds various extra sources of noise.,"Driving produces an effective bath that introduces various extra sources of noise, which leads to a decrease in the time of sudden death of entanglement in the qubit system. This effect has been verified through direct numerical calculations.","['Enhancement of sudden death of entanglement for driven qubits We study the recently discovered phenomena of sudden death of entanglement for a system of two qubits, each of them independently longitudinally damped by a reservoir and subjected to a continuous driving. We show that driving produces, in the interaction picture, an effective bath that has elements amounting to various extra sources of noise (transverse, thermal squeezed, thermal longitudinal). As a result, the time of sudden death decreases due to driving, which we verify as well by direct numerical calculation. We suggest that this phenomenon can be studied systematically using superconducting qubits driven by microwave fields.', 'Entanglement sudden death in qubit-qutrit systems We demonstrate the existence of entanglement sudden death (ESD), the complete loss of entanglement in finite time, in qubit-qutrit systems. In particular, ESD is shown to occur in such systems initially prepared in a one-parameter class of entangled mixed states and then subjected to local dephasing noise. Together with previous results, this proves the existence of ESD for some states in all quantum systems for which rigorously defined mixed-state entanglement measures have been identified. We conjecture that ESD exists in all quantum systems prepared in appropriate bipartite states.', 'Sudden death, birth and stable entanglement in a two-qubit Heisenberg XY spin chain Taking the decoherence effect due to population relaxation into account, we investigate the entanglement properties for two qubits in the Heisenberg XY interaction and subject to an external magnetic field. It is found that the phenomenon of entanglement sudden death (ESD) as well as sudden birth(ESB) appear during the evolution process for particular initial states. The influence of the external magnetic field and the spin environment on ESD and ESB are addressed in detail. It is shown that the concurrence, a measure of entanglement, can be controlled by tuning the parameters of the spin chain, such as the anisotropic parameter, external magnetic field, and the coupling strength with their environment. In particular, we find that a critical anisotropy constant exists, above which ESB vanishes while ESD appears. It is also notable that stable entanglement, which is independent of different initial states of the qubits, occurs even in the presence of decoherence.']",descriptive,1.0,0.8168296792612497,1.0,single_specific,
arxiv_sh_021,What method is used in the branch and cut algorithm to find an upper bound for the halfspace depth problem?,Chinneck's heuristic algorithm is used to find an upper bound in the branch and cut algorithm.,Chinneck's heuristic algorithm is used to find an upper bound for the halfspace depth problem in the branch and cut algorithm.,"[""A Branch and Cut Algorithm for the Halfspace Depth Problem The concept of data depth in non-parametric multivariate descriptive statistics is the generalization of the univariate rank method to multivariate data. Halfspace depth is a measure of data depth. Given a set S of points and a point p, the halfspace depth (or rank) k of p is defined as the minimum number of points of S contained in any closed halfspace with p on its boundary. Computing halfspace depth is NP-hard, and it is equivalent to the Maximum Feasible Subsystem problem. In this thesis a mixed integer program is formulated with the big-M method for the halfspace depth problem. We suggest a branch and cut algorithm. In this algorithm, Chinneck's heuristic algorithm is used to find an upper bound and a related technique based on sensitivity analysis is used for branching. Irreducible Infeasible Subsystem (IIS) hitting set cuts are applied. We also suggest a binary search algorithm which may be more stable numerically. The algorithms are implemented with the BCP framework from the COIN-OR project."", ""Solution-space structure of (some) optimization problems We study numerically the cluster structure of random ensembles of two NP-hard optimization problems originating in computational complexity, the vertex-cover problem and the number partitioning problem. We use branch-and-bound type algorithms to obtain exact solutions of these problems for moderate system sizes. Using two methods, direct neighborhood-based clustering and hierarchical clustering, we investigate the structure of the solution space. The main result is that the correspondence between solution structure and the phase diagrams of the problems is not unique. Namely, for vertex cover we observe a drastic change of the solution space from large single clusters to multiple nested levels of clusters. In contrast, for the number-partitioning problem, the phase space looks always very simple, similar to a random distribution of the lowest-energy configurations. This holds in the ``easy''/solvable phase as well as in the ``hard''/unsolvable phase."", 'Dissections, orientations, and trees, with applications to optimal mesh encoding and to random sampling We present a bijection between some quadrangular dissections of an hexagon and unrooted binary trees, with interesting consequences for enumeration, mesh compression and graph sampling. Our bijection yields an efficient uniform random sampler for 3-connected planar graphs, which turns out to be determinant for the quadratic complexity of the current best known uniform random sampler for labelled planar graphs [{\\bf Fusy, Analysis of Algorithms 2005}]. It also provides an encoding for the set $\\mathcal{P}(n)$ of $n$-edge 3-connected planar graphs that matches the entropy bound $\\frac1n\\log_2|\\mathcal{P}(n)|=2+o(1)$ bits per edge (bpe). This solves a theoretical problem recently raised in mesh compression, as these graphs abstract the combinatorial part of meshes with spherical topology. We also achieve the {optimal parametric rate} $\\frac1n\\log_2|\\mathcal{P}(n,i,j)|$ bpe for graphs of $\\mathcal{P}(n)$ with $i$ vertices and $j$ faces, matching in particular the optimal rate for triangulations. Our encoding relies on a linear time algorithm to compute an orientation associated to the minimal Schnyder wood of a 3-connected planar map. This algorithm is of independent interest, and it is for instance a key ingredient in a recent straight line drawing algorithm for 3-connected planar graphs [\\bf Bonichon et al., Graph Drawing 2005].']",descriptive,1.0,0.42233239003335626,1.0,single_specific,
arxiv_sh_022,What did the two-shock model fitted to the EPIC-pn spectra yield in terms of temperatures for SNR 1987A?,The two-shock model yielded temperatures of approximately 0.4 keV and 3 keV.,The two-shock model fitted to the EPIC-pn spectra for SNR 1987A yielded temperatures of approximately 0.4 keV and 3 keV.,"['SN 2006bp: Probing the Shock Breakout of a Type II-P Supernova HET optical spectroscopy and unfiltered ROTSE-III photometry spanning the first 11 months since explosion of the Type II-P SN 2006bp are presented. Flux limits from the days before discovery combined with the initial rapid brightening suggest the supernova was first detected just hours after shock breakout. Optical spectra obtained about 2 days after breakout exhibit narrow emission lines corresponding to HeII 4200, HeII 4686, and CIV 5805 in the rest frame, and these features persist in a second observation obtained 5 hours later; however, these emission lines are not detected the following night nor in subsequent observations. We suggest that these lines emanate from material close to the explosion site, possibly in the outer layers of the progenitor that have been ionized by the high energy photons released at shock breakout. A P-Cygni profile is observed around 4450 A in the +2 and +3 day spectra. Previous studies have attributed this feature to high velocity H-beta, but we discuss the possibility that this profile is instead due to HeII 4687. Further HET observations (14 nights in total) covering the spectral evolution across the photometric plateau up to 73 days after breakout and during the nebular phase around day +340 are presented, and expansion velocities are derived for key features. The measured decay slope for the unfiltered light curve is 0.0073 +/- 0.0004 mag/day between days +121 and +335, which is significantly slower than the decay of rate 56Co. We combine our HET measurements with published X-ray, UV, and optical data to obtain a quasi-bolometric light curve through day +60. We see a slow cooling over the first 25 days, but no sign of an early sharp peak; any such feature from the shock breakout must have lasted less than ~1 day.[ABRIDGED]', 'Probing Elemental Abundances in SNR 1987A Using XMM-Newton We report on the latest (2007 Jan) observations of supernova remnant (SNR) 1987A from the XMM-Newton mission. Since the 2003 May observations of Haberl et al. (2006), 11 emission lines have experienced increases in flux by factors ~ 3 to 10, with the 775 eV line of O VIII showing the greatest increase; we have observed 6 lines of Fe XVII and Fe XVIII previously unreported by XMM-Newton. A two-shock model representing plasmas in non-equilibrium ionization is fitted to the EPIC-pn spectra, yielding temperatures of ~ 0.4 and ~ 3 keV, as well as elemental abundances for N, O, Ne, Mg, Si, S and Fe. We demonstrate that the abundance ratio of N and O can be constrained to less than ~20% accuracy. Within the same confidence interval, the same analysis suggests that the C+N+O abundance varies from ~ 1.1 to 1.4 X 10^-4. Normalizing our obtained abundances by the Large Magellanic Cloud (LMC) values of Hughes, Hayashi & Koyama (1998), we find that O, Ne, Mg and Fe are under-abundant, while Si and S are over-abundant, consistent with the findings of Aschenbach (2007). Such a result has implications for both the single-star and binary accretion/merger models for the progenitor of SNR 1987A. In the context of the binary merger scenario proposed by Morris & Podsiadlowski (2006, 2007), material forming the inner, equatorial ring was expelled after the merger, implying that either our derived Fe abundance is inconsistent with typical LMC values or that iron is under-abundant at the site of the progenitor star of SNR 1987A.', 'Shock Breakout Emission from a Type Ib/c Supernova: XRT 080109/SN 2008D The X-ray flash 080109, associated with SN 2008D, can be attributed to the shock breakout emission from a normal Type Ib/c supernova. If the observed emission is interpreted as blackbody emission, the temperature and radiated energy are close to expectations, considering that scattering dominates absorption processes so that spectrum formation occurs deep within the photosphere. The X-ray emission observed at ~10 days is attributed to inverse Compton scattering of photospheric photons with relativistic electrons produced in the interaction of the supernova with the progenitor wind. A simple model for the optical/ultraviolet emission from shock breakout is developed and applied to SN 1987A, SN 1999ex, SN 2008D, and SN 2006aj, all of which have optical emission observed at t~1 day. The emission from the first three can plausibly be attributed to shock breakout emission. The photospheric temperature is most sensitive to the radius of the progenitor star core and the radii in these cases are in line with expectations from stellar evolution. The early optical/ultraviolet observations of SN 2006aj cannot be accommodated by a shock breakout model in a straightforward way.']",descriptive,1.0,0.9420901613268525,1.0,single_specific,
arxiv_sh_023,What type of mathematical surfaces does the paper provide an upper bound for regarding their Picard number?,The paper provides an upper bound for the Picard number of rational surfaces that minimally resolve the singularities of toric log Del Pezzo surfaces.,The paper provides an upper bound for the Picard number of rational surfaces that resolve minimally the singularities of toric log Del Pezzo surfaces of a given index.,"['K3 surfaces with Picard rank 20 We determine all complex K3 surfaces with Picard rank 20 over Q. Here the Neron-Severi group has rank 20 and is generated by divisors which are defined over Q. Our proof uses modularity, the Artin-Tate conjecture and class group theory. With different techniques, the result has been established by Elkies to show that Mordell-Weil rank 18 over Q is impossible for an elliptic K3 surface. We then apply our methods to general singular K3 surfaces, i.e. with Neron-Severi group of rank 20, but not necessarily generated by divisors over Q.', 'A boundedness result for toric log Del Pezzo surfaces In this paper we give an upper bound for the Picard number of the rational surfaces which resolve minimally the singularities of toric log Del Pezzo surfaces of given index $\\ell$. This upper bound turns out to be a quadratic polynomial in the variable $\\ell$.', 'On the number of minimal surfaces with a given boundary We generalize the following result of White: Suppose $N$ is a compact, strictly convex domain in $\\RR^3$ with smooth boundary. Let $\\Sigma$ be a compact 2-manifold with boundary. Then a generic smooth curve $\\Gamma\\cong \\partial\\Sigma$ in $\\partial N$ bounds an odd or even number of embedded minimal surfaces diffeomorphic to $\\Sigma$ according to whether $\\Sigma$ is or is not a union of disks. First, we prove that the parity theorem holds for any compact riemannian 3-manifold $N$ such that $N$ is strictly mean convex, $N$ is homeomorphic to a ball, $\\partial N$ is smooth, and $N$ contains no closed minimal surfaces. We then further relax the hypotheses by allowing $N$ to be weakly mean convex and to have piecewise smooth boundary. We extend the parity theorem yet further by showing that, under an additional hypothesis, it remains true for minimal surfaces with prescribed symmetries. The parity theorems are used in an essential way to prove the existence of embedded genus-$g$ helicoids in $\\SS^2\\times \\RR$. We give a very brief outline of this application. (The full argument will appear elsewhere.)']",categorical,1.0,0.8318427190973191,1.0,single_specific,
arxiv_sh_024,What does the study reveal about the high-frequency magnetic response in overdoped La1.78Sr0.22CuO4?,"The study reveals that there is a strong high-frequency magnetic response for energies equal to or greater than 80 meV, indicating that significant antiferromagnetic exchange couplings persist in the overdoped region.","The study reveals that there is a strong high-frequency magnetic response in overdoped La1.78Sr0.22CuO4 for energy levels equal to or greater than 80 meV. This suggests that significant antiferromagnetic exchange couplings persist even in the overdoped region of the cuprate phase diagram, despite the suppression of the strong response observed in optimally doped samples.","['The Persistence of High-Frequency Spin Fluctuations in Overdoped La$_{2-x}$Sr$_{x}$CuO$_{4}$ ($x$=0.22) We report a detailed inelastic neutron scattering study of the collective magnetic excitations of overdoped superconducting La1.78Sr0.22CuO4 for the energy range 0-160 meV. Our measurements show that overdoping suppresses the strong response present for optimally doped La2-xSrxCuO4 which is peaked near 50 meV. The remaining response is peaked at incommensurate wavevectors for all energies investigated. We observe a strong high-frequency magnetic response for E >= 80 meV suggesting that significant antiferromagnetic exchange couplings persist well into the overdoped part of the cuprate phase diagram.', 'Dispersion and energy spectrum of spin excitations in an underdoped La_1.90Sr_0.10CuO_4 We performed inelastic neutron experiments on underdoped La_2-xSr_xCuO_4(x=0.10, T_c=28.6K) using a time-of-flight neutron scattering technique. Four incommensurate peaks on the two-dimensional reciprocal plane disperse inwards toward an antiferromagnetic zone center as the energy increases. These peaks merge into a single peak at an energy E_cross around w=40+-3meV. Beyond E_cross, the peak starts to broaden and ``hourglass-like\'\' excitations are observed. The E_cross in the underdoped sample is smaller than that reported for the optimally doped La_1.84Sr_0.16CuO_4. The reduction of the E_cross is explained by the doping-independent slope of the downward dispersion below the E_cross combined with the smaller incommensurability in the underdoped sample. In the energy spectrum of chi""(w), we observed a similar ""peak-dip-hump"" structure in the energy region of 10~45meV to that reported for the optimally doped sample. We discuss the relation between the hourglass-shaped dispersion and the peak-dip-hump energy spectrum.', 'Magnetic and phonon mechanisms of superconductivity in La$_{2-x}$Sr$_x$CuO$_4$ support each other Strong electron correlations are responsible both for the insulator ground state of undoped La$_2$CuO$_4$ and strong antiferromagnetic coupling $J$ between neighbouring spins. We consider magnetic mechanism of superconducting pairing in the effective low energy $t - t\' - t"" - J^*$ model with all parameters calculated {\\it ab initio}. Interaction of strongly correlated electrons with different phonon modes is also incorporated. In a BCS type theory the $d_{x^2 - y^2}$ gap is given by a sum of magnetic and phonon contributions. The phonon coupling parameter $\\lambda = f(x)G$, where $G$ is a combination of bare electron-phonon couplings for all modes and the function $f$ depends on the hole concentration $x$ due to strong electron correlations. The main contribution to the only fitting parameter $G$ is determined by a competition of the breathing and buckling modes. Fitting the parameter $G$ from the isotope effect we obtain that magnetic and phonon contributions to the critical temperature $T_c $ work together and are of the same order of magnitude.']",descriptive,0.6666666666666666,0.9627985942060482,1.0,single_specific,
arxiv_sh_025,How does the new approach to computing the cosmological matter power spectrum differ in its applicability compared to other resummation frameworks?,"The new approach is particularly suited to cosmologies other than LambdaCDM, such as those based on modifications of gravity and those containing massive neutrinos.","The new approach to computing the cosmological matter power spectrum is particularly suited for cosmologies beyond the standard LambdaCDM model. It effectively accommodates modifications of gravity and scenarios involving massive neutrinos, which may not be as easily handled by other resummation frameworks. This flexibility allows for a more comprehensive analysis of various cosmological models, enhancing its applicability in diverse theoretical contexts.","['Flowing with Time: a New Approach to Nonlinear Cosmological Perturbations Nonlinear effects are crucial in order to compute the cosmological matter power spectrum to the accuracy required by future generation surveys. Here, a new approach is presented, in which the power spectrum, the bispectrum and higher order correlations, are obtained -- at any redshift and for any momentum scale -- by integrating a system of differential equations. The method is similar to the familiar BBGKY hierarchy. Truncating at the level of the trispectrum, the solution of the equations corresponds to the summation of an infinite class of perturbative corrections. Compared to other resummation frameworks, the scheme discussed here is particularly suited to cosmologies other than LambdaCDM, such as those based on modifications of gravity and those containing massive neutrinos. As a first application, we compute the Baryonic Acoustic Oscillation feature of the power spectrum, and compare the results with perturbation theory, the halo model, and N-body simulations. The density-velocity and velocity-velocity power spectra are also computed, showing that they are much less contaminated by nonlinearities than the density-density one. The approach can be seen as a particular formulation of the renormalization group, in which time is the flow parameter.', 'Improved resummation of post-Newtonian multipolar waveforms from circularized compact binaries We improve and generalize a resummation method of post-Newtonian multipolar waveforms from circular compact binaries introduced in Refs. \\cite{Damour:2007xr,Damour:2007yf}. One of the characteristic features of this resummation method is to replace the usual {\\it additive} decomposition of the standard post-Newtonian approach by a {\\it multiplicative} decomposition of the complex multipolar waveform $h_{\\lm}$ into several (physically motivated) factors: (i) the ""Newtonian"" waveform, (ii) a relativistic correction coming from an ""effective source"", (iii) leading-order tail effects linked to propagation on a Schwarzschild background, (iv) a residual tail dephasing, and (v) residual relativistic amplitude corrections $f_{\\lm}$. We explore here a new route for resumming $f_{\\lm}$ based on replacing it by its $\\ell$-th root: $\\rho_{\\lm}=f_{\\lm}^{1/\\ell}$. In the extreme-mass-ratio case, this resummation procedure results in a much better agreement between analytical and numerical waveforms than when using standard post-Newtonian approximants. We then show that our best approximants behave in a robust and continuous manner as we ""deform"" them by increasing the symmetric mass ratio $\\nu\\equiv m_1 m_2/(m_1+m_2)^2$ from 0 (extreme-mass-ratio case) to 1/4 (equal-mass case). The present paper also completes our knowledge of the first post-Newtonian corrections to multipole moments by computing ready-to-use explicit expressions for the first post-Newtonian contributions to the odd-parity (current) multipoles.', 'Grid Based Linear Neutrino Perturbations in Cosmological N-body Simulations We present a novel, fast and precise method for including the effect of light neutrinos in cosmological N-body simulations. The effect of the neutrino component is included by using the linear theory neutrino perturbations in the calculation of the gravitational potential in the N-body simulation. By comparing this new method with the full non-linear evolution first presented in \\cite{Brandbyge1}, where the neutrino component was treated as particles, we find that the new method calculates the matter power spectrum with an accuracy better than 1% for \\sum m_\\nu \\lesssim 0.5 eV at z = 0. This error scales approximately as (\\sum m_\\nu)^2, making the new linear neutrino method extremely accurate for a total neutrino mass in the range 0.05 - 0.3 eV. At z = 1 the error is below 0.3% for \\sum m_\\nu \\lesssim 0.5 eV and becomes negligible at higher redshifts. This new method is computationally much more efficient than representing the neutrino component by N-body particles.']",descriptive,0.42857142857142855,0.8458829479561959,1.0,single_specific,
arxiv_sh_026,What happens to the pairing in Hopf-cyclic cohomology when the derived category of cyclic modules is replaced with the homotopy category of special towers of complexes?,"The pairing remains the same when replacing the derived category of cyclic modules with the homotopy category of special towers of complexes, or the derived category of mixed complexes.",The pairing in Hopf-cyclic cohomology remains unchanged when the derived category of cyclic modules is replaced with the homotopy category of special towers of complexes.,"['Products in Hopf-Cyclic Cohomology We construct several pairings in Hopf-cyclic cohomology of (co)module (co)algebras with arbitrary coefficients. The key ideas instrumental in constructing these pairings are the derived functor interpretation of Hopf-cyclic and equivariant cyclic (co)homology, and the Yoneda interpretation of Ext-groups. As a special case of one of these pairings, we recover the Connes-Moscovici characteristic map in Hopf-cyclic cohomology. We also prove that this particular pairing, along with few others, would stay the same if we replace the derived category of (co)cyclic modules with the homotopy category of (special) towers of $X$-complexes, or the derived category of mixed complexes.', 'A Cartan-Eilenberg approach to Homotopical Algebra In this paper we propose an approach to homotopical algebra where the basic ingredient is a category with two classes of distinguished morphisms: strong and weak equivalences. These data determine the cofibrant objects by an extension property analogous to the classical lifting property of projective modules. We define a Cartan-Eilenberg category as a category with strong and weak equivalences such that there is an equivalence between its localization with respect to weak equivalences and the localised category of cofibrant objets with respect to strong equivalences. This equivalence allows us to extend the classical theory of derived additive functors to this non additive setting. The main examples include Quillen model categories and functor categories with a triple, in the last case we find examples in which the class of strong equivalences is not determined by a homotopy relation. Among other applications, we prove the existence of filtered minimal models for \\emph{cdg} algebras over a zero-characteristic field and we formulate an acyclic models theorem for non additive functors.', 'Hochschild and ordinary cohomology rings of small categories Let C be a small category and k a field. There are two interesting mathematical subjects: the category algebra kC and the classifying space |C|=BC. We study the ring homomorphism HH*(kC) --> H*(|C|,k) and prove it is split surjective. This generalizes the well-known results for groups and posets. Based on this result, we construct a seven-dimensional category algebra whose Hochschild cohomology ring modulo nilpotents is not finitely generated, against a conjecture of Snashall and Solberg.']",descriptive,1.0,0.9102637572916706,1.0,single_specific,
arxiv_sh_027,How does the CO line width measured at 20% of the peak intensity compare to that measured at 50% of the peak intensity in terms of recovering the maximum rotation velocity of a galaxy's disk?,"The CO line width measured at 20% of the peak intensity, when corrected for inclination and other effects, successfully recovers the maximum rotation velocity of the disk, whereas the line width at 50% of the peak intensity performs much more poorly due to the wide range of CO line profiles that vary with infrared luminosity.","The CO line width measured at 20% of the peak intensity effectively recovers the maximum rotation velocity of a galaxy's disk when corrected for inclination and other effects. In contrast, the line width measured at 50% of the peak intensity performs significantly worse in this regard, primarily due to the wide range of CO line profiles that vary systematically with infrared luminosity.","['The CO Tully-Fisher Relation and Implications for the Host Galaxies of High-Redshift Quasars The integrated line width derived from CO spectroscopy provides a powerful tool to study the internal kinematics of extragalactic objects, including quasars at high redshift, provided that the observed line width can be properly translated to more conventionally used kinematical parameters of galaxies. We show, through construction of a K-band CO Tully-Fisher relation for nearby galaxies spanning a wide range in infrared luminosity, that the CO line width measured at 20% of the peak intensity, when corrected for inclination and other effects, successfully recovers the maximum rotation velocity of the disk. The line width at 50% of the peak intensity performs much more poorly, in large part because CO lines have a wide range of profiles, which are shown to vary systematically with infrared luminosity. We present a practical prescription for converting observed CO line widths into the stellar velocity dispersion of the bulge (sigma), and then apply it to a sample of low-redshift (z < 0.2) and high-redshift (1.4 < z < 6.4) quasars to study their host galaxies. Nearby quasars roughly fall on the correlation between black hole mass and bulge stellar velocity dispersion established for inactive galaxies, but the host galaxies of the high-z quasars systematically deviate from the local M_BH-sigma relation. At a given sigma, high-z quasars have black hole masses larger by a factor of 4 relative to local galaxies, suggesting that early in the life-cycle of galaxies the development of the bulge lags behind the growth of the central black hole. An alternative explanation for these observations, which currently cannot be ruled out rigorously, is that high-redshift quasars are preferentially viewed at face-on orientations.', 'The Kinematic Properties of the Extended Disks of Spiral Galaxies: A Sample of Edge-On Galaxies We present a kinematic study of the outer regions (R_25<R<2 R_25) of 17 edge-on disk galaxies. Using deep long-slit spectroscopy (flux sensitivity a few 10^-19 erg s^-1 cm^-2 arcsec^-2), we search for H-alpha emission, which must be emitted at these flux levels by any accumulation of hydrogen due to the presence of the extragalactic UV background and any other, local source of UV flux. We present results from the individual galaxy spectra and a stacked composite. We detect H-alpha in many cases well beyond R_25 and sometimes as far as 2 R_25. The combination of sensitivity, spatial resolution, and kinematic resolution of this technique thus provides a powerful complement to 21-cm observations. Kinematics in the outer disk are generally disk-like (flat rotation curves, small velocity dispersions) at all radii, and there is no evidence for a change in the velocity dispersion with radius. We place strong limits, few percent, on the existence of counter-rotating gas out to 1.5 R_25. These results suggest that thin disks extend well beyond R_25; however, we also find a few puzzling anomalies. In ESO 323-G033 we find two emission regions that have velocities close to the systemic velocity rather than the expected rotation velocity. These low relative velocities are unlikely to be simply due to projection effects and so suggest that these regions are not on disk-plane, circular orbits. In MCG-01-31-002 we find emission from gas with a large velocity dispersion that is co-rotating with the inner disk.', 'Width of X-ray lines in cooling flows The dissipation of turbulent gas motions is one of the likely mechanisms that has been proposed to heat the intracluster medium (ICM) in the cores of clusters and groups of galaxies. We consider the impact of gas motions on the width of the most prominent X-ray emission lines. For heavy elements (like iron) the expected linewidth is much larger than the width due to pure thermal broadening and the contribution due to turbulent gas motions should be easily detected with the new generation of X-ray micro-calorimeters, such as the Spektr-RG calorimeter (SXC). For instance in the Perseus cluster the turbulent velocity required to balance radiative cooling (as derived by Rebusco et al. 2006), would imply a width of the 6.7 keV Fe line of 10-20 eV, while the pure thermal broadening is ~4 eV. The radial dependence of the linewidth is sensitive to i) the radial dependence of the velocity amplitude and ii) the ""directionality"" of the stochastic motions (e.g. isotropic turbulence or predominantly radial gas motions). If the width of several lines, characteristic for different gas temperatures, can be measured, then it should be possible to probe both the ""directionality"" and the amplitude of the gas motions. Moreover a measurement of the width would put a lower limit on the amount of the kinetic energy available for dissipation, giving a constraint on the ICM models.']",descriptive,1.0,0.9949373808763459,1.0,single_specific,
arxiv_sh_028,What did the calculations reveal about the electromagnetic low-velocity wave in plasmas with a Maxwellian-like electron velocity distribution function?,"The calculations revealed the presence of strong collisionless damping of the electromagnetic low-velocity wave, even with small differences from the Maxwellian distribution in regions of large electron densities.","The calculations revealed the presence of strong collisionless damping of the electromagnetic low-velocity wave in plasmas with a Maxwellian-like electron velocity distribution function. This damping occurs even with small differences from the Maxwellian distribution in regions of high electron density, although the distribution tail shows negligible electron density.","['Strong collisionless damping of the low-velocity branch of electromagnetic wave in plasmas with Maxwellian-like electron velocity distribution function After approximate replacing of Maxwellian distribution exponent with the rational polynomial fraction we have obtained precise analytical expression for and calculated the principal value of logarithmically divergent integral in the electron wave dispersion equation. At the same time our calculations have shown the presence of strong collisionless damping of the electromagnetic low-velocity (electron) wave in plasmas with Maxwellian-like electron velocity distribution function at some small, of the order of several per cents, differences from Maxwellian distribution in the main region of large electron densities, however due to the differences in the distribution tail, where electron density itself is negligibly small.', 'Non-linear equations for electron waves in Maxwellian low-collision ion-electron plasmas The before described general principles and methodology of calculating electron wave propagation in homogeneous isotropic half-infinity slab of Maxwellian plasma with indefinite but in principal value sense taken integrals in characteristic equations, and the use of 2D Laplace transform method are applied to an evaluation of collision damping decrements of plane electron longitudinal and transverse waves. Damping decrement tends to infinity when the wave frequency tends to electron Langmuir frequency from above values. We considered recurrent relations for amplitudes of the overtones which form in their sum the all solution of the plasma wave non-linear equations including collision damping and quadratic (non-linear) terms. Collisionless damping at frequencies more the Langmuir one is possible only in non-Maxwellian plasmas.', 'Dispersion relation of an electromagnetic wave in unmagnetized cold plasma The dispersion relation of an electromagnetic wave in an unmagnetized neutral plasma is well known to be w^2=wp^2+(ck)^2. A modified dispersion relation is presented taking into account the ion restoring force in the transverse direction.']",descriptive,1.0,0.918595390607028,1.0,single_specific,
arxiv_sh_029,What effect does uniaxial compression of the aerogel by 17% have on the stabilization of the axial phase of superfluid 3He?,Uniaxial compression of the aerogel by 17% does not stabilize an axial phase of superfluid 3He.,Uniaxial compression of the aerogel by 17% does not stabilize the axial phase of superfluid 3He.,"['Stability of the A-like Phase of Superfluid 3He in Aerogel with Globally Anisotropic Scattering It has been suggested that anisotropic quasiparticle scattering will stabilize anisotropic phases of superfluid $^3$He contained within highly porous silica aerogel. For example, global anisotropy introduced via uniaxial compression of aerogel might stabilize the axial state, which is called the A-phase in bulk superfluid 3He. Here we present measurements of the phase diagram of superfluid 3He in a 98% porous silica aerogel using transverse acoustic impedance methods. We show that uniaxial compression of the aerogel by 17% does not stabilize an axial phase.', 'Evidence for a disorder driven phase transition in the condensation of 4He in aerogels We report on thermodynamic and optical measurements of the condensation process of $^4$He in three silica aerogels of different microstructures. For the two base-catalysed aerogels, the temperature dependence of the shape of adsorption isotherms and of the morphology of the condensation process show evidence of a disorder driven transition, in agreement with recent theoretical predictions. This transition is not observed for a neutral-catalysed aerogel, which we interpret as due to a larger disorder in this case.', 'Viscoelastic Behavior of Solid $^4$He Over the last five years several experimental groups have reported anomalies in the temperature dependence of the period and amplitude of a torsional oscillator containing solid $^4$He. We model these experiments by assuming that $^4$He is a viscoelastic solid--a solid with frequency dependent internal friction. We find that while our model can provide a quantitative account of the dissipation observed in the torsional oscillator experiments, it only accounts for about 10% of the observed period shift, leaving open the possibility that the remaining period shift is due to the onset of superfluidity in the sample.']",descriptive,1.0,0.9676449082094809,1.0,single_specific,
arxiv_sh_030,What constraints affect the speed of the adiabatic operation in the proposed method for generating a biexciton?,The speed of the adiabatic operation is constrained by the biexciton binding energy.,The speed of the adiabatic operation in the proposed method for generating a biexciton is constrained by the biexciton binding energy.,"['Proposal for geometric generation of a biexciton in a quantum dot using a chirped pulse We propose to create a biexciton by a coherent optical process using a frequency-sweeping (chirped) laser pulse. In contrast to the two-photon Rabi flop scheme, the present method uses the state transfer through avoided level crossing and is a geometric control. The proposed process is robust against pulse area uncertainty, detuning, and dephasing. The speed of the adiabatic operation is constrained by the biexciton binding energy.', 'Thermal Noise on Adiabatic Quantum Computation The success of adiabatic quantum computation (AQC) depends crucially on the ability to maintain the quantum computer in the ground state of the evolution Hamiltonian. The computation process has to be sufficiently slow as restricted by the minimal energy gap. However, at finite temperatures, it might need to be fast enough to avoid thermal excitations. The question is, how fast does it need to be? The structure of evolution Hamiltonians for AQC is generally too complicated for answering this question. Here we model an adiabatic quantum computer as a (parametrically driven) harmonic oscillator. The advantages of this model are (1) it offers high flexibility for quantitative analysis on the thermal effect, (2) the results qualitatively agree with previous numerical calculation, and (3) it could be experimentally verified with quantum electronic circuits.', 'Is the quantum adiabatic theorem consistent? The quantum adiabatic theorem states that if a quantum system starts in an eigenstate of the Hamiltonian, and this Hamiltonian varies sufficiently slowly, the system stays in this eigenstate. We investigate experimentally the conditions that must be fulfilled for this theorem to hold. We show that the traditional adiabatic condition as well as some conditions that were recently suggested are either not sufficient or not necessary. Experimental evidence is presented by a simple experiment using nuclear spins.']",descriptive,1.0,0.9508478274518258,1.0,single_specific,
arxiv_sh_031,What is a crucial requirement for deriving meaningful constraints on the neutrino-nucleon cross section according to the study?,The capability to tag downgoing neutrino showers in the PeV range against the cosmic ray induced background of penetrating muons is a crucial requirement.,The capability to tag downgoing neutrino showers in the PeV range against the cosmic ray induced background of penetrating muons is a crucial requirement for deriving meaningful constraints on the neutrino-nucleon cross section.,"['Disentangling neutrino-nucleon cross section and high energy neutrino flux with a km^3 neutrino telescope The energy--zenith angular event distribution in a neutrino telescope provides a unique tool to determine at the same time the neutrino-nucleon cross section at extreme kinematical regions, and the high energy neutrino flux. By using a simple parametrization for fluxes and cross sections, we present a sensitivity analysis for the case of a km^3 neutrino telescope. In particular, we consider the specific case of an under-water Mediterranean telescope placed at the NEMO site, although most of our results also apply to an under-ice detector such as IceCube. We determine the sensitivity to departures from standard values of the cross sections above 1 PeV which can be probed independently from an a-priori knowledge of the normalization and energy dependence of the flux. We also stress that the capability to tag downgoing neutrino showers in the PeV range against the cosmic ray induced background of penetrating muons appears to be a crucial requirement to derive meaningful constraints on the cross section.', ""Constraining Nonstandard Neutrino-Electron Interactions We present a detailed analysis on nonstandard neutrino interactions (NSI) with electrons including all muon and electron (anti)-neutrino data from existing accelerators and reactors, in conjunction with the ``neutrino counting'' data (e- e+ -> nu nu gamma) from the four LEP collaborations. First we perform a one-parameter-at-a-time analysis, showing how most constraints improve with respect to previous results reported in the literature. We also present more robust results where the NSI parameters are allowed to vary freely in the analysis. We show the importance of combining LEP data with the other experiments in removing degeneracies in the global analysis constraining flavor-conserving NSI parameters which, at 90 % and 95 % C.L., must lie within unique allowed regions. Despite such improved constraints, there is still substantial room for improvement, posing a big challenge for upcoming experiments."", 'Neutrino scattering with nuclei - Theory of low energy nuclear effects and its applications Current long baseline experiments aim at measuring neutrino oscillation parameters with a high precision. A critical quantity is the neutrino energy which can not be measured directly but has to be reconstructed from the observed hadrons. A good knowledge of neutrino-nucleus interactions is thus necessary to minimize the systematic uncertainties in neutrino fluxes, backgrounds and detector responses. In particular final-state interactions inside the target nucleus modify considerably the particle yields through rescattering, charge-exchange and absorption. Nuclear effects can be described with our coupled channel GiBUU transport model where the neutrino first interacts with a bound nucleon producing secondary particles which are then transported out of the nucleus. In this contribution, we give some examples for the application of our model focusing in particular on the MiniBooNE and K2K experiments.']",descriptive,0.6666666666666666,0.4860803525297918,1.0,single_specific,
arxiv_sh_032,How will JWST's MIRI instrument improve the study of dust contributions from supernovae compared to Spitzer?,"JWST's MIRI instrument will be able to probe a volume over 1000 times larger than Spitzer, allowing for more reliable quantification of dust contributions from massive star supernovae of Type II, Type Ib, and Type Ic to galaxies.","JWST's MIRI instrument will significantly enhance the study of dust contributions from supernovae by enabling observations that can probe a volume over 1000 times larger than what Spitzer could cover. This increased sensitivity and capability will allow for more reliable quantification of dust contributions from various types of supernovae, including Type II, Type Ib, and Type Ic, to both low- and high-redshift galaxies. The advanced observational capabilities of MIRI will facilitate a deeper understanding of the dust formation processes associated with these massive stellar explosions.","[""Prospects for Studies of Stellar Evolution and Stellar Death in the JWST Era I review the prospects for studies of the advanced evolutionary stages of low-, intermediate- and high-mass stars by the JWST and concurrent facilities, with particular emphasis on how they may help elucidate the dominant contributors to the interstellar dust component of galaxies. Observations extending from the mid-infrared to the submillimeter can help quantify the heavy element and dust species inputs to galaxies from AGB stars. JWST's MIRI mid-infrared instrument will be so sensitive that observations of the dust emission from individual intergalactic AGB stars and planetary nebulae in the Virgo Cluster will be feasible. The Herschel Space Observatory will enable the last largely unexplored spectral region, the far-IR to the submillimeter, to be surveyed for new lines and dust features, while SOFIA will cover the wavelength gap between JWST and Herschel, a spectral region containing important fine structure lines, together with key water-ice and crystalline silicate bands. Spitzer has significantly increased the number of Type II supernovae that have been surveyed for early-epoch dust formation but reliable quantification of the dust contributions from massive star supernovae of Type II, Type Ib and Type Ic to low- and high-redshift galaxies should come from JWST MIRI observations, which will be able to probe a volume over 1000 times larger than Spitzer."", 'Spitzer Observations of Supernova Remnant IC 443 We present Spitzer observations of IC 443 obtained with MIPS and IRS as part of our GTO program on the astrophysics of ejecta from evolved stars. We find that the overall morphology at mid/far IR wavelengths resembles even more closely a loop or a shell than the ground based optical and/or near IR images.The dust temperature map, based on the 70/160micron ratio, shows a range from 18 to 30 K degrees. The IRS spectra confirm the findings from previous near+mid IR spectroscopic observations of a collisionally excited gas, atomic and molecular, rich in fine structure atomic and pure H2 rotational emission lines, respectively. The spectroscopic shock indicator, [Ne II] 12.8micron, suggests shock velocities ranging from 60-90 km/s, consistent with the values derived from other indicators.', 'Observational Cosmology with the ELT and JWST I will focus on the study of the Cosmic Dark ages and in particular on the properties of the galaxies responsible for the reionization of Hydrogen and on the possibility of detecting the first generation of galaxies and the first stars. I will make the case that there is a large and widening gap between our present and future capabilities in imaging and what we can follow-up spectroscopically even with the NIRSpec spectrograph on the James Webb Space Telescope because of its moderate field of view. A high throughput, high multiplexing near-IR spectrometer on the Extremely Large Telescope would be important to contain this gap. Studying the Lyman alpha forest of QSOs at z>=7 and measuring the kinematics of small mass galaxies at high-z are also problems unsuited to JWST and where a high-throughput, medium-high resolution near-IR spectrograph on the ELT would be essential.']",descriptive,0.8333333333333334,0.9568229549784592,1.0,single_specific,
arxiv_sh_033,What new proof is presented in the paper regarding the Chevalley-Monk formula?,"The paper includes a new proof of the Chevalley-Monk formula, demonstrating a novel approach to this established result.",The provided context does not include any information about a new proof regarding the Chevalley-Monk formula.,"[""A new proof of Roth's theorem on arithmetic progressions We present a proof of Roth's theorem that follows a slightly different structure to the usual proofs, in that there is not much iteration. Although our proof works using a type of density increment argument (which is typical of most proofs of Roth's theorem), we do not pass to a progression related to the large Fourier coefficients of our set (as most other proofs of Roth do). Furthermore, in our proof, the density increment is achieved through an application of a quantitative version of Varnavides's theorem, which is perhaps unexpected."", 'On Some New Proof of the Bogoliubov-Parasiuk Theorem (Nonequilibrium Renormalization Theory II) It is usually used a complicated combinatorics to prove the Bogoliubov-Parasiuk theorem. In the present paper we give a proof of the Bogoliubov-Parasiuk theorem which use a simple combinatorics. To give this proof we interpret Feynman amplitudes as distributions on the space of \\alpha-parameters. We will use this technique in the next paper to give a proof that the divergences in nonequilibrium diagram technique can be subtracted by means the counterterms of asymptotical state.', ""A Simple Proof for the Generalized Frankel Conjecture In this short paper, we will give a simple and transcendental proof for Mok's theorem of the generalized Frankel conjecture. This work is based on the maximum principle in \\cite{BS2} proposed by Brendle and Schoen.""]",descriptive,0.5,0.0,0.0,single_specific,
arxiv_sh_034,How does the new spectral model improve the treatment of transient phases and instabilities compared to current approaches?,"The new spectral model allows the energy spectrum of the subgrid scales to adapt dynamically to the large-scale resolved spectrum, which improves the treatment of transient phases and instabilities.","The new spectral model improves the treatment of transient phases and instabilities by allowing the energy spectrum of the subgrid scales to adapt dynamically to the large-scale resolved spectrum, rather than relying on a fixed Kolmogorov-like energy spectrum. This dynamic adaptation enhances the model's ability to accurately capture the behavior of flows during transient conditions and instabilities, leading to more reliable simulations.","['Spectral Modeling of Turbulent Flows and the Role of Helicity We present a new version of a dynamical spectral model for Large Eddy Simulation based on the Eddy Damped Quasi Normal Markovian approximation \\cite{sao,chollet_lesieur}. Three distinct modifications are implemented and tested. On the one hand, whereas in current approaches, a Kolmogorov-like energy spectrum is usually assumed in order to evaluate the nonlocal transfer, in our method the energy spectrum of the subgrid scales adapts itself dynamically to the large-scale resolved spectrum; this first modification allows in particular for a better treatment of transient phases and instabilities, as shown on one specific example. Moreover, the model takes into account the phase relationships of the small-scales, embodied for example in strong localized structures such as vortex filaments. To that effect, phase information is implemented in the treatment of the so-called eddy noise in the closure model. Finally, we also consider the role that helical small scales may play in the evaluation of the transfer of energy and helicity, the two invariants of the primitive equations in the inviscid case; this leads as well to intrinsic variations in the development of helicity spectra. Therefore, our model allows for simulations of flows for a variety of circumstances and a priori at any given Reynolds number. Comparisons with Direct Numerical Simulations of the three-dimensional Navier-Stokes equation are performed on fluids driven by an ABC (Beltrami) flow which is a prototype of fully helical flows. Good agreements are obtained for physical and spectral behavior of the large scales.', 'Reduced nonlinear description of Farley-Buneman instability In the study on nonlinear wave-wave processes in an ionosphere and a magnetosphere usually the main attention is paid to investigation of plasma turbulence at well developed stage, when the wide spectrum of plasma wave is present. On the other side, it is well known that even if the number of cooperating waves remains small due to a competition of processes of their instability and attenuation, the turbulence appears in the result of their stochastic behavior. The regimes of nonlinear dynamics of low frequency waves excited due to Farley-Buneman instability in weakly ionized and inhomogeneous ionospheric plasma in the presence of electric current perpendicular to ambient magnetic field are considered. The problem is essentially three dimensional and difficult for full numerical simulation, but the strong collisional damping of waves allow to assume that in this case a perturbed state of plasma can be described as finite set of interacting waves, some of which are unstable and other strongly damping. The proposed nonlinear model allow to make full study of nonlinear stabilization, conditions of stochasticity and to consider the different regimes and properties of few mode plasma turbulence.', 'Electromagnetic turbulence driven by the mixed mode instability In continuation of previous work, numerical results are presented, concerning relativistically counter-streaming plasmas. Here, the relativistic mixed mode instability evolves through, and beyond, the linear saturation -- well into the nonlinear regime. Besides confirming earlier findings, that wave power initially peaks on the mixed mode branch, it is observed that, during late time evolution wave power is transferred to other wave numbers. It is argued that the isotropization of power in wavenumber space may be a consequence of weak turbulence. Further, some modifications to the ideal weak turbulence limit is observed. Development of almost isotropic predominantly electrostatic -- partially electromagnetic -- turbulent spectra holds relevance when considering the spectral emission signatures of the plasma, namely bremsstrahlung, respectively magneto-bremsstrahlung (synchrotron radiation and jitter radiation) from relativistic shocks in astrophysical jets and shocks from gamma-ray bursts and active galactic nuclei.']",descriptive,0.8,0.9803398705965775,1.0,single_specific,
arxiv_agg_000,"What are the common themes or methodologies discussed in the papers regarding the nature of galactic structures and their modeling, particularly in relation to bulges and Jaffe models?","The papers discuss the nature of galactic structures, particularly bulges, and the modeling of these structures using Jaffe models. Paper 2 explores the classification of bulges into classical and pseudo-bulges using integral field spectroscopy, focusing on their kinematics and photometry. Paper 3 extends the Jaffe models to include more general flattened forms, which can be applied to understand the dynamics of these bulges. Both papers highlight the importance of detailed observational data and theoretical modeling in characterizing the properties and behaviors of galactic bulges.","The papers discuss various aspects of galactic structures, particularly focusing on bulges and their classification, formation, and evolution. Common themes include the differentiation between classical bulges and pseudo-bulges, with an emphasis on their distinct properties and behaviors. Methodologies involve the use of integral field spectroscopy to analyze stellar kinematics and surface photometry, which aids in understanding the nature of bulges in early-type spirals.

Additionally, the extension of Jaffe models into more general flattened forms highlights the dynamical properties of these models, allowing for a deeper exploration of galactic structures. The interplay between bulge formation mechanisms, such as bar destruction and the effects of velocity anisotropy, is also a significant focus, illustrating the complex dynamics involved in the evolution of bulges within disc galaxies.","['Formation and evolution of bulges After presenting three ways of defining a bulge component in disc galaxies, we introduce the various types of bulges, namely the classical bulges, the boxy/peanut bulges and the disc-like bulges. We then discuss three specific topics linked to bulge formation and evolution, namely the coupled time evolution of the bar, buckling and peanut strengths; the effect of velocity anisotropy on peanut formation; and bulge formation via bar destruction.', 'General Flattened Jaffe Models for Galaxies In this paper we extend oblate and prolate Jaffe models into more general flattened Jaffe models. Since dynamical properties of oblate and prolate Jaffe Models have been studied by Jiang & Moss, they are not repeated here.', 'On classical and pseudobulges: The nature of bulges of early-type spirals Historically, galactic bulges are thought to be elliptical galaxy-like objects sitting in the middle of a generally larger disk. There are, however, more and more claims that some bulges are much more similar to disks. John Kormendy has named these bulges pseudo-bulges. In this paper I discuss some recent integral field spectroscopy of the SAURON collaboration on a sample of 24 Sa and Sab galaxies. Using their 2-dimensional maps of the stellar velocity, velocity dispersion, and absorption line strength, it is now much easier to understand the nature of nearby galactic bulges. I review several aspects of bulges, namely the surface photometry, stellar kinematics, stellar populations, presence of interstellar matter, and their behavior in the fundamental plane of early-type galaxies.']",descriptive,0.9090909090909091,0.7123929189312862,1.0,aggregate_cross_paper,"['astro-ph', 'cond-mat', 'math']"
arxiv_agg_001,"What are the common theoretical challenges identified in the studies of hadron structure and quantum Markov semigroups, and how do the proposed solutions in these papers reflect on the broader implications for theoretical physics?","Both the studies on hadron structure and quantum Markov semigroups highlight challenges related to complex mathematical formulations and the need for appropriate counterterms or adjustments to resolve issues in their respective models. The first paper discusses difficulties in hadron spectroscopy that arise from the limitations of constituent quark models, while the fifth paper addresses the complications in diagonalizing the Lagrangian due to loop corrections. The solutions proposed in these papers, such as the introduction of counterterms in the second paper and the exploration of large deviation principles in the fifth paper, suggest a broader trend in theoretical physics towards refining models to account for intricate behaviors and dependencies, ultimately aiming for more accurate predictions and a deeper understanding of fundamental interactions.","The studies of hadron structure and quantum Markov semigroups highlight several theoretical challenges, including the emergence of classicality from quantum states, the definition of particle content, and the complexities of non-perturbative QCD. In the context of hadron structure, recent developments focus on understanding parton distribution functions and the dynamics of quark-gluon matter, while addressing issues related to confinement and the behavior of glueballs.

Proposed solutions in these studies involve the development of general formalisms that allow for the parametrization of wave functions and the generalization of concepts like particle number density and effective Lagrangians to time-dependent frameworks. These approaches not only provide insights into specific models but also contribute to a deeper understanding of the underlying principles of quantum field theory and its implications for particle physics.

The broader implications for theoretical physics include advancements in the understanding of quantum states in dynamic backgrounds, the relationship between quantum mechanics and classical behavior, and the potential for new predictions in high-energy physics, such as those relevant to experiments at the LHC. These findings may pave the way for further exploration of the fundamental interactions governing matter and the universe.","['Particle creation, classicality and related issues in quantum field theory: I. Formalism and toy models The quantum theory of a harmonic oscillator with a time dependent frequency arises in several important physical problems, especially in the study of quantum field theory in an external background. While the mathematics of this system is straightforward, several conceptual issues arise in such a study. We present a general formalism to address some of the conceptual issues like the emergence of classicality, definition of particle content, back reaction etc. In particular, we parametrize the wave function in terms of a complex number (which we call excitation parameter) and express all physically relevant quantities in terms it. Many of the notions -- like those of particle number density, effective Lagrangian etc., which are usually defined using asymptotic in-out states -- are generalized as time-dependent concepts and we show that these generalized definitions lead to useful and reasonable results. Having developed the general formalism we apply it to several examples. Exact analytic expressions are found for a particular toy model and approximate analytic solutions are obtained in the extreme cases of adiabatic and highly non-adiabatic evolution. We then work out the exact results numerically for a variety of models and compare them with the analytic results and approximations. The formalism is useful in addressing the question of emergence of classicality of the quantum state, its relation to particle production and to clarify several conceptual issues related to this. In Paper II (arXiv:0708.1237), which is a sequel to this, the formalism will be applied to analyze the corresponding issues in the context of quantum field theory in background cosmological models and electric fields.', 'Theory Summary of the Hadron Structure and QCD Workshop 2008 This paper is the write-up version of the theory summary talk given at the HSQCD 2008 Workshop in Gatchina, Russia. Recent theoretical developments and results are summarized focusing on works that point out new perspectives, ranging from perturbative QCD, DGLAP and ERBL evolution, polarized and unpolarized parton distribution functions, small-x physics to nonperturbative QCD, lattice simulations, quark-gluon matter, hadron spectroscopy, and predictions for the LHC.', 'Exploring improved holographic theories for QCD: Part II This paper is a continuation of ArXiv:0707.1324 where improved holographic theories for QCD were set up and explored. Here, the IR confining geometries are classified and analyzed. They all end in a ""good"" (repulsive) singularity in the IR. The glueball spectra are gaped and discrete, and they favorably compare to the lattice data. Quite generally, confinement and discrete spectra imply each other. Asymptotically linear glueball masses can also be achieved. Asymptotic mass ratios of various glueballs with different spin also turn out to be universal. Mesons dynamics is implemented via space filling D4-anti-D4 brane pairs. The associated tachyon dynamics is analyzed and chiral symmetry breaking is shown. The dynamics of the RR axion is analyzed, and the non-perturbative running of the QCD theta-angle is obtained. It is shown to always vanish in the IR.']",descriptive,0.9047619047619048,0.9267179679049605,0.0,aggregate_cross_paper,"['hep-ph', 'math', 'math-ph']"
arxiv_agg_002,"What are the common experimental challenges and limitations identified in the studies of vortex states in Bose-Einstein condensates, virtual knots, and charmless hadronic B decays, and how do these challenges influence the interpretation of results across these fields?","The common experimental challenges identified across these studies include the precision required in measurements and the complexity of the systems being analyzed. In the study of vortex states in Bose-Einstein condensates, achieving precise control over the amplitude and phase is crucial, which can lead to difficulties in reproducibility. Similarly, in the context of virtual knots, the infinite dimensionality of degree one Vassiliev invariants presents challenges in establishing clear and consistent results. For charmless hadronic B decays, the measurement of branching fractions and polarization also requires high precision and can be influenced by various factors, such as detector efficiency and background noise. These challenges necessitate careful interpretation of results, as they can lead to uncertainties that affect the reliability and generalizability of findings across these different areas of research.","The studies of vortex states in Bose-Einstein condensates highlight several experimental challenges and limitations, particularly related to the stability and dynamics of these states. For instance, the stability of vortex configurations can be influenced by factors such as dipole-dipole interaction strength and trap geometry, which complicates the interpretation of results. Additionally, the presence of dynamical instabilities, such as vortex splitting and phase separation, can lead to unexpected behaviors that may not align with theoretical predictions.

These challenges can affect the reliability of experimental outcomes, making it difficult to draw definitive conclusions about the nature of vortex states. Variations in interaction parameters and external conditions can lead to different stability regimes, which may obscure the underlying physics. Consequently, the interpretation of results in this field requires careful consideration of these factors to ensure that findings are accurately understood and contextualized.

While the query also mentions virtual knots and charmless hadronic B decays, the specific challenges in those areas are not detailed in the provided context. However, it can be inferred that similar complexities in stability and interaction dynamics may exist, influencing the interpretation of results across these diverse fields.","['A vortex dipole in a trapped two-dimensional Bose-Einstein condensate We study the conservative dynamics and stationary configurations of a vortex-antivortex pair in a harmonically trapped two-dimensional Bose-Einstein condensate. We establish the conceptual framework for understanding the stationary states and the topological defect trajectories, through considerations of different mechanisms of vortex motion and the bifurcation of soliton-like stationary solutions. Our insights are based on Lagrangian-based variational calculations, numerical solutions of both the time-dependent and time-independent Gross-Pitaevskii equations, and exact solutions for the non-interacting case.', 'Stability and Excitations of a Dipolar Bose-Einstein Condensate with a Vortex We study the stability of singly- and doubly-quantized vortex states of harmonically trapped dipolar Bose-Einstein Condensates (BECs) by calculating the low-lying excitations of these condensates. We map the dynamical stability of these vortices as functions of the dipole-dipole interaction strength and trap geometry by finding where their excitations have purely real energy eigenvalues. In contrast to BECs with purely contact interactions, we find that dipolar BECs in singly-quantized vortex states go unstable to modes with an increasing number of angular and radial nodes for more oblate trap aspect ratios, corresponding to \\emph{local} collapse that occurs on a characteristic length scale. Additionally, we find that dipolar BECs in doubly-quantized vortex states are unstable to decay into a different topological state (with two singly-quantized vortices) for all interaction strengths when the trap geometry is sufficiently prolate to make the dipoles attractive, and in windows of interaction strength when the trap geometry is sufficiently oblate to make the dipoles repulsive.', 'Vortex splitting and phase separating instabilities of coreless vortices in F=1 spinor Bose-Einstein condensates The low lying excitations of coreless vortex states in F = 1 spinor Bose-Einstein condensates (BECs) are theoretically investigated using the Gross-Pitaevskii and Bogoliubov-de Gennes equations. The spectra of the elementary excitations are calculated for different spin-spin interaction parameters and ratios of the number of particles in each sublevel. There exist dynamical instabilities of the vortex state which are suppressed by ferromagnetic interactions, and conversely, enhanced by antiferromagnetic interactions. In both of the spin-spin interaction regimes, we find vortex splitting instabilities in analogy with scalar BECs. In addition, a phase separating instability is found in the antiferromagnetic regime.']",descriptive,0.1875,0.8515765271472736,0.0,aggregate_cross_paper,"['astro-ph', 'cond-mat', 'hep-ex', 'math', 'physics']"
arxiv_agg_003,"What are the common challenges faced in modeling complex systems across the papers, particularly in relation to measurement errors, phase shifts, and the behavior of dislocations?","The papers highlight several common challenges in modeling complex systems, including the difficulty of accurately incorporating measurement errors in density modeling (Paper 1), the unresolved classical and quantum interpretations of phase shifts in interference patterns (Paper 3), and the effects of thermal fluctuations on the mechanical and superfluid properties of dislocations (Paper 5). Each paper emphasizes the need for improved models that can account for these complexities to enhance the accuracy of predictions and experimental outcomes.","The modeling of complex systems presents several common challenges, particularly regarding the effects of measurement errors, phase shifts, and the behavior of dislocations. Measurement errors can significantly impact the accuracy of empirical studies and the interpretation of data, leading to uncertainties in model predictions. Phase shifts, especially in dynamic systems, can complicate the understanding of transitions and critical phenomena, as they may not align with theoretical expectations. Additionally, the behavior of dislocations in disordered elastic systems introduces complexities in understanding material responses under external forces, particularly near critical points like depinning. These factors collectively contribute to the difficulties in developing robust models that accurately reflect the underlying physics of complex systems.","['Statistical Physics Approaches to Seismicity This entry in the Encyclopedia of Complexity and Systems Science, Springer present a summary of some of the concepts and calculational tools that have been developed in attempts to apply statistical physics approaches to seismology. We summarize the leading theoretical physical models of the space-time organization of earthquakes. We present a general discussion and several examples of the new metrics proposed by statistical physicists, underlining their strengths and weaknesses. The entry concludes by briefly outlining future directions. The presentation is organized as follows. I Glossary II Definition and Importance of the Subject III Introduction IV Concepts and Calculational Tools IV.1 Renormalization, Scaling and the Role of Small Earthquakes in Models of Triggered Seismicity IV.2 Universality IV.3 Intermittent Periodicity and Chaos IV.4 Turbulence IV.5 Self-Organized Criticality V Competing mechanisms and models V.1 Roots of complexity in seismicity: dynamics or heterogeneity? V.2 Critical earthquakes V.3 Spinodal decomposition V.4 Dynamics, stress interaction and thermal fluctuation effects VI Empirical studies of seismicity inspired by statistical physics VI.1 Early successes and latter subsequent challenges VI.2 Entropy method for the distribution of time intervals between mainshocks VI.3 Scaling of the PDF of Waiting Times VI.4 Scaling of the PDF of Distances Between Subsequent Earthquakes VI.5 The Network Approach VII Future Directions', 'Thermal Effects in the dynamics of disordered elastic systems Many seemingly different macroscopic systems (magnets, ferroelectrics, CDW, vortices,..) can be described as generic disordered elastic systems. Understanding their static and dynamics thus poses challenging problems both from the point of view of fundamental physics and of practical applications. Despite important progress many questions remain open. In particular the temperature has drastic effects on the way these systems respond to an external force. We address here the important question of the thermal effect close to depinning, and whether these effects can be understood in the analogy with standard critical phenomena, analogy so useful to understand the zero temperature case. We show that close to the depinning force temperature leads to a rounding of the depinning transition and compute the corresponding exponent. In addition, using a novel algorithm it is possible to study precisely the behavior close to depinning, and to show that the commonly accepted analogy of the depinning with a critical phenomenon does not fully hold, since no divergent lengthscale exists in the steady state properties of the line below the depinning threshold.', ""Collective Electron Dynamics in Metallic and Semiconductor Nanostructures Understanding the electron dynamics and transport in metallic and semiconductor nanostructures -- such as metallic nanoparticles, thin films, quantum wells and quantum dots -- represents a considerable challenge for today's condensed matter physics, both fundamental and applied. In this review article, we will describe the collective electron dynamics in metallic and semiconductor nanostructures using different, but complementary, approaches. For small excitations (linear regime), the spectral properties can be investigated via quantum mean-field models of the TDLDA type (time-dependent local density approximation), generalized to account for a finite electron temperature. In order to explore the nonlinear regime (strong excitations), we will adopt a phase-space approach that relies on the resolution of kinetic equations in the classical phase space (Vlasov and Wigner equations). The phase-space approach provides a useful link between the classical and quantum dynamics and is well suited to model effects beyond the mean field approximation (electron-electron and electron-phonon collisions). We will also develop a quantum hydrodynamic model, based on velocity moments of the corresponding Wigner distribution function: this approach should lead to considerable gains in computing time in comparison with simulations based on conventional methods, such as density functional theory (DFT). Finally, the magnetization (spin) dynamics will also be addressed.""]",descriptive,0.2727272727272727,0.7521263005860829,0.0,aggregate_cross_paper,"['astro-ph', 'cond-mat', 'physics', 'quant-ph']"
arxiv_agg_004,What are the common themes and limitations regarding the treatment of dynamical systems and gauge fields in the context of quantum mechanics and general relativity as discussed in the provided papers?,"The papers highlight several common themes and limitations in the treatment of dynamical systems and gauge fields. Paper 2 discusses the limitations of separating gauge fields from wave fields in quantum mechanics, emphasizing the need for a unified approach to understand elementary particles and entangled states. Paper 3 addresses the limitations of existing supergravity theories in describing attractor solutions, particularly noting the absence of a higher-dimensional uplift for certain theories. Paper 4 explores the challenges in modeling cosmological dynamics with anisotropic dark energy, pointing out the complexities in achieving isotropization and the implications for cosmic microwave background anisotropy. Together, these papers suggest that a more integrated framework is necessary to address the complexities of dynamical systems across quantum and cosmological scales.","The common themes regarding the treatment of dynamical systems and gauge fields in the context of quantum mechanics and general relativity include the exploration of quantum gravity through various theoretical frameworks, such as the canonical 3+1 Dirac-ADM approach and the extended phase space approach to Quantum Geometrodynamics. These frameworks emphasize the importance of understanding the topology of the Universe, the absence of asymptotic states, and the challenges posed by parametrization noninvariance and the problem of time.

Limitations identified in these discussions involve the complexity of establishing a clear dynamical evolution within the quantum framework, particularly in the absence of a well-defined reference frame. Issues related to the structure of Hilbert space in Quantum Geometrodynamics and the relationships between different solutions for the wave function of the Universe also present challenges. Additionally, the transition to a classical limit remains a significant hurdle, as does the need for a medium to fix a reference frame, which complicates the description of quantum systems in a coherent manner.","[""Quantum gravity as the way from spacetime to space quantum states thermodynamics Physical spacetime geometry follows from some effective thermodynamics of quantum states of all fields and particles described in frames of General Relativity. In the sense of pure field theoretical Einstein's point of view on gravitation the thermodynamic information is actually quantum gravity. We propose new realization of this old idea by studying the canonical 3+1 Dirac-ADM approach to pseudo-Riemannian (Lorentzian) manifold of General Relativity. We derive the Wheeler-DeWitt theory as the Global One-Dimensional classical field theory of the Bose field associated with embedded 3-space, where Wheeler's superspace metric is absent. The classical theory is discussed, some deductions on tachyon state, Dark Energy density and cosmological constant are included. Reduction to 1st order evolution is carried out, and quantum theory by the second quantization in the Fock space of creators and annihilators is constructed by employing the Heisenberg equation and the bosonic Bogoliubov transformation for diagonalization. In result we find the static reper with stable vacuum, where quantum states of 3-space can be considered, and finally space quantum states thermodynamics is formulated."", 'The ""extended phase space"" approach to quantum geometrodynamics: what can it give for the development of quantum gravity? The talk is devoted to the ""extended phase space"" approach to Quantum Geometrodynamics. The premises that have led to the formulation of this approach are briefly reviewed, namely, non-trivial topology of the Universe which implies the absence of asymptotic states, in contrast to situations one usually deals in ordinary quantum field theory; parametrization noninvariance in the Wheeler - DeWitt theory; the problem of time and the absence of dynamical evolution. Then we discuss the main features of the approach: Hamiltonian dynamics in extended phase space, gauge-dependent Schrodinger equation for the wave function of the Universe, the description of quantum Universe from the viewpoint of observers in a wide enough class of reference frames. After all, we analyse problems arising in this approach: the structure of Hilbert space in Quantum Geometrodynamics, the relations between solutions for the wave function of the Universe corresponding to various reference frames, properties of a medium to be necessary to fix a reference frame, the transition to classical limit.', 'Global One-Dimensionality conjecture within Quantum General Relativity The simple quantum gravity model, based on a new conjecture within the canonically quantized 3+1 general relativity, is presented. The conjecture states that matter fields are functionals of an embedding volume form only, and reduces the quantum geometrodynamics. By dimensional reduction the resulting theory is presented in the form of the Dirac equation, and application of the Fock quantization with the diagonalization procedure yields construction of the appropriate quantum field theory. The 1D wave function is derived, the corresponding 3-dimensional manifolds are discussed, and physical scales are associated with quantum correlations.']",descriptive,1.0,0.9448603267871333,1.0,aggregate_cross_paper,"['gr-qc', 'hep-th', 'math', 'nlin', 'physics']"
arxiv_agg_005,"What are the common themes regarding the stability and structure of materials or mediums discussed in the provided papers, and how do these themes relate to the methodologies used in their respective studies?","The common themes regarding stability and structure across the papers include the examination of instabilities and structural variations in different mediums, such as the intracluster medium in galaxy clusters (Paper 1 and Paper 4) and the electronic structure of materials like ZnO (Paper 3). Both Papers 1 and 4 discuss the thermal structure and stability of the intracluster medium, highlighting the effects of magnetic fields and temperature variations on stability. Meanwhile, Paper 3 focuses on the band structure of ZnO, emphasizing the importance of anisotropic properties in understanding its electronic behavior. The methodologies used include MHD simulations in Paper 1, spectral mapping algorithms in Paper 4, and resonant x-ray emission spectroscopy in Paper 3, showcasing a range of approaches from computational simulations to experimental techniques to analyze stability and structural characteristics.","The common themes regarding stability and structure in the discussed papers revolve around the interactions and arrangements of different components within materials, particularly in complex systems like colloid-stabilized emulsions, nuclear matter, and oxide glasses. 

In the first paper, the stability of fluid-bicontinuous gels is achieved through the jamming of colloids at interfaces during phase separation, highlighting the importance of interfacial properties in determining the structure of the material. The methodologies employed include manipulating the phase separation process and utilizing composite materials to create unique properties.

The second paper focuses on the thermodynamic properties of nuclei, examining how various forces affect stability and phase transitions in two-component systems. The methodology involves a mean field model with a Skryme interaction, which allows for the exploration of stability under different conditions, including velocity-dependent forces.

The third paper discusses the structure and dynamics of oxide melts and glasses, utilizing Solid State NMR techniques to investigate local structures and molecular motifs. This approach provides insights into the stability of these materials by characterizing their coordination states and structural features.

Overall, the methodologies across these studies emphasize the significance of interactions—whether at the molecular level in glasses, at the interface in emulsions, or within nuclear matter—demonstrating how these interactions influence the stability and structural characteristics of the materials.","['Fluid-bicontinuous gels stabilized by interfacial colloids: low and high molecular weight fluids Carefully tuned composite materials can have properties wholly unlike their separate constituents. We review the development of one example: colloid-stabilized emulsions with bicontinuous liquid domains. These non-equilibrium structures resemble the sponge mesophase of surfactants; however, in the colloid-stabilized case the interface separating the liquid domains is itself semi-solid. The arrangement of domains is created by arresting liquid-liquid phase separation via spinodal decomposition. Dispersed colloids exhibiting partial wettability become trapped on the newly created interface and jam together as the domains coarsen. Similar structures have been created in polymer blends stabilized using either interfacial nanoparticles or clay platelets. Here it has been possible to create the domain arrangement either by phase separation or by direct mixing of the melt. The low molecular-weight liquid and polymer based structures have been developed independently and much can be learnt by comparing the two.', 'Nuclear Chemical and Mechanical Instability and the Liquid-Gas Phase Transition in Nuclei The thermodynamic properties of nuclei are studied in a mean field model using a Skryme interaction. Properties of two component systems are investigated over the complete range of proton fraction from a system of pure neutrons to a system of only protons. Besides volume, symmetry, and Coulomb effects we also include momentum or velocity dependent forces. Applications of the results developed are then given which include nuclear mechanical and chemical instability and an associated liquid/gas phase transition in two component systems. The velocity dependence leads to further changes in the coexistence curve and nuclear mechanical and chemical instability curves.', 'Structure and dynamics of Oxide Melts and Glasses : a view from multinuclear and high temperature NMR Solid State Nuclear Magnetic Resonance (NMR) experiments allow characterizing the local structure and dynamics of oxide glasses and melts. Thanks to the development of new experiments, it now becomes possible to evidence not only the details of the coordination state of the network formers of glasses but also to characterize the nature of polyatomic molecular motifs extending over several chemical bonds. We present results involving 31P homonuclear experiments that allow description of groups of up to three phosphate units and 27Al/17O heteronuclear that allows evidencing &#956;3 oxygen bridges in aluminate glasses and rediscussion of the structure of high temperature melts.']",descriptive,1.0,0.8030239531831739,1.0,aggregate_cross_paper,"['astro-ph', 'cond-mat', 'quant-ph']"
arxiv_agg_006,"What are the common limitations in modeling and analyzing physical systems as discussed in the studies of sedimentation of active particles, protoplanetary disks, and the presence of PAHs in comets?","The studies highlight several common limitations, including the challenges in accurately representing complex physical behaviors, such as phase transitions in sedimentation, discrepancies in gas and dust emission models in protoplanetary disks, and the difficulty in detecting and confirming the presence of PAHs in comets. Each paper emphasizes the inadequacy of simplistic models, whether in capturing the dynamics of sedimenting particles, the structural characteristics of circumstellar disks, or the chemical composition of cometary materials, suggesting that more sophisticated models are necessary to achieve consistency with observed phenomena.","The studies highlight several common limitations in modeling and analyzing physical systems. One significant limitation is the complexity of interactions within the systems, such as the aggregation and fragmentation processes in dust particles, which require sophisticated algorithms to accurately represent these dynamics. Additionally, the need for effective modeling of particle behavior in varying environments, like protoplanetary disks and cometary nuclei, poses challenges due to the diverse properties of particles and their interactions with surrounding media.

Another limitation is the reliance on simplified assumptions, such as treating a limited number of representative particles to model a much larger population, which may not capture all the nuances of particle interactions. Furthermore, the effects of external factors, such as gas flow and gravitational influences from nearby bodies, complicate the analysis and require careful consideration to ensure accurate predictions.

Lastly, the integration of observational data with theoretical models can be challenging, as discrepancies may arise between model predictions and actual observations, necessitating continuous refinement of the models to align with empirical evidence.","['PAHs in Comets: An Overview Polycyclic aromatic hydrocarbon (PAH) molecules, ubiquitously seen in the interstellar medium (ISM) of our own and external galaxies, might have been incorporated into comets if they are formed from relatively unprocessed interstellar matter. The detection of PAHs in comets would be an important link between the ISM and comets. This review compiles our current knowledge on cometary PAHs, based on ground-based and space-borne observations of infrared vibrational and ultraviolet fluorescence spectra of comets, and laboratory analysis of interplanetary dust particles possibly of cometary origin and cometary samples returned to Earth by the Stardust spacecraft. The latter provided the most unambiguous evidence for the presence of PAHs in cometary nuclei.', ""A representative particle approach to coagulation and fragmentation of dust aggregates and fluid droplets Context: There is increasing need for good algorithms for modeling the aggregation and fragmentation of solid particles (dust grains, dust aggregates, boulders) in various astrophysical settings, including protoplanetary disks, planetary- and sub-stellar atmospheres and dense molecular cloud cores. Here we describe a new algorithm that combines advantages of various standard methods into one. Aims: The aim is to develop a method that 1) can solve for aggregation and fragmentation, 2) can easily include the effect and evolution of grain properties such as compactness, composition, etc., and 3) can be built as a coagulation/fragmentation module into a hydrodynamics simulations. Methods: We develop a Monte-Carlo method in which we follow the 'life' of a limited number of representative particles. Each of these particles is associated with a certain fraction of the total dust mass and thereby represents a large number of true particles which all are assumed to have the same properties as their representative particle. Under the assumption that the total number of true particles vastly exceeds the number of representative particles, the chance of a representative particle colliding with another representative particle is negligibly small, and we therefore ignore this possibility. This now makes it possible to employ a statistical approach to the evolution of the representative particles. Results: The method reproduces the known analytic solutions of simplified coagulation kernels, and compares well to numerical results for Brownian motion using other methods. For reasonably well-behaved kernels it produces good results even for moderate number of swarms."", ""Orbital Evolution of a Particle Interacting with a Single Planet in a Protoplanetary Disk We investigate the motion of a particle around a low mass planet embedded in a non-turbulent gaseous disk. We take into account the effect of the gas structure that is modified by the gravitational interaction between the planet. We derive an analytic formula that describes the change of the semi-major axis of the particle due to the encounter with the planet using local approximation in distant encounter regime. Our final formula includes the effects of steady, axisymmetric radial gas flow, the global gas pressure gradient in the disk, planet gravity, and the structure of the gas flow modified by the planet's gravity. We compare the analytic results with numerical calculations, and indicate that our formula well describes the secular evolution of the dust particles' semi-major axes well, especially for small particles with large drag coefficient. We discuss the conditions for dust gap opening around a low mass planet and radial distribution of dust particles. Our formula may provide a useful tool for calculating radial distribution of particles in a disk around the planet.""]",descriptive,0.35714285714285715,0.7029538663047005,0.5,aggregate_cross_paper,"['astro-ph', 'cond-mat', 'cs', 'math']"
arxiv_agg_007,"What are the common challenges faced in understanding the formation and characteristics of galaxies as discussed in the provided papers, and how do these challenges relate to the observed properties of pseudobulges and the merger rates of early-type galaxies?","The common challenges include the difficulty in distinguishing between pseudobulges and true bulges due to their similar appearances, as highlighted in Paper 2, and the issue of understanding how bulgeless galaxies can form in a hierarchical clustering model, which is also mentioned in Paper 2. Additionally, Paper 3 discusses the challenges in estimating the merger rates of early-type galaxies and the implications for supermassive black hole coalescence, which ties into the broader understanding of galaxy evolution. These challenges collectively point to the complexities in galaxy formation processes and the need for further research to reconcile observational data with theoretical models.","Understanding the formation and characteristics of galaxies presents several challenges, particularly in distinguishing between classical bulges and pseudobulges. One significant issue is the recognition of pseudobulges, which are often mistaken for classical bulges due to their dense central components that arise from internal processes rather than mergers. This misidentification complicates the understanding of galaxy evolution, especially in the context of hierarchical clustering theories that suggest galaxies form through mergers.

Another challenge is the observed properties of pseudobulges, which typically exhibit lower Sersic index values (n ≤ 2) compared to classical bulges (n > 2). This distinction is crucial for understanding the structural differences and formation mechanisms of these components. Additionally, the presence of cold, rapidly rotating disky structures in many pseudobulges raises questions about how such features can exist in a framework that traditionally emphasizes merger-driven formation.

The relationship between these challenges and the merger rates of early-type galaxies is significant. The existence of numerous pure disk galaxies with no evidence of merger-built bulges suggests that the current models of galaxy formation may need to be reevaluated. The findings indicate that internal secular evolution plays a critical role in shaping galaxies, which may not align with the expected outcomes of hierarchical clustering models that emphasize mergers as the primary formation mechanism for bulges. This discrepancy highlights the need for a deeper understanding of the processes that govern galaxy evolution, particularly in the context of pseudobulge formation and the overall dynamics of galaxy disks.","['On classical and pseudobulges: The nature of bulges of early-type spirals Historically, galactic bulges are thought to be elliptical galaxy-like objects sitting in the middle of a generally larger disk. There are, however, more and more claims that some bulges are much more similar to disks. John Kormendy has named these bulges pseudo-bulges. In this paper I discuss some recent integral field spectroscopy of the SAURON collaboration on a sample of 24 Sa and Sab galaxies. Using their 2-dimensional maps of the stellar velocity, velocity dispersion, and absorption line strength, it is now much easier to understand the nature of nearby galactic bulges. I review several aspects of bulges, namely the surface photometry, stellar kinematics, stellar populations, presence of interstellar matter, and their behavior in the fundamental plane of early-type galaxies.', 'Secular Evolution in Disk Galaxies: Pseudobulge Growth and the Formation of Spheroidal Galaxies Updating Kormendy & Kennicutt (2004, ARAA, 42, 603), we review internal secular evolution of galaxy disks. One consequence is the growth of pseudobulges that often are mistaken for true (merger-built) bulges. Many pseudobulges are recognizable as cold, rapidly rotating, disky structures. Bulges have Sersic function brightness profiles with index n > 2; most pseudobulges have n <= 2. Recognition of pseudobulges makes the biggest problem with cold dark matter galaxy formation more acute: How can hierarchical clustering make so many pure disk galaxies with no evidence for merger-built bulges? E. g., the giant Scd galaxies M101 and NGC 6946 have rotation velocities of V ~ 200 km/s but nuclear star clusters with velocity dispersions of 25 to 40 km/s. Within 8 Mpc of us, 11 of 19 galaxies with V > 150 km/s show no evidence for a classical bulge, while only 7 are ellipticals or have classical bulges. It is hard to understand how bulgeless galaxies could form as the quiescent tail of a distribution of merger histories. Our second theme is environmental secular evolution. We confirm that spheroidal galaxies have fundamental plane (FP) correlations that are almost perpendicular to those for bulges and ellipticals. Spheroidals are not dwarf ellipticals. Rather, their structural parameters are similar to those of late-type galaxies. We suggest that spheroidals are defunct late-type galaxies transformed by internal processes such as supernova-driven gas ejection and environmental processes such as secular harassment and ram-pressure stripping. Minus spheroidals, the FP of ellipticals and bulges has small scatter. With respect to these, pseudobulges are larger and less dense.', 'Internal Secular Evolution in Disk Galaxies: The Growth of Pseudobulges Observational and theoretical evidence that internal, slow (""secular"") evolution reshapes galaxy disks is reviewed in Kormendy & Kennicutt (2004, ARAA, 42, 603). This update has three aims. First, I emphasize that this evolution is very general -- it is as fundamental to the evolution of galaxy disks as (e.g.) core collapse is to globular clusters, as the production of hot Jupiters is to the evolution of protoplanetary disks, and as evolution to red giants containing proto-white-dwarfs is to stellar evolution. One consequence for disk galaxies is the buildup of dense central components that get mistaken for classical (i.e., merger-built) bulges but that were grown out of disk stars and gas. We call these pseudobulges. Second, I review new results on pseudobulge star formation and structure and on the distinction between boxy and disky pseudobulges. Finally, I highlight how these results make a galaxy formation problem more acute. How can hierarchical clustering produce so many pure disk galaxies with no evidence for merger-built bulges?']",descriptive,1.0,0.8288938785707152,1.0,aggregate_cross_paper,"['astro-ph', 'cond-mat', 'math']"
arxiv_agg_008,"What are the common themes in the approaches to quantum systems and their limitations as discussed in the provided papers, particularly focusing on the methodologies for analyzing coherence, noise, and decoherence in quantum systems?","The papers highlight several common themes in the analysis of quantum systems, particularly the interplay between coherence and decoherence. Paper 1 discusses a numerical approach for open quantum systems that allows for efficient calculations of dissipative dynamics, emphasizing the importance of accurately representing bath degrees of freedom. Paper 2 explores the relationship between quantum coherence and noise in electrically driven nano-structures, demonstrating how admittance and noise are affected by quantum phase coherence. Paper 5 examines the coherence of a Josephson phase qubit under partial-collapse measurement, identifying conditions under which coherence can be maintained despite competing decoherence processes. A recurring limitation across these studies is the challenge of accurately modeling the effects of decoherence and noise, which can complicate the understanding of quantum behavior in practical systems.","The common themes in the approaches to quantum systems revolve around the analysis of coherence, noise, and decoherence, highlighting the challenges posed by environmental interactions. One significant aspect is the manifestation of quantum decoherence through various mechanisms such as dephasing, entanglement with the environment, and the revelation of ""which-path"" information. The methodologies employed include the use of stochastic differential equations to model noise in quantum circuits, which allows for the representation of Markovian noise as linear operators, termed noise gates. This approach simplifies the computation of noise effects and facilitates numerical simulations.

Another theme is the examination of open quantum systems, particularly the interaction of harmonic oscillators with thermal baths, which leads to significant decoherence over time. The analysis of decoherence time reveals its correlation with the onset of thermal fluctuations. Additionally, the exploration of asymptotic entanglement in systems interacting with a common environment demonstrates how non-interacting systems can develop quantum correlations in the long-time regime.

Limitations arise from the complexity of accurately modeling non-Markovian noise and the challenges in observing recoherence effects in practical experiments. The methodologies, while effective, may require further refinement to address these complexities and enhance the understanding of quantum coherence in various contexts.","['Decoherence and Recoherence in Model Quantum Systems We discuss the various manifestations of quantum decoherence in the forms of dephasing, entanglement with the environment, and revelation of ""which-path"" information. As a specific example, we consider an electron interference experiment. The coupling of the coherent electrons to the quantized electromagnetic field illustrates all of these versions of decoherence. This decoherence has two equivalent interpretations, in terms of photon emission or in terms of Aharonov-Bohm phase fluctuations. We consider the case when the coherent electrons are coupled to photons in a squeezed vacuum state. The time-averaged result is increased decoherence. However, if only electrons which are emitted during selected periods are counted, the decoherence can be suppressed below the level for the photon vacuum. This is the phenomenon of recoherence. This effect is closely related to the quantum violations of the weak energy condition, and is restricted by similar inequalities. We give some estimates of the magnitude of the recoherence effect and discuss prospects for observing it in an electron interferometry experiment.', 'Noise gates for decoherent quantum circuits A major problem in exploiting microscopic systems for developing a new technology based on the principles of Quantum Information is the influence of noise which tends to work against the quantum features of such systems. It becomes then crucial to understand how noise affects the evolution of quantum circuits: several techniques have been proposed among which stochastic differential equations (SDEs) can represent a very convenient tool. We show how SDEs naturally map any Markovian noise into a linear operator, which we will call a noise gate, acting on the wave function describing the state of the circuit, and we will discuss some examples. We shall see that these gates can be manipulated like any standard quantum gate, thus simplifying in certain circumstances the task of computing the overall effect of the noise at each stage of the protocol. This approach yields equivalent results to those derived from the Lindblad equation; yet, as we show, it represents a handy and fast tool for performing computations, and moreover, it allows for fast numerical simulations and generalizations to non Markovian noise. In detail we review the depolarizing channel and the generalized amplitude damping channel in terms of this noise gate formalism and show how these techniques can be applied to any quantum circuit.', 'Decoherence and asymptotic entanglement in open quantum dynamics In the framework of the theory of open systems based on completely positive quantum dynamical semigroups, we determine the degree of quantum decoherence of a harmonic oscillator interacting with a thermal bath. It is found that the system manifests a quantum decoherence which is more and more significant in time. We also calculate the decoherence time and show that it has the same scale as the time after which thermal fluctuations become comparable with quantum fluctuations. Then we solve the master equation for two independent harmonic oscillators interacting with an environment in the asymptotic long-time regime. We give a description of the continuous-variable asymptotic entanglement in terms of the covariance matrix of the quantum states of the considered system for an arbitrary Gaussian input state. Using the Peres-Simon necessary and sufficient condition for separability of two-mode Gaussian states, we show that the two non-interacting systems immersed in a common environment become asymptotically entangled for certain environments, so that in the long-time regime they manifest non-local quantum correlations.']",descriptive,1.0,0.7705484181301027,1.0,aggregate_cross_paper,"['cond-mat', 'cs', 'math']"
arxiv_agg_009,"What are the common themes regarding the role of information in biological systems, mathematical structures, and computational models as discussed in the provided papers?","The papers highlight the importance of information in various contexts: Paper 1 discusses how internal information in organisms affects growth rates, suggesting that evolutionary processes select for efficient information-carrying mechanisms. Paper 4 emphasizes that certain quantum states, specifically generalized n-qubit Greenberger-Horne-Zeilinger states, contain unique information at the multi-party level, illustrating a different aspect of information in quantum systems. Meanwhile, Paper 5 presents the FILOU oscillation code, which utilizes information about oscillation frequencies to interpret space data, showcasing how computational models leverage information for practical applications. Together, these papers illustrate that information is a critical factor in biological growth, quantum state characterization, and computational modeling.","The common themes regarding the role of information in biological systems, mathematical structures, and computational models include the complexity of interactions within biological systems and the challenges of accurately modeling these interactions. The papers highlight the use of computational approaches, such as systems-level modeling and optimization algorithms inspired by natural systems, to address problems in understanding biological phenomena. 

Additionally, there is an emphasis on the limitations of traditional methods in capturing the full scope of interactions, suggesting that alternative strategies, like pairwise models, may offer insights but have constraints based on the size of the systems being studied. The exploration of how information is structured and processed within these models reflects a broader understanding of the dynamics at play in complex biological systems. Overall, the integration of computational techniques and mathematical frameworks is crucial for advancing knowledge in this field.","['Hierarchies of Biocomplexity: modeling lifes energetic complexity In this paper, a model for understanding the effects of selection using systems- level computational approaches is introduced. A number of concepts and principles essential for understanding the motivation for constructing the model will be introduced first. This will be followed by a description of parameters, measurements, and graphical representations used in the model. Four possible outcomes for this model are then introduced and described. In addition, the relationship of relative fitness to selection is described. Finally, the consequences and potential lessons learned from the model are discussed.', 'Problem Solving and Complex Systems The observation and modeling of natural Complex Systems (CSs) like the human nervous system, the evolution or the weather, allows the definition of special abilities and models reusable to solve other problems. For instance, Genetic Algorithms or Ant Colony Optimizations are inspired from natural CSs to solve optimization problems. This paper proposes the use of ant-based systems to solve various problems with a non assessing approach. This means that solutions to some problem are not evaluated. They appear as resultant structures from the activity of the system. Problems are modeled with graphs and such structures are observed directly on these graphs. Problems of Multiple Sequences Alignment and Natural Language Processing are addressed with this approach.', ""Pairwise maximum entropy models for studying large biological systems: when they can and when they can't work One of the most critical problems we face in the study of biological systems is building accurate statistical descriptions of them. This problem has been particularly challenging because biological systems typically contain large numbers of interacting elements, which precludes the use of standard brute force approaches. Recently, though, several groups have reported that there may be an alternate strategy. The reports show that reliable statistical models can be built without knowledge of all the interactions in a system; instead, pairwise interactions can suffice. These findings, however, are based on the analysis of small subsystems. Here we ask whether the observations will generalize to systems of realistic size, that is, whether pairwise models will provide reliable descriptions of true biological systems. Our results show that, in most cases, they will not. The reason is that there is a crossover in the predictive power of pairwise models: If the size of the subsystem is below the crossover point, then the results have no predictive power for large systems. If the size is above the crossover point, the results do have predictive power. This work thus provides a general framework for determining the extent to which pairwise models can be used to predict the behavior of whole biological systems. Applied to neural data, the size of most systems studied so far is below the crossover point.""]",descriptive,0.7777777777777778,0.8941007069199164,0.5,aggregate_cross_paper,"['astro-ph', 'math', 'q-bio', 'quant-ph']"
arxiv_agg_010,"What are the common themes and methodologies discussed in the context of black hole physics and quantum theory across the provided papers, particularly focusing on the implications for information retrieval and particle emission?","The papers discuss the interplay between black hole physics and quantum theory, particularly in the context of Hawking radiation and the representation of information. Paper 4 examines the emission of particles from rotating brane black holes, emphasizing the impact of extra dimensions and angular velocity on particle spectra. Paper 5 builds on this by exploring higher derivative corrections to black brane metrics, which can influence the properties of black hole emissions. Meanwhile, Paper 3 draws an analogy between quantum state representation and document representation in information retrieval, suggesting that the measurement process can alter the information, akin to how observing a quantum state can change it. Together, these works highlight the significance of quantum effects in understanding black hole behavior and the potential for applying quantum principles to enhance information retrieval systems.","The discussions across the provided papers highlight several common themes and methodologies in the intersection of black hole physics and quantum theory. A central theme is the transition from classical to quantum regimes, particularly during the formation of black hole horizons, which allows for phenomena such as spontaneous particle-antiparticle pair creation. This transition is crucial for understanding the mechanisms behind Hawking radiation, where particles are emitted due to fluctuations near the event horizon.

Methodologically, the analysis of pair production in various contexts, such as external electric fields and accelerated detectors, serves as a foundation for exploring black hole evaporation. The papers emphasize the significance of the semiclassical theory in deriving key equations related to black hole mass loss and thermodynamics, while also addressing its limitations, particularly concerning the nature of quantum fluctuations and their implications for information retrieval.

Additionally, the exploration of Hawking radiation from rotating brane black holes introduces the impact of extra dimensions and angular momentum on particle emission spectra, which is relevant for experimental simulations, such as those at the LHC. Overall, these works collectively underscore the complex interplay between classical and quantum descriptions in understanding black hole behavior and the fundamental principles governing particle emission and information dynamics.","[""A Primer for Black Hole Quantum Physics The mechanisms which give rise to Hawking radiation are revealed by analyzing in detail pair production in the presence of horizons. In preparation for the black hole problem, three preparatory problems are dwelt with at length: pair production in an external electric field, thermalization of a uniformly accelerated detector and accelerated mirrors. In the light of these examples, the black hole evaporation problem is then presented. The leitmotif is the singular behavior of modes on the horizon which gives rise to a steady rate of production. Special emphasis is put on how each produced particle contributes to the mean albeit arising from a particular vacuum fluctuation. It is the mean which drives the semiclassical back reaction. This aspect is analyzed in more detail than heretofore and in particular its drawbacks are emphasized. It is the semiclassical theory which gives rise to Hawking's famous equation for the loss of mass of the black hole due to evaporation $dM/dt \\simeq -1/M^2$. Black hole thermodynamics is derived from the evaporation process whereupon the reservoir character of the black hole is manifest. The relation to the thermodynamics of the eternal black hole through the Hartle--Hawking vacuum and the Killing identity are displayed. It is through the analysis of the fluctuations of the field configurations which give rise to a particular Hawking photon that the dubious character of the semiclassical theory is manifest. The present frontier of research revolves around this problem and is principally concerned with the fact that one calls upon energy scales that are greater than Planckian and the possibility of a non unitary evolution as well. These last subjects are presented in qualitative fashion only, so that this review stops at the threshold of quantum gravity."", 'Black holes: interfacing the classical and the quantum The central idea advocated in this paper is that {forming the black hole horizon is attended with transition from the classical regime of evolution to the quantum one}. We justify the following criterion for discriminating between the classical and the quantum: {spontaneous creations and annihilations of particle-antiparticle pairs are impossible in the classical world but possible in the quantum world}. We show that it is sufficient to {change the overall sign of the spacetime signature in the classical picture of field propagation for it to be treated as its associated quantum picture}. To describe a self-gravitating object at the last stage of its classical evolution, we propose to use the Foldy--Wouthuysen representation of the Dirac equation in curved spacetimes, and the Gozzi classical path integral. In both approaches, maintaining the dynamics in the classical regime is controlled by supersymmetry.', 'Hawking radiation from rotating brane black holes We review recent work on the Hawking radiation of rotating brane black holes, as may be produced at the LHC. We outline the methodology for calculating the fluxes of particles, energy and angular momentum by spin-0, spin-1/2 and spin-1 quantum fields on the brane. We briefly review some of the key features of the emission, in particular the changes in the spectra as the number of extra dimensions or the angular velocity of the black hole increases. These quantities will be useful for accurate simulations of black hole events at the LHC.']",descriptive,0.7857142857142857,0.8432192044128763,1.0,aggregate_cross_paper,"['astro-ph', 'cs', 'hep-th', 'math']"
arxiv_agg_011,"What are the common themes regarding the application of asymptotic behavior in different fields as discussed in the provided papers, particularly in relation to Takacs' theorem, galaxy mergers, neutron star viscosity, supersymmetry breaking, and MIMO-SDMA systems?","The papers highlight the application of asymptotic behavior across various fields, such as queueing theory and telecommunications in the context of Takacs' theorem, which addresses the asymptotic behavior of probabilities. Similarly, the study of galaxy mergers discusses trends in brightness profiles that evolve over time, reflecting asymptotic changes in properties. In neutron star research, the viscosity's dependence on density can be analyzed asymptotically to understand gravitational wave emissions. Supersymmetry breaking models also exhibit asymptotic characteristics in their mass spectrum based on the dynamics of R-symmetry breaking. Lastly, the MIMO-SDMA systems leverage asymptotic analysis to derive throughput scaling laws. Thus, the synthesis across these papers shows that asymptotic behavior is a crucial concept for understanding complex systems in diverse scientific domains.","The common themes regarding the application of asymptotic behavior in the discussed papers focus on the analysis of limiting behaviors and growth rates in various mathematical and applied contexts. In the case of Takacs' theorem, the asymptotic behavior of the sequence \( Q_k \) is explored, particularly in relation to queueing theory, telecommunication systems, and dam applications. This highlights how asymptotic results can inform the performance and reliability of systems under certain conditions.

In other fields, such as galaxy mergers and neutron star viscosity, asymptotic behavior may be used to understand the dynamics and stability of complex systems over time, particularly as they approach certain limits or thresholds. Similarly, in the context of supersymmetry breaking, asymptotic analysis can provide insights into the behavior of physical systems as parameters change, leading to a deeper understanding of fundamental interactions.

In MIMO-SDMA systems, asymptotic behavior is crucial for analyzing the performance of communication systems as the number of antennas increases, allowing for the derivation of capacity limits and efficiency metrics. Overall, the application of asymptotic behavior serves as a powerful tool across these diverse fields, enabling researchers to draw connections between theoretical results and practical implications in complex systems.","[""Takacs' asymptotic theorem and its applications: A survey The book of Lajos Tak\\'acs \\emph{Combinatorial Methods in the Theory of Stochastic Processes} has been published in 1967. It discusses various problems associated with $$ P_{k,i}=\\mathrm{P}{\\sup_{1\\leq n\\leq\\rho(i)}(N_n-n)<k-i},\\leqno(*) $$ where $N_n=\\nu_1+\\nu_2...+\\nu_n$ is a sum of mutually independent, nonnegative integer and identically distributed random variables, $\\pi_j=\\mathrm{P}\\{\\nu_k=j\\}$, $j\\geq0$, $\\pi_0>0$, and $\\rho(i)$ is the smallest $n$ such that $N_n=n-i$, $i\\geq1$. (If there is no such $n$, then $\\rho(i)=\\infty$.) (*) is a discrete generalization of the classic ruin probability, and its value is represented as $P_{k,i}={Q_{k-i}}/{Q_k}$, where the sequence $\\{Q_k\\}_{k\\geq0}$ satisfies the recurrence relation of convolution type: $Q_0\\neq0$ and $Q_k=\\sum_{j=0}^k\\pi_jQ_{k-j+1}$. Since 1967 there have been many papers related to applications of the generalized classic ruin probability. The present survey concerns only with one of the areas of application associated with asymptotic behavior of $Q_k$ as $k\\to\\infty$. The theorem on asymptotic behavior of $Q_k$ as $k\\to\\infty$ and further properties of that limiting sequence are given on pages 22-23 of the aforementioned book by Tak\\'acs. In the present survey we discuss applications of Tak\\'acs' asymptotic theorem and other related results in queueing theory, telecommunication systems and dams. Many of the results presented in this survey have appeared recently, and some of them are new. In addition, further applications of Tak\\'acs' theorem are discussed."", ""Asymptotic behavior of Tor over complete intersections and applications Let $R$ be a local complete intersection and $M,N$ are $R$-modules such that $\\ell(\\Tor_i^R(M,N))<\\infty$ for $i\\gg 0$. Imitating an approach by Avramov and Buchweitz, we investigate the asymptotic behavior of $\\ell(\\Tor_i^R(M,N))$ using Eisenbud operators and show that they have well-behaved growth. We define and study a function $\\eta^R(M,N)$ which generalizes Serre's intersection multiplicity $\\chi^R(M,N)$ over regular local rings and Hochster's function $\\theta^R(M,N)$ over local hypersurfaces. We use good properties of $\\eta^R(M,N)$ to obtain various results on complexities of $\\Tor$ and $\\Ext$, vanishing of $\\Tor$, depth of tensor products, and dimensions of intersecting modules over local complete intersections."", 'Some particular self-interacting diffusions: Ergodic behaviour and almost sure convergence This paper deals with some self-interacting diffusions $(X_t,t\\geq 0)$ living on $\\mathbb{R}^d$. These diffusions are solutions to stochastic differential equations: \\[\\mathrm{d}X_t=\\mathrm{d}B_t-g(t)\\nabla V(X_t-\\bar{\\mu}_t)\\,\\mathrm{d}t,\\] where $\\bar{\\mu}_t$ is the empirical mean of the process $X$, $V$ is an asymptotically strictly convex potential and $g$ is a given function. We study the ergodic behaviour of $X$ and prove that it is strongly related to $g$. Actually, we show that $X$ is ergodic (in the limit quotient sense) if and only if $\\bar{\\mu}_t$ converges a.s. We also give some conditions (on $g$ and $V$) for the almost sure convergence of $X$.']",descriptive,0.3333333333333333,0.8225827152153627,0.0,aggregate_cross_paper,"['astro-ph', 'cs', 'hep-ph', 'math']"
arxiv_agg_012,"What are the common challenges faced in the detection and classification of astronomical objects as discussed in the first paper, and how do these challenges relate to the limitations in experimental setups mentioned in the second and fourth papers?","The first paper highlights the challenge of identifying optical counterparts for a significant portion of radio galaxies, with 16% having no identifiable counterpart. This difficulty in classification is compounded by the limitations in the experimental setups discussed in the second paper, where the measurement of focusing properties of high numerical aperture optics may affect the resolution and accuracy of astronomical imaging. Additionally, the fourth paper discusses the challenges in detecting specific Higgs particles due to their decay modes, which are not well searched for, indicating that similar issues of detection sensitivity and experimental design affect both astronomical observations and particle physics experiments.","The detection and classification of astronomical objects face several common challenges, particularly when dealing with very faint sources. One significant challenge is the ability to measure proper motions and parallaxes of sources that are too faint to be detected at any individual observation epoch. This requires sophisticated methods to fit models to multi-epoch data while accounting for noise and the point-spread function.

These challenges are closely related to limitations in experimental setups, as highlighted in the second and fourth papers. For instance, the second paper discusses the classification of variable stars using time series data, which can be affected by systematic errors and the need for robust classifiers to handle large datasets. Similarly, the fourth paper addresses the complexities of interferometric data analysis in next-generation radio observatories, where issues such as heterogeneous arrays and direction-dependent gains complicate the calibration process. Both scenarios emphasize the necessity for advanced techniques to accurately analyze and interpret data, ensuring reliable detection and classification of astronomical objects despite inherent observational limitations.","['Measuring the undetectable: Proper motions and parallaxes of very faint sources The near future of astrophysics involves many large solid-angle, multi-epoch, multi-band imaging surveys. These surveys will, at their faint limits, have data on large numbers of sources that are too faint to be detected at any individual epoch. Here we show that it is possible to measure in multi-epoch data not only the fluxes and positions, but also the parallaxes and proper motions of sources that are too faint to be detected at any individual epoch. The method involves fitting a model of a moving point source simultaneously to all imaging, taking account of the noise and point-spread function in each image. By this method it is possible to measure the proper motion of a point source with an uncertainty close to the minimum possible uncertainty given the information in the data, which is limited by the point-spread function, the distribution of observation times (epochs), and the total signal-to-noise in the combined data. We demonstrate our technique on multi-epoch Sloan Digital Sky Survey imaging of the SDSS Southern Stripe. We show that we can distinguish very red brown dwarfs by their proper motions from very high-redshift quasars more than $1.6\\mag$ fainter than with traditional technique on these SDSS data, and with better better fidelity than by multi-band imaging alone. We re-discover all 10 known brown dwarfs in our sample and present 9 new candidate brown dwarfs, identified on the basis of high proper motion.', 'Automated supervised classification of variable stars II. Application to the OGLE database We aim to extend and test the classifiers presented in a previous work against an independent dataset. We complement the assessment of the validity of the classifiers by applying them to the set of OGLE light curves treated as variable objects of unknown class. The results are compared to published classification results based on the so-called extractor methods.Two complementary analyses are carried out in parallel. In both cases, the original time series of OGLE observations of the Galactic bulge and Magellanic Clouds are processed in order to identify and characterize the frequency components. In the first approach, the classifiers are applied to the data and the results analyzed in terms of systematic errors and differences between the definition samples in the training set and in the extractor rules. In the second approach, the original classifiers are extended with colour information and, again, applied to OGLE light curves. We have constructed a classification system that can process huge amounts of time series in negligible time and provide reliable samples of the main variability classes. We have evaluated its strengths and weaknesses and provide potential users of the classifier with a detailed description of its characteristics to aid in the interpretation of classification results. Finally, we apply the classifiers to obtain object samples of classes not previously studied in the OGLE database and analyse the results. We pay specific attention to the B-stars in the samples, as their pulsations are strongly dependent on metallicity.', 'Software Holography: Interferometric Data Analysis for the Challenges of Next Generation Observatories Next generation radio observatories such as the MWA, LWA, LOFAR, CARMA and SKA provide a number of challenges for interferometric data analysis. These challenges include heterogeneous arrays, direction-dependent instrumental gain, and refractive and scintillating atmospheric conditions. From the analysis perspective, this means that calibration solutions can not be described using a single complex gain per antenna. In this paper we use the optimal map-making formalism developed for CMB analyses to extend traditional interferometric radio analysis techniques--removing the assumption of a single complex gain per antenna and allowing more complete descriptions of the instrumental and atmospheric conditions. Due to the similarity with holographic mapping of radio antenna surfaces, we call this extended analysis approach software holography. The resulting analysis algorithms are computationally efficient, unbiased, and optimally sensitive. We show how software holography can be used to solve some of the challenges of next generation observations, and how more familiar analysis techniques can be derived as limiting cases.']",descriptive,0.8,0.8199173058312105,0.0,aggregate_cross_paper,"['astro-ph', 'hep-ph', 'math-ph', 'physics']"
arxiv_agg_013,"What are the common themes regarding the properties and behaviors of materials discussed in the papers, particularly in relation to their structural characteristics and physical phenomena?","The papers discuss various materials and their properties, highlighting the importance of structural characteristics in determining physical phenomena. For instance, Paper 4 and Paper 5 both focus on graphene, examining how intercalation and roughness affect superconductivity and electronic structure, respectively. Additionally, Paper 2 explores the structural properties of circumstellar disks, noting how the radial dependence of dust properties influences disk behavior. Together, these papers emphasize the significance of material structure in understanding their physical behaviors, whether in superconductivity, electronic properties, or astrophysical contexts.","The papers discuss several common themes regarding the properties and behaviors of materials, particularly focusing on their structural characteristics and physical phenomena. 

One theme is the impact of temperature on the dynamics and response of disordered elastic systems, highlighting how thermal effects can influence transitions, such as depinning, and the associated critical phenomena. This suggests a relationship between temperature and structural stability in these systems.

Another theme is the exploration of electron dynamics in metallic and semiconductor nanostructures, where the collective behavior of electrons is examined under varying excitation conditions. This involves understanding the structural properties at the nanoscale and how they affect electronic transport and interactions.

Additionally, the characterization of oxide melts and glasses through solid-state NMR emphasizes the local structure and dynamics of these materials. The ability to identify coordination states and molecular motifs indicates a focus on the intricate structural details that govern the physical properties of these materials.

Overall, the papers collectively address how structural characteristics, influenced by temperature and other factors, play a crucial role in determining the physical behaviors and properties of various materials.","['Thermal Effects in the dynamics of disordered elastic systems Many seemingly different macroscopic systems (magnets, ferroelectrics, CDW, vortices,..) can be described as generic disordered elastic systems. Understanding their static and dynamics thus poses challenging problems both from the point of view of fundamental physics and of practical applications. Despite important progress many questions remain open. In particular the temperature has drastic effects on the way these systems respond to an external force. We address here the important question of the thermal effect close to depinning, and whether these effects can be understood in the analogy with standard critical phenomena, analogy so useful to understand the zero temperature case. We show that close to the depinning force temperature leads to a rounding of the depinning transition and compute the corresponding exponent. In addition, using a novel algorithm it is possible to study precisely the behavior close to depinning, and to show that the commonly accepted analogy of the depinning with a critical phenomenon does not fully hold, since no divergent lengthscale exists in the steady state properties of the line below the depinning threshold.', ""Collective Electron Dynamics in Metallic and Semiconductor Nanostructures Understanding the electron dynamics and transport in metallic and semiconductor nanostructures -- such as metallic nanoparticles, thin films, quantum wells and quantum dots -- represents a considerable challenge for today's condensed matter physics, both fundamental and applied. In this review article, we will describe the collective electron dynamics in metallic and semiconductor nanostructures using different, but complementary, approaches. For small excitations (linear regime), the spectral properties can be investigated via quantum mean-field models of the TDLDA type (time-dependent local density approximation), generalized to account for a finite electron temperature. In order to explore the nonlinear regime (strong excitations), we will adopt a phase-space approach that relies on the resolution of kinetic equations in the classical phase space (Vlasov and Wigner equations). The phase-space approach provides a useful link between the classical and quantum dynamics and is well suited to model effects beyond the mean field approximation (electron-electron and electron-phonon collisions). We will also develop a quantum hydrodynamic model, based on velocity moments of the corresponding Wigner distribution function: this approach should lead to considerable gains in computing time in comparison with simulations based on conventional methods, such as density functional theory (DFT). Finally, the magnetization (spin) dynamics will also be addressed."", 'Structure and dynamics of Oxide Melts and Glasses : a view from multinuclear and high temperature NMR Solid State Nuclear Magnetic Resonance (NMR) experiments allow characterizing the local structure and dynamics of oxide glasses and melts. Thanks to the development of new experiments, it now becomes possible to evidence not only the details of the coordination state of the network formers of glasses but also to characterize the nature of polyatomic molecular motifs extending over several chemical bonds. We present results involving 31P homonuclear experiments that allow description of groups of up to three phosphate units and 27Al/17O heteronuclear that allows evidencing &#956;3 oxygen bridges in aluminate glasses and rediscussion of the structure of high temperature melts.']",descriptive,0.8333333333333334,0.891663538052739,1.0,aggregate_cross_paper,"['astro-ph', 'cond-mat', 'gr-qc', 'math', 'quant-ph']"
arxiv_agg_014,"What are the common limitations and challenges identified in the studies regarding the control and understanding of complex systems, such as exchange bias in magnetic materials, x-ray interactions in laser-dressed atoms, and the UV excess in elliptical galaxies?","The studies highlight several common limitations, including the need for more accurate data to validate theoretical models, the complexity of interactions that complicate predictions (such as the dependence of exchange bias on the properties of graphene or the challenges in modeling x-ray interactions accurately), and the necessity for improved experimental setups to capture the nuances of phenomena like the UV excess in galaxies or the behavior of earthquake sources.","The studies highlight several common limitations and challenges in understanding complex systems. One significant challenge is the difficulty in accurately modeling the interactions and dynamics within these systems, which can lead to uncertainties in the results. For instance, in the context of galaxy cluster surveys, uncertainties in cluster dynamics can limit the ability to analyze physics that modifies the appearance of clusters. Additionally, the evolution of bias in galaxy distributions can be influenced by various factors, including cosmic acceleration and the nature of gravity, complicating the understanding of galaxy formation and distribution. Furthermore, the complexity of phenomena observed in X-ray clusters, such as interactions with the Intra Cluster Medium and the presence of non-thermal emissions, adds layers of difficulty in interpreting data and constraining cosmological parameters. Overall, these challenges stem from the intricate interplay of various physical processes and the need for precise measurements and models to draw reliable conclusions.","[""The Evolution of Bias - Generalized Fry (1996) showed that galaxy bias has the tendency to evolve towards unity, i.e. in the long run, the galaxy distribution tends to trace that of matter. Generalizing slightly Fry's reasoning, we show that his conclusion remains valid in theories of modified gravity (or equivalently, complex clustered dark energy). This is not surprising: as long as both galaxies and matter are subject to the same force, dynamics would drive them towards tracing each other. This holds, for instance, in theories where both galaxies and matter move on geodesics. This relaxation of bias towards unity is tempered by cosmic acceleration, however: the bias tends towards unity but does not quite make it, unless the formation bias were close to unity. Our argument is extended in a straightforward manner to the case of a stochastic or nonlinear bias. An important corollary is that dynamical evolution could imprint a scale dependence on the large scale galaxy bias. This is especially pronounced if non-standard gravity introduces new scales to the problem: the bias at different scales relaxes at different rates, the larger scales generally more slowly and retaining a longer memory of the initial bias. A consistency test of the current (general relativity + uniform dark energy) paradigm is therefore to look for departure from a scale independent bias on large scales. A simple way is to measure the relative bias of different populations of galaxies which are at different stages of bias relaxation. Lastly, we comment on the possibility of directly testing the Poisson equation on cosmological scales, as opposed to indirectly through the growth factor."", ""X-ray emission from Clusters of Galaxies In the last eight years, the Chandra and XMM-Newton satellites changed significantly our view of X-ray clusters of galaxies. In particular, several complex phenomena have been directly observed: interactions between cluster galaxies and the Intra Cluster Medium (ICM), cold fronts in the ICM, hot bubbles due to relativistic jets from radio loud AGN, the lack of cold gas in ``cool-cores'', and non-thermal X-ray emission. Still, this increasing complexity does not prevent us from using X-ray clusters as a tool to constrain cosmological parameters. In addition, observations of clusters up to redshift ~1.3 allowed us to trace the thermodynamical and chemical evolution of the ICM on a time interval as large as 8 Gyr. In this presentation, I will give a personal introduction to the most debated topics in this field, to end with some prospects for the next-generation X-ray satellites."", 'Sensitivity and Insensitivity of Galaxy Cluster Surveys to New Physics We study the implications and limitations of galaxy cluster surveys for constraining models of particle physics and gravity beyond the Standard Model. Flux limited cluster counts probe the history of large scale structure formation in the universe, and as such provide useful constraints on cosmological parameters. As a result of uncertainties in some aspects of cluster dynamics, cluster surveys are currently more useful for analyzing physics that would affect the formation of structure than physics that would modify the appearance of clusters. As an example we consider the Lambda-CDM cosmology and dimming mechanisms, such as photon-axion mixing.']",descriptive,0.6363636363636364,0.6792542521504772,0.0,aggregate_cross_paper,"['astro-ph', 'cond-mat', 'math', 'physics']"
