variant,node_type,question_id,question_subtype,split,faithfulness,answer_relevance,context_relevance,composite,wall_time_seconds
N7_E10b_T12a,N7,amazon_sh_000,single_specific,test,0.75,0.8558071758423685,1.0,0.8686023919474563,443.8211190700531
N7_E10b_T12a,N7,amazon_sh_001,single_specific,test,0.25,0.8280662809296397,1.0,0.6926887603098799,443.8211190700531
N7_E10b_T12a,N7,amazon_sh_002,single_specific,test,1.0,0.7876325801824163,1.0,0.9292108600608054,443.8211190700531
N7_E10b_T12a,N7,amazon_sh_003,single_specific,train,1.0,1.0,1.0,1.0,443.8211190700531
N7_E10b_T12a,N7,amazon_sh_004,single_specific,train,0.0,0.9011732211096252,0.0,0.3003910737032084,443.8211190700531
N7_E10b_T12a,N7,amazon_sh_005,single_specific,train,1.0,0.8632798289669369,0.0,0.6210932763223123,443.8211190700531
N7_E10b_T12a,N7,amazon_sh_006,single_specific,train,1.0,0.7407613366286152,0.0,0.5802537788762051,443.8211190700531
N7_E10b_T12a,N7,amazon_sh_007,single_specific,train,1.0,0.8304812466855305,0.5,0.7768270822285102,443.8211190700531
N7_E10b_T12a,N7,amazon_sh_008,single_specific,train,1.0,0.8951307141546169,1.0,0.9650435713848724,443.8211190700531
N7_E10b_T12a,N7,amazon_sh_009,single_specific,train,0.5,0.7978312026651628,0.0,0.4326104008883876,443.8211190700531
N7_E10b_T12a,N7,amazon_sh_010,single_specific,test,1.0,0.968343485724524,0.5,0.8227811619081747,443.8211190700531
N7_E10b_T12a,N7,amazon_sh_011,single_specific,train,1.0,0.9414084349440972,1.0,0.9804694783146992,443.8211190700531
N7_E10b_T12a,N7,amazon_sh_012,single_specific,train,1.0,0.9058626273266412,1.0,0.9686208757755472,443.8211190700531
N7_E10b_T12a,N7,amazon_sh_013,single_specific,train,1.0,0.8795075548331271,1.0,0.9598358516110423,443.8211190700531
N7_E10b_T12a,N7,amazon_sh_014,single_specific,train,0.5,0.0,0.0,0.1666666666666666,443.8211190700531
N7_E10b_T12a,N7,amazon_sh_015,single_specific,test,1.0,1.0,1.0,1.0,443.8211190700531
N7_E10b_T12a,N7,amazon_sh_016,single_specific,test,1.0,0.9334783211172428,1.0,0.9778261070390808,443.8211190700531
N7_E10b_T12a,N7,amazon_sh_017,single_specific,test,1.0,0.8748293269562432,1.0,0.9582764423187476,443.8211190700531
N7_E10b_T12a,N7,amazon_sh_018,single_specific,test,1.0,0.946864045309291,1.0,0.982288015103097,443.8211190700531
N7_E10b_T12a,N7,amazon_sh_019,single_specific,test,0.75,0.5288423159100011,0.5,0.592947438636667,443.8211190700531
N7_E10b_T12a,N7,amazon_sh_020,single_specific,train,1.0,0.9436084392363998,1.0,0.9812028130788,443.8211190700531
N7_E10b_T12a,N7,amazon_sh_021,single_specific,train,1.0,0.9367595847655704,1.0,0.9789198615885236,443.8211190700531
N7_E10b_T12a,N7,amazon_sh_022,single_specific,test,1.0,0.9999997604965096,0.0,0.6666665868321698,443.8211190700531
N7_E10b_T12a,N7,amazon_sh_023,single_specific,test,1.0,0.8911322288131812,1.0,0.9637107429377272,443.8211190700531
N7_E10b_T12a,N7,amazon_sh_024,single_specific,test,1.0,0.5775618455436269,1.0,0.8591872818478756,443.8211190700531
N7_E10b_T12a,N7,amazon_sh_025,single_specific,train,1.0,0.9565713656091198,1.0,0.9855237885363732,443.8211190700531
N7_E10b_T12a,N7,amazon_sh_026,single_specific,train,1.0,0.8100540930793697,1.0,0.9366846976931232,443.8211190700531
N7_E10b_T12a,N7,amazon_sh_027,single_specific,test,0.75,0.9145888380019076,1.0,0.8881962793339692,443.8211190700531
N7_E10b_T12a,N7,amazon_sh_028,single_specific,train,1.0,0.0,0.0,0.3333333333333333,443.8211190700531
N7_E10b_T12a,N7,amazon_sh_029,single_specific,test,0.0,0.0,0.0,0.0,443.8211190700531
N7_E10b_T12a,N7,amazon_sh_030,single_specific,test,0.5,0.9111668128641828,0.0,0.4703889376213943,443.8211190700531
N7_E10b_T12a,N7,amazon_sh_031,single_specific,test,1.0,0.0,0.5,0.5,443.8211190700531
N7_E10b_T12a,N7,amazon_sh_032,single_specific,test,0.5,0.8640145652830081,1.0,0.788004855094336,443.8211190700531
N7_E10b_T12a,N7,amazon_sh_033,single_specific,train,0.0,0.9355918946592476,0.0,0.3118639648864158,443.8211190700531
N7_E10b_T12a,N7,amazon_sh_034,single_specific,train,1.0,0.9957728779710776,1.0,0.9985909593236926,443.8211190700531
N7_E10b_T12a,N7,amazon_agg_000,aggregate_cross_paper,train,1.0,0.7731877990871846,1.0,0.9243959330290616,443.8211190700531
N7_E10b_T12a,N7,amazon_agg_001,aggregate_cross_paper,test,0.75,0.8208107927947775,1.0,0.8569369309315925,443.8211190700531
N7_E10b_T12a,N7,amazon_agg_002,aggregate_cross_paper,test,0.6,0.6225477465102588,1.0,0.7408492488367528,443.8211190700531
N7_E10b_T12a,N7,amazon_agg_003,aggregate_cross_paper,test,0.4,0.8549281597296998,1.0,0.7516427199099,443.8211190700531
N7_E10b_T12a,N7,amazon_agg_004,aggregate_cross_paper,train,0.8,0.7128433362148984,1.0,0.8376144454049661,443.8211190700531
N7_E10b_T12a,N7,amazon_agg_005,aggregate_cross_paper,train,0.75,0.4491338084653256,1.0,0.7330446028217752,443.8211190700531
N7_E10b_T12a,N7,amazon_agg_006,aggregate_cross_paper,test,0.8,0.5468132338303484,1.0,0.7822710779434495,443.8211190700531
N7_E10b_T12a,N7,amazon_agg_007,aggregate_cross_paper,train,0.8,0.5357720228659473,1.0,0.7785906742886491,443.8211190700531
N7_E10b_T12a,N7,amazon_agg_008,aggregate_cross_paper,test,1.0,0.6965361064907103,1.0,0.8988453688302368,443.8211190700531
N7_E10b_T12a,N7,amazon_agg_009,aggregate_cross_paper,train,0.3333333333333333,0.757883970505751,0.5,0.5304057679463614,443.8211190700531
N7_E10b_T12a,N7,amazon_agg_010,aggregate_cross_paper,train,1.0,0.657133682583922,1.0,0.8857112275279739,443.8211190700531
N7_E10b_T12a,N7,amazon_agg_011,aggregate_cross_paper,train,0.75,0.7748558360302349,1.0,0.8416186120100783,443.8211190700531
N7_E10b_T12a,N7,amazon_agg_012,aggregate_cross_paper,train,0.6,0.9082151361760272,0.5,0.6694050453920091,443.8211190700531
N7_E10b_T12a,N7,amazon_agg_013,aggregate_cross_paper,train,0.6666666666666666,0.8976671131435138,0.75,0.7714445932700601,443.8211190700531
N7_E10b_T12a,N7,amazon_agg_014,aggregate_cross_paper,test,0.25,0.8004872729091491,1.0,0.683495757636383,443.8211190700531
N7_E10b_T12a,N7,amazon_agg_015,aggregate_cross_paper,train,0.6666666666666666,0.8669672131616832,0.5,0.6778779599427832,443.8211190700531
N7_E10b_T12a,N7,amazon_agg_016,aggregate_cross_paper,train,1.0,0.8701044062189329,1.0,0.9567014687396442,443.8211190700531
N7_E10b_T12a,N7,amazon_agg_017,aggregate_cross_paper,test,1.0,0.3913844589731274,1.0,0.7971281529910424,443.8211190700531
N7_E10b_T12a,N7,amazon_agg_018,aggregate_cross_paper,train,1.0,0.7552043574959127,1.0,0.9184014524986376,443.8211190700531
N7_E10b_T12a,N7,amazon_agg_019,aggregate_cross_paper,train,0.6666666666666666,0.7890910937348563,0.25,0.5685859201338409,443.8211190700531
N7_E10b_T12a,N7,amazon_agg_020,aggregate_cross_paper,test,0.3333333333333333,0.424867805289254,0.5,0.4194003795408624,443.8211190700531
N7_E10b_T12a,N7,amazon_agg_021,aggregate_cross_paper,test,1.0,0.5080205591249558,1.0,0.8360068530416519,443.8211190700531
N7_E10b_T12a,N7,amazon_agg_022,aggregate_cross_paper,train,1.0,0.8176878460818893,1.0,0.9392292820272964,443.8211190700531
N7_E10b_T12a,N7,amazon_agg_023,aggregate_cross_paper,test,0.6,0.8705865103439021,1.0,0.8235288367813007,443.8211190700531
N7_E10b_T12a,N7,amazon_agg_024,aggregate_cross_paper,test,0.0,0.871924723208083,1.0,0.6239749077360277,443.8211190700531
N7_E10b_T12a,N7,amazon_agg_025,aggregate_cross_paper,train,0.5,0.4364003467167053,0.5,0.4788001155722352,443.8211190700531
N7_E10b_T12a,N7,amazon_agg_026,aggregate_cross_paper,train,1.0,0.7910907467593778,1.0,0.930363582253126,443.8211190700531
N7_E10b_T12a,N7,amazon_agg_027,aggregate_cross_paper,train,1.0,0.7841829700616875,1.0,0.9280609900205624,443.8211190700531
N7_E10b_T12a,N7,amazon_agg_028,aggregate_cross_paper,train,0.6,0.8102578229025902,1.0,0.8034192743008634,443.8211190700531
N7_E10b_T12a,N7,amazon_agg_029,aggregate_cross_paper,test,0.8571428571428571,0.7894737450594345,1.0,0.8822055340674305,443.8211190700531
N7_E10b_T12a,N7,amazon_agg_030,aggregate_cross_paper,train,0.9,0.5774828328121293,1.0,0.8258276109373764,443.8211190700531
N7_E10b_T12a,N7,amazon_agg_031,aggregate_cross_paper,train,0.3333333333333333,0.832121524931528,1.0,0.7218182860882871,443.8211190700531
N7_E10b_T12a,N7,amazon_agg_032,aggregate_cross_paper,test,1.0,0.7626813932746324,1.0,0.9208937977582108,443.8211190700531
N7_E10b_T12a,N7,amazon_edge_000,edge_multihop,test,0.8,0.8328496990374864,0.0,0.5442832330124955,443.8211190700531
N7_E10b_T12a,N7,amazon_edge_001,edge_multihop,test,0.6666666666666666,0.8891925295949319,0.5,0.6852863987538661,443.8211190700531
N7_E10b_T12a,N7,amazon_edge_002,edge_multihop,test,1.0,0.0,0.0,0.3333333333333333,443.8211190700531
N7_E10b_T12a,N7,amazon_edge_003,edge_multihop,test,1.0,0.7547119528815446,0.5,0.7515706509605149,443.8211190700531
N7_E10b_T12a,N7,amazon_edge_004,edge_multihop,test,1.0,0.0,0.0,0.3333333333333333,443.8211190700531
N7_E10b_T12a,N7,amazon_edge_005,edge_multihop,train,0.8571428571428571,0.8978465013303082,0.0,0.5849964528243884,443.8211190700531
N7_E10b_T12a,N7,amazon_edge_006,edge_multihop,test,1.0,0.0,0.0,0.3333333333333333,443.8211190700531
N7_E10b_T12a,N7,amazon_edge_007,edge_multihop,test,0.5,0.0,0.0,0.1666666666666666,443.8211190700531
N7_E10b_T12a,N7,amazon_edge_008,edge_multihop,test,1.0,0.0,0.0,0.3333333333333333,443.8211190700531
N7_E10b_T12a,N7,amazon_edge_009,edge_multihop,train,1.0,0.0,0.0,0.3333333333333333,443.8211190700531
N7_E10b_T12a,N7,amazon_edge_010,edge_multihop,train,1.0,0.9455789753467096,0.5,0.8151929917822365,443.8211190700531
N7_E10b_T12a,N7,amazon_edge_011,edge_multihop,test,0.6666666666666666,0.8868432947100235,0.0,0.5178366537922301,443.8211190700531
N7_E10b_T12a,N7,amazon_edge_012,edge_multihop,test,1.0,0.8905416113841753,0.5,0.7968472037947251,443.8211190700531
N7_E10b_T12a,N7,amazon_edge_013,edge_multihop,test,0.8,0.8887625335356281,1.0,0.8962541778452094,443.8211190700531
N7_E10b_T12a,N7,amazon_edge_014,edge_multihop,test,0.5,0.8648391014207495,0.75,0.7049463671402498,443.8211190700531
N7_E10b_T12a,N7,amazon_edge_015,edge_multihop,train,0.6,0.0,0.0,0.1999999999999999,443.8211190700531
N7_E10b_T12a,N7,amazon_edge_016,edge_multihop,train,1.0,0.0,0.0,0.3333333333333333,443.8211190700531
N7_E10b_T12a,N7,amazon_edge_017,edge_multihop,train,0.8333333333333334,0.6861838104429271,0.0,0.5065057145920868,443.8211190700531
N7_E10b_T12a,N7,amazon_edge_018,edge_multihop,train,1.0,0.8588676918738719,0.0,0.6196225639579573,443.8211190700531
N7_E10b_T12a,N7,amazon_edge_019,edge_multihop,train,1.0,0.0,0.0,0.3333333333333333,443.8211190700531
N7_E10b_T12a,N7,amazon_edge_020,edge_multihop,train,1.0,0.8858266660566135,0.5,0.7952755553522045,443.8211190700531
N7_E10b_T12a,N7,amazon_edge_021,edge_multihop,test,1.0,0.8576116548960204,0.0,0.6192038849653402,443.8211190700531
N7_E10b_T12a,N7,amazon_edge_022,edge_multihop,test,0.6666666666666666,0.8807057741448169,0.5,0.6824574802704945,443.8211190700531
N7_E10b_T12a,N7,amazon_edge_023,edge_multihop,train,1.0,0.8354055843283535,0.75,0.8618018614427845,443.8211190700531
N7_E10b_T12a,N7,amazon_edge_024,edge_multihop,train,1.0,0.857587250343979,0.0,0.6191957501146597,443.8211190700531
N7_E10b_T12a,N7,amazon_edge_025,edge_multihop,train,0.5,0.8774196674029002,0.0,0.4591398891343001,443.8211190700531
N7_E10b_T12a,N7,amazon_edge_026,edge_multihop,test,0.8333333333333334,0.0,0.0,0.2777777777777778,443.8211190700531
N7_E10b_T12a,N7,amazon_edge_027,edge_multihop,test,0.6666666666666666,0.8777656327784785,0.5,0.6814774331483817,443.8211190700531
N7_E10b_T12a,N7,amazon_edge_028,edge_multihop,test,1.0,0.0,0.75,0.5833333333333334,443.8211190700531
N7_E10b_T12a,N7,amazon_edge_029,edge_multihop,train,1.0,0.8670326924047052,0.5,0.789010897468235,443.8211190700531
N7_E10b_T12a,N7,amazon_edge_030,edge_multihop,train,1.0,0.9264934908850512,0.0,0.6421644969616837,443.8211190700531
N7_E10b_T12a,N7,amazon_edge_031,edge_multihop,test,0.5,0.8602367062024382,0.25,0.5367455687341461,443.8211190700531
N7_E10b_T12a,N7,amazon_edge_032,edge_multihop,test,1.0,0.0,0.0,0.3333333333333333,443.8211190700531
N7_E10b_T12a,N7,amazon_edge_033,edge_multihop,test,0.75,0.872806197239935,0.0,0.5409353990799783,443.8211190700531
N7_E10b_T12a,N7,amazon_sh_035,single_specific,test,1.0,0.999999610272974,1.0,0.9999998700909914,443.8211190700531
N7_E10b_T12a,N7,amazon_sh_036,single_specific,train,0.3333333333333333,0.8728258758737756,1.0,0.7353864030690364,443.8211190700531
N7_E10b_T12a,N7,amazon_sh_037,single_specific,test,1.0,0.9039188647201378,1.0,0.9679729549067124,443.8211190700531
N7_E10b_T12a,N7,amazon_sh_038,single_specific,test,0.5,0.6629005563824705,1.0,0.7209668521274901,443.8211190700531
N7_E10b_T12a,N7,amazon_sh_039,single_specific,test,1.0,0.8811812611508986,0.5,0.7937270870502995,443.8211190700531
N7_E10b_T12a,N7,amazon_sh_040,single_specific,train,1.0,0.8484987443720621,1.0,0.949499581457354,443.8211190700531
N7_E10b_T12a,N7,amazon_sh_041,single_specific,test,1.0,0.9075110864840172,1.0,0.9691703621613392,443.8211190700531
N7_E10b_T12a,N7,amazon_sh_042,single_specific,train,1.0,0.6159560414382266,1.0,0.8719853471460756,443.8211190700531
N7_E10b_T12a,N7,amazon_sh_043,single_specific,test,1.0,0.8435882700463874,1.0,0.9478627566821292,443.8211190700531
N7_E10b_T12a,N7,amazon_sh_044,single_specific,train,1.0,0.9425342809864328,0.5,0.8141780936621442,443.8211190700531
N7_E10b_T12a,N7,amazon_sh_045,single_specific,train,1.0,0.906464395298367,1.0,0.9688214650994555,443.8211190700531
N7_E10b_T12a,N7,amazon_sh_046,single_specific,train,1.0,0.9361754950309744,1.0,0.9787251650103248,443.8211190700531
N7_E10b_T12a,N7,amazon_sh_047,single_specific,train,1.0,0.9815918692861384,1.0,0.9938639564287128,443.8211190700531
N7_E10b_T12a,N7,amazon_sh_048,single_specific,train,1.0,0.8407020787625993,0.5,0.7802340262541998,443.8211190700531
N7_E10b_T12a,N7,amazon_sh_049,single_specific,test,1.0,0.0,0.0,0.3333333333333333,443.8211190700531
N7_E10b_T12a,N7,amazon_sh_050,single_specific,train,1.0,0.8989883244101627,0.0,0.6329961081367209,443.8211190700531
N7_E10b_T12a,N7,amazon_sh_051,single_specific,test,1.0,0.9631746143350096,1.0,0.9877248714450032,443.8211190700531
N7_E10b_T12a,N7,amazon_sh_052,single_specific,test,1.0,0.9174100215706552,1.0,0.9724700071902184,443.8211190700531
N7_E10b_T12a,N7,amazon_sh_053,single_specific,train,0.0,0.9451905425340384,1.0,0.6483968475113461,443.8211190700531
N7_E10b_T12a,N7,amazon_sh_054,single_specific,test,1.0,0.8106094816066932,1.0,0.936869827202231,443.8211190700531
N7_E10b_T12a,N7,amazon_sh_055,single_specific,test,1.0,0.9138411418464591,1.0,0.9712803806154864,443.8211190700531
N7_E10b_T12a,N7,amazon_sh_056,single_specific,test,1.0,0.8609030004352385,1.0,0.9536343334784128,443.8211190700531
N7_E10b_T12a,N7,amazon_sh_057,single_specific,train,1.0,0.9668694022973032,1.0,0.9889564674324344,443.8211190700531
N7_E10b_T12a,N7,amazon_sh_058,single_specific,test,1.0,0.9810816876264732,1.0,0.9936938958754912,443.8211190700531
N7_E10b_T12a,N7,amazon_sh_059,single_specific,train,1.0,0.964072236317622,1.0,0.9880240787725408,443.8211190700531
N7_E10b_T12a,N7,amazon_sh_060,single_specific,train,1.0,0.8104552589154165,0.0,0.6034850863051388,443.8211190700531
N7_E10b_T12a,N7,amazon_sh_061,single_specific,train,1.0,0.8358173403581999,1.0,0.9452724467860666,443.8211190700531
N7_E10b_T12a,N7,amazon_sh_062,single_specific,train,1.0,0.0,1.0,0.6666666666666666,443.8211190700531
N7_E10b_T12a,N7,amazon_sh_063,single_specific,test,0.5,0.7488708401404212,1.0,0.7496236133801405,443.8211190700531
N7_E10b_T12a,N7,amazon_sh_064,single_specific,test,1.0,0.6618483087948283,1.0,0.8872827695982761,443.8211190700531
N7_E10b_T12a,N7,amazon_sh_065,single_specific,train,0.75,0.0,0.75,0.5,443.8211190700531
N7_E10b_T12a,N7,amazon_sh_066,single_specific,test,1.0,0.9367189558557276,1.0,0.978906318618576,443.8211190700531
N7_E10b_T12a,N7,amazon_sh_067,single_specific,test,1.0,0.8083321360504476,1.0,0.9361107120168158,443.8211190700531
N7_E10b_T12a,N7,amazon_sh_068,single_specific,test,0.6666666666666666,0.8553572593379463,1.0,0.8406746420015376,443.8211190700531
N7_E10b_T12a,N7,amazon_sh_069,single_specific,test,1.0,1.0,1.0,1.0,443.8211190700531
N7_E10b_T12a,N7,amazon_sh_070,single_specific,test,0.5,0.6981452046632245,0.25,0.4827150682210748,443.8211190700531
N7_E10b_T12a,N7,amazon_sh_071,single_specific,train,1.0,0.8259836114713569,1.0,0.941994537157119,443.8211190700531
N7_E10b_T12a,N7,amazon_sh_072,single_specific,test,1.0,0.8253695317527424,1.0,0.9417898439175808,443.8211190700531
N7_E10b_T12a,N7,amazon_sh_073,single_specific,test,0.5,0.9999996242803004,1.0,0.8333332080934334,443.8211190700531
N7_E10b_T12a,N7,amazon_sh_074,single_specific,test,1.0,0.8825183907933352,1.0,0.9608394635977784,443.8211190700531
N7_E10b_T12a,N7,amazon_sh_075,single_specific,train,1.0,0.9120739681583868,1.0,0.9706913227194622,443.8211190700531
N7_E10b_T12a,N7,amazon_sh_076,single_specific,test,1.0,0.9143481788860948,1.0,0.9714493929620316,443.8211190700531
N7_E10b_T12a,N7,amazon_sh_077,single_specific,train,1.0,0.9999997716801317,1.0,0.9999999238933772,443.8211190700531
N7_E10b_T12a,N7,amazon_sh_078,single_specific,train,0.6666666666666666,0.9999996818035009,1.0,0.8888887828233892,443.8211190700531
N7_E10b_T12a,N7,amazon_sh_079,single_specific,test,1.0,0.8138873617017942,1.0,0.937962453900598,443.8211190700531
N7_E10b_T12a,N7,amazon_sh_080,single_specific,test,1.0,0.8259110738226405,0.0,0.6086370246075469,443.8211190700531
N7_E10b_T12a,N7,amazon_sh_081,single_specific,train,0.8571428571428571,0.8435585251666395,0.75,0.8169004607698321,443.8211190700531
N7_E10b_T12a,N7,amazon_sh_082,single_specific,train,1.0,0.9999996641152576,1.0,0.9999998880384192,443.8211190700531
N7_E10b_T12b,N7,amazon_sh_000,single_specific,test,0.75,0.8558305567642056,1.0,0.8686101855880685,404.6110191345215
N7_E10b_T12b,N7,amazon_sh_001,single_specific,test,0.75,0.8280802237139411,1.0,0.8593600745713137,404.6110191345215
N7_E10b_T12b,N7,amazon_sh_002,single_specific,test,1.0,0.7876325801824163,1.0,0.9292108600608054,404.6110191345215
N7_E10b_T12b,N7,amazon_sh_003,single_specific,train,1.0,1.0000000000000002,1.0,1.0,404.6110191345215
N7_E10b_T12b,N7,amazon_sh_004,single_specific,train,0.0,0.9892656369063882,0.0,0.3297552123021294,404.6110191345215
N7_E10b_T12b,N7,amazon_sh_005,single_specific,train,0.6666666666666666,0.0,0.0,0.2222222222222222,404.6110191345215
N7_E10b_T12b,N7,amazon_sh_006,single_specific,train,1.0,0.7407613366286152,0.0,0.5802537788762051,404.6110191345215
N7_E10b_T12b,N7,amazon_sh_007,single_specific,train,1.0,0.8304812466855305,0.5,0.7768270822285102,404.6110191345215
N7_E10b_T12b,N7,amazon_sh_008,single_specific,train,1.0,0.891259779228788,1.0,0.9637532597429294,404.6110191345215
N7_E10b_T12b,N7,amazon_sh_009,single_specific,train,0.5,0.797842215094494,0.0,0.4326140716981646,404.6110191345215
N7_E10b_T12b,N7,amazon_sh_010,single_specific,test,1.0,0.9683544901346736,0.5,0.8227848300448911,404.6110191345215
N7_E10b_T12b,N7,amazon_sh_011,single_specific,train,1.0,0.9414126641115916,1.0,0.9804708880371972,404.6110191345215
N7_E10b_T12b,N7,amazon_sh_012,single_specific,train,1.0,0.9058889985837608,1.0,0.968629666194587,404.6110191345215
N7_E10b_T12b,N7,amazon_sh_013,single_specific,train,1.0,0.8794796009980288,1.0,0.9598265336660096,404.6110191345215
N7_E10b_T12b,N7,amazon_sh_014,single_specific,train,1.0,0.0,0.0,0.3333333333333333,404.6110191345215
N7_E10b_T12b,N7,amazon_sh_015,single_specific,test,1.0,0.6475660224410497,1.0,0.8825220074803499,404.6110191345215
N7_E10b_T12b,N7,amazon_sh_016,single_specific,test,1.0,0.9334718874052244,1.0,0.977823962468408,404.6110191345215
N7_E10b_T12b,N7,amazon_sh_017,single_specific,test,1.0,0.87482147656701,1.0,0.9582738255223368,404.6110191345215
N7_E10b_T12b,N7,amazon_sh_018,single_specific,test,1.0,0.9468633668243464,1.0,0.9822877889414487,404.6110191345215
N7_E10b_T12b,N7,amazon_sh_019,single_specific,test,0.75,0.5288423159100011,1.0,0.7596141053033337,404.6110191345215
N7_E10b_T12b,N7,amazon_sh_020,single_specific,train,1.0,0.9435916722471892,1.0,0.9811972240823964,404.6110191345215
N7_E10b_T12b,N7,amazon_sh_021,single_specific,train,1.0,0.9367674307585664,1.0,0.978922476919522,404.6110191345215
N7_E10b_T12b,N7,amazon_sh_022,single_specific,test,1.0,0.9999997105356648,0.0,0.6666665701785549,404.6110191345215
N7_E10b_T12b,N7,amazon_sh_023,single_specific,test,1.0,0.8911322288131812,1.0,0.9637107429377272,404.6110191345215
N7_E10b_T12b,N7,amazon_sh_024,single_specific,test,1.0,0.5775706004226163,1.0,0.8591902001408721,404.6110191345215
N7_E10b_T12b,N7,amazon_sh_025,single_specific,train,1.0,0.958992727542372,1.0,0.9863309091807908,404.6110191345215
N7_E10b_T12b,N7,amazon_sh_026,single_specific,train,1.0,0.8100556754772492,1.0,0.9366852251590831,404.6110191345215
N7_E10b_T12b,N7,amazon_sh_027,single_specific,test,0.75,0.9146217719342796,1.0,0.8882072573114265,404.6110191345215
N7_E10b_T12b,N7,amazon_sh_028,single_specific,train,1.0,0.0,0.0,0.3333333333333333,404.6110191345215
N7_E10b_T12b,N7,amazon_sh_029,single_specific,test,1.0,0.0,0.0,0.3333333333333333,404.6110191345215
N7_E10b_T12b,N7,amazon_sh_030,single_specific,test,0.5,0.9111840584043088,0.0,0.4703946861347696,404.6110191345215
N7_E10b_T12b,N7,amazon_sh_031,single_specific,test,1.0,0.8297192140098049,0.5,0.7765730713366016,404.6110191345215
N7_E10b_T12b,N7,amazon_sh_032,single_specific,test,0.5,0.8640401954042359,1.0,0.7880133984680787,404.6110191345215
N7_E10b_T12b,N7,amazon_sh_033,single_specific,train,0.0,0.9277233116486812,0.0,0.3092411038828937,404.6110191345215
N7_E10b_T12b,N7,amazon_sh_034,single_specific,train,1.0,0.995740125978721,1.0,0.998580041992907,404.6110191345215
N7_E10b_T12b,N7,amazon_agg_000,aggregate_cross_paper,train,1.0,0.7842836193419398,1.0,0.9280945397806466,404.6110191345215
N7_E10b_T12b,N7,amazon_agg_001,aggregate_cross_paper,test,0.75,0.8208107927947775,1.0,0.8569369309315925,404.6110191345215
N7_E10b_T12b,N7,amazon_agg_002,aggregate_cross_paper,test,0.6666666666666666,0.5571776980890548,1.0,0.7412814549185738,404.6110191345215
N7_E10b_T12b,N7,amazon_agg_003,aggregate_cross_paper,test,0.6,0.8549312956019132,1.0,0.8183104318673043,404.6110191345215
N7_E10b_T12b,N7,amazon_agg_004,aggregate_cross_paper,train,0.875,0.4718997416356272,1.0,0.7822999138785424,404.6110191345215
N7_E10b_T12b,N7,amazon_agg_005,aggregate_cross_paper,train,0.75,0.4109781726712837,1.0,0.7203260575570946,404.6110191345215
N7_E10b_T12b,N7,amazon_agg_006,aggregate_cross_paper,test,0.8,0.5468132338303484,1.0,0.7822710779434495,404.6110191345215
N7_E10b_T12b,N7,amazon_agg_007,aggregate_cross_paper,train,1.0,0.5357720228659473,1.0,0.8452573409553157,404.6110191345215
N7_E10b_T12b,N7,amazon_agg_008,aggregate_cross_paper,test,1.0,0.6965518556526153,1.0,0.8988506185508718,404.6110191345215
N7_E10b_T12b,N7,amazon_agg_009,aggregate_cross_paper,train,0.3333333333333333,0.7975126522971256,0.5,0.5436153285434863,404.6110191345215
N7_E10b_T12b,N7,amazon_agg_010,aggregate_cross_paper,train,1.0,0.657147922093233,1.0,0.8857159740310777,404.6110191345215
N7_E10b_T12b,N7,amazon_agg_011,aggregate_cross_paper,train,0.625,0.6334309160725135,1.0,0.7528103053575045,404.6110191345215
N7_E10b_T12b,N7,amazon_agg_012,aggregate_cross_paper,train,0.8,0.9081959409348368,0.5,0.7360653136449457,404.6110191345215
N7_E10b_T12b,N7,amazon_agg_013,aggregate_cross_paper,train,0.6666666666666666,0.8946482952465966,0.75,0.7704383206377544,404.6110191345215
N7_E10b_T12b,N7,amazon_agg_014,aggregate_cross_paper,test,0.5,0.6717237493610763,1.0,0.7239079164536921,404.6110191345215
N7_E10b_T12b,N7,amazon_agg_015,aggregate_cross_paper,train,1.0,0.0,0.5,0.5,404.6110191345215
N7_E10b_T12b,N7,amazon_agg_016,aggregate_cross_paper,train,1.0,0.8217048441400417,1.0,0.940568281380014,404.6110191345215
N7_E10b_T12b,N7,amazon_agg_017,aggregate_cross_paper,test,1.0,0.3913844589731274,1.0,0.7971281529910424,404.6110191345215
N7_E10b_T12b,N7,amazon_agg_018,aggregate_cross_paper,train,0.6666666666666666,0.7551383889876243,1.0,0.8072683518847636,404.6110191345215
N7_E10b_T12b,N7,amazon_agg_019,aggregate_cross_paper,train,0.6666666666666666,0.7962009991696761,0.25,0.5709558886121142,404.6110191345215
N7_E10b_T12b,N7,amazon_agg_020,aggregate_cross_paper,test,0.3333333333333333,0.410761194097812,0.5,0.4146981758103817,404.6110191345215
N7_E10b_T12b,N7,amazon_agg_021,aggregate_cross_paper,test,0.6,0.5079763230104595,1.0,0.7026587743368199,404.6110191345215
N7_E10b_T12b,N7,amazon_agg_022,aggregate_cross_paper,train,0.8571428571428571,0.8176878460818893,1.0,0.8916102344082488,404.6110191345215
N7_E10b_T12b,N7,amazon_agg_023,aggregate_cross_paper,test,0.5,0.8587622804407167,1.0,0.7862540934802388,404.6110191345215
N7_E10b_T12b,N7,amazon_agg_024,aggregate_cross_paper,test,0.0,0.8719279731421613,1.0,0.6239759910473871,404.6110191345215
N7_E10b_T12b,N7,amazon_agg_025,aggregate_cross_paper,train,0.75,0.4364613055666543,0.75,0.6454871018555514,404.6110191345215
N7_E10b_T12b,N7,amazon_agg_026,aggregate_cross_paper,train,0.6666666666666666,0.791082342556375,1.0,0.8192496697410139,404.6110191345215
N7_E10b_T12b,N7,amazon_agg_027,aggregate_cross_paper,train,0.8,0.7395740488541621,1.0,0.8465246829513874,404.6110191345215
N7_E10b_T12b,N7,amazon_agg_028,aggregate_cross_paper,train,0.6,0.8102571339152519,1.0,0.8034190446384173,404.6110191345215
N7_E10b_T12b,N7,amazon_agg_029,aggregate_cross_paper,test,0.8571428571428571,0.7461700537441139,1.0,0.867770970295657,404.6110191345215
N7_E10b_T12b,N7,amazon_agg_030,aggregate_cross_paper,train,0.9,0.5775208006276743,1.0,0.8258402668758915,404.6110191345215
N7_E10b_T12b,N7,amazon_agg_031,aggregate_cross_paper,train,0.3333333333333333,0.8428583497568396,1.0,0.7253972276967243,404.6110191345215
N7_E10b_T12b,N7,amazon_agg_032,aggregate_cross_paper,test,1.0,0.7623220894225874,1.0,0.9207740298075292,404.6110191345215
N7_E10b_T12b,N7,amazon_edge_000,edge_multihop,test,0.8,0.8462193133686404,0.0,0.5487397711228802,404.6110191345215
N7_E10b_T12b,N7,amazon_edge_001,edge_multihop,test,0.6666666666666666,0.9219527764041068,0.5,0.6962064810235912,404.6110191345215
N7_E10b_T12b,N7,amazon_edge_002,edge_multihop,test,1.0,0.0,0.0,0.3333333333333333,404.6110191345215
N7_E10b_T12b,N7,amazon_edge_003,edge_multihop,test,1.0,0.7745638920390384,0.5,0.7581879640130128,404.6110191345215
N7_E10b_T12b,N7,amazon_edge_004,edge_multihop,test,0.6666666666666666,0.0,0.0,0.2222222222222222,404.6110191345215
N7_E10b_T12b,N7,amazon_edge_005,edge_multihop,train,0.8571428571428571,0.8913615470945041,0.0,0.5828348014124537,404.6110191345215
N7_E10b_T12b,N7,amazon_edge_006,edge_multihop,test,1.0,0.0,0.0,0.3333333333333333,404.6110191345215
N7_E10b_T12b,N7,amazon_edge_007,edge_multihop,test,0.5,0.0,0.0,0.1666666666666666,404.6110191345215
N7_E10b_T12b,N7,amazon_edge_008,edge_multihop,test,1.0,0.0,0.0,0.3333333333333333,404.6110191345215
N7_E10b_T12b,N7,amazon_edge_009,edge_multihop,train,1.0,0.0,0.0,0.3333333333333333,404.6110191345215
N7_E10b_T12b,N7,amazon_edge_010,edge_multihop,train,1.0,0.9455911222529484,0.5,0.8151970407509829,404.6110191345215
N7_E10b_T12b,N7,amazon_edge_011,edge_multihop,test,0.6666666666666666,0.88686223767465,0.25,0.6011763014471055,404.6110191345215
N7_E10b_T12b,N7,amazon_edge_012,edge_multihop,test,0.8,0.8902108572862112,0.5,0.7300702857620704,404.6110191345215
N7_E10b_T12b,N7,amazon_edge_013,edge_multihop,test,0.8,0.8887636044522746,1.0,0.8962545348174249,404.6110191345215
N7_E10b_T12b,N7,amazon_edge_014,edge_multihop,test,1.0,0.8269260398218584,0.5,0.7756420132739529,404.6110191345215
N7_E10b_T12b,N7,amazon_edge_015,edge_multihop,train,0.8,0.0,0.0,0.2666666666666666,404.6110191345215
N7_E10b_T12b,N7,amazon_edge_016,edge_multihop,train,1.0,0.0,0.0,0.3333333333333333,404.6110191345215
N7_E10b_T12b,N7,amazon_edge_017,edge_multihop,train,0.6666666666666666,0.7715193808706095,0.0,0.479395349179092,404.6110191345215
N7_E10b_T12b,N7,amazon_edge_018,edge_multihop,train,1.0,0.8622376184621924,0.0,0.6207458728207308,404.6110191345215
N7_E10b_T12b,N7,amazon_edge_019,edge_multihop,train,1.0,0.0,0.0,0.3333333333333333,404.6110191345215
N7_E10b_T12b,N7,amazon_edge_020,edge_multihop,train,1.0,0.8890301718158726,0.5,0.7963433906052909,404.6110191345215
N7_E10b_T12b,N7,amazon_edge_021,edge_multihop,test,0.8333333333333334,0.8576028270151632,0.0,0.5636453867828322,404.6110191345215
N7_E10b_T12b,N7,amazon_edge_022,edge_multihop,test,0.6666666666666666,0.8806839067402764,0.5,0.6824501911356476,404.6110191345215
N7_E10b_T12b,N7,amazon_edge_023,edge_multihop,train,1.0,0.8354055843283535,0.75,0.8618018614427845,404.6110191345215
N7_E10b_T12b,N7,amazon_edge_024,edge_multihop,train,1.0,0.857587250343979,0.0,0.6191957501146597,404.6110191345215
N7_E10b_T12b,N7,amazon_edge_025,edge_multihop,train,0.5,0.8863599335397643,0.0,0.4621199778465881,404.6110191345215
N7_E10b_T12b,N7,amazon_edge_026,edge_multihop,test,0.8333333333333334,0.0,0.0,0.2777777777777778,404.6110191345215
N7_E10b_T12b,N7,amazon_edge_027,edge_multihop,test,1.0,0.8658250159167502,0.5,0.7886083386389168,404.6110191345215
N7_E10b_T12b,N7,amazon_edge_028,edge_multihop,test,1.0,0.0,0.75,0.5833333333333334,404.6110191345215
N7_E10b_T12b,N7,amazon_edge_029,edge_multihop,train,1.0,0.8670492659234149,0.5,0.7890164219744716,404.6110191345215
N7_E10b_T12b,N7,amazon_edge_030,edge_multihop,train,1.0,0.943649206524327,0.0,0.6478830688414424,404.6110191345215
N7_E10b_T12b,N7,amazon_edge_031,edge_multihop,test,0.5,0.8602577258481251,0.25,0.5367525752827084,404.6110191345215
N7_E10b_T12b,N7,amazon_edge_032,edge_multihop,test,1.0,0.0,0.0,0.3333333333333333,404.6110191345215
N7_E10b_T12b,N7,amazon_edge_033,edge_multihop,test,1.0,0.8707336179826686,0.0,0.6235778726608895,404.6110191345215
N7_E10b_T12b,N7,amazon_sh_035,single_specific,test,1.0,1.0000000000000002,1.0,1.0,404.6110191345215
N7_E10b_T12b,N7,amazon_sh_036,single_specific,train,0.3333333333333333,0.8728317974074146,1.0,0.7353883769135826,404.6110191345215
N7_E10b_T12b,N7,amazon_sh_037,single_specific,test,1.0,0.9039188647201378,1.0,0.9679729549067124,404.6110191345215
N7_E10b_T12b,N7,amazon_sh_038,single_specific,test,0.5,0.5046150055499499,1.0,0.6682050018499833,404.6110191345215
N7_E10b_T12b,N7,amazon_sh_039,single_specific,test,1.0,0.3483370889285906,0.5,0.6161123629761969,404.6110191345215
N7_E10b_T12b,N7,amazon_sh_040,single_specific,train,1.0,0.8484764627212321,1.0,0.9494921542404108,404.6110191345215
N7_E10b_T12b,N7,amazon_sh_041,single_specific,test,1.0,0.907490580495989,1.0,0.9691635268319964,404.6110191345215
N7_E10b_T12b,N7,amazon_sh_042,single_specific,train,1.0,0.6158820293645448,1.0,0.8719606764548482,404.6110191345215
N7_E10b_T12b,N7,amazon_sh_043,single_specific,test,1.0,0.843585877312897,1.0,0.947861959104299,404.6110191345215
N7_E10b_T12b,N7,amazon_sh_044,single_specific,train,1.0,0.9425422344180132,0.5,0.8141807448060043,404.6110191345215
N7_E10b_T12b,N7,amazon_sh_045,single_specific,train,1.0,0.906464395298367,1.0,0.9688214650994555,404.6110191345215
N7_E10b_T12b,N7,amazon_sh_046,single_specific,train,1.0,0.929193806728659,1.0,0.9763979355762196,404.6110191345215
N7_E10b_T12b,N7,amazon_sh_047,single_specific,train,1.0,0.9816050400694724,1.0,0.993868346689824,404.6110191345215
N7_E10b_T12b,N7,amazon_sh_048,single_specific,train,1.0,0.8419277105419994,0.5,0.7806425701806665,404.6110191345215
N7_E10b_T12b,N7,amazon_sh_049,single_specific,test,1.0,0.0,0.0,0.3333333333333333,404.6110191345215
N7_E10b_T12b,N7,amazon_sh_050,single_specific,train,1.0,0.8989795195516979,0.0,0.6329931731838992,404.6110191345215
N7_E10b_T12b,N7,amazon_sh_051,single_specific,test,1.0,0.9631811721366288,1.0,0.9877270573788764,404.6110191345215
N7_E10b_T12b,N7,amazon_sh_052,single_specific,test,1.0,0.9174100215706552,1.0,0.9724700071902184,404.6110191345215
N7_E10b_T12b,N7,amazon_sh_053,single_specific,train,0.0,0.9451679922831656,1.0,0.6483893307610552,404.6110191345215
N7_E10b_T12b,N7,amazon_sh_054,single_specific,test,1.0,0.9368190144099416,1.0,0.9789396714699804,404.6110191345215
N7_E10b_T12b,N7,amazon_sh_055,single_specific,test,1.0,0.9138647318197968,1.0,0.9712882439399324,404.6110191345215
N7_E10b_T12b,N7,amazon_sh_056,single_specific,test,1.0,0.8608748042485539,1.0,0.953624934749518,404.6110191345215
N7_E10b_T12b,N7,amazon_sh_057,single_specific,train,1.0,0.966886878269071,1.0,0.9889622927563568,404.6110191345215
N7_E10b_T12b,N7,amazon_sh_058,single_specific,test,1.0,0.9779962568490008,1.0,0.992665418949667,404.6110191345215
N7_E10b_T12b,N7,amazon_sh_059,single_specific,train,1.0,0.9640589885734338,1.0,0.9880196628578112,404.6110191345215
N7_E10b_T12b,N7,amazon_sh_060,single_specific,train,0.5,0.8104899722079125,0.0,0.4368299907359708,404.6110191345215
N7_E10b_T12b,N7,amazon_sh_061,single_specific,train,1.0,0.8357782403039661,1.0,0.9452594134346554,404.6110191345215
N7_E10b_T12b,N7,amazon_sh_062,single_specific,train,1.0,0.0,1.0,0.6666666666666666,404.6110191345215
N7_E10b_T12b,N7,amazon_sh_063,single_specific,test,0.5,0.7488694215857746,1.0,0.7496231405285916,404.6110191345215
N7_E10b_T12b,N7,amazon_sh_064,single_specific,test,1.0,0.661867620941798,1.0,0.8872892069805993,404.6110191345215
N7_E10b_T12b,N7,amazon_sh_065,single_specific,train,0.75,0.0,0.75,0.5,404.6110191345215
N7_E10b_T12b,N7,amazon_sh_066,single_specific,test,1.0,0.9367416389091072,1.0,0.9789138796363692,404.6110191345215
N7_E10b_T12b,N7,amazon_sh_067,single_specific,test,1.0,0.808326483299748,1.0,0.9361088277665828,404.6110191345215
N7_E10b_T12b,N7,amazon_sh_068,single_specific,test,0.6666666666666666,0.8552850333124756,1.0,0.840650566659714,404.6110191345215
N7_E10b_T12b,N7,amazon_sh_069,single_specific,test,1.0,1.0,1.0,1.0,404.6110191345215
N7_E10b_T12b,N7,amazon_sh_070,single_specific,test,0.5,0.6562958201761819,0.5,0.552098606725394,404.6110191345215
N7_E10b_T12b,N7,amazon_sh_071,single_specific,train,0.6,0.825971635875197,1.0,0.808657211958399,404.6110191345215
N7_E10b_T12b,N7,amazon_sh_072,single_specific,test,1.0,0.8253576689341433,1.0,0.9417858896447144,404.6110191345215
N7_E10b_T12b,N7,amazon_sh_073,single_specific,test,0.5,0.9999995827803576,1.0,0.8333331942601192,404.6110191345215
N7_E10b_T12b,N7,amazon_sh_074,single_specific,test,1.0,0.885697938362492,1.0,0.9618993127874974,404.6110191345215
N7_E10b_T12b,N7,amazon_sh_075,single_specific,train,1.0,0.923870657125216,1.0,0.974623552375072,404.6110191345215
N7_E10b_T12b,N7,amazon_sh_076,single_specific,test,1.0,0.91436336631758,1.0,0.9714544554391934,404.6110191345215
N7_E10b_T12b,N7,amazon_sh_077,single_specific,train,1.0,1.0000000000000002,1.0,1.0,404.6110191345215
N7_E10b_T12b,N7,amazon_sh_078,single_specific,train,0.6666666666666666,1.0,1.0,0.8888888888888888,404.6110191345215
N7_E10b_T12b,N7,amazon_sh_079,single_specific,test,1.0,0.8138548817682382,1.0,0.9379516272560794,404.6110191345215
N7_E10b_T12b,N7,amazon_sh_080,single_specific,test,1.0,0.9095743292682384,0.0,0.6365247764227462,404.6110191345215
N7_E10b_T12b,N7,amazon_sh_081,single_specific,train,0.8571428571428571,0.8435223713793328,0.75,0.8168884095073966,404.6110191345215
N7_E10b_T12b,N7,amazon_sh_082,single_specific,train,1.0,1.0,1.0,1.0,404.6110191345215
N7_E10c_T12a,N7,amazon_sh_000,single_specific,test,1.0,0.8170818541864504,1.0,0.9390272847288168,381.9882130622864
N7_E10c_T12a,N7,amazon_sh_001,single_specific,test,0.25,0.8280802237139411,1.0,0.6926934079046471,381.9882130622864
N7_E10c_T12a,N7,amazon_sh_002,single_specific,test,1.0,0.7876325801824163,1.0,0.9292108600608054,381.9882130622864
N7_E10c_T12a,N7,amazon_sh_003,single_specific,train,1.0,1.0,1.0,1.0,381.9882130622864
N7_E10c_T12a,N7,amazon_sh_004,single_specific,train,0.0,0.930522510310168,0.0,0.3101741701033892,381.9882130622864
N7_E10c_T12a,N7,amazon_sh_005,single_specific,train,0.6666666666666666,0.0,0.0,0.2222222222222222,381.9882130622864
N7_E10c_T12a,N7,amazon_sh_006,single_specific,train,1.0,0.7407670384330607,0.0,0.5802556794776869,381.9882130622864
N7_E10c_T12a,N7,amazon_sh_007,single_specific,train,1.0,0.8304812466855305,0.5,0.7768270822285102,381.9882130622864
N7_E10c_T12a,N7,amazon_sh_008,single_specific,train,1.0,0.8951734238241057,1.0,0.9650578079413686,381.9882130622864
N7_E10c_T12a,N7,amazon_sh_009,single_specific,train,0.5,0.7978179681051673,0.0,0.4326059893683891,381.9882130622864
N7_E10c_T12a,N7,amazon_sh_010,single_specific,test,1.0,0.9894478285748414,0.5,0.8298159428582804,381.9882130622864
N7_E10c_T12a,N7,amazon_sh_011,single_specific,train,1.0,0.9413999766091082,1.0,0.9804666588697027,381.9882130622864
N7_E10c_T12a,N7,amazon_sh_012,single_specific,train,1.0,0.9058501712405652,1.0,0.9686167237468551,381.9882130622864
N7_E10c_T12a,N7,amazon_sh_013,single_specific,train,1.0,0.8794838210607301,1.0,0.9598279403535768,381.9882130622864
N7_E10c_T12a,N7,amazon_sh_014,single_specific,train,0.5,0.0,0.0,0.1666666666666666,381.9882130622864
N7_E10c_T12a,N7,amazon_sh_015,single_specific,test,1.0,0.9999996081507908,1.0,0.999999869383597,381.9882130622864
N7_E10c_T12a,N7,amazon_sh_016,single_specific,test,1.0,0.933482136475678,1.0,0.977827378825226,381.9882130622864
N7_E10c_T12a,N7,amazon_sh_017,single_specific,test,1.0,0.8748293269562432,1.0,0.9582764423187476,381.9882130622864
N7_E10c_T12a,N7,amazon_sh_018,single_specific,test,1.0,0.9468635780592912,1.0,0.982287859353097,381.9882130622864
N7_E10c_T12a,N7,amazon_sh_019,single_specific,test,0.75,0.528904318457332,1.0,0.7596347728191106,381.9882130622864
N7_E10c_T12a,N7,amazon_sh_020,single_specific,train,1.0,0.9505104101910646,1.0,0.9835034700636882,381.9882130622864
N7_E10c_T12a,N7,amazon_sh_021,single_specific,train,1.0,0.9367608133256224,1.0,0.9789202711085409,381.9882130622864
N7_E10c_T12a,N7,amazon_sh_022,single_specific,test,1.0,0.9999996141141332,0.0,0.6666665380380444,381.9882130622864
N7_E10c_T12a,N7,amazon_sh_023,single_specific,test,1.0,0.8911322288131812,1.0,0.9637107429377272,381.9882130622864
N7_E10c_T12a,N7,amazon_sh_024,single_specific,test,1.0,0.5775706004226163,1.0,0.8591902001408721,381.9882130622864
N7_E10c_T12a,N7,amazon_sh_025,single_specific,train,1.0,0.9565641427043792,1.0,0.9855213809014596,381.9882130622864
N7_E10c_T12a,N7,amazon_sh_026,single_specific,train,1.0,0.8100540930793697,1.0,0.9366846976931232,381.9882130622864
N7_E10c_T12a,N7,amazon_sh_027,single_specific,test,1.0,0.9145888380019076,1.0,0.9715296126673024,381.9882130622864
N7_E10c_T12a,N7,amazon_sh_028,single_specific,train,1.0,0.0,0.0,0.3333333333333333,381.9882130622864
N7_E10c_T12a,N7,amazon_sh_029,single_specific,test,1.0,0.0,0.0,0.3333333333333333,381.9882130622864
N7_E10c_T12a,N7,amazon_sh_030,single_specific,test,0.5,0.9111840584043088,0.0,0.4703946861347696,381.9882130622864
N7_E10c_T12a,N7,amazon_sh_031,single_specific,test,1.0,0.8334174574162377,0.5,0.7778058191387459,381.9882130622864
N7_E10c_T12a,N7,amazon_sh_032,single_specific,test,0.5,0.8640145652830081,1.0,0.788004855094336,381.9882130622864
N7_E10c_T12a,N7,amazon_sh_033,single_specific,train,0.0,0.9277050661083782,0.0,0.3092350220361261,381.9882130622864
N7_E10c_T12a,N7,amazon_sh_034,single_specific,train,1.0,0.9957728779710776,1.0,0.9985909593236926,381.9882130622864
N7_E10c_T12a,N7,amazon_agg_000,aggregate_cross_paper,train,1.0,0.7751410838586321,1.0,0.9250470279528774,381.9882130622864
N7_E10c_T12a,N7,amazon_agg_001,aggregate_cross_paper,test,0.8888888888888888,0.412970369644192,1.0,0.7672864195110268,381.9882130622864
N7_E10c_T12a,N7,amazon_agg_002,aggregate_cross_paper,test,0.6666666666666666,0.5543442507267423,1.0,0.7403369724644696,381.9882130622864
N7_E10c_T12a,N7,amazon_agg_003,aggregate_cross_paper,test,0.5,0.8549413723815368,1.0,0.7849804574605123,381.9882130622864
N7_E10c_T12a,N7,amazon_agg_004,aggregate_cross_paper,train,0.8,0.693155070125853,1.0,0.831051690041951,381.9882130622864
N7_E10c_T12a,N7,amazon_agg_005,aggregate_cross_paper,train,0.75,0.4109707604818347,1.0,0.7203235868272783,381.9882130622864
N7_E10c_T12a,N7,amazon_agg_006,aggregate_cross_paper,test,0.8,0.5468214677922411,1.0,0.7822738225974137,381.9882130622864
N7_E10c_T12a,N7,amazon_agg_007,aggregate_cross_paper,train,0.8,0.5357720228659473,1.0,0.7785906742886491,381.9882130622864
N7_E10c_T12a,N7,amazon_agg_008,aggregate_cross_paper,test,1.0,0.6965361064907103,1.0,0.8988453688302368,381.9882130622864
N7_E10c_T12a,N7,amazon_agg_009,aggregate_cross_paper,train,0.3333333333333333,0.8132356672636061,0.5,0.5488563335323131,381.9882130622864
N7_E10c_T12a,N7,amazon_agg_010,aggregate_cross_paper,train,1.0,0.657147922093233,1.0,0.8857159740310777,381.9882130622864
N7_E10c_T12a,N7,amazon_agg_011,aggregate_cross_paper,train,0.75,0.6535607364906428,1.0,0.8011869121635476,381.9882130622864
N7_E10c_T12a,N7,amazon_agg_012,aggregate_cross_paper,train,0.8,0.9082151361760272,0.5,0.7360717120586758,381.9882130622864
N7_E10c_T12a,N7,amazon_agg_013,aggregate_cross_paper,train,0.6666666666666666,0.8946482952465966,0.75,0.7704383206377544,381.9882130622864
N7_E10c_T12a,N7,amazon_agg_014,aggregate_cross_paper,test,0.5,0.6716817085333718,1.0,0.7238939028444573,381.9882130622864
N7_E10c_T12a,N7,amazon_agg_015,aggregate_cross_paper,train,0.6,0.0,0.5,0.3666666666666667,381.9882130622864
N7_E10c_T12a,N7,amazon_agg_016,aggregate_cross_paper,train,1.0,0.8510010754963307,1.0,0.9503336918321102,381.9882130622864
N7_E10c_T12a,N7,amazon_agg_017,aggregate_cross_paper,test,1.0,0.3913472040957859,1.0,0.7971157346985954,381.9882130622864
N7_E10c_T12a,N7,amazon_agg_018,aggregate_cross_paper,train,0.625,0.8468907795507035,1.0,0.8239635931835677,381.9882130622864
N7_E10c_T12a,N7,amazon_agg_019,aggregate_cross_paper,train,0.6666666666666666,0.7962009991696761,0.25,0.5709558886121142,381.9882130622864
N7_E10c_T12a,N7,amazon_agg_020,aggregate_cross_paper,test,0.3333333333333333,0.4420182324536906,0.5,0.4251171885956746,381.9882130622864
N7_E10c_T12a,N7,amazon_agg_021,aggregate_cross_paper,test,1.0,0.5080205591249558,1.0,0.8360068530416519,381.9882130622864
N7_E10c_T12a,N7,amazon_agg_022,aggregate_cross_paper,train,1.0,0.8176871576538755,1.0,0.939229052551292,381.9882130622864
N7_E10c_T12a,N7,amazon_agg_023,aggregate_cross_paper,test,0.5,0.8587622804407168,1.0,0.786254093480239,381.9882130622864
N7_E10c_T12a,N7,amazon_agg_024,aggregate_cross_paper,test,0.0,0.8719344730103181,1.0,0.623978157670106,381.9882130622864
N7_E10c_T12a,N7,amazon_agg_025,aggregate_cross_paper,train,0.75,0.4364332472419822,0.75,0.6454777490806608,381.9882130622864
N7_E10c_T12a,N7,amazon_agg_026,aggregate_cross_paper,train,1.0,0.7910556880012417,1.0,0.930351896000414,381.9882130622864
N7_E10c_T12a,N7,amazon_agg_027,aggregate_cross_paper,train,1.0,0.7262984839605829,1.0,0.9087661613201944,381.9882130622864
N7_E10c_T12a,N7,amazon_agg_028,aggregate_cross_paper,train,0.6666666666666666,0.8174213918532157,1.0,0.8280293528399607,381.9882130622864
N7_E10c_T12a,N7,amazon_agg_029,aggregate_cross_paper,test,0.8571428571428571,0.6999666961050496,1.0,0.8523698510826355,381.9882130622864
N7_E10c_T12a,N7,amazon_agg_030,aggregate_cross_paper,train,0.8571428571428571,0.5775208006276743,1.0,0.8115545525901772,381.9882130622864
N7_E10c_T12a,N7,amazon_agg_031,aggregate_cross_paper,train,0.3333333333333333,0.8428608713339,1.0,0.725398068222411,381.9882130622864
N7_E10c_T12a,N7,amazon_agg_032,aggregate_cross_paper,test,1.0,0.7626674777888695,1.0,0.9208891592629564,381.9882130622864
N7_E10c_T12a,N7,amazon_edge_000,edge_multihop,test,1.0,0.8702720760155636,0.0,0.6234240253385211,381.9882130622864
N7_E10c_T12a,N7,amazon_edge_001,edge_multihop,test,0.6666666666666666,0.921947255020129,0.5,0.6962046405622653,381.9882130622864
N7_E10c_T12a,N7,amazon_edge_002,edge_multihop,test,1.0,0.0,0.0,0.3333333333333333,381.9882130622864
N7_E10c_T12a,N7,amazon_edge_003,edge_multihop,test,1.0,0.8153576113120208,0.5,0.7717858704373403,381.9882130622864
N7_E10c_T12a,N7,amazon_edge_004,edge_multihop,test,0.6666666666666666,0.0,0.0,0.2222222222222222,381.9882130622864
N7_E10c_T12a,N7,amazon_edge_005,edge_multihop,train,1.0,0.8978465013303082,0.0,0.6326155004434361,381.9882130622864
N7_E10c_T12a,N7,amazon_edge_006,edge_multihop,test,1.0,0.0,0.0,0.3333333333333333,381.9882130622864
N7_E10c_T12a,N7,amazon_edge_007,edge_multihop,test,0.5,0.0,0.0,0.1666666666666666,381.9882130622864
N7_E10c_T12a,N7,amazon_edge_008,edge_multihop,test,1.0,0.0,0.0,0.3333333333333333,381.9882130622864
N7_E10c_T12a,N7,amazon_edge_009,edge_multihop,train,1.0,0.0,0.0,0.3333333333333333,381.9882130622864
N7_E10c_T12a,N7,amazon_edge_010,edge_multihop,train,1.0,0.8972186604841264,0.5,0.7990728868280422,381.9882130622864
N7_E10c_T12a,N7,amazon_edge_011,edge_multihop,test,0.8333333333333334,0.8858562186522311,0.0,0.5730631839951882,381.9882130622864
N7_E10c_T12a,N7,amazon_edge_012,edge_multihop,test,0.6666666666666666,0.7834829256650413,0.5,0.6500498641105693,381.9882130622864
N7_E10c_T12a,N7,amazon_edge_013,edge_multihop,test,0.8,0.8888985355889231,1.0,0.8962995118629743,381.9882130622864
N7_E10c_T12a,N7,amazon_edge_014,edge_multihop,test,1.0,0.8395266491245961,0.5,0.7798422163748654,381.9882130622864
N7_E10c_T12a,N7,amazon_edge_015,edge_multihop,train,0.8,0.0,0.0,0.2666666666666666,381.9882130622864
N7_E10c_T12a,N7,amazon_edge_016,edge_multihop,train,1.0,0.0,0.0,0.3333333333333333,381.9882130622864
N7_E10c_T12a,N7,amazon_edge_017,edge_multihop,train,0.7777777777777778,0.7516895743585436,0.0,0.5098224507121071,381.9882130622864
N7_E10c_T12a,N7,amazon_edge_018,edge_multihop,train,1.0,0.8588705338461455,0.0,0.6196235112820485,381.9882130622864
N7_E10c_T12a,N7,amazon_edge_019,edge_multihop,train,1.0,0.0,0.0,0.3333333333333333,381.9882130622864
N7_E10c_T12a,N7,amazon_edge_020,edge_multihop,train,0.6666666666666666,0.8869532636139977,0.5,0.6845399767602215,381.9882130622864
N7_E10c_T12a,N7,amazon_edge_021,edge_multihop,test,1.0,0.8575939561140717,0.0,0.6191979853713573,381.9882130622864
N7_E10c_T12a,N7,amazon_edge_022,edge_multihop,test,0.5,0.8806839067402764,0.5,0.6268946355800922,381.9882130622864
N7_E10c_T12a,N7,amazon_edge_023,edge_multihop,train,1.0,0.835452387647447,0.75,0.861817462549149,381.9882130622864
N7_E10c_T12a,N7,amazon_edge_024,edge_multihop,train,1.0,0.8617803415600293,0.0,0.6205934471866764,381.9882130622864
N7_E10c_T12a,N7,amazon_edge_025,edge_multihop,train,0.5,0.8773722191604003,0.0,0.4591240730534667,381.9882130622864
N7_E10c_T12a,N7,amazon_edge_026,edge_multihop,test,0.8333333333333334,0.0,0.0,0.2777777777777778,381.9882130622864
N7_E10c_T12a,N7,amazon_edge_027,edge_multihop,test,0.875,0.8865173857899333,0.5,0.7538391285966445,381.9882130622864
N7_E10c_T12a,N7,amazon_edge_028,edge_multihop,test,1.0,0.0,0.75,0.5833333333333334,381.9882130622864
N7_E10c_T12a,N7,amazon_edge_029,edge_multihop,train,1.0,0.8670492659234149,0.5,0.7890164219744716,381.9882130622864
N7_E10c_T12a,N7,amazon_edge_030,edge_multihop,train,1.0,0.9436373474223124,0.0,0.6478791158074374,381.9882130622864
N7_E10c_T12a,N7,amazon_edge_031,edge_multihop,test,0.5,0.8602577258481252,0.25,0.5367525752827084,381.9882130622864
N7_E10c_T12a,N7,amazon_edge_032,edge_multihop,test,0.6666666666666666,0.0,0.0,0.2222222222222222,381.9882130622864
N7_E10c_T12a,N7,amazon_edge_033,edge_multihop,test,1.0,0.8561841098100033,0.0,0.6187280366033344,381.9882130622864
N7_E10c_T12a,N7,amazon_sh_035,single_specific,test,0.6666666666666666,0.9999996481442764,1.0,0.8888887716036477,381.9882130622864
N7_E10c_T12a,N7,amazon_sh_036,single_specific,train,0.3333333333333333,0.8810012170908088,1.0,0.7381115168080473,381.9882130622864
N7_E10c_T12a,N7,amazon_sh_037,single_specific,test,1.0,0.9039842199152618,1.0,0.967994739971754,381.9882130622864
N7_E10c_T12a,N7,amazon_sh_038,single_specific,test,0.5,0.5534231819028915,1.0,0.6844743939676304,381.9882130622864
N7_E10c_T12a,N7,amazon_sh_039,single_specific,test,1.0,0.3482180719983134,0.5,0.6160726906661045,381.9882130622864
N7_E10c_T12a,N7,amazon_sh_040,single_specific,train,1.0,0.8484852032871547,1.0,0.9494950677623848,381.9882130622864
N7_E10c_T12a,N7,amazon_sh_041,single_specific,test,1.0,0.9075110864840172,1.0,0.9691703621613392,381.9882130622864
N7_E10c_T12a,N7,amazon_sh_042,single_specific,train,0.8,0.615944383673591,1.0,0.8053147945578637,381.9882130622864
N7_E10c_T12a,N7,amazon_sh_043,single_specific,test,1.0,0.8435667622268602,1.0,0.9478555874089536,381.9882130622864
N7_E10c_T12a,N7,amazon_sh_044,single_specific,train,0.6666666666666666,0.9425589179030008,0.5,0.7030751948565559,381.9882130622864
N7_E10c_T12a,N7,amazon_sh_045,single_specific,train,1.0,0.8855470619317488,1.0,0.9618490206439164,381.9882130622864
N7_E10c_T12a,N7,amazon_sh_046,single_specific,train,1.0,0.952803466071918,1.0,0.9842678220239728,381.9882130622864
N7_E10c_T12a,N7,amazon_sh_047,single_specific,train,1.0,0.9816050334101132,1.0,0.9938683444700376,381.9882130622864
N7_E10c_T12a,N7,amazon_sh_048,single_specific,train,1.0,0.8407020787625993,0.5,0.7802340262541998,381.9882130622864
N7_E10c_T12a,N7,amazon_sh_049,single_specific,test,1.0,0.0,0.0,0.3333333333333333,381.9882130622864
N7_E10c_T12a,N7,amazon_sh_050,single_specific,train,1.0,0.8989883244101627,0.0,0.6329961081367209,381.9882130622864
N7_E10c_T12a,N7,amazon_sh_051,single_specific,test,1.0,0.9754497428900064,1.0,0.9918165809633354,381.9882130622864
N7_E10c_T12a,N7,amazon_sh_052,single_specific,test,1.0,0.9174100215706552,1.0,0.9724700071902184,381.9882130622864
N7_E10c_T12a,N7,amazon_sh_053,single_specific,train,0.0,0.5811185221852614,1.0,0.5270395073950871,381.9882130622864
N7_E10c_T12a,N7,amazon_sh_054,single_specific,test,1.0,0.8104578586881073,1.0,0.936819286229369,381.9882130622864
N7_E10c_T12a,N7,amazon_sh_055,single_specific,test,1.0,0.9138808296946892,1.0,0.9712936098982298,381.9882130622864
N7_E10c_T12a,N7,amazon_sh_056,single_specific,test,1.0,0.8608067053538795,1.0,0.9536022351179598,381.9882130622864
N7_E10c_T12a,N7,amazon_sh_057,single_specific,train,1.0,0.9668694022973032,1.0,0.9889564674324344,381.9882130622864
N7_E10c_T12a,N7,amazon_sh_058,single_specific,test,1.0,0.9841581000766204,1.0,0.9947193666922068,381.9882130622864
N7_E10c_T12a,N7,amazon_sh_059,single_specific,train,1.0,0.964072236317622,1.0,0.9880240787725408,381.9882130622864
N7_E10c_T12a,N7,amazon_sh_060,single_specific,train,1.0,0.8104796889170528,0.0,0.6034932296390175,381.9882130622864
N7_E10c_T12a,N7,amazon_sh_061,single_specific,train,1.0,0.8397084556951814,1.0,0.9465694852317272,381.9882130622864
N7_E10c_T12a,N7,amazon_sh_062,single_specific,train,1.0,0.0,1.0,0.6666666666666666,381.9882130622864
N7_E10c_T12a,N7,amazon_sh_063,single_specific,test,0.5,0.7488249503885628,1.0,0.7496083167961877,381.9882130622864
N7_E10c_T12a,N7,amazon_sh_064,single_specific,test,1.0,0.661867620941798,1.0,0.8872892069805993,381.9882130622864
N7_E10c_T12a,N7,amazon_sh_065,single_specific,train,0.75,0.0,0.75,0.5,381.9882130622864
N7_E10c_T12a,N7,amazon_sh_066,single_specific,test,1.0,0.9367083856351612,1.0,0.9789027952117204,381.9882130622864
N7_E10c_T12a,N7,amazon_sh_067,single_specific,test,1.0,0.8083200423309863,1.0,0.9361066807769954,381.9882130622864
N7_E10c_T12a,N7,amazon_sh_068,single_specific,test,0.6666666666666666,0.8552850333124756,1.0,0.840650566659714,381.9882130622864
N7_E10c_T12a,N7,amazon_sh_069,single_specific,test,1.0,1.0,1.0,1.0,381.9882130622864
N7_E10c_T12a,N7,amazon_sh_070,single_specific,test,0.5,0.6562958201761819,0.25,0.4687652733920606,381.9882130622864
N7_E10c_T12a,N7,amazon_sh_071,single_specific,train,0.6,0.8260155052073802,1.0,0.8086718350691268,381.9882130622864
N7_E10c_T12a,N7,amazon_sh_072,single_specific,test,1.0,0.814152724143801,1.0,0.9380509080479336,381.9882130622864
N7_E10c_T12a,N7,amazon_sh_073,single_specific,test,0.5,0.9999999999999998,1.0,0.8333333333333334,381.9882130622864
N7_E10c_T12a,N7,amazon_sh_074,single_specific,test,1.0,0.8825183907933352,1.0,0.9608394635977784,381.9882130622864
N7_E10c_T12a,N7,amazon_sh_075,single_specific,train,1.0,0.923870657125216,1.0,0.974623552375072,381.9882130622864
N7_E10c_T12a,N7,amazon_sh_076,single_specific,test,1.0,0.9143481788860948,1.0,0.9714493929620316,381.9882130622864
N7_E10c_T12a,N7,amazon_sh_077,single_specific,train,1.0,1.0000000000000002,1.0,1.0,381.9882130622864
N7_E10c_T12a,N7,amazon_sh_078,single_specific,train,0.6666666666666666,1.0,1.0,0.8888888888888888,381.9882130622864
N7_E10c_T12a,N7,amazon_sh_079,single_specific,test,1.0,0.8138548817682382,1.0,0.9379516272560794,381.9882130622864
N7_E10c_T12a,N7,amazon_sh_080,single_specific,test,1.0,0.9096283901962404,0.0,0.6365427967320801,381.9882130622864
N7_E10c_T12a,N7,amazon_sh_081,single_specific,train,1.0,0.8435736894806916,0.75,0.8645245631602304,381.9882130622864
N7_E10c_T12a,N7,amazon_sh_082,single_specific,train,1.0,0.9999996641152576,1.0,0.9999998880384192,381.9882130622864
N7_E10c_T12b,N7,amazon_sh_000,single_specific,test,0.75,0.8558071758423685,1.0,0.8686023919474563,448.7380337715149
N7_E10c_T12b,N7,amazon_sh_001,single_specific,test,0.75,0.8412011763422598,1.0,0.8637337254474199,448.7380337715149
N7_E10c_T12b,N7,amazon_sh_002,single_specific,test,1.0,0.7876325801824163,1.0,0.9292108600608054,448.7380337715149
N7_E10c_T12b,N7,amazon_sh_003,single_specific,train,1.0,0.9999996472735704,1.0,0.9999998824245236,448.7380337715149
N7_E10c_T12b,N7,amazon_sh_004,single_specific,train,0.0,0.930522510310168,0.0,0.3101741701033892,448.7380337715149
N7_E10c_T12b,N7,amazon_sh_005,single_specific,train,0.6666666666666666,0.0,0.0,0.2222222222222222,448.7380337715149
N7_E10c_T12b,N7,amazon_sh_006,single_specific,train,1.0,0.7407613366286152,0.0,0.5802537788762051,448.7380337715149
N7_E10c_T12b,N7,amazon_sh_007,single_specific,train,1.0,0.8304812466855305,0.5,0.7768270822285102,448.7380337715149
N7_E10c_T12b,N7,amazon_sh_008,single_specific,train,1.0,0.8951734238241056,1.0,0.9650578079413684,448.7380337715149
N7_E10c_T12b,N7,amazon_sh_009,single_specific,train,1.0,0.7978576717851543,0.5,0.7659525572617181,448.7380337715149
N7_E10c_T12b,N7,amazon_sh_010,single_specific,test,1.0,0.9788956571496829,0.5,0.8262985523832276,448.7380337715149
N7_E10c_T12b,N7,amazon_sh_011,single_specific,train,1.0,0.9414126641115916,1.0,0.9804708880371972,448.7380337715149
N7_E10c_T12b,N7,amazon_sh_012,single_specific,train,1.0,0.9058719284353532,1.0,0.9686239761451176,448.7380337715149
N7_E10c_T12b,N7,amazon_sh_013,single_specific,train,1.0,0.8796492566539136,1.0,0.9598830855513046,448.7380337715149
N7_E10c_T12b,N7,amazon_sh_014,single_specific,train,0.5,0.0,0.0,0.1666666666666666,448.7380337715149
N7_E10c_T12b,N7,amazon_sh_015,single_specific,test,1.0,0.9999996190394423,1.0,0.9999998730131474,448.7380337715149
N7_E10c_T12b,N7,amazon_sh_016,single_specific,test,1.0,0.933482136475678,1.0,0.977827378825226,448.7380337715149
N7_E10c_T12b,N7,amazon_sh_017,single_specific,test,1.0,0.8748170651599895,1.0,0.95827235505333,448.7380337715149
N7_E10c_T12b,N7,amazon_sh_018,single_specific,test,1.0,0.946864045309291,1.0,0.982288015103097,448.7380337715149
N7_E10c_T12b,N7,amazon_sh_019,single_specific,test,0.8333333333333334,0.5288517001725256,1.0,0.7873950111686195,448.7380337715149
N7_E10c_T12b,N7,amazon_sh_020,single_specific,train,1.0,0.9539697791630024,1.0,0.9846565930543342,448.7380337715149
N7_E10c_T12b,N7,amazon_sh_021,single_specific,train,1.0,0.9367674307585664,1.0,0.978922476919522,448.7380337715149
N7_E10c_T12b,N7,amazon_sh_022,single_specific,test,1.0,0.99999963248568,0.0,0.6666665441618934,448.7380337715149
N7_E10c_T12b,N7,amazon_sh_023,single_specific,test,1.0,0.8911322288131812,1.0,0.9637107429377272,448.7380337715149
N7_E10c_T12b,N7,amazon_sh_024,single_specific,test,1.0,0.5775706004226163,1.0,0.8591902001408721,448.7380337715149
N7_E10c_T12b,N7,amazon_sh_025,single_specific,train,1.0,0.956546680140122,1.0,0.9855155600467076,448.7380337715149
N7_E10c_T12b,N7,amazon_sh_026,single_specific,train,1.0,0.8101054744866767,1.0,0.9367018248288922,448.7380337715149
N7_E10c_T12b,N7,amazon_sh_027,single_specific,test,0.5,0.9145888380019078,1.0,0.804862946000636,448.7380337715149
N7_E10c_T12b,N7,amazon_sh_028,single_specific,train,1.0,0.0,0.0,0.3333333333333333,448.7380337715149
N7_E10c_T12b,N7,amazon_sh_029,single_specific,test,0.5,0.0,0.0,0.1666666666666666,448.7380337715149
N7_E10c_T12b,N7,amazon_sh_030,single_specific,test,0.5,0.9111755123984752,0.0,0.4703918374661584,448.7380337715149
N7_E10c_T12b,N7,amazon_sh_031,single_specific,test,1.0,0.8222513811418622,0.5,0.7740837937139541,448.7380337715149
N7_E10c_T12b,N7,amazon_sh_032,single_specific,test,0.5,0.864013881190247,1.0,0.7880046270634157,448.7380337715149
N7_E10c_T12b,N7,amazon_sh_033,single_specific,train,0.0,0.9395287609027873,0.0,0.3131762536342624,448.7380337715149
N7_E10c_T12b,N7,amazon_sh_034,single_specific,train,1.0,0.9957444018549164,1.0,0.998581467284972,448.7380337715149
N7_E10c_T12b,N7,amazon_agg_000,aggregate_cross_paper,train,1.0,0.7875769393292966,1.0,0.9291923131097656,448.7380337715149
N7_E10c_T12b,N7,amazon_agg_001,aggregate_cross_paper,test,0.75,0.8212551415100334,1.0,0.8570850471700111,448.7380337715149
N7_E10c_T12b,N7,amazon_agg_002,aggregate_cross_paper,test,0.6,0.6225477465102588,1.0,0.7408492488367528,448.7380337715149
N7_E10c_T12b,N7,amazon_agg_003,aggregate_cross_paper,test,0.6666666666666666,0.8549281597296998,1.0,0.8405316087987887,448.7380337715149
N7_E10c_T12b,N7,amazon_agg_004,aggregate_cross_paper,train,0.7142857142857143,0.4557189889919415,1.0,0.7233349010925519,448.7380337715149
N7_E10c_T12b,N7,amazon_agg_005,aggregate_cross_paper,train,0.75,0.4109781726712836,1.0,0.7203260575570946,448.7380337715149
N7_E10c_T12b,N7,amazon_agg_006,aggregate_cross_paper,test,0.8,0.5468132338303484,1.0,0.7822710779434495,448.7380337715149
N7_E10c_T12b,N7,amazon_agg_007,aggregate_cross_paper,train,1.0,0.5442674949530347,1.0,0.8480891649843448,448.7380337715149
N7_E10c_T12b,N7,amazon_agg_008,aggregate_cross_paper,test,1.0,0.6965197817881867,1.0,0.8988399272627289,448.7380337715149
N7_E10c_T12b,N7,amazon_agg_009,aggregate_cross_paper,train,0.3333333333333333,0.8132356672636061,0.5,0.5488563335323131,448.7380337715149
N7_E10c_T12b,N7,amazon_agg_010,aggregate_cross_paper,train,1.0,0.6571139281164199,1.0,0.8857046427054733,448.7380337715149
N7_E10c_T12b,N7,amazon_agg_011,aggregate_cross_paper,train,0.625,0.6720091312453714,1.0,0.7656697104151239,448.7380337715149
N7_E10c_T12b,N7,amazon_agg_012,aggregate_cross_paper,train,0.8,0.8817475012324175,0.75,0.8105825004108058,448.7380337715149
N7_E10c_T12b,N7,amazon_agg_013,aggregate_cross_paper,train,0.5,0.8946268125071191,0.75,0.7148756041690397,448.7380337715149
N7_E10c_T12b,N7,amazon_agg_014,aggregate_cross_paper,test,0.5,0.6716817085333718,1.0,0.7238939028444573,448.7380337715149
N7_E10c_T12b,N7,amazon_agg_015,aggregate_cross_paper,train,0.6,0.0,0.75,0.45,448.7380337715149
N7_E10c_T12b,N7,amazon_agg_016,aggregate_cross_paper,train,1.0,0.8701342812652977,1.0,0.9567114270884324,448.7380337715149
N7_E10c_T12b,N7,amazon_agg_017,aggregate_cross_paper,test,1.0,0.3929879815649124,1.0,0.7976626605216376,448.7380337715149
N7_E10c_T12b,N7,amazon_agg_018,aggregate_cross_paper,train,1.0,0.7292101066112534,1.0,0.9097367022037512,448.7380337715149
N7_E10c_T12b,N7,amazon_agg_019,aggregate_cross_paper,train,0.6666666666666666,0.7961674094301652,0.25,0.5709446920322773,448.7380337715149
N7_E10c_T12b,N7,amazon_agg_020,aggregate_cross_paper,test,0.3333333333333333,0.4420182324536906,0.5,0.4251171885956746,448.7380337715149
N7_E10c_T12b,N7,amazon_agg_021,aggregate_cross_paper,test,0.6,0.5080205591249558,1.0,0.7026735197083186,448.7380337715149
N7_E10c_T12b,N7,amazon_agg_022,aggregate_cross_paper,train,1.0,0.8176909717310425,1.0,0.9392303239103476,448.7380337715149
N7_E10c_T12b,N7,amazon_agg_023,aggregate_cross_paper,test,0.5,0.8586970112902682,1.0,0.786232337096756,448.7380337715149
N7_E10c_T12b,N7,amazon_agg_024,aggregate_cross_paper,test,0.0,0.8719045089475893,1.0,0.6239681696491964,448.7380337715149
N7_E10c_T12b,N7,amazon_agg_025,aggregate_cross_paper,train,0.75,0.5132318402817332,0.5,0.5877439467605777,448.7380337715149
N7_E10c_T12b,N7,amazon_agg_026,aggregate_cross_paper,train,0.8571428571428571,0.7966870012815043,1.0,0.8846099528081205,448.7380337715149
N7_E10c_T12b,N7,amazon_agg_027,aggregate_cross_paper,train,1.0,0.7188654941296947,1.0,0.9062884980432316,448.7380337715149
N7_E10c_T12b,N7,amazon_agg_028,aggregate_cross_paper,train,0.6666666666666666,0.8102758590044674,1.0,0.8256475085570446,448.7380337715149
N7_E10c_T12b,N7,amazon_agg_029,aggregate_cross_paper,test,0.8571428571428571,0.7894744486770042,1.0,0.8822057686066205,448.7380337715149
N7_E10c_T12b,N7,amazon_agg_030,aggregate_cross_paper,train,0.8571428571428571,0.5775293260554144,1.0,0.8115573943994239,448.7380337715149
N7_E10c_T12b,N7,amazon_agg_031,aggregate_cross_paper,train,0.3333333333333333,0.8652163361164918,1.0,0.7328498898166084,448.7380337715149
N7_E10c_T12b,N7,amazon_agg_032,aggregate_cross_paper,test,1.0,0.7626984615066794,1.0,0.9208994871688932,448.7380337715149
N7_E10c_T12b,N7,amazon_edge_000,edge_multihop,test,0.8,0.8441049164656644,0.0,0.5480349721552215,448.7380337715149
N7_E10c_T12b,N7,amazon_edge_001,edge_multihop,test,0.6666666666666666,0.921962232044598,0.5,0.6962096329037548,448.7380337715149
N7_E10c_T12b,N7,amazon_edge_002,edge_multihop,test,1.0,0.0,0.0,0.3333333333333333,448.7380337715149
N7_E10c_T12b,N7,amazon_edge_003,edge_multihop,test,1.0,0.7849115343534897,0.5,0.7616371781178298,448.7380337715149
N7_E10c_T12b,N7,amazon_edge_004,edge_multihop,test,1.0,0.0,0.0,0.3333333333333333,448.7380337715149
N7_E10c_T12b,N7,amazon_edge_005,edge_multihop,train,0.8571428571428571,0.8956932592657315,0.0,0.5842787054695295,448.7380337715149
N7_E10c_T12b,N7,amazon_edge_006,edge_multihop,test,1.0,0.0,0.25,0.4166666666666667,448.7380337715149
N7_E10c_T12b,N7,amazon_edge_007,edge_multihop,test,0.5,0.0,0.0,0.1666666666666666,448.7380337715149
N7_E10c_T12b,N7,amazon_edge_008,edge_multihop,test,1.0,0.0,0.0,0.3333333333333333,448.7380337715149
N7_E10c_T12b,N7,amazon_edge_009,edge_multihop,train,1.0,0.0,0.0,0.3333333333333333,448.7380337715149
N7_E10c_T12b,N7,amazon_edge_010,edge_multihop,train,1.0,0.8972186604841264,0.5,0.7990728868280422,448.7380337715149
N7_E10c_T12b,N7,amazon_edge_011,edge_multihop,test,0.6666666666666666,0.8868432947100235,0.0,0.5178366537922301,448.7380337715149
N7_E10c_T12b,N7,amazon_edge_012,edge_multihop,test,0.8,0.902762568186964,0.5,0.7342541893956547,448.7380337715149
N7_E10c_T12b,N7,amazon_edge_013,edge_multihop,test,0.8,0.8887636044522745,1.0,0.8962545348174249,448.7380337715149
N7_E10c_T12b,N7,amazon_edge_014,edge_multihop,test,1.0,0.8394738656996056,0.5,0.7798246218998686,448.7380337715149
N7_E10c_T12b,N7,amazon_edge_015,edge_multihop,train,0.8,0.0,0.0,0.2666666666666666,448.7380337715149
N7_E10c_T12b,N7,amazon_edge_016,edge_multihop,train,1.0,0.0,0.0,0.3333333333333333,448.7380337715149
N7_E10c_T12b,N7,amazon_edge_017,edge_multihop,train,0.7777777777777778,0.7808465184435238,0.0,0.5195414320737672,448.7380337715149
N7_E10c_T12b,N7,amazon_edge_018,edge_multihop,train,1.0,0.858895256519025,0.0,0.6196317521730084,448.7380337715149
N7_E10c_T12b,N7,amazon_edge_019,edge_multihop,train,1.0,0.0,0.0,0.3333333333333333,448.7380337715149
N7_E10c_T12b,N7,amazon_edge_020,edge_multihop,train,0.8333333333333334,0.8858045969646967,0.5,0.7397126434326767,448.7380337715149
N7_E10c_T12b,N7,amazon_edge_021,edge_multihop,test,1.0,0.8576028270151632,0.0,0.6192009423383877,448.7380337715149
N7_E10c_T12b,N7,amazon_edge_022,edge_multihop,test,0.6666666666666666,0.8806279370113592,0.5,0.6824315345593419,448.7380337715149
N7_E10c_T12b,N7,amazon_edge_023,edge_multihop,train,1.0,0.835452387647447,0.75,0.861817462549149,448.7380337715149
N7_E10c_T12b,N7,amazon_edge_024,edge_multihop,train,1.0,0.8577265090521418,0.0,0.6192421696840472,448.7380337715149
N7_E10c_T12b,N7,amazon_edge_025,edge_multihop,train,0.5,0.8872688500671245,0.0,0.4624229500223748,448.7380337715149
N7_E10c_T12b,N7,amazon_edge_026,edge_multihop,test,0.8333333333333334,0.0,0.0,0.2777777777777778,448.7380337715149
N7_E10c_T12b,N7,amazon_edge_027,edge_multihop,test,1.0,0.8865173857899333,0.5,0.7955057952633111,448.7380337715149
N7_E10c_T12b,N7,amazon_edge_028,edge_multihop,test,1.0,0.0,0.75,0.5833333333333334,448.7380337715149
N7_E10c_T12b,N7,amazon_edge_029,edge_multihop,train,1.0,0.8669978126189565,0.5,0.7889992708729855,448.7380337715149
N7_E10c_T12b,N7,amazon_edge_030,edge_multihop,train,0.6,0.912960668062085,0.0,0.5043202226873617,448.7380337715149
N7_E10c_T12b,N7,amazon_edge_031,edge_multihop,test,0.5,0.8602577258481252,0.5,0.6200859086160417,448.7380337715149
N7_E10c_T12b,N7,amazon_edge_032,edge_multihop,test,1.0,0.0,0.0,0.3333333333333333,448.7380337715149
N7_E10c_T12b,N7,amazon_edge_033,edge_multihop,test,1.0,0.872806197239935,0.0,0.6242687324133117,448.7380337715149
N7_E10c_T12b,N7,amazon_sh_035,single_specific,test,0.6666666666666666,0.999999610272974,1.0,0.8888887589798803,448.7380337715149
N7_E10c_T12b,N7,amazon_sh_036,single_specific,train,0.3333333333333333,0.8782540961248048,1.0,0.7371958098193794,448.7380337715149
N7_E10c_T12b,N7,amazon_sh_037,single_specific,test,1.0,0.9039697915223158,1.0,0.9679899305074384,448.7380337715149
N7_E10c_T12b,N7,amazon_sh_038,single_specific,test,0.5,0.5533746323587747,1.0,0.6844582107862583,448.7380337715149
N7_E10c_T12b,N7,amazon_sh_039,single_specific,test,1.0,0.8811506600013806,0.5,0.7937168866671268,448.7380337715149
N7_E10c_T12b,N7,amazon_sh_040,single_specific,train,1.0,0.8484987443720621,1.0,0.949499581457354,448.7380337715149
N7_E10c_T12b,N7,amazon_sh_041,single_specific,test,1.0,0.907471023412122,1.0,0.9691570078040408,448.7380337715149
N7_E10c_T12b,N7,amazon_sh_042,single_specific,train,1.0,0.6159112559894461,1.0,0.8719704186631487,448.7380337715149
N7_E10c_T12b,N7,amazon_sh_043,single_specific,test,1.0,0.843585877312897,1.0,0.947861959104299,448.7380337715149
N7_E10c_T12b,N7,amazon_sh_044,single_specific,train,1.0,0.9425589179030008,0.5,0.814186305967667,448.7380337715149
N7_E10c_T12b,N7,amazon_sh_045,single_specific,train,1.0,0.906464395298367,1.0,0.9688214650994555,448.7380337715149
N7_E10c_T12b,N7,amazon_sh_046,single_specific,train,1.0,0.9246593958413896,1.0,0.9748864652804632,448.7380337715149
N7_E10c_T12b,N7,amazon_sh_047,single_specific,train,1.0,0.9815918692861384,1.0,0.9938639564287128,448.7380337715149
N7_E10c_T12b,N7,amazon_sh_048,single_specific,train,1.0,0.8407020787625993,0.5,0.7802340262541998,448.7380337715149
N7_E10c_T12b,N7,amazon_sh_049,single_specific,test,1.0,0.0,0.0,0.3333333333333333,448.7380337715149
N7_E10c_T12b,N7,amazon_sh_050,single_specific,train,1.0,0.898976470696283,0.0,0.632992156898761,448.7380337715149
N7_E10c_T12b,N7,amazon_sh_051,single_specific,test,1.0,0.9631811721366288,1.0,0.9877270573788764,448.7380337715149
N7_E10c_T12b,N7,amazon_sh_052,single_specific,test,1.0,0.9174100215706552,1.0,0.9724700071902184,448.7380337715149
N7_E10c_T12b,N7,amazon_sh_053,single_specific,train,0.0,0.6976751057882818,1.0,0.5658917019294273,448.7380337715149
N7_E10c_T12b,N7,amazon_sh_054,single_specific,test,1.0,0.9999996001632182,1.0,0.9999998667210728,448.7380337715149
N7_E10c_T12b,N7,amazon_sh_055,single_specific,test,1.0,0.9138647318197968,1.0,0.9712882439399324,448.7380337715149
N7_E10c_T12b,N7,amazon_sh_056,single_specific,test,1.0,0.8527390643315625,1.0,0.950913021443854,448.7380337715149
N7_E10c_T12b,N7,amazon_sh_057,single_specific,train,1.0,0.9503761195678284,1.0,0.9834587065226096,448.7380337715149
N7_E10c_T12b,N7,amazon_sh_058,single_specific,test,1.0,0.9810755079257776,1.0,0.9936918359752592,448.7380337715149
N7_E10c_T12b,N7,amazon_sh_059,single_specific,train,1.0,0.9640609724889458,1.0,0.988020324162982,448.7380337715149
N7_E10c_T12b,N7,amazon_sh_060,single_specific,train,1.0,0.8104569455049494,0.0,0.6034856485016498,448.7380337715149
N7_E10c_T12b,N7,amazon_sh_061,single_specific,train,1.0,0.839753727534808,1.0,0.946584575844936,448.7380337715149
N7_E10c_T12b,N7,amazon_sh_062,single_specific,train,1.0,0.0,1.0,0.6666666666666666,448.7380337715149
N7_E10c_T12b,N7,amazon_sh_063,single_specific,test,0.5,0.7488708401404212,1.0,0.7496236133801405,448.7380337715149
N7_E10c_T12b,N7,amazon_sh_064,single_specific,test,1.0,0.661867620941798,1.0,0.8872892069805993,448.7380337715149
N7_E10c_T12b,N7,amazon_sh_065,single_specific,train,0.6666666666666666,0.0,0.75,0.4722222222222221,448.7380337715149
N7_E10c_T12b,N7,amazon_sh_066,single_specific,test,1.0,0.9366921985951384,1.0,0.9788973995317128,448.7380337715149
N7_E10c_T12b,N7,amazon_sh_067,single_specific,test,1.0,0.8083321360504476,1.0,0.9361107120168158,448.7380337715149
N7_E10c_T12b,N7,amazon_sh_068,single_specific,test,0.6666666666666666,0.8553580446019979,1.0,0.8406749037562214,448.7380337715149
N7_E10c_T12b,N7,amazon_sh_069,single_specific,test,1.0,1.0,1.0,1.0,448.7380337715149
N7_E10c_T12b,N7,amazon_sh_070,single_specific,test,0.5,0.6841495990468104,0.25,0.4780498663489368,448.7380337715149
N7_E10c_T12b,N7,amazon_sh_071,single_specific,train,0.8,0.8259846807931732,1.0,0.8753282269310577,448.7380337715149
N7_E10c_T12b,N7,amazon_sh_072,single_specific,test,0.5,0.8253576689341433,1.0,0.7751192229780477,448.7380337715149
N7_E10c_T12b,N7,amazon_sh_073,single_specific,test,0.5,0.9992064414099232,1.0,0.8330688138033078,448.7380337715149
N7_E10c_T12b,N7,amazon_sh_074,single_specific,test,1.0,0.9140259984202356,1.0,0.9713419994734118,448.7380337715149
N7_E10c_T12b,N7,amazon_sh_075,single_specific,train,1.0,0.902566821146969,1.0,0.9675222737156562,448.7380337715149
N7_E10c_T12b,N7,amazon_sh_076,single_specific,test,1.0,0.91436336631758,1.0,0.9714544554391932,448.7380337715149
N7_E10c_T12b,N7,amazon_sh_077,single_specific,train,1.0,0.9999996721478632,1.0,0.9999998907159544,448.7380337715149
N7_E10c_T12b,N7,amazon_sh_078,single_specific,train,1.0,1.0,1.0,1.0,448.7380337715149
N7_E10c_T12b,N7,amazon_sh_079,single_specific,test,1.0,0.8138548817682382,1.0,0.9379516272560794,448.7380337715149
N7_E10c_T12b,N7,amazon_sh_080,single_specific,test,1.0,0.8677427015454394,0.0,0.6225809005151465,448.7380337715149
N7_E10c_T12b,N7,amazon_sh_081,single_specific,train,0.8571428571428571,0.8435585251666395,0.75,0.8169004607698321,448.7380337715149
N7_E10c_T12b,N7,amazon_sh_082,single_specific,train,1.0,1.0,1.0,1.0,448.7380337715149
N7_E11a_T12a,N7,amazon_sh_000,single_specific,test,1.0,0.8558120686506043,1.0,0.951937356216868,358.91487193107605
N7_E11a_T12a,N7,amazon_sh_001,single_specific,test,1.0,0.8280662809296397,1.0,0.94268876030988,358.91487193107605
N7_E11a_T12a,N7,amazon_sh_002,single_specific,test,1.0,0.9999996389291916,1.0,0.999999879643064,358.91487193107605
N7_E11a_T12a,N7,amazon_sh_003,single_specific,train,1.0,0.8451348788578668,1.0,0.9483782929526222,358.91487193107605
N7_E11a_T12a,N7,amazon_sh_004,single_specific,train,0.8571428571428571,0.989191586198884,1.0,0.9487781477805802,358.91487193107605
N7_E11a_T12a,N7,amazon_sh_005,single_specific,train,1.0,0.0,0.0,0.3333333333333333,358.91487193107605
N7_E11a_T12a,N7,amazon_sh_006,single_specific,train,1.0,0.8940002377436547,1.0,0.9646667459145516,358.91487193107605
N7_E11a_T12a,N7,amazon_sh_007,single_specific,train,1.0,0.8304812466855305,0.5,0.7768270822285102,358.91487193107605
N7_E11a_T12a,N7,amazon_sh_008,single_specific,train,1.0,0.9059566049392592,1.0,0.9686522016464196,358.91487193107605
N7_E11a_T12a,N7,amazon_sh_009,single_specific,train,1.0,0.7978179681051673,1.0,0.9326059893683892,358.91487193107605
N7_E11a_T12a,N7,amazon_sh_010,single_specific,test,1.0,0.9683604595573856,1.0,0.9894534865191286,358.91487193107605
N7_E11a_T12a,N7,amazon_sh_011,single_specific,train,1.0,0.9413999766091082,1.0,0.9804666588697027,358.91487193107605
N7_E11a_T12a,N7,amazon_sh_012,single_specific,train,1.0,0.9213602886210338,1.0,0.973786762873678,358.91487193107605
N7_E11a_T12a,N7,amazon_sh_013,single_specific,train,1.0,0.8796492566539136,1.0,0.9598830855513046,358.91487193107605
N7_E11a_T12a,N7,amazon_sh_014,single_specific,train,1.0,0.9999999999999996,0.75,0.9166666666666664,358.91487193107605
N7_E11a_T12a,N7,amazon_sh_015,single_specific,test,1.0,0.9892142649131612,1.0,0.9964047549710536,358.91487193107605
N7_E11a_T12a,N7,amazon_sh_016,single_specific,test,1.0,0.933482136475678,1.0,0.977827378825226,358.91487193107605
N7_E11a_T12a,N7,amazon_sh_017,single_specific,test,1.0,0.8748170651599895,1.0,0.95827235505333,358.91487193107605
N7_E11a_T12a,N7,amazon_sh_018,single_specific,test,1.0,0.9468635780592912,1.0,0.982287859353097,358.91487193107605
N7_E11a_T12a,N7,amazon_sh_019,single_specific,test,1.0,0.7690919139980972,1.0,0.9230306379993656,358.91487193107605
N7_E11a_T12a,N7,amazon_sh_020,single_specific,train,1.0,0.9470510412191268,1.0,0.9823503470730424,358.91487193107605
N7_E11a_T12a,N7,amazon_sh_021,single_specific,train,1.0,0.9367674307585664,1.0,0.978922476919522,358.91487193107605
N7_E11a_T12a,N7,amazon_sh_022,single_specific,test,1.0,0.9999996447067844,1.0,0.999999881568928,358.91487193107605
N7_E11a_T12a,N7,amazon_sh_023,single_specific,test,0.75,0.906164492760438,1.0,0.8853881642534794,358.91487193107605
N7_E11a_T12a,N7,amazon_sh_024,single_specific,test,1.0,0.5775574681041321,1.0,0.8591858227013773,358.91487193107605
N7_E11a_T12a,N7,amazon_sh_025,single_specific,train,0.75,0.9565693440004532,1.0,0.9021897813334844,358.91487193107605
N7_E11a_T12a,N7,amazon_sh_026,single_specific,train,1.0,0.8100546205453295,1.0,0.9366848735151098,358.91487193107605
N7_E11a_T12a,N7,amazon_sh_027,single_specific,test,1.0,0.9145888380019078,1.0,0.9715296126673026,358.91487193107605
N7_E11a_T12a,N7,amazon_sh_028,single_specific,train,1.0,0.958826459796279,1.0,0.9862754865987596,358.91487193107605
N7_E11a_T12a,N7,amazon_sh_029,single_specific,test,1.0,0.979062767640613,1.0,0.993020922546871,358.91487193107605
N7_E11a_T12a,N7,amazon_sh_030,single_specific,test,1.0,0.911205396660547,0.0,0.6370684655535156,358.91487193107605
N7_E11a_T12a,N7,amazon_sh_031,single_specific,test,1.0,0.9999996359619592,1.0,0.9999998786539864,358.91487193107605
N7_E11a_T12a,N7,amazon_sh_032,single_specific,test,0.5,0.8639866919538509,1.0,0.7879955639846169,358.91487193107605
N7_E11a_T12a,N7,amazon_sh_033,single_specific,train,1.0,0.9513208935270744,1.0,0.9837736311756916,358.91487193107605
N7_E11a_T12a,N7,amazon_sh_034,single_specific,train,1.0,1.0,1.0,1.0,358.91487193107605
N7_E11a_T12a,N7,amazon_agg_000,aggregate_cross_paper,train,0.75,0.7342908975806909,1.0,0.8280969658602303,358.91487193107605
N7_E11a_T12a,N7,amazon_agg_001,aggregate_cross_paper,test,1.0,0.4416043152971547,1.0,0.8138681050990515,358.91487193107605
N7_E11a_T12a,N7,amazon_agg_002,aggregate_cross_paper,test,0.875,0.6082679922999349,1.0,0.8277559974333116,358.91487193107605
N7_E11a_T12a,N7,amazon_agg_003,aggregate_cross_paper,test,0.9,0.7053692660471177,1.0,0.8684564220157059,358.91487193107605
N7_E11a_T12a,N7,amazon_agg_004,aggregate_cross_paper,train,0.7272727272727273,0.7875971232946057,1.0,0.838289950189111,358.91487193107605
N7_E11a_T12a,N7,amazon_agg_005,aggregate_cross_paper,train,0.75,0.4672566706341005,1.0,0.7390855568780336,358.91487193107605
N7_E11a_T12a,N7,amazon_agg_006,aggregate_cross_paper,test,1.0,0.502828341219745,1.0,0.834276113739915,358.91487193107605
N7_E11a_T12a,N7,amazon_agg_007,aggregate_cross_paper,train,0.8333333333333334,0.5351227633099443,1.0,0.7894853655477592,358.91487193107605
N7_E11a_T12a,N7,amazon_agg_008,aggregate_cross_paper,test,1.0,0.6685112451888365,1.0,0.8895037483962788,358.91487193107605
N7_E11a_T12a,N7,amazon_agg_009,aggregate_cross_paper,train,0.5,0.7339797908904601,0.75,0.6613265969634866,358.91487193107605
N7_E11a_T12a,N7,amazon_agg_010,aggregate_cross_paper,train,0.8571428571428571,0.7476290402407858,1.0,0.868257299127881,358.91487193107605
N7_E11a_T12a,N7,amazon_agg_011,aggregate_cross_paper,train,0.4,0.5500433107979079,1.0,0.6500144369326359,358.91487193107605
N7_E11a_T12a,N7,amazon_agg_012,aggregate_cross_paper,train,0.0,0.7788433120442345,0.5,0.4262811040147449,358.91487193107605
N7_E11a_T12a,N7,amazon_agg_013,aggregate_cross_paper,train,0.4285714285714285,0.8005245713186634,1.0,0.7430319999633639,358.91487193107605
N7_E11a_T12a,N7,amazon_agg_014,aggregate_cross_paper,test,0.75,0.7345521908117426,1.0,0.8281840636039143,358.91487193107605
N7_E11a_T12a,N7,amazon_agg_015,aggregate_cross_paper,train,1.0,0.0,0.0,0.3333333333333333,358.91487193107605
N7_E11a_T12a,N7,amazon_agg_016,aggregate_cross_paper,train,1.0,0.797500445585278,1.0,0.932500148528426,358.91487193107605
N7_E11a_T12a,N7,amazon_agg_017,aggregate_cross_paper,test,0.75,0.361316716759325,1.0,0.703772238919775,358.91487193107605
N7_E11a_T12a,N7,amazon_agg_018,aggregate_cross_paper,train,1.0,0.8093261436131084,1.0,0.936442047871036,358.91487193107605
N7_E11a_T12a,N7,amazon_agg_019,aggregate_cross_paper,train,0.75,0.7632554240105803,0.5,0.6710851413368601,358.91487193107605
N7_E11a_T12a,N7,amazon_agg_020,aggregate_cross_paper,test,1.0,0.5471974934895558,0.75,0.7657324978298519,358.91487193107605
N7_E11a_T12a,N7,amazon_agg_021,aggregate_cross_paper,test,1.0,0.5080147182604562,1.0,0.8360049060868188,358.91487193107605
N7_E11a_T12a,N7,amazon_agg_022,aggregate_cross_paper,train,0.9230769230769232,0.8176834325648062,1.0,0.9135867852139098,358.91487193107605
N7_E11a_T12a,N7,amazon_agg_023,aggregate_cross_paper,test,0.6,0.6167284247376504,1.0,0.7389094749125501,358.91487193107605
N7_E11a_T12a,N7,amazon_agg_024,aggregate_cross_paper,test,1.0,0.8166945083660143,1.0,0.938898169455338,358.91487193107605
N7_E11a_T12a,N7,amazon_agg_025,aggregate_cross_paper,train,0.75,0.5132423339415264,0.5,0.5877474446471754,358.91487193107605
N7_E11a_T12a,N7,amazon_agg_026,aggregate_cross_paper,train,0.1666666666666666,0.7910943184113127,1.0,0.6525869950259932,358.91487193107605
N7_E11a_T12a,N7,amazon_agg_027,aggregate_cross_paper,train,0.75,0.3393634077513776,1.0,0.6964544692504592,358.91487193107605
N7_E11a_T12a,N7,amazon_agg_028,aggregate_cross_paper,train,0.8333333333333334,0.6268633664723169,1.0,0.8200655666018833,358.91487193107605
N7_E11a_T12a,N7,amazon_agg_029,aggregate_cross_paper,test,1.0,0.5751079254429071,1.0,0.858369308480969,358.91487193107605
N7_E11a_T12a,N7,amazon_agg_030,aggregate_cross_paper,train,0.5,0.7490558773422786,1.0,0.7496852924474262,358.91487193107605
N7_E11a_T12a,N7,amazon_agg_031,aggregate_cross_paper,train,0.75,0.8271857187878473,1.0,0.8590619062626157,358.91487193107605
N7_E11a_T12a,N7,amazon_agg_032,aggregate_cross_paper,test,1.0,0.6418649393807674,1.0,0.8806216464602558,358.91487193107605
N7_E11a_T12a,N7,amazon_edge_000,edge_multihop,test,0.8571428571428571,0.856945140005863,0.5,0.7380293323829067,358.91487193107605
N7_E11a_T12a,N7,amazon_edge_001,edge_multihop,test,0.7142857142857143,0.916568454111142,1.0,0.8769513894656188,358.91487193107605
N7_E11a_T12a,N7,amazon_edge_002,edge_multihop,test,1.0,0.0,1.0,0.6666666666666666,358.91487193107605
N7_E11a_T12a,N7,amazon_edge_003,edge_multihop,test,1.0,0.8010617500717223,0.0,0.6003539166905741,358.91487193107605
N7_E11a_T12a,N7,amazon_edge_004,edge_multihop,test,1.0,0.0,0.25,0.4166666666666667,358.91487193107605
N7_E11a_T12a,N7,amazon_edge_005,edge_multihop,train,1.0,0.0,0.0,0.3333333333333333,358.91487193107605
N7_E11a_T12a,N7,amazon_edge_006,edge_multihop,test,1.0,0.0,0.0,0.3333333333333333,358.91487193107605
N7_E11a_T12a,N7,amazon_edge_007,edge_multihop,test,1.0,0.0,0.0,0.3333333333333333,358.91487193107605
N7_E11a_T12a,N7,amazon_edge_008,edge_multihop,test,1.0,0.0,0.0,0.3333333333333333,358.91487193107605
N7_E11a_T12a,N7,amazon_edge_009,edge_multihop,train,1.0,0.0,0.0,0.3333333333333333,358.91487193107605
N7_E11a_T12a,N7,amazon_edge_010,edge_multihop,train,1.0,0.0,0.5,0.5,358.91487193107605
N7_E11a_T12a,N7,amazon_edge_011,edge_multihop,test,0.6,0.8508974887466237,0.5,0.6502991629155412,358.91487193107605
N7_E11a_T12a,N7,amazon_edge_012,edge_multihop,test,1.0,0.0,0.0,0.3333333333333333,358.91487193107605
N7_E11a_T12a,N7,amazon_edge_013,edge_multihop,test,1.0,0.0,0.5,0.5,358.91487193107605
N7_E11a_T12a,N7,amazon_edge_014,edge_multihop,test,1.0,0.0,0.75,0.5833333333333334,358.91487193107605
N7_E11a_T12a,N7,amazon_edge_015,edge_multihop,train,1.0,0.8718880670884831,0.5,0.790629355696161,358.91487193107605
N7_E11a_T12a,N7,amazon_edge_016,edge_multihop,train,0.75,0.9332516976922126,0.25,0.6444172325640709,358.91487193107605
N7_E11a_T12a,N7,amazon_edge_017,edge_multihop,train,0.8,0.0,0.5,0.4333333333333333,358.91487193107605
N7_E11a_T12a,N7,amazon_edge_018,edge_multihop,train,0.5,0.858895256519025,0.0,0.4529650855063417,358.91487193107605
N7_E11a_T12a,N7,amazon_edge_019,edge_multihop,train,0.8333333333333334,0.0,0.75,0.5277777777777778,358.91487193107605
N7_E11a_T12a,N7,amazon_edge_020,edge_multihop,train,1.0,0.8858045969646967,0.5,0.7952681989882322,358.91487193107605
N7_E11a_T12a,N7,amazon_edge_021,edge_multihop,test,0.6666666666666666,0.0,0.0,0.2222222222222222,358.91487193107605
N7_E11a_T12a,N7,amazon_edge_022,edge_multihop,test,0.6,0.8806703775216034,0.5,0.6602234591738677,358.91487193107605
N7_E11a_T12a,N7,amazon_edge_023,edge_multihop,train,1.0,0.8277223865174775,0.75,0.8592407955058259,358.91487193107605
N7_E11a_T12a,N7,amazon_edge_024,edge_multihop,train,0.4,0.8623830350259204,0.25,0.5041276783419735,358.91487193107605
N7_E11a_T12a,N7,amazon_edge_025,edge_multihop,train,0.25,0.8180879416683763,0.5,0.5226959805561254,358.91487193107605
N7_E11a_T12a,N7,amazon_edge_026,edge_multihop,test,0.6666666666666666,0.0,0.0,0.2222222222222222,358.91487193107605
N7_E11a_T12a,N7,amazon_edge_027,edge_multihop,test,1.0,0.877756558665668,0.5,0.7925855195552227,358.91487193107605
N7_E11a_T12a,N7,amazon_edge_028,edge_multihop,test,1.0,0.0,0.5,0.5,358.91487193107605
N7_E11a_T12a,N7,amazon_edge_029,edge_multihop,train,0.75,0.0,0.0,0.25,358.91487193107605
N7_E11a_T12a,N7,amazon_edge_030,edge_multihop,train,1.0,0.904780776734338,0.5,0.8015935922447793,358.91487193107605
N7_E11a_T12a,N7,amazon_edge_031,edge_multihop,test,0.5,0.0,0.0,0.1666666666666666,358.91487193107605
N7_E11a_T12a,N7,amazon_edge_032,edge_multihop,test,1.0,0.0,0.0,0.3333333333333333,358.91487193107605
N7_E11a_T12a,N7,amazon_edge_033,edge_multihop,test,0.6666666666666666,0.8632030752517531,0.25,0.5932899139728066,358.91487193107605
N7_E11a_T12a,N7,amazon_sh_035,single_specific,test,0.6666666666666666,1.0000000000000002,1.0,0.888888888888889,358.91487193107605
N7_E11a_T12a,N7,amazon_sh_036,single_specific,train,1.0,0.918085577400884,1.0,0.9726951924669612,358.91487193107605
N7_E11a_T12a,N7,amazon_sh_037,single_specific,test,1.0,0.9039842199152618,1.0,0.967994739971754,358.91487193107605
N7_E11a_T12a,N7,amazon_sh_038,single_specific,test,1.0,0.5046221185806543,1.0,0.8348740395268847,358.91487193107605
N7_E11a_T12a,N7,amazon_sh_039,single_specific,test,1.0,0.8439326644788042,0.5,0.7813108881596014,358.91487193107605
N7_E11a_T12a,N7,amazon_sh_040,single_specific,train,1.0,0.9548798506795656,1.0,0.9849599502265218,358.91487193107605
N7_E11a_T12a,N7,amazon_sh_041,single_specific,test,1.0,0.9075110864840172,1.0,0.9691703621613392,358.91487193107605
N7_E11a_T12a,N7,amazon_sh_042,single_specific,train,0.75,0.6153643634730978,1.0,0.788454787824366,358.91487193107605
N7_E11a_T12a,N7,amazon_sh_043,single_specific,test,0.5,0.95611950948229,1.0,0.8187065031607633,358.91487193107605
N7_E11a_T12a,N7,amazon_sh_044,single_specific,train,0.6666666666666666,0.9425589179030008,0.5,0.7030751948565559,358.91487193107605
N7_E11a_T12a,N7,amazon_sh_045,single_specific,train,1.0,0.906464395298367,1.0,0.9688214650994555,358.91487193107605
N7_E11a_T12a,N7,amazon_sh_046,single_specific,train,1.0,0.7772452669583034,1.0,0.9257484223194344,358.91487193107605
N7_E11a_T12a,N7,amazon_sh_047,single_specific,train,1.0,0.8508734635059625,1.0,0.9502911545019876,358.91487193107605
N7_E11a_T12a,N7,amazon_sh_048,single_specific,train,1.0,0.8215184080999404,0.75,0.8571728026999801,358.91487193107605
N7_E11a_T12a,N7,amazon_sh_049,single_specific,test,1.0,0.9156096637646928,0.75,0.888536554588231,358.91487193107605
N7_E11a_T12a,N7,amazon_sh_050,single_specific,train,1.0,0.8989770780999435,0.0,0.6329923593666479,358.91487193107605
N7_E11a_T12a,N7,amazon_sh_051,single_specific,test,1.0,0.9631746143350096,1.0,0.9877248714450032,358.91487193107605
N7_E11a_T12a,N7,amazon_sh_052,single_specific,test,1.0,0.9075543163148296,1.0,0.9691847721049432,358.91487193107605
N7_E11a_T12a,N7,amazon_sh_053,single_specific,train,1.0,0.4100848687996605,1.0,0.8033616229332202,358.91487193107605
N7_E11a_T12a,N7,amazon_sh_054,single_specific,test,1.0,0.9487806734509489,1.0,0.9829268911503162,358.91487193107605
N7_E11a_T12a,N7,amazon_sh_055,single_specific,test,0.8,0.9138647318197968,1.0,0.9046215772732656,358.91487193107605
N7_E11a_T12a,N7,amazon_sh_056,single_specific,test,1.0,0.877110448888356,1.0,0.9590368162961186,358.91487193107605
N7_E11a_T12a,N7,amazon_sh_057,single_specific,train,1.0,0.9503761195678284,1.0,0.9834587065226096,358.91487193107605
N7_E11a_T12a,N7,amazon_sh_058,single_specific,test,1.0,0.9872242201079292,1.0,0.995741406702643,358.91487193107605
N7_E11a_T12a,N7,amazon_sh_059,single_specific,train,1.0,0.964043535106133,1.0,0.9880145117020444,358.91487193107605
N7_E11a_T12a,N7,amazon_sh_060,single_specific,train,1.0,1.0000000000000002,0.75,0.9166666666666666,358.91487193107605
N7_E11a_T12a,N7,amazon_sh_061,single_specific,train,1.0,0.839753727534808,1.0,0.946584575844936,358.91487193107605
N7_E11a_T12a,N7,amazon_sh_062,single_specific,train,1.0,0.9128296793719168,0.5,0.804276559790639,358.91487193107605
N7_E11a_T12a,N7,amazon_sh_063,single_specific,test,0.5,0.7771110277870598,1.0,0.7590370092623533,358.91487193107605
N7_E11a_T12a,N7,amazon_sh_064,single_specific,test,1.0,0.7354592241314002,1.0,0.9118197413771334,358.91487193107605
N7_E11a_T12a,N7,amazon_sh_065,single_specific,train,1.0,1.0,0.75,0.9166666666666666,358.91487193107605
N7_E11a_T12a,N7,amazon_sh_066,single_specific,test,1.0,0.9027002196601694,1.0,0.9675667398867231,358.91487193107605
N7_E11a_T12a,N7,amazon_sh_067,single_specific,test,1.0,0.8799092182510823,1.0,0.9599697394170272,358.91487193107605
N7_E11a_T12a,N7,amazon_sh_068,single_specific,test,1.0,0.8817955390198412,1.0,0.9605985130066136,358.91487193107605
N7_E11a_T12a,N7,amazon_sh_069,single_specific,test,1.0,1.0,1.0,1.0,358.91487193107605
N7_E11a_T12a,N7,amazon_sh_070,single_specific,test,0.5,0.6292310214607973,1.0,0.7097436738202658,358.91487193107605
N7_E11a_T12a,N7,amazon_sh_071,single_specific,train,1.0,0.8259121446988599,1.0,0.94197071489962,358.91487193107605
N7_E11a_T12a,N7,amazon_sh_072,single_specific,test,1.0,0.8253867649369606,1.0,0.9417955883123202,358.91487193107605
N7_E11a_T12a,N7,amazon_sh_073,single_specific,test,0.5,0.9999999999999998,1.0,0.8333333333333334,358.91487193107605
N7_E11a_T12a,N7,amazon_sh_074,single_specific,test,1.0,0.8825183907933352,1.0,0.9608394635977784,358.91487193107605
N7_E11a_T12a,N7,amazon_sh_075,single_specific,train,1.0,0.922925391327967,1.0,0.974308463775989,358.91487193107605
N7_E11a_T12a,N7,amazon_sh_076,single_specific,test,1.0,0.91436336631758,1.0,0.9714544554391934,358.91487193107605
N7_E11a_T12a,N7,amazon_sh_077,single_specific,train,1.0,1.0000000000000002,1.0,1.0,358.91487193107605
N7_E11a_T12a,N7,amazon_sh_078,single_specific,train,0.6666666666666666,1.0,1.0,0.8888888888888888,358.91487193107605
N7_E11a_T12a,N7,amazon_sh_079,single_specific,test,0.8,0.8138494346490418,0.75,0.7879498115496806,358.91487193107605
N7_E11a_T12a,N7,amazon_sh_080,single_specific,test,1.0,0.909634774845328,1.0,0.969878258281776,358.91487193107605
N7_E11a_T12a,N7,amazon_sh_081,single_specific,train,0.8,0.8439241835270432,0.25,0.6313080611756811,358.91487193107605
N7_E11a_T12a,N7,amazon_sh_082,single_specific,train,1.0,0.970476775069625,1.0,0.9901589250232083,358.91487193107605
N7_E11a_T12b,N7,amazon_sh_000,single_specific,test,0.5,0.8170818541864504,1.0,0.7723606180621502,363.0160100460053
N7_E11a_T12b,N7,amazon_sh_001,single_specific,test,0.75,0.0,0.0,0.25,363.0160100460053
N7_E11a_T12b,N7,amazon_sh_002,single_specific,test,1.0,1.0000000000000002,0.75,0.9166666666666666,363.0160100460053
N7_E11a_T12b,N7,amazon_sh_003,single_specific,train,1.0,0.845116879867867,1.0,0.948372293289289,363.0160100460053
N7_E11a_T12b,N7,amazon_sh_004,single_specific,train,1.0,0.9892656369063882,1.0,0.996421878968796,363.0160100460053
N7_E11a_T12b,N7,amazon_sh_005,single_specific,train,1.0,0.9074496212541612,0.0,0.6358165404180537,363.0160100460053
N7_E11a_T12b,N7,amazon_sh_006,single_specific,train,1.0,0.8939921474202598,1.0,0.9646640491400866,363.0160100460053
N7_E11a_T12b,N7,amazon_sh_007,single_specific,train,1.0,1.0,1.0,1.0,363.0160100460053
N7_E11a_T12b,N7,amazon_sh_008,single_specific,train,1.0,0.8951734238241056,1.0,0.9650578079413684,363.0160100460053
N7_E11a_T12b,N7,amazon_sh_009,single_specific,train,1.0,0.7962322297986587,1.0,0.9320774099328862,363.0160100460053
N7_E11a_T12b,N7,amazon_sh_010,single_specific,test,1.0,0.968343485724524,1.0,0.9894478285748414,363.0160100460053
N7_E11a_T12b,N7,amazon_sh_011,single_specific,train,1.0,0.9413999766091082,1.0,0.9804666588697027,363.0160100460053
N7_E11a_T12b,N7,amazon_sh_012,single_specific,train,1.0,0.9213642463454372,1.0,0.9737880821151458,363.0160100460053
N7_E11a_T12b,N7,amazon_sh_013,single_specific,train,1.0,0.8794796009980288,1.0,0.9598265336660096,363.0160100460053
N7_E11a_T12b,N7,amazon_sh_014,single_specific,train,1.0,0.9999999999999998,0.75,0.9166666666666666,363.0160100460053
N7_E11a_T12b,N7,amazon_sh_015,single_specific,test,1.0,0.9203632375958958,1.0,0.9734544125319652,363.0160100460053
N7_E11a_T12b,N7,amazon_sh_016,single_specific,test,1.0,0.933482136475678,1.0,0.977827378825226,363.0160100460053
N7_E11a_T12b,N7,amazon_sh_017,single_specific,test,1.0,0.8748094813678123,1.0,0.958269827122604,363.0160100460053
N7_E11a_T12b,N7,amazon_sh_018,single_specific,test,1.0,0.9468637338092912,1.0,0.9822879112697636,363.0160100460053
N7_E11a_T12b,N7,amazon_sh_019,single_specific,test,1.0,0.9051738040166762,1.0,0.9683912680055587,363.0160100460053
N7_E11a_T12b,N7,amazon_sh_020,single_specific,train,1.0,0.9470510412191268,1.0,0.9823503470730424,363.0160100460053
N7_E11a_T12b,N7,amazon_sh_021,single_specific,train,1.0,0.9367674307585664,1.0,0.978922476919522,363.0160100460053
N7_E11a_T12b,N7,amazon_sh_022,single_specific,test,0.8333333333333334,0.999999697303498,1.0,0.9444443435456104,363.0160100460053
N7_E11a_T12b,N7,amazon_sh_023,single_specific,test,1.0,0.9035370092342716,1.0,0.9678456697447572,363.0160100460053
N7_E11a_T12b,N7,amazon_sh_024,single_specific,test,1.0,0.5775706004226163,1.0,0.8591902001408721,363.0160100460053
N7_E11a_T12b,N7,amazon_sh_025,single_specific,train,0.75,0.9565693440004532,1.0,0.9021897813334844,363.0160100460053
N7_E11a_T12b,N7,amazon_sh_026,single_specific,train,1.0,0.945885126131509,1.0,0.9819617087105028,363.0160100460053
N7_E11a_T12b,N7,amazon_sh_027,single_specific,test,1.0,0.9145888380019078,1.0,0.9715296126673026,363.0160100460053
N7_E11a_T12b,N7,amazon_sh_028,single_specific,train,1.0,0.9588118428317642,1.0,0.9862706142772548,363.0160100460053
N7_E11a_T12b,N7,amazon_sh_029,single_specific,test,1.0,0.9790775681912204,1.0,0.9930258560637402,363.0160100460053
N7_E11a_T12b,N7,amazon_sh_030,single_specific,test,1.0,0.9111712393955584,0.0,0.6370570797985194,363.0160100460053
N7_E11a_T12b,N7,amazon_sh_031,single_specific,test,0.5,0.9849465719803896,1.0,0.8283155239934632,363.0160100460053
N7_E11a_T12b,N7,amazon_sh_032,single_specific,test,0.5,0.8640145652830081,1.0,0.788004855094336,363.0160100460053
N7_E11a_T12b,N7,amazon_sh_033,single_specific,train,1.0,0.9513451882941794,1.0,0.9837817294313932,363.0160100460053
N7_E11a_T12b,N7,amazon_sh_034,single_specific,train,1.0,1.0,1.0,1.0,363.0160100460053
N7_E11a_T12b,N7,amazon_agg_000,aggregate_cross_paper,train,0.6666666666666666,0.7347770938398788,1.0,0.8004812535021818,363.0160100460053
N7_E11a_T12b,N7,amazon_agg_001,aggregate_cross_paper,test,0.9,0.7805995735847779,1.0,0.8935331911949259,363.0160100460053
N7_E11a_T12b,N7,amazon_agg_002,aggregate_cross_paper,test,0.875,0.6117900621599959,1.0,0.8289300207199987,363.0160100460053
N7_E11a_T12b,N7,amazon_agg_003,aggregate_cross_paper,test,1.0,0.7135025151577604,1.0,0.9045008383859202,363.0160100460053
N7_E11a_T12b,N7,amazon_agg_004,aggregate_cross_paper,train,0.6666666666666666,0.5368838791287672,1.0,0.7345168485984779,363.0160100460053
N7_E11a_T12b,N7,amazon_agg_005,aggregate_cross_paper,train,0.75,0.54624177508916,1.0,0.76541392502972,363.0160100460053
N7_E11a_T12b,N7,amazon_agg_006,aggregate_cross_paper,test,1.0,0.4870276086219833,1.0,0.8290092028739945,363.0160100460053
N7_E11a_T12b,N7,amazon_agg_007,aggregate_cross_paper,train,0.8333333333333334,0.487967009325356,1.0,0.7737667808862297,363.0160100460053
N7_E11a_T12b,N7,amazon_agg_008,aggregate_cross_paper,test,0.8,0.6978912872747807,1.0,0.8326304290915937,363.0160100460053
N7_E11a_T12b,N7,amazon_agg_009,aggregate_cross_paper,train,0.25,0.8486982727348827,1.0,0.6995660909116276,363.0160100460053
N7_E11a_T12b,N7,amazon_agg_010,aggregate_cross_paper,train,0.8571428571428571,0.73823270076509,1.0,0.8651251859693158,363.0160100460053
N7_E11a_T12b,N7,amazon_agg_011,aggregate_cross_paper,train,0.75,0.7299621466318081,1.0,0.8266540488772693,363.0160100460053
N7_E11a_T12b,N7,amazon_agg_012,aggregate_cross_paper,train,0.3333333333333333,0.7643423254605523,1.0,0.6992252195979619,363.0160100460053
N7_E11a_T12b,N7,amazon_agg_013,aggregate_cross_paper,train,0.4,0.8066611553786477,1.0,0.7355537184595492,363.0160100460053
N7_E11a_T12b,N7,amazon_agg_014,aggregate_cross_paper,test,0.75,0.7345941205230461,1.0,0.8281980401743487,363.0160100460053
N7_E11a_T12b,N7,amazon_agg_015,aggregate_cross_paper,train,1.0,0.7907341133517685,0.0,0.5969113711172561,363.0160100460053
N7_E11a_T12b,N7,amazon_agg_016,aggregate_cross_paper,train,0.6666666666666666,0.7975035176442319,1.0,0.8213900614369661,363.0160100460053
N7_E11a_T12b,N7,amazon_agg_017,aggregate_cross_paper,test,0.75,0.3158870758920979,1.0,0.688629025297366,363.0160100460053
N7_E11a_T12b,N7,amazon_agg_018,aggregate_cross_paper,train,0.8,0.6208356921125812,1.0,0.8069452307041938,363.0160100460053
N7_E11a_T12b,N7,amazon_agg_019,aggregate_cross_paper,train,0.4,0.800918791000476,0.5,0.5669729303334919,363.0160100460053
N7_E11a_T12b,N7,amazon_agg_020,aggregate_cross_paper,test,1.0,0.556233005234888,0.5,0.6854110017449626,363.0160100460053
N7_E11a_T12b,N7,amazon_agg_021,aggregate_cross_paper,test,1.0,0.5165887067585547,1.0,0.8388629022528516,363.0160100460053
N7_E11a_T12b,N7,amazon_agg_022,aggregate_cross_paper,train,1.0,0.8176878460818893,1.0,0.9392292820272964,363.0160100460053
N7_E11a_T12b,N7,amazon_agg_023,aggregate_cross_paper,test,0.8333333333333334,0.6048015446812824,1.0,0.812711626004872,363.0160100460053
N7_E11a_T12b,N7,amazon_agg_024,aggregate_cross_paper,test,0.6666666666666666,0.861645972804764,1.0,0.8427708798238102,363.0160100460053
N7_E11a_T12b,N7,amazon_agg_025,aggregate_cross_paper,train,0.75,0.4991125344014219,0.5,0.5830375114671407,363.0160100460053
N7_E11a_T12b,N7,amazon_agg_026,aggregate_cross_paper,train,0.6666666666666666,0.7910961042372803,1.0,0.8192542569679823,363.0160100460053
N7_E11a_T12b,N7,amazon_agg_027,aggregate_cross_paper,train,0.5,0.5214568172921487,1.0,0.6738189390973829,363.0160100460053
N7_E11a_T12b,N7,amazon_agg_028,aggregate_cross_paper,train,0.8333333333333334,0.6268633664723169,1.0,0.8200655666018833,363.0160100460053
N7_E11a_T12b,N7,amazon_agg_029,aggregate_cross_paper,test,0.875,0.4185194949683966,1.0,0.7645064983227989,363.0160100460053
N7_E11a_T12b,N7,amazon_agg_030,aggregate_cross_paper,train,0.6666666666666666,0.7351502069731518,1.0,0.8006056245466061,363.0160100460053
N7_E11a_T12b,N7,amazon_agg_031,aggregate_cross_paper,train,0.8,0.8272311085131167,1.0,0.8757437028377056,363.0160100460053
N7_E11a_T12b,N7,amazon_agg_032,aggregate_cross_paper,test,0.2,0.6418594300201039,1.0,0.6139531433400346,363.0160100460053
N7_E11a_T12b,N7,amazon_edge_000,edge_multihop,test,1.0,0.8502180969453,0.5,0.7834060323151001,363.0160100460053
N7_E11a_T12b,N7,amazon_edge_001,edge_multihop,test,0.7142857142857143,0.9142754495119396,0.5,0.7095203879325513,363.0160100460053
N7_E11a_T12b,N7,amazon_edge_002,edge_multihop,test,0.5,0.0,0.0,0.1666666666666666,363.0160100460053
N7_E11a_T12b,N7,amazon_edge_003,edge_multihop,test,0.2857142857142857,0.7842380226217331,0.0,0.3566507694453396,363.0160100460053
N7_E11a_T12b,N7,amazon_edge_004,edge_multihop,test,1.0,0.0,1.0,0.6666666666666666,363.0160100460053
N7_E11a_T12b,N7,amazon_edge_005,edge_multihop,train,1.0,0.0,0.0,0.3333333333333333,363.0160100460053
N7_E11a_T12b,N7,amazon_edge_006,edge_multihop,test,1.0,0.0,0.0,0.3333333333333333,363.0160100460053
N7_E11a_T12b,N7,amazon_edge_007,edge_multihop,test,1.0,0.0,0.0,0.3333333333333333,363.0160100460053
N7_E11a_T12b,N7,amazon_edge_008,edge_multihop,test,0.6666666666666666,0.0,0.0,0.2222222222222222,363.0160100460053
N7_E11a_T12b,N7,amazon_edge_009,edge_multihop,train,1.0,0.0,0.0,0.3333333333333333,363.0160100460053
N7_E11a_T12b,N7,amazon_edge_010,edge_multihop,train,1.0,0.0,0.5,0.5,363.0160100460053
N7_E11a_T12b,N7,amazon_edge_011,edge_multihop,test,0.6,0.9056852342892538,0.5,0.6685617447630846,363.0160100460053
N7_E11a_T12b,N7,amazon_edge_012,edge_multihop,test,1.0,0.0,0.5,0.5,363.0160100460053
N7_E11a_T12b,N7,amazon_edge_013,edge_multihop,test,1.0,0.0,0.5,0.5,363.0160100460053
N7_E11a_T12b,N7,amazon_edge_014,edge_multihop,test,1.0,0.0,0.75,0.5833333333333334,363.0160100460053
N7_E11a_T12b,N7,amazon_edge_015,edge_multihop,train,0.8333333333333334,0.923472097118262,0.5,0.7522684768171984,363.0160100460053
N7_E11a_T12b,N7,amazon_edge_016,edge_multihop,train,1.0,0.9332516976922126,0.5,0.8110838992307375,363.0160100460053
N7_E11a_T12b,N7,amazon_edge_017,edge_multihop,train,1.0,0.0,0.75,0.5833333333333334,363.0160100460053
N7_E11a_T12b,N7,amazon_edge_018,edge_multihop,train,1.0,0.8541858493348509,0.25,0.7013952831116169,363.0160100460053
N7_E11a_T12b,N7,amazon_edge_019,edge_multihop,train,1.0,0.0,1.0,0.6666666666666666,363.0160100460053
N7_E11a_T12b,N7,amazon_edge_020,edge_multihop,train,1.0,0.8808471580821892,0.5,0.7936157193607297,363.0160100460053
N7_E11a_T12b,N7,amazon_edge_021,edge_multihop,test,1.0,0.0,0.0,0.3333333333333333,363.0160100460053
N7_E11a_T12b,N7,amazon_edge_022,edge_multihop,test,0.8,0.8239826366078391,0.5,0.707994212202613,363.0160100460053
N7_E11a_T12b,N7,amazon_edge_023,edge_multihop,train,1.0,0.8277152999405906,0.75,0.8592384333135302,363.0160100460053
N7_E11a_T12b,N7,amazon_edge_024,edge_multihop,train,1.0,0.8755595499038591,0.0,0.6251865166346197,363.0160100460053
N7_E11a_T12b,N7,amazon_edge_025,edge_multihop,train,0.5714285714285714,0.8629268322746203,0.0,0.4781184679010639,363.0160100460053
N7_E11a_T12b,N7,amazon_edge_026,edge_multihop,test,0.6666666666666666,0.0,0.0,0.2222222222222222,363.0160100460053
N7_E11a_T12b,N7,amazon_edge_027,edge_multihop,test,0.6666666666666666,0.877756558665668,0.5,0.6814744084441116,363.0160100460053
N7_E11a_T12b,N7,amazon_edge_028,edge_multihop,test,1.0,0.0,0.5,0.5,363.0160100460053
N7_E11a_T12b,N7,amazon_edge_029,edge_multihop,train,0.8,0.0,0.0,0.2666666666666666,363.0160100460053
N7_E11a_T12b,N7,amazon_edge_030,edge_multihop,train,1.0,0.904748590790368,0.5,0.8015828635967893,363.0160100460053
N7_E11a_T12b,N7,amazon_edge_031,edge_multihop,test,1.0,0.0,0.0,0.3333333333333333,363.0160100460053
N7_E11a_T12b,N7,amazon_edge_032,edge_multihop,test,0.6666666666666666,0.0,0.0,0.2222222222222222,363.0160100460053
N7_E11a_T12b,N7,amazon_edge_033,edge_multihop,test,0.6666666666666666,0.0,0.0,0.2222222222222222,363.0160100460053
N7_E11a_T12b,N7,amazon_sh_035,single_specific,test,0.6666666666666666,1.0000000000000002,1.0,0.888888888888889,363.0160100460053
N7_E11a_T12b,N7,amazon_sh_036,single_specific,train,1.0,0.9180841717424498,1.0,0.97269472391415,363.0160100460053
N7_E11a_T12b,N7,amazon_sh_037,single_specific,test,0.5,0.8973946035293644,1.0,0.7991315345097881,363.0160100460053
N7_E11a_T12b,N7,amazon_sh_038,single_specific,test,0.5,0.504611131891194,1.0,0.6682037106303981,363.0160100460053
N7_E11a_T12b,N7,amazon_sh_039,single_specific,test,1.0,0.8812105949590497,0.5,0.79373686498635,363.0160100460053
N7_E11a_T12b,N7,amazon_sh_040,single_specific,train,1.0,0.9676550046882398,1.0,0.98921833489608,363.0160100460053
N7_E11a_T12b,N7,amazon_sh_041,single_specific,test,1.0,0.9075110864840172,1.0,0.9691703621613392,363.0160100460053
N7_E11a_T12b,N7,amazon_sh_042,single_specific,train,1.0,0.9660646317656332,1.0,0.9886882105885444,363.0160100460053
N7_E11a_T12b,N7,amazon_sh_043,single_specific,test,1.0,0.9676269048694416,1.0,0.989208968289814,363.0160100460053
N7_E11a_T12b,N7,amazon_sh_044,single_specific,train,1.0,0.9425589179030008,0.5,0.814186305967667,363.0160100460053
N7_E11a_T12b,N7,amazon_sh_045,single_specific,train,1.0,0.906929389213932,1.0,0.9689764630713108,363.0160100460053
N7_E11a_T12b,N7,amazon_sh_046,single_specific,train,1.0,0.777203253305725,1.0,0.925734417768575,363.0160100460053
N7_E11a_T12b,N7,amazon_sh_047,single_specific,train,1.0,0.8508726435747447,1.0,0.9502908811915814,363.0160100460053
N7_E11a_T12b,N7,amazon_sh_048,single_specific,train,1.0,0.8152752975482562,0.5,0.7717584325160853,363.0160100460053
N7_E11a_T12b,N7,amazon_sh_049,single_specific,test,1.0,0.9156252480601288,1.0,0.9718750826867096,363.0160100460053
N7_E11a_T12b,N7,amazon_sh_050,single_specific,train,1.0,0.8989041045010401,0.25,0.7163013681670134,363.0160100460053
N7_E11a_T12b,N7,amazon_sh_051,single_specific,test,1.0,0.9631746143350096,1.0,0.9877248714450032,363.0160100460053
N7_E11a_T12b,N7,amazon_sh_052,single_specific,test,1.0,0.9015466674011238,1.0,0.9671822224670412,363.0160100460053
N7_E11a_T12b,N7,amazon_sh_053,single_specific,train,1.0,0.4100848687996605,1.0,0.8033616229332202,363.0160100460053
N7_E11a_T12b,N7,amazon_sh_054,single_specific,test,1.0,0.999999614831448,1.0,0.9999998716104826,363.0160100460053
N7_E11a_T12b,N7,amazon_sh_055,single_specific,test,0.8,0.9138647318197968,1.0,0.9046215772732656,363.0160100460053
N7_E11a_T12b,N7,amazon_sh_056,single_specific,test,1.0,0.8527091965113616,1.0,0.9509030655037872,363.0160100460053
N7_E11a_T12b,N7,amazon_sh_057,single_specific,train,0.8333333333333334,0.9386459941894216,1.0,0.9239931091742516,363.0160100460053
N7_E11a_T12b,N7,amazon_sh_058,single_specific,test,1.0,0.9810755079257776,1.0,0.9936918359752592,363.0160100460053
N7_E11a_T12b,N7,amazon_sh_059,single_specific,train,1.0,0.9640394447101228,1.0,0.9880131482367076,363.0160100460053
N7_E11a_T12b,N7,amazon_sh_060,single_specific,train,1.0,1.0000000000000002,0.75,0.9166666666666666,363.0160100460053
N7_E11a_T12b,N7,amazon_sh_061,single_specific,train,1.0,0.8676952828304858,1.0,0.955898427610162,363.0160100460053
N7_E11a_T12b,N7,amazon_sh_062,single_specific,train,1.0,0.9999996471921204,0.5,0.8333332157307068,363.0160100460053
N7_E11a_T12b,N7,amazon_sh_063,single_specific,test,1.0,0.7260421503352924,1.0,0.9086807167784308,363.0160100460053
N7_E11a_T12b,N7,amazon_sh_064,single_specific,test,1.0,0.7354592241314002,1.0,0.9118197413771334,363.0160100460053
N7_E11a_T12b,N7,amazon_sh_065,single_specific,train,1.0,1.0,0.75,0.9166666666666666,363.0160100460053
N7_E11a_T12b,N7,amazon_sh_066,single_specific,test,1.0,0.902309096539059,1.0,0.9674363655130196,363.0160100460053
N7_E11a_T12b,N7,amazon_sh_067,single_specific,test,1.0,0.7656895774032954,1.0,0.9218965258010984,363.0160100460053
N7_E11a_T12b,N7,amazon_sh_068,single_specific,test,0.6666666666666666,0.9347159282581792,1.0,0.8671275316416153,363.0160100460053
N7_E11a_T12b,N7,amazon_sh_069,single_specific,test,1.0,0.9997775683159128,1.0,0.9999258561053044,363.0160100460053
N7_E11a_T12b,N7,amazon_sh_070,single_specific,test,0.5,0.6293307839177815,1.0,0.709776927972594,363.0160100460053
N7_E11a_T12b,N7,amazon_sh_071,single_specific,train,0.25,0.8260155052073802,1.0,0.6920051684024601,363.0160100460053
N7_E11a_T12b,N7,amazon_sh_072,single_specific,test,1.0,0.8253576689341433,1.0,0.9417858896447144,363.0160100460053
N7_E11a_T12b,N7,amazon_sh_073,single_specific,test,0.5,0.9999996415353034,1.0,0.8333332138451012,363.0160100460053
N7_E11a_T12b,N7,amazon_sh_074,single_specific,test,1.0,0.8699861229357486,1.0,0.9566620409785828,363.0160100460053
N7_E11a_T12b,N7,amazon_sh_075,single_specific,train,1.0,0.922925391327967,1.0,0.974308463775989,363.0160100460053
N7_E11a_T12b,N7,amazon_sh_076,single_specific,test,1.0,0.91436336631758,1.0,0.9714544554391932,363.0160100460053
N7_E11a_T12b,N7,amazon_sh_077,single_specific,train,1.0,0.999999654359189,1.0,0.9999998847863965,363.0160100460053
N7_E11a_T12b,N7,amazon_sh_078,single_specific,train,1.0,0.9999997167916704,1.0,0.9999999055972234,363.0160100460053
N7_E11a_T12b,N7,amazon_sh_079,single_specific,test,0.5,0.8658456687079873,0.25,0.5386152229026625,363.0160100460053
N7_E11a_T12b,N7,amazon_sh_080,single_specific,test,1.0,0.8677427015454394,1.0,0.9559142338484796,363.0160100460053
N7_E11a_T12b,N7,amazon_sh_081,single_specific,train,0.5,0.8653947532838124,1.0,0.7884649177612708,363.0160100460053
N7_E11a_T12b,N7,amazon_sh_082,single_specific,train,1.0,0.970476775069625,1.0,0.9901589250232083,363.0160100460053
N7_E11b_T12a,N7,amazon_sh_000,single_specific,test,1.0,0.0,0.0,0.3333333333333333,407.4732930660248
N7_E11b_T12a,N7,amazon_sh_001,single_specific,test,1.0,0.8280662809296397,1.0,0.94268876030988,407.4732930660248
N7_E11b_T12a,N7,amazon_sh_002,single_specific,test,0.6666666666666666,0.7163061368673255,0.0,0.4609909345113307,407.4732930660248
N7_E11b_T12a,N7,amazon_sh_003,single_specific,train,1.0,0.0,0.25,0.4166666666666667,407.4732930660248
N7_E11b_T12a,N7,amazon_sh_004,single_specific,train,1.0,0.0,0.0,0.3333333333333333,407.4732930660248
N7_E11b_T12a,N7,amazon_sh_005,single_specific,train,1.0,0.8444145662692506,0.0,0.6148048554230835,407.4732930660248
N7_E11b_T12a,N7,amazon_sh_006,single_specific,train,1.0,0.7407613366286152,0.0,0.5802537788762051,407.4732930660248
N7_E11b_T12a,N7,amazon_sh_007,single_specific,train,0.5,0.8999185817608006,1.0,0.7999728605869336,407.4732930660248
N7_E11b_T12a,N7,amazon_sh_008,single_specific,train,1.0,0.0,0.5,0.5,407.4732930660248
N7_E11b_T12a,N7,amazon_sh_009,single_specific,train,0.5,0.7978179681051673,0.5,0.5992726560350558,407.4732930660248
N7_E11b_T12a,N7,amazon_sh_010,single_specific,test,1.0,0.968343485724524,1.0,0.9894478285748414,407.4732930660248
N7_E11b_T12a,N7,amazon_sh_011,single_specific,train,1.0,0.6695261496159716,0.25,0.6398420498719904,407.4732930660248
N7_E11b_T12a,N7,amazon_sh_012,single_specific,train,0.0,0.9058719284353532,1.0,0.6352906428117844,407.4732930660248
N7_E11b_T12a,N7,amazon_sh_013,single_specific,train,0.5,0.5704538243240004,1.0,0.6901512747746668,407.4732930660248
N7_E11b_T12a,N7,amazon_sh_014,single_specific,train,1.0,0.0,0.5,0.5,407.4732930660248
N7_E11b_T12a,N7,amazon_sh_015,single_specific,test,1.0,0.8605645523195311,1.0,0.9535215174398436,407.4732930660248
N7_E11b_T12a,N7,amazon_sh_016,single_specific,test,1.0,0.933482136475678,1.0,0.977827378825226,407.4732930660248
N7_E11b_T12a,N7,amazon_sh_017,single_specific,test,1.0,0.874811035436551,1.0,0.9582703451455168,407.4732930660248
N7_E11b_T12a,N7,amazon_sh_018,single_specific,test,1.0,0.9468637338092912,1.0,0.9822879112697636,407.4732930660248
N7_E11b_T12a,N7,amazon_sh_019,single_specific,test,1.0,0.7104388460486966,1.0,0.9034796153495656,407.4732930660248
N7_E11b_T12a,N7,amazon_sh_020,single_specific,train,1.0,0.9435916722471892,1.0,0.9811972240823964,407.4732930660248
N7_E11b_T12a,N7,amazon_sh_021,single_specific,train,1.0,0.9367674307585664,1.0,0.978922476919522,407.4732930660248
N7_E11b_T12a,N7,amazon_sh_022,single_specific,test,1.0,1.0000000000000002,0.0,0.6666666666666666,407.4732930660248
N7_E11b_T12a,N7,amazon_sh_023,single_specific,test,1.0,0.9076465185791216,1.0,0.9692155061930404,407.4732930660248
N7_E11b_T12a,N7,amazon_sh_024,single_specific,test,0.5,0.4685593764948454,1.0,0.6561864588316152,407.4732930660248
N7_E11b_T12a,N7,amazon_sh_025,single_specific,train,0.75,0.9589875938906696,1.0,0.9029958646302232,407.4732930660248
N7_E11b_T12a,N7,amazon_sh_026,single_specific,train,1.0,0.8100556754772492,1.0,0.9366852251590831,407.4732930660248
N7_E11b_T12a,N7,amazon_sh_027,single_specific,test,0.3333333333333333,0.9481135885068572,1.0,0.7604823072800636,407.4732930660248
N7_E11b_T12a,N7,amazon_sh_028,single_specific,train,1.0,0.8761960598492949,1.0,0.958732019949765,407.4732930660248
N7_E11b_T12a,N7,amazon_sh_029,single_specific,test,1.0,0.9790715943553352,1.0,0.9930238647851116,407.4732930660248
N7_E11b_T12a,N7,amazon_sh_030,single_specific,test,0.6666666666666666,0.0,0.0,0.2222222222222222,407.4732930660248
N7_E11b_T12a,N7,amazon_sh_031,single_specific,test,1.0,0.9228091496934598,1.0,0.9742697165644866,407.4732930660248
N7_E11b_T12a,N7,amazon_sh_032,single_specific,test,0.5,0.8640145652830081,1.0,0.788004855094336,407.4732930660248
N7_E11b_T12a,N7,amazon_sh_033,single_specific,train,1.0,0.9513514951468776,1.0,0.983783831715626,407.4732930660248
N7_E11b_T12a,N7,amazon_sh_034,single_specific,train,1.0,0.9957401259787212,1.0,0.9985800419929072,407.4732930660248
N7_E11b_T12a,N7,amazon_agg_000,aggregate_cross_paper,train,0.75,0.7347720416170588,1.0,0.8282573472056862,407.4732930660248
N7_E11b_T12a,N7,amazon_agg_001,aggregate_cross_paper,test,0.8,0.6606352465812532,1.0,0.8202117488604177,407.4732930660248
N7_E11b_T12a,N7,amazon_agg_002,aggregate_cross_paper,test,1.0,0.6243332656968168,1.0,0.8747777552322722,407.4732930660248
N7_E11b_T12a,N7,amazon_agg_003,aggregate_cross_paper,test,0.8,0.728188552411199,0.75,0.7593961841370663,407.4732930660248
N7_E11b_T12a,N7,amazon_agg_004,aggregate_cross_paper,train,0.8,0.4714107607905175,1.0,0.7571369202635059,407.4732930660248
N7_E11b_T12a,N7,amazon_agg_005,aggregate_cross_paper,train,0.6666666666666666,0.3751738427023389,1.0,0.6806135031230017,407.4732930660248
N7_E11b_T12a,N7,amazon_agg_006,aggregate_cross_paper,test,0.8,0.5468132338303484,1.0,0.7822710779434495,407.4732930660248
N7_E11b_T12a,N7,amazon_agg_007,aggregate_cross_paper,train,1.0,0.4590730001432246,1.0,0.8196910000477415,407.4732930660248
N7_E11b_T12a,N7,amazon_agg_008,aggregate_cross_paper,test,1.0,0.7968671363606626,1.0,0.9322890454535542,407.4732930660248
N7_E11b_T12a,N7,amazon_agg_009,aggregate_cross_paper,train,0.25,0.7365940396721614,0.0,0.3288646798907205,407.4732930660248
N7_E11b_T12a,N7,amazon_agg_010,aggregate_cross_paper,train,0.6,0.7468399333185356,1.0,0.7822799777728452,407.4732930660248
N7_E11b_T12a,N7,amazon_agg_011,aggregate_cross_paper,train,0.3333333333333333,0.5546386459630703,1.0,0.6293239930988012,407.4732930660248
N7_E11b_T12a,N7,amazon_agg_012,aggregate_cross_paper,train,0.8,0.748609235337095,0.5,0.682869745112365,407.4732930660248
N7_E11b_T12a,N7,amazon_agg_013,aggregate_cross_paper,train,0.6666666666666666,0.8946549897020728,1.0,0.8537738854562464,407.4732930660248
N7_E11b_T12a,N7,amazon_agg_014,aggregate_cross_paper,test,0.25,0.8004873215367774,1.0,0.6834957738455923,407.4732930660248
N7_E11b_T12a,N7,amazon_agg_015,aggregate_cross_paper,train,1.0,0.0,0.5,0.5,407.4732930660248
N7_E11b_T12a,N7,amazon_agg_016,aggregate_cross_paper,train,1.0,0.797500445585278,1.0,0.932500148528426,407.4732930660248
N7_E11b_T12a,N7,amazon_agg_017,aggregate_cross_paper,test,0.6666666666666666,0.4472911209076166,1.0,0.7046525958580944,407.4732930660248
N7_E11b_T12a,N7,amazon_agg_018,aggregate_cross_paper,train,0.75,0.8468907795507035,1.0,0.8656302598502345,407.4732930660248
N7_E11b_T12a,N7,amazon_agg_019,aggregate_cross_paper,train,0.6666666666666666,0.7962009991696761,1.0,0.8209558886121142,407.4732930660248
N7_E11b_T12a,N7,amazon_agg_020,aggregate_cross_paper,test,0.6666666666666666,0.5536661194671074,0.5,0.5734442620445913,407.4732930660248
N7_E11b_T12a,N7,amazon_agg_021,aggregate_cross_paper,test,0.8333333333333334,0.3987225905713851,1.0,0.7440186413015728,407.4732930660248
N7_E11b_T12a,N7,amazon_agg_022,aggregate_cross_paper,train,0.5,0.8176878460818893,1.0,0.7725626153606298,407.4732930660248
N7_E11b_T12a,N7,amazon_agg_023,aggregate_cross_paper,test,0.4,0.7482323666365531,1.0,0.7160774555455177,407.4732930660248
N7_E11b_T12a,N7,amazon_agg_024,aggregate_cross_paper,test,0.4,0.871924723208083,1.0,0.757308241069361,407.4732930660248
N7_E11b_T12a,N7,amazon_agg_025,aggregate_cross_paper,train,0.5,0.4931083058317639,1.0,0.6643694352772547,407.4732930660248
N7_E11b_T12a,N7,amazon_agg_026,aggregate_cross_paper,train,1.0,0.7910961042372803,1.0,0.9303653680790934,407.4732930660248
N7_E11b_T12a,N7,amazon_agg_027,aggregate_cross_paper,train,0.75,0.8420298344058206,1.0,0.8640099448019402,407.4732930660248
N7_E11b_T12a,N7,amazon_agg_028,aggregate_cross_paper,train,0.6,0.4571836036734575,1.0,0.6857278678911526,407.4732930660248
N7_E11b_T12a,N7,amazon_agg_029,aggregate_cross_paper,test,0.6666666666666666,0.6757933029574263,1.0,0.7808199898746976,407.4732930660248
N7_E11b_T12a,N7,amazon_agg_030,aggregate_cross_paper,train,0.7142857142857143,0.6945891590238218,1.0,0.8029582911031787,407.4732930660248
N7_E11b_T12a,N7,amazon_agg_031,aggregate_cross_paper,train,0.4,0.7930845843620759,1.0,0.7310281947873586,407.4732930660248
N7_E11b_T12a,N7,amazon_agg_032,aggregate_cross_paper,test,1.0,0.8334801327715564,1.0,0.9444933775905188,407.4732930660248
N7_E11b_T12a,N7,amazon_edge_000,edge_multihop,test,1.0,0.0,0.0,0.3333333333333333,407.4732930660248
N7_E11b_T12a,N7,amazon_edge_001,edge_multihop,test,0.8,0.7232251881753773,0.0,0.5077417293917924,407.4732930660248
N7_E11b_T12a,N7,amazon_edge_002,edge_multihop,test,1.0,0.0,0.0,0.3333333333333333,407.4732930660248
N7_E11b_T12a,N7,amazon_edge_003,edge_multihop,test,0.8,0.0,0.0,0.2666666666666666,407.4732930660248
N7_E11b_T12a,N7,amazon_edge_004,edge_multihop,test,1.0,0.0,0.0,0.3333333333333333,407.4732930660248
N7_E11b_T12a,N7,amazon_edge_005,edge_multihop,train,1.0,0.0,0.0,0.3333333333333333,407.4732930660248
N7_E11b_T12a,N7,amazon_edge_006,edge_multihop,test,1.0,0.0,0.0,0.3333333333333333,407.4732930660248
N7_E11b_T12a,N7,amazon_edge_007,edge_multihop,test,0.6,0.0,0.0,0.1999999999999999,407.4732930660248
N7_E11b_T12a,N7,amazon_edge_008,edge_multihop,test,1.0,0.0,0.0,0.3333333333333333,407.4732930660248
N7_E11b_T12a,N7,amazon_edge_009,edge_multihop,train,1.0,0.0,0.0,0.3333333333333333,407.4732930660248
N7_E11b_T12a,N7,amazon_edge_010,edge_multihop,train,1.0,0.0,0.5,0.5,407.4732930660248
N7_E11b_T12a,N7,amazon_edge_011,edge_multihop,test,0.6666666666666666,0.8951319116105355,0.0,0.5205995260924007,407.4732930660248
N7_E11b_T12a,N7,amazon_edge_012,edge_multihop,test,1.0,0.0,0.5,0.5,407.4732930660248
N7_E11b_T12a,N7,amazon_edge_013,edge_multihop,test,1.0,0.0,0.25,0.4166666666666667,407.4732930660248
N7_E11b_T12a,N7,amazon_edge_014,edge_multihop,test,1.0,0.0,0.0,0.3333333333333333,407.4732930660248
N7_E11b_T12a,N7,amazon_edge_015,edge_multihop,train,0.75,0.8964438075911549,0.0,0.5488146025303849,407.4732930660248
N7_E11b_T12a,N7,amazon_edge_016,edge_multihop,train,1.0,0.0,0.0,0.3333333333333333,407.4732930660248
N7_E11b_T12a,N7,amazon_edge_017,edge_multihop,train,1.0,0.0,0.0,0.3333333333333333,407.4732930660248
N7_E11b_T12a,N7,amazon_edge_018,edge_multihop,train,1.0,0.0,0.0,0.3333333333333333,407.4732930660248
N7_E11b_T12a,N7,amazon_edge_019,edge_multihop,train,1.0,0.0,0.0,0.3333333333333333,407.4732930660248
N7_E11b_T12a,N7,amazon_edge_020,edge_multihop,train,1.0,0.0,0.0,0.3333333333333333,407.4732930660248
N7_E11b_T12a,N7,amazon_edge_021,edge_multihop,test,1.0,0.0,0.0,0.3333333333333333,407.4732930660248
N7_E11b_T12a,N7,amazon_edge_022,edge_multihop,test,0.5,0.880704272992722,0.75,0.7102347576642406,407.4732930660248
N7_E11b_T12a,N7,amazon_edge_023,edge_multihop,train,1.0,0.8358791099979093,0.5,0.7786263699993031,407.4732930660248
N7_E11b_T12a,N7,amazon_edge_024,edge_multihop,train,1.0,0.0,0.0,0.3333333333333333,407.4732930660248
N7_E11b_T12a,N7,amazon_edge_025,edge_multihop,train,0.8571428571428571,0.8874988003224292,0.0,0.5815472191550954,407.4732930660248
N7_E11b_T12a,N7,amazon_edge_026,edge_multihop,test,0.8,0.6573298184738214,0.0,0.4857766061579405,407.4732930660248
N7_E11b_T12a,N7,amazon_edge_027,edge_multihop,test,1.0,0.8777656327784785,0.25,0.7092552109261595,407.4732930660248
N7_E11b_T12a,N7,amazon_edge_028,edge_multihop,test,1.0,0.0,0.0,0.3333333333333333,407.4732930660248
N7_E11b_T12a,N7,amazon_edge_029,edge_multihop,train,1.0,0.0,0.5,0.5,407.4732930660248
N7_E11b_T12a,N7,amazon_edge_030,edge_multihop,train,1.0,0.8100035760860449,0.0,0.6033345253620149,407.4732930660248
N7_E11b_T12a,N7,amazon_edge_031,edge_multihop,test,1.0,0.0,0.0,0.3333333333333333,407.4732930660248
N7_E11b_T12a,N7,amazon_edge_032,edge_multihop,test,1.0,0.0,0.0,0.3333333333333333,407.4732930660248
N7_E11b_T12a,N7,amazon_edge_033,edge_multihop,test,0.4285714285714285,0.8522104178077058,1.0,0.7602606154597114,407.4732930660248
N7_E11b_T12a,N7,amazon_sh_035,single_specific,test,0.6666666666666666,1.0000000000000002,1.0,0.888888888888889,407.4732930660248
N7_E11b_T12a,N7,amazon_sh_036,single_specific,train,0.8333333333333334,0.7473093559449189,1.0,0.8602142297594174,407.4732930660248
N7_E11b_T12a,N7,amazon_sh_037,single_specific,test,1.0,0.9039842199152618,1.0,0.967994739971754,407.4732930660248
N7_E11b_T12a,N7,amazon_sh_038,single_specific,test,1.0,0.8569677585757272,0.0,0.6189892528585758,407.4732930660248
N7_E11b_T12a,N7,amazon_sh_039,single_specific,test,1.0,0.3483370889285906,0.5,0.6161123629761969,407.4732930660248
N7_E11b_T12a,N7,amazon_sh_040,single_specific,train,0.8,0.8484987443720621,1.0,0.8828329147906874,407.4732930660248
N7_E11b_T12a,N7,amazon_sh_041,single_specific,test,1.0,0.9075110864840172,1.0,0.9691703621613392,407.4732930660248
N7_E11b_T12a,N7,amazon_sh_042,single_specific,train,0.6666666666666666,0.6174132576395639,0.0,0.4280266414354101,407.4732930660248
N7_E11b_T12a,N7,amazon_sh_043,single_specific,test,1.0,0.8514397473471171,1.0,0.9504799157823725,407.4732930660248
N7_E11b_T12a,N7,amazon_sh_044,single_specific,train,0.6666666666666666,1.0,0.0,0.5555555555555555,407.4732930660248
N7_E11b_T12a,N7,amazon_sh_045,single_specific,train,1.0,0.87271929852083,1.0,0.9575730995069432,407.4732930660248
N7_E11b_T12a,N7,amazon_sh_046,single_specific,train,1.0,0.927517045420084,1.0,0.975839015140028,407.4732930660248
N7_E11b_T12a,N7,amazon_sh_047,single_specific,train,1.0,0.9816050334101132,1.0,0.9938683444700376,407.4732930660248
N7_E11b_T12a,N7,amazon_sh_048,single_specific,train,1.0,0.7831988186526625,0.75,0.8443996062175542,407.4732930660248
N7_E11b_T12a,N7,amazon_sh_049,single_specific,test,1.0,0.0,0.0,0.3333333333333333,407.4732930660248
N7_E11b_T12a,N7,amazon_sh_050,single_specific,train,1.0,0.8989883244101627,0.5,0.7996627748033877,407.4732930660248
N7_E11b_T12a,N7,amazon_sh_051,single_specific,test,1.0,0.9631746143350096,1.0,0.9877248714450032,407.4732930660248
N7_E11b_T12a,N7,amazon_sh_052,single_specific,test,0.0,0.8768029846079024,1.0,0.6256009948693008,407.4732930660248
N7_E11b_T12a,N7,amazon_sh_053,single_specific,train,0.0,0.4526051721142477,0.25,0.2342017240380825,407.4732930660248
N7_E11b_T12a,N7,amazon_sh_054,single_specific,test,1.0,0.999999592270859,1.0,0.9999998640902864,407.4732930660248
N7_E11b_T12a,N7,amazon_sh_055,single_specific,test,1.0,0.918414645313954,1.0,0.972804881771318,407.4732930660248
N7_E11b_T12a,N7,amazon_sh_056,single_specific,test,1.0,0.8527737631607658,1.0,0.9509245877202552,407.4732930660248
N7_E11b_T12a,N7,amazon_sh_057,single_specific,train,1.0,0.4415336071449069,1.0,0.813844535714969,407.4732930660248
N7_E11b_T12a,N7,amazon_sh_058,single_specific,test,0.75,0.0,1.0,0.5833333333333334,407.4732930660248
N7_E11b_T12a,N7,amazon_sh_059,single_specific,train,1.0,0.964072236317622,1.0,0.9880240787725408,407.4732930660248
N7_E11b_T12a,N7,amazon_sh_060,single_specific,train,1.0,0.0,0.0,0.3333333333333333,407.4732930660248
N7_E11b_T12a,N7,amazon_sh_061,single_specific,train,1.0,0.8830262556450206,1.0,0.9610087518816736,407.4732930660248
N7_E11b_T12a,N7,amazon_sh_062,single_specific,train,1.0,0.0,0.0,0.3333333333333333,407.4732930660248
N7_E11b_T12a,N7,amazon_sh_063,single_specific,test,0.5,0.7488708401404212,1.0,0.7496236133801405,407.4732930660248
N7_E11b_T12a,N7,amazon_sh_064,single_specific,test,1.0,0.661867620941798,1.0,0.8872892069805993,407.4732930660248
N7_E11b_T12a,N7,amazon_sh_065,single_specific,train,0.6666666666666666,0.0,1.0,0.5555555555555555,407.4732930660248
N7_E11b_T12a,N7,amazon_sh_066,single_specific,test,1.0,0.902299971194598,1.0,0.9674333237315326,407.4732930660248
N7_E11b_T12a,N7,amazon_sh_067,single_specific,test,1.0,0.7487643835807668,1.0,0.9162547945269224,407.4732930660248
N7_E11b_T12a,N7,amazon_sh_068,single_specific,test,0.6666666666666666,0.9347159282581792,1.0,0.8671275316416153,407.4732930660248
N7_E11b_T12a,N7,amazon_sh_069,single_specific,test,1.0,0.999778170992252,1.0,0.9999260569974172,407.4732930660248
N7_E11b_T12a,N7,amazon_sh_070,single_specific,test,1.0,0.6120690652955543,1.0,0.8706896884318515,407.4732930660248
N7_E11b_T12a,N7,amazon_sh_071,single_specific,train,1.0,0.0,0.0,0.3333333333333333,407.4732930660248
N7_E11b_T12a,N7,amazon_sh_072,single_specific,test,0.0,0.9605984382799536,0.0,0.3201994794266512,407.4732930660248
N7_E11b_T12a,N7,amazon_sh_073,single_specific,test,0.5,0.9999996674678212,1.0,0.8333332224892738,407.4732930660248
N7_E11b_T12a,N7,amazon_sh_074,single_specific,test,1.0,0.8825183907933352,1.0,0.9608394635977784,407.4732930660248
N7_E11b_T12a,N7,amazon_sh_075,single_specific,train,1.0,0.922925391327967,1.0,0.974308463775989,407.4732930660248
N7_E11b_T12a,N7,amazon_sh_076,single_specific,test,1.0,0.91436336631758,1.0,0.9714544554391934,407.4732930660248
N7_E11b_T12a,N7,amazon_sh_077,single_specific,train,1.0,1.0000000000000002,1.0,1.0,407.4732930660248
N7_E11b_T12a,N7,amazon_sh_078,single_specific,train,0.75,1.0,1.0,0.9166666666666666,407.4732930660248
N7_E11b_T12a,N7,amazon_sh_079,single_specific,test,1.0,0.8138873617017942,0.5,0.7712957872339313,407.4732930660248
N7_E11b_T12a,N7,amazon_sh_080,single_specific,test,1.0,0.9095855720572408,0.75,0.8865285240190802,407.4732930660248
N7_E11b_T12a,N7,amazon_sh_081,single_specific,train,1.0,0.8653947532838124,0.5,0.7884649177612708,407.4732930660248
N7_E11b_T12a,N7,amazon_sh_082,single_specific,train,1.0,0.9999996738737372,1.0,0.9999998912912456,407.4732930660248
N7_E11b_T12b,N7,amazon_sh_000,single_specific,test,1.0,0.0,0.0,0.3333333333333333,409.22377824783325
N7_E11b_T12b,N7,amazon_sh_001,single_specific,test,1.0,0.8280802237139411,1.0,0.9426934079046472,409.22377824783325
N7_E11b_T12b,N7,amazon_sh_002,single_specific,test,0.6666666666666666,0.6889527046788578,0.0,0.4518731237818414,409.22377824783325
N7_E11b_T12b,N7,amazon_sh_003,single_specific,train,1.0,0.0,0.25,0.4166666666666667,409.22377824783325
N7_E11b_T12b,N7,amazon_sh_004,single_specific,train,1.0,0.0,0.0,0.3333333333333333,409.22377824783325
N7_E11b_T12b,N7,amazon_sh_005,single_specific,train,0.0,0.8102634602963855,0.0,0.2700878200987952,409.22377824783325
N7_E11b_T12b,N7,amazon_sh_006,single_specific,train,1.0,0.7407613366286152,0.0,0.5802537788762051,409.22377824783325
N7_E11b_T12b,N7,amazon_sh_007,single_specific,train,0.5,0.7532931867400839,1.0,0.7510977289133614,409.22377824783325
N7_E11b_T12b,N7,amazon_sh_008,single_specific,train,1.0,0.0,0.5,0.5,409.22377824783325
N7_E11b_T12b,N7,amazon_sh_009,single_specific,train,0.5,0.7978576717851543,0.5,0.5992858905950514,409.22377824783325
N7_E11b_T12b,N7,amazon_sh_010,single_specific,test,0.0,0.968343485724524,1.0,0.656114495241508,409.22377824783325
N7_E11b_T12b,N7,amazon_sh_011,single_specific,train,1.0,0.575277978132916,0.25,0.608425992710972,409.22377824783325
N7_E11b_T12b,N7,amazon_sh_012,single_specific,train,0.0,0.9058719284353532,1.0,0.6352906428117844,409.22377824783325
N7_E11b_T12b,N7,amazon_sh_013,single_specific,train,0.5,0.5892077174090214,1.0,0.6964025724696739,409.22377824783325
N7_E11b_T12b,N7,amazon_sh_014,single_specific,train,1.0,0.0,0.5,0.5,409.22377824783325
N7_E11b_T12b,N7,amazon_sh_015,single_specific,test,1.0,0.8604554819636836,1.0,0.9534851606545612,409.22377824783325
N7_E11b_T12b,N7,amazon_sh_016,single_specific,test,1.0,0.933482136475678,1.0,0.977827378825226,409.22377824783325
N7_E11b_T12b,N7,amazon_sh_017,single_specific,test,1.0,0.8748170651599895,1.0,0.95827235505333,409.22377824783325
N7_E11b_T12b,N7,amazon_sh_018,single_specific,test,1.0,0.946864045309291,1.0,0.982288015103097,409.22377824783325
N7_E11b_T12b,N7,amazon_sh_019,single_specific,test,1.0,0.7104249654785484,1.0,0.9034749884928496,409.22377824783325
N7_E11b_T12b,N7,amazon_sh_020,single_specific,train,1.0,0.9435870958966044,1.0,0.9811956986322016,409.22377824783325
N7_E11b_T12b,N7,amazon_sh_021,single_specific,train,1.0,0.9367674307585664,1.0,0.978922476919522,409.22377824783325
N7_E11b_T12b,N7,amazon_sh_022,single_specific,test,1.0,1.0000000000000002,0.0,0.6666666666666666,409.22377824783325
N7_E11b_T12b,N7,amazon_sh_023,single_specific,test,1.0,0.908413476746368,1.0,0.969471158915456,409.22377824783325
N7_E11b_T12b,N7,amazon_sh_024,single_specific,test,0.0,0.4286267583494329,1.0,0.476208919449811,409.22377824783325
N7_E11b_T12b,N7,amazon_sh_025,single_specific,train,0.5,0.9565693440004532,1.0,0.8188564480001511,409.22377824783325
N7_E11b_T12b,N7,amazon_sh_026,single_specific,train,1.0,0.8101070501786414,1.0,0.936702350059547,409.22377824783325
N7_E11b_T12b,N7,amazon_sh_027,single_specific,test,0.3333333333333333,0.948111062418023,1.0,0.7604814652504522,409.22377824783325
N7_E11b_T12b,N7,amazon_sh_028,single_specific,train,1.0,0.9588118428317642,1.0,0.9862706142772548,409.22377824783325
N7_E11b_T12b,N7,amazon_sh_029,single_specific,test,1.0,0.9790715943553352,1.0,0.9930238647851116,409.22377824783325
N7_E11b_T12b,N7,amazon_sh_030,single_specific,test,0.6666666666666666,0.7876353178130818,0.0,0.4847673281599161,409.22377824783325
N7_E11b_T12b,N7,amazon_sh_031,single_specific,test,1.0,0.9227782988775396,1.0,0.97425943295918,409.22377824783325
N7_E11b_T12b,N7,amazon_sh_032,single_specific,test,0.5,0.8640401954042359,1.0,0.7880133984680787,409.22377824783325
N7_E11b_T12b,N7,amazon_sh_033,single_specific,train,1.0,0.9513300858543132,1.0,0.983776695284771,409.22377824783325
N7_E11b_T12b,N7,amazon_sh_034,single_specific,train,1.0,0.9957399473094786,1.0,0.9985799824364928,409.22377824783325
N7_E11b_T12b,N7,amazon_agg_000,aggregate_cross_paper,train,0.75,0.7347720416170588,1.0,0.8282573472056862,409.22377824783325
N7_E11b_T12b,N7,amazon_agg_001,aggregate_cross_paper,test,0.8,0.5820704436301596,1.0,0.7940234812100533,409.22377824783325
N7_E11b_T12b,N7,amazon_agg_002,aggregate_cross_paper,test,1.0,0.6198399013892264,1.0,0.8732799671297421,409.22377824783325
N7_E11b_T12b,N7,amazon_agg_003,aggregate_cross_paper,test,0.8,0.7283304875574662,0.5,0.6761101625191555,409.22377824783325
N7_E11b_T12b,N7,amazon_agg_004,aggregate_cross_paper,train,0.8571428571428571,0.4644476080638249,1.0,0.7738634884022274,409.22377824783325
N7_E11b_T12b,N7,amazon_agg_005,aggregate_cross_paper,train,0.6666666666666666,0.3750882809790652,1.0,0.6805849825485772,409.22377824783325
N7_E11b_T12b,N7,amazon_agg_006,aggregate_cross_paper,test,0.8,0.5470686428057722,1.0,0.7823562142685908,409.22377824783325
N7_E11b_T12b,N7,amazon_agg_007,aggregate_cross_paper,train,1.0,0.4611027041868583,1.0,0.8203675680622862,409.22377824783325
N7_E11b_T12b,N7,amazon_agg_008,aggregate_cross_paper,test,1.0,0.7942613380918377,1.0,0.9314204460306126,409.22377824783325
N7_E11b_T12b,N7,amazon_agg_009,aggregate_cross_paper,train,0.25,0.7366053208562556,0.0,0.3288684402854185,409.22377824783325
N7_E11b_T12b,N7,amazon_agg_010,aggregate_cross_paper,train,1.0,0.7468205126234243,1.0,0.9156068375411414,409.22377824783325
N7_E11b_T12b,N7,amazon_agg_011,aggregate_cross_paper,train,0.3333333333333333,0.6278542552238263,1.0,0.6537291961857199,409.22377824783325
N7_E11b_T12b,N7,amazon_agg_012,aggregate_cross_paper,train,0.8,0.6951176262437194,0.5,0.6650392087479066,409.22377824783325
N7_E11b_T12b,N7,amazon_agg_013,aggregate_cross_paper,train,0.6666666666666666,0.9036808226641132,1.0,0.8567824964435933,409.22377824783325
N7_E11b_T12b,N7,amazon_agg_014,aggregate_cross_paper,test,0.25,0.8004872729091491,1.0,0.683495757636383,409.22377824783325
N7_E11b_T12b,N7,amazon_agg_015,aggregate_cross_paper,train,1.0,0.0,0.5,0.5,409.22377824783325
N7_E11b_T12b,N7,amazon_agg_016,aggregate_cross_paper,train,0.5,0.797500445585278,1.0,0.7658334818617593,409.22377824783325
N7_E11b_T12b,N7,amazon_agg_017,aggregate_cross_paper,test,0.6666666666666666,0.4472911209076166,1.0,0.7046525958580944,409.22377824783325
N7_E11b_T12b,N7,amazon_agg_018,aggregate_cross_paper,train,0.75,0.8586008052178297,1.0,0.8695336017392766,409.22377824783325
N7_E11b_T12b,N7,amazon_agg_019,aggregate_cross_paper,train,0.6666666666666666,0.7962283796495563,1.0,0.820965015438741,409.22377824783325
N7_E11b_T12b,N7,amazon_agg_020,aggregate_cross_paper,test,0.6666666666666666,0.5077638370537467,0.5,0.5581435012401378,409.22377824783325
N7_E11b_T12b,N7,amazon_agg_021,aggregate_cross_paper,test,1.0,0.3987225905713851,1.0,0.7995741968571283,409.22377824783325
N7_E11b_T12b,N7,amazon_agg_022,aggregate_cross_paper,train,0.5,0.8176878460818893,1.0,0.7725626153606298,409.22377824783325
N7_E11b_T12b,N7,amazon_agg_023,aggregate_cross_paper,test,0.6,0.8587694569648132,1.0,0.8195898189882711,409.22377824783325
N7_E11b_T12b,N7,amazon_agg_024,aggregate_cross_paper,test,0.6,0.8719344730103181,1.0,0.8239781576701061,409.22377824783325
N7_E11b_T12b,N7,amazon_agg_025,aggregate_cross_paper,train,0.5,0.4363712572895107,1.0,0.6454570857631702,409.22377824783325
N7_E11b_T12b,N7,amazon_agg_026,aggregate_cross_paper,train,1.0,0.7910943184113127,1.0,0.9303647728037708,409.22377824783325
N7_E11b_T12b,N7,amazon_agg_027,aggregate_cross_paper,train,0.8,0.855872800010116,1.0,0.8852909333367053,409.22377824783325
N7_E11b_T12b,N7,amazon_agg_028,aggregate_cross_paper,train,0.6,0.4368992239016755,0.75,0.5956330746338918,409.22377824783325
N7_E11b_T12b,N7,amazon_agg_029,aggregate_cross_paper,test,1.0,0.5837128605529798,1.0,0.8612376201843266,409.22377824783325
N7_E11b_T12b,N7,amazon_agg_030,aggregate_cross_paper,train,0.7142857142857143,0.6945891590238218,1.0,0.8029582911031787,409.22377824783325
N7_E11b_T12b,N7,amazon_agg_031,aggregate_cross_paper,train,0.4,0.7930845843620759,1.0,0.7310281947873586,409.22377824783325
N7_E11b_T12b,N7,amazon_agg_032,aggregate_cross_paper,test,1.0,0.8334801327715564,1.0,0.9444933775905188,409.22377824783325
N7_E11b_T12b,N7,amazon_edge_000,edge_multihop,test,0.8,0.958437095326288,0.0,0.586145698442096,409.22377824783325
N7_E11b_T12b,N7,amazon_edge_001,edge_multihop,test,0.8,0.7231823319333232,0.0,0.5077274439777745,409.22377824783325
N7_E11b_T12b,N7,amazon_edge_002,edge_multihop,test,1.0,0.0,0.0,0.3333333333333333,409.22377824783325
N7_E11b_T12b,N7,amazon_edge_003,edge_multihop,test,0.8,0.0,0.0,0.2666666666666666,409.22377824783325
N7_E11b_T12b,N7,amazon_edge_004,edge_multihop,test,1.0,0.0,0.0,0.3333333333333333,409.22377824783325
N7_E11b_T12b,N7,amazon_edge_005,edge_multihop,train,1.0,0.0,0.0,0.3333333333333333,409.22377824783325
N7_E11b_T12b,N7,amazon_edge_006,edge_multihop,test,1.0,0.0,0.0,0.3333333333333333,409.22377824783325
N7_E11b_T12b,N7,amazon_edge_007,edge_multihop,test,0.5,0.8299163380843728,0.0,0.4433054460281243,409.22377824783325
N7_E11b_T12b,N7,amazon_edge_008,edge_multihop,test,1.0,0.0,0.0,0.3333333333333333,409.22377824783325
N7_E11b_T12b,N7,amazon_edge_009,edge_multihop,train,1.0,0.0,0.0,0.3333333333333333,409.22377824783325
N7_E11b_T12b,N7,amazon_edge_010,edge_multihop,train,1.0,0.0,0.25,0.4166666666666667,409.22377824783325
N7_E11b_T12b,N7,amazon_edge_011,edge_multihop,test,0.6666666666666666,0.882137959736509,0.0,0.5162682088010585,409.22377824783325
N7_E11b_T12b,N7,amazon_edge_012,edge_multihop,test,1.0,0.0,0.5,0.5,409.22377824783325
N7_E11b_T12b,N7,amazon_edge_013,edge_multihop,test,1.0,0.0,0.25,0.4166666666666667,409.22377824783325
N7_E11b_T12b,N7,amazon_edge_014,edge_multihop,test,1.0,0.0,0.0,0.3333333333333333,409.22377824783325
N7_E11b_T12b,N7,amazon_edge_015,edge_multihop,train,0.75,0.8962412433796064,0.0,0.5487470811265355,409.22377824783325
N7_E11b_T12b,N7,amazon_edge_016,edge_multihop,train,1.0,0.0,0.0,0.3333333333333333,409.22377824783325
N7_E11b_T12b,N7,amazon_edge_017,edge_multihop,train,1.0,0.0,0.0,0.3333333333333333,409.22377824783325
N7_E11b_T12b,N7,amazon_edge_018,edge_multihop,train,1.0,0.0,0.0,0.3333333333333333,409.22377824783325
N7_E11b_T12b,N7,amazon_edge_019,edge_multihop,train,1.0,0.0,0.0,0.3333333333333333,409.22377824783325
N7_E11b_T12b,N7,amazon_edge_020,edge_multihop,train,1.0,0.0,0.0,0.3333333333333333,409.22377824783325
N7_E11b_T12b,N7,amazon_edge_021,edge_multihop,test,1.0,0.0,0.0,0.3333333333333333,409.22377824783325
N7_E11b_T12b,N7,amazon_edge_022,edge_multihop,test,0.8571428571428571,0.8807240218411297,0.75,0.829288959661329,409.22377824783325
N7_E11b_T12b,N7,amazon_edge_023,edge_multihop,train,1.0,0.0,0.25,0.4166666666666667,409.22377824783325
N7_E11b_T12b,N7,amazon_edge_024,edge_multihop,train,0.6666666666666666,0.0,0.0,0.2222222222222222,409.22377824783325
N7_E11b_T12b,N7,amazon_edge_025,edge_multihop,train,0.6666666666666666,0.8614283902622479,0.0,0.5093650189763048,409.22377824783325
N7_E11b_T12b,N7,amazon_edge_026,edge_multihop,test,1.0,0.0,0.0,0.3333333333333333,409.22377824783325
N7_E11b_T12b,N7,amazon_edge_027,edge_multihop,test,0.375,0.877756558665668,0.25,0.5009188528885561,409.22377824783325
N7_E11b_T12b,N7,amazon_edge_028,edge_multihop,test,1.0,0.0,0.0,0.3333333333333333,409.22377824783325
N7_E11b_T12b,N7,amazon_edge_029,edge_multihop,train,0.75,0.0,0.5,0.4166666666666667,409.22377824783325
N7_E11b_T12b,N7,amazon_edge_030,edge_multihop,train,1.0,0.8100035760860449,0.0,0.6033345253620149,409.22377824783325
N7_E11b_T12b,N7,amazon_edge_031,edge_multihop,test,1.0,0.0,0.0,0.3333333333333333,409.22377824783325
N7_E11b_T12b,N7,amazon_edge_032,edge_multihop,test,0.6666666666666666,0.0,0.0,0.2222222222222222,409.22377824783325
N7_E11b_T12b,N7,amazon_edge_033,edge_multihop,test,0.8571428571428571,0.8341178791297875,1.0,0.8970869120908814,409.22377824783325
N7_E11b_T12b,N7,amazon_sh_035,single_specific,test,0.6666666666666666,0.994859291417588,1.0,0.8871753193614182,409.22377824783325
N7_E11b_T12b,N7,amazon_sh_036,single_specific,train,0.8333333333333334,0.7473517958821121,1.0,0.8602283764051485,409.22377824783325
N7_E11b_T12b,N7,amazon_sh_037,single_specific,test,1.0,0.9039842199152618,1.0,0.967994739971754,409.22377824783325
N7_E11b_T12b,N7,amazon_sh_038,single_specific,test,1.0,0.8569801918739322,0.0,0.6189933972913108,409.22377824783325
N7_E11b_T12b,N7,amazon_sh_039,single_specific,test,1.0,0.342593828424826,0.5,0.6141979428082753,409.22377824783325
N7_E11b_T12b,N7,amazon_sh_040,single_specific,train,1.0,0.8484838899381754,1.0,0.9494946299793918,409.22377824783325
N7_E11b_T12b,N7,amazon_sh_041,single_specific,test,1.0,0.9075110864840172,1.0,0.9691703621613392,409.22377824783325
N7_E11b_T12b,N7,amazon_sh_042,single_specific,train,0.0,0.6174272679833299,0.0,0.2058090893277766,409.22377824783325
N7_E11b_T12b,N7,amazon_sh_043,single_specific,test,1.0,0.978094626420903,1.0,0.9926982088069676,409.22377824783325
N7_E11b_T12b,N7,amazon_sh_044,single_specific,train,1.0,1.0,0.0,0.6666666666666666,409.22377824783325
N7_E11b_T12b,N7,amazon_sh_045,single_specific,train,1.0,0.8699806957430519,1.0,0.9566602319143508,409.22377824783325
N7_E11b_T12b,N7,amazon_sh_046,single_specific,train,1.0,0.939619522552442,1.0,0.9798731741841474,409.22377824783325
N7_E11b_T12b,N7,amazon_sh_047,single_specific,train,1.0,0.9816050400694724,1.0,0.993868346689824,409.22377824783325
N7_E11b_T12b,N7,amazon_sh_048,single_specific,train,1.0,0.8152918008155963,0.75,0.855097266938532,409.22377824783325
N7_E11b_T12b,N7,amazon_sh_049,single_specific,test,1.0,0.0,0.0,0.3333333333333333,409.22377824783325
N7_E11b_T12b,N7,amazon_sh_050,single_specific,train,1.0,0.8989883244101627,0.5,0.7996627748033877,409.22377824783325
N7_E11b_T12b,N7,amazon_sh_051,single_specific,test,1.0,0.9631811721366288,1.0,0.9877270573788764,409.22377824783325
N7_E11b_T12b,N7,amazon_sh_052,single_specific,test,0.25,0.9174100215706552,1.0,0.7224700071902185,409.22377824783325
N7_E11b_T12b,N7,amazon_sh_053,single_specific,train,0.0,0.4526681780364418,0.25,0.2342227260121473,409.22377824783325
N7_E11b_T12b,N7,amazon_sh_054,single_specific,test,1.0,1.0,1.0,1.0,409.22377824783325
N7_E11b_T12b,N7,amazon_sh_055,single_specific,test,1.0,0.9138647318197968,1.0,0.9712882439399324,409.22377824783325
N7_E11b_T12b,N7,amazon_sh_056,single_specific,test,1.0,0.8608665425310423,1.0,0.9536221808436808,409.22377824783325
N7_E11b_T12b,N7,amazon_sh_057,single_specific,train,1.0,0.4415336071449069,1.0,0.813844535714969,409.22377824783325
N7_E11b_T12b,N7,amazon_sh_058,single_specific,test,0.6666666666666666,0.0,1.0,0.5555555555555555,409.22377824783325
N7_E11b_T12b,N7,amazon_sh_059,single_specific,train,1.0,0.964072236317622,1.0,0.9880240787725408,409.22377824783325
N7_E11b_T12b,N7,amazon_sh_060,single_specific,train,1.0,0.0,0.0,0.3333333333333333,409.22377824783325
N7_E11b_T12b,N7,amazon_sh_061,single_specific,train,1.0,0.8728212313350131,1.0,0.957607077111671,409.22377824783325
N7_E11b_T12b,N7,amazon_sh_062,single_specific,train,1.0,0.0,0.0,0.3333333333333333,409.22377824783325
N7_E11b_T12b,N7,amazon_sh_063,single_specific,test,0.5,0.7488249503885628,1.0,0.7496083167961877,409.22377824783325
N7_E11b_T12b,N7,amazon_sh_064,single_specific,test,1.0,0.6618547461771515,1.0,0.8872849153923839,409.22377824783325
N7_E11b_T12b,N7,amazon_sh_065,single_specific,train,0.6666666666666666,0.99999962534369,1.0,0.8888887640034522,409.22377824783325
N7_E11b_T12b,N7,amazon_sh_066,single_specific,test,1.0,0.9027002196601694,1.0,0.9675667398867231,409.22377824783325
N7_E11b_T12b,N7,amazon_sh_067,single_specific,test,1.0,0.74028456227993,1.0,0.9134281874266432,409.22377824783325
N7_E11b_T12b,N7,amazon_sh_068,single_specific,test,0.6666666666666666,0.9346909815641352,1.0,0.8671192160769339,409.22377824783325
N7_E11b_T12b,N7,amazon_sh_069,single_specific,test,1.0,0.9997775683159128,1.0,0.9999258561053044,409.22377824783325
N7_E11b_T12b,N7,amazon_sh_070,single_specific,test,1.0,0.6105843817898654,1.0,0.8701947939299551,409.22377824783325
N7_E11b_T12b,N7,amazon_sh_071,single_specific,train,1.0,0.0,0.0,0.3333333333333333,409.22377824783325
N7_E11b_T12b,N7,amazon_sh_072,single_specific,test,0.0,0.960686913543021,0.0,0.320228971181007,409.22377824783325
N7_E11b_T12b,N7,amazon_sh_073,single_specific,test,0.5,0.999999630818732,1.0,0.8333332102729106,409.22377824783325
N7_E11b_T12b,N7,amazon_sh_074,single_specific,test,1.0,0.8825183907933352,1.0,0.9608394635977784,409.22377824783325
N7_E11b_T12b,N7,amazon_sh_075,single_specific,train,1.0,0.922925391327967,1.0,0.974308463775989,409.22377824783325
N7_E11b_T12b,N7,amazon_sh_076,single_specific,test,1.0,0.91436336631758,1.0,0.9714544554391934,409.22377824783325
N7_E11b_T12b,N7,amazon_sh_077,single_specific,train,1.0,0.9999996575201971,1.0,0.9999998858400656,409.22377824783325
N7_E11b_T12b,N7,amazon_sh_078,single_specific,train,0.75,0.9999996818035009,1.0,0.9166665606011668,409.22377824783325
N7_E11b_T12b,N7,amazon_sh_079,single_specific,test,1.0,0.8138657084127568,0.5,0.771288569470919,409.22377824783325
N7_E11b_T12b,N7,amazon_sh_080,single_specific,test,1.0,0.8259853412008867,0.75,0.8586617804002956,409.22377824783325
N7_E11b_T12b,N7,amazon_sh_081,single_specific,train,0.7142857142857143,0.8653947532838124,0.5,0.6932268225231756,409.22377824783325
N7_E11b_T12b,N7,amazon_sh_082,single_specific,train,1.0,1.0,1.0,1.0,409.22377824783325
N8_E10a_T12a,N8,amazon_sh_000,single_specific,test,0.75,0.8558184338609767,1.0,0.8686061446203256,392.1704521179199
N8_E10a_T12a,N8,amazon_sh_001,single_specific,test,0.75,0.8569795155946881,1.0,0.8689931718648961,392.1704521179199
N8_E10a_T12a,N8,amazon_sh_002,single_specific,test,1.0,1.0000000000000002,1.0,1.0,392.1704521179199
N8_E10a_T12a,N8,amazon_sh_003,single_specific,train,0.5,0.9595602348384074,0.75,0.7365200782794691,392.1704521179199
N8_E10a_T12a,N8,amazon_sh_004,single_specific,train,1.0,0.0,0.0,0.3333333333333333,392.1704521179199
N8_E10a_T12a,N8,amazon_sh_005,single_specific,train,1.0,0.9092420800832544,1.0,0.9697473600277516,392.1704521179199
N8_E10a_T12a,N8,amazon_sh_006,single_specific,train,1.0,0.9999996895658728,1.0,0.9999998965219576,392.1704521179199
N8_E10a_T12a,N8,amazon_sh_007,single_specific,train,1.0,0.8766915470778831,1.0,0.9588971823592944,392.1704521179199
N8_E10a_T12a,N8,amazon_sh_008,single_specific,train,1.0,0.8951696196575677,1.0,0.9650565398858558,392.1704521179199
N8_E10a_T12a,N8,amazon_sh_009,single_specific,train,0.0,0.0,0.75,0.25,392.1704521179199
N8_E10a_T12a,N8,amazon_sh_010,single_specific,test,1.0,0.9683677737965136,1.0,0.989455924598838,392.1704521179199
N8_E10a_T12a,N8,amazon_sh_011,single_specific,train,0.0,0.0,1.0,0.3333333333333333,392.1704521179199
N8_E10a_T12a,N8,amazon_sh_012,single_specific,train,0.5,0.0,1.0,0.5,392.1704521179199
N8_E10a_T12a,N8,amazon_sh_013,single_specific,train,1.0,0.7068129261903527,1.0,0.9022709753967842,392.1704521179199
N8_E10a_T12a,N8,amazon_sh_014,single_specific,train,1.0,0.0,0.0,0.3333333333333333,392.1704521179199
N8_E10a_T12a,N8,amazon_sh_015,single_specific,test,1.0,0.4206515088877555,1.0,0.8068838362959184,392.1704521179199
N8_E10a_T12a,N8,amazon_sh_016,single_specific,test,1.0,0.9334849643536172,1.0,0.9778283214512058,392.1704521179199
N8_E10a_T12a,N8,amazon_sh_017,single_specific,test,1.0,0.8748538505487505,1.0,0.9582846168495834,392.1704521179199
N8_E10a_T12a,N8,amazon_sh_018,single_specific,test,1.0,0.0,0.0,0.3333333333333333,392.1704521179199
N8_E10a_T12a,N8,amazon_sh_019,single_specific,test,0.875,0.6696475700131459,0.75,0.7648825233377153,392.1704521179199
N8_E10a_T12a,N8,amazon_sh_020,single_specific,train,0.0,0.0,1.0,0.3333333333333333,392.1704521179199
N8_E10a_T12a,N8,amazon_sh_021,single_specific,train,1.0,0.9367608133256224,1.0,0.9789202711085409,392.1704521179199
N8_E10a_T12a,N8,amazon_sh_022,single_specific,test,1.0,0.98768629956844,0.0,0.6625620998561467,392.1704521179199
N8_E10a_T12a,N8,amazon_sh_023,single_specific,test,1.0,0.9035370092342716,1.0,0.9678456697447572,392.1704521179199
N8_E10a_T12a,N8,amazon_sh_024,single_specific,test,1.0,0.5643291810686619,1.0,0.854776393689554,392.1704521179199
N8_E10a_T12a,N8,amazon_sh_025,single_specific,train,1.0,0.9565706917395644,1.0,0.9855235639131882,392.1704521179199
N8_E10a_T12a,N8,amazon_sh_026,single_specific,train,1.0,0.8100540930793697,1.0,0.9366846976931232,392.1704521179199
N8_E10a_T12a,N8,amazon_sh_027,single_specific,test,1.0,0.9145888380019076,1.0,0.9715296126673024,392.1704521179199
N8_E10a_T12a,N8,amazon_sh_028,single_specific,train,1.0,0.8426560975282168,1.0,0.9475520325094056,392.1704521179199
N8_E10a_T12a,N8,amazon_sh_029,single_specific,test,1.0,0.0,0.0,0.3333333333333333,392.1704521179199
N8_E10a_T12a,N8,amazon_sh_030,single_specific,test,0.6666666666666666,0.9091631988080257,0.25,0.6086099551582307,392.1704521179199
N8_E10a_T12a,N8,amazon_sh_031,single_specific,test,0.5,0.0,1.0,0.5,392.1704521179199
N8_E10a_T12a,N8,amazon_sh_032,single_specific,test,0.5,0.6434423054506168,0.0,0.3811474351502055,392.1704521179199
N8_E10a_T12a,N8,amazon_sh_033,single_specific,train,0.3333333333333333,0.8187863905831348,0.0,0.3840399079721561,392.1704521179199
N8_E10a_T12a,N8,amazon_sh_034,single_specific,train,0.75,0.9901238385793528,1.0,0.9133746128597844,392.1704521179199
N8_E10a_T12a,N8,amazon_agg_000,aggregate_cross_paper,train,0.75,0.7343148701924775,1.0,0.8281049567308258,392.1704521179199
N8_E10a_T12a,N8,amazon_agg_001,aggregate_cross_paper,test,1.0,0.7805806219496104,1.0,0.9268602073165368,392.1704521179199
N8_E10a_T12a,N8,amazon_agg_002,aggregate_cross_paper,test,0.75,0.7190025520894182,1.0,0.8230008506964728,392.1704521179199
N8_E10a_T12a,N8,amazon_agg_003,aggregate_cross_paper,test,0.5555555555555556,0.568845987400414,1.0,0.70813384765199,392.1704521179199
N8_E10a_T12a,N8,amazon_agg_004,aggregate_cross_paper,train,0.8333333333333334,0.4248304318549883,1.0,0.7527212550627739,392.1704521179199
N8_E10a_T12a,N8,amazon_agg_005,aggregate_cross_paper,train,0.6666666666666666,0.3497149506040756,1.0,0.672127205756914,392.1704521179199
N8_E10a_T12a,N8,amazon_agg_006,aggregate_cross_paper,test,1.0,0.0,1.0,0.6666666666666666,392.1704521179199
N8_E10a_T12a,N8,amazon_agg_007,aggregate_cross_paper,train,0.6,0.5357720228659473,1.0,0.7119240076219824,392.1704521179199
N8_E10a_T12a,N8,amazon_agg_008,aggregate_cross_paper,test,0.5,0.73114116438351,1.0,0.74371372146117,392.1704521179199
N8_E10a_T12a,N8,amazon_agg_009,aggregate_cross_paper,train,0.4444444444444444,0.0,0.5,0.3148148148148148,392.1704521179199
N8_E10a_T12a,N8,amazon_agg_010,aggregate_cross_paper,train,0.8333333333333334,0.7768363291421567,1.0,0.8700565541584967,392.1704521179199
N8_E10a_T12a,N8,amazon_agg_011,aggregate_cross_paper,train,0.6,0.7033956362418559,1.0,0.7677985454139519,392.1704521179199
N8_E10a_T12a,N8,amazon_agg_012,aggregate_cross_paper,train,0.5,0.6615530034792027,1.0,0.7205176678264009,392.1704521179199
N8_E10a_T12a,N8,amazon_agg_013,aggregate_cross_paper,train,0.75,0.8333091055024933,1.0,0.8611030351674978,392.1704521179199
N8_E10a_T12a,N8,amazon_agg_014,aggregate_cross_paper,test,0.5,0.7345521908117426,1.0,0.7448507302705809,392.1704521179199
N8_E10a_T12a,N8,amazon_agg_015,aggregate_cross_paper,train,0.6666666666666666,0.7808178552250055,0.0,0.4824948406305573,392.1704521179199
N8_E10a_T12a,N8,amazon_agg_016,aggregate_cross_paper,train,0.8333333333333334,0.7953436695582535,1.0,0.876225667630529,392.1704521179199
N8_E10a_T12a,N8,amazon_agg_017,aggregate_cross_paper,test,0.8333333333333334,0.4202444555299931,1.0,0.7511925962877756,392.1704521179199
N8_E10a_T12a,N8,amazon_agg_018,aggregate_cross_paper,train,0.6,0.6819645395471671,1.0,0.7606548465157225,392.1704521179199
N8_E10a_T12a,N8,amazon_agg_019,aggregate_cross_paper,train,0.7142857142857143,0.8070521348064297,0.75,0.757112616364048,392.1704521179199
N8_E10a_T12a,N8,amazon_agg_020,aggregate_cross_paper,test,0.6666666666666666,0.4430416284530418,1.0,0.7032360983732362,392.1704521179199
N8_E10a_T12a,N8,amazon_agg_021,aggregate_cross_paper,test,0.75,0.7960484949033386,1.0,0.8486828316344462,392.1704521179199
N8_E10a_T12a,N8,amazon_agg_022,aggregate_cross_paper,train,1.0,0.8176878460818893,1.0,0.9392292820272964,392.1704521179199
N8_E10a_T12a,N8,amazon_agg_023,aggregate_cross_paper,test,0.7777777777777778,0.6066838044676326,1.0,0.7948205274151369,392.1704521179199
N8_E10a_T12a,N8,amazon_agg_024,aggregate_cross_paper,test,1.0,0.8549289043117457,1.0,0.9516429681039152,392.1704521179199
N8_E10a_T12a,N8,amazon_agg_025,aggregate_cross_paper,train,0.4,0.3857855632112777,0.75,0.511928521070426,392.1704521179199
N8_E10a_T12a,N8,amazon_agg_026,aggregate_cross_paper,train,0.5,0.7911135837784942,1.0,0.7637045279261647,392.1704521179199
N8_E10a_T12a,N8,amazon_agg_027,aggregate_cross_paper,train,0.5,0.5393382672720078,1.0,0.6797794224240027,392.1704521179199
N8_E10a_T12a,N8,amazon_agg_028,aggregate_cross_paper,train,0.8,0.8102488048516517,1.0,0.8700829349505507,392.1704521179199
N8_E10a_T12a,N8,amazon_agg_029,aggregate_cross_paper,test,1.0,0.5954985177592524,1.0,0.8651661725864175,392.1704521179199
N8_E10a_T12a,N8,amazon_agg_030,aggregate_cross_paper,train,0.6666666666666666,0.6906382083339164,1.0,0.785768291666861,392.1704521179199
N8_E10a_T12a,N8,amazon_agg_031,aggregate_cross_paper,train,0.5,0.6705346665012777,1.0,0.7235115555004259,392.1704521179199
N8_E10a_T12a,N8,amazon_agg_032,aggregate_cross_paper,test,0.2,0.8269914739325482,1.0,0.6756638246441827,392.1704521179199
N8_E10a_T12a,N8,amazon_edge_000,edge_multihop,test,1.0,0.8609093912204171,0.5,0.7869697970734725,392.1704521179199
N8_E10a_T12a,N8,amazon_edge_001,edge_multihop,test,0.75,0.890199516632793,1.0,0.8800665055442644,392.1704521179199
N8_E10a_T12a,N8,amazon_edge_002,edge_multihop,test,1.0,0.0,0.0,0.3333333333333333,392.1704521179199
N8_E10a_T12a,N8,amazon_edge_003,edge_multihop,test,0.8333333333333334,0.0,1.0,0.6111111111111112,392.1704521179199
N8_E10a_T12a,N8,amazon_edge_004,edge_multihop,test,1.0,0.0,0.0,0.3333333333333333,392.1704521179199
N8_E10a_T12a,N8,amazon_edge_005,edge_multihop,train,0.0,0.0,0.25,0.0833333333333333,392.1704521179199
N8_E10a_T12a,N8,amazon_edge_006,edge_multihop,test,0.6,0.9150531921470644,0.5,0.6716843973823549,392.1704521179199
N8_E10a_T12a,N8,amazon_edge_007,edge_multihop,test,1.0,0.6947021473963139,0.0,0.5649007157987712,392.1704521179199
N8_E10a_T12a,N8,amazon_edge_008,edge_multihop,test,1.0,0.0,0.0,0.3333333333333333,392.1704521179199
N8_E10a_T12a,N8,amazon_edge_009,edge_multihop,train,1.0,0.8078221335319636,0.0,0.6026073778439879,392.1704521179199
N8_E10a_T12a,N8,amazon_edge_010,edge_multihop,train,1.0,0.9455789753467096,0.5,0.8151929917822365,392.1704521179199
N8_E10a_T12a,N8,amazon_edge_011,edge_multihop,test,0.7142857142857143,0.8951319116105355,0.5,0.7031392086320833,392.1704521179199
N8_E10a_T12a,N8,amazon_edge_012,edge_multihop,test,1.0,0.8905506875616714,0.5,0.7968502291872238,392.1704521179199
N8_E10a_T12a,N8,amazon_edge_013,edge_multihop,test,0.8,0.9126973119606928,0.0,0.5708991039868976,392.1704521179199
N8_E10a_T12a,N8,amazon_edge_014,edge_multihop,test,0.0,0.0,0.75,0.25,392.1704521179199
N8_E10a_T12a,N8,amazon_edge_015,edge_multihop,train,1.0,0.0,0.0,0.3333333333333333,392.1704521179199
N8_E10a_T12a,N8,amazon_edge_016,edge_multihop,train,1.0,0.0,0.0,0.3333333333333333,392.1704521179199
N8_E10a_T12a,N8,amazon_edge_017,edge_multihop,train,1.0,0.0,0.0,0.3333333333333333,392.1704521179199
N8_E10a_T12a,N8,amazon_edge_018,edge_multihop,train,1.0,0.8998346090693551,0.5,0.7999448696897851,392.1704521179199
N8_E10a_T12a,N8,amazon_edge_019,edge_multihop,train,1.0,0.0,0.0,0.3333333333333333,392.1704521179199
N8_E10a_T12a,N8,amazon_edge_020,edge_multihop,train,0.625,0.8509416077385835,0.0,0.4919805359128612,392.1704521179199
N8_E10a_T12a,N8,amazon_edge_021,edge_multihop,test,0.5,0.0,0.0,0.1666666666666666,392.1704521179199
N8_E10a_T12a,N8,amazon_edge_022,edge_multihop,test,0.6666666666666666,0.0,1.0,0.5555555555555555,392.1704521179199
N8_E10a_T12a,N8,amazon_edge_023,edge_multihop,train,0.6666666666666666,0.0,0.5,0.3888888888888888,392.1704521179199
N8_E10a_T12a,N8,amazon_edge_024,edge_multihop,train,0.25,0.0,0.0,0.0833333333333333,392.1704521179199
N8_E10a_T12a,N8,amazon_edge_025,edge_multihop,train,0.6666666666666666,0.0,0.0,0.2222222222222222,392.1704521179199
N8_E10a_T12a,N8,amazon_edge_026,edge_multihop,test,0.6,0.0,0.25,0.2833333333333333,392.1704521179199
N8_E10a_T12a,N8,amazon_edge_027,edge_multihop,test,0.5,0.8777656327784785,0.5,0.6259218775928262,392.1704521179199
N8_E10a_T12a,N8,amazon_edge_028,edge_multihop,test,1.0,0.8764554753955771,0.75,0.8754851584651924,392.1704521179199
N8_E10a_T12a,N8,amazon_edge_029,edge_multihop,train,0.8333333333333334,0.8982347754142294,0.25,0.6605227029158542,392.1704521179199
N8_E10a_T12a,N8,amazon_edge_030,edge_multihop,train,1.0,0.912960668062085,0.0,0.637653556020695,392.1704521179199
N8_E10a_T12a,N8,amazon_edge_031,edge_multihop,test,0.6666666666666666,0.0,0.75,0.4722222222222221,392.1704521179199
N8_E10a_T12a,N8,amazon_edge_032,edge_multihop,test,1.0,0.0,0.0,0.3333333333333333,392.1704521179199
N8_E10a_T12a,N8,amazon_edge_033,edge_multihop,test,0.875,0.87283133721005,1.0,0.9159437790700166,392.1704521179199
N8_E10a_T12a,N8,amazon_sh_035,single_specific,test,1.0,0.95912131346681,1.0,0.9863737711556032,392.1704521179199
N8_E10a_T12a,N8,amazon_sh_036,single_specific,train,0.8,0.9180861549196871,0.5,0.7393620516398958,392.1704521179199
N8_E10a_T12a,N8,amazon_sh_037,single_specific,test,1.0,0.0,0.0,0.3333333333333333,392.1704521179199
N8_E10a_T12a,N8,amazon_sh_038,single_specific,test,1.0,0.0,0.0,0.3333333333333333,392.1704521179199
N8_E10a_T12a,N8,amazon_sh_039,single_specific,test,1.0,0.8811812611508986,0.5,0.7937270870502995,392.1704521179199
N8_E10a_T12a,N8,amazon_sh_040,single_specific,train,0.8333333333333334,0.9548784174656468,1.0,0.9294039169329932,392.1704521179199
N8_E10a_T12a,N8,amazon_sh_041,single_specific,test,1.0,0.9075110864840172,1.0,0.9691703621613392,392.1704521179199
N8_E10a_T12a,N8,amazon_sh_042,single_specific,train,1.0,0.5980568677122241,0.75,0.7826856225707414,392.1704521179199
N8_E10a_T12a,N8,amazon_sh_043,single_specific,test,1.0,0.848878991681577,1.0,0.9496263305605256,392.1704521179199
N8_E10a_T12a,N8,amazon_sh_044,single_specific,train,0.6666666666666666,0.9999996730029278,1.0,0.8888887798898648,392.1704521179199
N8_E10a_T12a,N8,amazon_sh_045,single_specific,train,1.0,0.955561239602184,1.0,0.9851870798673946,392.1704521179199
N8_E10a_T12a,N8,amazon_sh_046,single_specific,train,1.0,0.7602292460775589,1.0,0.9200764153591864,392.1704521179199
N8_E10a_T12a,N8,amazon_sh_047,single_specific,train,1.0,0.9815918692861384,1.0,0.9938639564287128,392.1704521179199
N8_E10a_T12a,N8,amazon_sh_048,single_specific,train,0.6666666666666666,0.7938864936874692,0.5,0.6535177201180452,392.1704521179199
N8_E10a_T12a,N8,amazon_sh_049,single_specific,test,1.0,0.9156037489000314,0.5,0.8052012496333437,392.1704521179199
N8_E10a_T12a,N8,amazon_sh_050,single_specific,train,0.5,0.0,0.0,0.1666666666666666,392.1704521179199
N8_E10a_T12a,N8,amazon_sh_051,single_specific,test,1.0,0.9632015656906342,1.0,0.9877338552302114,392.1704521179199
N8_E10a_T12a,N8,amazon_sh_052,single_specific,test,1.0,0.0,0.0,0.3333333333333333,392.1704521179199
N8_E10a_T12a,N8,amazon_sh_053,single_specific,train,1.0,0.2959823630737943,1.0,0.7653274543579315,392.1704521179199
N8_E10a_T12a,N8,amazon_sh_054,single_specific,test,1.0,1.0,1.0,1.0,392.1704521179199
N8_E10a_T12a,N8,amazon_sh_055,single_specific,test,0.0,0.9756155333592254,0.25,0.4085385111197417,392.1704521179199
N8_E10a_T12a,N8,amazon_sh_056,single_specific,test,0.6666666666666666,0.0,1.0,0.5555555555555555,392.1704521179199
N8_E10a_T12a,N8,amazon_sh_057,single_specific,train,1.0,0.6570358456578419,1.0,0.8856786152192807,392.1704521179199
N8_E10a_T12a,N8,amazon_sh_058,single_specific,test,1.0,0.9780029389971324,1.0,0.9926676463323776,392.1704521179199
N8_E10a_T12a,N8,amazon_sh_059,single_specific,train,1.0,0.9640362206946904,1.0,0.9880120735648968,392.1704521179199
N8_E10a_T12a,N8,amazon_sh_060,single_specific,train,1.0,1.0000000000000002,1.0,1.0,392.1704521179199
N8_E10a_T12a,N8,amazon_sh_061,single_specific,train,0.3333333333333333,0.0,0.5,0.2777777777777777,392.1704521179199
N8_E10a_T12a,N8,amazon_sh_062,single_specific,train,1.0,0.0,1.0,0.6666666666666666,392.1704521179199
N8_E10a_T12a,N8,amazon_sh_063,single_specific,test,1.0,0.7488347393747016,1.0,0.916278246458234,392.1704521179199
N8_E10a_T12a,N8,amazon_sh_064,single_specific,test,1.0,0.6618572997084259,1.0,0.8872857665694753,392.1704521179199
N8_E10a_T12a,N8,amazon_sh_065,single_specific,train,1.0,1.0,0.75,0.9166666666666666,392.1704521179199
N8_E10a_T12a,N8,amazon_sh_066,single_specific,test,1.0,0.9367189558557276,1.0,0.978906318618576,392.1704521179199
N8_E10a_T12a,N8,amazon_sh_067,single_specific,test,1.0,0.754300475348749,0.75,0.8347668251162497,392.1704521179199
N8_E10a_T12a,N8,amazon_sh_068,single_specific,test,1.0,0.0,0.0,0.3333333333333333,392.1704521179199
N8_E10a_T12a,N8,amazon_sh_069,single_specific,test,1.0,0.9998517122106086,1.0,0.9999505707368695,392.1704521179199
N8_E10a_T12a,N8,amazon_sh_070,single_specific,test,1.0,0.6324586434093475,1.0,0.8774862144697826,392.1704521179199
N8_E10a_T12a,N8,amazon_sh_071,single_specific,train,0.7142857142857143,0.8507074371746751,0.5,0.6883310504867964,392.1704521179199
N8_E10a_T12a,N8,amazon_sh_072,single_specific,test,1.0,0.9752213196155772,1.0,0.9917404398718592,392.1704521179199
N8_E10a_T12a,N8,amazon_sh_073,single_specific,test,0.5,0.9999996674678212,1.0,0.8333332224892738,392.1704521179199
N8_E10a_T12a,N8,amazon_sh_074,single_specific,test,1.0,0.8825442499823005,1.0,0.9608480833274334,392.1704521179199
N8_E10a_T12a,N8,amazon_sh_075,single_specific,train,1.0,0.912073968158387,1.0,0.9706913227194623,392.1704521179199
N8_E10a_T12a,N8,amazon_sh_076,single_specific,test,1.0,0.91436336631758,1.0,0.9714544554391934,392.1704521179199
N8_E10a_T12a,N8,amazon_sh_077,single_specific,train,0.0,0.8442934226869951,0.25,0.3647644742289984,392.1704521179199
N8_E10a_T12a,N8,amazon_sh_078,single_specific,train,1.0,0.0,0.0,0.3333333333333333,392.1704521179199
N8_E10a_T12a,N8,amazon_sh_079,single_specific,test,1.0,0.8138657084127568,1.0,0.9379552361375856,392.1704521179199
N8_E10a_T12a,N8,amazon_sh_080,single_specific,test,0.0,0.9682689488368132,0.5,0.4894229829456044,392.1704521179199
N8_E10a_T12a,N8,amazon_sh_081,single_specific,train,1.0,0.8653742868660322,1.0,0.9551247622886776,392.1704521179199
N8_E10a_T12a,N8,amazon_sh_082,single_specific,train,0.6666666666666666,0.9999996738737372,1.0,0.8888887801801347,392.1704521179199
N8_E10a_T12b,N8,amazon_sh_000,single_specific,test,0.75,0.8558071758423685,1.0,0.8686023919474563,384.41719484329224
N8_E10a_T12b,N8,amazon_sh_001,single_specific,test,0.75,0.8570925580421566,1.0,0.8690308526807189,384.41719484329224
N8_E10a_T12b,N8,amazon_sh_002,single_specific,test,1.0,0.9999996447450544,1.0,0.9999998815816848,384.41719484329224
N8_E10a_T12b,N8,amazon_sh_003,single_specific,train,0.5,0.7569862943069525,0.75,0.6689954314356509,384.41719484329224
N8_E10a_T12b,N8,amazon_sh_004,single_specific,train,1.0,0.0,0.0,0.3333333333333333,384.41719484329224
N8_E10a_T12b,N8,amazon_sh_005,single_specific,train,1.0,0.9092420800832544,1.0,0.9697473600277516,384.41719484329224
N8_E10a_T12b,N8,amazon_sh_006,single_specific,train,1.0,0.9897479137702684,1.0,0.9965826379234228,384.41719484329224
N8_E10a_T12b,N8,amazon_sh_007,single_specific,train,1.0,0.8766952597219129,1.0,0.9588984199073044,384.41719484329224
N8_E10a_T12b,N8,amazon_sh_008,single_specific,train,1.0,0.8951734238241056,1.0,0.9650578079413684,384.41719484329224
N8_E10a_T12b,N8,amazon_sh_009,single_specific,train,0.0,0.0,1.0,0.3333333333333333,384.41719484329224
N8_E10a_T12b,N8,amazon_sh_010,single_specific,test,1.0,0.968343485724524,1.0,0.9894478285748414,384.41719484329224
N8_E10a_T12b,N8,amazon_sh_011,single_specific,train,0.0,0.0,1.0,0.3333333333333333,384.41719484329224
N8_E10a_T12b,N8,amazon_sh_012,single_specific,train,0.5,0.0,1.0,0.5,384.41719484329224
N8_E10a_T12b,N8,amazon_sh_013,single_specific,train,1.0,0.7068031556757873,1.0,0.9022677185585958,384.41719484329224
N8_E10a_T12b,N8,amazon_sh_014,single_specific,train,1.0,0.0,0.0,0.3333333333333333,384.41719484329224
N8_E10a_T12b,N8,amazon_sh_015,single_specific,test,1.0,0.6475660224410497,1.0,0.8825220074803499,384.41719484329224
N8_E10a_T12b,N8,amazon_sh_016,single_specific,test,1.0,0.9334753037620422,1.0,0.977825101254014,384.41719484329224
N8_E10a_T12b,N8,amazon_sh_017,single_specific,test,1.0,0.8748538505487505,1.0,0.9582846168495834,384.41719484329224
N8_E10a_T12b,N8,amazon_sh_018,single_specific,test,1.0,0.0,0.0,0.3333333333333333,384.41719484329224
N8_E10a_T12b,N8,amazon_sh_019,single_specific,test,0.875,0.6696475700131459,0.75,0.7648825233377153,384.41719484329224
N8_E10a_T12b,N8,amazon_sh_020,single_specific,train,0.0,0.0,1.0,0.3333333333333333,384.41719484329224
N8_E10a_T12b,N8,amazon_sh_021,single_specific,train,1.0,0.9367608133256224,1.0,0.9789202711085409,384.41719484329224
N8_E10a_T12b,N8,amazon_sh_022,single_specific,test,1.0,0.9917889525183566,0.0,0.6639296508394522,384.41719484329224
N8_E10a_T12b,N8,amazon_sh_023,single_specific,test,1.0,0.9035370092342716,1.0,0.9678456697447572,384.41719484329224
N8_E10a_T12b,N8,amazon_sh_024,single_specific,test,1.0,0.4232932346086206,1.0,0.8077644115362069,384.41719484329224
N8_E10a_T12b,N8,amazon_sh_025,single_specific,train,1.0,0.9565693440004532,1.0,0.985523114666818,384.41719484329224
N8_E10a_T12b,N8,amazon_sh_026,single_specific,train,1.0,0.8100556754772492,1.0,0.9366852251590831,384.41719484329224
N8_E10a_T12b,N8,amazon_sh_027,single_specific,test,1.0,0.9145888380019078,1.0,0.9715296126673026,384.41719484329224
N8_E10a_T12b,N8,amazon_sh_028,single_specific,train,1.0,0.9588118428317642,1.0,0.9862706142772548,384.41719484329224
N8_E10a_T12b,N8,amazon_sh_029,single_specific,test,1.0,0.0,0.0,0.3333333333333333,384.41719484329224
N8_E10a_T12b,N8,amazon_sh_030,single_specific,test,0.6666666666666666,0.9111840584043088,0.25,0.6092835750236585,384.41719484329224
N8_E10a_T12b,N8,amazon_sh_031,single_specific,test,0.5,0.0,1.0,0.5,384.41719484329224
N8_E10a_T12b,N8,amazon_sh_032,single_specific,test,0.5,0.6523387739808925,0.0,0.3841129246602975,384.41719484329224
N8_E10a_T12b,N8,amazon_sh_033,single_specific,train,0.6666666666666666,0.8187905393270475,0.25,0.578485735331238,384.41719484329224
N8_E10a_T12b,N8,amazon_sh_034,single_specific,train,0.75,0.9901194096578996,1.0,0.9133731365526332,384.41719484329224
N8_E10a_T12b,N8,amazon_agg_000,aggregate_cross_paper,train,0.6666666666666666,0.6518916042847729,1.0,0.7728527569838132,384.41719484329224
N8_E10a_T12b,N8,amazon_agg_001,aggregate_cross_paper,test,1.0,0.7805995735847779,1.0,0.9268665245282594,384.41719484329224
N8_E10a_T12b,N8,amazon_agg_002,aggregate_cross_paper,test,0.6666666666666666,0.7190084878725029,1.0,0.7952250515130564,384.41719484329224
N8_E10a_T12b,N8,amazon_agg_003,aggregate_cross_paper,test,0.5555555555555556,0.559698395161614,1.0,0.7050846502390565,384.41719484329224
N8_E10a_T12b,N8,amazon_agg_004,aggregate_cross_paper,train,0.8333333333333334,0.4353491119639912,1.0,0.7562274817657748,384.41719484329224
N8_E10a_T12b,N8,amazon_agg_005,aggregate_cross_paper,train,0.5,0.3497149506040756,1.0,0.6165716502013585,384.41719484329224
N8_E10a_T12b,N8,amazon_agg_006,aggregate_cross_paper,test,0.9,0.4936847442148082,1.0,0.7978949147382695,384.41719484329224
N8_E10a_T12b,N8,amazon_agg_007,aggregate_cross_paper,train,0.6,0.5467723489128286,1.0,0.7155907829709429,384.41719484329224
N8_E10a_T12b,N8,amazon_agg_008,aggregate_cross_paper,test,0.25,0.7360846250022209,1.0,0.6620282083340737,384.41719484329224
N8_E10a_T12b,N8,amazon_agg_009,aggregate_cross_paper,train,0.375,0.7290823533883373,0.5,0.5346941177961124,384.41719484329224
N8_E10a_T12b,N8,amazon_agg_010,aggregate_cross_paper,train,0.8333333333333334,0.7768636100373452,1.0,0.8700656477902262,384.41719484329224
N8_E10a_T12b,N8,amazon_agg_011,aggregate_cross_paper,train,0.6,0.7033553810951062,1.0,0.7677851270317021,384.41719484329224
N8_E10a_T12b,N8,amazon_agg_012,aggregate_cross_paper,train,0.5,0.638393440134776,1.0,0.7127978133782586,384.41719484329224
N8_E10a_T12b,N8,amazon_agg_013,aggregate_cross_paper,train,0.75,0.8533852333576785,1.0,0.8677950777858928,384.41719484329224
N8_E10a_T12b,N8,amazon_agg_014,aggregate_cross_paper,test,0.5,0.7345521908117426,1.0,0.7448507302705809,384.41719484329224
N8_E10a_T12b,N8,amazon_agg_015,aggregate_cross_paper,train,0.6666666666666666,0.7808485369376436,0.0,0.4825050678681034,384.41719484329224
N8_E10a_T12b,N8,amazon_agg_016,aggregate_cross_paper,train,1.0,0.7953436695582534,1.0,0.9317812231860844,384.41719484329224
N8_E10a_T12b,N8,amazon_agg_017,aggregate_cross_paper,test,0.8333333333333334,0.4057426401128821,1.0,0.7463586578154051,384.41719484329224
N8_E10a_T12b,N8,amazon_agg_018,aggregate_cross_paper,train,1.0,0.6819525540544896,1.0,0.8939841846848299,384.41719484329224
N8_E10a_T12b,N8,amazon_agg_019,aggregate_cross_paper,train,0.7142857142857143,0.8070521348064297,0.75,0.757112616364048,384.41719484329224
N8_E10a_T12b,N8,amazon_agg_020,aggregate_cross_paper,test,0.6666666666666666,0.4430416284530418,1.0,0.7032360983732362,384.41719484329224
N8_E10a_T12b,N8,amazon_agg_021,aggregate_cross_paper,test,0.75,0.6815885312851385,1.0,0.8105295104283795,384.41719484329224
N8_E10a_T12b,N8,amazon_agg_022,aggregate_cross_paper,train,1.0,0.8176854224315248,1.0,0.9392284741438416,384.41719484329224
N8_E10a_T12b,N8,amazon_agg_023,aggregate_cross_paper,test,0.6,0.5566276108359978,1.0,0.7188758702786658,384.41719484329224
N8_E10a_T12b,N8,amazon_agg_024,aggregate_cross_paper,test,1.0,0.8719344730103181,1.0,0.9573114910034394,384.41719484329224
N8_E10a_T12b,N8,amazon_agg_025,aggregate_cross_paper,train,0.4,0.3858358580700983,0.75,0.5119452860233661,384.41719484329224
N8_E10a_T12b,N8,amazon_agg_026,aggregate_cross_paper,train,0.5,0.7910940824980611,1.0,0.7636980274993537,384.41719484329224
N8_E10a_T12b,N8,amazon_agg_027,aggregate_cross_paper,train,0.75,0.7108230681589457,1.0,0.8202743560529818,384.41719484329224
N8_E10a_T12b,N8,amazon_agg_028,aggregate_cross_paper,train,0.8,0.8102856241185825,1.0,0.8700952080395276,384.41719484329224
N8_E10a_T12b,N8,amazon_agg_029,aggregate_cross_paper,test,1.0,0.595485999858949,1.0,0.865161999952983,384.41719484329224
N8_E10a_T12b,N8,amazon_agg_030,aggregate_cross_paper,train,0.75,0.6906382083339164,1.0,0.8135460694446387,384.41719484329224
N8_E10a_T12b,N8,amazon_agg_031,aggregate_cross_paper,train,0.5,0.6704317362679325,1.0,0.7234772454226442,384.41719484329224
N8_E10a_T12b,N8,amazon_agg_032,aggregate_cross_paper,test,0.25,0.8117803536928688,1.0,0.687260117897623,384.41719484329224
N8_E10a_T12b,N8,amazon_edge_000,edge_multihop,test,1.0,0.8610480048732586,0.5,0.7870160016244195,384.41719484329224
N8_E10a_T12b,N8,amazon_edge_001,edge_multihop,test,0.75,0.890199516632793,1.0,0.8800665055442644,384.41719484329224
N8_E10a_T12b,N8,amazon_edge_002,edge_multihop,test,1.0,0.0,0.0,0.3333333333333333,384.41719484329224
N8_E10a_T12b,N8,amazon_edge_003,edge_multihop,test,0.4,0.0,1.0,0.4666666666666666,384.41719484329224
N8_E10a_T12b,N8,amazon_edge_004,edge_multihop,test,1.0,0.0,0.0,0.3333333333333333,384.41719484329224
N8_E10a_T12b,N8,amazon_edge_005,edge_multihop,train,0.5,0.0,0.25,0.25,384.41719484329224
N8_E10a_T12b,N8,amazon_edge_006,edge_multihop,test,0.5,0.9150531921470644,0.5,0.6383510640490214,384.41719484329224
N8_E10a_T12b,N8,amazon_edge_007,edge_multihop,test,1.0,0.6947021473963139,0.0,0.5649007157987712,384.41719484329224
N8_E10a_T12b,N8,amazon_edge_008,edge_multihop,test,1.0,0.0,0.0,0.3333333333333333,384.41719484329224
N8_E10a_T12b,N8,amazon_edge_009,edge_multihop,train,1.0,0.8078221335319636,0.0,0.6026073778439879,384.41719484329224
N8_E10a_T12b,N8,amazon_edge_010,edge_multihop,train,0.8,0.9439589087061988,0.25,0.664652969568733,384.41719484329224
N8_E10a_T12b,N8,amazon_edge_011,edge_multihop,test,0.7142857142857143,0.8951401193190337,0.5,0.703141944534916,384.41719484329224
N8_E10a_T12b,N8,amazon_edge_012,edge_multihop,test,1.0,0.8905569121402058,0.5,0.7968523040467352,384.41719484329224
N8_E10a_T12b,N8,amazon_edge_013,edge_multihop,test,0.8,0.904876401840006,0.0,0.5682921339466688,384.41719484329224
N8_E10a_T12b,N8,amazon_edge_014,edge_multihop,test,0.0,0.0,0.5,0.1666666666666666,384.41719484329224
N8_E10a_T12b,N8,amazon_edge_015,edge_multihop,train,1.0,0.0,0.0,0.3333333333333333,384.41719484329224
N8_E10a_T12b,N8,amazon_edge_016,edge_multihop,train,1.0,0.0,0.0,0.3333333333333333,384.41719484329224
N8_E10a_T12b,N8,amazon_edge_017,edge_multihop,train,1.0,0.0,0.0,0.3333333333333333,384.41719484329224
N8_E10a_T12b,N8,amazon_edge_018,edge_multihop,train,1.0,0.8976610419625898,0.5,0.7992203473208632,384.41719484329224
N8_E10a_T12b,N8,amazon_edge_019,edge_multihop,train,1.0,0.0,0.0,0.3333333333333333,384.41719484329224
N8_E10a_T12b,N8,amazon_edge_020,edge_multihop,train,0.625,0.0,0.0,0.2083333333333333,384.41719484329224
N8_E10a_T12b,N8,amazon_edge_021,edge_multihop,test,1.0,0.0,0.0,0.3333333333333333,384.41719484329224
N8_E10a_T12b,N8,amazon_edge_022,edge_multihop,test,0.6,0.0,1.0,0.5333333333333333,384.41719484329224
N8_E10a_T12b,N8,amazon_edge_023,edge_multihop,train,0.6666666666666666,0.0,0.5,0.3888888888888888,384.41719484329224
N8_E10a_T12b,N8,amazon_edge_024,edge_multihop,train,0.25,0.0,0.0,0.0833333333333333,384.41719484329224
N8_E10a_T12b,N8,amazon_edge_025,edge_multihop,train,0.6,0.8648960868613416,0.0,0.4882986956204472,384.41719484329224
N8_E10a_T12b,N8,amazon_edge_026,edge_multihop,test,0.6,0.0,0.25,0.2833333333333333,384.41719484329224
N8_E10a_T12b,N8,amazon_edge_027,edge_multihop,test,0.6666666666666666,0.8777608858697993,0.5,0.6814758508454887,384.41719484329224
N8_E10a_T12b,N8,amazon_edge_028,edge_multihop,test,0.8571428571428571,0.8795125452816089,0.75,0.8288851341414887,384.41719484329224
N8_E10a_T12b,N8,amazon_edge_029,edge_multihop,train,0.8333333333333334,0.8985949717197842,0.25,0.6606427683510392,384.41719484329224
N8_E10a_T12b,N8,amazon_edge_030,edge_multihop,train,1.0,0.9115147883352904,0.25,0.7205049294450968,384.41719484329224
N8_E10a_T12b,N8,amazon_edge_031,edge_multihop,test,0.6666666666666666,0.661890848805813,0.75,0.6928525051574933,384.41719484329224
N8_E10a_T12b,N8,amazon_edge_032,edge_multihop,test,1.0,0.0,0.0,0.3333333333333333,384.41719484329224
N8_E10a_T12b,N8,amazon_edge_033,edge_multihop,test,0.875,0.872806197239935,1.0,0.9159353990799785,384.41719484329224
N8_E10a_T12b,N8,amazon_sh_035,single_specific,test,1.0,0.9591175876877408,1.0,0.9863725292292468,384.41719484329224
N8_E10a_T12b,N8,amazon_sh_036,single_specific,train,0.8,0.918085577400884,0.5,0.7393618591336281,384.41719484329224
N8_E10a_T12b,N8,amazon_sh_037,single_specific,test,1.0,0.9130431075506616,0.0,0.6376810358502206,384.41719484329224
N8_E10a_T12b,N8,amazon_sh_038,single_specific,test,1.0,0.0,0.0,0.3333333333333333,384.41719484329224
N8_E10a_T12b,N8,amazon_sh_039,single_specific,test,1.0,0.8811812611508986,0.5,0.7937270870502995,384.41719484329224
N8_E10a_T12b,N8,amazon_sh_040,single_specific,train,1.0,0.9740472172978324,1.0,0.9913490724326108,384.41719484329224
N8_E10a_T12b,N8,amazon_sh_041,single_specific,test,1.0,0.9075180662949393,1.0,0.9691726887649798,384.41719484329224
N8_E10a_T12b,N8,amazon_sh_042,single_specific,train,1.0,0.6299582668758377,0.75,0.7933194222919459,384.41719484329224
N8_E10a_T12b,N8,amazon_sh_043,single_specific,test,1.0,0.8488243443170079,1.0,0.949608114772336,384.41719484329224
N8_E10a_T12b,N8,amazon_sh_044,single_specific,train,0.6666666666666666,1.0,1.0,0.8888888888888888,384.41719484329224
N8_E10a_T12b,N8,amazon_sh_045,single_specific,train,1.0,0.9555625030421084,1.0,0.9851875010140362,384.41719484329224
N8_E10a_T12b,N8,amazon_sh_046,single_specific,train,1.0,0.7602292460775589,1.0,0.9200764153591864,384.41719484329224
N8_E10a_T12b,N8,amazon_sh_047,single_specific,train,1.0,0.981598757741995,1.0,0.993866252580665,384.41719484329224
N8_E10a_T12b,N8,amazon_sh_048,single_specific,train,1.0,0.783184372726466,0.5,0.7610614575754887,384.41719484329224
N8_E10a_T12b,N8,amazon_sh_049,single_specific,test,0.5,0.9155799136814604,0.5,0.6385266378938201,384.41719484329224
N8_E10a_T12b,N8,amazon_sh_050,single_specific,train,0.5,0.0,0.0,0.1666666666666666,384.41719484329224
N8_E10a_T12b,N8,amazon_sh_051,single_specific,test,1.0,0.9631353194603592,1.0,0.9877117731534532,384.41719484329224
N8_E10a_T12b,N8,amazon_sh_052,single_specific,test,1.0,0.0,0.0,0.3333333333333333,384.41719484329224
N8_E10a_T12b,N8,amazon_sh_053,single_specific,train,1.0,0.2959593355490991,1.0,0.7653197785163663,384.41719484329224
N8_E10a_T12b,N8,amazon_sh_054,single_specific,test,1.0,0.9999996280260496,1.0,0.9999998760086832,384.41719484329224
N8_E10a_T12b,N8,amazon_sh_055,single_specific,test,0.1428571428571428,0.9756102705941014,0.25,0.4561558044837481,384.41719484329224
N8_E10a_T12b,N8,amazon_sh_056,single_specific,test,0.0,0.8771440138318667,1.0,0.6257146712772889,384.41719484329224
N8_E10a_T12b,N8,amazon_sh_057,single_specific,train,1.0,0.6597036887097057,1.0,0.8865678962365685,384.41719484329224
N8_E10a_T12b,N8,amazon_sh_058,single_specific,test,1.0,0.9810850341007842,1.0,0.993695011366928,384.41719484329224
N8_E10a_T12b,N8,amazon_sh_059,single_specific,train,1.0,0.964072236317622,1.0,0.9880240787725408,384.41719484329224
N8_E10a_T12b,N8,amazon_sh_060,single_specific,train,1.0,0.9999996774349994,1.0,0.9999998924783332,384.41719484329224
N8_E10a_T12b,N8,amazon_sh_061,single_specific,train,0.6666666666666666,0.0,0.5,0.3888888888888888,384.41719484329224
N8_E10a_T12b,N8,amazon_sh_062,single_specific,train,1.0,0.0,1.0,0.6666666666666666,384.41719484329224
N8_E10a_T12b,N8,amazon_sh_063,single_specific,test,1.0,0.7488249503885628,1.0,0.9162749834628544,384.41719484329224
N8_E10a_T12b,N8,amazon_sh_064,single_specific,test,1.0,0.661867620941798,1.0,0.8872892069805993,384.41719484329224
N8_E10a_T12b,N8,amazon_sh_065,single_specific,train,1.0,0.99999962534369,0.5,0.8333332084478967,384.41719484329224
N8_E10a_T12b,N8,amazon_sh_066,single_specific,test,1.0,0.9367189558557276,1.0,0.978906318618576,384.41719484329224
N8_E10a_T12b,N8,amazon_sh_067,single_specific,test,1.0,0.7467902646037103,0.75,0.8322634215345701,384.41719484329224
N8_E10a_T12b,N8,amazon_sh_068,single_specific,test,1.0,0.0,0.0,0.3333333333333333,384.41719484329224
N8_E10a_T12b,N8,amazon_sh_069,single_specific,test,1.0,0.999778170992252,1.0,0.9999260569974172,384.41719484329224
N8_E10a_T12b,N8,amazon_sh_070,single_specific,test,1.0,0.6324586434093475,1.0,0.8774862144697826,384.41719484329224
N8_E10a_T12b,N8,amazon_sh_071,single_specific,train,0.7142857142857143,0.8507074371746751,0.25,0.6049977171534632,384.41719484329224
N8_E10a_T12b,N8,amazon_sh_072,single_specific,test,1.0,0.9752300445431602,1.0,0.9917433481810534,384.41719484329224
N8_E10a_T12b,N8,amazon_sh_073,single_specific,test,0.5,0.999999743602973,1.0,0.8333332478676576,384.41719484329224
N8_E10a_T12b,N8,amazon_sh_074,single_specific,test,1.0,0.885697938362492,1.0,0.9618993127874974,384.41719484329224
N8_E10a_T12b,N8,amazon_sh_075,single_specific,train,1.0,0.912124461252824,1.0,0.9707081537509412,384.41719484329224
N8_E10a_T12b,N8,amazon_sh_076,single_specific,test,1.0,0.91436336631758,1.0,0.9714544554391932,384.41719484329224
N8_E10a_T12b,N8,amazon_sh_077,single_specific,train,0.0,0.844334449336405,0.25,0.3647781497788016,384.41719484329224
N8_E10a_T12b,N8,amazon_sh_078,single_specific,train,1.0,0.0,0.0,0.3333333333333333,384.41719484329224
N8_E10a_T12b,N8,amazon_sh_079,single_specific,test,1.0,0.8138494346490418,1.0,0.9379498115496806,384.41719484329224
N8_E10a_T12b,N8,amazon_sh_080,single_specific,test,0.3333333333333333,0.9683297290383164,0.25,0.5172210207905499,384.41719484329224
N8_E10a_T12b,N8,amazon_sh_081,single_specific,train,1.0,0.8508787804968958,1.0,0.9502929268322986,384.41719484329224
N8_E10a_T12b,N8,amazon_sh_082,single_specific,train,0.6666666666666666,1.0,1.0,0.8888888888888888,384.41719484329224
N8_E10b_T12a,N8,amazon_sh_000,single_specific,test,0.75,0.8558071758423685,1.0,0.8686023919474563,1834.5433719158173
N8_E10b_T12a,N8,amazon_sh_001,single_specific,test,0.75,0.8280662809296397,1.0,0.8593554269765465,1834.5433719158173
N8_E10b_T12a,N8,amazon_sh_002,single_specific,test,1.0,1.0000000000000002,1.0,1.0,1834.5433719158173
N8_E10b_T12a,N8,amazon_sh_003,single_specific,train,0.5,0.9595675863573798,0.5,0.6531891954524599,1834.5433719158173
N8_E10b_T12a,N8,amazon_sh_004,single_specific,train,1.0,0.0,0.0,0.3333333333333333,1834.5433719158173
N8_E10b_T12a,N8,amazon_sh_005,single_specific,train,1.0,0.9092752108516216,1.0,0.9697584036172072,1834.5433719158173
N8_E10b_T12a,N8,amazon_sh_006,single_specific,train,1.0,1.0000000000000002,1.0,1.0,1834.5433719158173
N8_E10b_T12a,N8,amazon_sh_007,single_specific,train,1.0,0.8714722077109812,1.0,0.957157402570327,1834.5433719158173
N8_E10b_T12a,N8,amazon_sh_008,single_specific,train,1.0,0.8951734238241056,1.0,0.9650578079413684,1834.5433719158173
N8_E10b_T12a,N8,amazon_sh_009,single_specific,train,0.3333333333333333,0.0,1.0,0.4444444444444444,1834.5433719158173
N8_E10b_T12a,N8,amazon_sh_010,single_specific,test,1.0,0.968343485724524,1.0,0.9894478285748414,1834.5433719158173
N8_E10b_T12a,N8,amazon_sh_011,single_specific,train,0.0,0.0,1.0,0.3333333333333333,1834.5433719158173
N8_E10b_T12a,N8,amazon_sh_012,single_specific,train,0.0,0.0,1.0,0.3333333333333333,1834.5433719158173
N8_E10b_T12a,N8,amazon_sh_013,single_specific,train,1.0,0.7067924195457977,1.0,0.9022641398485992,1834.5433719158173
N8_E10b_T12a,N8,amazon_sh_014,single_specific,train,1.0,0.0,0.0,0.3333333333333333,1834.5433719158173
N8_E10b_T12a,N8,amazon_sh_015,single_specific,test,1.0,0.4206515088877555,1.0,0.8068838362959184,1834.5433719158173
N8_E10b_T12a,N8,amazon_sh_016,single_specific,test,1.0,0.933482136475678,1.0,0.977827378825226,1834.5433719158173
N8_E10b_T12a,N8,amazon_sh_017,single_specific,test,1.0,0.8748538505487505,1.0,0.9582846168495834,1834.5433719158173
N8_E10b_T12a,N8,amazon_sh_018,single_specific,test,1.0,0.0,0.0,0.3333333333333333,1834.5433719158173
N8_E10b_T12a,N8,amazon_sh_019,single_specific,test,0.8333333333333334,0.6696475700131459,1.0,0.8343269677821598,1834.5433719158173
N8_E10b_T12a,N8,amazon_sh_020,single_specific,train,0.0,0.0,1.0,0.3333333333333333,1834.5433719158173
N8_E10b_T12a,N8,amazon_sh_021,single_specific,train,1.0,0.9367595847655704,1.0,0.9789198615885236,1834.5433719158173
N8_E10b_T12a,N8,amazon_sh_022,single_specific,test,1.0,0.98768629956844,0.0,0.6625620998561467,1834.5433719158173
N8_E10b_T12a,N8,amazon_sh_023,single_specific,test,1.0,0.8911322288131812,1.0,0.9637107429377272,1834.5433719158173
N8_E10b_T12a,N8,amazon_sh_024,single_specific,test,1.0,0.5643590787541121,1.0,0.8547863595847041,1834.5433719158173
N8_E10b_T12a,N8,amazon_sh_025,single_specific,train,1.0,0.9565693440004532,1.0,0.985523114666818,1834.5433719158173
N8_E10b_T12a,N8,amazon_sh_026,single_specific,train,1.0,0.8100556754772492,1.0,0.9366852251590831,1834.5433719158173
N8_E10b_T12a,N8,amazon_sh_027,single_specific,test,1.0,0.9145888380019078,1.0,0.9715296126673026,1834.5433719158173
N8_E10b_T12a,N8,amazon_sh_028,single_specific,train,1.0,0.9588118428317642,1.0,0.9862706142772548,1834.5433719158173
N8_E10b_T12a,N8,amazon_sh_029,single_specific,test,1.0,0.0,0.0,0.3333333333333333,1834.5433719158173
N8_E10b_T12a,N8,amazon_sh_030,single_specific,test,0.75,0.9049454618003444,0.25,0.6349818206001149,1834.5433719158173
N8_E10b_T12a,N8,amazon_sh_031,single_specific,test,0.5,0.0,1.0,0.5,1834.5433719158173
N8_E10b_T12a,N8,amazon_sh_032,single_specific,test,0.5,0.6732647632894757,0.0,0.3910882544298252,1834.5433719158173
N8_E10b_T12a,N8,amazon_sh_033,single_specific,train,0.6666666666666666,0.8187905393270475,0.25,0.578485735331238,1834.5433719158173
N8_E10b_T12a,N8,amazon_sh_034,single_specific,train,0.75,0.9926054863468,1.0,0.9142018287822666,1834.5433719158173
N8_E10b_T12a,N8,amazon_agg_000,aggregate_cross_paper,train,0.6666666666666666,0.6836417378355767,1.0,0.7834361348340811,1834.5433719158173
N8_E10b_T12a,N8,amazon_agg_001,aggregate_cross_paper,test,1.0,0.7805760151156556,1.0,0.9268586717052184,1834.5433719158173
N8_E10b_T12a,N8,amazon_agg_002,aggregate_cross_paper,test,0.75,0.7190244625027583,1.0,0.8230081541675861,1834.5433719158173
N8_E10b_T12a,N8,amazon_agg_003,aggregate_cross_paper,test,0.625,0.5687274480446377,1.0,0.7312424826815459,1834.5433719158173
N8_E10b_T12a,N8,amazon_agg_004,aggregate_cross_paper,train,0.75,0.4353594337335635,1.0,0.7284531445778546,1834.5433719158173
N8_E10b_T12a,N8,amazon_agg_005,aggregate_cross_paper,train,0.5,0.3653782218745203,1.0,0.6217927406248401,1834.5433719158173
N8_E10b_T12a,N8,amazon_agg_006,aggregate_cross_paper,test,1.0,0.5673301481683688,1.0,0.8557767160561229,1834.5433719158173
N8_E10b_T12a,N8,amazon_agg_007,aggregate_cross_paper,train,0.5,0.5357720228659473,1.0,0.678590674288649,1834.5433719158173
N8_E10b_T12a,N8,amazon_agg_008,aggregate_cross_paper,test,0.5,0.73114116438351,1.0,0.74371372146117,1834.5433719158173
N8_E10b_T12a,N8,amazon_agg_009,aggregate_cross_paper,train,0.375,0.0,0.5,0.2916666666666667,1834.5433719158173
N8_E10b_T12a,N8,amazon_agg_010,aggregate_cross_paper,train,0.8333333333333334,0.7768636100373452,1.0,0.8700656477902262,1834.5433719158173
N8_E10b_T12a,N8,amazon_agg_011,aggregate_cross_paper,train,0.8,0.6975876495209103,1.0,0.8325292165069701,1834.5433719158173
N8_E10b_T12a,N8,amazon_agg_012,aggregate_cross_paper,train,0.5,0.6809168304206813,1.0,0.7269722768068938,1834.5433719158173
N8_E10b_T12a,N8,amazon_agg_013,aggregate_cross_paper,train,0.75,0.8333091055024933,1.0,0.8611030351674978,1834.5433719158173
N8_E10b_T12a,N8,amazon_agg_014,aggregate_cross_paper,test,0.5,0.7345941205230461,1.0,0.7448647068410154,1834.5433719158173
N8_E10b_T12a,N8,amazon_agg_015,aggregate_cross_paper,train,0.5,0.7939710769930715,0.0,0.4313236923310238,1834.5433719158173
N8_E10b_T12a,N8,amazon_agg_016,aggregate_cross_paper,train,1.0,0.7953218326434882,1.0,0.931773944214496,1834.5433719158173
N8_E10b_T12a,N8,amazon_agg_017,aggregate_cross_paper,test,0.8,0.4327030648989425,1.0,0.7442343549663142,1834.5433719158173
N8_E10b_T12a,N8,amazon_agg_018,aggregate_cross_paper,train,1.0,0.7383837205027941,1.0,0.9127945735009314,1834.5433719158173
N8_E10b_T12a,N8,amazon_agg_019,aggregate_cross_paper,train,0.6666666666666666,0.8070521348064297,0.75,0.7412396004910321,1834.5433719158173
N8_E10b_T12a,N8,amazon_agg_020,aggregate_cross_paper,test,0.6666666666666666,0.4592647995807873,1.0,0.7086438220824847,1834.5433719158173
N8_E10b_T12a,N8,amazon_agg_021,aggregate_cross_paper,test,0.75,0.6815682852252403,1.0,0.8105227617417468,1834.5433719158173
N8_E10b_T12a,N8,amazon_agg_022,aggregate_cross_paper,train,1.0,0.8177085575803764,1.0,0.9392361858601254,1834.5433719158173
N8_E10b_T12a,N8,amazon_agg_023,aggregate_cross_paper,test,0.6,0.5641885154556802,1.0,0.7213961718185601,1834.5433719158173
N8_E10b_T12a,N8,amazon_agg_024,aggregate_cross_paper,test,1.0,0.8719030028928811,1.0,0.9573010009642936,1834.5433719158173
N8_E10b_T12a,N8,amazon_agg_025,aggregate_cross_paper,train,0.4,0.385857970876043,1.0,0.5952859902920143,1834.5433719158173
N8_E10b_T12a,N8,amazon_agg_026,aggregate_cross_paper,train,0.5,0.7966870012815043,1.0,0.7655623337605014,1834.5433719158173
N8_E10b_T12a,N8,amazon_agg_027,aggregate_cross_paper,train,0.75,0.7108244068524927,1.0,0.8202748022841643,1834.5433719158173
N8_E10b_T12a,N8,amazon_agg_028,aggregate_cross_paper,train,0.6,0.7126159409875819,1.0,0.7708719803291939,1834.5433719158173
N8_E10b_T12a,N8,amazon_agg_029,aggregate_cross_paper,test,1.0,0.5954985177592524,1.0,0.8651661725864175,1834.5433719158173
N8_E10b_T12a,N8,amazon_agg_030,aggregate_cross_paper,train,0.75,0.6470865866454261,1.0,0.7990288622151421,1834.5433719158173
N8_E10b_T12a,N8,amazon_agg_031,aggregate_cross_paper,train,0.5,0.6704317362679325,1.0,0.7234772454226442,1834.5433719158173
N8_E10b_T12a,N8,amazon_agg_032,aggregate_cross_paper,test,0.2,0.8266326135472429,1.0,0.6755442045157477,1834.5433719158173
N8_E10b_T12a,N8,amazon_edge_000,edge_multihop,test,1.0,0.8581717877621117,0.5,0.7860572625873705,1834.5433719158173
N8_E10b_T12a,N8,amazon_edge_001,edge_multihop,test,0.75,0.8900416318176907,1.0,0.8800138772725635,1834.5433719158173
N8_E10b_T12a,N8,amazon_edge_002,edge_multihop,test,1.0,0.0,0.0,0.3333333333333333,1834.5433719158173
N8_E10b_T12a,N8,amazon_edge_003,edge_multihop,test,0.1666666666666666,0.0,1.0,0.3888888888888889,1834.5433719158173
N8_E10b_T12a,N8,amazon_edge_004,edge_multihop,test,1.0,0.0,0.0,0.3333333333333333,1834.5433719158173
N8_E10b_T12a,N8,amazon_edge_005,edge_multihop,train,0.3333333333333333,0.0,0.25,0.1944444444444444,1834.5433719158173
N8_E10b_T12a,N8,amazon_edge_006,edge_multihop,test,0.5,0.907938003017188,0.5,0.6359793343390626,1834.5433719158173
N8_E10b_T12a,N8,amazon_edge_007,edge_multihop,test,1.0,0.6945604401404292,0.0,0.5648534800468097,1834.5433719158173
N8_E10b_T12a,N8,amazon_edge_008,edge_multihop,test,1.0,0.0,0.0,0.3333333333333333,1834.5433719158173
N8_E10b_T12a,N8,amazon_edge_009,edge_multihop,train,1.0,0.8078221335319636,0.0,0.6026073778439879,1834.5433719158173
N8_E10b_T12a,N8,amazon_edge_010,edge_multihop,train,1.0,0.0,0.5,0.5,1834.5433719158173
N8_E10b_T12a,N8,amazon_edge_011,edge_multihop,test,0.7142857142857143,0.8951319116105355,0.5,0.7031392086320833,1834.5433719158173
N8_E10b_T12a,N8,amazon_edge_012,edge_multihop,test,1.0,0.8830207899371683,0.5,0.7943402633123894,1834.5433719158173
N8_E10b_T12a,N8,amazon_edge_013,edge_multihop,test,0.8,0.889276707414147,0.0,0.5630922358047157,1834.5433719158173
N8_E10b_T12a,N8,amazon_edge_014,edge_multihop,test,0.0,0.0,0.5,0.1666666666666666,1834.5433719158173
N8_E10b_T12a,N8,amazon_edge_015,edge_multihop,train,1.0,0.0,0.0,0.3333333333333333,1834.5433719158173
N8_E10b_T12a,N8,amazon_edge_016,edge_multihop,train,1.0,0.0,0.0,0.3333333333333333,1834.5433719158173
N8_E10b_T12a,N8,amazon_edge_017,edge_multihop,train,1.0,0.0,0.0,0.3333333333333333,1834.5433719158173
N8_E10b_T12a,N8,amazon_edge_018,edge_multihop,train,0.8,0.8847308725904418,0.5,0.7282436241968139,1834.5433719158173
N8_E10b_T12a,N8,amazon_edge_019,edge_multihop,train,1.0,0.0,0.0,0.3333333333333333,1834.5433719158173
N8_E10b_T12a,N8,amazon_edge_020,edge_multihop,train,0.7777777777777778,0.0,0.0,0.2592592592592592,1834.5433719158173
N8_E10b_T12a,N8,amazon_edge_021,edge_multihop,test,1.0,0.0,0.0,0.3333333333333333,1834.5433719158173
N8_E10b_T12a,N8,amazon_edge_022,edge_multihop,test,0.6666666666666666,0.0,1.0,0.5555555555555555,1834.5433719158173
N8_E10b_T12a,N8,amazon_edge_023,edge_multihop,train,0.5,0.0,0.5,0.3333333333333333,1834.5433719158173
N8_E10b_T12a,N8,amazon_edge_024,edge_multihop,train,0.25,0.0,0.0,0.0833333333333333,1834.5433719158173
N8_E10b_T12a,N8,amazon_edge_025,edge_multihop,train,0.6666666666666666,0.0,0.0,0.2222222222222222,1834.5433719158173
N8_E10b_T12a,N8,amazon_edge_026,edge_multihop,test,0.6,0.0,0.25,0.2833333333333333,1834.5433719158173
N8_E10b_T12a,N8,amazon_edge_027,edge_multihop,test,0.5,0.877756558665668,0.5,0.6259188528885561,1834.5433719158173
N8_E10b_T12a,N8,amazon_edge_028,edge_multihop,test,0.8,0.8774996061869239,0.75,0.8091665353956413,1834.5433719158173
N8_E10b_T12a,N8,amazon_edge_029,edge_multihop,train,0.8333333333333334,0.8711967680528633,0.25,0.6515100337953988,1834.5433719158173
N8_E10b_T12a,N8,amazon_edge_030,edge_multihop,train,1.0,0.912960668062085,0.0,0.637653556020695,1834.5433719158173
N8_E10b_T12a,N8,amazon_edge_031,edge_multihop,test,0.3333333333333333,0.0,0.5,0.2777777777777777,1834.5433719158173
N8_E10b_T12a,N8,amazon_edge_032,edge_multihop,test,1.0,0.0,0.0,0.3333333333333333,1834.5433719158173
N8_E10b_T12a,N8,amazon_edge_033,edge_multihop,test,0.875,0.8728396854888851,1.0,0.9159465618296284,1834.5433719158173
N8_E10b_T12a,N8,amazon_sh_035,single_specific,test,1.0,0.9656334483564408,1.0,0.9885444827854802,1834.5433719158173
N8_E10b_T12a,N8,amazon_sh_036,single_specific,train,0.8,0.918085577400884,0.5,0.7393618591336281,1834.5433719158173
N8_E10b_T12a,N8,amazon_sh_037,single_specific,test,1.0,0.6922270972206795,0.0,0.5640756990735598,1834.5433719158173
N8_E10b_T12a,N8,amazon_sh_038,single_specific,test,1.0,0.0,0.0,0.3333333333333333,1834.5433719158173
N8_E10b_T12a,N8,amazon_sh_039,single_specific,test,1.0,0.3482959514674484,0.5,0.6160986504891495,1834.5433719158173
N8_E10b_T12a,N8,amazon_sh_040,single_specific,train,0.8333333333333334,0.9740536252923888,1.0,0.9357956528752408,1834.5433719158173
N8_E10b_T12a,N8,amazon_sh_041,single_specific,test,1.0,0.907580734920466,1.0,0.969193578306822,1834.5433719158173
N8_E10b_T12a,N8,amazon_sh_042,single_specific,train,1.0,0.7021999236130149,0.75,0.8173999745376715,1834.5433719158173
N8_E10b_T12a,N8,amazon_sh_043,single_specific,test,1.0,0.8541097195436321,1.0,0.951369906514544,1834.5433719158173
N8_E10b_T12a,N8,amazon_sh_044,single_specific,train,0.6666666666666666,0.9999996626570374,1.0,0.8888887764412347,1834.5433719158173
N8_E10b_T12a,N8,amazon_sh_045,single_specific,train,1.0,0.9555771086438546,1.0,0.9851923695479516,1834.5433719158173
N8_E10b_T12a,N8,amazon_sh_046,single_specific,train,1.0,0.7602221798133512,1.0,0.9200740599377836,1834.5433719158173
N8_E10b_T12a,N8,amazon_sh_047,single_specific,train,1.0,0.9815908042728936,0.75,0.9105302680909646,1834.5433719158173
N8_E10b_T12a,N8,amazon_sh_048,single_specific,train,1.0,0.8407127978319445,0.75,0.8635709326106481,1834.5433719158173
N8_E10b_T12a,N8,amazon_sh_049,single_specific,test,1.0,0.9156164964713072,0.5,0.805205498823769,1834.5433719158173
N8_E10b_T12a,N8,amazon_sh_050,single_specific,train,0.5,0.0,0.0,0.1666666666666666,1834.5433719158173
N8_E10b_T12a,N8,amazon_sh_051,single_specific,test,1.0,0.9631811721366288,1.0,0.9877270573788764,1834.5433719158173
N8_E10b_T12a,N8,amazon_sh_052,single_specific,test,1.0,0.0,0.0,0.3333333333333333,1834.5433719158173
N8_E10b_T12a,N8,amazon_sh_053,single_specific,train,1.0,0.2959858901247054,1.0,0.7653286300415685,1834.5433719158173
N8_E10b_T12a,N8,amazon_sh_054,single_specific,test,1.0,0.9999996280260496,1.0,0.9999998760086832,1834.5433719158173
N8_E10b_T12a,N8,amazon_sh_055,single_specific,test,0.0,0.9756361879914148,0.25,0.4085453959971383,1834.5433719158173
N8_E10b_T12a,N8,amazon_sh_056,single_specific,test,0.0,0.0,1.0,0.3333333333333333,1834.5433719158173
N8_E10b_T12a,N8,amazon_sh_057,single_specific,train,1.0,0.6568237874526521,1.0,0.885607929150884,1834.5433719158173
N8_E10b_T12a,N8,amazon_sh_058,single_specific,test,1.0,0.97800731815204,1.0,0.99266910605068,1834.5433719158173
N8_E10b_T12a,N8,amazon_sh_059,single_specific,train,1.0,0.946790592469856,1.0,0.9822635308232852,1834.5433719158173
N8_E10b_T12a,N8,amazon_sh_060,single_specific,train,1.0,0.9999996530811665,1.0,0.9999998843603888,1834.5433719158173
N8_E10b_T12a,N8,amazon_sh_061,single_specific,train,1.0,0.0,0.5,0.5,1834.5433719158173
N8_E10b_T12a,N8,amazon_sh_062,single_specific,train,1.0,0.0,1.0,0.6666666666666666,1834.5433719158173
N8_E10b_T12a,N8,amazon_sh_063,single_specific,test,1.0,0.7490043423814238,1.0,0.916334780793808,1834.5433719158173
N8_E10b_T12a,N8,amazon_sh_064,single_specific,test,1.0,0.661867620941798,1.0,0.8872892069805993,1834.5433719158173
N8_E10b_T12a,N8,amazon_sh_065,single_specific,train,1.0,1.0,0.75,0.9166666666666666,1834.5433719158173
N8_E10b_T12a,N8,amazon_sh_066,single_specific,test,1.0,0.9367189558557276,1.0,0.978906318618576,1834.5433719158173
N8_E10b_T12a,N8,amazon_sh_067,single_specific,test,1.0,0.754300475348749,0.75,0.8347668251162497,1834.5433719158173
N8_E10b_T12a,N8,amazon_sh_068,single_specific,test,1.0,0.0,0.0,0.3333333333333333,1834.5433719158173
N8_E10b_T12a,N8,amazon_sh_069,single_specific,test,1.0,0.9999257984238784,1.0,0.9999752661412928,1834.5433719158173
N8_E10b_T12a,N8,amazon_sh_070,single_specific,test,1.0,0.6324586434093475,1.0,0.8774862144697826,1834.5433719158173
N8_E10b_T12a,N8,amazon_sh_071,single_specific,train,0.5,0.8258892817424355,0.5,0.6086297605808119,1834.5433719158173
N8_E10b_T12a,N8,amazon_sh_072,single_specific,test,1.0,0.9752213196155772,1.0,0.9917404398718592,1834.5433719158173
N8_E10b_T12a,N8,amazon_sh_073,single_specific,test,0.5,0.9999995827803576,1.0,0.8333331942601192,1834.5433719158173
N8_E10b_T12a,N8,amazon_sh_074,single_specific,test,1.0,0.8785971381336097,1.0,0.9595323793778698,1834.5433719158173
N8_E10b_T12a,N8,amazon_sh_075,single_specific,train,1.0,0.912073968158387,1.0,0.9706913227194623,1834.5433719158173
N8_E10b_T12a,N8,amazon_sh_076,single_specific,test,1.0,0.91436336631758,1.0,0.9714544554391934,1834.5433719158173
N8_E10b_T12a,N8,amazon_sh_077,single_specific,train,0.0,0.8443605720355518,0.25,0.3647868573451839,1834.5433719158173
N8_E10b_T12a,N8,amazon_sh_078,single_specific,train,1.0,0.0,0.0,0.3333333333333333,1834.5433719158173
N8_E10b_T12a,N8,amazon_sh_079,single_specific,test,1.0,0.8138657084127568,1.0,0.9379552361375856,1834.5433719158173
N8_E10b_T12a,N8,amazon_sh_080,single_specific,test,0.3333333333333333,0.9683297290383164,0.5,0.6005543541238832,1834.5433719158173
N8_E10b_T12a,N8,amazon_sh_081,single_specific,train,1.0,0.8654363459749861,1.0,0.9551454486583288,1834.5433719158173
N8_E10b_T12a,N8,amazon_sh_082,single_specific,train,1.0,0.9999996738737372,1.0,0.9999998912912456,1834.5433719158173
N8_E10b_T12b,N8,amazon_sh_000,single_specific,test,0.75,0.940328538378016,1.0,0.8967761794593386,372.8330476284027
N8_E10b_T12b,N8,amazon_sh_001,single_specific,test,0.75,0.8280802237139411,1.0,0.8593600745713137,372.8330476284027
N8_E10b_T12b,N8,amazon_sh_002,single_specific,test,1.0,1.0000000000000002,1.0,1.0,372.8330476284027
N8_E10b_T12b,N8,amazon_sh_003,single_specific,train,0.5,0.9595675863573798,0.75,0.7365225287857933,372.8330476284027
N8_E10b_T12b,N8,amazon_sh_004,single_specific,train,1.0,0.0,0.0,0.3333333333333333,372.8330476284027
N8_E10b_T12b,N8,amazon_sh_005,single_specific,train,1.0,0.9092471974381788,1.0,0.9697490658127262,372.8330476284027
N8_E10b_T12b,N8,amazon_sh_006,single_specific,train,1.0,0.9999997330584092,1.0,0.9999999110194698,372.8330476284027
N8_E10b_T12b,N8,amazon_sh_007,single_specific,train,1.0,0.8766881826542117,1.0,0.9588960608847372,372.8330476284027
N8_E10b_T12b,N8,amazon_sh_008,single_specific,train,1.0,0.8951734238241057,1.0,0.9650578079413686,372.8330476284027
N8_E10b_T12b,N8,amazon_sh_009,single_specific,train,0.5,0.0,1.0,0.5,372.8330476284027
N8_E10b_T12b,N8,amazon_sh_010,single_specific,test,1.0,0.9683632128982864,1.0,0.9894544042994288,372.8330476284027
N8_E10b_T12b,N8,amazon_sh_011,single_specific,train,0.0,0.0,1.0,0.3333333333333333,372.8330476284027
N8_E10b_T12b,N8,amazon_sh_012,single_specific,train,0.5,0.0,1.0,0.5,372.8330476284027
N8_E10b_T12b,N8,amazon_sh_013,single_specific,train,1.0,0.706787051480803,1.0,0.902262350493601,372.8330476284027
N8_E10b_T12b,N8,amazon_sh_014,single_specific,train,1.0,0.0,0.0,0.3333333333333333,372.8330476284027
N8_E10b_T12b,N8,amazon_sh_015,single_specific,test,1.0,0.4206515088877555,1.0,0.8068838362959184,372.8330476284027
N8_E10b_T12b,N8,amazon_sh_016,single_specific,test,1.0,0.9334811706226208,1.0,0.9778270568742068,372.8330476284027
N8_E10b_T12b,N8,amazon_sh_017,single_specific,test,1.0,0.8748379313747426,1.0,0.9582793104582475,372.8330476284027
N8_E10b_T12b,N8,amazon_sh_018,single_specific,test,1.0,0.0,0.0,0.3333333333333333,372.8330476284027
N8_E10b_T12b,N8,amazon_sh_019,single_specific,test,0.75,0.7625404314937846,0.75,0.7541801438312615,372.8330476284027
N8_E10b_T12b,N8,amazon_sh_020,single_specific,train,0.0,0.0,1.0,0.3333333333333333,372.8330476284027
N8_E10b_T12b,N8,amazon_sh_021,single_specific,train,1.0,0.9367674307585664,1.0,0.978922476919522,372.8330476284027
N8_E10b_T12b,N8,amazon_sh_022,single_specific,test,1.0,0.9917878815448484,0.0,0.6639292938482829,372.8330476284027
N8_E10b_T12b,N8,amazon_sh_023,single_specific,test,1.0,0.9035489053202532,1.0,0.967849635106751,372.8330476284027
N8_E10b_T12b,N8,amazon_sh_024,single_specific,test,1.0,0.4732898107525918,1.0,0.8244299369175305,372.8330476284027
N8_E10b_T12b,N8,amazon_sh_025,single_specific,train,1.0,0.9565693440004532,1.0,0.985523114666818,372.8330476284027
N8_E10b_T12b,N8,amazon_sh_026,single_specific,train,1.0,0.8100540930793697,1.0,0.9366846976931232,372.8330476284027
N8_E10b_T12b,N8,amazon_sh_027,single_specific,test,0.5,0.9145888380019078,1.0,0.804862946000636,372.8330476284027
N8_E10b_T12b,N8,amazon_sh_028,single_specific,train,1.0,0.958826459796279,1.0,0.9862754865987596,372.8330476284027
N8_E10b_T12b,N8,amazon_sh_029,single_specific,test,1.0,0.0,0.0,0.3333333333333333,372.8330476284027
N8_E10b_T12b,N8,amazon_sh_030,single_specific,test,0.6666666666666666,0.9050957880829512,0.25,0.6072541515832058,372.8330476284027
N8_E10b_T12b,N8,amazon_sh_031,single_specific,test,0.75,0.0,1.0,0.5833333333333334,372.8330476284027
N8_E10b_T12b,N8,amazon_sh_032,single_specific,test,0.5,0.0,0.0,0.1666666666666666,372.8330476284027
N8_E10b_T12b,N8,amazon_sh_033,single_specific,train,0.3333333333333333,0.8187891564124099,0.25,0.467374163248581,372.8330476284027
N8_E10b_T12b,N8,amazon_sh_034,single_specific,train,0.75,0.9901194096578996,1.0,0.9133731365526332,372.8330476284027
N8_E10b_T12b,N8,amazon_agg_000,aggregate_cross_paper,train,0.5,0.70522491150927,1.0,0.73507497050309,372.8330476284027
N8_E10b_T12b,N8,amazon_agg_001,aggregate_cross_paper,test,1.0,0.7805987480978451,1.0,0.9268662493659484,372.8330476284027
N8_E10b_T12b,N8,amazon_agg_002,aggregate_cross_paper,test,0.6666666666666666,0.7189897201845636,1.0,0.7952187956170768,372.8330476284027
N8_E10b_T12b,N8,amazon_agg_003,aggregate_cross_paper,test,0.5555555555555556,0.5513566631804743,1.0,0.7023040729120099,372.8330476284027
N8_E10b_T12b,N8,amazon_agg_004,aggregate_cross_paper,train,0.8333333333333334,0.4248201140359997,1.0,0.7527178157897776,372.8330476284027
N8_E10b_T12b,N8,amazon_agg_005,aggregate_cross_paper,train,0.6666666666666666,0.3497149506040756,1.0,0.672127205756914,372.8330476284027
N8_E10b_T12b,N8,amazon_agg_006,aggregate_cross_paper,test,0.8571428571428571,0.5673091480850164,1.0,0.8081506684092913,372.8330476284027
N8_E10b_T12b,N8,amazon_agg_007,aggregate_cross_paper,train,0.6,0.5357720228659473,1.0,0.7119240076219824,372.8330476284027
N8_E10b_T12b,N8,amazon_agg_008,aggregate_cross_paper,test,0.25,0.6956082666285659,1.0,0.6485360888761886,372.8330476284027
N8_E10b_T12b,N8,amazon_agg_009,aggregate_cross_paper,train,0.375,0.0,0.5,0.2916666666666667,372.8330476284027
N8_E10b_T12b,N8,amazon_agg_010,aggregate_cross_paper,train,0.8333333333333334,0.7768363291421567,1.0,0.8700565541584967,372.8330476284027
N8_E10b_T12b,N8,amazon_agg_011,aggregate_cross_paper,train,0.8,0.6948355386610345,1.0,0.8316118462203449,372.8330476284027
N8_E10b_T12b,N8,amazon_agg_012,aggregate_cross_paper,train,0.5,0.6490828142584105,1.0,0.7163609380861368,372.8330476284027
N8_E10b_T12b,N8,amazon_agg_013,aggregate_cross_paper,train,0.75,0.8333091055024933,1.0,0.8611030351674978,372.8330476284027
N8_E10b_T12b,N8,amazon_agg_014,aggregate_cross_paper,test,0.5,0.7346074656070886,1.0,0.7448691552023629,372.8330476284027
N8_E10b_T12b,N8,amazon_agg_015,aggregate_cross_paper,train,0.6666666666666666,0.7808485369376436,0.0,0.4825050678681034,372.8330476284027
N8_E10b_T12b,N8,amazon_agg_016,aggregate_cross_paper,train,0.8333333333333334,0.7953442817629787,1.0,0.8762258716987708,372.8330476284027
N8_E10b_T12b,N8,amazon_agg_017,aggregate_cross_paper,test,0.8,0.4327615770572305,1.0,0.7442538590190768,372.8330476284027
N8_E10b_T12b,N8,amazon_agg_018,aggregate_cross_paper,train,1.0,0.6819525540544896,1.0,0.8939841846848299,372.8330476284027
N8_E10b_T12b,N8,amazon_agg_019,aggregate_cross_paper,train,0.75,0.7971563921167485,0.75,0.7657187973722496,372.8330476284027
N8_E10b_T12b,N8,amazon_agg_020,aggregate_cross_paper,test,0.6666666666666666,0.443064427449619,1.0,0.7032436980387619,372.8330476284027
N8_E10b_T12b,N8,amazon_agg_021,aggregate_cross_paper,test,0.75,0.6815773589109327,1.0,0.8105257863036442,372.8330476284027
N8_E10b_T12b,N8,amazon_agg_022,aggregate_cross_paper,train,1.0,0.8176878460818893,1.0,0.9392292820272964,372.8330476284027
N8_E10b_T12b,N8,amazon_agg_023,aggregate_cross_paper,test,0.7777777777777778,0.6066838044676326,1.0,0.7948205274151369,372.8330476284027
N8_E10b_T12b,N8,amazon_agg_024,aggregate_cross_paper,test,0.875,0.821023352600641,1.0,0.8986744508668804,372.8330476284027
N8_E10b_T12b,N8,amazon_agg_025,aggregate_cross_paper,train,0.4,0.3858124498506601,1.0,0.5952708166168867,372.8330476284027
N8_E10b_T12b,N8,amazon_agg_026,aggregate_cross_paper,train,0.5,0.7910907467593778,1.0,0.7636969155864594,372.8330476284027
N8_E10b_T12b,N8,amazon_agg_027,aggregate_cross_paper,train,0.8,0.6276356771382098,1.0,0.8092118923794033,372.8330476284027
N8_E10b_T12b,N8,amazon_agg_028,aggregate_cross_paper,train,0.5714285714285714,0.0,1.0,0.5238095238095238,372.8330476284027
N8_E10b_T12b,N8,amazon_agg_029,aggregate_cross_paper,test,1.0,0.6548733339000218,1.0,0.8849577779666739,372.8330476284027
N8_E10b_T12b,N8,amazon_agg_030,aggregate_cross_paper,train,0.75,0.6906576007452889,1.0,0.8135525335817629,372.8330476284027
N8_E10b_T12b,N8,amazon_agg_031,aggregate_cross_paper,train,0.5,0.6705179638686943,1.0,0.7235059879562314,372.8330476284027
N8_E10b_T12b,N8,amazon_agg_032,aggregate_cross_paper,test,0.2,0.8269855961273912,1.0,0.6756618653757971,372.8330476284027
N8_E10b_T12b,N8,amazon_edge_000,edge_multihop,test,1.0,0.8609065809654252,0.5,0.7869688603218084,372.8330476284027
N8_E10b_T12b,N8,amazon_edge_001,edge_multihop,test,0.75,0.8902105855222215,1.0,0.8800701951740738,372.8330476284027
N8_E10b_T12b,N8,amazon_edge_002,edge_multihop,test,1.0,0.0,0.0,0.3333333333333333,372.8330476284027
N8_E10b_T12b,N8,amazon_edge_003,edge_multihop,test,0.8333333333333334,0.8395479471720418,1.0,0.8909604268351251,372.8330476284027
N8_E10b_T12b,N8,amazon_edge_004,edge_multihop,test,1.0,0.0,0.0,0.3333333333333333,372.8330476284027
N8_E10b_T12b,N8,amazon_edge_005,edge_multihop,train,0.0,0.0,0.25,0.0833333333333333,372.8330476284027
N8_E10b_T12b,N8,amazon_edge_006,edge_multihop,test,0.5,0.9147391922501252,0.5,0.6382463974167084,372.8330476284027
N8_E10b_T12b,N8,amazon_edge_007,edge_multihop,test,1.0,0.0,0.0,0.3333333333333333,372.8330476284027
N8_E10b_T12b,N8,amazon_edge_008,edge_multihop,test,1.0,0.0,0.0,0.3333333333333333,372.8330476284027
N8_E10b_T12b,N8,amazon_edge_009,edge_multihop,train,1.0,0.807850313176153,0.0,0.6026167710587177,372.8330476284027
N8_E10b_T12b,N8,amazon_edge_010,edge_multihop,train,1.0,0.9444943079606696,0.5,0.8148314359868899,372.8330476284027
N8_E10b_T12b,N8,amazon_edge_011,edge_multihop,test,0.7142857142857143,0.8948810774675433,0.5,0.7030555972510859,372.8330476284027
N8_E10b_T12b,N8,amazon_edge_012,edge_multihop,test,1.0,0.8905506875616714,0.5,0.7968502291872238,372.8330476284027
N8_E10b_T12b,N8,amazon_edge_013,edge_multihop,test,0.8,0.91272826975407,0.0,0.5709094232513566,372.8330476284027
N8_E10b_T12b,N8,amazon_edge_014,edge_multihop,test,0.0,0.0,0.75,0.25,372.8330476284027
N8_E10b_T12b,N8,amazon_edge_015,edge_multihop,train,1.0,0.0,0.0,0.3333333333333333,372.8330476284027
N8_E10b_T12b,N8,amazon_edge_016,edge_multihop,train,1.0,0.0,0.0,0.3333333333333333,372.8330476284027
N8_E10b_T12b,N8,amazon_edge_017,edge_multihop,train,0.7142857142857143,0.0,0.0,0.2380952380952381,372.8330476284027
N8_E10b_T12b,N8,amazon_edge_018,edge_multihop,train,0.8,0.8805305526161029,0.5,0.726843517538701,372.8330476284027
N8_E10b_T12b,N8,amazon_edge_019,edge_multihop,train,1.0,0.0,0.0,0.3333333333333333,372.8330476284027
N8_E10b_T12b,N8,amazon_edge_020,edge_multihop,train,0.7142857142857143,0.8518490825023944,0.0,0.5220449322627029,372.8330476284027
N8_E10b_T12b,N8,amazon_edge_021,edge_multihop,test,1.0,0.0,0.0,0.3333333333333333,372.8330476284027
N8_E10b_T12b,N8,amazon_edge_022,edge_multihop,test,0.6666666666666666,0.0,1.0,0.5555555555555555,372.8330476284027
N8_E10b_T12b,N8,amazon_edge_023,edge_multihop,train,0.6666666666666666,0.0,0.5,0.3888888888888888,372.8330476284027
N8_E10b_T12b,N8,amazon_edge_024,edge_multihop,train,0.25,0.0,0.0,0.0833333333333333,372.8330476284027
N8_E10b_T12b,N8,amazon_edge_025,edge_multihop,train,0.6666666666666666,0.0,0.0,0.2222222222222222,372.8330476284027
N8_E10b_T12b,N8,amazon_edge_026,edge_multihop,test,0.8,0.0,0.25,0.35,372.8330476284027
N8_E10b_T12b,N8,amazon_edge_027,edge_multihop,test,0.1666666666666666,0.8796323256772878,0.5,0.5154329974479849,372.8330476284027
N8_E10b_T12b,N8,amazon_edge_028,edge_multihop,test,0.8,0.8795558016763935,0.75,0.8098519338921312,372.8330476284027
N8_E10b_T12b,N8,amazon_edge_029,edge_multihop,train,0.6,0.871193814485324,0.25,0.573731271495108,372.8330476284027
N8_E10b_T12b,N8,amazon_edge_030,edge_multihop,train,1.0,0.912960668062085,0.0,0.637653556020695,372.8330476284027
N8_E10b_T12b,N8,amazon_edge_031,edge_multihop,test,0.3333333333333333,0.0,0.5,0.2777777777777777,372.8330476284027
N8_E10b_T12b,N8,amazon_edge_032,edge_multihop,test,1.0,0.0,0.0,0.3333333333333333,372.8330476284027
N8_E10b_T12b,N8,amazon_edge_033,edge_multihop,test,0.875,0.8707336179826686,1.0,0.9152445393275562,372.8330476284027
N8_E10b_T12b,N8,amazon_sh_035,single_specific,test,1.0,0.9545731942918222,1.0,0.9848577314306074,372.8330476284027
N8_E10b_T12b,N8,amazon_sh_036,single_specific,train,0.8,0.9180951682119513,0.5,0.7393650560706505,372.8330476284027
N8_E10b_T12b,N8,amazon_sh_037,single_specific,test,1.0,0.0,0.0,0.3333333333333333,372.8330476284027
N8_E10b_T12b,N8,amazon_sh_038,single_specific,test,1.0,0.0,0.0,0.3333333333333333,372.8330476284027
N8_E10b_T12b,N8,amazon_sh_039,single_specific,test,1.0,0.3482592369756987,0.5,0.6160864123252329,372.8330476284027
N8_E10b_T12b,N8,amazon_sh_040,single_specific,train,0.8333333333333334,0.9740630115840097,1.0,0.9357987816391145,372.8330476284027
N8_E10b_T12b,N8,amazon_sh_041,single_specific,test,1.0,0.9075110864840172,1.0,0.9691703621613392,372.8330476284027
N8_E10b_T12b,N8,amazon_sh_042,single_specific,train,0.6666666666666666,0.5317898761812075,0.75,0.6494855142826247,372.8330476284027
N8_E10b_T12b,N8,amazon_sh_043,single_specific,test,1.0,0.8540881238045829,1.0,0.951362707934861,372.8330476284027
N8_E10b_T12b,N8,amazon_sh_044,single_specific,train,0.6666666666666666,0.9999996730029278,1.0,0.8888887798898648,372.8330476284027
N8_E10b_T12b,N8,amazon_sh_045,single_specific,train,1.0,0.9555844114447276,1.0,0.9851948038149092,372.8330476284027
N8_E10b_T12b,N8,amazon_sh_046,single_specific,train,1.0,0.7600989729140945,1.0,0.9200329909713648,372.8330476284027
N8_E10b_T12b,N8,amazon_sh_047,single_specific,train,1.0,0.9816050334101132,1.0,0.9938683444700376,372.8330476284027
N8_E10b_T12b,N8,amazon_sh_048,single_specific,train,1.0,0.8407127978319445,0.75,0.8635709326106481,372.8330476284027
N8_E10b_T12b,N8,amazon_sh_049,single_specific,test,0.5,0.9156252480601288,0.5,0.6385417493533763,372.8330476284027
N8_E10b_T12b,N8,amazon_sh_050,single_specific,train,0.5,0.0,0.0,0.1666666666666666,372.8330476284027
N8_E10b_T12b,N8,amazon_sh_051,single_specific,test,1.0,0.9631746143350096,1.0,0.9877248714450032,372.8330476284027
N8_E10b_T12b,N8,amazon_sh_052,single_specific,test,1.0,0.0,0.0,0.3333333333333333,372.8330476284027
N8_E10b_T12b,N8,amazon_sh_053,single_specific,train,1.0,0.2960428138734445,1.0,0.7653476046244815,372.8330476284027
N8_E10b_T12b,N8,amazon_sh_054,single_specific,test,1.0,0.999999592270859,1.0,0.9999998640902864,372.8330476284027
N8_E10b_T12b,N8,amazon_sh_055,single_specific,test,0.2,0.9756069307825846,0.25,0.4752023102608615,372.8330476284027
N8_E10b_T12b,N8,amazon_sh_056,single_specific,test,0.0,0.0,1.0,0.3333333333333333,372.8330476284027
N8_E10b_T12b,N8,amazon_sh_057,single_specific,train,1.0,0.6570358456578419,1.0,0.8856786152192807,372.8330476284027
N8_E10b_T12b,N8,amazon_sh_058,single_specific,test,1.0,0.97800731815204,1.0,0.99266910605068,372.8330476284027
N8_E10b_T12b,N8,amazon_sh_059,single_specific,train,1.0,0.946785789387693,1.0,0.9822619297958978,372.8330476284027
N8_E10b_T12b,N8,amazon_sh_060,single_specific,train,1.0,0.9999996774349994,1.0,0.9999998924783332,372.8330476284027
N8_E10b_T12b,N8,amazon_sh_061,single_specific,train,0.6666666666666666,0.0,0.5,0.3888888888888888,372.8330476284027
N8_E10b_T12b,N8,amazon_sh_062,single_specific,train,1.0,0.0,0.75,0.5833333333333334,372.8330476284027
N8_E10b_T12b,N8,amazon_sh_063,single_specific,test,1.0,0.7488708401404212,1.0,0.9162902800468072,372.8330476284027
N8_E10b_T12b,N8,amazon_sh_064,single_specific,test,1.0,0.6618483087948283,1.0,0.8872827695982761,372.8330476284027
N8_E10b_T12b,N8,amazon_sh_065,single_specific,train,1.0,0.99999962534369,0.75,0.91666654178123,372.8330476284027
N8_E10b_T12b,N8,amazon_sh_066,single_specific,test,1.0,0.9367189558557276,1.0,0.978906318618576,372.8330476284027
N8_E10b_T12b,N8,amazon_sh_067,single_specific,test,1.0,0.754300475348749,0.75,0.8347668251162497,372.8330476284027
N8_E10b_T12b,N8,amazon_sh_068,single_specific,test,1.0,0.0,0.0,0.3333333333333333,372.8330476284027
N8_E10b_T12b,N8,amazon_sh_069,single_specific,test,1.0,1.0,1.0,1.0,372.8330476284027
N8_E10b_T12b,N8,amazon_sh_070,single_specific,test,1.0,0.6324891867388638,1.0,0.8774963955796213,372.8330476284027
N8_E10b_T12b,N8,amazon_sh_071,single_specific,train,0.7142857142857143,0.8507074371746751,0.25,0.6049977171534632,372.8330476284027
N8_E10b_T12b,N8,amazon_sh_072,single_specific,test,1.0,0.9752213196155772,1.0,0.9917404398718592,372.8330476284027
N8_E10b_T12b,N8,amazon_sh_073,single_specific,test,0.5,0.9999998891559404,1.0,0.8333332963853134,372.8330476284027
N8_E10b_T12b,N8,amazon_sh_074,single_specific,test,1.0,0.7835025738857725,1.0,0.9278341912952576,372.8330476284027
N8_E10b_T12b,N8,amazon_sh_075,single_specific,train,1.0,0.918572206674408,1.0,0.9728574022248028,372.8330476284027
N8_E10b_T12b,N8,amazon_sh_076,single_specific,test,1.0,0.91436336631758,1.0,0.9714544554391932,372.8330476284027
N8_E10b_T12b,N8,amazon_sh_077,single_specific,train,0.0,0.8443876261097892,0.25,0.3647958753699297,372.8330476284027
N8_E10b_T12b,N8,amazon_sh_078,single_specific,train,1.0,0.0,0.0,0.3333333333333333,372.8330476284027
N8_E10b_T12b,N8,amazon_sh_079,single_specific,test,1.0,0.8138698679520594,1.0,0.9379566226506864,372.8330476284027
N8_E10b_T12b,N8,amazon_sh_080,single_specific,test,0.3333333333333333,0.9682570101465916,0.25,0.517196781159975,372.8330476284027
N8_E10b_T12b,N8,amazon_sh_081,single_specific,train,1.0,0.8653742868660322,1.0,0.9551247622886776,372.8330476284027
N8_E10b_T12b,N8,amazon_sh_082,single_specific,train,1.0,0.9999996641152576,1.0,0.9999998880384192,372.8330476284027
N8_E10c_T12a,N8,amazon_sh_000,single_specific,test,0.75,0.8558132848560493,1.0,0.8686044282853498,387.9703311920166
N8_E10c_T12a,N8,amazon_sh_001,single_specific,test,0.75,0.8280662809296397,1.0,0.8593554269765465,387.9703311920166
N8_E10c_T12a,N8,amazon_sh_002,single_specific,test,1.0,0.9999996389291916,1.0,0.999999879643064,387.9703311920166
N8_E10c_T12a,N8,amazon_sh_003,single_specific,train,0.6666666666666666,0.7884004038260298,0.75,0.7350223568308989,387.9703311920166
N8_E10c_T12a,N8,amazon_sh_004,single_specific,train,1.0,0.0,0.0,0.3333333333333333,387.9703311920166
N8_E10c_T12a,N8,amazon_sh_005,single_specific,train,1.0,0.9092752108516216,1.0,0.9697584036172072,387.9703311920166
N8_E10c_T12a,N8,amazon_sh_006,single_specific,train,1.0,0.9811076960350686,1.0,0.9937025653450228,387.9703311920166
N8_E10c_T12a,N8,amazon_sh_007,single_specific,train,1.0,0.8766952597219129,1.0,0.9588984199073044,387.9703311920166
N8_E10c_T12a,N8,amazon_sh_008,single_specific,train,1.0,0.8951734238241056,1.0,0.9650578079413684,387.9703311920166
N8_E10c_T12a,N8,amazon_sh_009,single_specific,train,0.3333333333333333,0.0,1.0,0.4444444444444444,387.9703311920166
N8_E10c_T12a,N8,amazon_sh_010,single_specific,test,1.0,0.968343485724524,1.0,0.9894478285748414,387.9703311920166
N8_E10c_T12a,N8,amazon_sh_011,single_specific,train,0.0,0.0,1.0,0.3333333333333333,387.9703311920166
N8_E10c_T12a,N8,amazon_sh_012,single_specific,train,0.5,0.0,1.0,0.5,387.9703311920166
N8_E10c_T12a,N8,amazon_sh_013,single_specific,train,1.0,0.7068031556757873,1.0,0.9022677185585958,387.9703311920166
N8_E10c_T12a,N8,amazon_sh_014,single_specific,train,1.0,0.0,0.0,0.3333333333333333,387.9703311920166
N8_E10c_T12a,N8,amazon_sh_015,single_specific,test,1.0,0.6475297888795299,1.0,0.8825099296265101,387.9703311920166
N8_E10c_T12a,N8,amazon_sh_016,single_specific,test,1.0,0.9334811706226208,1.0,0.9778270568742068,387.9703311920166
N8_E10c_T12a,N8,amazon_sh_017,single_specific,test,1.0,0.8748170651599895,1.0,0.95827235505333,387.9703311920166
N8_E10c_T12a,N8,amazon_sh_018,single_specific,test,1.0,0.0,0.0,0.3333333333333333,387.9703311920166
N8_E10c_T12a,N8,amazon_sh_019,single_specific,test,0.875,0.6696475700131459,0.75,0.7648825233377153,387.9703311920166
N8_E10c_T12a,N8,amazon_sh_020,single_specific,train,0.0,0.0,1.0,0.3333333333333333,387.9703311920166
N8_E10c_T12a,N8,amazon_sh_021,single_specific,train,1.0,0.936756587391568,1.0,0.978918862463856,387.9703311920166
N8_E10c_T12a,N8,amazon_sh_022,single_specific,test,1.0,0.98768629956844,0.0,0.6625620998561467,387.9703311920166
N8_E10c_T12a,N8,amazon_sh_023,single_specific,test,1.0,0.8911054820639558,1.0,0.963701827354652,387.9703311920166
N8_E10c_T12a,N8,amazon_sh_024,single_specific,test,1.0,0.5643291810686619,1.0,0.854776393689554,387.9703311920166
N8_E10c_T12a,N8,amazon_sh_025,single_specific,train,1.0,0.9565693440004532,1.0,0.985523114666818,387.9703311920166
N8_E10c_T12a,N8,amazon_sh_026,single_specific,train,1.0,0.8100857261997237,1.0,0.9366952420665746,387.9703311920166
N8_E10c_T12a,N8,amazon_sh_027,single_specific,test,1.0,0.9146018846159194,1.0,0.9715339615386398,387.9703311920166
N8_E10c_T12a,N8,amazon_sh_028,single_specific,train,1.0,0.9566856555308628,1.0,0.9855618851769542,387.9703311920166
N8_E10c_T12a,N8,amazon_sh_029,single_specific,test,0.5,0.0,0.0,0.1666666666666666,387.9703311920166
N8_E10c_T12a,N8,amazon_sh_030,single_specific,test,0.6666666666666666,0.0,0.0,0.2222222222222222,387.9703311920166
N8_E10c_T12a,N8,amazon_sh_031,single_specific,test,0.25,0.0,1.0,0.4166666666666667,387.9703311920166
N8_E10c_T12a,N8,amazon_sh_032,single_specific,test,0.0,0.0,0.0,0.0,387.9703311920166
N8_E10c_T12a,N8,amazon_sh_033,single_specific,train,0.3333333333333333,0.8187863905831348,0.0,0.3840399079721561,387.9703311920166
N8_E10c_T12a,N8,amazon_sh_034,single_specific,train,0.75,0.9938288505769276,1.0,0.914609616858976,387.9703311920166
N8_E10c_T12a,N8,amazon_agg_000,aggregate_cross_paper,train,0.8,0.7342908975806909,1.0,0.844763632526897,387.9703311920166
N8_E10c_T12a,N8,amazon_agg_001,aggregate_cross_paper,test,1.0,0.7805995735847779,1.0,0.9268665245282594,387.9703311920166
N8_E10c_T12a,N8,amazon_agg_002,aggregate_cross_paper,test,0.75,0.7190154808347153,1.0,0.8230051602782384,387.9703311920166
N8_E10c_T12a,N8,amazon_agg_003,aggregate_cross_paper,test,0.5555555555555556,0.5463281515127622,1.0,0.7006279023561058,387.9703311920166
N8_E10c_T12a,N8,amazon_agg_004,aggregate_cross_paper,train,0.8333333333333334,0.4248304318549884,1.0,0.7527212550627739,387.9703311920166
N8_E10c_T12a,N8,amazon_agg_005,aggregate_cross_paper,train,0.5,0.3497149506040756,1.0,0.6165716502013585,387.9703311920166
N8_E10c_T12a,N8,amazon_agg_006,aggregate_cross_paper,test,0.8571428571428571,0.5673256848646006,1.0,0.8081561806691525,387.9703311920166
N8_E10c_T12a,N8,amazon_agg_007,aggregate_cross_paper,train,0.8,0.5358504798942493,1.0,0.7786168266314165,387.9703311920166
N8_E10c_T12a,N8,amazon_agg_008,aggregate_cross_paper,test,0.5,0.7311061041241739,1.0,0.743702034708058,387.9703311920166
N8_E10c_T12a,N8,amazon_agg_009,aggregate_cross_paper,train,0.3333333333333333,0.7466499913361537,0.5,0.5266611082231624,387.9703311920166
N8_E10c_T12a,N8,amazon_agg_010,aggregate_cross_paper,train,0.8333333333333334,0.7768605633940601,1.0,0.8700646322424644,387.9703311920166
N8_E10c_T12a,N8,amazon_agg_011,aggregate_cross_paper,train,0.8,0.6929245548018649,1.0,0.8309748516006216,387.9703311920166
N8_E10c_T12a,N8,amazon_agg_012,aggregate_cross_paper,train,0.5,0.649472122412611,1.0,0.7164907074708703,387.9703311920166
N8_E10c_T12a,N8,amazon_agg_013,aggregate_cross_paper,train,0.75,0.8333020227397717,1.0,0.8611006742465905,387.9703311920166
N8_E10c_T12a,N8,amazon_agg_014,aggregate_cross_paper,test,0.6666666666666666,0.7345959064192501,1.0,0.8004208576953055,387.9703311920166
N8_E10c_T12a,N8,amazon_agg_015,aggregate_cross_paper,train,0.6666666666666666,0.7808485369376436,0.0,0.4825050678681034,387.9703311920166
N8_E10c_T12a,N8,amazon_agg_016,aggregate_cross_paper,train,1.0,0.7952818139604645,1.0,0.9317606046534882,387.9703311920166
N8_E10c_T12a,N8,amazon_agg_017,aggregate_cross_paper,test,0.8,0.4327030648989425,1.0,0.7442343549663142,387.9703311920166
N8_E10c_T12a,N8,amazon_agg_018,aggregate_cross_paper,train,1.0,0.6820325946948715,1.0,0.8940108648982905,387.9703311920166
N8_E10c_T12a,N8,amazon_agg_019,aggregate_cross_paper,train,0.7142857142857143,0.8070521348064297,0.75,0.757112616364048,387.9703311920166
N8_E10c_T12a,N8,amazon_agg_020,aggregate_cross_paper,test,0.6666666666666666,0.4431181457272709,1.0,0.7032616041313124,387.9703311920166
N8_E10c_T12a,N8,amazon_agg_021,aggregate_cross_paper,test,0.75,0.6815885312851385,1.0,0.8105295104283795,387.9703311920166
N8_E10c_T12a,N8,amazon_agg_022,aggregate_cross_paper,train,1.0,0.8176878460818893,1.0,0.9392292820272964,387.9703311920166
N8_E10c_T12a,N8,amazon_agg_023,aggregate_cross_paper,test,0.7777777777777778,0.6066838044676326,1.0,0.7948205274151369,387.9703311920166
N8_E10c_T12a,N8,amazon_agg_024,aggregate_cross_paper,test,0.875,0.8688754468959378,1.0,0.9146251489653126,387.9703311920166
N8_E10c_T12a,N8,amazon_agg_025,aggregate_cross_paper,train,0.4,0.3858358580700983,1.0,0.5952786193566995,387.9703311920166
N8_E10c_T12a,N8,amazon_agg_026,aggregate_cross_paper,train,0.5,0.7911003056380257,1.0,0.7637001018793419,387.9703311920166
N8_E10c_T12a,N8,amazon_agg_027,aggregate_cross_paper,train,0.4,0.6093816421779166,1.0,0.6697938807259721,387.9703311920166
N8_E10c_T12a,N8,amazon_agg_028,aggregate_cross_paper,train,0.6666666666666666,0.7126174420658778,1.0,0.7930947029108482,387.9703311920166
N8_E10c_T12a,N8,amazon_agg_029,aggregate_cross_paper,test,0.8571428571428571,0.5954985177592524,1.0,0.8175471249673699,387.9703311920166
N8_E10c_T12a,N8,amazon_agg_030,aggregate_cross_paper,train,0.6666666666666666,0.6906756070193989,1.0,0.7857807578953552,387.9703311920166
N8_E10c_T12a,N8,amazon_agg_031,aggregate_cross_paper,train,0.5,0.6704317362679325,1.0,0.7234772454226442,387.9703311920166
N8_E10c_T12a,N8,amazon_agg_032,aggregate_cross_paper,test,0.2,0.8269798331725927,1.0,0.6756599443908643,387.9703311920166
N8_E10c_T12a,N8,amazon_edge_000,edge_multihop,test,1.0,0.8609093912204171,0.5,0.7869697970734725,387.9703311920166
N8_E10c_T12a,N8,amazon_edge_001,edge_multihop,test,0.75,0.8901902110826897,1.0,0.8800634036942299,387.9703311920166
N8_E10c_T12a,N8,amazon_edge_002,edge_multihop,test,1.0,0.0,0.0,0.3333333333333333,387.9703311920166
N8_E10c_T12a,N8,amazon_edge_003,edge_multihop,test,0.6666666666666666,0.8639276301048607,1.0,0.8435314322571758,387.9703311920166
N8_E10c_T12a,N8,amazon_edge_004,edge_multihop,test,1.0,0.0,0.0,0.3333333333333333,387.9703311920166
N8_E10c_T12a,N8,amazon_edge_005,edge_multihop,train,0.5,0.0,0.25,0.25,387.9703311920166
N8_E10c_T12a,N8,amazon_edge_006,edge_multihop,test,0.5,0.9150531921470644,0.25,0.5550177307156882,387.9703311920166
N8_E10c_T12a,N8,amazon_edge_007,edge_multihop,test,1.0,0.6946358129858163,0.0,0.5648786043286055,387.9703311920166
N8_E10c_T12a,N8,amazon_edge_008,edge_multihop,test,1.0,0.0,0.0,0.3333333333333333,387.9703311920166
N8_E10c_T12a,N8,amazon_edge_009,edge_multihop,train,1.0,0.8078984249043483,0.0,0.6026328083014495,387.9703311920166
N8_E10c_T12a,N8,amazon_edge_010,edge_multihop,train,1.0,0.0,0.5,0.5,387.9703311920166
N8_E10c_T12a,N8,amazon_edge_011,edge_multihop,test,0.7142857142857143,0.8951319116105355,0.5,0.7031392086320833,387.9703311920166
N8_E10c_T12a,N8,amazon_edge_012,edge_multihop,test,1.0,0.8905506875616714,0.5,0.7968502291872238,387.9703311920166
N8_E10c_T12a,N8,amazon_edge_013,edge_multihop,test,0.8,0.9126894593940744,0.0,0.5708964864646915,387.9703311920166
N8_E10c_T12a,N8,amazon_edge_014,edge_multihop,test,0.0,0.0,0.75,0.25,387.9703311920166
N8_E10c_T12a,N8,amazon_edge_015,edge_multihop,train,1.0,0.0,0.0,0.3333333333333333,387.9703311920166
N8_E10c_T12a,N8,amazon_edge_016,edge_multihop,train,1.0,0.0,0.0,0.3333333333333333,387.9703311920166
N8_E10c_T12a,N8,amazon_edge_017,edge_multihop,train,1.0,0.0,0.0,0.3333333333333333,387.9703311920166
N8_E10c_T12a,N8,amazon_edge_018,edge_multihop,train,1.0,0.863396753891756,0.5,0.7877989179639187,387.9703311920166
N8_E10c_T12a,N8,amazon_edge_019,edge_multihop,train,1.0,0.0,0.0,0.3333333333333333,387.9703311920166
N8_E10c_T12a,N8,amazon_edge_020,edge_multihop,train,0.7777777777777778,0.0,0.0,0.2592592592592592,387.9703311920166
N8_E10c_T12a,N8,amazon_edge_021,edge_multihop,test,1.0,0.0,0.0,0.3333333333333333,387.9703311920166
N8_E10c_T12a,N8,amazon_edge_022,edge_multihop,test,0.6,0.0,1.0,0.5333333333333333,387.9703311920166
N8_E10c_T12a,N8,amazon_edge_023,edge_multihop,train,0.6666666666666666,0.0,0.5,0.3888888888888888,387.9703311920166
N8_E10c_T12a,N8,amazon_edge_024,edge_multihop,train,0.25,0.0,0.0,0.0833333333333333,387.9703311920166
N8_E10c_T12a,N8,amazon_edge_025,edge_multihop,train,0.6666666666666666,0.0,0.0,0.2222222222222222,387.9703311920166
N8_E10c_T12a,N8,amazon_edge_026,edge_multihop,test,0.6,0.0,0.0,0.1999999999999999,387.9703311920166
N8_E10c_T12a,N8,amazon_edge_027,edge_multihop,test,0.8333333333333334,0.8807539072449693,0.5,0.7380290801927676,387.9703311920166
N8_E10c_T12a,N8,amazon_edge_028,edge_multihop,test,0.8571428571428571,0.8795429393139532,0.75,0.8288952654856034,387.9703311920166
N8_E10c_T12a,N8,amazon_edge_029,edge_multihop,train,0.6,0.871193814485324,0.0,0.4903979381617747,387.9703311920166
N8_E10c_T12a,N8,amazon_edge_030,edge_multihop,train,1.0,0.912960668062085,0.0,0.637653556020695,387.9703311920166
N8_E10c_T12a,N8,amazon_edge_031,edge_multihop,test,0.3333333333333333,0.0,0.75,0.3611111111111111,387.9703311920166
N8_E10c_T12a,N8,amazon_edge_032,edge_multihop,test,1.0,0.0,0.0,0.3333333333333333,387.9703311920166
N8_E10c_T12a,N8,amazon_edge_033,edge_multihop,test,0.875,0.8398026097331662,1.0,0.9049342032443888,387.9703311920166
N8_E10c_T12a,N8,amazon_sh_035,single_specific,test,1.0,0.9545673157721084,1.0,0.9848557719240362,387.9703311920166
N8_E10c_T12a,N8,amazon_sh_036,single_specific,train,0.8,0.9180951682119513,0.5,0.7393650560706505,387.9703311920166
N8_E10c_T12a,N8,amazon_sh_037,single_specific,test,1.0,0.0,0.0,0.3333333333333333,387.9703311920166
N8_E10c_T12a,N8,amazon_sh_038,single_specific,test,1.0,0.0,0.0,0.3333333333333333,387.9703311920166
N8_E10c_T12a,N8,amazon_sh_039,single_specific,test,1.0,0.3482959514674484,0.5,0.6160986504891495,387.9703311920166
N8_E10c_T12a,N8,amazon_sh_040,single_specific,train,1.0,0.9740502467128852,1.0,0.9913500822376284,387.9703311920166
N8_E10c_T12a,N8,amazon_sh_041,single_specific,test,1.0,0.9075110864840172,1.0,0.9691703621613392,387.9703311920166
N8_E10c_T12a,N8,amazon_sh_042,single_specific,train,1.0,0.5980568677122241,0.75,0.7826856225707414,387.9703311920166
N8_E10c_T12a,N8,amazon_sh_043,single_specific,test,1.0,0.8514397473471171,1.0,0.9504799157823725,387.9703311920166
N8_E10c_T12a,N8,amazon_sh_044,single_specific,train,0.6666666666666666,1.0,1.0,0.8888888888888888,387.9703311920166
N8_E10c_T12a,N8,amazon_sh_045,single_specific,train,1.0,0.9555625030421084,1.0,0.9851875010140362,387.9703311920166
N8_E10c_T12a,N8,amazon_sh_046,single_specific,train,1.0,0.7602292460775589,1.0,0.9200764153591864,387.9703311920166
N8_E10c_T12a,N8,amazon_sh_047,single_specific,train,1.0,0.981598757741995,0.75,0.9105329192473316,387.9703311920166
N8_E10c_T12a,N8,amazon_sh_048,single_specific,train,0.6666666666666666,0.831475615170486,0.75,0.7493807606123841,387.9703311920166
N8_E10c_T12a,N8,amazon_sh_049,single_specific,test,1.0,0.9156096637646928,0.5,0.8052032212548976,387.9703311920166
N8_E10c_T12a,N8,amazon_sh_050,single_specific,train,0.5,0.0,0.0,0.1666666666666666,387.9703311920166
N8_E10c_T12a,N8,amazon_sh_051,single_specific,test,1.0,0.9754497428900064,1.0,0.9918165809633354,387.9703311920166
N8_E10c_T12a,N8,amazon_sh_052,single_specific,test,1.0,0.0,0.0,0.3333333333333333,387.9703311920166
N8_E10c_T12a,N8,amazon_sh_053,single_specific,train,1.0,0.2959858901247054,1.0,0.7653286300415685,387.9703311920166
N8_E10c_T12a,N8,amazon_sh_054,single_specific,test,1.0,1.0,1.0,1.0,387.9703311920166
N8_E10c_T12a,N8,amazon_sh_055,single_specific,test,0.3333333333333333,0.975615384355868,0.25,0.5196495725630671,387.9703311920166
N8_E10c_T12a,N8,amazon_sh_056,single_specific,test,0.0,0.0,1.0,0.3333333333333333,387.9703311920166
N8_E10c_T12a,N8,amazon_sh_057,single_specific,train,1.0,0.6570299811042672,1.0,0.8856766603680891,387.9703311920166
N8_E10c_T12a,N8,amazon_sh_058,single_specific,test,1.0,0.9780029389971324,1.0,0.9926676463323776,387.9703311920166
N8_E10c_T12a,N8,amazon_sh_059,single_specific,train,1.0,0.946785789387693,1.0,0.9822619297958978,387.9703311920166
N8_E10c_T12a,N8,amazon_sh_060,single_specific,train,1.0,0.9999996530811665,1.0,0.9999998843603888,387.9703311920166
N8_E10c_T12a,N8,amazon_sh_061,single_specific,train,0.6666666666666666,0.0,0.5,0.3888888888888888,387.9703311920166
N8_E10c_T12a,N8,amazon_sh_062,single_specific,train,1.0,0.0,1.0,0.6666666666666666,387.9703311920166
N8_E10c_T12a,N8,amazon_sh_063,single_specific,test,1.0,0.7488708401404212,1.0,0.9162902800468072,387.9703311920166
N8_E10c_T12a,N8,amazon_sh_064,single_specific,test,1.0,0.6618413164263905,1.0,0.8872804388087969,387.9703311920166
N8_E10c_T12a,N8,amazon_sh_065,single_specific,train,0.75,0.99999962534369,0.75,0.8333332084478967,387.9703311920166
N8_E10c_T12a,N8,amazon_sh_066,single_specific,test,1.0,0.9367416389091072,1.0,0.9789138796363692,387.9703311920166
N8_E10c_T12a,N8,amazon_sh_067,single_specific,test,1.0,0.754300475348749,0.75,0.8347668251162497,387.9703311920166
N8_E10c_T12a,N8,amazon_sh_068,single_specific,test,1.0,0.0,0.0,0.3333333333333333,387.9703311920166
N8_E10c_T12a,N8,amazon_sh_069,single_specific,test,1.0,0.9997775683159128,1.0,0.9999258561053044,387.9703311920166
N8_E10c_T12a,N8,amazon_sh_070,single_specific,test,1.0,0.6324586434093475,0.75,0.7941528811364492,387.9703311920166
N8_E10c_T12a,N8,amazon_sh_071,single_specific,train,0.5,0.8260052304026445,0.25,0.5253350768008814,387.9703311920166
N8_E10c_T12a,N8,amazon_sh_072,single_specific,test,1.0,0.9752213196155772,1.0,0.9917404398718592,387.9703311920166
N8_E10c_T12a,N8,amazon_sh_073,single_specific,test,0.5,0.9999997783118808,1.0,0.8333332594372935,387.9703311920166
N8_E10c_T12a,N8,amazon_sh_074,single_specific,test,1.0,0.8825183907933352,1.0,0.9608394635977784,387.9703311920166
N8_E10c_T12a,N8,amazon_sh_075,single_specific,train,1.0,0.912124461252824,1.0,0.9707081537509412,387.9703311920166
N8_E10c_T12a,N8,amazon_sh_076,single_specific,test,1.0,0.914364437947938,1.0,0.9714548126493128,387.9703311920166
N8_E10c_T12a,N8,amazon_sh_077,single_specific,train,0.0,0.8443664173679638,0.25,0.3647888057893212,387.9703311920166
N8_E10c_T12a,N8,amazon_sh_078,single_specific,train,1.0,0.0,0.0,0.3333333333333333,387.9703311920166
N8_E10c_T12a,N8,amazon_sh_079,single_specific,test,1.0,0.8138723737528104,1.0,0.9379574579176034,387.9703311920166
N8_E10c_T12a,N8,amazon_sh_080,single_specific,test,0.5,0.9683378248329052,0.5,0.6561126082776351,387.9703311920166
N8_E10c_T12a,N8,amazon_sh_081,single_specific,train,1.0,0.8654363459749861,1.0,0.9551454486583288,387.9703311920166
N8_E10c_T12a,N8,amazon_sh_082,single_specific,train,1.0,0.9999996738737372,1.0,0.9999998912912456,387.9703311920166
N8_E10c_T12b,N8,amazon_sh_000,single_specific,test,0.75,0.8558132848560493,1.0,0.8686044282853498,433.2056379318238
N8_E10c_T12b,N8,amazon_sh_001,single_specific,test,0.75,0.8280662809296397,1.0,0.8593554269765465,433.2056379318238
N8_E10c_T12b,N8,amazon_sh_002,single_specific,test,1.0,0.9999996456506224,1.0,0.9999998818835408,433.2056379318238
N8_E10c_T12b,N8,amazon_sh_003,single_specific,train,0.5,0.9595675863573798,0.75,0.7365225287857933,433.2056379318238
N8_E10c_T12b,N8,amazon_sh_004,single_specific,train,1.0,0.0,0.0,0.3333333333333333,433.2056379318238
N8_E10c_T12b,N8,amazon_sh_005,single_specific,train,1.0,0.9092427036396112,1.0,0.9697475678798704,433.2056379318238
N8_E10c_T12b,N8,amazon_sh_006,single_specific,train,1.0,0.9999996639244466,1.0,0.9999998879748156,433.2056379318238
N8_E10c_T12b,N8,amazon_sh_007,single_specific,train,1.0,0.8766326919246122,1.0,0.9588775639748708,433.2056379318238
N8_E10c_T12b,N8,amazon_sh_008,single_specific,train,1.0,0.8951734238241057,1.0,0.9650578079413686,433.2056379318238
N8_E10c_T12b,N8,amazon_sh_009,single_specific,train,0.0,0.0,1.0,0.3333333333333333,433.2056379318238
N8_E10c_T12b,N8,amazon_sh_010,single_specific,test,1.0,0.968343485724524,1.0,0.9894478285748414,433.2056379318238
N8_E10c_T12b,N8,amazon_sh_011,single_specific,train,0.0,0.0,1.0,0.3333333333333333,433.2056379318238
N8_E10c_T12b,N8,amazon_sh_012,single_specific,train,0.5,0.0,1.0,0.5,433.2056379318238
N8_E10c_T12b,N8,amazon_sh_013,single_specific,train,1.0,0.706787051480803,1.0,0.902262350493601,433.2056379318238
N8_E10c_T12b,N8,amazon_sh_014,single_specific,train,1.0,0.0,0.0,0.3333333333333333,433.2056379318238
N8_E10c_T12b,N8,amazon_sh_015,single_specific,test,1.0,0.4206515088877555,1.0,0.8068838362959184,433.2056379318238
N8_E10c_T12b,N8,amazon_sh_016,single_specific,test,1.0,0.9334718874052244,1.0,0.977823962468408,433.2056379318238
N8_E10c_T12b,N8,amazon_sh_017,single_specific,test,1.0,0.8748538505487505,1.0,0.9582846168495834,433.2056379318238
N8_E10c_T12b,N8,amazon_sh_018,single_specific,test,1.0,0.0,0.0,0.3333333333333333,433.2056379318238
N8_E10c_T12b,N8,amazon_sh_019,single_specific,test,0.8571428571428571,0.6843281349029741,0.75,0.763823664015277,433.2056379318238
N8_E10c_T12b,N8,amazon_sh_020,single_specific,train,0.0,0.0,1.0,0.3333333333333333,433.2056379318238
N8_E10c_T12b,N8,amazon_sh_021,single_specific,train,1.0,0.9367674307585664,1.0,0.978922476919522,433.2056379318238
N8_E10c_T12b,N8,amazon_sh_022,single_specific,test,1.0,0.9876857963749271,0.0,0.6625619321249757,433.2056379318238
N8_E10c_T12b,N8,amazon_sh_023,single_specific,test,1.0,0.9035726974922172,1.0,0.9678575658307392,433.2056379318238
N8_E10c_T12b,N8,amazon_sh_024,single_specific,test,1.0,0.5190795897138726,1.0,0.8396931965712908,433.2056379318238
N8_E10c_T12b,N8,amazon_sh_025,single_specific,train,1.0,0.958992727542372,1.0,0.9863309091807908,433.2056379318238
N8_E10c_T12b,N8,amazon_sh_026,single_specific,train,1.0,0.8100540930793697,1.0,0.9366846976931232,433.2056379318238
N8_E10c_T12b,N8,amazon_sh_027,single_specific,test,1.0,0.9146347710994418,1.0,0.9715449236998138,433.2056379318238
N8_E10c_T12b,N8,amazon_sh_028,single_specific,train,1.0,0.9588118428317642,1.0,0.9862706142772548,433.2056379318238
N8_E10c_T12b,N8,amazon_sh_029,single_specific,test,0.5,0.0,0.0,0.1666666666666666,433.2056379318238
N8_E10c_T12b,N8,amazon_sh_030,single_specific,test,0.75,0.9049454618003444,0.0,0.5516484872667815,433.2056379318238
N8_E10c_T12b,N8,amazon_sh_031,single_specific,test,0.25,0.0,1.0,0.4166666666666667,433.2056379318238
N8_E10c_T12b,N8,amazon_sh_032,single_specific,test,0.0,0.0,0.0,0.0,433.2056379318238
N8_E10c_T12b,N8,amazon_sh_033,single_specific,train,0.6666666666666666,0.8187842723278299,0.25,0.5784836463314988,433.2056379318238
N8_E10c_T12b,N8,amazon_sh_034,single_specific,train,1.0,0.9901194096578996,1.0,0.9967064698859666,433.2056379318238
N8_E10c_T12b,N8,amazon_agg_000,aggregate_cross_paper,train,0.8,0.7342908975806909,1.0,0.844763632526897,433.2056379318238
N8_E10c_T12b,N8,amazon_agg_001,aggregate_cross_paper,test,1.0,0.7805806219496104,1.0,0.9268602073165368,433.2056379318238
N8_E10c_T12b,N8,amazon_agg_002,aggregate_cross_paper,test,0.6666666666666666,0.7190273649354199,1.0,0.795231343867362,433.2056379318238
N8_E10c_T12b,N8,amazon_agg_003,aggregate_cross_paper,test,0.75,0.5686998679861068,1.0,0.7728999559953689,433.2056379318238
N8_E10c_T12b,N8,amazon_agg_004,aggregate_cross_paper,train,0.8,0.4248304318549884,1.0,0.7416101439516628,433.2056379318238
N8_E10c_T12b,N8,amazon_agg_005,aggregate_cross_paper,train,0.6666666666666666,0.3497163700787609,1.0,0.6721276789151425,433.2056379318238
N8_E10c_T12b,N8,amazon_agg_006,aggregate_cross_paper,test,0.8571428571428571,0.5673256848646006,1.0,0.8081561806691525,433.2056379318238
N8_E10c_T12b,N8,amazon_agg_007,aggregate_cross_paper,train,0.6,0.5357742870928112,1.0,0.7119247623642705,433.2056379318238
N8_E10c_T12b,N8,amazon_agg_008,aggregate_cross_paper,test,0.5,0.7124648252871993,1.0,0.7374882750957331,433.2056379318238
N8_E10c_T12b,N8,amazon_agg_009,aggregate_cross_paper,train,0.375,0.0,0.5,0.2916666666666667,433.2056379318238
N8_E10c_T12b,N8,amazon_agg_010,aggregate_cross_paper,train,0.8333333333333334,0.7658459827892482,1.0,0.8663931053741939,433.2056379318238
N8_E10c_T12b,N8,amazon_agg_011,aggregate_cross_paper,train,0.6666666666666666,0.6854690470001776,1.0,0.7840452378889481,433.2056379318238
N8_E10c_T12b,N8,amazon_agg_012,aggregate_cross_paper,train,0.5,0.6808399236177861,1.0,0.7269466412059287,433.2056379318238
N8_E10c_T12b,N8,amazon_agg_013,aggregate_cross_paper,train,0.75,0.8333020227397717,1.0,0.8611006742465905,433.2056379318238
N8_E10c_T12b,N8,amazon_agg_014,aggregate_cross_paper,test,0.5,0.7345655249274359,1.0,0.7448551749758119,433.2056379318238
N8_E10c_T12b,N8,amazon_agg_015,aggregate_cross_paper,train,0.6666666666666666,0.7808485369376436,0.0,0.4825050678681034,433.2056379318238
N8_E10c_T12b,N8,amazon_agg_016,aggregate_cross_paper,train,1.0,0.7953108561805385,1.0,0.9317702853935128,433.2056379318238
N8_E10c_T12b,N8,amazon_agg_017,aggregate_cross_paper,test,0.6,0.4327030648989425,1.0,0.6775676882996474,433.2056379318238
N8_E10c_T12b,N8,amazon_agg_018,aggregate_cross_paper,train,1.0,0.7064404040032176,1.0,0.902146801334406,433.2056379318238
N8_E10c_T12b,N8,amazon_agg_019,aggregate_cross_paper,train,0.6666666666666666,0.7872381411366848,0.75,0.7346349359344505,433.2056379318238
N8_E10c_T12b,N8,amazon_agg_020,aggregate_cross_paper,test,0.6666666666666666,0.4430416284530418,1.0,0.7032360983732362,433.2056379318238
N8_E10c_T12b,N8,amazon_agg_021,aggregate_cross_paper,test,0.6666666666666666,0.681563748382394,1.0,0.7827434716830202,433.2056379318238
N8_E10c_T12b,N8,amazon_agg_022,aggregate_cross_paper,train,1.0,0.8176878460818893,1.0,0.9392292820272964,433.2056379318238
N8_E10c_T12b,N8,amazon_agg_023,aggregate_cross_paper,test,0.75,0.5458937415311442,1.0,0.7652979138437148,433.2056379318238
N8_E10c_T12b,N8,amazon_agg_024,aggregate_cross_paper,test,0.875,0.8689122049737791,1.0,0.9146374016579264,433.2056379318238
N8_E10c_T12b,N8,amazon_agg_025,aggregate_cross_paper,train,0.25,0.3858124498506601,1.0,0.5452708166168867,433.2056379318238
N8_E10c_T12b,N8,amazon_agg_026,aggregate_cross_paper,train,1.0,0.791082342556375,1.0,0.930360780852125,433.2056379318238
N8_E10c_T12b,N8,amazon_agg_027,aggregate_cross_paper,train,0.75,0.7108244068524927,1.0,0.8202748022841643,433.2056379318238
N8_E10c_T12b,N8,amazon_agg_028,aggregate_cross_paper,train,0.7142857142857143,0.6798849766434047,1.0,0.798056896976373,433.2056379318238
N8_E10c_T12b,N8,amazon_agg_029,aggregate_cross_paper,test,1.0,0.5954985177592524,1.0,0.8651661725864175,433.2056379318238
N8_E10c_T12b,N8,amazon_agg_030,aggregate_cross_paper,train,0.6666666666666666,0.6955994152256378,1.0,0.7874220272974348,433.2056379318238
N8_E10c_T12b,N8,amazon_agg_031,aggregate_cross_paper,train,0.5,0.6704612174708363,1.0,0.7234870724902788,433.2056379318238
N8_E10c_T12b,N8,amazon_agg_032,aggregate_cross_paper,test,0.4,0.8041871486536208,1.0,0.734729049551207,433.2056379318238
N8_E10c_T12b,N8,amazon_edge_000,edge_multihop,test,1.0,0.8414036405210179,0.5,0.7804678801736727,433.2056379318238
N8_E10c_T12b,N8,amazon_edge_001,edge_multihop,test,0.75,0.8897306462767025,1.0,0.8799102154255675,433.2056379318238
N8_E10c_T12b,N8,amazon_edge_002,edge_multihop,test,1.0,0.0,0.0,0.3333333333333333,433.2056379318238
N8_E10c_T12b,N8,amazon_edge_003,edge_multihop,test,0.6666666666666666,0.8756767138424985,1.0,0.8474477935030551,433.2056379318238
N8_E10c_T12b,N8,amazon_edge_004,edge_multihop,test,1.0,0.0,0.0,0.3333333333333333,433.2056379318238
N8_E10c_T12b,N8,amazon_edge_005,edge_multihop,train,0.3333333333333333,0.0,0.25,0.1944444444444444,433.2056379318238
N8_E10c_T12b,N8,amazon_edge_006,edge_multihop,test,0.6666666666666666,0.9119776408211236,0.25,0.60954810249593,433.2056379318238
N8_E10c_T12b,N8,amazon_edge_007,edge_multihop,test,1.0,0.6946358129858163,0.0,0.5648786043286055,433.2056379318238
N8_E10c_T12b,N8,amazon_edge_008,edge_multihop,test,1.0,0.0,0.0,0.3333333333333333,433.2056379318238
N8_E10c_T12b,N8,amazon_edge_009,edge_multihop,train,1.0,0.8078221335319636,0.0,0.6026073778439879,433.2056379318238
N8_E10c_T12b,N8,amazon_edge_010,edge_multihop,train,1.0,0.9439519742676494,0.5,0.8146506580892164,433.2056379318238
N8_E10c_T12b,N8,amazon_edge_011,edge_multihop,test,0.7142857142857143,0.8948590645195639,0.5,0.7030482596017594,433.2056379318238
N8_E10c_T12b,N8,amazon_edge_012,edge_multihop,test,1.0,0.8905569121402058,0.5,0.7968523040467352,433.2056379318238
N8_E10c_T12b,N8,amazon_edge_013,edge_multihop,test,0.8,0.8892618753141921,0.0,0.5630872917713974,433.2056379318238
N8_E10c_T12b,N8,amazon_edge_014,edge_multihop,test,0.0,0.0,0.75,0.25,433.2056379318238
N8_E10c_T12b,N8,amazon_edge_015,edge_multihop,train,1.0,0.0,0.0,0.3333333333333333,433.2056379318238
N8_E10c_T12b,N8,amazon_edge_016,edge_multihop,train,1.0,0.0,0.0,0.3333333333333333,433.2056379318238
N8_E10c_T12b,N8,amazon_edge_017,edge_multihop,train,0.7142857142857143,0.0,0.0,0.2380952380952381,433.2056379318238
N8_E10c_T12b,N8,amazon_edge_018,edge_multihop,train,0.8,0.8462707516127461,0.5,0.7154235838709154,433.2056379318238
N8_E10c_T12b,N8,amazon_edge_019,edge_multihop,train,1.0,0.0,0.0,0.3333333333333333,433.2056379318238
N8_E10c_T12b,N8,amazon_edge_020,edge_multihop,train,0.5714285714285714,0.0,0.0,0.1904761904761904,433.2056379318238
N8_E10c_T12b,N8,amazon_edge_021,edge_multihop,test,1.0,0.0,0.0,0.3333333333333333,433.2056379318238
N8_E10c_T12b,N8,amazon_edge_022,edge_multihop,test,0.6666666666666666,0.0,1.0,0.5555555555555555,433.2056379318238
N8_E10c_T12b,N8,amazon_edge_023,edge_multihop,train,0.3333333333333333,0.0,0.5,0.2777777777777777,433.2056379318238
N8_E10c_T12b,N8,amazon_edge_024,edge_multihop,train,0.25,0.0,0.0,0.0833333333333333,433.2056379318238
N8_E10c_T12b,N8,amazon_edge_025,edge_multihop,train,0.6,0.8648349533201061,0.0,0.4882783177733687,433.2056379318238
N8_E10c_T12b,N8,amazon_edge_026,edge_multihop,test,0.6,0.0,0.25,0.2833333333333333,433.2056379318238
N8_E10c_T12b,N8,amazon_edge_027,edge_multihop,test,0.8333333333333334,0.8777656327784785,0.5,0.7370329887039372,433.2056379318238
N8_E10c_T12b,N8,amazon_edge_028,edge_multihop,test,0.8333333333333334,0.8785300765066704,0.75,0.8206211366133346,433.2056379318238
N8_E10c_T12b,N8,amazon_edge_029,edge_multihop,train,1.0,0.8659729729406661,0.0,0.621990990980222,433.2056379318238
N8_E10c_T12b,N8,amazon_edge_030,edge_multihop,train,1.0,0.9129645269659358,0.0,0.6376548423219787,433.2056379318238
N8_E10c_T12b,N8,amazon_edge_031,edge_multihop,test,0.3333333333333333,0.0,0.75,0.3611111111111111,433.2056379318238
N8_E10c_T12b,N8,amazon_edge_032,edge_multihop,test,0.6666666666666666,0.0,0.0,0.2222222222222222,433.2056379318238
N8_E10c_T12b,N8,amazon_edge_033,edge_multihop,test,0.875,0.872806197239935,1.0,0.9159353990799785,433.2056379318238
N8_E10c_T12b,N8,amazon_sh_035,single_specific,test,1.0,0.9656483437274892,1.0,0.9885494479091632,433.2056379318238
N8_E10c_T12b,N8,amazon_sh_036,single_specific,train,0.8,0.918107902362138,0.5,0.7393693007873794,433.2056379318238
N8_E10c_T12b,N8,amazon_sh_037,single_specific,test,1.0,0.0,0.0,0.3333333333333333,433.2056379318238
N8_E10c_T12b,N8,amazon_sh_038,single_specific,test,1.0,0.0,0.0,0.3333333333333333,433.2056379318238
N8_E10c_T12b,N8,amazon_sh_039,single_specific,test,1.0,0.3483431101855736,0.5,0.6161143700618579,433.2056379318238
N8_E10c_T12b,N8,amazon_sh_040,single_specific,train,1.0,0.96127008382172,1.0,0.9870900279405732,433.2056379318238
N8_E10c_T12b,N8,amazon_sh_041,single_specific,test,1.0,0.9075110864840172,1.0,0.9691703621613392,433.2056379318238
N8_E10c_T12b,N8,amazon_sh_042,single_specific,train,1.0,0.5980568677122241,0.75,0.7826856225707414,433.2056379318238
N8_E10c_T12b,N8,amazon_sh_043,single_specific,test,1.0,0.8567312552454532,1.0,0.9522437517484844,433.2056379318238
N8_E10c_T12b,N8,amazon_sh_044,single_specific,train,0.6666666666666666,1.0000000000000002,1.0,0.888888888888889,433.2056379318238
N8_E10c_T12b,N8,amazon_sh_045,single_specific,train,1.0,0.9555844114447276,1.0,0.9851948038149092,433.2056379318238
N8_E10c_T12b,N8,amazon_sh_046,single_specific,train,1.0,0.7601843391135935,1.0,0.9200614463711978,433.2056379318238
N8_E10c_T12b,N8,amazon_sh_047,single_specific,train,1.0,0.9816008496313676,1.0,0.9938669498771224,433.2056379318238
N8_E10c_T12b,N8,amazon_sh_048,single_specific,train,1.0,0.8407370046065573,0.75,0.863579001535519,433.2056379318238
N8_E10c_T12b,N8,amazon_sh_049,single_specific,test,1.0,0.9156062653579649,0.5,0.805202088452655,433.2056379318238
N8_E10c_T12b,N8,amazon_sh_050,single_specific,train,0.5,0.0,0.0,0.1666666666666666,433.2056379318238
N8_E10c_T12b,N8,amazon_sh_051,single_specific,test,1.0,0.9631746143350096,1.0,0.9877248714450032,433.2056379318238
N8_E10c_T12b,N8,amazon_sh_052,single_specific,test,1.0,0.0,0.0,0.3333333333333333,433.2056379318238
N8_E10c_T12b,N8,amazon_sh_053,single_specific,train,1.0,0.2960029265804952,1.0,0.7653343088601652,433.2056379318238
N8_E10c_T12b,N8,amazon_sh_054,single_specific,test,1.0,0.9999996412311732,1.0,0.9999998804103912,433.2056379318238
N8_E10c_T12b,N8,amazon_sh_055,single_specific,test,0.2,0.9756102705941014,0.25,0.4752034235313671,433.2056379318238
N8_E10c_T12b,N8,amazon_sh_056,single_specific,test,0.0,0.0,1.0,0.3333333333333333,433.2056379318238
N8_E10c_T12b,N8,amazon_sh_057,single_specific,train,1.0,0.6570358456578419,1.0,0.8856786152192807,433.2056379318238
N8_E10c_T12b,N8,amazon_sh_058,single_specific,test,1.0,0.9780029389971324,1.0,0.9926676463323776,433.2056379318238
N8_E10c_T12b,N8,amazon_sh_059,single_specific,train,1.0,0.946785789387693,1.0,0.9822619297958978,433.2056379318238
N8_E10c_T12b,N8,amazon_sh_060,single_specific,train,1.0,0.9999996774349994,1.0,0.9999998924783332,433.2056379318238
N8_E10c_T12b,N8,amazon_sh_061,single_specific,train,0.6666666666666666,0.0,0.5,0.3888888888888888,433.2056379318238
N8_E10c_T12b,N8,amazon_sh_062,single_specific,train,1.0,0.0,1.0,0.6666666666666666,433.2056379318238
N8_E10c_T12b,N8,amazon_sh_063,single_specific,test,1.0,0.7488249503885628,1.0,0.9162749834628544,433.2056379318238
N8_E10c_T12b,N8,amazon_sh_064,single_specific,test,1.0,0.6618547461771515,1.0,0.8872849153923839,433.2056379318238
N8_E10c_T12b,N8,amazon_sh_065,single_specific,train,0.75,1.0,0.75,0.8333333333333334,433.2056379318238
N8_E10c_T12b,N8,amazon_sh_066,single_specific,test,1.0,0.9366788199648438,1.0,0.9788929399882812,433.2056379318238
N8_E10c_T12b,N8,amazon_sh_067,single_specific,test,1.0,0.731793677296397,0.75,0.8272645590987989,433.2056379318238
N8_E10c_T12b,N8,amazon_sh_068,single_specific,test,1.0,0.0,0.0,0.3333333333333333,433.2056379318238
N8_E10c_T12b,N8,amazon_sh_069,single_specific,test,1.0,0.9999995968155696,1.0,0.99999986560519,433.2056379318238
N8_E10c_T12b,N8,amazon_sh_070,single_specific,test,1.0,0.6324257788627269,1.0,0.8774752596209089,433.2056379318238
N8_E10c_T12b,N8,amazon_sh_071,single_specific,train,0.7142857142857143,0.8507220640859865,0.5,0.6883359261239003,433.2056379318238
N8_E10c_T12b,N8,amazon_sh_072,single_specific,test,1.0,0.9802929082671978,1.0,0.9934309694223992,433.2056379318238
N8_E10c_T12b,N8,amazon_sh_073,single_specific,test,0.5,0.9999996674678212,1.0,0.8333332224892738,433.2056379318238
N8_E10c_T12b,N8,amazon_sh_074,single_specific,test,1.0,0.8825149798508627,1.0,0.9608383266169542,433.2056379318238
N8_E10c_T12b,N8,amazon_sh_075,single_specific,train,1.0,0.9356673460920448,1.0,0.9785557820306816,433.2056379318238
N8_E10c_T12b,N8,amazon_sh_076,single_specific,test,1.0,0.91436336631758,1.0,0.9714544554391934,433.2056379318238
N8_E10c_T12b,N8,amazon_sh_077,single_specific,train,0.0,0.8443693400341697,0.25,0.3647897800113899,433.2056379318238
N8_E10c_T12b,N8,amazon_sh_078,single_specific,train,1.0,0.0,0.0,0.3333333333333333,433.2056379318238
N8_E10c_T12b,N8,amazon_sh_079,single_specific,test,1.0,0.8138373624717784,1.0,0.9379457874905928,433.2056379318238
N8_E10c_T12b,N8,amazon_sh_080,single_specific,test,0.3333333333333333,0.9683297290383164,0.25,0.5172210207905499,433.2056379318238
N8_E10c_T12b,N8,amazon_sh_081,single_specific,train,1.0,0.8653947532838124,1.0,0.9551315844279374,433.2056379318238
N8_E10c_T12b,N8,amazon_sh_082,single_specific,train,1.0,1.0,1.0,1.0,433.2056379318238
N8_E11a_T12a,N8,amazon_sh_000,single_specific,test,0.5,0.0,0.0,0.1666666666666666,420.4116532802582
N8_E11a_T12a,N8,amazon_sh_001,single_specific,test,1.0,0.0,0.0,0.3333333333333333,420.4116532802582
N8_E11a_T12a,N8,amazon_sh_002,single_specific,test,1.0,0.9999996389291916,1.0,0.999999879643064,420.4116532802582
N8_E11a_T12a,N8,amazon_sh_003,single_specific,train,0.5,0.0,0.0,0.1666666666666666,420.4116532802582
N8_E11a_T12a,N8,amazon_sh_004,single_specific,train,0.0,0.878915546709268,0.0,0.2929718489030893,420.4116532802582
N8_E11a_T12a,N8,amazon_sh_005,single_specific,train,1.0,0.909241768305076,0.25,0.7197472561016919,420.4116532802582
N8_E11a_T12a,N8,amazon_sh_006,single_specific,train,1.0,0.7248074321572896,0.0,0.5749358107190966,420.4116532802582
N8_E11a_T12a,N8,amazon_sh_007,single_specific,train,1.0,0.7656083647358253,0.0,0.5885361215786085,420.4116532802582
N8_E11a_T12a,N8,amazon_sh_008,single_specific,train,1.0,0.8951734238241056,1.0,0.9650578079413684,420.4116532802582
N8_E11a_T12a,N8,amazon_sh_009,single_specific,train,0.3333333333333333,0.8484714840940327,0.0,0.3939349391424553,420.4116532802582
N8_E11a_T12a,N8,amazon_sh_010,single_specific,test,0.5,0.0,0.0,0.1666666666666666,420.4116532802582
N8_E11a_T12a,N8,amazon_sh_011,single_specific,train,1.0,0.0,0.0,0.3333333333333333,420.4116532802582
N8_E11a_T12a,N8,amazon_sh_012,single_specific,train,0.0,0.0,1.0,0.3333333333333333,420.4116532802582
N8_E11a_T12a,N8,amazon_sh_013,single_specific,train,0.0,0.0,0.0,0.0,420.4116532802582
N8_E11a_T12a,N8,amazon_sh_014,single_specific,train,1.0,0.0,0.0,0.3333333333333333,420.4116532802582
N8_E11a_T12a,N8,amazon_sh_015,single_specific,test,1.0,0.9539891464459612,1.0,0.9846630488153204,420.4116532802582
N8_E11a_T12a,N8,amazon_sh_016,single_specific,test,1.0,0.933482136475678,1.0,0.977827378825226,420.4116532802582
N8_E11a_T12a,N8,amazon_sh_017,single_specific,test,1.0,0.8748349245808608,1.0,0.9582783081936204,420.4116532802582
N8_E11a_T12a,N8,amazon_sh_018,single_specific,test,1.0,0.8175788421106033,0.0,0.6058596140368677,420.4116532802582
N8_E11a_T12a,N8,amazon_sh_019,single_specific,test,1.0,0.0,0.0,0.3333333333333333,420.4116532802582
N8_E11a_T12a,N8,amazon_sh_020,single_specific,train,0.6666666666666666,0.0,0.0,0.2222222222222222,420.4116532802582
N8_E11a_T12a,N8,amazon_sh_021,single_specific,train,0.6666666666666666,0.9367674307585664,1.0,0.8678113658084111,420.4116532802582
N8_E11a_T12a,N8,amazon_sh_022,single_specific,test,1.0,0.99999969847755,0.0,0.6666665661591833,420.4116532802582
N8_E11a_T12a,N8,amazon_sh_023,single_specific,test,1.0,0.9035370092342716,0.75,0.8845123364114239,420.4116532802582
N8_E11a_T12a,N8,amazon_sh_024,single_specific,test,1.0,0.5643291810686619,1.0,0.854776393689554,420.4116532802582
N8_E11a_T12a,N8,amazon_sh_025,single_specific,train,1.0,0.9378480600623972,0.0,0.6459493533541324,420.4116532802582
N8_E11a_T12a,N8,amazon_sh_026,single_specific,train,1.0,0.8100556754772492,1.0,0.9366852251590831,420.4116532802582
N8_E11a_T12a,N8,amazon_sh_027,single_specific,test,1.0,0.8327254009277912,0.0,0.6109084669759305,420.4116532802582
N8_E11a_T12a,N8,amazon_sh_028,single_specific,train,1.0,0.0,0.0,0.3333333333333333,420.4116532802582
N8_E11a_T12a,N8,amazon_sh_029,single_specific,test,1.0,0.0,0.0,0.3333333333333333,420.4116532802582
N8_E11a_T12a,N8,amazon_sh_030,single_specific,test,0.5,0.6037714962564315,0.0,0.3679238320854772,420.4116532802582
N8_E11a_T12a,N8,amazon_sh_031,single_specific,test,0.6666666666666666,0.6192498718289501,1.0,0.7619721794985389,420.4116532802582
N8_E11a_T12a,N8,amazon_sh_032,single_specific,test,0.5,0.6522922935181369,0.0,0.3840974311727123,420.4116532802582
N8_E11a_T12a,N8,amazon_sh_033,single_specific,train,1.0,0.8480332061632772,0.0,0.6160110687210923,420.4116532802582
N8_E11a_T12a,N8,amazon_sh_034,single_specific,train,1.0,0.8175652610016728,0.0,0.6058550870005576,420.4116532802582
N8_E11a_T12a,N8,amazon_agg_000,aggregate_cross_paper,train,0.8,0.6804709346030491,1.0,0.826823644867683,420.4116532802582
N8_E11a_T12a,N8,amazon_agg_001,aggregate_cross_paper,test,1.0,0.8212551415100334,1.0,0.9404183805033444,420.4116532802582
N8_E11a_T12a,N8,amazon_agg_002,aggregate_cross_paper,test,0.5,0.6524330851647835,1.0,0.7174776950549279,420.4116532802582
N8_E11a_T12a,N8,amazon_agg_003,aggregate_cross_paper,test,0.6666666666666666,0.8181937152541486,1.0,0.828286793973605,420.4116532802582
N8_E11a_T12a,N8,amazon_agg_004,aggregate_cross_paper,train,0.5714285714285714,0.6879365311462886,0.0,0.4197883675249533,420.4116532802582
N8_E11a_T12a,N8,amazon_agg_005,aggregate_cross_paper,train,0.8333333333333334,0.5547856898241668,1.0,0.7960396743858333,420.4116532802582
N8_E11a_T12a,N8,amazon_agg_006,aggregate_cross_paper,test,1.0,0.5739936092792202,1.0,0.85799786975974,420.4116532802582
N8_E11a_T12a,N8,amazon_agg_007,aggregate_cross_paper,train,0.75,0.5149438013867,0.5,0.5883146004622334,420.4116532802582
N8_E11a_T12a,N8,amazon_agg_008,aggregate_cross_paper,test,1.0,0.6603816250244031,0.5,0.7201272083414677,420.4116532802582
N8_E11a_T12a,N8,amazon_agg_009,aggregate_cross_paper,train,0.0,0.8410850384173719,0.5,0.447028346139124,420.4116532802582
N8_E11a_T12a,N8,amazon_agg_010,aggregate_cross_paper,train,0.6666666666666666,0.6710004265966297,1.0,0.7792223644210988,420.4116532802582
N8_E11a_T12a,N8,amazon_agg_011,aggregate_cross_paper,train,1.0,0.5852574804508943,0.75,0.7784191601502982,420.4116532802582
N8_E11a_T12a,N8,amazon_agg_012,aggregate_cross_paper,train,0.75,0.5558439579630429,0.5,0.601947985987681,420.4116532802582
N8_E11a_T12a,N8,amazon_agg_013,aggregate_cross_paper,train,0.5714285714285714,0.8946482952465966,1.0,0.822025622225056,420.4116532802582
N8_E11a_T12a,N8,amazon_agg_014,aggregate_cross_paper,test,0.6666666666666666,0.7345655249274359,1.0,0.8004107305313676,420.4116532802582
N8_E11a_T12a,N8,amazon_agg_015,aggregate_cross_paper,train,0.6666666666666666,0.8419905563327545,0.5,0.6695524076664737,420.4116532802582
N8_E11a_T12a,N8,amazon_agg_016,aggregate_cross_paper,train,0.9166666666666666,0.7960330721664334,1.0,0.9042332462777,420.4116532802582
N8_E11a_T12a,N8,amazon_agg_017,aggregate_cross_paper,test,1.0,0.3877886025128957,1.0,0.7959295341709653,420.4116532802582
N8_E11a_T12a,N8,amazon_agg_018,aggregate_cross_paper,train,0.375,0.8093261436131084,1.0,0.7281087145377029,420.4116532802582
N8_E11a_T12a,N8,amazon_agg_019,aggregate_cross_paper,train,0.6666666666666666,0.7774159405908734,0.25,0.56469420241918,420.4116532802582
N8_E11a_T12a,N8,amazon_agg_020,aggregate_cross_paper,test,0.6,0.3752515570203775,0.0,0.3250838523401258,420.4116532802582
N8_E11a_T12a,N8,amazon_agg_021,aggregate_cross_paper,test,0.6666666666666666,0.3327800571424973,0.5,0.4998155746030546,420.4116532802582
N8_E11a_T12a,N8,amazon_agg_022,aggregate_cross_paper,train,1.0,0.8511101732229857,1.0,0.9503700577409953,420.4116532802582
N8_E11a_T12a,N8,amazon_agg_023,aggregate_cross_paper,test,0.75,0.7274719231983026,1.0,0.8258239743994342,420.4116532802582
N8_E11a_T12a,N8,amazon_agg_024,aggregate_cross_paper,test,0.75,0.8719344730103181,1.0,0.873978157670106,420.4116532802582
N8_E11a_T12a,N8,amazon_agg_025,aggregate_cross_paper,train,0.8,0.411182035566193,0.5,0.5703940118553977,420.4116532802582
N8_E11a_T12a,N8,amazon_agg_026,aggregate_cross_paper,train,0.9090909090909092,0.7910309148761197,1.0,0.9000406079890095,420.4116532802582
N8_E11a_T12a,N8,amazon_agg_027,aggregate_cross_paper,train,0.3333333333333333,0.8429476718931753,0.5,0.5587603350755029,420.4116532802582
N8_E11a_T12a,N8,amazon_agg_028,aggregate_cross_paper,train,1.0,0.617054947615129,1.0,0.872351649205043,420.4116532802582
N8_E11a_T12a,N8,amazon_agg_029,aggregate_cross_paper,test,0.6666666666666666,0.7126264624914228,0.0,0.4597643763860298,420.4116532802582
N8_E11a_T12a,N8,amazon_agg_030,aggregate_cross_paper,train,1.0,0.5207905454595436,0.25,0.5902635151531812,420.4116532802582
N8_E11a_T12a,N8,amazon_agg_031,aggregate_cross_paper,train,0.6666666666666666,0.7977178447178122,1.0,0.8214615037948262,420.4116532802582
N8_E11a_T12a,N8,amazon_agg_032,aggregate_cross_paper,test,0.875,0.7623357941815045,0.25,0.6291119313938348,420.4116532802582
N8_E11a_T12a,N8,amazon_edge_000,edge_multihop,test,0.6666666666666666,0.7261006117801637,0.0,0.4642557594822767,420.4116532802582
N8_E11a_T12a,N8,amazon_edge_001,edge_multihop,test,0.5,0.0,0.0,0.1666666666666666,420.4116532802582
N8_E11a_T12a,N8,amazon_edge_002,edge_multihop,test,1.0,0.0,0.0,0.3333333333333333,420.4116532802582
N8_E11a_T12a,N8,amazon_edge_003,edge_multihop,test,0.6,0.0,0.0,0.1999999999999999,420.4116532802582
N8_E11a_T12a,N8,amazon_edge_004,edge_multihop,test,1.0,0.0,0.0,0.3333333333333333,420.4116532802582
N8_E11a_T12a,N8,amazon_edge_005,edge_multihop,train,0.75,0.0,0.0,0.25,420.4116532802582
N8_E11a_T12a,N8,amazon_edge_006,edge_multihop,test,1.0,0.0,0.0,0.3333333333333333,420.4116532802582
N8_E11a_T12a,N8,amazon_edge_007,edge_multihop,test,1.0,0.0,0.0,0.3333333333333333,420.4116532802582
N8_E11a_T12a,N8,amazon_edge_008,edge_multihop,test,1.0,0.0,0.0,0.3333333333333333,420.4116532802582
N8_E11a_T12a,N8,amazon_edge_009,edge_multihop,train,1.0,0.0,0.0,0.3333333333333333,420.4116532802582
N8_E11a_T12a,N8,amazon_edge_010,edge_multihop,train,1.0,0.9237089612525344,0.0,0.6412363204175114,420.4116532802582
N8_E11a_T12a,N8,amazon_edge_011,edge_multihop,test,1.0,0.0,0.0,0.3333333333333333,420.4116532802582
N8_E11a_T12a,N8,amazon_edge_012,edge_multihop,test,1.0,0.8906993006680548,0.5,0.7968997668893515,420.4116532802582
N8_E11a_T12a,N8,amazon_edge_013,edge_multihop,test,1.0,0.0,0.0,0.3333333333333333,420.4116532802582
N8_E11a_T12a,N8,amazon_edge_014,edge_multihop,test,1.0,0.0,0.0,0.3333333333333333,420.4116532802582
N8_E11a_T12a,N8,amazon_edge_015,edge_multihop,train,1.0,0.0,0.0,0.3333333333333333,420.4116532802582
N8_E11a_T12a,N8,amazon_edge_016,edge_multihop,train,1.0,0.0,0.0,0.3333333333333333,420.4116532802582
N8_E11a_T12a,N8,amazon_edge_017,edge_multihop,train,1.0,0.0,0.0,0.3333333333333333,420.4116532802582
N8_E11a_T12a,N8,amazon_edge_018,edge_multihop,train,1.0,0.0,0.0,0.3333333333333333,420.4116532802582
N8_E11a_T12a,N8,amazon_edge_019,edge_multihop,train,1.0,0.0,0.5,0.5,420.4116532802582
N8_E11a_T12a,N8,amazon_edge_020,edge_multihop,train,1.0,0.0,0.0,0.3333333333333333,420.4116532802582
N8_E11a_T12a,N8,amazon_edge_021,edge_multihop,test,1.0,0.0,0.0,0.3333333333333333,420.4116532802582
N8_E11a_T12a,N8,amazon_edge_022,edge_multihop,test,1.0,0.0,0.0,0.3333333333333333,420.4116532802582
N8_E11a_T12a,N8,amazon_edge_023,edge_multihop,train,1.0,0.0,0.0,0.3333333333333333,420.4116532802582
N8_E11a_T12a,N8,amazon_edge_024,edge_multihop,train,0.75,0.0,0.0,0.25,420.4116532802582
N8_E11a_T12a,N8,amazon_edge_025,edge_multihop,train,1.0,0.0,0.0,0.3333333333333333,420.4116532802582
N8_E11a_T12a,N8,amazon_edge_026,edge_multihop,test,0.5,0.0,0.0,0.1666666666666666,420.4116532802582
N8_E11a_T12a,N8,amazon_edge_027,edge_multihop,test,1.0,0.8196550215031236,0.5,0.7732183405010412,420.4116532802582
N8_E11a_T12a,N8,amazon_edge_028,edge_multihop,test,0.8,0.9013588721021474,0.0,0.5671196240340491,420.4116532802582
N8_E11a_T12a,N8,amazon_edge_029,edge_multihop,train,1.0,0.0,0.0,0.3333333333333333,420.4116532802582
N8_E11a_T12a,N8,amazon_edge_030,edge_multihop,train,1.0,0.0,0.0,0.3333333333333333,420.4116532802582
N8_E11a_T12a,N8,amazon_edge_031,edge_multihop,test,1.0,0.0,0.25,0.4166666666666667,420.4116532802582
N8_E11a_T12a,N8,amazon_edge_032,edge_multihop,test,1.0,0.0,0.0,0.3333333333333333,420.4116532802582
N8_E11a_T12a,N8,amazon_edge_033,edge_multihop,test,1.0,0.0,0.0,0.3333333333333333,420.4116532802582
N8_E11a_T12a,N8,amazon_sh_035,single_specific,test,1.0,0.8886130246248163,1.0,0.962871008208272,420.4116532802582
N8_E11a_T12a,N8,amazon_sh_036,single_specific,train,1.0,0.6540752047299104,0.0,0.5513584015766368,420.4116532802582
N8_E11a_T12a,N8,amazon_sh_037,single_specific,test,1.0,0.0,0.0,0.3333333333333333,420.4116532802582
N8_E11a_T12a,N8,amazon_sh_038,single_specific,test,1.0,0.0,0.0,0.3333333333333333,420.4116532802582
N8_E11a_T12a,N8,amazon_sh_039,single_specific,test,1.0,0.8811921747086358,0.5,0.7937307249028785,420.4116532802582
N8_E11a_T12a,N8,amazon_sh_040,single_specific,train,1.0,0.9548784174656468,1.0,0.984959472488549,420.4116532802582
N8_E11a_T12a,N8,amazon_sh_041,single_specific,test,1.0,0.9074582116223064,1.0,0.9691527372074354,420.4116532802582
N8_E11a_T12a,N8,amazon_sh_042,single_specific,train,0.8333333333333334,0.5980444808427609,0.75,0.727125938058698,420.4116532802582
N8_E11a_T12a,N8,amazon_sh_043,single_specific,test,1.0,0.733748603720855,0.0,0.577916201240285,420.4116532802582
N8_E11a_T12a,N8,amazon_sh_044,single_specific,train,1.0,0.0,0.0,0.3333333333333333,420.4116532802582
N8_E11a_T12a,N8,amazon_sh_045,single_specific,train,0.0,0.0,0.0,0.0,420.4116532802582
N8_E11a_T12a,N8,amazon_sh_046,single_specific,train,1.0,0.7602292460775589,1.0,0.9200764153591864,420.4116532802582
N8_E11a_T12a,N8,amazon_sh_047,single_specific,train,1.0,0.9816050334101132,1.0,0.9938683444700376,420.4116532802582
N8_E11a_T12a,N8,amazon_sh_048,single_specific,train,1.0,0.8407127978319445,1.0,0.9469042659439816,420.4116532802582
N8_E11a_T12a,N8,amazon_sh_049,single_specific,test,1.0,0.9155799136814604,0.5,0.8051933045604868,420.4116532802582
N8_E11a_T12a,N8,amazon_sh_050,single_specific,train,1.0,0.0,0.0,0.3333333333333333,420.4116532802582
N8_E11a_T12a,N8,amazon_sh_051,single_specific,test,1.0,0.9999996139079578,0.0,0.6666665379693192,420.4116532802582
N8_E11a_T12a,N8,amazon_sh_052,single_specific,test,1.0,0.0,0.0,0.3333333333333333,420.4116532802582
N8_E11a_T12a,N8,amazon_sh_053,single_specific,train,1.0,0.8775654707046113,1.0,0.9591884902348704,420.4116532802582
N8_E11a_T12a,N8,amazon_sh_054,single_specific,test,1.0,0.999999592270859,0.5,0.8333331974236197,420.4116532802582
N8_E11a_T12a,N8,amazon_sh_055,single_specific,test,1.0,0.0,0.0,0.3333333333333333,420.4116532802582
N8_E11a_T12a,N8,amazon_sh_056,single_specific,test,1.0,0.8527737631607658,1.0,0.9509245877202552,420.4116532802582
N8_E11a_T12a,N8,amazon_sh_057,single_specific,train,0.8333333333333334,0.5159326799984567,0.25,0.5330886711105967,420.4116532802582
N8_E11a_T12a,N8,amazon_sh_058,single_specific,test,1.0,0.0,0.0,0.3333333333333333,420.4116532802582
N8_E11a_T12a,N8,amazon_sh_059,single_specific,train,1.0,0.9467857893876928,1.0,0.9822619297958975,420.4116532802582
N8_E11a_T12a,N8,amazon_sh_060,single_specific,train,1.0,0.8444607804514566,0.0,0.6148202601504855,420.4116532802582
N8_E11a_T12a,N8,amazon_sh_061,single_specific,train,0.6666666666666666,0.0,0.0,0.2222222222222222,420.4116532802582
N8_E11a_T12a,N8,amazon_sh_062,single_specific,train,1.0,0.0,0.0,0.3333333333333333,420.4116532802582
N8_E11a_T12a,N8,amazon_sh_063,single_specific,test,1.0,0.7490078505685894,1.0,0.9163359501895298,420.4116532802582
N8_E11a_T12a,N8,amazon_sh_064,single_specific,test,1.0,0.0,0.0,0.3333333333333333,420.4116532802582
N8_E11a_T12a,N8,amazon_sh_065,single_specific,train,1.0,1.0,1.0,1.0,420.4116532802582
N8_E11a_T12a,N8,amazon_sh_066,single_specific,test,1.0,0.9367189558557276,1.0,0.978906318618576,420.4116532802582
N8_E11a_T12a,N8,amazon_sh_067,single_specific,test,1.0,0.7317339180641859,0.75,0.8272446393547286,420.4116532802582
N8_E11a_T12a,N8,amazon_sh_068,single_specific,test,1.0,0.0,1.0,0.6666666666666666,420.4116532802582
N8_E11a_T12a,N8,amazon_sh_069,single_specific,test,1.0,0.9997762962010106,1.0,0.9999254320670036,420.4116532802582
N8_E11a_T12a,N8,amazon_sh_070,single_specific,test,0.6666666666666666,0.0,0.0,0.2222222222222222,420.4116532802582
N8_E11a_T12a,N8,amazon_sh_071,single_specific,train,1.0,0.0,0.0,0.3333333333333333,420.4116532802582
N8_E11a_T12a,N8,amazon_sh_072,single_specific,test,1.0,0.9752293065433084,1.0,0.9917431021811028,420.4116532802582
N8_E11a_T12a,N8,amazon_sh_073,single_specific,test,1.0,0.0,0.0,0.3333333333333333,420.4116532802582
N8_E11a_T12a,N8,amazon_sh_074,single_specific,test,0.3333333333333333,0.8815091536283205,0.0,0.4049474956538846,420.4116532802582
N8_E11a_T12a,N8,amazon_sh_075,single_specific,train,1.0,0.9229183003868144,1.0,0.974306100128938,420.4116532802582
N8_E11a_T12a,N8,amazon_sh_076,single_specific,test,1.0,0.0,0.0,0.3333333333333333,420.4116532802582
N8_E11a_T12a,N8,amazon_sh_077,single_specific,train,0.0,0.8443693400341697,0.25,0.3647897800113899,420.4116532802582
N8_E11a_T12a,N8,amazon_sh_078,single_specific,train,1.0,0.0,0.0,0.3333333333333333,420.4116532802582
N8_E11a_T12a,N8,amazon_sh_079,single_specific,test,0.5,0.0,0.0,0.1666666666666666,420.4116532802582
N8_E11a_T12a,N8,amazon_sh_080,single_specific,test,0.6666666666666666,0.9683378248329052,0.0,0.5450014971665239,420.4116532802582
N8_E11a_T12a,N8,amazon_sh_081,single_specific,train,0.5,0.8653879421640537,1.0,0.7884626473880179,420.4116532802582
N8_E11a_T12a,N8,amazon_sh_082,single_specific,train,0.5,0.0,0.0,0.1666666666666666,420.4116532802582
N8_E11a_T12b,N8,amazon_sh_000,single_specific,test,1.0,0.0,0.0,0.3333333333333333,384.42836022377014
N8_E11a_T12b,N8,amazon_sh_001,single_specific,test,1.0,0.0,0.0,0.3333333333333333,384.42836022377014
N8_E11a_T12b,N8,amazon_sh_002,single_specific,test,1.0,0.9999996456506224,1.0,0.9999998818835408,384.42836022377014
N8_E11a_T12b,N8,amazon_sh_003,single_specific,train,0.5,0.0,0.0,0.1666666666666666,384.42836022377014
N8_E11a_T12b,N8,amazon_sh_004,single_specific,train,0.0,0.878915546709268,0.0,0.2929718489030893,384.42836022377014
N8_E11a_T12b,N8,amazon_sh_005,single_specific,train,1.0,0.909241768305076,0.25,0.7197472561016919,384.42836022377014
N8_E11a_T12b,N8,amazon_sh_006,single_specific,train,0.5,0.0,0.0,0.1666666666666666,384.42836022377014
N8_E11a_T12b,N8,amazon_sh_007,single_specific,train,1.0,0.7995664203851041,0.0,0.5998554734617013,384.42836022377014
N8_E11a_T12b,N8,amazon_sh_008,single_specific,train,1.0,0.8951761387195577,1.0,0.9650587129065192,384.42836022377014
N8_E11a_T12b,N8,amazon_sh_009,single_specific,train,0.3333333333333333,0.8460415587398895,0.0,0.3931249640244076,384.42836022377014
N8_E11a_T12b,N8,amazon_sh_010,single_specific,test,0.5,0.0,0.0,0.1666666666666666,384.42836022377014
N8_E11a_T12b,N8,amazon_sh_011,single_specific,train,1.0,0.0,0.0,0.3333333333333333,384.42836022377014
N8_E11a_T12b,N8,amazon_sh_012,single_specific,train,0.0,0.0,1.0,0.3333333333333333,384.42836022377014
N8_E11a_T12b,N8,amazon_sh_013,single_specific,train,0.0,0.0,0.0,0.0,384.42836022377014
N8_E11a_T12b,N8,amazon_sh_014,single_specific,train,1.0,0.0,0.0,0.3333333333333333,384.42836022377014
N8_E11a_T12b,N8,amazon_sh_015,single_specific,test,1.0,0.9523741489484968,1.0,0.9841247163161656,384.42836022377014
N8_E11a_T12b,N8,amazon_sh_016,single_specific,test,1.0,0.9334849643536172,1.0,0.9778283214512058,384.42836022377014
N8_E11a_T12b,N8,amazon_sh_017,single_specific,test,1.0,0.8748767083161754,1.0,0.9582922361053918,384.42836022377014
N8_E11a_T12b,N8,amazon_sh_018,single_specific,test,1.0,0.8175334270104674,0.0,0.6058444756701559,384.42836022377014
N8_E11a_T12b,N8,amazon_sh_019,single_specific,test,1.0,0.0,0.0,0.3333333333333333,384.42836022377014
N8_E11a_T12b,N8,amazon_sh_020,single_specific,train,0.6666666666666666,0.0,0.0,0.2222222222222222,384.42836022377014
N8_E11a_T12b,N8,amazon_sh_021,single_specific,train,0.6666666666666666,0.93678494998167,1.0,0.8678172055494455,384.42836022377014
N8_E11a_T12b,N8,amazon_sh_022,single_specific,test,1.0,0.9999997105356648,0.0,0.6666665701785549,384.42836022377014
N8_E11a_T12b,N8,amazon_sh_023,single_specific,test,1.0,0.9035726974922172,0.75,0.8845242324974057,384.42836022377014
N8_E11a_T12b,N8,amazon_sh_024,single_specific,test,1.0,0.4685850661678118,1.0,0.8228616887226039,384.42836022377014
N8_E11a_T12b,N8,amazon_sh_025,single_specific,train,1.0,0.9378336728456445,0.0,0.6459445576152149,384.42836022377014
N8_E11a_T12b,N8,amazon_sh_026,single_specific,train,1.0,0.8100556754772492,1.0,0.9366852251590831,384.42836022377014
N8_E11a_T12b,N8,amazon_sh_027,single_specific,test,1.0,0.8327254009277912,0.0,0.6109084669759305,384.42836022377014
N8_E11a_T12b,N8,amazon_sh_028,single_specific,train,1.0,0.0,0.0,0.3333333333333333,384.42836022377014
N8_E11a_T12b,N8,amazon_sh_029,single_specific,test,1.0,0.0,0.0,0.3333333333333333,384.42836022377014
N8_E11a_T12b,N8,amazon_sh_030,single_specific,test,0.5,0.9111668128641828,0.0,0.4703889376213943,384.42836022377014
N8_E11a_T12b,N8,amazon_sh_031,single_specific,test,0.3333333333333333,0.6191940331201801,1.0,0.6508424554845045,384.42836022377014
N8_E11a_T12b,N8,amazon_sh_032,single_specific,test,0.6666666666666666,0.5419525789369646,0.0,0.4028730818678771,384.42836022377014
N8_E11a_T12b,N8,amazon_sh_033,single_specific,train,1.0,0.0,0.0,0.3333333333333333,384.42836022377014
N8_E11a_T12b,N8,amazon_sh_034,single_specific,train,1.0,0.0,0.0,0.3333333333333333,384.42836022377014
N8_E11a_T12b,N8,amazon_agg_000,aggregate_cross_paper,train,0.6,0.6804659940200987,1.0,0.7601553313400329,384.42836022377014
N8_E11a_T12b,N8,amazon_agg_001,aggregate_cross_paper,test,0.6666666666666666,0.8212551415100334,1.0,0.8293072693922333,384.42836022377014
N8_E11a_T12b,N8,amazon_agg_002,aggregate_cross_paper,test,1.0,0.6145079338233519,1.0,0.8715026446077839,384.42836022377014
N8_E11a_T12b,N8,amazon_agg_003,aggregate_cross_paper,test,0.6666666666666666,0.818197511625332,1.0,0.8282880594306663,384.42836022377014
N8_E11a_T12b,N8,amazon_agg_004,aggregate_cross_paper,train,0.6,0.4651164893628222,0.0,0.3550388297876074,384.42836022377014
N8_E11a_T12b,N8,amazon_agg_005,aggregate_cross_paper,train,0.8571428571428571,0.5548406469677766,1.0,0.8039945013702111,384.42836022377014
N8_E11a_T12b,N8,amazon_agg_006,aggregate_cross_paper,test,1.0,0.5739919688652024,1.0,0.8579973229550676,384.42836022377014
N8_E11a_T12b,N8,amazon_agg_007,aggregate_cross_paper,train,0.75,0.5553533972721088,0.75,0.6851177990907029,384.42836022377014
N8_E11a_T12b,N8,amazon_agg_008,aggregate_cross_paper,test,0.6666666666666666,0.6729138109983271,0.5,0.6131934925549979,384.42836022377014
N8_E11a_T12b,N8,amazon_agg_009,aggregate_cross_paper,train,0.3,0.8372292662154152,0.5,0.5457430887384717,384.42836022377014
N8_E11a_T12b,N8,amazon_agg_010,aggregate_cross_paper,train,0.5555555555555556,0.6710004265966297,1.0,0.7421853273840617,384.42836022377014
N8_E11a_T12b,N8,amazon_agg_011,aggregate_cross_paper,train,0.3333333333333333,0.5852862223948417,0.75,0.5562065185760584,384.42836022377014
N8_E11a_T12b,N8,amazon_agg_012,aggregate_cross_paper,train,0.4,0.614660742268263,0.5,0.504886914089421,384.42836022377014
N8_E11a_T12b,N8,amazon_agg_013,aggregate_cross_paper,train,0.75,0.8946626832902377,1.0,0.8815542277634125,384.42836022377014
N8_E11a_T12b,N8,amazon_agg_014,aggregate_cross_paper,test,0.6666666666666666,0.7345801439526115,1.0,0.8004156035397593,384.42836022377014
N8_E11a_T12b,N8,amazon_agg_015,aggregate_cross_paper,train,0.6666666666666666,0.8595234226592441,0.25,0.5920633631086369,384.42836022377014
N8_E11a_T12b,N8,amazon_agg_016,aggregate_cross_paper,train,1.0,0.795345506172429,1.0,0.9317818353908096,384.42836022377014
N8_E11a_T12b,N8,amazon_agg_017,aggregate_cross_paper,test,1.0,0.3877886025128957,1.0,0.7959295341709653,384.42836022377014
N8_E11a_T12b,N8,amazon_agg_018,aggregate_cross_paper,train,0.375,0.8093995687103117,1.0,0.7281331895701039,384.42836022377014
N8_E11a_T12b,N8,amazon_agg_019,aggregate_cross_paper,train,0.75,0.7599070855621365,0.25,0.5866356951873789,384.42836022377014
N8_E11a_T12b,N8,amazon_agg_020,aggregate_cross_paper,test,0.75,0.5036474122080742,0.0,0.4178824707360247,384.42836022377014
N8_E11a_T12b,N8,amazon_agg_021,aggregate_cross_paper,test,0.6666666666666666,0.3080289100344053,0.5,0.4915651922336906,384.42836022377014
N8_E11a_T12b,N8,amazon_agg_022,aggregate_cross_paper,train,1.0,0.8511291792763811,1.0,0.9503763930921272,384.42836022377014
N8_E11a_T12b,N8,amazon_agg_023,aggregate_cross_paper,test,0.5,0.7274972933399815,1.0,0.7424990977799938,384.42836022377014
N8_E11a_T12b,N8,amazon_agg_024,aggregate_cross_paper,test,0.75,0.871924723208083,1.0,0.8739749077360277,384.42836022377014
N8_E11a_T12b,N8,amazon_agg_025,aggregate_cross_paper,train,0.8,0.4134678157268123,0.75,0.6544892719089375,384.42836022377014
N8_E11a_T12b,N8,amazon_agg_026,aggregate_cross_paper,train,0.9,0.7911003056380257,1.0,0.8970334352126752,384.42836022377014
N8_E11a_T12b,N8,amazon_agg_027,aggregate_cross_paper,train,0.75,0.79406578156027,0.75,0.7646885938534234,384.42836022377014
N8_E11a_T12b,N8,amazon_agg_028,aggregate_cross_paper,train,1.0,0.6170423762124971,1.0,0.8723474587374991,384.42836022377014
N8_E11a_T12b,N8,amazon_agg_029,aggregate_cross_paper,test,0.6666666666666666,0.7127064554756504,0.0,0.4597910407141056,384.42836022377014
N8_E11a_T12b,N8,amazon_agg_030,aggregate_cross_paper,train,1.0,0.5207461548592248,0.0,0.506915384953075,384.42836022377014
N8_E11a_T12b,N8,amazon_agg_031,aggregate_cross_paper,train,0.6666666666666666,0.7976785959176677,1.0,0.8214484208614449,384.42836022377014
N8_E11a_T12b,N8,amazon_agg_032,aggregate_cross_paper,test,0.75,0.7626674777888695,0.25,0.5875558259296231,384.42836022377014
N8_E11a_T12b,N8,amazon_edge_000,edge_multihop,test,0.8333333333333334,0.7562560328281926,0.0,0.529863122053842,384.42836022377014
N8_E11a_T12b,N8,amazon_edge_001,edge_multihop,test,0.5,0.0,0.0,0.1666666666666666,384.42836022377014
N8_E11a_T12b,N8,amazon_edge_002,edge_multihop,test,1.0,0.0,0.0,0.3333333333333333,384.42836022377014
N8_E11a_T12b,N8,amazon_edge_003,edge_multihop,test,0.8,0.0,0.0,0.2666666666666666,384.42836022377014
N8_E11a_T12b,N8,amazon_edge_004,edge_multihop,test,1.0,0.0,0.0,0.3333333333333333,384.42836022377014
N8_E11a_T12b,N8,amazon_edge_005,edge_multihop,train,1.0,0.0,0.0,0.3333333333333333,384.42836022377014
N8_E11a_T12b,N8,amazon_edge_006,edge_multihop,test,1.0,0.0,0.0,0.3333333333333333,384.42836022377014
N8_E11a_T12b,N8,amazon_edge_007,edge_multihop,test,0.75,0.0,0.0,0.25,384.42836022377014
N8_E11a_T12b,N8,amazon_edge_008,edge_multihop,test,1.0,0.0,0.0,0.3333333333333333,384.42836022377014
N8_E11a_T12b,N8,amazon_edge_009,edge_multihop,train,1.0,0.0,0.0,0.3333333333333333,384.42836022377014
N8_E11a_T12b,N8,amazon_edge_010,edge_multihop,train,1.0,0.9237089612525344,0.0,0.6412363204175114,384.42836022377014
N8_E11a_T12b,N8,amazon_edge_011,edge_multihop,test,1.0,0.0,0.0,0.3333333333333333,384.42836022377014
N8_E11a_T12b,N8,amazon_edge_012,edge_multihop,test,1.0,0.8906993006680548,0.5,0.7968997668893515,384.42836022377014
N8_E11a_T12b,N8,amazon_edge_013,edge_multihop,test,1.0,0.0,0.0,0.3333333333333333,384.42836022377014
N8_E11a_T12b,N8,amazon_edge_014,edge_multihop,test,1.0,0.0,0.0,0.3333333333333333,384.42836022377014
N8_E11a_T12b,N8,amazon_edge_015,edge_multihop,train,1.0,0.0,0.0,0.3333333333333333,384.42836022377014
N8_E11a_T12b,N8,amazon_edge_016,edge_multihop,train,1.0,0.0,0.0,0.3333333333333333,384.42836022377014
N8_E11a_T12b,N8,amazon_edge_017,edge_multihop,train,1.0,0.0,0.0,0.3333333333333333,384.42836022377014
N8_E11a_T12b,N8,amazon_edge_018,edge_multihop,train,1.0,0.0,0.0,0.3333333333333333,384.42836022377014
N8_E11a_T12b,N8,amazon_edge_019,edge_multihop,train,1.0,0.0,0.0,0.3333333333333333,384.42836022377014
N8_E11a_T12b,N8,amazon_edge_020,edge_multihop,train,1.0,0.0,0.0,0.3333333333333333,384.42836022377014
N8_E11a_T12b,N8,amazon_edge_021,edge_multihop,test,1.0,0.0,0.0,0.3333333333333333,384.42836022377014
N8_E11a_T12b,N8,amazon_edge_022,edge_multihop,test,1.0,0.0,0.0,0.3333333333333333,384.42836022377014
N8_E11a_T12b,N8,amazon_edge_023,edge_multihop,train,1.0,0.0,0.0,0.3333333333333333,384.42836022377014
N8_E11a_T12b,N8,amazon_edge_024,edge_multihop,train,0.75,0.0,0.0,0.25,384.42836022377014
N8_E11a_T12b,N8,amazon_edge_025,edge_multihop,train,1.0,0.0,0.0,0.3333333333333333,384.42836022377014
N8_E11a_T12b,N8,amazon_edge_026,edge_multihop,test,0.5,0.0,0.0,0.1666666666666666,384.42836022377014
N8_E11a_T12b,N8,amazon_edge_027,edge_multihop,test,1.0,0.8196645212735881,0.5,0.7732215070911961,384.42836022377014
N8_E11a_T12b,N8,amazon_edge_028,edge_multihop,test,0.6,0.901347980863122,0.0,0.500449326954374,384.42836022377014
N8_E11a_T12b,N8,amazon_edge_029,edge_multihop,train,1.0,0.0,0.0,0.3333333333333333,384.42836022377014
N8_E11a_T12b,N8,amazon_edge_030,edge_multihop,train,1.0,0.0,0.0,0.3333333333333333,384.42836022377014
N8_E11a_T12b,N8,amazon_edge_031,edge_multihop,test,1.0,0.0,0.25,0.4166666666666667,384.42836022377014
N8_E11a_T12b,N8,amazon_edge_032,edge_multihop,test,0.6666666666666666,0.0,0.0,0.2222222222222222,384.42836022377014
N8_E11a_T12b,N8,amazon_edge_033,edge_multihop,test,1.0,0.0,0.0,0.3333333333333333,384.42836022377014
N8_E11a_T12b,N8,amazon_sh_035,single_specific,test,1.0,0.8945163474003821,1.0,0.964838782466794,384.42836022377014
N8_E11a_T12b,N8,amazon_sh_036,single_specific,train,0.8,0.6540386291496112,0.0,0.4846795430498704,384.42836022377014
N8_E11a_T12b,N8,amazon_sh_037,single_specific,test,1.0,0.0,0.0,0.3333333333333333,384.42836022377014
N8_E11a_T12b,N8,amazon_sh_038,single_specific,test,1.0,0.0,0.0,0.3333333333333333,384.42836022377014
N8_E11a_T12b,N8,amazon_sh_039,single_specific,test,1.0,0.8252279506906002,0.5,0.7750759835635334,384.42836022377014
N8_E11a_T12b,N8,amazon_sh_040,single_specific,train,0.8333333333333334,0.9548786166983432,1.0,0.9294039833438922,384.42836022377014
N8_E11a_T12b,N8,amazon_sh_041,single_specific,test,1.0,0.907490580495989,1.0,0.9691635268319964,384.42836022377014
N8_E11a_T12b,N8,amazon_sh_042,single_specific,train,0.8333333333333334,0.5760527898048453,0.75,0.7197953743793929,384.42836022377014
N8_E11a_T12b,N8,amazon_sh_043,single_specific,test,1.0,0.6478433999902379,0.0,0.5492811333300792,384.42836022377014
N8_E11a_T12b,N8,amazon_sh_044,single_specific,train,1.0,0.0,0.0,0.3333333333333333,384.42836022377014
N8_E11a_T12b,N8,amazon_sh_045,single_specific,train,1.0,0.0,0.0,0.3333333333333333,384.42836022377014
N8_E11a_T12b,N8,amazon_sh_046,single_specific,train,1.0,0.7600989729140945,1.0,0.9200329909713648,384.42836022377014
N8_E11a_T12b,N8,amazon_sh_047,single_specific,train,1.0,0.9816050334101132,0.75,0.9105350111367044,384.42836022377014
N8_E11a_T12b,N8,amazon_sh_048,single_specific,train,1.0,0.8407020787625993,1.0,0.9469006929208664,384.42836022377014
N8_E11a_T12b,N8,amazon_sh_049,single_specific,test,1.0,0.9156096637646928,0.5,0.8052032212548976,384.42836022377014
N8_E11a_T12b,N8,amazon_sh_050,single_specific,train,1.0,0.0,0.0,0.3333333333333333,384.42836022377014
N8_E11a_T12b,N8,amazon_sh_051,single_specific,test,1.0,0.9999999999999998,0.0,0.6666666666666666,384.42836022377014
N8_E11a_T12b,N8,amazon_sh_052,single_specific,test,1.0,0.0,0.0,0.3333333333333333,384.42836022377014
N8_E11a_T12b,N8,amazon_sh_053,single_specific,train,1.0,0.8775494609947802,1.0,0.9591831536649268,384.42836022377014
N8_E11a_T12b,N8,amazon_sh_054,single_specific,test,1.0,1.0,0.5,0.8333333333333334,384.42836022377014
N8_E11a_T12b,N8,amazon_sh_055,single_specific,test,1.0,0.0,0.0,0.3333333333333333,384.42836022377014
N8_E11a_T12b,N8,amazon_sh_056,single_specific,test,1.0,0.8833292059211247,1.0,0.9611097353070416,384.42836022377014
N8_E11a_T12b,N8,amazon_sh_057,single_specific,train,1.0,0.5159326799984567,0.0,0.5053108933328189,384.42836022377014
N8_E11a_T12b,N8,amazon_sh_058,single_specific,test,1.0,0.0,0.0,0.3333333333333333,384.42836022377014
N8_E11a_T12b,N8,amazon_sh_059,single_specific,train,1.0,0.946785789387693,1.0,0.9822619297958978,384.42836022377014
N8_E11a_T12b,N8,amazon_sh_060,single_specific,train,1.0,0.0,0.0,0.3333333333333333,384.42836022377014
N8_E11a_T12b,N8,amazon_sh_061,single_specific,train,0.6666666666666666,0.0,0.5,0.3888888888888888,384.42836022377014
N8_E11a_T12b,N8,amazon_sh_062,single_specific,train,1.0,0.0,0.0,0.3333333333333333,384.42836022377014
N8_E11a_T12b,N8,amazon_sh_063,single_specific,test,1.0,0.7488249503885628,1.0,0.9162749834628544,384.42836022377014
N8_E11a_T12b,N8,amazon_sh_064,single_specific,test,1.0,0.0,0.0,0.3333333333333333,384.42836022377014
N8_E11a_T12b,N8,amazon_sh_065,single_specific,train,1.0,1.0,0.5,0.8333333333333334,384.42836022377014
N8_E11a_T12b,N8,amazon_sh_066,single_specific,test,1.0,0.9367214082857076,1.0,0.9789071360952358,384.42836022377014
N8_E11a_T12b,N8,amazon_sh_067,single_specific,test,1.0,0.7317339180641859,0.75,0.8272446393547286,384.42836022377014
N8_E11a_T12b,N8,amazon_sh_068,single_specific,test,1.0,0.0,1.0,0.6666666666666666,384.42836022377014
N8_E11a_T12b,N8,amazon_sh_069,single_specific,test,1.0,0.9999995888544904,1.0,0.9999998629514968,384.42836022377014
N8_E11a_T12b,N8,amazon_sh_070,single_specific,test,0.6666666666666666,0.0,0.0,0.2222222222222222,384.42836022377014
N8_E11a_T12b,N8,amazon_sh_071,single_specific,train,1.0,0.0,0.0,0.3333333333333333,384.42836022377014
N8_E11a_T12b,N8,amazon_sh_072,single_specific,test,1.0,0.9752256749981068,1.0,0.9917418916660355,384.42836022377014
N8_E11a_T12b,N8,amazon_sh_073,single_specific,test,0.5,0.0,0.0,0.1666666666666666,384.42836022377014
N8_E11a_T12b,N8,amazon_sh_074,single_specific,test,0.3333333333333333,0.856551820047003,0.0,0.3966283844601121,384.42836022377014
N8_E11a_T12b,N8,amazon_sh_075,single_specific,train,1.0,0.922925391327967,1.0,0.974308463775989,384.42836022377014
N8_E11a_T12b,N8,amazon_sh_076,single_specific,test,1.0,0.0,0.0,0.3333333333333333,384.42836022377014
N8_E11a_T12b,N8,amazon_sh_077,single_specific,train,0.0,0.0,0.25,0.0833333333333333,384.42836022377014
N8_E11a_T12b,N8,amazon_sh_078,single_specific,train,1.0,0.0,0.0,0.3333333333333333,384.42836022377014
N8_E11a_T12b,N8,amazon_sh_079,single_specific,test,0.5,0.0,0.0,0.1666666666666666,384.42836022377014
N8_E11a_T12b,N8,amazon_sh_080,single_specific,test,0.6666666666666666,0.9683478564832154,0.25,0.628338174383294,384.42836022377014
N8_E11a_T12b,N8,amazon_sh_081,single_specific,train,0.6,0.8653947532838124,1.0,0.8217982510946041,384.42836022377014
N8_E11a_T12b,N8,amazon_sh_082,single_specific,train,0.5,0.0,0.0,0.1666666666666666,384.42836022377014
N8_E11b_T12a,N8,amazon_sh_000,single_specific,test,0.75,0.8558071758423685,1.0,0.8686023919474563,395.8993170261383
N8_E11b_T12a,N8,amazon_sh_001,single_specific,test,0.6666666666666666,0.8860746406363481,1.0,0.8509137691010049,395.8993170261383
N8_E11b_T12a,N8,amazon_sh_002,single_specific,test,1.0,1.0000000000000002,1.0,1.0,395.8993170261383
N8_E11b_T12a,N8,amazon_sh_003,single_specific,train,0.3333333333333333,0.7393004250723858,1.0,0.6908779194685731,395.8993170261383
N8_E11b_T12a,N8,amazon_sh_004,single_specific,train,1.0,0.0,0.0,0.3333333333333333,395.8993170261383
N8_E11b_T12a,N8,amazon_sh_005,single_specific,train,1.0,0.9092526115603216,0.5,0.8030842038534405,395.8993170261383
N8_E11b_T12a,N8,amazon_sh_006,single_specific,train,1.0,1.0000000000000002,1.0,1.0,395.8993170261383
N8_E11b_T12a,N8,amazon_sh_007,single_specific,train,1.0,0.830548678760612,1.0,0.9435162262535374,395.8993170261383
N8_E11b_T12a,N8,amazon_sh_008,single_specific,train,1.0,0.8951734238241057,1.0,0.9650578079413686,395.8993170261383
N8_E11b_T12a,N8,amazon_sh_009,single_specific,train,0.5,0.8375239996360065,0.0,0.4458413332120021,395.8993170261383
N8_E11b_T12a,N8,amazon_sh_010,single_specific,test,1.0,0.9789028782281496,1.0,0.9929676260760498,395.8993170261383
N8_E11b_T12a,N8,amazon_sh_011,single_specific,train,0.5,0.9414126641115916,1.0,0.8138042213705305,395.8993170261383
N8_E11b_T12a,N8,amazon_sh_012,single_specific,train,0.5,0.0,1.0,0.5,395.8993170261383
N8_E11b_T12a,N8,amazon_sh_013,single_specific,train,1.0,0.7134437736528755,1.0,0.9044812578842918,395.8993170261383
N8_E11b_T12a,N8,amazon_sh_014,single_specific,train,1.0,0.0,0.0,0.3333333333333333,395.8993170261383
N8_E11b_T12a,N8,amazon_sh_015,single_specific,test,1.0,0.9892142649131612,1.0,0.9964047549710536,395.8993170261383
N8_E11b_T12a,N8,amazon_sh_016,single_specific,test,1.0,0.9334849643536172,1.0,0.9778283214512058,395.8993170261383
N8_E11b_T12a,N8,amazon_sh_017,single_specific,test,1.0,0.8747990965618624,1.0,0.9582663655206208,395.8993170261383
N8_E11b_T12a,N8,amazon_sh_018,single_specific,test,1.0,0.8175469386567126,0.0,0.6058489795522375,395.8993170261383
N8_E11b_T12a,N8,amazon_sh_019,single_specific,test,0.75,0.6967869133281993,0.25,0.5655956377760664,395.8993170261383
N8_E11b_T12a,N8,amazon_sh_020,single_specific,train,1.0,0.866532351409935,1.0,0.9555107838033118,395.8993170261383
N8_E11b_T12a,N8,amazon_sh_021,single_specific,train,1.0,0.9367608133256224,1.0,0.9789202711085409,395.8993170261383
N8_E11b_T12a,N8,amazon_sh_022,single_specific,test,1.0,0.9999996946364368,0.0,0.6666665648788123,395.8993170261383
N8_E11b_T12a,N8,amazon_sh_023,single_specific,test,1.0,0.8911233132301062,0.75,0.8803744377433688,395.8993170261383
N8_E11b_T12a,N8,amazon_sh_024,single_specific,test,0.5,0.5643291810686619,1.0,0.6881097270228874,395.8993170261383
N8_E11b_T12a,N8,amazon_sh_025,single_specific,train,0.75,0.9565411895017438,1.0,0.9021803965005812,395.8993170261383
N8_E11b_T12a,N8,amazon_sh_026,single_specific,train,1.0,0.8100556754772492,1.0,0.9366852251590831,395.8993170261383
N8_E11b_T12a,N8,amazon_sh_027,single_specific,test,1.0,0.9146215131853672,1.0,0.9715405043951224,395.8993170261383
N8_E11b_T12a,N8,amazon_sh_028,single_specific,train,1.0,0.920093261063915,1.0,0.9733644203546384,395.8993170261383
N8_E11b_T12a,N8,amazon_sh_029,single_specific,test,0.0,0.0,0.0,0.0,395.8993170261383
N8_E11b_T12a,N8,amazon_sh_030,single_specific,test,0.8,0.0,0.0,0.2666666666666666,395.8993170261383
N8_E11b_T12a,N8,amazon_sh_031,single_specific,test,1.0,0.5365355063801597,1.0,0.8455118354600533,395.8993170261383
N8_E11b_T12a,N8,amazon_sh_032,single_specific,test,1.0,0.0,0.0,0.3333333333333333,395.8993170261383
N8_E11b_T12a,N8,amazon_sh_033,single_specific,train,1.0,0.0,0.75,0.5833333333333334,395.8993170261383
N8_E11b_T12a,N8,amazon_sh_034,single_specific,train,1.0,0.995740125978721,1.0,0.998580041992907,395.8993170261383
N8_E11b_T12a,N8,amazon_agg_000,aggregate_cross_paper,train,1.0,0.7649480787269969,1.0,0.9216493595756656,395.8993170261383
N8_E11b_T12a,N8,amazon_agg_001,aggregate_cross_paper,test,1.0,0.7805795503115385,1.0,0.9268598501038462,395.8993170261383
N8_E11b_T12a,N8,amazon_agg_002,aggregate_cross_paper,test,1.0,0.5449100266274886,1.0,0.8483033422091628,395.8993170261383
N8_E11b_T12a,N8,amazon_agg_003,aggregate_cross_paper,test,0.5,0.8549281597296998,1.0,0.7849760532432333,395.8993170261383
N8_E11b_T12a,N8,amazon_agg_004,aggregate_cross_paper,train,0.8,0.4602367553904337,1.0,0.7534122517968113,395.8993170261383
N8_E11b_T12a,N8,amazon_agg_005,aggregate_cross_paper,train,0.6666666666666666,0.481337201086705,1.0,0.7160012892511238,395.8993170261383
N8_E11b_T12a,N8,amazon_agg_006,aggregate_cross_paper,test,0.8333333333333334,0.5905487524657596,1.0,0.8079606952663644,395.8993170261383
N8_E11b_T12a,N8,amazon_agg_007,aggregate_cross_paper,train,1.0,0.6773550455244605,1.0,0.8924516818414868,395.8993170261383
N8_E11b_T12a,N8,amazon_agg_008,aggregate_cross_paper,test,0.6,0.5416841309406929,1.0,0.7138947103135642,395.8993170261383
N8_E11b_T12a,N8,amazon_agg_009,aggregate_cross_paper,train,0.5714285714285714,0.0,0.5,0.3571428571428571,395.8993170261383
N8_E11b_T12a,N8,amazon_agg_010,aggregate_cross_paper,train,0.8333333333333334,0.8004114437781232,1.0,0.8779149257038189,395.8993170261383
N8_E11b_T12a,N8,amazon_agg_011,aggregate_cross_paper,train,0.625,0.7577331099537955,1.0,0.7942443699845985,395.8993170261383
N8_E11b_T12a,N8,amazon_agg_012,aggregate_cross_paper,train,0.5,0.7566142254617055,1.0,0.7522047418205685,395.8993170261383
N8_E11b_T12a,N8,amazon_agg_013,aggregate_cross_paper,train,0.3333333333333333,0.8946482952465966,1.0,0.7426605428599767,395.8993170261383
N8_E11b_T12a,N8,amazon_agg_014,aggregate_cross_paper,test,0.5,0.7345521908117426,1.0,0.7448507302705809,395.8993170261383
N8_E11b_T12a,N8,amazon_agg_015,aggregate_cross_paper,train,0.8,0.0,0.5,0.4333333333333333,395.8993170261383
N8_E11b_T12a,N8,amazon_agg_016,aggregate_cross_paper,train,1.0,0.7974821024024482,1.0,0.9324940341341494,395.8993170261383
N8_E11b_T12a,N8,amazon_agg_017,aggregate_cross_paper,test,0.75,0.3625828069628771,1.0,0.7041942689876257,395.8993170261383
N8_E11b_T12a,N8,amazon_agg_018,aggregate_cross_paper,train,0.4285714285714285,0.8468907795507035,1.0,0.7584874027073774,395.8993170261383
N8_E11b_T12a,N8,amazon_agg_019,aggregate_cross_paper,train,0.75,0.7639776761737331,0.75,0.7546592253912444,395.8993170261383
N8_E11b_T12a,N8,amazon_agg_020,aggregate_cross_paper,test,0.5,0.4507037908886344,1.0,0.6502345969628781,395.8993170261383
N8_E11b_T12a,N8,amazon_agg_021,aggregate_cross_paper,test,1.0,0.4296509767631642,1.0,0.8098836589210547,395.8993170261383
N8_E11b_T12a,N8,amazon_agg_022,aggregate_cross_paper,train,0.125,0.8176868134398686,1.0,0.6475622711466228,395.8993170261383
N8_E11b_T12a,N8,amazon_agg_023,aggregate_cross_paper,test,0.75,0.7274876313112095,1.0,0.8258292104370698,395.8993170261383
N8_E11b_T12a,N8,amazon_agg_024,aggregate_cross_paper,test,1.0,0.8719344730103181,1.0,0.9573114910034394,395.8993170261383
N8_E11b_T12a,N8,amazon_agg_025,aggregate_cross_paper,train,0.6,0.3858358580700983,1.0,0.6619452860233661,395.8993170261383
N8_E11b_T12a,N8,amazon_agg_026,aggregate_cross_paper,train,1.0,0.791066858455524,1.0,0.9303556194851748,395.8993170261383
N8_E11b_T12a,N8,amazon_agg_027,aggregate_cross_paper,train,0.4285714285714285,0.7108244068524927,1.0,0.7131319451413072,395.8993170261383
N8_E11b_T12a,N8,amazon_agg_028,aggregate_cross_paper,train,0.6666666666666666,0.8102666306496955,0.75,0.742311099105454,395.8993170261383
N8_E11b_T12a,N8,amazon_agg_029,aggregate_cross_paper,test,1.0,0.6550693668157231,1.0,0.8850231222719077,395.8993170261383
N8_E11b_T12a,N8,amazon_agg_030,aggregate_cross_paper,train,0.6,0.8330345088163164,1.0,0.8110115029387721,395.8993170261383
N8_E11b_T12a,N8,amazon_agg_031,aggregate_cross_paper,train,0.5,0.6704962335228463,1.0,0.7234987445076154,395.8993170261383
N8_E11b_T12a,N8,amazon_agg_032,aggregate_cross_paper,test,0.5714285714285714,0.8042016477604842,1.0,0.7918767397296852,395.8993170261383
N8_E11b_T12a,N8,amazon_edge_000,edge_multihop,test,1.0,0.0,1.0,0.6666666666666666,395.8993170261383
N8_E11b_T12a,N8,amazon_edge_001,edge_multihop,test,1.0,0.0,1.0,0.6666666666666666,395.8993170261383
N8_E11b_T12a,N8,amazon_edge_002,edge_multihop,test,1.0,0.0,0.0,0.3333333333333333,395.8993170261383
N8_E11b_T12a,N8,amazon_edge_003,edge_multihop,test,0.2857142857142857,0.7667161276532214,0.0,0.350810137789169,395.8993170261383
N8_E11b_T12a,N8,amazon_edge_004,edge_multihop,test,1.0,0.0,0.0,0.3333333333333333,395.8993170261383
N8_E11b_T12a,N8,amazon_edge_005,edge_multihop,train,0.8333333333333334,0.0,0.75,0.5277777777777778,395.8993170261383
N8_E11b_T12a,N8,amazon_edge_006,edge_multihop,test,0.6,0.9191348671410504,1.0,0.8397116223803502,395.8993170261383
N8_E11b_T12a,N8,amazon_edge_007,edge_multihop,test,0.75,0.0,0.0,0.25,395.8993170261383
N8_E11b_T12a,N8,amazon_edge_008,edge_multihop,test,1.0,0.0,0.0,0.3333333333333333,395.8993170261383
N8_E11b_T12a,N8,amazon_edge_009,edge_multihop,train,1.0,0.8078221335319636,0.5,0.7692740445106545,395.8993170261383
N8_E11b_T12a,N8,amazon_edge_010,edge_multihop,train,0.7142857142857143,0.9237089612525344,0.25,0.6293315585127496,395.8993170261383
N8_E11b_T12a,N8,amazon_edge_011,edge_multihop,test,0.7142857142857143,0.8882798307436044,0.5,0.7008551816764396,395.8993170261383
N8_E11b_T12a,N8,amazon_edge_012,edge_multihop,test,1.0,0.8905506875616714,1.0,0.9635168958538904,395.8993170261383
N8_E11b_T12a,N8,amazon_edge_013,edge_multihop,test,1.0,0.8836371498232681,0.0,0.6278790499410895,395.8993170261383
N8_E11b_T12a,N8,amazon_edge_014,edge_multihop,test,0.0,0.0,1.0,0.3333333333333333,395.8993170261383
N8_E11b_T12a,N8,amazon_edge_015,edge_multihop,train,1.0,0.0,0.0,0.3333333333333333,395.8993170261383
N8_E11b_T12a,N8,amazon_edge_016,edge_multihop,train,1.0,0.0,0.0,0.3333333333333333,395.8993170261383
N8_E11b_T12a,N8,amazon_edge_017,edge_multihop,train,0.8571428571428571,0.8385955459240526,0.0,0.5652461343556365,395.8993170261383
N8_E11b_T12a,N8,amazon_edge_018,edge_multihop,train,0.8,0.8976487584497755,0.75,0.8158829194832585,395.8993170261383
N8_E11b_T12a,N8,amazon_edge_019,edge_multihop,train,1.0,0.0,0.0,0.3333333333333333,395.8993170261383
N8_E11b_T12a,N8,amazon_edge_020,edge_multihop,train,0.7142857142857143,0.0,0.0,0.2380952380952381,395.8993170261383
N8_E11b_T12a,N8,amazon_edge_021,edge_multihop,test,1.0,0.0,0.0,0.3333333333333333,395.8993170261383
N8_E11b_T12a,N8,amazon_edge_022,edge_multihop,test,0.6,0.0,0.75,0.45,395.8993170261383
N8_E11b_T12a,N8,amazon_edge_023,edge_multihop,train,0.6,0.0,0.0,0.1999999999999999,395.8993170261383
N8_E11b_T12a,N8,amazon_edge_024,edge_multihop,train,0.25,0.0,0.0,0.0833333333333333,395.8993170261383
N8_E11b_T12a,N8,amazon_edge_025,edge_multihop,train,0.8,0.861778238181269,0.5,0.720592746060423,395.8993170261383
N8_E11b_T12a,N8,amazon_edge_026,edge_multihop,test,0.75,0.5507129629587364,0.0,0.4335709876529121,395.8993170261383
N8_E11b_T12a,N8,amazon_edge_027,edge_multihop,test,0.8571428571428571,0.8866936165324727,0.75,0.8312788245584434,395.8993170261383
N8_E11b_T12a,N8,amazon_edge_028,edge_multihop,test,0.75,0.9013486469996383,1.0,0.8837828823332128,395.8993170261383
N8_E11b_T12a,N8,amazon_edge_029,edge_multihop,train,0.7142857142857143,0.9124877289402592,0.5,0.7089244810753246,395.8993170261383
N8_E11b_T12a,N8,amazon_edge_030,edge_multihop,train,1.0,0.8684653551829689,0.5,0.7894884517276562,395.8993170261383
N8_E11b_T12a,N8,amazon_edge_031,edge_multihop,test,0.3333333333333333,0.0,0.25,0.1944444444444444,395.8993170261383
N8_E11b_T12a,N8,amazon_edge_032,edge_multihop,test,1.0,0.0,0.0,0.3333333333333333,395.8993170261383
N8_E11b_T12a,N8,amazon_edge_033,edge_multihop,test,0.7777777777777778,0.8632030752517531,1.0,0.8803269510098436,395.8993170261383
N8_E11b_T12a,N8,amazon_sh_035,single_specific,test,1.0,0.8945163474003821,1.0,0.964838782466794,395.8993170261383
N8_E11b_T12a,N8,amazon_sh_036,single_specific,train,0.5,0.9181255364124482,0.0,0.4727085121374827,395.8993170261383
N8_E11b_T12a,N8,amazon_sh_037,single_specific,test,1.0,0.0,0.0,0.3333333333333333,395.8993170261383
N8_E11b_T12a,N8,amazon_sh_038,single_specific,test,1.0,0.0,0.0,0.3333333333333333,395.8993170261383
N8_E11b_T12a,N8,amazon_sh_039,single_specific,test,1.0,0.8625418930708574,1.0,0.9541806310236192,395.8993170261383
N8_E11b_T12a,N8,amazon_sh_040,single_specific,train,1.0,0.0,0.0,0.3333333333333333,395.8993170261383
N8_E11b_T12a,N8,amazon_sh_041,single_specific,test,1.0,0.9075110864840172,1.0,0.9691703621613392,395.8993170261383
N8_E11b_T12a,N8,amazon_sh_042,single_specific,train,1.0,0.5913194683541393,0.5,0.6971064894513798,395.8993170261383
N8_E11b_T12a,N8,amazon_sh_043,single_specific,test,1.0,0.8622216344545605,1.0,0.95407387815152,395.8993170261383
N8_E11b_T12a,N8,amazon_sh_044,single_specific,train,1.0,0.9999996730029278,1.0,0.999999891000976,395.8993170261383
N8_E11b_T12a,N8,amazon_sh_045,single_specific,train,1.0,0.7753719139665795,1.0,0.9251239713221932,395.8993170261383
N8_E11b_T12a,N8,amazon_sh_046,single_specific,train,1.0,0.9236349693393074,1.0,0.9745449897797692,395.8993170261383
N8_E11b_T12a,N8,amazon_sh_047,single_specific,train,1.0,0.9815960039169656,1.0,0.9938653346389884,395.8993170261383
N8_E11b_T12a,N8,amazon_sh_048,single_specific,train,1.0,0.8406961424346716,1.0,0.9468987141448904,395.8993170261383
N8_E11b_T12a,N8,amazon_sh_049,single_specific,test,1.0,0.9155893182367169,1.0,0.9718631060789056,395.8993170261383
N8_E11b_T12a,N8,amazon_sh_050,single_specific,train,1.0,0.0,0.0,0.3333333333333333,395.8993170261383
N8_E11b_T12a,N8,amazon_sh_051,single_specific,test,1.0,0.963193889982174,1.0,0.9877312966607248,395.8993170261383
N8_E11b_T12a,N8,amazon_sh_052,single_specific,test,1.0,0.0,0.0,0.3333333333333333,395.8993170261383
N8_E11b_T12a,N8,amazon_sh_053,single_specific,train,1.0,0.8775825098734641,1.0,0.9591941699578214,395.8993170261383
N8_E11b_T12a,N8,amazon_sh_054,single_specific,test,1.0,1.0,1.0,1.0,395.8993170261383
N8_E11b_T12a,N8,amazon_sh_055,single_specific,test,0.2857142857142857,0.0,0.0,0.0952380952380952,395.8993170261383
N8_E11b_T12a,N8,amazon_sh_056,single_specific,test,0.6666666666666666,0.852848438044151,1.0,0.8398383682369391,395.8993170261383
N8_E11b_T12a,N8,amazon_sh_057,single_specific,train,1.0,0.4336653829917852,1.0,0.8112217943305952,395.8993170261383
N8_E11b_T12a,N8,amazon_sh_058,single_specific,test,1.0,0.9872242201079292,1.0,0.995741406702643,395.8993170261383
N8_E11b_T12a,N8,amazon_sh_059,single_specific,train,1.0,0.846648524268409,1.0,0.9488828414228032,395.8993170261383
N8_E11b_T12a,N8,amazon_sh_060,single_specific,train,1.0,1.0000000000000002,1.0,1.0,395.8993170261383
N8_E11b_T12a,N8,amazon_sh_061,single_specific,train,1.0,0.0,1.0,0.6666666666666666,395.8993170261383
N8_E11b_T12a,N8,amazon_sh_062,single_specific,train,1.0,0.0,1.0,0.6666666666666666,395.8993170261383
N8_E11b_T12a,N8,amazon_sh_063,single_specific,test,1.0,0.7490078505685894,1.0,0.9163359501895298,395.8993170261383
N8_E11b_T12a,N8,amazon_sh_064,single_specific,test,1.0,0.661867620941798,1.0,0.8872892069805993,395.8993170261383
N8_E11b_T12a,N8,amazon_sh_065,single_specific,train,0.75,0.0,0.75,0.5,395.8993170261383
N8_E11b_T12a,N8,amazon_sh_066,single_specific,test,1.0,0.9366921985951384,1.0,0.9788973995317128,395.8993170261383
N8_E11b_T12a,N8,amazon_sh_067,single_specific,test,1.0,0.808326483299748,1.0,0.9361088277665828,395.8993170261383
N8_E11b_T12a,N8,amazon_sh_068,single_specific,test,0.625,0.0,0.25,0.2916666666666667,395.8993170261383
N8_E11b_T12a,N8,amazon_sh_069,single_specific,test,1.0,0.9999995888544904,1.0,0.9999998629514968,395.8993170261383
N8_E11b_T12a,N8,amazon_sh_070,single_specific,test,1.0,0.6255174079695722,0.5,0.7085058026565241,395.8993170261383
N8_E11b_T12a,N8,amazon_sh_071,single_specific,train,0.7142857142857143,0.8507077987388586,0.5,0.688331171008191,395.8993170261383
N8_E11b_T12a,N8,amazon_sh_072,single_specific,test,1.0,0.8253659946815196,1.0,0.9417886648938398,395.8993170261383
N8_E11b_T12a,N8,amazon_sh_073,single_specific,test,0.5,0.999999596683168,1.0,0.8333331988943894,395.8993170261383
N8_E11b_T12a,N8,amazon_sh_074,single_specific,test,1.0,0.8448979245546782,1.0,0.9482993081848928,395.8993170261383
N8_E11b_T12a,N8,amazon_sh_075,single_specific,train,1.0,0.8740138587487348,1.0,0.9580046195829116,395.8993170261383
N8_E11b_T12a,N8,amazon_sh_076,single_specific,test,1.0,0.8917278381067476,1.0,0.9639092793689158,395.8993170261383
N8_E11b_T12a,N8,amazon_sh_077,single_specific,train,0.0,0.8443693400341697,0.0,0.2814564466780566,395.8993170261383
N8_E11b_T12a,N8,amazon_sh_078,single_specific,train,1.0,0.0,0.0,0.3333333333333333,395.8993170261383
N8_E11b_T12a,N8,amazon_sh_079,single_specific,test,1.0,0.8138548817682382,0.0,0.604618293922746,395.8993170261383
N8_E11b_T12a,N8,amazon_sh_080,single_specific,test,0.5,0.9683378248329052,0.0,0.4894459416109684,395.8993170261383
N8_E11b_T12a,N8,amazon_sh_081,single_specific,train,1.0,0.9932172109859058,1.0,0.9977390703286352,395.8993170261383
N8_E11b_T12a,N8,amazon_sh_082,single_specific,train,1.0,0.9999996738737372,1.0,0.9999998912912456,395.8993170261383
N8_E11b_T12b,N8,amazon_sh_000,single_specific,test,0.75,0.940328538378016,1.0,0.8967761794593386,402.0910439491272
N8_E11b_T12b,N8,amazon_sh_001,single_specific,test,0.6666666666666666,0.8860906558578922,1.0,0.8509191075081862,402.0910439491272
N8_E11b_T12b,N8,amazon_sh_002,single_specific,test,1.0,0.999999614695132,1.0,0.999999871565044,402.0910439491272
N8_E11b_T12b,N8,amazon_sh_003,single_specific,train,0.5,0.7393004250723858,1.0,0.7464334750241286,402.0910439491272
N8_E11b_T12b,N8,amazon_sh_004,single_specific,train,1.0,0.0,0.0,0.3333333333333333,402.0910439491272
N8_E11b_T12b,N8,amazon_sh_005,single_specific,train,1.0,0.9092301629325168,0.25,0.7197433876441722,402.0910439491272
N8_E11b_T12b,N8,amazon_sh_006,single_specific,train,1.0,0.9999996639244466,1.0,0.9999998879748156,402.0910439491272
N8_E11b_T12b,N8,amazon_sh_007,single_specific,train,1.0,0.8304812466855305,1.0,0.9434937488951768,402.0910439491272
N8_E11b_T12b,N8,amazon_sh_008,single_specific,train,1.0,0.8912115846824874,1.0,0.9637371948941624,402.0910439491272
N8_E11b_T12b,N8,amazon_sh_009,single_specific,train,0.5,0.8460429838952598,0.0,0.4486809946317532,402.0910439491272
N8_E11b_T12b,N8,amazon_sh_010,single_specific,test,1.0,0.968343485724524,1.0,0.9894478285748414,402.0910439491272
N8_E11b_T12b,N8,amazon_sh_011,single_specific,train,0.5,0.9413980329631922,1.0,0.813799344321064,402.0910439491272
N8_E11b_T12b,N8,amazon_sh_012,single_specific,train,0.5,0.0,1.0,0.5,402.0910439491272
N8_E11b_T12b,N8,amazon_sh_013,single_specific,train,0.5,0.7068129261903527,1.0,0.7356043087301175,402.0910439491272
N8_E11b_T12b,N8,amazon_sh_014,single_specific,train,1.0,0.6496274589798579,0.0,0.5498758196599526,402.0910439491272
N8_E11b_T12b,N8,amazon_sh_015,single_specific,test,1.0,0.9892142649131612,1.0,0.9964047549710536,402.0910439491272
N8_E11b_T12b,N8,amazon_sh_016,single_specific,test,1.0,0.933482136475678,1.0,0.977827378825226,402.0910439491272
N8_E11b_T12b,N8,amazon_sh_017,single_specific,test,1.0,0.8748462978600371,1.0,0.958282099286679,402.0910439491272
N8_E11b_T12b,N8,amazon_sh_018,single_specific,test,1.0,0.8175692217657984,0.0,0.6058564072552661,402.0910439491272
N8_E11b_T12b,N8,amazon_sh_019,single_specific,test,0.4,0.7479695518554321,0.25,0.4659898506184774,402.0910439491272
N8_E11b_T12b,N8,amazon_sh_020,single_specific,train,1.0,0.8839188413456126,1.0,0.9613062804485376,402.0910439491272
N8_E11b_T12b,N8,amazon_sh_021,single_specific,train,1.0,0.9367608133256224,1.0,0.9789202711085409,402.0910439491272
N8_E11b_T12b,N8,amazon_sh_022,single_specific,test,1.0,0.999999653202599,0.0,0.666666551067533,402.0910439491272
N8_E11b_T12b,N8,amazon_sh_023,single_specific,test,1.0,0.9035370092342716,1.0,0.9678456697447572,402.0910439491272
N8_E11b_T12b,N8,amazon_sh_024,single_specific,test,1.0,0.4633432686906502,1.0,0.8211144228968834,402.0910439491272
N8_E11b_T12b,N8,amazon_sh_025,single_specific,train,0.75,0.957380253274602,1.0,0.9024600844248672,402.0910439491272
N8_E11b_T12b,N8,amazon_sh_026,single_specific,train,1.0,0.8100183828731712,1.0,0.9366727942910572,402.0910439491272
N8_E11b_T12b,N8,amazon_sh_027,single_specific,test,1.0,0.9145888380019076,1.0,0.9715296126673024,402.0910439491272
N8_E11b_T12b,N8,amazon_sh_028,single_specific,train,1.0,0.8426696560119179,1.0,0.9475565520039728,402.0910439491272
N8_E11b_T12b,N8,amazon_sh_029,single_specific,test,1.0,0.0,0.0,0.3333333333333333,402.0910439491272
N8_E11b_T12b,N8,amazon_sh_030,single_specific,test,0.75,0.0,0.0,0.25,402.0910439491272
N8_E11b_T12b,N8,amazon_sh_031,single_specific,test,1.0,0.5365355063801597,1.0,0.8455118354600533,402.0910439491272
N8_E11b_T12b,N8,amazon_sh_032,single_specific,test,1.0,0.0,0.0,0.3333333333333333,402.0910439491272
N8_E11b_T12b,N8,amazon_sh_033,single_specific,train,0.6666666666666666,0.9251097485533614,0.75,0.780592138406676,402.0910439491272
N8_E11b_T12b,N8,amazon_sh_034,single_specific,train,1.0,0.9957399473094788,1.0,0.9985799824364928,402.0910439491272
N8_E11b_T12b,N8,amazon_agg_000,aggregate_cross_paper,train,1.0,0.7401305723966134,1.0,0.9133768574655378,402.0910439491272
N8_E11b_T12b,N8,amazon_agg_001,aggregate_cross_paper,test,1.0,0.7805995735847779,1.0,0.9268665245282594,402.0910439491272
N8_E11b_T12b,N8,amazon_agg_002,aggregate_cross_paper,test,1.0,0.5596010114431903,1.0,0.85320033714773,402.0910439491272
N8_E11b_T12b,N8,amazon_agg_003,aggregate_cross_paper,test,0.5,0.8549328635380199,1.0,0.78497762117934,402.0910439491272
N8_E11b_T12b,N8,amazon_agg_004,aggregate_cross_paper,train,0.8,0.4611433547488181,1.0,0.7537144515829395,402.0910439491272
N8_E11b_T12b,N8,amazon_agg_005,aggregate_cross_paper,train,0.6666666666666666,0.5006320524752087,1.0,0.7224329063806252,402.0910439491272
N8_E11b_T12b,N8,amazon_agg_006,aggregate_cross_paper,test,0.8333333333333334,0.5906112472066928,1.0,0.8079815268466755,402.0910439491272
N8_E11b_T12b,N8,amazon_agg_007,aggregate_cross_paper,train,1.0,0.6850788812492926,1.0,0.8950262937497642,402.0910439491272
N8_E11b_T12b,N8,amazon_agg_008,aggregate_cross_paper,test,0.6,0.541641728454625,1.0,0.7138805761515417,402.0910439491272
N8_E11b_T12b,N8,amazon_agg_009,aggregate_cross_paper,train,0.2857142857142857,0.7975254430591129,0.5,0.5277465762577995,402.0910439491272
N8_E11b_T12b,N8,amazon_agg_010,aggregate_cross_paper,train,0.8333333333333334,0.8004374073424004,1.0,0.8779235802252446,402.0910439491272
N8_E11b_T12b,N8,amazon_agg_011,aggregate_cross_paper,train,0.625,0.6148642232141522,1.0,0.7466214077380507,402.0910439491272
N8_E11b_T12b,N8,amazon_agg_012,aggregate_cross_paper,train,0.75,0.7408547602635218,1.0,0.8302849200878407,402.0910439491272
N8_E11b_T12b,N8,amazon_agg_013,aggregate_cross_paper,train,0.8333333333333334,0.8946482952465966,1.0,0.9093272095266434,402.0910439491272
N8_E11b_T12b,N8,amazon_agg_014,aggregate_cross_paper,test,0.5,0.7345885103728527,1.0,0.744862836790951,402.0910439491272
N8_E11b_T12b,N8,amazon_agg_015,aggregate_cross_paper,train,1.0,0.8521187254329395,0.5,0.7840395751443131,402.0910439491272
N8_E11b_T12b,N8,amazon_agg_016,aggregate_cross_paper,train,1.0,0.7975035176442319,1.0,0.9325011725480772,402.0910439491272
N8_E11b_T12b,N8,amazon_agg_017,aggregate_cross_paper,test,0.75,0.3406908130925978,1.0,0.6968969376975327,402.0910439491272
N8_E11b_T12b,N8,amazon_agg_018,aggregate_cross_paper,train,0.5714285714285714,0.8773103482464384,1.0,0.8162463065583365,402.0910439491272
N8_E11b_T12b,N8,amazon_agg_019,aggregate_cross_paper,train,0.7142857142857143,0.7886951916777841,0.75,0.7509936353211661,402.0910439491272
N8_E11b_T12b,N8,amazon_agg_020,aggregate_cross_paper,test,0.75,0.4506298978145008,1.0,0.7335432992715002,402.0910439491272
N8_E11b_T12b,N8,amazon_agg_021,aggregate_cross_paper,test,1.0,0.4296509767631642,1.0,0.8098836589210547,402.0910439491272
N8_E11b_T12b,N8,amazon_agg_022,aggregate_cross_paper,train,0.3,0.8176868134398686,1.0,0.7058956044799561,402.0910439491272
N8_E11b_T12b,N8,amazon_agg_023,aggregate_cross_paper,test,0.7142857142857143,0.7249285286114738,1.0,0.8130714142990628,402.0910439491272
N8_E11b_T12b,N8,amazon_agg_024,aggregate_cross_paper,test,0.2222222222222222,0.8719279731421613,1.0,0.6980500651214611,402.0910439491272
N8_E11b_T12b,N8,amazon_agg_025,aggregate_cross_paper,train,0.6,0.3859009994665784,1.0,0.6619669998221928,402.0910439491272
N8_E11b_T12b,N8,amazon_agg_026,aggregate_cross_paper,train,1.0,0.7910907467593778,1.0,0.930363582253126,402.0910439491272
N8_E11b_T12b,N8,amazon_agg_027,aggregate_cross_paper,train,0.7142857142857143,0.7108650234632069,1.0,0.8083835792496403,402.0910439491272
N8_E11b_T12b,N8,amazon_agg_028,aggregate_cross_paper,train,0.6666666666666666,0.8103050098600534,0.75,0.7423238921755733,402.0910439491272
N8_E11b_T12b,N8,amazon_agg_029,aggregate_cross_paper,test,1.0,0.6067462110986931,1.0,0.8689154036995643,402.0910439491272
N8_E11b_T12b,N8,amazon_agg_030,aggregate_cross_paper,train,0.5,0.819214265065114,1.0,0.7730714216883713,402.0910439491272
N8_E11b_T12b,N8,amazon_agg_031,aggregate_cross_paper,train,0.75,0.6705284821503031,1.0,0.8068428273834344,402.0910439491272
N8_E11b_T12b,N8,amazon_agg_032,aggregate_cross_paper,test,0.375,0.8135856047806693,1.0,0.7295285349268897,402.0910439491272
N8_E11b_T12b,N8,amazon_edge_000,edge_multihop,test,1.0,0.8673873047513948,1.0,0.9557957682504648,402.0910439491272
N8_E11b_T12b,N8,amazon_edge_001,edge_multihop,test,0.8,0.8903984949799977,1.0,0.8967994983266658,402.0910439491272
N8_E11b_T12b,N8,amazon_edge_002,edge_multihop,test,1.0,0.0,0.0,0.3333333333333333,402.0910439491272
N8_E11b_T12b,N8,amazon_edge_003,edge_multihop,test,0.2857142857142857,0.7670465582575724,0.0,0.3509202813239527,402.0910439491272
N8_E11b_T12b,N8,amazon_edge_004,edge_multihop,test,1.0,0.0,0.0,0.3333333333333333,402.0910439491272
N8_E11b_T12b,N8,amazon_edge_005,edge_multihop,train,0.8,0.0,0.75,0.5166666666666667,402.0910439491272
N8_E11b_T12b,N8,amazon_edge_006,edge_multihop,test,0.5,0.8961655136254965,1.0,0.7987218378751656,402.0910439491272
N8_E11b_T12b,N8,amazon_edge_007,edge_multihop,test,0.75,0.0,0.0,0.25,402.0910439491272
N8_E11b_T12b,N8,amazon_edge_008,edge_multihop,test,1.0,0.0,0.0,0.3333333333333333,402.0910439491272
N8_E11b_T12b,N8,amazon_edge_009,edge_multihop,train,1.0,0.8097603957171358,0.5,0.769920131905712,402.0910439491272
N8_E11b_T12b,N8,amazon_edge_010,edge_multihop,train,1.0,0.9237058219185746,0.5,0.8079019406395248,402.0910439491272
N8_E11b_T12b,N8,amazon_edge_011,edge_multihop,test,0.7142857142857143,0.8857845396951124,0.5,0.7000234179936089,402.0910439491272
N8_E11b_T12b,N8,amazon_edge_012,edge_multihop,test,1.0,0.8905644958631892,1.0,0.9635214986210632,402.0910439491272
N8_E11b_T12b,N8,amazon_edge_013,edge_multihop,test,1.0,0.8853710127020958,0.0,0.628457004234032,402.0910439491272
N8_E11b_T12b,N8,amazon_edge_014,edge_multihop,test,0.6,0.0,1.0,0.5333333333333333,402.0910439491272
N8_E11b_T12b,N8,amazon_edge_015,edge_multihop,train,1.0,0.0,0.0,0.3333333333333333,402.0910439491272
N8_E11b_T12b,N8,amazon_edge_016,edge_multihop,train,1.0,0.0,0.0,0.3333333333333333,402.0910439491272
N8_E11b_T12b,N8,amazon_edge_017,edge_multihop,train,0.8571428571428571,0.8385688580424503,0.0,0.5652372383951024,402.0910439491272
N8_E11b_T12b,N8,amazon_edge_018,edge_multihop,train,1.0,0.8461127565906585,0.75,0.8653709188635528,402.0910439491272
N8_E11b_T12b,N8,amazon_edge_019,edge_multihop,train,1.0,0.0,0.0,0.3333333333333333,402.0910439491272
N8_E11b_T12b,N8,amazon_edge_020,edge_multihop,train,0.8571428571428571,0.0,0.0,0.2857142857142857,402.0910439491272
N8_E11b_T12b,N8,amazon_edge_021,edge_multihop,test,1.0,0.0,0.0,0.3333333333333333,402.0910439491272
N8_E11b_T12b,N8,amazon_edge_022,edge_multihop,test,0.6,0.8208681874292655,0.5,0.6402893958097552,402.0910439491272
N8_E11b_T12b,N8,amazon_edge_023,edge_multihop,train,0.6,0.0,0.0,0.1999999999999999,402.0910439491272
N8_E11b_T12b,N8,amazon_edge_024,edge_multihop,train,0.25,0.0,0.0,0.0833333333333333,402.0910439491272
N8_E11b_T12b,N8,amazon_edge_025,edge_multihop,train,0.4,0.8614283902622479,0.5,0.5871427967540827,402.0910439491272
N8_E11b_T12b,N8,amazon_edge_026,edge_multihop,test,0.5,0.7332889204601394,0.0,0.4110963068200464,402.0910439491272
N8_E11b_T12b,N8,amazon_edge_027,edge_multihop,test,0.4285714285714285,0.8867058275694369,0.75,0.6884257520469551,402.0910439491272
N8_E11b_T12b,N8,amazon_edge_028,edge_multihop,test,0.8333333333333334,0.883772934062167,0.75,0.8223687557985001,402.0910439491272
N8_E11b_T12b,N8,amazon_edge_029,edge_multihop,train,0.7142857142857143,0.8712327179984086,0.5,0.6951728107613743,402.0910439491272
N8_E11b_T12b,N8,amazon_edge_030,edge_multihop,train,1.0,0.8886658294216959,0.5,0.7962219431405653,402.0910439491272
N8_E11b_T12b,N8,amazon_edge_031,edge_multihop,test,0.3333333333333333,0.0,0.25,0.1944444444444444,402.0910439491272
N8_E11b_T12b,N8,amazon_edge_032,edge_multihop,test,0.6666666666666666,0.0,0.0,0.2222222222222222,402.0910439491272
N8_E11b_T12b,N8,amazon_edge_033,edge_multihop,test,1.0,0.8727700099452979,1.0,0.9575900033150994,402.0910439491272
N8_E11b_T12b,N8,amazon_sh_035,single_specific,test,1.0,0.8748005830187334,1.0,0.9582668610062444,402.0910439491272
N8_E11b_T12b,N8,amazon_sh_036,single_specific,train,0.5,0.918085577400884,0.0,0.4726951924669613,402.0910439491272
N8_E11b_T12b,N8,amazon_sh_037,single_specific,test,1.0,0.0,0.0,0.3333333333333333,402.0910439491272
N8_E11b_T12b,N8,amazon_sh_038,single_specific,test,1.0,0.0,0.25,0.4166666666666667,402.0910439491272
N8_E11b_T12b,N8,amazon_sh_039,single_specific,test,1.0,0.8252279506906002,1.0,0.9417426502302,402.0910439491272
N8_E11b_T12b,N8,amazon_sh_040,single_specific,train,1.0,0.0,0.0,0.3333333333333333,402.0910439491272
N8_E11b_T12b,N8,amazon_sh_041,single_specific,test,1.0,0.9075110864840172,1.0,0.9691703621613392,402.0910439491272
N8_E11b_T12b,N8,amazon_sh_042,single_specific,train,0.8,0.5780860729274611,0.5,0.6260286909758204,402.0910439491272
N8_E11b_T12b,N8,amazon_sh_043,single_specific,test,0.6666666666666666,0.8274913884447332,1.0,0.8313860183704667,402.0910439491272
N8_E11b_T12b,N8,amazon_sh_044,single_specific,train,1.0,1.0,1.0,1.0,402.0910439491272
N8_E11b_T12b,N8,amazon_sh_045,single_specific,train,0.75,0.7752624813907986,1.0,0.8417541604635995,402.0910439491272
N8_E11b_T12b,N8,amazon_sh_046,single_specific,train,1.0,0.9236810994305216,1.0,0.9745603664768404,402.0910439491272
N8_E11b_T12b,N8,amazon_sh_047,single_specific,train,1.0,0.9816009685477778,1.0,0.993866989515926,402.0910439491272
N8_E11b_T12b,N8,amazon_sh_048,single_specific,train,1.0,0.8407020787625993,1.0,0.9469006929208664,402.0910439491272
N8_E11b_T12b,N8,amazon_sh_049,single_specific,test,1.0,0.9156096637646928,1.0,0.9718698879215644,402.0910439491272
N8_E11b_T12b,N8,amazon_sh_050,single_specific,train,1.0,0.0,0.0,0.3333333333333333,402.0910439491272
N8_E11b_T12b,N8,amazon_sh_051,single_specific,test,1.0,0.9631865247425196,1.0,0.9877288415808398,402.0910439491272
N8_E11b_T12b,N8,amazon_sh_052,single_specific,test,1.0,0.0,0.0,0.3333333333333333,402.0910439491272
N8_E11b_T12b,N8,amazon_sh_053,single_specific,train,1.0,0.8775754674833336,1.0,0.9591918224944446,402.0910439491272
N8_E11b_T12b,N8,amazon_sh_054,single_specific,test,1.0,0.999999592270859,1.0,0.9999998640902864,402.0910439491272
N8_E11b_T12b,N8,amazon_sh_055,single_specific,test,0.1666666666666666,0.0,0.0,0.0555555555555555,402.0910439491272
N8_E11b_T12b,N8,amazon_sh_056,single_specific,test,0.6666666666666666,0.8527737631607658,1.0,0.8398134766091442,402.0910439491272
N8_E11b_T12b,N8,amazon_sh_057,single_specific,train,1.0,0.4336653829917852,1.0,0.8112217943305952,402.0910439491272
N8_E11b_T12b,N8,amazon_sh_058,single_specific,test,1.0,0.9780029389971324,1.0,0.9926676463323776,402.0910439491272
N8_E11b_T12b,N8,amazon_sh_059,single_specific,train,1.0,0.8465826933407045,1.0,0.9488608977802347,402.0910439491272
N8_E11b_T12b,N8,amazon_sh_060,single_specific,train,1.0,0.9999996774349994,1.0,0.9999998924783332,402.0910439491272
N8_E11b_T12b,N8,amazon_sh_061,single_specific,train,1.0,0.0,1.0,0.6666666666666666,402.0910439491272
N8_E11b_T12b,N8,amazon_sh_062,single_specific,train,1.0,0.0,1.0,0.6666666666666666,402.0910439491272
N8_E11b_T12b,N8,amazon_sh_063,single_specific,test,1.0,0.7488708401404212,1.0,0.9162902800468072,402.0910439491272
N8_E11b_T12b,N8,amazon_sh_064,single_specific,test,1.0,0.6618483087948283,1.0,0.8872827695982761,402.0910439491272
N8_E11b_T12b,N8,amazon_sh_065,single_specific,train,0.75,0.0,0.75,0.5,402.0910439491272
N8_E11b_T12b,N8,amazon_sh_066,single_specific,test,1.0,0.9367189558557276,1.0,0.978906318618576,402.0910439491272
N8_E11b_T12b,N8,amazon_sh_067,single_specific,test,1.0,0.8083321360504476,1.0,0.9361107120168158,402.0910439491272
N8_E11b_T12b,N8,amazon_sh_068,single_specific,test,0.625,0.0,0.25,0.2916666666666667,402.0910439491272
N8_E11b_T12b,N8,amazon_sh_069,single_specific,test,1.0,0.9999257984238784,1.0,0.9999752661412928,402.0910439491272
N8_E11b_T12b,N8,amazon_sh_070,single_specific,test,1.0,0.6525082993585076,0.5,0.717502766452836,402.0910439491272
N8_E11b_T12b,N8,amazon_sh_071,single_specific,train,0.5714285714285714,0.8423978055808855,0.5,0.6379421256698189,402.0910439491272
N8_E11b_T12b,N8,amazon_sh_072,single_specific,test,1.0,0.8197614408495045,1.0,0.9399204802831682,402.0910439491272
N8_E11b_T12b,N8,amazon_sh_073,single_specific,test,0.5,0.9999995827803576,1.0,0.8333331942601192,402.0910439491272
N8_E11b_T12b,N8,amazon_sh_074,single_specific,test,1.0,0.8231790824173033,1.0,0.9410596941391012,402.0910439491272
N8_E11b_T12b,N8,amazon_sh_075,single_specific,train,1.0,0.9229101567004884,1.0,0.9743033855668296,402.0910439491272
N8_E11b_T12b,N8,amazon_sh_076,single_specific,test,1.0,0.9143705125758372,1.0,0.9714568375252792,402.0910439491272
N8_E11b_T12b,N8,amazon_sh_077,single_specific,train,0.0,0.8443605720355518,0.0,0.2814535240118506,402.0910439491272
N8_E11b_T12b,N8,amazon_sh_078,single_specific,train,1.0,0.0,0.0,0.3333333333333333,402.0910439491272
N8_E11b_T12b,N8,amazon_sh_079,single_specific,test,1.0,0.8138373624717784,0.0,0.6046124541572594,402.0910439491272
N8_E11b_T12b,N8,amazon_sh_080,single_specific,test,0.5,0.9683378248329052,0.0,0.4894459416109684,402.0910439491272
N8_E11b_T12b,N8,amazon_sh_081,single_specific,train,0.6666666666666666,0.9932172109859058,1.0,0.8866279592175242,402.0910439491272
N8_E11b_T12b,N8,amazon_sh_082,single_specific,train,1.0,1.0,1.0,1.0,402.0910439491272
N9_E10b_T12a,N9,amazon_sh_000,single_specific,test,0.75,0.9403350339968624,1.0,0.8967783446656208,447.46151399612427
N9_E10b_T12a,N9,amazon_sh_001,single_specific,test,0.5,0.8411757942708689,1.0,0.780391931423623,447.46151399612427
N9_E10b_T12a,N9,amazon_sh_002,single_specific,test,1.0,0.985963559209448,1.0,0.9953211864031494,447.46151399612427
N9_E10b_T12a,N9,amazon_sh_003,single_specific,train,1.0,0.8451348788578668,1.0,0.9483782929526222,447.46151399612427
N9_E10b_T12a,N9,amazon_sh_004,single_specific,train,0.6666666666666666,0.0,0.0,0.2222222222222222,447.46151399612427
N9_E10b_T12a,N9,amazon_sh_005,single_specific,train,1.0,0.9092427036396112,0.0,0.6364142345465371,447.46151399612427
N9_E10b_T12a,N9,amazon_sh_006,single_specific,train,1.0,1.0000000000000002,1.0,1.0,447.46151399612427
N9_E10b_T12a,N9,amazon_sh_007,single_specific,train,0.5,0.8609072067549878,1.0,0.7869690689183293,447.46151399612427
N9_E10b_T12a,N9,amazon_sh_008,single_specific,train,1.0,0.8951734238241057,1.0,0.9650578079413686,447.46151399612427
N9_E10b_T12a,N9,amazon_sh_009,single_specific,train,0.5,0.7978467447567935,0.0,0.4326155815855978,447.46151399612427
N9_E10b_T12a,N9,amazon_sh_010,single_specific,test,0.0,0.9683739048495736,1.0,0.6561246349498578,447.46151399612427
N9_E10b_T12a,N9,amazon_sh_011,single_specific,train,1.0,0.9414126641115916,1.0,0.9804708880371972,447.46151399612427
N9_E10b_T12a,N9,amazon_sh_012,single_specific,train,1.0,0.905845908158965,1.0,0.968615302719655,447.46151399612427
N9_E10b_T12a,N9,amazon_sh_013,single_specific,train,1.0,0.8794796009980288,1.0,0.9598265336660096,447.46151399612427
N9_E10b_T12a,N9,amazon_sh_014,single_specific,train,1.0,0.0,1.0,0.6666666666666666,447.46151399612427
N9_E10b_T12a,N9,amazon_sh_015,single_specific,test,1.0,0.9892142649131612,1.0,0.9964047549710536,447.46151399612427
N9_E10b_T12a,N9,amazon_sh_016,single_specific,test,1.0,0.9334718874052244,1.0,0.977823962468408,447.46151399612427
N9_E10b_T12a,N9,amazon_sh_017,single_specific,test,1.0,0.8748170651599895,1.0,0.95827235505333,447.46151399612427
N9_E10b_T12a,N9,amazon_sh_018,single_specific,test,1.0,0.946864045309291,1.0,0.982288015103097,447.46151399612427
N9_E10b_T12a,N9,amazon_sh_019,single_specific,test,0.7142857142857143,0.7123247525869354,0.0,0.4755368222908832,447.46151399612427
N9_E10b_T12a,N9,amazon_sh_020,single_specific,train,1.0,0.9470171018421906,1.0,0.9823390339473967,447.46151399612427
N9_E10b_T12a,N9,amazon_sh_021,single_specific,train,1.0,0.9367968251423322,1.0,0.9789322750474442,447.46151399612427
N9_E10b_T12a,N9,amazon_sh_022,single_specific,test,0.5,0.9999996407447644,0.0,0.4999998802482547,447.46151399612427
N9_E10b_T12a,N9,amazon_sh_023,single_specific,test,1.0,0.8911233132301062,1.0,0.963707771076702,447.46151399612427
N9_E10b_T12a,N9,amazon_sh_024,single_specific,test,1.0,0.4233323400989128,1.0,0.8077774466996376,447.46151399612427
N9_E10b_T12a,N9,amazon_sh_025,single_specific,train,0.75,0.9565693440004532,1.0,0.9021897813334844,447.46151399612427
N9_E10b_T12a,N9,amazon_sh_026,single_specific,train,0.5,0.8100540930793697,1.0,0.7700180310264565,447.46151399612427
N9_E10b_T12a,N9,amazon_sh_027,single_specific,test,0.75,0.9145888380019076,1.0,0.8881962793339692,447.46151399612427
N9_E10b_T12a,N9,amazon_sh_028,single_specific,train,1.0,0.0,0.0,0.3333333333333333,447.46151399612427
N9_E10b_T12a,N9,amazon_sh_029,single_specific,test,0.5,0.0,0.0,0.1666666666666666,447.46151399612427
N9_E10b_T12a,N9,amazon_sh_030,single_specific,test,0.0,0.828101083214516,0.0,0.2760336944048386,447.46151399612427
N9_E10b_T12a,N9,amazon_sh_031,single_specific,test,1.0,0.977419566206427,1.0,0.9924731887354756,447.46151399612427
N9_E10b_T12a,N9,amazon_sh_032,single_specific,test,1.0,0.0,0.0,0.3333333333333333,447.46151399612427
N9_E10b_T12a,N9,amazon_sh_033,single_specific,train,0.0,0.9276949913725728,0.0,0.3092316637908576,447.46151399612427
N9_E10b_T12a,N9,amazon_sh_034,single_specific,train,1.0,0.9957749096223016,1.0,0.9985916365407672,447.46151399612427
N9_E10b_T12a,N9,amazon_agg_000,aggregate_cross_paper,train,0.6666666666666666,0.8284113035216465,1.0,0.8316926567294377,447.46151399612427
N9_E10b_T12a,N9,amazon_agg_001,aggregate_cross_paper,test,1.0,0.7993074588141905,1.0,0.9331024862713968,447.46151399612427
N9_E10b_T12a,N9,amazon_agg_002,aggregate_cross_paper,test,0.5,0.4849566671544498,1.0,0.6616522223848166,447.46151399612427
N9_E10b_T12a,N9,amazon_agg_003,aggregate_cross_paper,test,1.0,0.8549413723815368,1.0,0.951647124127179,447.46151399612427
N9_E10b_T12a,N9,amazon_agg_004,aggregate_cross_paper,train,1.0,0.4762857707479604,1.0,0.8254285902493201,447.46151399612427
N9_E10b_T12a,N9,amazon_agg_005,aggregate_cross_paper,train,0.75,0.4109781726712837,1.0,0.7203260575570946,447.46151399612427
N9_E10b_T12a,N9,amazon_agg_006,aggregate_cross_paper,test,1.0,0.5423251956959637,1.0,0.8474417318986546,447.46151399612427
N9_E10b_T12a,N9,amazon_agg_007,aggregate_cross_paper,train,0.6,0.5357342400589712,1.0,0.7119114133529904,447.46151399612427
N9_E10b_T12a,N9,amazon_agg_008,aggregate_cross_paper,test,0.6,0.0,1.0,0.5333333333333333,447.46151399612427
N9_E10b_T12a,N9,amazon_agg_009,aggregate_cross_paper,train,0.25,0.797851685920741,0.5,0.5159505619735804,447.46151399612427
N9_E10b_T12a,N9,amazon_agg_010,aggregate_cross_paper,train,0.6666666666666666,0.6616904319916032,1.0,0.7761190328860899,447.46151399612427
N9_E10b_T12a,N9,amazon_agg_011,aggregate_cross_paper,train,0.3333333333333333,0.5748723911202891,1.0,0.6360685748178742,447.46151399612427
N9_E10b_T12a,N9,amazon_agg_012,aggregate_cross_paper,train,0.25,0.7736830173868872,0.75,0.5912276724622957,447.46151399612427
N9_E10b_T12a,N9,amazon_agg_013,aggregate_cross_paper,train,0.6666666666666666,0.7520351529856041,1.0,0.8062339398840903,447.46151399612427
N9_E10b_T12a,N9,amazon_agg_014,aggregate_cross_paper,test,0.4,0.5921314913995519,1.0,0.6640438304665173,447.46151399612427
N9_E10b_T12a,N9,amazon_agg_015,aggregate_cross_paper,train,0.6666666666666666,0.8470818207263547,0.5,0.6712494957976739,447.46151399612427
N9_E10b_T12a,N9,amazon_agg_016,aggregate_cross_paper,train,1.0,0.7953406110063529,1.0,0.9317802036687844,447.46151399612427
N9_E10b_T12a,N9,amazon_agg_017,aggregate_cross_paper,test,1.0,0.392416993866287,1.0,0.7974723312887623,447.46151399612427
N9_E10b_T12a,N9,amazon_agg_018,aggregate_cross_paper,train,1.0,0.7045620831885068,1.0,0.901520694396169,447.46151399612427
N9_E10b_T12a,N9,amazon_agg_019,aggregate_cross_paper,train,0.6666666666666666,0.7942587793320643,0.0,0.4869751486662436,447.46151399612427
N9_E10b_T12a,N9,amazon_agg_020,aggregate_cross_paper,test,0.8,0.8768196180334163,1.0,0.8922732060111388,447.46151399612427
N9_E10b_T12a,N9,amazon_agg_021,aggregate_cross_paper,test,1.0,0.4899797233480136,1.0,0.8299932411160045,447.46151399612427
N9_E10b_T12a,N9,amazon_agg_022,aggregate_cross_paper,train,0.6,0.8176878460818893,1.0,0.8058959486939631,447.46151399612427
N9_E10b_T12a,N9,amazon_agg_023,aggregate_cross_paper,test,0.6666666666666666,0.7015124481465295,1.0,0.7893930382710653,447.46151399612427
N9_E10b_T12a,N9,amazon_agg_024,aggregate_cross_paper,test,0.8333333333333334,0.8709147930221773,1.0,0.9014160421185036,447.46151399612427
N9_E10b_T12a,N9,amazon_agg_025,aggregate_cross_paper,train,0.75,0.4931437992073355,0.5,0.5810479330691118,447.46151399612427
N9_E10b_T12a,N9,amazon_agg_026,aggregate_cross_paper,train,1.0,0.7911204779853325,1.0,0.9303734926617776,447.46151399612427
N9_E10b_T12a,N9,amazon_agg_027,aggregate_cross_paper,train,0.75,0.540960167946491,1.0,0.763653389315497,447.46151399612427
N9_E10b_T12a,N9,amazon_agg_028,aggregate_cross_paper,train,0.6666666666666666,0.6245236163633351,1.0,0.7637300943433338,447.46151399612427
N9_E10b_T12a,N9,amazon_agg_029,aggregate_cross_paper,test,1.0,0.6109961223912098,1.0,0.8703320407970699,447.46151399612427
N9_E10b_T12a,N9,amazon_agg_030,aggregate_cross_paper,train,0.75,0.7680620313769911,0.5,0.6726873437923304,447.46151399612427
N9_E10b_T12a,N9,amazon_agg_031,aggregate_cross_paper,train,0.5,0.8272315207347982,1.0,0.7757438402449327,447.46151399612427
N9_E10b_T12a,N9,amazon_agg_032,aggregate_cross_paper,test,0.7,0.8143265621322526,1.0,0.8381088540440841,447.46151399612427
N9_E10b_T12a,N9,amazon_edge_000,edge_multihop,test,1.0,0.0,0.0,0.3333333333333333,447.46151399612427
N9_E10b_T12a,N9,amazon_edge_001,edge_multihop,test,0.7142857142857143,0.8655155995332827,0.0,0.5266004379396657,447.46151399612427
N9_E10b_T12a,N9,amazon_edge_002,edge_multihop,test,0.8,0.9282759368948308,0.5,0.7427586456316103,447.46151399612427
N9_E10b_T12a,N9,amazon_edge_003,edge_multihop,test,1.0,0.8521915117253362,0.25,0.7007305039084454,447.46151399612427
N9_E10b_T12a,N9,amazon_edge_004,edge_multihop,test,1.0,0.8158383797083183,0.75,0.8552794599027728,447.46151399612427
N9_E10b_T12a,N9,amazon_edge_005,edge_multihop,train,0.8333333333333334,0.9080307780585803,0.0,0.5804547037973046,447.46151399612427
N9_E10b_T12a,N9,amazon_edge_006,edge_multihop,test,0.75,0.0,0.0,0.25,447.46151399612427
N9_E10b_T12a,N9,amazon_edge_007,edge_multihop,test,1.0,0.0,0.0,0.3333333333333333,447.46151399612427
N9_E10b_T12a,N9,amazon_edge_008,edge_multihop,test,1.0,0.0,0.0,0.3333333333333333,447.46151399612427
N9_E10b_T12a,N9,amazon_edge_009,edge_multihop,train,1.0,0.0,1.0,0.6666666666666666,447.46151399612427
N9_E10b_T12a,N9,amazon_edge_010,edge_multihop,train,0.6,0.9136981078405216,0.5,0.6712327026135072,447.46151399612427
N9_E10b_T12a,N9,amazon_edge_011,edge_multihop,test,0.5714285714285714,0.9161833866186472,0.0,0.4958706526824061,447.46151399612427
N9_E10b_T12a,N9,amazon_edge_012,edge_multihop,test,1.0,0.8905644958631892,0.5,0.7968548319543963,447.46151399612427
N9_E10b_T12a,N9,amazon_edge_013,edge_multihop,test,0.8,0.885340468433874,0.0,0.5617801561446246,447.46151399612427
N9_E10b_T12a,N9,amazon_edge_014,edge_multihop,test,1.0,0.8728977843192661,0.5,0.790965928106422,447.46151399612427
N9_E10b_T12a,N9,amazon_edge_015,edge_multihop,train,0.8333333333333334,0.0,0.0,0.2777777777777778,447.46151399612427
N9_E10b_T12a,N9,amazon_edge_016,edge_multihop,train,0.8,0.8814538385615229,0.25,0.6438179461871744,447.46151399612427
N9_E10b_T12a,N9,amazon_edge_017,edge_multihop,train,0.875,0.8551492788462239,0.0,0.5767164262820746,447.46151399612427
N9_E10b_T12a,N9,amazon_edge_018,edge_multihop,train,1.0,0.0,0.25,0.4166666666666667,447.46151399612427
N9_E10b_T12a,N9,amazon_edge_019,edge_multihop,train,0.8,0.0,0.5,0.4333333333333333,447.46151399612427
N9_E10b_T12a,N9,amazon_edge_020,edge_multihop,train,0.6666666666666666,0.9149777200788444,0.75,0.777214795581837,447.46151399612427
N9_E10b_T12a,N9,amazon_edge_021,edge_multihop,test,1.0,0.8475541901833934,0.25,0.699184730061131,447.46151399612427
N9_E10b_T12a,N9,amazon_edge_022,edge_multihop,test,1.0,0.0,0.0,0.3333333333333333,447.46151399612427
N9_E10b_T12a,N9,amazon_edge_023,edge_multihop,train,1.0,0.8342650194331909,0.5,0.7780883398110636,447.46151399612427
N9_E10b_T12a,N9,amazon_edge_024,edge_multihop,train,0.7142857142857143,0.8095761845589298,0.0,0.5079539662815481,447.46151399612427
N9_E10b_T12a,N9,amazon_edge_025,edge_multihop,train,0.75,0.8928654288861304,0.0,0.5476218096287101,447.46151399612427
N9_E10b_T12a,N9,amazon_edge_026,edge_multihop,test,0.7142857142857143,0.817784809337158,1.0,0.8440235078742907,447.46151399612427
N9_E10b_T12a,N9,amazon_edge_027,edge_multihop,test,0.6666666666666666,0.0,0.0,0.2222222222222222,447.46151399612427
N9_E10b_T12a,N9,amazon_edge_028,edge_multihop,test,1.0,0.8350835071293505,0.5,0.7783611690431168,447.46151399612427
N9_E10b_T12a,N9,amazon_edge_029,edge_multihop,train,1.0,0.8618836514578113,0.0,0.6206278838192705,447.46151399612427
N9_E10b_T12a,N9,amazon_edge_030,edge_multihop,train,1.0,0.9436419945934033,0.0,0.6478806648644677,447.46151399612427
N9_E10b_T12a,N9,amazon_edge_031,edge_multihop,test,1.0,0.0,0.0,0.3333333333333333,447.46151399612427
N9_E10b_T12a,N9,amazon_edge_032,edge_multihop,test,1.0,0.0,0.0,0.3333333333333333,447.46151399612427
N9_E10b_T12a,N9,amazon_edge_033,edge_multihop,test,0.8571428571428571,0.872806197239935,0.0,0.576649684794264,447.46151399612427
N9_E10b_T12a,N9,amazon_sh_035,single_specific,test,1.0,0.9656553689900834,1.0,0.9885517896633612,447.46151399612427
N9_E10b_T12a,N9,amazon_sh_036,single_specific,train,1.0,0.9180354660835832,1.0,0.9726784886945278,447.46151399612427
N9_E10b_T12a,N9,amazon_sh_037,single_specific,test,0.5,0.9922484742696795,1.0,0.8307494914232265,447.46151399612427
N9_E10b_T12a,N9,amazon_sh_038,single_specific,test,0.5,0.504611131891194,1.0,0.6682037106303981,447.46151399612427
N9_E10b_T12a,N9,amazon_sh_039,single_specific,test,1.0,0.8625418930708574,0.5,0.7875139643569525,447.46151399612427
N9_E10b_T12a,N9,amazon_sh_040,single_specific,train,1.0,0.0,0.0,0.3333333333333333,447.46151399612427
N9_E10b_T12a,N9,amazon_sh_041,single_specific,test,1.0,0.9075110864840172,1.0,0.9691703621613392,447.46151399612427
N9_E10b_T12a,N9,amazon_sh_042,single_specific,train,1.0,0.4204059726866359,0.5,0.6401353242288786,447.46151399612427
N9_E10b_T12a,N9,amazon_sh_043,single_specific,test,1.0,0.9781105388154456,1.0,0.992703512938482,447.46151399612427
N9_E10b_T12a,N9,amazon_sh_044,single_specific,train,0.6666666666666666,0.8586487633755122,1.0,0.8417718100140595,447.46151399612427
N9_E10b_T12a,N9,amazon_sh_045,single_specific,train,1.0,0.906464395298367,1.0,0.9688214650994555,447.46151399612427
N9_E10b_T12a,N9,amazon_sh_046,single_specific,train,1.0,1.0,1.0,1.0,447.46151399612427
N9_E10b_T12a,N9,amazon_sh_047,single_specific,train,1.0,0.9815918692861384,1.0,0.9938639564287128,447.46151399612427
N9_E10b_T12a,N9,amazon_sh_048,single_specific,train,0.3333333333333333,0.8407127978319445,1.0,0.7246820437217593,447.46151399612427
N9_E10b_T12a,N9,amazon_sh_049,single_specific,test,1.0,0.0,0.0,0.3333333333333333,447.46151399612427
N9_E10b_T12a,N9,amazon_sh_050,single_specific,train,1.0,0.8989816197818025,1.0,0.966327206593934,447.46151399612427
N9_E10b_T12a,N9,amazon_sh_051,single_specific,test,1.0,0.9754497428900064,1.0,0.9918165809633354,447.46151399612427
N9_E10b_T12a,N9,amazon_sh_052,single_specific,test,1.0,0.9174100215706552,1.0,0.9724700071902184,447.46151399612427
N9_E10b_T12a,N9,amazon_sh_053,single_specific,train,1.0,0.0,0.0,0.3333333333333333,447.46151399612427
N9_E10b_T12a,N9,amazon_sh_054,single_specific,test,1.0,1.0,1.0,1.0,447.46151399612427
N9_E10b_T12a,N9,amazon_sh_055,single_specific,test,0.75,0.9322103515861654,1.0,0.8940701171953885,447.46151399612427
N9_E10b_T12a,N9,amazon_sh_056,single_specific,test,1.0,0.0,0.0,0.3333333333333333,447.46151399612427
N9_E10b_T12a,N9,amazon_sh_057,single_specific,train,1.0,0.5668227515169627,1.0,0.8556075838389875,447.46151399612427
N9_E10b_T12a,N9,amazon_sh_058,single_specific,test,1.0,0.9780029389971324,1.0,0.9926676463323776,447.46151399612427
N9_E10b_T12a,N9,amazon_sh_059,single_specific,train,1.0,0.9640609724889458,1.0,0.988020324162982,447.46151399612427
N9_E10b_T12a,N9,amazon_sh_060,single_specific,train,1.0,1.0000000000000002,1.0,1.0,447.46151399612427
N9_E10b_T12a,N9,amazon_sh_061,single_specific,train,1.0,0.8664554449707146,1.0,0.9554851483235716,447.46151399612427
N9_E10b_T12a,N9,amazon_sh_062,single_specific,train,1.0,0.9613552859591455,1.0,0.9871184286530484,447.46151399612427
N9_E10b_T12a,N9,amazon_sh_063,single_specific,test,1.0,0.8740013236375669,1.0,0.9580004412125224,447.46151399612427
N9_E10b_T12a,N9,amazon_sh_064,single_specific,test,1.0,0.661867620941798,1.0,0.8872892069805993,447.46151399612427
N9_E10b_T12a,N9,amazon_sh_065,single_specific,train,1.0,0.9999996525568456,0.5,0.8333332175189486,447.46151399612427
N9_E10b_T12a,N9,amazon_sh_066,single_specific,test,1.0,0.9026898388084096,1.0,0.9675632796028032,447.46151399612427
N9_E10b_T12a,N9,amazon_sh_067,single_specific,test,1.0,0.7467902646037103,0.75,0.8322634215345701,447.46151399612427
N9_E10b_T12a,N9,amazon_sh_068,single_specific,test,1.0,0.7344907138050383,0.5,0.7448302379350128,447.46151399612427
N9_E10b_T12a,N9,amazon_sh_069,single_specific,test,1.0,0.0,0.75,0.5833333333333334,447.46151399612427
N9_E10b_T12a,N9,amazon_sh_070,single_specific,test,0.5,0.6981452046632245,0.25,0.4827150682210748,447.46151399612427
N9_E10b_T12a,N9,amazon_sh_071,single_specific,train,0.75,0.7430318918216154,1.0,0.8310106306072051,447.46151399612427
N9_E10b_T12a,N9,amazon_sh_072,single_specific,test,1.0,0.8254103589277508,1.0,0.9418034529759168,447.46151399612427
N9_E10b_T12a,N9,amazon_sh_073,single_specific,test,0.5,0.9999995485374316,1.0,0.8333331828458106,447.46151399612427
N9_E10b_T12a,N9,amazon_sh_074,single_specific,test,1.0,0.8825183907933352,1.0,0.9608394635977784,447.46151399612427
N9_E10b_T12a,N9,amazon_sh_075,single_specific,train,1.0,0.9120452317686896,1.0,0.9706817439228964,447.46151399612427
N9_E10b_T12a,N9,amazon_sh_076,single_specific,test,1.0,0.914368574132738,1.0,0.9714561913775794,447.46151399612427
N9_E10b_T12a,N9,amazon_sh_077,single_specific,train,1.0,0.9999996575201971,1.0,0.9999998858400656,447.46151399612427
N9_E10b_T12a,N9,amazon_sh_078,single_specific,train,0.6666666666666666,0.9996146822034896,1.0,0.8887604496233853,447.46151399612427
N9_E10b_T12a,N9,amazon_sh_079,single_specific,test,1.0,0.7683247493895353,0.0,0.5894415831298451,447.46151399612427
N9_E10b_T12a,N9,amazon_sh_080,single_specific,test,1.0,0.7744163106143948,1.0,0.9248054368714648,447.46151399612427
N9_E10b_T12a,N9,amazon_sh_081,single_specific,train,0.5,0.8653811090052924,1.0,0.7884603696684308,447.46151399612427
N9_E10b_T12a,N9,amazon_sh_082,single_specific,train,1.0,1.0,1.0,1.0,447.46151399612427
N9_E10b_T12b,N9,amazon_sh_000,single_specific,test,1.0,0.940328538378016,1.0,0.980109512792672,409.7825548648834
N9_E10b_T12b,N9,amazon_sh_001,single_specific,test,0.5,0.8411644786139568,1.0,0.7803881595379857,409.7825548648834
N9_E10b_T12b,N9,amazon_sh_002,single_specific,test,1.0,0.985963559209448,1.0,0.9953211864031494,409.7825548648834
N9_E10b_T12b,N9,amazon_sh_003,single_specific,train,1.0,0.8451348788578668,1.0,0.9483782929526222,409.7825548648834
N9_E10b_T12b,N9,amazon_sh_004,single_specific,train,1.0,0.0,0.0,0.3333333333333333,409.7825548648834
N9_E10b_T12b,N9,amazon_sh_005,single_specific,train,1.0,0.9092634398046068,0.0,0.6364211466015356,409.7825548648834
N9_E10b_T12b,N9,amazon_sh_006,single_specific,train,1.0,0.999999653772193,1.0,0.9999998845907312,409.7825548648834
N9_E10b_T12b,N9,amazon_sh_007,single_specific,train,0.6666666666666666,0.5789722549566874,1.0,0.7485463072077847,409.7825548648834
N9_E10b_T12b,N9,amazon_sh_008,single_specific,train,1.0,0.8951734238241057,1.0,0.9650578079413686,409.7825548648834
N9_E10b_T12b,N9,amazon_sh_009,single_specific,train,0.5,0.7978179681051673,0.0,0.4326059893683891,409.7825548648834
N9_E10b_T12b,N9,amazon_sh_010,single_specific,test,0.0,0.968343485724524,1.0,0.656114495241508,409.7825548648834
N9_E10b_T12b,N9,amazon_sh_011,single_specific,train,1.0,0.9413855073423304,1.0,0.9804618357807768,409.7825548648834
N9_E10b_T12b,N9,amazon_sh_012,single_specific,train,1.0,0.9058719284353532,1.0,0.9686239761451176,409.7825548648834
N9_E10b_T12b,N9,amazon_sh_013,single_specific,train,1.0,0.8794796009980288,1.0,0.9598265336660096,409.7825548648834
N9_E10b_T12b,N9,amazon_sh_014,single_specific,train,1.0,0.0,1.0,0.6666666666666666,409.7825548648834
N9_E10b_T12b,N9,amazon_sh_015,single_specific,test,1.0,0.9604531986954622,1.0,0.9868177328984874,409.7825548648834
N9_E10b_T12b,N9,amazon_sh_016,single_specific,test,1.0,0.933482136475678,1.0,0.977827378825226,409.7825548648834
N9_E10b_T12b,N9,amazon_sh_017,single_specific,test,1.0,0.8748462978600371,1.0,0.958282099286679,409.7825548648834
N9_E10b_T12b,N9,amazon_sh_018,single_specific,test,1.0,0.9468498926677807,1.0,0.9822832975559268,409.7825548648834
N9_E10b_T12b,N9,amazon_sh_019,single_specific,test,0.8571428571428571,0.5143356759363609,1.0,0.7904928443597393,409.7825548648834
N9_E10b_T12b,N9,amazon_sh_020,single_specific,train,1.0,0.9435979744567212,1.0,0.981199324818907,409.7825548648834
N9_E10b_T12b,N9,amazon_sh_021,single_specific,train,1.0,0.9367674307585664,1.0,0.978922476919522,409.7825548648834
N9_E10b_T12b,N9,amazon_sh_022,single_specific,test,0.5,0.8422643725215062,0.0,0.4474214575071687,409.7825548648834
N9_E10b_T12b,N9,amazon_sh_023,single_specific,test,1.0,0.8911371700212998,1.0,0.9637123900071,409.7825548648834
N9_E10b_T12b,N9,amazon_sh_024,single_specific,test,1.0,0.564313429932153,1.0,0.8547711433107178,409.7825548648834
N9_E10b_T12b,N9,amazon_sh_025,single_specific,train,0.75,0.9565641427043792,1.0,0.9021880475681264,409.7825548648834
N9_E10b_T12b,N9,amazon_sh_026,single_specific,train,0.5,0.8100540930793698,1.0,0.7700180310264567,409.7825548648834
N9_E10b_T12b,N9,amazon_sh_027,single_specific,test,0.75,0.9145888380019078,1.0,0.8881962793339694,409.7825548648834
N9_E10b_T12b,N9,amazon_sh_028,single_specific,train,1.0,0.0,0.0,0.3333333333333333,409.7825548648834
N9_E10b_T12b,N9,amazon_sh_029,single_specific,test,0.5,0.0,0.0,0.1666666666666666,409.7825548648834
N9_E10b_T12b,N9,amazon_sh_030,single_specific,test,0.5,0.8281405331523737,0.0,0.4427135110507912,409.7825548648834
N9_E10b_T12b,N9,amazon_sh_031,single_specific,test,1.0,0.977419566206427,1.0,0.9924731887354756,409.7825548648834
N9_E10b_T12b,N9,amazon_sh_032,single_specific,test,1.0,0.0,0.0,0.3333333333333333,409.7825548648834
N9_E10b_T12b,N9,amazon_sh_033,single_specific,train,0.0,0.93953875365412,0.0,0.3131795845513733,409.7825548648834
N9_E10b_T12b,N9,amazon_sh_034,single_specific,train,1.0,0.9957728779710774,1.0,0.9985909593236924,409.7825548648834
N9_E10b_T12b,N9,amazon_agg_000,aggregate_cross_paper,train,0.6666666666666666,0.8284334481543082,1.0,0.8317000382736582,409.7825548648834
N9_E10b_T12b,N9,amazon_agg_001,aggregate_cross_paper,test,0.875,0.8429236190546376,1.0,0.9059745396848792,409.7825548648834
N9_E10b_T12b,N9,amazon_agg_002,aggregate_cross_paper,test,1.0,0.5126392316731091,1.0,0.8375464105577031,409.7825548648834
N9_E10b_T12b,N9,amazon_agg_003,aggregate_cross_paper,test,0.8,0.85514219411502,1.0,0.8850473980383401,409.7825548648834
N9_E10b_T12b,N9,amazon_agg_004,aggregate_cross_paper,train,0.6666666666666666,0.4762175764081783,1.0,0.714294747691615,409.7825548648834
N9_E10b_T12b,N9,amazon_agg_005,aggregate_cross_paper,train,0.75,0.4109781726712836,0.75,0.6369927242237612,409.7825548648834
N9_E10b_T12b,N9,amazon_agg_006,aggregate_cross_paper,test,1.0,0.546773528173437,1.0,0.8489245093911456,409.7825548648834
N9_E10b_T12b,N9,amazon_agg_007,aggregate_cross_paper,train,0.6,0.5382066763400309,1.0,0.7127355587800103,409.7825548648834
N9_E10b_T12b,N9,amazon_agg_008,aggregate_cross_paper,test,0.6,0.0,1.0,0.5333333333333333,409.7825548648834
N9_E10b_T12b,N9,amazon_agg_009,aggregate_cross_paper,train,0.2222222222222222,0.7975126522971255,0.5,0.5065782915064493,409.7825548648834
N9_E10b_T12b,N9,amazon_agg_010,aggregate_cross_paper,train,0.6666666666666666,0.6900238429343291,1.0,0.7855635032003319,409.7825548648834
N9_E10b_T12b,N9,amazon_agg_011,aggregate_cross_paper,train,0.3333333333333333,0.5437386990749674,1.0,0.6256906774694336,409.7825548648834
N9_E10b_T12b,N9,amazon_agg_012,aggregate_cross_paper,train,0.5,0.7714528744173695,0.75,0.6738176248057899,409.7825548648834
N9_E10b_T12b,N9,amazon_agg_013,aggregate_cross_paper,train,0.75,0.6999463510830608,1.0,0.8166487836943537,409.7825548648834
N9_E10b_T12b,N9,amazon_agg_014,aggregate_cross_paper,test,0.6,0.6717161949194167,1.0,0.7572387316398056,409.7825548648834
N9_E10b_T12b,N9,amazon_agg_015,aggregate_cross_paper,train,1.0,0.8471244813342839,0.5,0.782374827111428,409.7825548648834
N9_E10b_T12b,N9,amazon_agg_016,aggregate_cross_paper,train,0.875,0.795345506172429,1.0,0.890115168724143,409.7825548648834
N9_E10b_T12b,N9,amazon_agg_017,aggregate_cross_paper,test,1.0,0.4392798502946551,1.0,0.8130932834315517,409.7825548648834
N9_E10b_T12b,N9,amazon_agg_018,aggregate_cross_paper,train,1.0,0.6903714672280755,1.0,0.8967904890760252,409.7825548648834
N9_E10b_T12b,N9,amazon_agg_019,aggregate_cross_paper,train,0.6666666666666666,0.7962009991696761,0.25,0.5709558886121142,409.7825548648834
N9_E10b_T12b,N9,amazon_agg_020,aggregate_cross_paper,test,0.3333333333333333,0.8843570867600278,0.5,0.5725634733644537,409.7825548648834
N9_E10b_T12b,N9,amazon_agg_021,aggregate_cross_paper,test,1.0,0.4899492844841491,1.0,0.8299830948280498,409.7825548648834
N9_E10b_T12b,N9,amazon_agg_022,aggregate_cross_paper,train,0.5555555555555556,0.8176834325648062,1.0,0.7910796627067872,409.7825548648834
N9_E10b_T12b,N9,amazon_agg_023,aggregate_cross_paper,test,0.6666666666666666,0.6566452086667617,1.0,0.7744372917778094,409.7825548648834
N9_E10b_T12b,N9,amazon_agg_024,aggregate_cross_paper,test,0.5,0.8719344730103181,1.0,0.7906448243367726,409.7825548648834
N9_E10b_T12b,N9,amazon_agg_025,aggregate_cross_paper,train,0.5,0.4363993074060961,0.5,0.4787997691353653,409.7825548648834
N9_E10b_T12b,N9,amazon_agg_026,aggregate_cross_paper,train,1.0,0.7910907467593778,1.0,0.930363582253126,409.7825548648834
N9_E10b_T12b,N9,amazon_agg_027,aggregate_cross_paper,train,0.75,0.5497265863361723,1.0,0.766575528778724,409.7825548648834
N9_E10b_T12b,N9,amazon_agg_028,aggregate_cross_paper,train,0.6,0.7042247752882798,1.0,0.7680749250960933,409.7825548648834
N9_E10b_T12b,N9,amazon_agg_029,aggregate_cross_paper,test,1.0,0.509679216369419,1.0,0.8365597387898064,409.7825548648834
N9_E10b_T12b,N9,amazon_agg_030,aggregate_cross_paper,train,0.75,0.7404917842209543,0.5,0.6634972614069848,409.7825548648834
N9_E10b_T12b,N9,amazon_agg_031,aggregate_cross_paper,train,0.6,0.8272101682788561,1.0,0.8090700560929521,409.7825548648834
N9_E10b_T12b,N9,amazon_agg_032,aggregate_cross_paper,test,1.0,0.8143265621322526,1.0,0.9381088540440842,409.7825548648834
N9_E10b_T12b,N9,amazon_edge_000,edge_multihop,test,0.6666666666666666,0.0,0.0,0.2222222222222222,409.7825548648834
N9_E10b_T12b,N9,amazon_edge_001,edge_multihop,test,0.8571428571428571,0.8521261540601959,0.0,0.5697563370676844,409.7825548648834
N9_E10b_T12b,N9,amazon_edge_002,edge_multihop,test,1.0,0.9263881465592348,0.5,0.8087960488530782,409.7825548648834
N9_E10b_T12b,N9,amazon_edge_003,edge_multihop,test,1.0,0.8441732197861722,0.5,0.7813910732620574,409.7825548648834
N9_E10b_T12b,N9,amazon_edge_004,edge_multihop,test,1.0,0.8158353431069246,0.75,0.8552784477023082,409.7825548648834
N9_E10b_T12b,N9,amazon_edge_005,edge_multihop,train,0.8333333333333334,0.9080307780585803,0.0,0.5804547037973046,409.7825548648834
N9_E10b_T12b,N9,amazon_edge_006,edge_multihop,test,0.75,0.0,0.0,0.25,409.7825548648834
N9_E10b_T12b,N9,amazon_edge_007,edge_multihop,test,1.0,0.0,0.0,0.3333333333333333,409.7825548648834
N9_E10b_T12b,N9,amazon_edge_008,edge_multihop,test,1.0,0.0,0.0,0.3333333333333333,409.7825548648834
N9_E10b_T12b,N9,amazon_edge_009,edge_multihop,train,1.0,0.0,1.0,0.6666666666666666,409.7825548648834
N9_E10b_T12b,N9,amazon_edge_010,edge_multihop,train,1.0,0.92310835679043,0.5,0.8077027855968101,409.7825548648834
N9_E10b_T12b,N9,amazon_edge_011,edge_multihop,test,0.6666666666666666,0.9162068642301816,0.0,0.5276245102989493,409.7825548648834
N9_E10b_T12b,N9,amazon_edge_012,edge_multihop,test,0.8,0.8855942778761818,0.5,0.7285314259587272,409.7825548648834
N9_E10b_T12b,N9,amazon_edge_013,edge_multihop,test,0.8,0.8853710127020958,0.0,0.5617903375673653,409.7825548648834
N9_E10b_T12b,N9,amazon_edge_014,edge_multihop,test,1.0,0.8395266491245961,0.5,0.7798422163748654,409.7825548648834
N9_E10b_T12b,N9,amazon_edge_015,edge_multihop,train,1.0,0.0,0.0,0.3333333333333333,409.7825548648834
N9_E10b_T12b,N9,amazon_edge_016,edge_multihop,train,0.75,0.8814538385615229,0.25,0.6271512795205076,409.7825548648834
N9_E10b_T12b,N9,amazon_edge_017,edge_multihop,train,0.625,0.8561395243749895,0.0,0.4937131747916631,409.7825548648834
N9_E10b_T12b,N9,amazon_edge_018,edge_multihop,train,1.0,0.0,0.25,0.4166666666666667,409.7825548648834
N9_E10b_T12b,N9,amazon_edge_019,edge_multihop,train,1.0,0.0,0.5,0.5,409.7825548648834
N9_E10b_T12b,N9,amazon_edge_020,edge_multihop,train,0.8333333333333334,0.8921898624423351,0.75,0.8251743985918895,409.7825548648834
N9_E10b_T12b,N9,amazon_edge_021,edge_multihop,test,1.0,0.8337073211568669,0.0,0.6112357737189557,409.7825548648834
N9_E10b_T12b,N9,amazon_edge_022,edge_multihop,test,0.75,0.0,0.0,0.25,409.7825548648834
N9_E10b_T12b,N9,amazon_edge_023,edge_multihop,train,1.0,0.8342752057963907,0.75,0.8614250685987969,409.7825548648834
N9_E10b_T12b,N9,amazon_edge_024,edge_multihop,train,0.7142857142857143,0.8096557539951693,0.0,0.5079804894269612,409.7825548648834
N9_E10b_T12b,N9,amazon_edge_025,edge_multihop,train,0.75,0.8804704487705997,0.0,0.5434901495901999,409.7825548648834
N9_E10b_T12b,N9,amazon_edge_026,edge_multihop,test,0.5714285714285714,0.8177414437211312,0.75,0.7130566717165676,409.7825548648834
N9_E10b_T12b,N9,amazon_edge_027,edge_multihop,test,1.0,0.0,0.0,0.3333333333333333,409.7825548648834
N9_E10b_T12b,N9,amazon_edge_028,edge_multihop,test,1.0,0.8826696374099084,0.5,0.7942232124699694,409.7825548648834
N9_E10b_T12b,N9,amazon_edge_029,edge_multihop,train,0.8571428571428571,0.8487139069907227,0.0,0.56861892137786,409.7825548648834
N9_E10b_T12b,N9,amazon_edge_030,edge_multihop,train,1.0,0.9471902707821226,0.0,0.6490634235940408,409.7825548648834
N9_E10b_T12b,N9,amazon_edge_031,edge_multihop,test,1.0,0.0,0.0,0.3333333333333333,409.7825548648834
N9_E10b_T12b,N9,amazon_edge_032,edge_multihop,test,1.0,0.0,0.0,0.3333333333333333,409.7825548648834
N9_E10b_T12b,N9,amazon_edge_033,edge_multihop,test,0.8333333333333334,0.8728396854888851,0.5,0.7353910062740728,409.7825548648834
N9_E10b_T12b,N9,amazon_sh_035,single_specific,test,1.0,0.9656537094586412,1.0,0.9885512364862138,409.7825548648834
N9_E10b_T12b,N9,amazon_sh_036,single_specific,train,1.0,0.918085577400884,1.0,0.9726951924669612,409.7825548648834
N9_E10b_T12b,N9,amazon_sh_037,single_specific,test,0.3333333333333333,0.9999996926934984,1.0,0.7777776753422773,409.7825548648834
N9_E10b_T12b,N9,amazon_sh_038,single_specific,test,0.5,0.5046170147729687,1.0,0.6682056715909895,409.7825548648834
N9_E10b_T12b,N9,amazon_sh_039,single_specific,test,1.0,0.8811812611508986,0.5,0.7937270870502995,409.7825548648834
N9_E10b_T12b,N9,amazon_sh_040,single_specific,train,1.0,0.0,0.0,0.3333333333333333,409.7825548648834
N9_E10b_T12b,N9,amazon_sh_041,single_specific,test,1.0,0.9075110864840172,1.0,0.9691703621613392,409.7825548648834
N9_E10b_T12b,N9,amazon_sh_042,single_specific,train,1.0,0.4203750006810544,0.5,0.6401250002270181,409.7825548648834
N9_E10b_T12b,N9,amazon_sh_043,single_specific,test,1.0,0.9780929438419128,1.0,0.9926976479473044,409.7825548648834
N9_E10b_T12b,N9,amazon_sh_044,single_specific,train,1.0,0.8586487633755122,1.0,0.9528829211251708,409.7825548648834
N9_E10b_T12b,N9,amazon_sh_045,single_specific,train,1.0,0.906464395298367,1.0,0.9688214650994555,409.7825548648834
N9_E10b_T12b,N9,amazon_sh_046,single_specific,train,1.0,0.9396605523108252,1.0,0.979886850770275,409.7825548648834
N9_E10b_T12b,N9,amazon_sh_047,single_specific,train,1.0,0.9816050334101132,1.0,0.9938683444700376,409.7825548648834
N9_E10b_T12b,N9,amazon_sh_048,single_specific,train,1.0,0.8407020787625993,1.0,0.9469006929208664,409.7825548648834
N9_E10b_T12b,N9,amazon_sh_049,single_specific,test,1.0,0.0,0.0,0.3333333333333333,409.7825548648834
N9_E10b_T12b,N9,amazon_sh_050,single_specific,train,1.0,0.8989883244101627,1.0,0.9663294414700544,409.7825548648834
N9_E10b_T12b,N9,amazon_sh_051,single_specific,test,1.0,0.9631811721366288,1.0,0.9877270573788764,409.7825548648834
N9_E10b_T12b,N9,amazon_sh_052,single_specific,test,1.0,0.9174424520090028,1.0,0.9724808173363342,409.7825548648834
N9_E10b_T12b,N9,amazon_sh_053,single_specific,train,1.0,0.0,0.0,0.3333333333333333,409.7825548648834
N9_E10b_T12b,N9,amazon_sh_054,single_specific,test,1.0,0.886643563786544,1.0,0.9622145212621812,409.7825548648834
N9_E10b_T12b,N9,amazon_sh_055,single_specific,test,0.75,0.9138596870783664,1.0,0.8879532290261221,409.7825548648834
N9_E10b_T12b,N9,amazon_sh_056,single_specific,test,1.0,0.0,0.0,0.3333333333333333,409.7825548648834
N9_E10b_T12b,N9,amazon_sh_057,single_specific,train,0.8,0.5668227515169627,1.0,0.788940917172321,409.7825548648834
N9_E10b_T12b,N9,amazon_sh_058,single_specific,test,1.0,0.9872330791685672,1.0,0.9957443597228556,409.7825548648834
N9_E10b_T12b,N9,amazon_sh_059,single_specific,train,1.0,0.964072236317622,1.0,0.9880240787725408,409.7825548648834
N9_E10b_T12b,N9,amazon_sh_060,single_specific,train,1.0,1.0000000000000002,1.0,1.0,409.7825548648834
N9_E10b_T12b,N9,amazon_sh_061,single_specific,train,1.0,0.8634985913824244,1.0,0.954499530460808,409.7825548648834
N9_E10b_T12b,N9,amazon_sh_062,single_specific,train,1.0,0.922695303273161,1.0,0.9742317677577202,409.7825548648834
N9_E10b_T12b,N9,amazon_sh_063,single_specific,test,1.0,0.7911942783401006,1.0,0.9303980927800336,409.7825548648834
N9_E10b_T12b,N9,amazon_sh_064,single_specific,test,1.0,0.661867620941798,1.0,0.8872892069805993,409.7825548648834
N9_E10b_T12b,N9,amazon_sh_065,single_specific,train,1.0,1.0,0.5,0.8333333333333334,409.7825548648834
N9_E10b_T12b,N9,amazon_sh_066,single_specific,test,1.0,0.9027002196601694,1.0,0.9675667398867231,409.7825548648834
N9_E10b_T12b,N9,amazon_sh_067,single_specific,test,1.0,0.754300475348749,0.75,0.8347668251162497,409.7825548648834
N9_E10b_T12b,N9,amazon_sh_068,single_specific,test,1.0,0.7344856042469942,0.5,0.744828534748998,409.7825548648834
N9_E10b_T12b,N9,amazon_sh_069,single_specific,test,1.0,0.0,0.75,0.5833333333333334,409.7825548648834
N9_E10b_T12b,N9,amazon_sh_070,single_specific,test,0.5,0.6981452046632245,0.25,0.4827150682210748,409.7825548648834
N9_E10b_T12b,N9,amazon_sh_071,single_specific,train,0.75,0.7327871335013108,1.0,0.8275957111671035,409.7825548648834
N9_E10b_T12b,N9,amazon_sh_072,single_specific,test,1.0,0.8253576689341433,1.0,0.9417858896447144,409.7825548648834
N9_E10b_T12b,N9,amazon_sh_073,single_specific,test,0.5,0.9999996647111316,1.0,0.8333332215703773,409.7825548648834
N9_E10b_T12b,N9,amazon_sh_074,single_specific,test,1.0,0.8835722891079324,1.0,0.9611907630359774,409.7825548648834
N9_E10b_T12b,N9,amazon_sh_075,single_specific,train,1.0,0.9222886605262904,1.0,0.9740962201754302,409.7825548648834
N9_E10b_T12b,N9,amazon_sh_076,single_specific,test,1.0,0.91436336631758,1.0,0.9714544554391934,409.7825548648834
N9_E10b_T12b,N9,amazon_sh_077,single_specific,train,1.0,1.0000000000000002,1.0,1.0,409.7825548648834
N9_E10b_T12b,N9,amazon_sh_078,single_specific,train,0.6666666666666666,1.0,1.0,0.8888888888888888,409.7825548648834
N9_E10b_T12b,N9,amazon_sh_079,single_specific,test,1.0,0.7684202323441697,0.0,0.5894734107813898,409.7825548648834
N9_E10b_T12b,N9,amazon_sh_080,single_specific,test,1.0,0.7743698110622136,0.75,0.8414566036874045,409.7825548648834
N9_E10b_T12b,N9,amazon_sh_081,single_specific,train,0.5,0.8653947532838124,1.0,0.7884649177612708,409.7825548648834
N9_E10b_T12b,N9,amazon_sh_082,single_specific,train,1.0,0.9933096777778672,1.0,0.9977698925926224,409.7825548648834
N9_E10c_T12a,N9,amazon_sh_000,single_specific,test,0.75,0.8558120686506043,1.0,0.8686040228835349,469.8046369552612
N9_E10c_T12a,N9,amazon_sh_001,single_specific,test,0.5,0.8411757942708689,1.0,0.780391931423623,469.8046369552612
N9_E10c_T12a,N9,amazon_sh_002,single_specific,test,1.0,0.9999996196204188,1.0,0.9999998732068064,469.8046369552612
N9_E10c_T12a,N9,amazon_sh_003,single_specific,train,1.0,0.8451348788578668,1.0,0.9483782929526222,469.8046369552612
N9_E10c_T12a,N9,amazon_sh_004,single_specific,train,0.0,0.8789424459639796,0.0,0.2929808153213265,469.8046369552612
N9_E10c_T12a,N9,amazon_sh_005,single_specific,train,1.0,0.9093001088536552,0.0,0.6364333696178851,469.8046369552612
N9_E10c_T12a,N9,amazon_sh_006,single_specific,train,1.0,0.9999996639244466,1.0,0.9999998879748156,469.8046369552612
N9_E10c_T12a,N9,amazon_sh_007,single_specific,train,1.0,0.8608739119919684,1.0,0.9536246373306562,469.8046369552612
N9_E10c_T12a,N9,amazon_sh_008,single_specific,train,1.0,0.8951280054578863,1.0,0.965042668485962,469.8046369552612
N9_E10c_T12a,N9,amazon_sh_009,single_specific,train,0.5,0.797842215094494,0.0,0.4326140716981646,469.8046369552612
N9_E10c_T12a,N9,amazon_sh_010,single_specific,test,0.0,0.968355793909296,1.0,0.6561185979697653,469.8046369552612
N9_E10c_T12a,N9,amazon_sh_011,single_specific,train,1.0,0.9413999766091082,1.0,0.9804666588697027,469.8046369552612
N9_E10c_T12a,N9,amazon_sh_012,single_specific,train,1.0,0.9838588394533744,1.0,0.9946196131511248,469.8046369552612
N9_E10c_T12a,N9,amazon_sh_013,single_specific,train,1.0,0.879485931092081,1.0,0.9598286436973604,469.8046369552612
N9_E10c_T12a,N9,amazon_sh_014,single_specific,train,1.0,0.0,1.0,0.6666666666666666,469.8046369552612
N9_E10c_T12a,N9,amazon_sh_015,single_specific,test,1.0,0.881472498649169,1.0,0.9604908328830564,469.8046369552612
N9_E10c_T12a,N9,amazon_sh_016,single_specific,test,1.0,0.9334713796286328,1.0,0.9778237932095444,469.8046369552612
N9_E10c_T12a,N9,amazon_sh_017,single_specific,test,1.0,0.8748170651599895,1.0,0.95827235505333,469.8046369552612
N9_E10c_T12a,N9,amazon_sh_018,single_specific,test,1.0,0.946864045309291,1.0,0.982288015103097,469.8046369552612
N9_E10c_T12a,N9,amazon_sh_019,single_specific,test,0.8,0.5142845427003638,0.75,0.688094847566788,469.8046369552612
N9_E10c_T12a,N9,amazon_sh_020,single_specific,train,1.0,0.9470510412191268,1.0,0.9823503470730424,469.8046369552612
N9_E10c_T12a,N9,amazon_sh_021,single_specific,train,1.0,0.9367968251423322,1.0,0.9789322750474442,469.8046369552612
N9_E10c_T12a,N9,amazon_sh_022,single_specific,test,0.5,0.9170275595743606,0.0,0.4723425198581202,469.8046369552612
N9_E10c_T12a,N9,amazon_sh_023,single_specific,test,1.0,0.8911322288131813,1.0,0.9637107429377272,469.8046369552612
N9_E10c_T12a,N9,amazon_sh_024,single_specific,test,1.0,0.5643291810686619,1.0,0.854776393689554,469.8046369552612
N9_E10c_T12a,N9,amazon_sh_025,single_specific,train,0.75,0.9565734722629168,1.0,0.9021911574209724,469.8046369552612
N9_E10c_T12a,N9,amazon_sh_026,single_specific,train,0.5,0.8100556754772492,1.0,0.7700185584924165,469.8046369552612
N9_E10c_T12a,N9,amazon_sh_027,single_specific,test,0.75,0.9145888380019078,1.0,0.8881962793339694,469.8046369552612
N9_E10c_T12a,N9,amazon_sh_028,single_specific,train,1.0,0.8983320643874828,0.0,0.6327773547958276,469.8046369552612
N9_E10c_T12a,N9,amazon_sh_029,single_specific,test,0.5,0.0,0.0,0.1666666666666666,469.8046369552612
N9_E10c_T12a,N9,amazon_sh_030,single_specific,test,0.5,0.7271600882631191,0.0,0.409053362754373,469.8046369552612
N9_E10c_T12a,N9,amazon_sh_031,single_specific,test,1.0,1.0,1.0,1.0,469.8046369552612
N9_E10c_T12a,N9,amazon_sh_032,single_specific,test,1.0,0.0,0.0,0.3333333333333333,469.8046369552612
N9_E10c_T12a,N9,amazon_sh_033,single_specific,train,0.25,0.9281604411681011,0.0,0.3927201470560337,469.8046369552612
N9_E10c_T12a,N9,amazon_sh_034,single_specific,train,1.0,0.9971748887061784,1.0,0.9990582962353928,469.8046369552612
N9_E10c_T12a,N9,amazon_agg_000,aggregate_cross_paper,train,0.8,0.8284116838204806,1.0,0.8761372279401601,469.8046369552612
N9_E10c_T12a,N9,amazon_agg_001,aggregate_cross_paper,test,1.0,0.8651769745750553,1.0,0.9550589915250184,469.8046369552612
N9_E10c_T12a,N9,amazon_agg_002,aggregate_cross_paper,test,0.8,0.5320729286400069,1.0,0.7773576428800023,469.8046369552612
N9_E10c_T12a,N9,amazon_agg_003,aggregate_cross_paper,test,0.75,0.8549328635380199,1.0,0.8683109545126734,469.8046369552612
N9_E10c_T12a,N9,amazon_agg_004,aggregate_cross_paper,train,0.6666666666666666,0.4790752126816563,1.0,0.7152472931161077,469.8046369552612
N9_E10c_T12a,N9,amazon_agg_005,aggregate_cross_paper,train,0.75,0.410944724815413,1.0,0.7203149082718042,469.8046369552612
N9_E10c_T12a,N9,amazon_agg_006,aggregate_cross_paper,test,1.0,0.5467595848378906,1.0,0.8489198616126302,469.8046369552612
N9_E10c_T12a,N9,amazon_agg_007,aggregate_cross_paper,train,0.6,0.5357720228659473,1.0,0.7119240076219824,469.8046369552612
N9_E10c_T12a,N9,amazon_agg_008,aggregate_cross_paper,test,0.75,0.7514229091939765,1.0,0.8338076363979922,469.8046369552612
N9_E10c_T12a,N9,amazon_agg_009,aggregate_cross_paper,train,0.25,0.7975126522971256,0.5,0.5158375507657086,469.8046369552612
N9_E10c_T12a,N9,amazon_agg_010,aggregate_cross_paper,train,1.0,0.6616687749550899,1.0,0.88722292498503,469.8046369552612
N9_E10c_T12a,N9,amazon_agg_011,aggregate_cross_paper,train,0.3333333333333333,0.5748912875330122,1.0,0.6360748736221152,469.8046369552612
N9_E10c_T12a,N9,amazon_agg_012,aggregate_cross_paper,train,0.0,0.7690890804690644,0.5,0.4230296934896881,469.8046369552612
N9_E10c_T12a,N9,amazon_agg_013,aggregate_cross_paper,train,0.6666666666666666,0.768772141788471,1.0,0.8118129361517125,469.8046369552612
N9_E10c_T12a,N9,amazon_agg_014,aggregate_cross_paper,test,0.6,0.6717161949194167,1.0,0.7572387316398056,469.8046369552612
N9_E10c_T12a,N9,amazon_agg_015,aggregate_cross_paper,train,0.6666666666666666,0.8471244813342838,0.5,0.6712637160003169,469.8046369552612
N9_E10c_T12a,N9,amazon_agg_016,aggregate_cross_paper,train,1.0,0.7953387868647351,1.0,0.9317795956215784,469.8046369552612
N9_E10c_T12a,N9,amazon_agg_017,aggregate_cross_paper,test,1.0,0.4207130693677681,1.0,0.8069043564559227,469.8046369552612
N9_E10c_T12a,N9,amazon_agg_018,aggregate_cross_paper,train,1.0,0.6904403417438032,1.0,0.8968134472479344,469.8046369552612
N9_E10c_T12a,N9,amazon_agg_019,aggregate_cross_paper,train,0.8,0.7942587793320643,0.0,0.5314195931106881,469.8046369552612
N9_E10c_T12a,N9,amazon_agg_020,aggregate_cross_paper,test,0.5,0.8618704913289924,0.5,0.6206234971096641,469.8046369552612
N9_E10c_T12a,N9,amazon_agg_021,aggregate_cross_paper,test,1.0,0.4899517778068474,1.0,0.8299839259356158,469.8046369552612
N9_E10c_T12a,N9,amazon_agg_022,aggregate_cross_paper,train,1.0,0.8177085575803764,1.0,0.9392361858601254,469.8046369552612
N9_E10c_T12a,N9,amazon_agg_023,aggregate_cross_paper,test,0.6666666666666666,0.6583257483591815,1.0,0.7749974716752828,469.8046369552612
N9_E10c_T12a,N9,amazon_agg_024,aggregate_cross_paper,test,0.625,0.871924723208083,1.0,0.8323082410693611,469.8046369552612
N9_E10c_T12a,N9,amazon_agg_025,aggregate_cross_paper,train,0.75,0.4364221863954654,0.5,0.5621407287984884,469.8046369552612
N9_E10c_T12a,N9,amazon_agg_026,aggregate_cross_paper,train,1.0,0.7910716653757984,1.0,0.9303572217919328,469.8046369552612
N9_E10c_T12a,N9,amazon_agg_027,aggregate_cross_paper,train,0.75,0.6130983068765267,1.0,0.7876994356255089,469.8046369552612
N9_E10c_T12a,N9,amazon_agg_028,aggregate_cross_paper,train,0.6,0.7429480286476776,1.0,0.7809826762158926,469.8046369552612
N9_E10c_T12a,N9,amazon_agg_029,aggregate_cross_paper,test,1.0,0.6108274796920962,1.0,0.8702758265640321,469.8046369552612
N9_E10c_T12a,N9,amazon_agg_030,aggregate_cross_paper,train,0.75,0.7680620313769911,0.5,0.6726873437923304,469.8046369552612
N9_E10c_T12a,N9,amazon_agg_031,aggregate_cross_paper,train,0.875,0.8652317847096502,1.0,0.9134105949032169,469.8046369552612
N9_E10c_T12a,N9,amazon_agg_032,aggregate_cross_paper,test,1.0,0.8143265621322526,1.0,0.9381088540440842,469.8046369552612
N9_E10c_T12a,N9,amazon_edge_000,edge_multihop,test,0.6666666666666666,0.0,0.0,0.2222222222222222,469.8046369552612
N9_E10c_T12a,N9,amazon_edge_001,edge_multihop,test,0.8571428571428571,0.8626128551702946,0.0,0.5732519041043839,469.8046369552612
N9_E10c_T12a,N9,amazon_edge_002,edge_multihop,test,1.0,0.942521572770683,1.0,0.9808405242568944,469.8046369552612
N9_E10c_T12a,N9,amazon_edge_003,edge_multihop,test,0.7142857142857143,0.8180702875656021,0.5,0.6774520006171055,469.8046369552612
N9_E10c_T12a,N9,amazon_edge_004,edge_multihop,test,1.0,0.0,0.0,0.3333333333333333,469.8046369552612
N9_E10c_T12a,N9,amazon_edge_005,edge_multihop,train,0.8333333333333334,0.9080038291225992,0.0,0.5804457208186441,469.8046369552612
N9_E10c_T12a,N9,amazon_edge_006,edge_multihop,test,1.0,0.0,0.0,0.3333333333333333,469.8046369552612
N9_E10c_T12a,N9,amazon_edge_007,edge_multihop,test,1.0,0.0,0.0,0.3333333333333333,469.8046369552612
N9_E10c_T12a,N9,amazon_edge_008,edge_multihop,test,1.0,0.0,0.0,0.3333333333333333,469.8046369552612
N9_E10c_T12a,N9,amazon_edge_009,edge_multihop,train,1.0,0.0,1.0,0.6666666666666666,469.8046369552612
N9_E10c_T12a,N9,amazon_edge_010,edge_multihop,train,0.6,0.920374484027544,0.5,0.6734581613425146,469.8046369552612
N9_E10c_T12a,N9,amazon_edge_011,edge_multihop,test,0.6666666666666666,0.9161833866186472,0.0,0.5276166844284379,469.8046369552612
N9_E10c_T12a,N9,amazon_edge_012,edge_multihop,test,1.0,0.8905644958631892,0.5,0.7968548319543963,469.8046369552612
N9_E10c_T12a,N9,amazon_edge_013,edge_multihop,test,0.8,0.887051500984751,0.0,0.5623505003282504,469.8046369552612
N9_E10c_T12a,N9,amazon_edge_014,edge_multihop,test,1.0,0.8648171979340334,0.5,0.7882723993113445,469.8046369552612
N9_E10c_T12a,N9,amazon_edge_015,edge_multihop,train,0.3,0.6558702233024379,0.0,0.3186234077674792,469.8046369552612
N9_E10c_T12a,N9,amazon_edge_016,edge_multihop,train,0.5,0.7428757957174077,0.0,0.4142919319058025,469.8046369552612
N9_E10c_T12a,N9,amazon_edge_017,edge_multihop,train,0.875,0.8552256004884456,0.0,0.5767418668294818,469.8046369552612
N9_E10c_T12a,N9,amazon_edge_018,edge_multihop,train,1.0,0.0,0.25,0.4166666666666667,469.8046369552612
N9_E10c_T12a,N9,amazon_edge_019,edge_multihop,train,0.8,0.0,0.5,0.4333333333333333,469.8046369552612
N9_E10c_T12a,N9,amazon_edge_020,edge_multihop,train,0.8571428571428571,0.8808471580821892,1.0,0.9126633384083488,469.8046369552612
N9_E10c_T12a,N9,amazon_edge_021,edge_multihop,test,1.0,0.8267918973821008,0.0,0.6089306324607002,469.8046369552612
N9_E10c_T12a,N9,amazon_edge_022,edge_multihop,test,1.0,0.0,0.0,0.3333333333333333,469.8046369552612
N9_E10c_T12a,N9,amazon_edge_023,edge_multihop,train,1.0,0.8342597476763317,0.75,0.8614199158921106,469.8046369552612
N9_E10c_T12a,N9,amazon_edge_024,edge_multihop,train,0.7142857142857143,0.809661818762093,0.0,0.5079825110159358,469.8046369552612
N9_E10c_T12a,N9,amazon_edge_025,edge_multihop,train,0.75,0.8928654288861304,0.0,0.5476218096287101,469.8046369552612
N9_E10c_T12a,N9,amazon_edge_026,edge_multihop,test,0.8571428571428571,0.8177414437211312,0.75,0.8082947669546628,469.8046369552612
N9_E10c_T12a,N9,amazon_edge_027,edge_multihop,test,1.0,0.0,0.0,0.3333333333333333,469.8046369552612
N9_E10c_T12a,N9,amazon_edge_028,edge_multihop,test,1.0,0.8641485927725964,0.5,0.7880495309241988,469.8046369552612
N9_E10c_T12a,N9,amazon_edge_029,edge_multihop,train,1.0,0.861051275201077,0.0,0.6203504250670256,469.8046369552612
N9_E10c_T12a,N9,amazon_edge_030,edge_multihop,train,1.0,0.9436302934685296,0.0,0.6478767644895099,469.8046369552612
N9_E10c_T12a,N9,amazon_edge_031,edge_multihop,test,1.0,0.0,0.0,0.3333333333333333,469.8046369552612
N9_E10c_T12a,N9,amazon_edge_032,edge_multihop,test,0.75,0.0,0.0,0.25,469.8046369552612
N9_E10c_T12a,N9,amazon_edge_033,edge_multihop,test,0.8571428571428571,0.872806197239935,0.75,0.826649684794264,469.8046369552612
N9_E10c_T12a,N9,amazon_sh_035,single_specific,test,1.0,0.9656483437274892,1.0,0.9885494479091632,469.8046369552612
N9_E10c_T12a,N9,amazon_sh_036,single_specific,train,1.0,0.9180996478921016,1.0,0.9726998826307004,469.8046369552612
N9_E10c_T12a,N9,amazon_sh_037,single_specific,test,0.3333333333333333,0.999999658834318,1.0,0.7777776640558839,469.8046369552612
N9_E10c_T12a,N9,amazon_sh_038,single_specific,test,0.5,0.504623935456767,1.0,0.6682079784855889,469.8046369552612
N9_E10c_T12a,N9,amazon_sh_039,single_specific,test,1.0,0.8811812611508986,0.5,0.7937270870502995,469.8046369552612
N9_E10c_T12a,N9,amazon_sh_040,single_specific,train,1.0,0.0,0.0,0.3333333333333333,469.8046369552612
N9_E10c_T12a,N9,amazon_sh_041,single_specific,test,1.0,0.9075110864840172,1.0,0.9691703621613392,469.8046369552612
N9_E10c_T12a,N9,amazon_sh_042,single_specific,train,0.8,0.58199722951069,0.75,0.71066574317023,469.8046369552612
N9_E10c_T12a,N9,amazon_sh_043,single_specific,test,0.5,0.9561150817545068,1.0,0.8187050272515023,469.8046369552612
N9_E10c_T12a,N9,amazon_sh_044,single_specific,train,1.0,0.5056780063432095,1.0,0.8352260021144032,469.8046369552612
N9_E10c_T12a,N9,amazon_sh_045,single_specific,train,1.0,0.865079559309625,1.0,0.955026519769875,469.8046369552612
N9_E10c_T12a,N9,amazon_sh_046,single_specific,train,1.0,0.9562810942029686,1.0,0.9854270314009896,469.8046369552612
N9_E10c_T12a,N9,amazon_sh_047,single_specific,train,1.0,0.9816008496313676,1.0,0.9938669498771224,469.8046369552612
N9_E10c_T12a,N9,amazon_sh_048,single_specific,train,1.0,0.8407020787625993,1.0,0.9469006929208664,469.8046369552612
N9_E10c_T12a,N9,amazon_sh_049,single_specific,test,1.0,0.0,0.0,0.3333333333333333,469.8046369552612
N9_E10c_T12a,N9,amazon_sh_050,single_specific,train,1.0,0.8988750282403255,1.0,0.9662916760801084,469.8046369552612
N9_E10c_T12a,N9,amazon_sh_051,single_specific,test,1.0,0.9631811721366288,1.0,0.9877270573788764,469.8046369552612
N9_E10c_T12a,N9,amazon_sh_052,single_specific,test,1.0,0.9174100215706552,1.0,0.9724700071902184,469.8046369552612
N9_E10c_T12a,N9,amazon_sh_053,single_specific,train,1.0,0.0,0.0,0.3333333333333333,469.8046369552612
N9_E10c_T12a,N9,amazon_sh_054,single_specific,test,1.0,0.9999995880900958,1.0,0.9999998626966984,469.8046369552612
N9_E10c_T12a,N9,amazon_sh_055,single_specific,test,0.75,0.9138647318197968,1.0,0.887954910606599,469.8046369552612
N9_E10c_T12a,N9,amazon_sh_056,single_specific,test,1.0,0.0,0.0,0.3333333333333333,469.8046369552612
N9_E10c_T12a,N9,amazon_sh_057,single_specific,train,1.0,0.5636158003436232,1.0,0.8545386001145411,469.8046369552612
N9_E10c_T12a,N9,amazon_sh_058,single_specific,test,1.0,0.9780238888309204,1.0,0.9926746296103068,469.8046369552612
N9_E10c_T12a,N9,amazon_sh_059,single_specific,train,1.0,0.9999996582742764,1.0,0.9999998860914254,469.8046369552612
N9_E10c_T12a,N9,amazon_sh_060,single_specific,train,1.0,1.0000000000000002,1.0,1.0,469.8046369552612
N9_E10c_T12a,N9,amazon_sh_061,single_specific,train,1.0,0.8443656786489578,1.0,0.948121892882986,469.8046369552612
N9_E10c_T12a,N9,amazon_sh_062,single_specific,train,0.6666666666666666,1.0000000000000002,1.0,0.888888888888889,469.8046369552612
N9_E10c_T12a,N9,amazon_sh_063,single_specific,test,1.0,0.9311986437190588,1.0,0.9770662145730196,469.8046369552612
N9_E10c_T12a,N9,amazon_sh_064,single_specific,test,1.0,0.661867620941798,1.0,0.8872892069805993,469.8046369552612
N9_E10c_T12a,N9,amazon_sh_065,single_specific,train,1.0,1.0,0.25,0.75,469.8046369552612
N9_E10c_T12a,N9,amazon_sh_066,single_specific,test,1.0,0.9027002196601694,1.0,0.9675667398867231,469.8046369552612
N9_E10c_T12a,N9,amazon_sh_067,single_specific,test,1.0,0.7393154869416447,0.75,0.8297718289805482,469.8046369552612
N9_E10c_T12a,N9,amazon_sh_068,single_specific,test,1.0,0.7242852971853466,0.75,0.8247617657284488,469.8046369552612
N9_E10c_T12a,N9,amazon_sh_069,single_specific,test,1.0,0.0,0.75,0.5833333333333334,469.8046369552612
N9_E10c_T12a,N9,amazon_sh_070,single_specific,test,0.5,0.6981452046632245,0.25,0.4827150682210748,469.8046369552612
N9_E10c_T12a,N9,amazon_sh_071,single_specific,train,0.75,0.8515191631853503,1.0,0.8671730543951167,469.8046369552612
N9_E10c_T12a,N9,amazon_sh_072,single_specific,test,1.0,0.8835727834182259,1.0,0.9611909278060752,469.8046369552612
N9_E10c_T12a,N9,amazon_sh_073,single_specific,test,0.5,0.9999999999999998,1.0,0.8333333333333334,469.8046369552612
N9_E10c_T12a,N9,amazon_sh_074,single_specific,test,1.0,0.8824962181426069,1.0,0.9608320727142022,469.8046369552612
N9_E10c_T12a,N9,amazon_sh_075,single_specific,train,1.0,0.9120739681583868,1.0,0.9706913227194622,469.8046369552612
N9_E10c_T12a,N9,amazon_sh_076,single_specific,test,1.0,0.914353390379394,1.0,0.9714511301264648,469.8046369552612
N9_E10c_T12a,N9,amazon_sh_077,single_specific,train,1.0,1.0000000000000002,1.0,1.0,469.8046369552612
N9_E10c_T12a,N9,amazon_sh_078,single_specific,train,0.6666666666666666,1.0,1.0,0.8888888888888888,469.8046369552612
N9_E10c_T12a,N9,amazon_sh_079,single_specific,test,1.0,0.7684202323441697,0.0,0.5894734107813898,469.8046369552612
N9_E10c_T12a,N9,amazon_sh_080,single_specific,test,1.0,0.7743264157051768,0.75,0.8414421385683922,469.8046369552612
N9_E10c_T12a,N9,amazon_sh_081,single_specific,train,0.5,0.8654227039802315,1.0,0.7884742346600772,469.8046369552612
N9_E10c_T12a,N9,amazon_sh_082,single_specific,train,1.0,1.0,1.0,1.0,469.8046369552612
N9_E10c_T12b,N9,amazon_sh_000,single_specific,test,0.75,0.940328538378016,1.0,0.8967761794593386,449.82441425323486
N9_E10c_T12b,N9,amazon_sh_001,single_specific,test,0.5,0.7844330732861683,1.0,0.7614776910953894,449.82441425323486
N9_E10c_T12b,N9,amazon_sh_002,single_specific,test,1.0,1.0000000000000002,1.0,1.0,449.82441425323486
N9_E10c_T12b,N9,amazon_sh_003,single_specific,train,1.0,0.845116879867867,1.0,0.948372293289289,449.82441425323486
N9_E10c_T12b,N9,amazon_sh_004,single_specific,train,0.0,0.878915546709268,0.0,0.2929718489030893,449.82441425323486
N9_E10c_T12b,N9,amazon_sh_005,single_specific,train,1.0,0.9092427036396112,0.0,0.6364142345465371,449.82441425323486
N9_E10c_T12b,N9,amazon_sh_006,single_specific,train,1.0,0.999999658673366,1.0,0.9999998862244552,449.82441425323486
N9_E10c_T12b,N9,amazon_sh_007,single_specific,train,1.0,0.8766952597219129,1.0,0.9588984199073044,449.82441425323486
N9_E10c_T12b,N9,amazon_sh_008,single_specific,train,1.0,0.8951682653951788,1.0,0.9650560884650596,449.82441425323486
N9_E10c_T12b,N9,amazon_sh_009,single_specific,train,0.5,0.7978146493662424,0.0,0.4326048831220808,449.82441425323486
N9_E10c_T12b,N9,amazon_sh_010,single_specific,test,0.0,0.968343485724524,1.0,0.656114495241508,449.82441425323486
N9_E10c_T12b,N9,amazon_sh_011,single_specific,train,1.0,0.9414126641115916,1.0,0.9804708880371972,449.82441425323486
N9_E10c_T12b,N9,amazon_sh_012,single_specific,train,1.0,0.925148887535448,1.0,0.9750496291784826,449.82441425323486
N9_E10c_T12b,N9,amazon_sh_013,single_specific,train,1.0,0.8795075548331271,1.0,0.9598358516110423,449.82441425323486
N9_E10c_T12b,N9,amazon_sh_014,single_specific,train,1.0,0.0,1.0,0.6666666666666666,449.82441425323486
N9_E10c_T12b,N9,amazon_sh_015,single_specific,test,1.0,0.9892142649131612,1.0,0.9964047549710536,449.82441425323486
N9_E10c_T12b,N9,amazon_sh_016,single_specific,test,1.0,0.9334718874052244,1.0,0.977823962468408,449.82441425323486
N9_E10c_T12b,N9,amazon_sh_017,single_specific,test,1.0,0.8748538505487505,1.0,0.9582846168495834,449.82441425323486
N9_E10c_T12b,N9,amazon_sh_018,single_specific,test,1.0,0.946864045309291,1.0,0.982288015103097,449.82441425323486
N9_E10c_T12b,N9,amazon_sh_019,single_specific,test,0.8,0.514320679973037,0.75,0.6881068933243456,449.82441425323486
N9_E10c_T12b,N9,amazon_sh_020,single_specific,train,1.0,0.9566438426554328,1.0,0.9855479475518109,449.82441425323486
N9_E10c_T12b,N9,amazon_sh_021,single_specific,train,1.0,0.9367608133256224,1.0,0.9789202711085409,449.82441425323486
N9_E10c_T12b,N9,amazon_sh_022,single_specific,test,0.5,0.8422643725215062,0.0,0.4474214575071687,449.82441425323486
N9_E10c_T12b,N9,amazon_sh_023,single_specific,test,1.0,0.8911322288131813,1.0,0.9637107429377272,449.82441425323486
N9_E10c_T12b,N9,amazon_sh_024,single_specific,test,1.0,0.4948527229713717,1.0,0.8316175743237905,449.82441425323486
N9_E10c_T12b,N9,amazon_sh_025,single_specific,train,0.75,0.9565693440004532,1.0,0.9021897813334844,449.82441425323486
N9_E10c_T12b,N9,amazon_sh_026,single_specific,train,0.5,0.8100534110542948,1.0,0.770017803684765,449.82441425323486
N9_E10c_T12b,N9,amazon_sh_027,single_specific,test,0.75,0.9145888380019076,1.0,0.8881962793339692,449.82441425323486
N9_E10c_T12b,N9,amazon_sh_028,single_specific,train,1.0,0.0,0.0,0.3333333333333333,449.82441425323486
N9_E10c_T12b,N9,amazon_sh_029,single_specific,test,0.0,0.0,0.0,0.0,449.82441425323486
N9_E10c_T12b,N9,amazon_sh_030,single_specific,test,0.0,0.8281194618266869,0.0,0.2760398206088956,449.82441425323486
N9_E10c_T12b,N9,amazon_sh_031,single_specific,test,1.0,0.9774186592274404,1.0,0.9924728864091468,449.82441425323486
N9_E10c_T12b,N9,amazon_sh_032,single_specific,test,1.0,0.0,0.0,0.3333333333333333,449.82441425323486
N9_E10c_T12b,N9,amazon_sh_033,single_specific,train,1.0,0.0,0.0,0.3333333333333333,449.82441425323486
N9_E10c_T12b,N9,amazon_sh_034,single_specific,train,1.0,0.9957401259787212,1.0,0.9985800419929072,449.82441425323486
N9_E10c_T12b,N9,amazon_agg_000,aggregate_cross_paper,train,0.6666666666666666,0.8284309535599697,1.0,0.8316992067422121,449.82441425323486
N9_E10c_T12b,N9,amazon_agg_001,aggregate_cross_paper,test,0.5833333333333334,0.865232403848702,1.0,0.8161885790606784,449.82441425323486
N9_E10c_T12b,N9,amazon_agg_002,aggregate_cross_paper,test,0.8,0.4712272542940629,1.0,0.7570757514313543,449.82441425323486
N9_E10c_T12b,N9,amazon_agg_003,aggregate_cross_paper,test,1.0,0.8549099551324599,1.0,0.95163665171082,449.82441425323486
N9_E10c_T12b,N9,amazon_agg_004,aggregate_cross_paper,train,1.0,0.4762973569309653,1.0,0.8254324523103218,449.82441425323486
N9_E10c_T12b,N9,amazon_agg_005,aggregate_cross_paper,train,0.75,0.4110123683899085,1.0,0.7203374561299695,449.82441425323486
N9_E10c_T12b,N9,amazon_agg_006,aggregate_cross_paper,test,1.0,0.5469409383180603,1.0,0.8489803127726868,449.82441425323486
N9_E10c_T12b,N9,amazon_agg_007,aggregate_cross_paper,train,0.5,0.5431890682755305,1.0,0.6810630227585102,449.82441425323486
N9_E10c_T12b,N9,amazon_agg_008,aggregate_cross_paper,test,0.75,0.0,1.0,0.5833333333333334,449.82441425323486
N9_E10c_T12b,N9,amazon_agg_009,aggregate_cross_paper,train,0.25,0.797526121593752,0.5,0.5158420405312506,449.82441425323486
N9_E10c_T12b,N9,amazon_agg_010,aggregate_cross_paper,train,0.6666666666666666,0.6616575552104199,1.0,0.7761080739590289,449.82441425323486
N9_E10c_T12b,N9,amazon_agg_011,aggregate_cross_paper,train,0.3333333333333333,0.5748912875330122,1.0,0.6360748736221152,449.82441425323486
N9_E10c_T12b,N9,amazon_agg_012,aggregate_cross_paper,train,0.5,0.7714608485229919,0.75,0.6738202828409973,449.82441425323486
N9_E10c_T12b,N9,amazon_agg_013,aggregate_cross_paper,train,1.0,0.6981766211095835,1.0,0.8993922070365278,449.82441425323486
N9_E10c_T12b,N9,amazon_agg_014,aggregate_cross_paper,test,0.5,0.6717161949194167,1.0,0.7239053983064722,449.82441425323486
N9_E10c_T12b,N9,amazon_agg_015,aggregate_cross_paper,train,0.6666666666666666,0.8470818207263547,0.5,0.6712494957976739,449.82441425323486
N9_E10c_T12b,N9,amazon_agg_016,aggregate_cross_paper,train,1.0,0.7975096617621398,1.0,0.93250322058738,449.82441425323486
N9_E10c_T12b,N9,amazon_agg_017,aggregate_cross_paper,test,1.0,0.430005876932946,1.0,0.8100019589776487,449.82441425323486
N9_E10c_T12b,N9,amazon_agg_018,aggregate_cross_paper,train,1.0,0.6903714672280755,1.0,0.8967904890760252,449.82441425323486
N9_E10c_T12b,N9,amazon_agg_019,aggregate_cross_paper,train,0.6666666666666666,0.7962009991696761,0.0,0.4876225552787809,449.82441425323486
N9_E10c_T12b,N9,amazon_agg_020,aggregate_cross_paper,test,0.75,0.8618676572769997,0.5,0.7039558857589999,449.82441425323486
N9_E10c_T12b,N9,amazon_agg_021,aggregate_cross_paper,test,1.0,0.4899641382808786,1.0,0.8299880460936263,449.82441425323486
N9_E10c_T12b,N9,amazon_agg_022,aggregate_cross_paper,train,1.0,0.8176878460818893,1.0,0.9392292820272964,449.82441425323486
N9_E10c_T12b,N9,amazon_agg_023,aggregate_cross_paper,test,0.6666666666666666,0.6119153309737768,1.0,0.7595273325468145,449.82441425323486
N9_E10c_T12b,N9,amazon_agg_024,aggregate_cross_paper,test,0.25,0.8719344730103181,1.0,0.7073114910034394,449.82441425323486
N9_E10c_T12b,N9,amazon_agg_025,aggregate_cross_paper,train,0.5,0.4363993074060961,0.5,0.4787997691353653,449.82441425323486
N9_E10c_T12b,N9,amazon_agg_026,aggregate_cross_paper,train,0.3333333333333333,0.7910716653757984,1.0,0.7081349995697105,449.82441425323486
N9_E10c_T12b,N9,amazon_agg_027,aggregate_cross_paper,train,0.75,0.5481392019239107,1.0,0.7660464006413036,449.82441425323486
N9_E10c_T12b,N9,amazon_agg_028,aggregate_cross_paper,train,0.6,0.6432842400764105,1.0,0.7477614133588034,449.82441425323486
N9_E10c_T12b,N9,amazon_agg_029,aggregate_cross_paper,test,1.0,0.5430432593717787,1.0,0.8476810864572596,449.82441425323486
N9_E10c_T12b,N9,amazon_agg_030,aggregate_cross_paper,train,0.7142857142857143,0.7680620313769911,0.5,0.6607825818875684,449.82441425323486
N9_E10c_T12b,N9,amazon_agg_031,aggregate_cross_paper,train,0.875,0.8652163361164918,1.0,0.913405445372164,449.82441425323486
N9_E10c_T12b,N9,amazon_agg_032,aggregate_cross_paper,test,1.0,0.7971068673511249,1.0,0.9323689557837084,449.82441425323486
N9_E10c_T12b,N9,amazon_edge_000,edge_multihop,test,0.6666666666666666,0.0,0.0,0.2222222222222222,449.82441425323486
N9_E10c_T12b,N9,amazon_edge_001,edge_multihop,test,0.8571428571428571,0.8678319590723073,0.0,0.5749916054050548,449.82441425323486
N9_E10c_T12b,N9,amazon_edge_002,edge_multihop,test,1.0,0.921877405516068,0.5,0.8072924685053561,449.82441425323486
N9_E10c_T12b,N9,amazon_edge_003,edge_multihop,test,0.375,0.8180759504271004,0.5,0.5643586501423669,449.82441425323486
N9_E10c_T12b,N9,amazon_edge_004,edge_multihop,test,1.0,0.0,0.0,0.3333333333333333,449.82441425323486
N9_E10c_T12b,N9,amazon_edge_005,edge_multihop,train,0.8333333333333334,0.8756644225942943,0.0,0.5696659186425426,449.82441425323486
N9_E10c_T12b,N9,amazon_edge_006,edge_multihop,test,0.5,0.0,0.0,0.1666666666666666,449.82441425323486
N9_E10c_T12b,N9,amazon_edge_007,edge_multihop,test,1.0,0.0,0.0,0.3333333333333333,449.82441425323486
N9_E10c_T12b,N9,amazon_edge_008,edge_multihop,test,1.0,0.0,0.0,0.3333333333333333,449.82441425323486
N9_E10c_T12b,N9,amazon_edge_009,edge_multihop,train,1.0,0.0,1.0,0.6666666666666666,449.82441425323486
N9_E10c_T12b,N9,amazon_edge_010,edge_multihop,train,0.8333333333333334,0.8972177310855939,0.5,0.7435170214729757,449.82441425323486
N9_E10c_T12b,N9,amazon_edge_011,edge_multihop,test,0.6,0.9202471037076244,0.0,0.5067490345692082,449.82441425323486
N9_E10c_T12b,N9,amazon_edge_012,edge_multihop,test,0.8,0.8888440372848084,0.5,0.7296146790949362,449.82441425323486
N9_E10c_T12b,N9,amazon_edge_013,edge_multihop,test,0.8,0.8887636044522746,0.0,0.5629212014840915,449.82441425323486
N9_E10c_T12b,N9,amazon_edge_014,edge_multihop,test,0.8333333333333334,0.8677241007048092,0.5,0.7336858113460476,449.82441425323486
N9_E10c_T12b,N9,amazon_edge_015,edge_multihop,train,0.5,0.6558187396655175,0.0,0.3852729132218391,449.82441425323486
N9_E10c_T12b,N9,amazon_edge_016,edge_multihop,train,0.5,0.0,0.0,0.1666666666666666,449.82441425323486
N9_E10c_T12b,N9,amazon_edge_017,edge_multihop,train,0.25,0.855221337438933,0.0,0.3684071124796443,449.82441425323486
N9_E10c_T12b,N9,amazon_edge_018,edge_multihop,train,0.8,0.8905314164235423,0.0,0.5635104721411808,449.82441425323486
N9_E10c_T12b,N9,amazon_edge_019,edge_multihop,train,0.8,0.0,0.5,0.4333333333333333,449.82441425323486
N9_E10c_T12b,N9,amazon_edge_020,edge_multihop,train,1.0,0.885827095310912,1.0,0.9619423651036372,449.82441425323486
N9_E10c_T12b,N9,amazon_edge_021,edge_multihop,test,1.0,0.8273483228262583,0.0,0.6091161076087528,449.82441425323486
N9_E10c_T12b,N9,amazon_edge_022,edge_multihop,test,1.0,0.0,0.0,0.3333333333333333,449.82441425323486
N9_E10c_T12b,N9,amazon_edge_023,edge_multihop,train,1.0,0.8441830066645475,0.5,0.781394335554849,449.82441425323486
N9_E10c_T12b,N9,amazon_edge_024,edge_multihop,train,0.7142857142857143,0.8096557539951694,0.0,0.5079804894269612,449.82441425323486
N9_E10c_T12b,N9,amazon_edge_025,edge_multihop,train,0.75,0.8928654288861304,0.0,0.5476218096287101,449.82441425323486
N9_E10c_T12b,N9,amazon_edge_026,edge_multihop,test,1.0,0.8177414437211312,0.25,0.6892471479070438,449.82441425323486
N9_E10c_T12b,N9,amazon_edge_027,edge_multihop,test,1.0,0.0,0.0,0.3333333333333333,449.82441425323486
N9_E10c_T12b,N9,amazon_edge_028,edge_multihop,test,1.0,0.883906182243265,0.5,0.7946353940810883,449.82441425323486
N9_E10c_T12b,N9,amazon_edge_029,edge_multihop,train,1.0,0.8610512752010772,0.0,0.6203504250670258,449.82441425323486
N9_E10c_T12b,N9,amazon_edge_030,edge_multihop,train,1.0,0.943649206524327,0.0,0.6478830688414424,449.82441425323486
N9_E10c_T12b,N9,amazon_edge_031,edge_multihop,test,1.0,0.0,0.0,0.3333333333333333,449.82441425323486
N9_E10c_T12b,N9,amazon_edge_032,edge_multihop,test,1.0,0.0,0.0,0.3333333333333333,449.82441425323486
N9_E10c_T12b,N9,amazon_edge_033,edge_multihop,test,0.8571428571428571,0.8728344429749777,0.5,0.743325766705945,449.82441425323486
N9_E10c_T12b,N9,amazon_sh_035,single_specific,test,1.0,0.9656553689900834,1.0,0.9885517896633612,449.82441425323486
N9_E10c_T12b,N9,amazon_sh_036,single_specific,train,1.0,0.9180951682119513,1.0,0.9726983894039836,449.82441425323486
N9_E10c_T12b,N9,amazon_sh_037,single_specific,test,0.6666666666666666,1.0,1.0,0.8888888888888888,449.82441425323486
N9_E10c_T12b,N9,amazon_sh_038,single_specific,test,0.5,0.504623935456767,1.0,0.6682079784855889,449.82441425323486
N9_E10c_T12b,N9,amazon_sh_039,single_specific,test,1.0,0.8811506600013806,0.5,0.7937168866671268,449.82441425323486
N9_E10c_T12b,N9,amazon_sh_040,single_specific,train,1.0,0.0,0.0,0.3333333333333333,449.82441425323486
N9_E10c_T12b,N9,amazon_sh_041,single_specific,test,1.0,0.9075306954543376,1.0,0.9691768984847792,449.82441425323486
N9_E10c_T12b,N9,amazon_sh_042,single_specific,train,0.8,0.5820064592464692,0.75,0.7106688197488231,449.82441425323486
N9_E10c_T12b,N9,amazon_sh_043,single_specific,test,0.5,0.9780929438419128,1.0,0.8260309812806376,449.82441425323486
N9_E10c_T12b,N9,amazon_sh_044,single_specific,train,1.0,0.8586406098912865,1.0,0.9528802032970956,449.82441425323486
N9_E10c_T12b,N9,amazon_sh_045,single_specific,train,1.0,0.906464395298367,1.0,0.9688214650994555,449.82441425323486
N9_E10c_T12b,N9,amazon_sh_046,single_specific,train,1.0,0.9999997581821388,1.0,0.9999999193940462,449.82441425323486
N9_E10c_T12b,N9,amazon_sh_047,single_specific,train,1.0,0.9816050334101132,1.0,0.9938683444700376,449.82441425323486
N9_E10c_T12b,N9,amazon_sh_048,single_specific,train,1.0,0.8407127978319445,1.0,0.9469042659439816,449.82441425323486
N9_E10c_T12b,N9,amazon_sh_049,single_specific,test,1.0,0.0,0.0,0.3333333333333333,449.82441425323486
N9_E10c_T12b,N9,amazon_sh_050,single_specific,train,1.0,0.8989944366137114,1.0,0.9663314788712372,449.82441425323486
N9_E10c_T12b,N9,amazon_sh_051,single_specific,test,1.0,0.9631746143350096,1.0,0.9877248714450032,449.82441425323486
N9_E10c_T12b,N9,amazon_sh_052,single_specific,test,1.0,0.9174481070967384,1.0,0.9724827023655794,449.82441425323486
N9_E10c_T12b,N9,amazon_sh_053,single_specific,train,1.0,0.0,0.0,0.3333333333333333,449.82441425323486
N9_E10c_T12b,N9,amazon_sh_054,single_specific,test,1.0,0.9386423554917296,1.0,0.9795474518305766,449.82441425323486
N9_E10c_T12b,N9,amazon_sh_055,single_specific,test,0.75,0.9138751394487532,1.0,0.887958379816251,449.82441425323486
N9_E10c_T12b,N9,amazon_sh_056,single_specific,test,1.0,0.0,0.0,0.3333333333333333,449.82441425323486
N9_E10c_T12b,N9,amazon_sh_057,single_specific,train,1.0,0.5761946642039087,1.0,0.8587315547346362,449.82441425323486
N9_E10c_T12b,N9,amazon_sh_058,single_specific,test,1.0,0.9780049860265662,1.0,0.992668328675522,449.82441425323486
N9_E10c_T12b,N9,amazon_sh_059,single_specific,train,1.0,0.964072236317622,1.0,0.9880240787725408,449.82441425323486
N9_E10c_T12b,N9,amazon_sh_060,single_specific,train,1.0,0.9999996580721962,1.0,0.9999998860240654,449.82441425323486
N9_E10c_T12b,N9,amazon_sh_061,single_specific,train,1.0,0.8809058938488206,1.0,0.9603019646162736,449.82441425323486
N9_E10c_T12b,N9,amazon_sh_062,single_specific,train,1.0,0.9999996762421876,1.0,0.9999998920807291,449.82441425323486
N9_E10c_T12b,N9,amazon_sh_063,single_specific,test,1.0,0.7911942783401006,1.0,0.9303980927800336,449.82441425323486
N9_E10c_T12b,N9,amazon_sh_064,single_specific,test,1.0,0.6618413164263905,1.0,0.8872804388087969,449.82441425323486
N9_E10c_T12b,N9,amazon_sh_065,single_specific,train,1.0,1.0,0.5,0.8333333333333334,449.82441425323486
N9_E10c_T12b,N9,amazon_sh_066,single_specific,test,1.0,0.9024074655823952,1.0,0.9674691551941316,449.82441425323486
N9_E10c_T12b,N9,amazon_sh_067,single_specific,test,1.0,0.7393282361404715,0.75,0.8297760787134906,449.82441425323486
N9_E10c_T12b,N9,amazon_sh_068,single_specific,test,1.0,0.7345832103105171,0.5,0.7448610701035058,449.82441425323486
N9_E10c_T12b,N9,amazon_sh_069,single_specific,test,1.0,0.0,0.75,0.5833333333333334,449.82441425323486
N9_E10c_T12b,N9,amazon_sh_070,single_specific,test,0.5,0.6562424313913721,0.25,0.4687474771304574,449.82441425323486
N9_E10c_T12b,N9,amazon_sh_071,single_specific,train,0.75,0.7327050323384958,1.0,0.8275683441128319,449.82441425323486
N9_E10c_T12b,N9,amazon_sh_072,single_specific,test,1.0,0.8253576689341433,1.0,0.9417858896447144,449.82441425323486
N9_E10c_T12b,N9,amazon_sh_073,single_specific,test,0.5,0.9999999999999998,1.0,0.8333333333333334,449.82441425323486
N9_E10c_T12b,N9,amazon_sh_074,single_specific,test,1.0,0.8822720770962281,1.0,0.960757359032076,449.82441425323486
N9_E10c_T12b,N9,amazon_sh_075,single_specific,train,1.0,0.9196054862334306,1.0,0.9732018287444768,449.82441425323486
N9_E10c_T12b,N9,amazon_sh_076,single_specific,test,1.0,0.914353390379394,1.0,0.9714511301264648,449.82441425323486
N9_E10c_T12b,N9,amazon_sh_077,single_specific,train,1.0,1.0000000000000002,1.0,1.0,449.82441425323486
N9_E10c_T12b,N9,amazon_sh_078,single_specific,train,0.6666666666666666,0.9999996818035009,1.0,0.8888887828233892,449.82441425323486
N9_E10c_T12b,N9,amazon_sh_079,single_specific,test,1.0,0.7683888893468815,0.0,0.5894629631156272,449.82441425323486
N9_E10c_T12b,N9,amazon_sh_080,single_specific,test,1.0,0.7744163106143948,0.75,0.8414721035381315,449.82441425323486
N9_E10c_T12b,N9,amazon_sh_081,single_specific,train,0.5,0.8654363459749861,1.0,0.7884787819916621,449.82441425323486
N9_E10c_T12b,N9,amazon_sh_082,single_specific,train,1.0,1.0,1.0,1.0,449.82441425323486
N9_E11a_T12a,N9,amazon_sh_000,single_specific,test,1.0,0.940328538378016,1.0,0.980109512792672,444.8229739665985
N9_E11a_T12a,N9,amazon_sh_001,single_specific,test,0.8333333333333334,0.8411757942708689,1.0,0.8915030425347341,444.8229739665985
N9_E11a_T12a,N9,amazon_sh_002,single_specific,test,1.0,1.0000000000000002,0.75,0.9166666666666666,444.8229739665985
N9_E11a_T12a,N9,amazon_sh_003,single_specific,train,1.0,0.8451348788578668,0.75,0.865044959619289,444.8229739665985
N9_E11a_T12a,N9,amazon_sh_004,single_specific,train,0.6,0.9892566203284188,0.5,0.6964188734428062,444.8229739665985
N9_E11a_T12a,N9,amazon_sh_005,single_specific,train,1.0,0.905838074431269,0.5,0.801946024810423,444.8229739665985
N9_E11a_T12a,N9,amazon_sh_006,single_specific,train,1.0,0.8939455348731853,1.0,0.9646485116243952,444.8229739665985
N9_E11a_T12a,N9,amazon_sh_007,single_specific,train,1.0,1.0,0.5,0.8333333333333334,444.8229739665985
N9_E11a_T12a,N9,amazon_sh_008,single_specific,train,1.0,0.8951734238241056,1.0,0.9650578079413684,444.8229739665985
N9_E11a_T12a,N9,amazon_sh_009,single_specific,train,1.0,0.7962699862883392,1.0,0.9320899954294464,444.8229739665985
N9_E11a_T12a,N9,amazon_sh_010,single_specific,test,1.0,0.968343485724524,1.0,0.9894478285748414,444.8229739665985
N9_E11a_T12a,N9,amazon_sh_011,single_specific,train,1.0,0.9413999766091082,1.0,0.9804666588697027,444.8229739665985
N9_E11a_T12a,N9,amazon_sh_012,single_specific,train,1.0,0.9213417187683932,1.0,0.9737805729227976,444.8229739665985
N9_E11a_T12a,N9,amazon_sh_013,single_specific,train,1.0,0.8794838210607301,1.0,0.9598279403535768,444.8229739665985
N9_E11a_T12a,N9,amazon_sh_014,single_specific,train,1.0,0.0,0.5,0.5,444.8229739665985
N9_E11a_T12a,N9,amazon_sh_015,single_specific,test,1.0,0.8604554819636836,1.0,0.9534851606545612,444.8229739665985
N9_E11a_T12a,N9,amazon_sh_016,single_specific,test,1.0,0.9334718874052244,1.0,0.977823962468408,444.8229739665985
N9_E11a_T12a,N9,amazon_sh_017,single_specific,test,1.0,0.8748538505487505,1.0,0.9582846168495834,444.8229739665985
N9_E11a_T12a,N9,amazon_sh_018,single_specific,test,1.0,0.946864045309291,1.0,0.982288015103097,444.8229739665985
N9_E11a_T12a,N9,amazon_sh_019,single_specific,test,1.0,0.5334225715269187,1.0,0.844474190508973,444.8229739665985
N9_E11a_T12a,N9,amazon_sh_020,single_specific,train,1.0,0.9435916722471892,1.0,0.9811972240823964,444.8229739665985
N9_E11a_T12a,N9,amazon_sh_021,single_specific,train,1.0,0.9367608133256224,1.0,0.9789202711085409,444.8229739665985
N9_E11a_T12a,N9,amazon_sh_022,single_specific,test,0.8571428571428571,1.0000000000000002,1.0,0.9523809523809524,444.8229739665985
N9_E11a_T12a,N9,amazon_sh_023,single_specific,test,1.0,0.8911325041623216,1.0,0.9637108347207738,444.8229739665985
N9_E11a_T12a,N9,amazon_sh_024,single_specific,test,1.0,0.5643291810686619,1.0,0.854776393689554,444.8229739665985
N9_E11a_T12a,N9,amazon_sh_025,single_specific,train,0.75,0.9565693440004532,1.0,0.9021897813334844,444.8229739665985
N9_E11a_T12a,N9,amazon_sh_026,single_specific,train,1.0,0.8100556754772492,1.0,0.9366852251590831,444.8229739665985
N9_E11a_T12a,N9,amazon_sh_027,single_specific,test,1.0,0.9145888380019078,1.0,0.9715296126673026,444.8229739665985
N9_E11a_T12a,N9,amazon_sh_028,single_specific,train,0.8,0.9617078799164024,1.0,0.9205692933054674,444.8229739665985
N9_E11a_T12a,N9,amazon_sh_029,single_specific,test,1.0,0.979062767640613,1.0,0.993020922546871,444.8229739665985
N9_E11a_T12a,N9,amazon_sh_030,single_specific,test,0.0,0.8280978947980191,0.0,0.2760326315993397,444.8229739665985
N9_E11a_T12a,N9,amazon_sh_031,single_specific,test,1.0,0.922826718111743,1.0,0.9742755727039144,444.8229739665985
N9_E11a_T12a,N9,amazon_sh_032,single_specific,test,0.5,0.8639610140878535,1.0,0.7879870046959511,444.8229739665985
N9_E11a_T12a,N9,amazon_sh_033,single_specific,train,1.0,0.9532276881821186,1.0,0.9844092293940396,444.8229739665985
N9_E11a_T12a,N9,amazon_sh_034,single_specific,train,0.75,1.0,1.0,0.9166666666666666,444.8229739665985
N9_E11a_T12a,N9,amazon_agg_000,aggregate_cross_paper,train,0.75,0.6044759944848419,1.0,0.7848253314949473,444.8229739665985
N9_E11a_T12a,N9,amazon_agg_001,aggregate_cross_paper,test,0.8571428571428571,0.3923159112340794,1.0,0.7498195894589789,444.8229739665985
N9_E11a_T12a,N9,amazon_agg_002,aggregate_cross_paper,test,0.6,0.6335111595329026,1.0,0.7445037198443009,444.8229739665985
N9_E11a_T12a,N9,amazon_agg_003,aggregate_cross_paper,test,0.625,0.6480924425458691,1.0,0.757697480848623,444.8229739665985
N9_E11a_T12a,N9,amazon_agg_004,aggregate_cross_paper,train,0.75,0.7435934837578543,1.0,0.8311978279192848,444.8229739665985
N9_E11a_T12a,N9,amazon_agg_005,aggregate_cross_paper,train,1.0,0.5825193652157725,1.0,0.8608397884052575,444.8229739665985
N9_E11a_T12a,N9,amazon_agg_006,aggregate_cross_paper,test,0.7142857142857143,0.4912641612185664,1.0,0.7351832918347602,444.8229739665985
N9_E11a_T12a,N9,amazon_agg_007,aggregate_cross_paper,train,1.0,0.5606316529010403,1.0,0.8535438843003468,444.8229739665985
N9_E11a_T12a,N9,amazon_agg_008,aggregate_cross_paper,test,1.0,0.6513808142577544,1.0,0.8837936047525847,444.8229739665985
N9_E11a_T12a,N9,amazon_agg_009,aggregate_cross_paper,train,0.0,0.8370340205891121,0.75,0.5290113401963707,444.8229739665985
N9_E11a_T12a,N9,amazon_agg_010,aggregate_cross_paper,train,0.8571428571428571,0.7463708835845173,1.0,0.8678379135757915,444.8229739665985
N9_E11a_T12a,N9,amazon_agg_011,aggregate_cross_paper,train,0.6,0.6666366484281337,1.0,0.7555455494760445,444.8229739665985
N9_E11a_T12a,N9,amazon_agg_012,aggregate_cross_paper,train,0.3333333333333333,0.7183689723419779,0.5,0.5172341018917704,444.8229739665985
N9_E11a_T12a,N9,amazon_agg_013,aggregate_cross_paper,train,0.6,0.8049869596991365,1.0,0.801662319899712,444.8229739665985
N9_E11a_T12a,N9,amazon_agg_014,aggregate_cross_paper,test,0.75,0.8004977587558226,1.0,0.8501659195852742,444.8229739665985
N9_E11a_T12a,N9,amazon_agg_015,aggregate_cross_paper,train,1.0,0.8037564582307771,0.0,0.6012521527435924,444.8229739665985
N9_E11a_T12a,N9,amazon_agg_016,aggregate_cross_paper,train,1.0,0.7975035176442319,1.0,0.9325011725480772,444.8229739665985
N9_E11a_T12a,N9,amazon_agg_017,aggregate_cross_paper,test,0.5,0.4086130208695631,1.0,0.6362043402898544,444.8229739665985
N9_E11a_T12a,N9,amazon_agg_018,aggregate_cross_paper,train,1.0,0.7161612609540774,1.0,0.9053870869846924,444.8229739665985
N9_E11a_T12a,N9,amazon_agg_019,aggregate_cross_paper,train,0.8571428571428571,0.8092902847873815,0.75,0.8054777139767463,444.8229739665985
N9_E11a_T12a,N9,amazon_agg_020,aggregate_cross_paper,test,0.0,0.8618203777629821,0.75,0.5372734592543273,444.8229739665985
N9_E11a_T12a,N9,amazon_agg_021,aggregate_cross_paper,test,1.0,0.4899560885374143,1.0,0.8299853628458047,444.8229739665985
N9_E11a_T12a,N9,amazon_agg_022,aggregate_cross_paper,train,1.0,0.8176632274173917,1.0,0.9392210758057972,444.8229739665985
N9_E11a_T12a,N9,amazon_agg_023,aggregate_cross_paper,test,0.6666666666666666,0.6260804987075328,1.0,0.7642490551247332,444.8229739665985
N9_E11a_T12a,N9,amazon_agg_024,aggregate_cross_paper,test,0.2,0.871924723208083,1.0,0.6906415744026942,444.8229739665985
N9_E11a_T12a,N9,amazon_agg_025,aggregate_cross_paper,train,0.5,0.5132318402817332,0.75,0.5877439467605777,444.8229739665985
N9_E11a_T12a,N9,amazon_agg_026,aggregate_cross_paper,train,1.0,0.7910907467593778,1.0,0.930363582253126,444.8229739665985
N9_E11a_T12a,N9,amazon_agg_027,aggregate_cross_paper,train,0.6,0.6430130805569702,1.0,0.7476710268523235,444.8229739665985
N9_E11a_T12a,N9,amazon_agg_028,aggregate_cross_paper,train,0.8333333333333334,0.6269062584999578,1.0,0.8200798639444304,444.8229739665985
N9_E11a_T12a,N9,amazon_agg_029,aggregate_cross_paper,test,1.0,0.5777120516623488,1.0,0.8592373505541163,444.8229739665985
N9_E11a_T12a,N9,amazon_agg_030,aggregate_cross_paper,train,0.6,0.7312062524807095,1.0,0.7770687508269032,444.8229739665985
N9_E11a_T12a,N9,amazon_agg_031,aggregate_cross_paper,train,0.8,0.815848933796103,1.0,0.8719496445987011,444.8229739665985
N9_E11a_T12a,N9,amazon_agg_032,aggregate_cross_paper,test,1.0,0.6605632377082556,1.0,0.8868544125694185,444.8229739665985
N9_E11a_T12a,N9,amazon_edge_000,edge_multihop,test,1.0,0.7968533167999129,0.25,0.6822844389333044,444.8229739665985
N9_E11a_T12a,N9,amazon_edge_001,edge_multihop,test,0.6666666666666666,0.927920459183782,0.5,0.6981957086168161,444.8229739665985
N9_E11a_T12a,N9,amazon_edge_002,edge_multihop,test,1.0,0.0,0.0,0.3333333333333333,444.8229739665985
N9_E11a_T12a,N9,amazon_edge_003,edge_multihop,test,1.0,0.7361222270997229,0.0,0.578707409033241,444.8229739665985
N9_E11a_T12a,N9,amazon_edge_004,edge_multihop,test,0.2857142857142857,0.8613351393754584,0.75,0.6323498083632481,444.8229739665985
N9_E11a_T12a,N9,amazon_edge_005,edge_multihop,train,1.0,0.0,0.0,0.3333333333333333,444.8229739665985
N9_E11a_T12a,N9,amazon_edge_006,edge_multihop,test,1.0,0.0,0.5,0.5,444.8229739665985
N9_E11a_T12a,N9,amazon_edge_007,edge_multihop,test,0.8571428571428571,0.8288909534773546,0.0,0.5620112702067372,444.8229739665985
N9_E11a_T12a,N9,amazon_edge_008,edge_multihop,test,1.0,0.0,0.0,0.3333333333333333,444.8229739665985
N9_E11a_T12a,N9,amazon_edge_009,edge_multihop,train,1.0,0.0,0.5,0.5,444.8229739665985
N9_E11a_T12a,N9,amazon_edge_010,edge_multihop,train,1.0,0.0,0.5,0.5,444.8229739665985
N9_E11a_T12a,N9,amazon_edge_011,edge_multihop,test,0.8333333333333334,0.9033457944608144,0.5,0.7455597092647159,444.8229739665985
N9_E11a_T12a,N9,amazon_edge_012,edge_multihop,test,1.0,0.0,0.0,0.3333333333333333,444.8229739665985
N9_E11a_T12a,N9,amazon_edge_013,edge_multihop,test,1.0,0.0,0.5,0.5,444.8229739665985
N9_E11a_T12a,N9,amazon_edge_014,edge_multihop,test,1.0,0.0,0.5,0.5,444.8229739665985
N9_E11a_T12a,N9,amazon_edge_015,edge_multihop,train,1.0,0.8800703101039753,0.5,0.7933567700346584,444.8229739665985
N9_E11a_T12a,N9,amazon_edge_016,edge_multihop,train,0.8333333333333334,0.932510032676228,0.75,0.8386144553365206,444.8229739665985
N9_E11a_T12a,N9,amazon_edge_017,edge_multihop,train,0.6,0.0,1.0,0.5333333333333333,444.8229739665985
N9_E11a_T12a,N9,amazon_edge_018,edge_multihop,train,0.7142857142857143,0.8460969827068645,0.25,0.6034608989975263,444.8229739665985
N9_E11a_T12a,N9,amazon_edge_019,edge_multihop,train,1.0,0.0,0.5,0.5,444.8229739665985
N9_E11a_T12a,N9,amazon_edge_020,edge_multihop,train,0.7777777777777778,0.8730761402005194,0.5,0.7169513059927657,444.8229739665985
N9_E11a_T12a,N9,amazon_edge_021,edge_multihop,test,1.0,0.0,0.0,0.3333333333333333,444.8229739665985
N9_E11a_T12a,N9,amazon_edge_022,edge_multihop,test,0.8,0.8806147852406735,1.0,0.8935382617468912,444.8229739665985
N9_E11a_T12a,N9,amazon_edge_023,edge_multihop,train,1.0,0.7993079660439454,0.0,0.5997693220146485,444.8229739665985
N9_E11a_T12a,N9,amazon_edge_024,edge_multihop,train,0.6,0.9036593714018148,0.0,0.5012197904672716,444.8229739665985
N9_E11a_T12a,N9,amazon_edge_025,edge_multihop,train,0.7142857142857143,0.8914833858054104,0.5,0.7019230333637082,444.8229739665985
N9_E11a_T12a,N9,amazon_edge_026,edge_multihop,test,0.8333333333333334,0.0,0.0,0.2777777777777778,444.8229739665985
N9_E11a_T12a,N9,amazon_edge_027,edge_multihop,test,1.0,0.0,0.0,0.3333333333333333,444.8229739665985
N9_E11a_T12a,N9,amazon_edge_028,edge_multihop,test,1.0,0.0,0.5,0.5,444.8229739665985
N9_E11a_T12a,N9,amazon_edge_029,edge_multihop,train,1.0,0.0,0.5,0.5,444.8229739665985
N9_E11a_T12a,N9,amazon_edge_030,edge_multihop,train,1.0,0.0,0.5,0.5,444.8229739665985
N9_E11a_T12a,N9,amazon_edge_031,edge_multihop,test,0.0,0.834204958252009,0.0,0.2780683194173363,444.8229739665985
N9_E11a_T12a,N9,amazon_edge_032,edge_multihop,test,1.0,0.0,0.0,0.3333333333333333,444.8229739665985
N9_E11a_T12a,N9,amazon_edge_033,edge_multihop,test,0.7142857142857143,0.0,0.0,0.2380952380952381,444.8229739665985
N9_E11a_T12a,N9,amazon_sh_035,single_specific,test,1.0,0.8280472679297747,1.0,0.9426824226432582,444.8229739665985
N9_E11a_T12a,N9,amazon_sh_036,single_specific,train,0.8,0.918107902362138,1.0,0.906035967454046,444.8229739665985
N9_E11a_T12a,N9,amazon_sh_037,single_specific,test,0.0,0.0,1.0,0.3333333333333333,444.8229739665985
N9_E11a_T12a,N9,amazon_sh_038,single_specific,test,0.5,0.5534231819028915,1.0,0.6844743939676304,444.8229739665985
N9_E11a_T12a,N9,amazon_sh_039,single_specific,test,1.0,0.342593828424826,0.5,0.6141979428082753,444.8229739665985
N9_E11a_T12a,N9,amazon_sh_040,single_specific,train,1.0,0.9740575931111056,1.0,0.9913525310370352,444.8229739665985
N9_E11a_T12a,N9,amazon_sh_041,single_specific,test,1.0,0.9075110864840172,1.0,0.9691703621613392,444.8229739665985
N9_E11a_T12a,N9,amazon_sh_042,single_specific,train,0.8333333333333334,0.6202734544205811,1.0,0.8178689292513047,444.8229739665985
N9_E11a_T12a,N9,amazon_sh_043,single_specific,test,0.0,0.9077682288366296,0.75,0.5525894096122098,444.8229739665985
N9_E11a_T12a,N9,amazon_sh_044,single_specific,train,1.0,0.9425589179030008,0.0,0.6475196393010002,444.8229739665985
N9_E11a_T12a,N9,amazon_sh_045,single_specific,train,1.0,0.9555685356298744,1.0,0.9851895118766248,444.8229739665985
N9_E11a_T12a,N9,amazon_sh_046,single_specific,train,1.0,0.9236130798391646,1.0,0.9745376932797216,444.8229739665985
N9_E11a_T12a,N9,amazon_sh_047,single_specific,train,1.0,0.850872597823201,1.0,0.950290865941067,444.8229739665985
N9_E11a_T12a,N9,amazon_sh_048,single_specific,train,1.0,0.8407370046065573,1.0,0.9469123348688524,444.8229739665985
N9_E11a_T12a,N9,amazon_sh_049,single_specific,test,0.75,0.9156096637646928,1.0,0.888536554588231,444.8229739665985
N9_E11a_T12a,N9,amazon_sh_050,single_specific,train,1.0,0.8989600582639569,1.0,0.966320019421319,444.8229739665985
N9_E11a_T12a,N9,amazon_sh_051,single_specific,test,1.0,0.9631746143350096,1.0,0.9877248714450032,444.8229739665985
N9_E11a_T12a,N9,amazon_sh_052,single_specific,test,1.0,0.917399874080548,1.0,0.972466624693516,444.8229739665985
N9_E11a_T12a,N9,amazon_sh_053,single_specific,train,1.0,0.4100848687996605,1.0,0.8033616229332202,444.8229739665985
N9_E11a_T12a,N9,amazon_sh_054,single_specific,test,1.0,0.6599484254941258,1.0,0.8866494751647086,444.8229739665985
N9_E11a_T12a,N9,amazon_sh_055,single_specific,test,1.0,0.950539873477642,1.0,0.983513291159214,444.8229739665985
N9_E11a_T12a,N9,amazon_sh_056,single_specific,test,1.0,0.8526942870764165,1.0,0.9508980956921388,444.8229739665985
N9_E11a_T12a,N9,amazon_sh_057,single_specific,train,1.0,0.506829864094722,1.0,0.8356099546982406,444.8229739665985
N9_E11a_T12a,N9,amazon_sh_058,single_specific,test,1.0,0.9841581000766204,1.0,0.9947193666922068,444.8229739665985
N9_E11a_T12a,N9,amazon_sh_059,single_specific,train,1.0,0.9582882873804672,1.0,0.9860960957934892,444.8229739665985
N9_E11a_T12a,N9,amazon_sh_060,single_specific,train,1.0,0.9999996774349994,1.0,0.9999998924783332,444.8229739665985
N9_E11a_T12a,N9,amazon_sh_061,single_specific,train,1.0,0.883032804910591,1.0,0.9610109349701972,444.8229739665985
N9_E11a_T12a,N9,amazon_sh_062,single_specific,train,1.0,0.0,1.0,0.6666666666666666,444.8229739665985
N9_E11a_T12a,N9,amazon_sh_063,single_specific,test,1.0,0.8047507926187976,1.0,0.9349169308729324,444.8229739665985
N9_E11a_T12a,N9,amazon_sh_064,single_specific,test,1.0,0.6618483087948283,1.0,0.8872827695982761,444.8229739665985
N9_E11a_T12a,N9,amazon_sh_065,single_specific,train,1.0,1.0,0.75,0.9166666666666666,444.8229739665985
N9_E11a_T12a,N9,amazon_sh_066,single_specific,test,1.0,0.902299971194598,1.0,0.9674333237315326,444.8229739665985
N9_E11a_T12a,N9,amazon_sh_067,single_specific,test,1.0,0.7467941552984066,0.75,0.8322647184328021,444.8229739665985
N9_E11a_T12a,N9,amazon_sh_068,single_specific,test,0.6666666666666666,0.855317410599076,1.0,0.8406613590885809,444.8229739665985
N9_E11a_T12a,N9,amazon_sh_069,single_specific,test,1.0,0.0,0.25,0.4166666666666667,444.8229739665985
N9_E11a_T12a,N9,amazon_sh_070,single_specific,test,0.5,0.6562958201761819,0.75,0.6354319400587273,444.8229739665985
N9_E11a_T12a,N9,amazon_sh_071,single_specific,train,0.6666666666666666,0.8543566055286992,1.0,0.8403410907317886,444.8229739665985
N9_E11a_T12a,N9,amazon_sh_072,single_specific,test,1.0,0.8253701575552078,1.0,0.9417900525184026,444.8229739665985
N9_E11a_T12a,N9,amazon_sh_073,single_specific,test,0.5,0.9999995827803576,1.0,0.8333331942601192,444.8229739665985
N9_E11a_T12a,N9,amazon_sh_074,single_specific,test,1.0,0.8822711557631456,1.0,0.9607570519210484,444.8229739665985
N9_E11a_T12a,N9,amazon_sh_075,single_specific,train,0.0,0.8381002754438679,1.0,0.6127000918146227,444.8229739665985
N9_E11a_T12a,N9,amazon_sh_076,single_specific,test,1.0,0.914373729828991,1.0,0.971457909942997,444.8229739665985
N9_E11a_T12a,N9,amazon_sh_077,single_specific,train,1.0,0.9999996575201971,1.0,0.9999998858400656,444.8229739665985
N9_E11a_T12a,N9,amazon_sh_078,single_specific,train,0.6666666666666666,0.999999625777266,1.0,0.8888887641479775,444.8229739665985
N9_E11a_T12a,N9,amazon_sh_079,single_specific,test,0.5,0.5691206566961007,0.0,0.3563735522320335,444.8229739665985
N9_E11a_T12a,N9,amazon_sh_080,single_specific,test,1.0,0.9096150477761804,1.0,0.96987168259206,444.8229739665985
N9_E11a_T12a,N9,amazon_sh_081,single_specific,train,0.8,0.8654054604463692,1.0,0.8884684868154564,444.8229739665985
N9_E11a_T12a,N9,amazon_sh_082,single_specific,train,1.0,0.970476775069625,1.0,0.9901589250232083,444.8229739665985
N9_E11a_T12b,N9,amazon_sh_000,single_specific,test,0.75,0.9403019087967472,1.0,0.896767302932249,453.3175539970398
N9_E11a_T12b,N9,amazon_sh_001,single_specific,test,1.0,0.8412011763422598,1.0,0.9470670587807531,453.3175539970398
N9_E11a_T12b,N9,amazon_sh_002,single_specific,test,1.0,1.0000000000000002,0.75,0.9166666666666666,453.3175539970398
N9_E11a_T12b,N9,amazon_sh_003,single_specific,train,1.0,0.8451348788578668,0.75,0.865044959619289,453.3175539970398
N9_E11a_T12b,N9,amazon_sh_004,single_specific,train,0.6,0.9892656369063882,0.5,0.696421878968796,453.3175539970398
N9_E11a_T12b,N9,amazon_sh_005,single_specific,train,1.0,0.897721038101559,0.75,0.8825736793671863,453.3175539970398
N9_E11a_T12b,N9,amazon_sh_006,single_specific,train,1.0,0.8939806329445409,1.0,0.9646602109815136,453.3175539970398
N9_E11a_T12b,N9,amazon_sh_007,single_specific,train,1.0,0.9999995739404864,0.5,0.8333331913134954,453.3175539970398
N9_E11a_T12b,N9,amazon_sh_008,single_specific,train,1.0,0.8951734238241057,1.0,0.9650578079413686,453.3175539970398
N9_E11a_T12b,N9,amazon_sh_009,single_specific,train,1.0,0.7962690544436118,1.0,0.9320896848145374,453.3175539970398
N9_E11a_T12b,N9,amazon_sh_010,single_specific,test,1.0,0.9683672545758412,1.0,0.9894557515252804,453.3175539970398
N9_E11a_T12b,N9,amazon_sh_011,single_specific,train,1.0,0.9414177851595324,1.0,0.9804725950531776,453.3175539970398
N9_E11a_T12b,N9,amazon_sh_012,single_specific,train,1.0,0.9213417187683932,1.0,0.9737805729227976,453.3175539970398
N9_E11a_T12b,N9,amazon_sh_013,single_specific,train,1.0,0.8794796009980288,1.0,0.9598265336660096,453.3175539970398
N9_E11a_T12b,N9,amazon_sh_014,single_specific,train,1.0,0.0,0.5,0.5,453.3175539970398
N9_E11a_T12b,N9,amazon_sh_015,single_specific,test,1.0,0.9233988507815076,1.0,0.974466283593836,453.3175539970398
N9_E11a_T12b,N9,amazon_sh_016,single_specific,test,1.0,0.9335210302128254,1.0,0.9778403434042752,453.3175539970398
N9_E11a_T12b,N9,amazon_sh_017,single_specific,test,1.0,0.8748538505487505,1.0,0.9582846168495834,453.3175539970398
N9_E11a_T12b,N9,amazon_sh_018,single_specific,test,0.8333333333333334,0.9468635780592912,1.0,0.9267323037975416,453.3175539970398
N9_E11a_T12b,N9,amazon_sh_019,single_specific,test,1.0,0.533429569220661,1.0,0.8444765230735536,453.3175539970398
N9_E11a_T12b,N9,amazon_sh_020,single_specific,train,1.0,0.9435916722471892,1.0,0.9811972240823964,453.3175539970398
N9_E11a_T12b,N9,amazon_sh_021,single_specific,train,1.0,0.9367674307585664,1.0,0.978922476919522,453.3175539970398
N9_E11a_T12b,N9,amazon_sh_022,single_specific,test,1.0,0.999999697303498,1.0,0.999999899101166,453.3175539970398
N9_E11a_T12b,N9,amazon_sh_023,single_specific,test,1.0,0.8911103872314963,1.0,0.9637034624104986,453.3175539970398
N9_E11a_T12b,N9,amazon_sh_024,single_specific,test,1.0,0.5643291810686619,1.0,0.854776393689554,453.3175539970398
N9_E11a_T12b,N9,amazon_sh_025,single_specific,train,0.5,0.9565641427043792,1.0,0.8188547142347931,453.3175539970398
N9_E11a_T12b,N9,amazon_sh_026,single_specific,train,1.0,0.8100807867513812,1.0,0.9366935955837936,453.3175539970398
N9_E11a_T12b,N9,amazon_sh_027,single_specific,test,1.0,0.9145888380019078,1.0,0.9715296126673026,453.3175539970398
N9_E11a_T12b,N9,amazon_sh_028,single_specific,train,0.8,0.9534446542132408,1.0,0.917814884737747,453.3175539970398
N9_E11a_T12b,N9,amazon_sh_029,single_specific,test,1.0,0.9790715943553352,1.0,0.9930238647851116,453.3175539970398
N9_E11a_T12b,N9,amazon_sh_030,single_specific,test,0.0,0.8281194618266869,0.0,0.2760398206088956,453.3175539970398
N9_E11a_T12b,N9,amazon_sh_031,single_specific,test,1.0,0.9227835912107516,1.0,0.9742611970702506,453.3175539970398
N9_E11a_T12b,N9,amazon_sh_032,single_specific,test,0.5,0.863991187413856,1.0,0.7879970624712853,453.3175539970398
N9_E11a_T12b,N9,amazon_sh_033,single_specific,train,1.0,0.9532276881821186,1.0,0.9844092293940396,453.3175539970398
N9_E11a_T12b,N9,amazon_sh_034,single_specific,train,0.75,0.9999789101763804,1.0,0.91665963672546,453.3175539970398
N9_E11a_T12b,N9,amazon_agg_000,aggregate_cross_paper,train,0.75,0.6044872368102662,1.0,0.7848290789367555,453.3175539970398
N9_E11a_T12b,N9,amazon_agg_001,aggregate_cross_paper,test,0.8571428571428571,0.3922927360034376,1.0,0.7498118643820982,453.3175539970398
N9_E11a_T12b,N9,amazon_agg_002,aggregate_cross_paper,test,0.75,0.6335111595329026,1.0,0.7945037198443009,453.3175539970398
N9_E11a_T12b,N9,amazon_agg_003,aggregate_cross_paper,test,0.625,0.6584407224992432,1.0,0.7611469074997478,453.3175539970398
N9_E11a_T12b,N9,amazon_agg_004,aggregate_cross_paper,train,0.7142857142857143,0.7716062679380213,1.0,0.8286306607412453,453.3175539970398
N9_E11a_T12b,N9,amazon_agg_005,aggregate_cross_paper,train,1.0,0.5844082425220737,1.0,0.8614694141740246,453.3175539970398
N9_E11a_T12b,N9,amazon_agg_006,aggregate_cross_paper,test,0.8571428571428571,0.5362921119075141,1.0,0.7978116563501237,453.3175539970398
N9_E11a_T12b,N9,amazon_agg_007,aggregate_cross_paper,train,0.6,0.5379408565130532,1.0,0.7126469521710178,453.3175539970398
N9_E11a_T12b,N9,amazon_agg_008,aggregate_cross_paper,test,1.0,0.6931283081000864,1.0,0.8977094360333622,453.3175539970398
N9_E11a_T12b,N9,amazon_agg_009,aggregate_cross_paper,train,0.0,0.8372327207221126,0.75,0.5290775735740375,453.3175539970398
N9_E11a_T12b,N9,amazon_agg_010,aggregate_cross_paper,train,0.8571428571428571,0.7294278901673977,1.0,0.8621902491034182,453.3175539970398
N9_E11a_T12b,N9,amazon_agg_011,aggregate_cross_paper,train,0.6,0.6741542143460151,1.0,0.758051404782005,453.3175539970398
N9_E11a_T12b,N9,amazon_agg_012,aggregate_cross_paper,train,0.3333333333333333,0.7212088957043147,0.5,0.5181807430125493,453.3175539970398
N9_E11a_T12b,N9,amazon_agg_013,aggregate_cross_paper,train,0.5,0.8250753252803074,1.0,0.7750251084267692,453.3175539970398
N9_E11a_T12b,N9,amazon_agg_014,aggregate_cross_paper,test,0.75,0.8004873215367774,1.0,0.8501624405122591,453.3175539970398
N9_E11a_T12b,N9,amazon_agg_015,aggregate_cross_paper,train,1.0,0.8065184288944094,0.0,0.6021728096314698,453.3175539970398
N9_E11a_T12b,N9,amazon_agg_016,aggregate_cross_paper,train,1.0,0.7975096617621398,1.0,0.93250322058738,453.3175539970398
N9_E11a_T12b,N9,amazon_agg_017,aggregate_cross_paper,test,0.5,0.3850901401824011,1.0,0.6283633800608004,453.3175539970398
N9_E11a_T12b,N9,amazon_agg_018,aggregate_cross_paper,train,1.0,0.7161612609540774,1.0,0.9053870869846924,453.3175539970398
N9_E11a_T12b,N9,amazon_agg_019,aggregate_cross_paper,train,0.7142857142857143,0.8093535717387571,0.75,0.7578797620081571,453.3175539970398
N9_E11a_T12b,N9,amazon_agg_020,aggregate_cross_paper,test,0.25,0.8618650562800113,0.75,0.6206216854266704,453.3175539970398
N9_E11a_T12b,N9,amazon_agg_021,aggregate_cross_paper,test,1.0,0.4899308324041433,1.0,0.8299769441347143,453.3175539970398
N9_E11a_T12b,N9,amazon_agg_022,aggregate_cross_paper,train,1.0,0.8176878460818893,1.0,0.9392292820272964,453.3175539970398
N9_E11a_T12b,N9,amazon_agg_023,aggregate_cross_paper,test,0.7142857142857143,0.645782322316075,1.0,0.7866893455339298,453.3175539970398
N9_E11a_T12b,N9,amazon_agg_024,aggregate_cross_paper,test,0.2,0.8719344730103181,1.0,0.6906448243367728,453.3175539970398
N9_E11a_T12b,N9,amazon_agg_025,aggregate_cross_paper,train,0.25,0.4620095281799026,0.75,0.4873365093933008,453.3175539970398
N9_E11a_T12b,N9,amazon_agg_026,aggregate_cross_paper,train,1.0,0.7910961042372803,1.0,0.9303653680790934,453.3175539970398
N9_E11a_T12b,N9,amazon_agg_027,aggregate_cross_paper,train,0.6,0.7108752272660869,1.0,0.770291742422029,453.3175539970398
N9_E11a_T12b,N9,amazon_agg_028,aggregate_cross_paper,train,0.8333333333333334,0.6268633664723169,1.0,0.8200655666018833,453.3175539970398
N9_E11a_T12b,N9,amazon_agg_029,aggregate_cross_paper,test,1.0,0.6394167842519213,1.0,0.8798055947506405,453.3175539970398
N9_E11a_T12b,N9,amazon_agg_030,aggregate_cross_paper,train,0.6,0.7431797307768256,1.0,0.781059910258942,453.3175539970398
N9_E11a_T12b,N9,amazon_agg_031,aggregate_cross_paper,train,0.8,0.815848933796103,1.0,0.8719496445987011,453.3175539970398
N9_E11a_T12b,N9,amazon_agg_032,aggregate_cross_paper,test,0.5714285714285714,0.6979700264861685,1.0,0.7564661993049132,453.3175539970398
N9_E11a_T12b,N9,amazon_edge_000,edge_multihop,test,1.0,0.850266676109374,0.25,0.7000888920364581,453.3175539970398
N9_E11a_T12b,N9,amazon_edge_001,edge_multihop,test,0.7142857142857143,0.8724665786442949,0.5,0.6955840976433364,453.3175539970398
N9_E11a_T12b,N9,amazon_edge_002,edge_multihop,test,0.5,0.0,0.0,0.1666666666666666,453.3175539970398
N9_E11a_T12b,N9,amazon_edge_003,edge_multihop,test,1.0,0.7338313204589676,0.0,0.5779437734863225,453.3175539970398
N9_E11a_T12b,N9,amazon_edge_004,edge_multihop,test,0.5714285714285714,0.8607231587118364,0.75,0.7273839100468026,453.3175539970398
N9_E11a_T12b,N9,amazon_edge_005,edge_multihop,train,1.0,0.0,0.0,0.3333333333333333,453.3175539970398
N9_E11a_T12b,N9,amazon_edge_006,edge_multihop,test,1.0,0.0,0.25,0.4166666666666667,453.3175539970398
N9_E11a_T12b,N9,amazon_edge_007,edge_multihop,test,0.8571428571428571,0.8298723415842032,0.0,0.5623383995756868,453.3175539970398
N9_E11a_T12b,N9,amazon_edge_008,edge_multihop,test,1.0,0.0,0.0,0.3333333333333333,453.3175539970398
N9_E11a_T12b,N9,amazon_edge_009,edge_multihop,train,1.0,0.7873832106267908,0.5,0.7624610702089303,453.3175539970398
N9_E11a_T12b,N9,amazon_edge_010,edge_multihop,train,1.0,0.0,0.5,0.5,453.3175539970398
N9_E11a_T12b,N9,amazon_edge_011,edge_multihop,test,0.5,0.8413071943551331,0.25,0.5304357314517111,453.3175539970398
N9_E11a_T12b,N9,amazon_edge_012,edge_multihop,test,1.0,0.0,0.0,0.3333333333333333,453.3175539970398
N9_E11a_T12b,N9,amazon_edge_013,edge_multihop,test,1.0,0.0,0.5,0.5,453.3175539970398
N9_E11a_T12b,N9,amazon_edge_014,edge_multihop,test,1.0,0.0,0.5,0.5,453.3175539970398
N9_E11a_T12b,N9,amazon_edge_015,edge_multihop,train,0.8571428571428571,0.9143761228033346,0.5,0.7571729933153972,453.3175539970398
N9_E11a_T12b,N9,amazon_edge_016,edge_multihop,train,1.0,0.9270919068200248,0.75,0.8923639689400082,453.3175539970398
N9_E11a_T12b,N9,amazon_edge_017,edge_multihop,train,0.6,0.0,0.75,0.45,453.3175539970398
N9_E11a_T12b,N9,amazon_edge_018,edge_multihop,train,0.8571428571428571,0.8222308873620882,0.25,0.6431245815016484,453.3175539970398
N9_E11a_T12b,N9,amazon_edge_019,edge_multihop,train,1.0,0.0,0.5,0.5,453.3175539970398
N9_E11a_T12b,N9,amazon_edge_020,edge_multihop,train,0.8571428571428571,0.8518407972393272,0.75,0.8196612181273948,453.3175539970398
N9_E11a_T12b,N9,amazon_edge_021,edge_multihop,test,1.0,0.0,0.0,0.3333333333333333,453.3175539970398
N9_E11a_T12b,N9,amazon_edge_022,edge_multihop,test,0.8,0.8830901979842437,1.0,0.8943633993280812,453.3175539970398
N9_E11a_T12b,N9,amazon_edge_023,edge_multihop,train,0.8571428571428571,0.8277415174139942,0.25,0.644961458185617,453.3175539970398
N9_E11a_T12b,N9,amazon_edge_024,edge_multihop,train,0.0,0.9268649673839064,0.0,0.3089549891279688,453.3175539970398
N9_E11a_T12b,N9,amazon_edge_025,edge_multihop,train,0.6666666666666666,0.8954629010220767,0.5,0.6873765225629144,453.3175539970398
N9_E11a_T12b,N9,amazon_edge_026,edge_multihop,test,0.8333333333333334,0.0,0.0,0.2777777777777778,453.3175539970398
N9_E11a_T12b,N9,amazon_edge_027,edge_multihop,test,1.0,0.0,0.0,0.3333333333333333,453.3175539970398
N9_E11a_T12b,N9,amazon_edge_028,edge_multihop,test,1.0,0.0,0.5,0.5,453.3175539970398
N9_E11a_T12b,N9,amazon_edge_029,edge_multihop,train,0.8,0.0,0.25,0.35,453.3175539970398
N9_E11a_T12b,N9,amazon_edge_030,edge_multihop,train,1.0,0.0,0.5,0.5,453.3175539970398
N9_E11a_T12b,N9,amazon_edge_031,edge_multihop,test,0.0,0.8341787859170005,0.0,0.2780595953056668,453.3175539970398
N9_E11a_T12b,N9,amazon_edge_032,edge_multihop,test,0.6666666666666666,0.0,0.0,0.2222222222222222,453.3175539970398
N9_E11a_T12b,N9,amazon_edge_033,edge_multihop,test,0.6666666666666666,0.0,0.0,0.2222222222222222,453.3175539970398
N9_E11a_T12b,N9,amazon_sh_035,single_specific,test,1.0,0.8280736353565508,1.0,0.942691211785517,453.3175539970398
N9_E11a_T12b,N9,amazon_sh_036,single_specific,train,0.8,0.918085577400884,1.0,0.9060285258002948,453.3175539970398
N9_E11a_T12b,N9,amazon_sh_037,single_specific,test,0.3333333333333333,0.0,1.0,0.4444444444444444,453.3175539970398
N9_E11a_T12b,N9,amazon_sh_038,single_specific,test,0.5,0.5534011745853427,1.0,0.6844670581951142,453.3175539970398
N9_E11a_T12b,N9,amazon_sh_039,single_specific,test,1.0,0.3483308970355349,0.5,0.616110299011845,453.3175539970398
N9_E11a_T12b,N9,amazon_sh_040,single_specific,train,1.0,0.9676612914604704,1.0,0.9892204304868236,453.3175539970398
N9_E11a_T12b,N9,amazon_sh_041,single_specific,test,1.0,0.9075269700977984,1.0,0.969175656699266,453.3175539970398
N9_E11a_T12b,N9,amazon_sh_042,single_specific,train,0.8333333333333334,0.5522675562783477,1.0,0.795200296537227,453.3175539970398
N9_E11a_T12b,N9,amazon_sh_043,single_specific,test,0.3333333333333333,0.9077682288366296,0.75,0.663700520723321,453.3175539970398
N9_E11a_T12b,N9,amazon_sh_044,single_specific,train,1.0,0.9425946825657036,0.0,0.6475315608552346,453.3175539970398
N9_E11a_T12b,N9,amazon_sh_045,single_specific,train,1.0,0.9555844114447276,1.0,0.9851948038149092,453.3175539970398
N9_E11a_T12b,N9,amazon_sh_046,single_specific,train,1.0,0.9236570694641209,1.0,0.9745523564880402,453.3175539970398
N9_E11a_T12b,N9,amazon_sh_047,single_specific,train,1.0,0.9815918692861384,1.0,0.9938639564287128,453.3175539970398
N9_E11a_T12b,N9,amazon_sh_048,single_specific,train,1.0,0.8407020787625993,1.0,0.9469006929208664,453.3175539970398
N9_E11a_T12b,N9,amazon_sh_049,single_specific,test,0.75,0.9156252480601288,1.0,0.8885417493533763,453.3175539970398
N9_E11a_T12b,N9,amazon_sh_050,single_specific,train,1.0,0.8860970578062592,1.0,0.9620323526020864,453.3175539970398
N9_E11a_T12b,N9,amazon_sh_051,single_specific,test,1.0,0.9631811721366288,1.0,0.9877270573788764,453.3175539970398
N9_E11a_T12b,N9,amazon_sh_052,single_specific,test,1.0,0.8743173167497874,1.0,0.9581057722499292,453.3175539970398
N9_E11a_T12b,N9,amazon_sh_053,single_specific,train,1.0,0.4100848687996605,1.0,0.8033616229332202,453.3175539970398
N9_E11a_T12b,N9,amazon_sh_054,single_specific,test,1.0,0.7079401010254603,1.0,0.90264670034182,453.3175539970398
N9_E11a_T12b,N9,amazon_sh_055,single_specific,test,1.0,0.9688633256116846,1.0,0.9896211085372282,453.3175539970398
N9_E11a_T12b,N9,amazon_sh_056,single_specific,test,1.0,0.8527737631607658,1.0,0.9509245877202552,453.3175539970398
N9_E11a_T12b,N9,amazon_sh_057,single_specific,train,1.0,0.5224765999628543,1.0,0.8408255333209514,453.3175539970398
N9_E11a_T12b,N9,amazon_sh_058,single_specific,test,1.0,0.9779968763061044,1.0,0.9926656254353682,453.3175539970398
N9_E11a_T12b,N9,amazon_sh_059,single_specific,train,1.0,0.952547938364336,1.0,0.9841826461214452,453.3175539970398
N9_E11a_T12b,N9,amazon_sh_060,single_specific,train,1.0,0.9999996774349994,1.0,0.9999998924783332,453.3175539970398
N9_E11a_T12b,N9,amazon_sh_061,single_specific,train,1.0,0.883042281424301,1.0,0.9610140938081004,453.3175539970398
N9_E11a_T12b,N9,amazon_sh_062,single_specific,train,1.0,0.0,1.0,0.6666666666666666,453.3175539970398
N9_E11a_T12b,N9,amazon_sh_063,single_specific,test,1.0,0.7260109975909045,1.0,0.9086703325303016,453.3175539970398
N9_E11a_T12b,N9,amazon_sh_064,single_specific,test,1.0,0.6618572997084259,1.0,0.8872857665694753,453.3175539970398
N9_E11a_T12b,N9,amazon_sh_065,single_specific,train,1.0,0.9999997186865068,0.75,0.9166665728955024,453.3175539970398
N9_E11a_T12b,N9,amazon_sh_066,single_specific,test,1.0,0.902299971194598,1.0,0.9674333237315326,453.3175539970398
N9_E11a_T12b,N9,amazon_sh_067,single_specific,test,1.0,0.7317339180641859,0.75,0.8272446393547286,453.3175539970398
N9_E11a_T12b,N9,amazon_sh_068,single_specific,test,0.8,0.855317410599076,1.0,0.8851058035330253,453.3175539970398
N9_E11a_T12b,N9,amazon_sh_069,single_specific,test,0.6666666666666666,0.0,0.5,0.3888888888888888,453.3175539970398
N9_E11a_T12b,N9,amazon_sh_070,single_specific,test,0.5,0.6562958201761819,1.0,0.7187652733920608,453.3175539970398
N9_E11a_T12b,N9,amazon_sh_071,single_specific,train,0.6666666666666666,0.8315622608093216,1.0,0.8327429758253294,453.3175539970398
N9_E11a_T12b,N9,amazon_sh_072,single_specific,test,1.0,0.8779713883311019,1.0,0.9593237961103672,453.3175539970398
N9_E11a_T12b,N9,amazon_sh_073,single_specific,test,0.5,0.9999999999999998,1.0,0.8333333333333334,453.3175539970398
N9_E11a_T12b,N9,amazon_sh_074,single_specific,test,1.0,0.8622361977298731,1.0,0.9540787325766245,453.3175539970398
N9_E11a_T12b,N9,amazon_sh_075,single_specific,train,0.0,0.8380650757959981,1.0,0.6126883585986661,453.3175539970398
N9_E11a_T12b,N9,amazon_sh_076,single_specific,test,1.0,0.9143481788860948,1.0,0.9714493929620316,453.3175539970398
N9_E11a_T12b,N9,amazon_sh_077,single_specific,train,1.0,0.9999996701883324,1.0,0.9999998900627776,453.3175539970398
N9_E11a_T12b,N9,amazon_sh_078,single_specific,train,0.6666666666666666,0.9999996584868672,1.0,0.8888887750511779,453.3175539970398
N9_E11a_T12b,N9,amazon_sh_079,single_specific,test,1.0,0.7683888893468815,0.0,0.5894629631156272,453.3175539970398
N9_E11a_T12b,N9,amazon_sh_080,single_specific,test,1.0,0.9096150477761804,1.0,0.96987168259206,453.3175539970398
N9_E11a_T12b,N9,amazon_sh_081,single_specific,train,0.8,0.8654363459749861,1.0,0.8884787819916621,453.3175539970398
N9_E11a_T12b,N9,amazon_sh_082,single_specific,train,1.0,0.970476775069625,1.0,0.9901589250232083,453.3175539970398
N9_E11b_T12a,N9,amazon_sh_000,single_specific,test,1.0,0.9403442931373928,1.0,0.9801147643791308,451.7885267734528
N9_E11b_T12a,N9,amazon_sh_001,single_specific,test,1.0,0.8411757942708689,1.0,0.9470585980902896,451.7885267734528
N9_E11b_T12a,N9,amazon_sh_002,single_specific,test,1.0,0.7715997892120734,0.5,0.7571999297373578,451.7885267734528
N9_E11b_T12a,N9,amazon_sh_003,single_specific,train,1.0,0.7402023199022517,1.0,0.9134007733007506,451.7885267734528
N9_E11b_T12a,N9,amazon_sh_004,single_specific,train,0.6666666666666666,0.0,0.0,0.2222222222222222,451.7885267734528
N9_E11b_T12a,N9,amazon_sh_005,single_specific,train,1.0,0.9092544008333832,0.5,0.8030848002777944,451.7885267734528
N9_E11b_T12a,N9,amazon_sh_006,single_specific,train,1.0,0.9999996639244466,1.0,0.9999998879748156,451.7885267734528
N9_E11b_T12a,N9,amazon_sh_007,single_specific,train,1.0,0.9014730106771148,1.0,0.967157670225705,451.7885267734528
N9_E11b_T12a,N9,amazon_sh_008,single_specific,train,1.0,0.8951280054578863,1.0,0.965042668485962,451.7885267734528
N9_E11b_T12a,N9,amazon_sh_009,single_specific,train,1.0,0.8947303222059982,1.0,0.9649101074019996,451.7885267734528
N9_E11b_T12a,N9,amazon_sh_010,single_specific,test,1.0,0.0,0.0,0.3333333333333333,451.7885267734528
N9_E11b_T12a,N9,amazon_sh_011,single_specific,train,1.0,0.9413999766091082,1.0,0.9804666588697027,451.7885267734528
N9_E11b_T12a,N9,amazon_sh_012,single_specific,train,1.0,0.9058889985837608,1.0,0.968629666194587,451.7885267734528
N9_E11b_T12a,N9,amazon_sh_013,single_specific,train,1.0,0.879485931092081,1.0,0.9598286436973604,451.7885267734528
N9_E11b_T12a,N9,amazon_sh_014,single_specific,train,1.0,0.0,1.0,0.6666666666666666,451.7885267734528
N9_E11b_T12a,N9,amazon_sh_015,single_specific,test,1.0,0.8604554819636836,1.0,0.9534851606545612,451.7885267734528
N9_E11b_T12a,N9,amazon_sh_016,single_specific,test,1.0,0.9334718874052244,1.0,0.977823962468408,451.7885267734528
N9_E11b_T12a,N9,amazon_sh_017,single_specific,test,1.0,0.0,0.0,0.3333333333333333,451.7885267734528
N9_E11b_T12a,N9,amazon_sh_018,single_specific,test,1.0,0.9468635780592912,1.0,0.982287859353097,451.7885267734528
N9_E11b_T12a,N9,amazon_sh_019,single_specific,test,0.6,0.8864561328259363,1.0,0.8288187109419788,451.7885267734528
N9_E11b_T12a,N9,amazon_sh_020,single_specific,train,1.0,0.9435870958966044,1.0,0.9811956986322016,451.7885267734528
N9_E11b_T12a,N9,amazon_sh_021,single_specific,train,1.0,0.0,0.5,0.5,451.7885267734528
N9_E11b_T12a,N9,amazon_sh_022,single_specific,test,0.8,0.9999996946364368,1.0,0.933333231545479,451.7885267734528
N9_E11b_T12a,N9,amazon_sh_023,single_specific,test,1.0,0.9035726974922172,1.0,0.9678575658307392,451.7885267734528
N9_E11b_T12a,N9,amazon_sh_024,single_specific,test,1.0,0.4685506659452048,1.0,0.822850221981735,451.7885267734528
N9_E11b_T12a,N9,amazon_sh_025,single_specific,train,1.0,0.9565706917395644,1.0,0.9855235639131882,451.7885267734528
N9_E11b_T12a,N9,amazon_sh_026,single_specific,train,1.0,0.8100183828731712,1.0,0.9366727942910572,451.7885267734528
N9_E11b_T12a,N9,amazon_sh_027,single_specific,test,1.0,0.9145888380019078,1.0,0.9715296126673026,451.7885267734528
N9_E11b_T12a,N9,amazon_sh_028,single_specific,train,1.0,0.0,0.0,0.3333333333333333,451.7885267734528
N9_E11b_T12a,N9,amazon_sh_029,single_specific,test,1.0,0.0,0.0,0.3333333333333333,451.7885267734528
N9_E11b_T12a,N9,amazon_sh_030,single_specific,test,1.0,0.9188825647084488,0.0,0.639627521569483,451.7885267734528
N9_E11b_T12a,N9,amazon_sh_031,single_specific,test,0.5,0.9999996643064138,1.0,0.8333332214354713,451.7885267734528
N9_E11b_T12a,N9,amazon_sh_032,single_specific,test,1.0,0.864013881190247,1.0,0.9546712937300824,451.7885267734528
N9_E11b_T12a,N9,amazon_sh_033,single_specific,train,1.0,0.587295446635892,0.0,0.529098482211964,451.7885267734528
N9_E11b_T12a,N9,amazon_sh_034,single_specific,train,1.0,0.0,0.0,0.3333333333333333,451.7885267734528
N9_E11b_T12a,N9,amazon_agg_000,aggregate_cross_paper,train,0.6,0.8031992750676321,1.0,0.801066425022544,451.7885267734528
N9_E11b_T12a,N9,amazon_agg_001,aggregate_cross_paper,test,1.0,0.8429236190546376,1.0,0.947641206351546,451.7885267734528
N9_E11b_T12a,N9,amazon_agg_002,aggregate_cross_paper,test,0.75,0.6131130886544486,1.0,0.7877043628848162,451.7885267734528
N9_E11b_T12a,N9,amazon_agg_003,aggregate_cross_paper,test,0.5714285714285714,0.8451156688623169,1.0,0.8055147467636296,451.7885267734528
N9_E11b_T12a,N9,amazon_agg_004,aggregate_cross_paper,train,0.8,0.4346746884722823,1.0,0.7448915628240941,451.7885267734528
N9_E11b_T12a,N9,amazon_agg_005,aggregate_cross_paper,train,0.8333333333333334,0.580644275939282,1.0,0.8046592030908718,451.7885267734528
N9_E11b_T12a,N9,amazon_agg_006,aggregate_cross_paper,test,1.0,0.4756999377645673,1.0,0.8252333125881891,451.7885267734528
N9_E11b_T12a,N9,amazon_agg_007,aggregate_cross_paper,train,1.0,0.5706218265358717,1.0,0.8568739421786239,451.7885267734528
N9_E11b_T12a,N9,amazon_agg_008,aggregate_cross_paper,test,1.0,0.5853343482883279,1.0,0.8617781160961093,451.7885267734528
N9_E11b_T12a,N9,amazon_agg_009,aggregate_cross_paper,train,0.5,0.0,0.75,0.4166666666666667,451.7885267734528
N9_E11b_T12a,N9,amazon_agg_010,aggregate_cross_paper,train,1.0,0.8198509709764069,1.0,0.9399503236588024,451.7885267734528
N9_E11b_T12a,N9,amazon_agg_011,aggregate_cross_paper,train,0.6666666666666666,0.6808194894126853,1.0,0.782495385359784,451.7885267734528
N9_E11b_T12a,N9,amazon_agg_012,aggregate_cross_paper,train,0.2,0.8443740036364288,0.75,0.5981246678788096,451.7885267734528
N9_E11b_T12a,N9,amazon_agg_013,aggregate_cross_paper,train,0.75,0.9064959798453122,1.0,0.8854986599484373,451.7885267734528
N9_E11b_T12a,N9,amazon_agg_014,aggregate_cross_paper,test,0.6666666666666666,0.7345801439526115,1.0,0.8004156035397593,451.7885267734528
N9_E11b_T12a,N9,amazon_agg_015,aggregate_cross_paper,train,1.0,0.8690111854264823,0.0,0.623003728475494,451.7885267734528
N9_E11b_T12a,N9,amazon_agg_016,aggregate_cross_paper,train,0.8333333333333334,0.7953164898929272,1.0,0.8762166077420869,451.7885267734528
N9_E11b_T12a,N9,amazon_agg_017,aggregate_cross_paper,test,1.0,0.3975947506511417,1.0,0.7991982502170473,451.7885267734528
N9_E11b_T12a,N9,amazon_agg_018,aggregate_cross_paper,train,0.75,0.8468508574190917,1.0,0.8656169524730305,451.7885267734528
N9_E11b_T12a,N9,amazon_agg_019,aggregate_cross_paper,train,0.6666666666666666,0.7962009991696761,0.75,0.7376225552787808,451.7885267734528
N9_E11b_T12a,N9,amazon_agg_020,aggregate_cross_paper,test,0.5,0.8618695466449947,0.5,0.6206231822149982,451.7885267734528
N9_E11b_T12a,N9,amazon_agg_021,aggregate_cross_paper,test,1.0,0.508005370441629,1.0,0.8360017901472098,451.7885267734528
N9_E11b_T12a,N9,amazon_agg_022,aggregate_cross_paper,train,0.4285714285714285,0.7186865945928753,1.0,0.7157526743881014,451.7885267734528
N9_E11b_T12a,N9,amazon_agg_023,aggregate_cross_paper,test,0.6666666666666666,0.7292361607298647,1.0,0.7986342757988437,451.7885267734528
N9_E11b_T12a,N9,amazon_agg_024,aggregate_cross_paper,test,0.6666666666666666,0.8719294460225663,1.0,0.8461987042297444,451.7885267734528
N9_E11b_T12a,N9,amazon_agg_025,aggregate_cross_paper,train,0.75,0.4363750138800649,1.0,0.728791671293355,451.7885267734528
N9_E11b_T12a,N9,amazon_agg_026,aggregate_cross_paper,train,0.7777777777777778,0.8078594811869024,0.75,0.7785457529882267,451.7885267734528
N9_E11b_T12a,N9,amazon_agg_027,aggregate_cross_paper,train,0.5,0.7573739903278575,1.0,0.7524579967759525,451.7885267734528
N9_E11b_T12a,N9,amazon_agg_028,aggregate_cross_paper,train,0.8333333333333334,0.6268633664723169,1.0,0.8200655666018833,451.7885267734528
N9_E11b_T12a,N9,amazon_agg_029,aggregate_cross_paper,test,0.8,0.5163408637452122,1.0,0.772113621248404,451.7885267734528
N9_E11b_T12a,N9,amazon_agg_030,aggregate_cross_paper,train,0.5714285714285714,0.7962508115858038,1.0,0.7892264610047918,451.7885267734528
N9_E11b_T12a,N9,amazon_agg_031,aggregate_cross_paper,train,0.6666666666666666,0.8158397736156701,1.0,0.8275021467607789,451.7885267734528
N9_E11b_T12a,N9,amazon_agg_032,aggregate_cross_paper,test,0.6666666666666666,0.7623595378110345,1.0,0.809675401492567,451.7885267734528
N9_E11b_T12a,N9,amazon_edge_000,edge_multihop,test,0.75,0.8670213756801909,0.0,0.5390071252267302,451.7885267734528
N9_E11b_T12a,N9,amazon_edge_001,edge_multihop,test,0.3333333333333333,0.927920459183782,0.0,0.4204179308390384,451.7885267734528
N9_E11b_T12a,N9,amazon_edge_002,edge_multihop,test,1.0,0.0,0.0,0.3333333333333333,451.7885267734528
N9_E11b_T12a,N9,amazon_edge_003,edge_multihop,test,1.0,0.0,0.0,0.3333333333333333,451.7885267734528
N9_E11b_T12a,N9,amazon_edge_004,edge_multihop,test,1.0,0.0,0.75,0.5833333333333334,451.7885267734528
N9_E11b_T12a,N9,amazon_edge_005,edge_multihop,train,1.0,0.0,0.0,0.3333333333333333,451.7885267734528
N9_E11b_T12a,N9,amazon_edge_006,edge_multihop,test,1.0,0.0,0.0,0.3333333333333333,451.7885267734528
N9_E11b_T12a,N9,amazon_edge_007,edge_multihop,test,1.0,0.0,0.0,0.3333333333333333,451.7885267734528
N9_E11b_T12a,N9,amazon_edge_008,edge_multihop,test,1.0,0.0,0.0,0.3333333333333333,451.7885267734528
N9_E11b_T12a,N9,amazon_edge_009,edge_multihop,train,1.0,0.0,0.0,0.3333333333333333,451.7885267734528
N9_E11b_T12a,N9,amazon_edge_010,edge_multihop,train,1.0,0.0,0.75,0.5833333333333334,451.7885267734528
N9_E11b_T12a,N9,amazon_edge_011,edge_multihop,test,0.8333333333333334,0.0,0.0,0.2777777777777778,451.7885267734528
N9_E11b_T12a,N9,amazon_edge_012,edge_multihop,test,1.0,0.0,0.5,0.5,451.7885267734528
N9_E11b_T12a,N9,amazon_edge_013,edge_multihop,test,1.0,0.0,0.0,0.3333333333333333,451.7885267734528
N9_E11b_T12a,N9,amazon_edge_014,edge_multihop,test,1.0,0.0,0.0,0.3333333333333333,451.7885267734528
N9_E11b_T12a,N9,amazon_edge_015,edge_multihop,train,0.8,0.0,0.0,0.2666666666666666,451.7885267734528
N9_E11b_T12a,N9,amazon_edge_016,edge_multihop,train,0.8,0.9017538486730664,0.0,0.5672512828910222,451.7885267734528
N9_E11b_T12a,N9,amazon_edge_017,edge_multihop,train,0.8333333333333334,0.0,0.0,0.2777777777777778,451.7885267734528
N9_E11b_T12a,N9,amazon_edge_018,edge_multihop,train,0.7142857142857143,0.0,0.25,0.3214285714285714,451.7885267734528
N9_E11b_T12a,N9,amazon_edge_019,edge_multihop,train,1.0,0.0,1.0,0.6666666666666666,451.7885267734528
N9_E11b_T12a,N9,amazon_edge_020,edge_multihop,train,1.0,0.0,0.0,0.3333333333333333,451.7885267734528
N9_E11b_T12a,N9,amazon_edge_021,edge_multihop,test,1.0,0.0,0.0,0.3333333333333333,451.7885267734528
N9_E11b_T12a,N9,amazon_edge_022,edge_multihop,test,0.5,0.0,0.0,0.1666666666666666,451.7885267734528
N9_E11b_T12a,N9,amazon_edge_023,edge_multihop,train,0.75,0.0,0.0,0.25,451.7885267734528
N9_E11b_T12a,N9,amazon_edge_024,edge_multihop,train,0.6666666666666666,0.0,0.0,0.2222222222222222,451.7885267734528
N9_E11b_T12a,N9,amazon_edge_025,edge_multihop,train,0.5714285714285714,0.8408295021604392,0.0,0.4707526911963368,451.7885267734528
N9_E11b_T12a,N9,amazon_edge_026,edge_multihop,test,1.0,0.0,0.0,0.3333333333333333,451.7885267734528
N9_E11b_T12a,N9,amazon_edge_027,edge_multihop,test,1.0,0.0,0.0,0.3333333333333333,451.7885267734528
N9_E11b_T12a,N9,amazon_edge_028,edge_multihop,test,1.0,0.0,0.75,0.5833333333333334,451.7885267734528
N9_E11b_T12a,N9,amazon_edge_029,edge_multihop,train,1.0,0.0,0.25,0.4166666666666667,451.7885267734528
N9_E11b_T12a,N9,amazon_edge_030,edge_multihop,train,0.8333333333333334,0.0,0.0,0.2777777777777778,451.7885267734528
N9_E11b_T12a,N9,amazon_edge_031,edge_multihop,test,1.0,0.0,0.0,0.3333333333333333,451.7885267734528
N9_E11b_T12a,N9,amazon_edge_032,edge_multihop,test,1.0,0.0,0.0,0.3333333333333333,451.7885267734528
N9_E11b_T12a,N9,amazon_edge_033,edge_multihop,test,0.8333333333333334,0.8207628199319713,0.0,0.5513653844217682,451.7885267734528
N9_E11b_T12a,N9,amazon_sh_035,single_specific,test,1.0,0.9460672529454514,1.0,0.982022417648484,451.7885267734528
N9_E11b_T12a,N9,amazon_sh_036,single_specific,train,0.75,0.8728258758737756,1.0,0.8742752919579252,451.7885267734528
N9_E11b_T12a,N9,amazon_sh_037,single_specific,test,1.0,0.6711121893368021,1.0,0.8903707297789341,451.7885267734528
N9_E11b_T12a,N9,amazon_sh_038,single_specific,test,0.5,0.5045900376253505,1.0,0.66819667920845,451.7885267734528
N9_E11b_T12a,N9,amazon_sh_039,single_specific,test,1.0,0.8811812611508986,0.75,0.8770604203836329,451.7885267734528
N9_E11b_T12a,N9,amazon_sh_040,single_specific,train,1.0,0.0,0.0,0.3333333333333333,451.7885267734528
N9_E11b_T12a,N9,amazon_sh_041,single_specific,test,1.0,0.9075110864840172,1.0,0.9691703621613392,451.7885267734528
N9_E11b_T12a,N9,amazon_sh_042,single_specific,train,0.875,0.5363012393965694,0.0,0.4704337464655231,451.7885267734528
N9_E11b_T12a,N9,amazon_sh_043,single_specific,test,1.0,0.8488100671783722,1.0,0.949603355726124,451.7885267734528
N9_E11b_T12a,N9,amazon_sh_044,single_specific,train,0.3333333333333333,0.9999996756564082,0.5,0.6111110029965805,451.7885267734528
N9_E11b_T12a,N9,amazon_sh_045,single_specific,train,1.0,0.8650307492093136,1.0,0.955010249736438,451.7885267734528
N9_E11b_T12a,N9,amazon_sh_046,single_specific,train,1.0,0.9999996397143652,1.0,0.9999998799047884,451.7885267734528
N9_E11b_T12a,N9,amazon_sh_047,single_specific,train,1.0,0.9816050334101132,1.0,0.9938683444700376,451.7885267734528
N9_E11b_T12a,N9,amazon_sh_048,single_specific,train,1.0,0.8407127978319445,1.0,0.9469042659439816,451.7885267734528
N9_E11b_T12a,N9,amazon_sh_049,single_specific,test,1.0,0.9155799136814604,1.0,0.9718599712271536,451.7885267734528
N9_E11b_T12a,N9,amazon_sh_050,single_specific,train,1.0,0.8989883244101627,0.0,0.6329961081367209,451.7885267734528
N9_E11b_T12a,N9,amazon_sh_051,single_specific,test,1.0,0.9631811721366288,1.0,0.9877270573788764,451.7885267734528
N9_E11b_T12a,N9,amazon_sh_052,single_specific,test,1.0,0.911528593549574,1.0,0.9705095311831914,451.7885267734528
N9_E11b_T12a,N9,amazon_sh_053,single_specific,train,0.5,0.5686372943571767,0.0,0.3562124314523922,451.7885267734528
N9_E11b_T12a,N9,amazon_sh_054,single_specific,test,1.0,0.999999592270859,1.0,0.9999998640902864,451.7885267734528
N9_E11b_T12a,N9,amazon_sh_055,single_specific,test,0.75,0.9138677743862595,1.0,0.88795592479542,451.7885267734528
N9_E11b_T12a,N9,amazon_sh_056,single_specific,test,0.6666666666666666,0.0,0.0,0.2222222222222222,451.7885267734528
N9_E11b_T12a,N9,amazon_sh_057,single_specific,train,1.0,0.5402567306319154,1.0,0.8467522435439717,451.7885267734528
N9_E11b_T12a,N9,amazon_sh_058,single_specific,test,1.0,0.9810755079257776,1.0,0.9936918359752592,451.7885267734528
N9_E11b_T12a,N9,amazon_sh_059,single_specific,train,1.0,0.964072236317622,1.0,0.9880240787725408,451.7885267734528
N9_E11b_T12a,N9,amazon_sh_060,single_specific,train,1.0,1.0000000000000002,1.0,1.0,451.7885267734528
N9_E11b_T12a,N9,amazon_sh_061,single_specific,train,1.0,0.0,0.0,0.3333333333333333,451.7885267734528
N9_E11b_T12a,N9,amazon_sh_062,single_specific,train,1.0,0.9613474157323244,1.0,0.987115805244108,451.7885267734528
N9_E11b_T12a,N9,amazon_sh_063,single_specific,test,1.0,0.931200702725777,1.0,0.9770669009085924,451.7885267734528
N9_E11b_T12a,N9,amazon_sh_064,single_specific,test,1.0,0.661867620941798,1.0,0.8872892069805993,451.7885267734528
N9_E11b_T12a,N9,amazon_sh_065,single_specific,train,1.0,0.9999996680315242,1.0,0.9999998893438414,451.7885267734528
N9_E11b_T12a,N9,amazon_sh_066,single_specific,test,1.0,0.8862290952903383,1.0,0.9620763650967796,451.7885267734528
N9_E11b_T12a,N9,amazon_sh_067,single_specific,test,1.0,0.8083139954712556,1.0,0.9361046651570852,451.7885267734528
N9_E11b_T12a,N9,amazon_sh_068,single_specific,test,0.8571428571428571,0.8553619667665842,1.0,0.9041682746364804,451.7885267734528
N9_E11b_T12a,N9,amazon_sh_069,single_specific,test,1.0,0.0,0.0,0.3333333333333333,451.7885267734528
N9_E11b_T12a,N9,amazon_sh_070,single_specific,test,0.6666666666666666,0.8379066281971531,0.75,0.7515244316212732,451.7885267734528
N9_E11b_T12a,N9,amazon_sh_071,single_specific,train,0.8333333333333334,0.8295349053410173,1.0,0.8876227462247835,451.7885267734528
N9_E11b_T12a,N9,amazon_sh_072,single_specific,test,1.0,0.8253611838589702,1.0,0.9417870612863234,451.7885267734528
N9_E11b_T12a,N9,amazon_sh_073,single_specific,test,0.5,0.9999999999999998,1.0,0.8333333333333334,451.7885267734528
N9_E11b_T12a,N9,amazon_sh_074,single_specific,test,1.0,0.8825183907933352,1.0,0.9608394635977784,451.7885267734528
N9_E11b_T12a,N9,amazon_sh_075,single_specific,train,1.0,0.9229725836971456,1.0,0.9743241945657152,451.7885267734528
N9_E11b_T12a,N9,amazon_sh_076,single_specific,test,0.8,0.91436336631758,1.0,0.9047877887725266,451.7885267734528
N9_E11b_T12a,N9,amazon_sh_077,single_specific,train,1.0,0.9999997716801317,1.0,0.9999999238933772,451.7885267734528
N9_E11b_T12a,N9,amazon_sh_078,single_specific,train,1.0,1.0,1.0,1.0,451.7885267734528
N9_E11b_T12a,N9,amazon_sh_079,single_specific,test,0.5,0.7527187038602619,0.0,0.4175729012867539,451.7885267734528
N9_E11b_T12a,N9,amazon_sh_080,single_specific,test,1.0,0.9683378248329052,0.5,0.8227792749443017,451.7885267734528
N9_E11b_T12a,N9,amazon_sh_081,single_specific,train,0.5,0.9462181731565276,1.0,0.8154060577188424,451.7885267734528
N9_E11b_T12a,N9,amazon_sh_082,single_specific,train,1.0,0.9999996789649476,1.0,0.9999998929883156,451.7885267734528
N9_E11b_T12b,N9,amazon_sh_000,single_specific,test,0.75,0.94033908818057,1.0,0.89677969606019,441.85400390625
N9_E11b_T12b,N9,amazon_sh_001,single_specific,test,1.0,0.8280662809296397,1.0,0.94268876030988,441.85400390625
N9_E11b_T12b,N9,amazon_sh_002,single_specific,test,1.0,0.7715997892120734,0.5,0.7571999297373578,441.85400390625
N9_E11b_T12b,N9,amazon_sh_003,single_specific,train,1.0,0.7402023199022517,1.0,0.9134007733007506,441.85400390625
N9_E11b_T12b,N9,amazon_sh_004,single_specific,train,0.6666666666666666,0.0,0.0,0.2222222222222222,441.85400390625
N9_E11b_T12b,N9,amazon_sh_005,single_specific,train,1.0,0.9092427036396112,0.5,0.8030809012132037,441.85400390625
N9_E11b_T12b,N9,amazon_sh_006,single_specific,train,1.0,0.9999996639244466,1.0,0.9999998879748156,441.85400390625
N9_E11b_T12b,N9,amazon_sh_007,single_specific,train,1.0,0.8766952597219129,1.0,0.9588984199073044,441.85400390625
N9_E11b_T12b,N9,amazon_sh_008,single_specific,train,1.0,0.8951734238241056,1.0,0.9650578079413684,441.85400390625
N9_E11b_T12b,N9,amazon_sh_009,single_specific,train,1.0,0.8945045233891346,1.0,0.9648348411297116,441.85400390625
N9_E11b_T12b,N9,amazon_sh_010,single_specific,test,1.0,0.0,0.0,0.3333333333333333,441.85400390625
N9_E11b_T12b,N9,amazon_sh_011,single_specific,train,1.0,0.9413753185070102,1.0,0.9804584395023368,441.85400390625
N9_E11b_T12b,N9,amazon_sh_012,single_specific,train,1.0,0.9058719284353532,1.0,0.9686239761451176,441.85400390625
N9_E11b_T12b,N9,amazon_sh_013,single_specific,train,1.0,0.8794796009980288,1.0,0.9598265336660096,441.85400390625
N9_E11b_T12b,N9,amazon_sh_014,single_specific,train,1.0,0.0,1.0,0.6666666666666666,441.85400390625
N9_E11b_T12b,N9,amazon_sh_015,single_specific,test,1.0,0.8604554819636836,1.0,0.9534851606545612,441.85400390625
N9_E11b_T12b,N9,amazon_sh_016,single_specific,test,1.0,0.9335213737634764,1.0,0.9778404579211588,441.85400390625
N9_E11b_T12b,N9,amazon_sh_017,single_specific,test,1.0,0.0,0.0,0.3333333333333333,441.85400390625
N9_E11b_T12b,N9,amazon_sh_018,single_specific,test,1.0,0.9468498926677807,1.0,0.9822832975559268,441.85400390625
N9_E11b_T12b,N9,amazon_sh_019,single_specific,test,0.8,0.7104052004081655,1.0,0.8368017334693886,441.85400390625
N9_E11b_T12b,N9,amazon_sh_020,single_specific,train,1.0,0.943585981957119,1.0,0.9811953273190396,441.85400390625
N9_E11b_T12b,N9,amazon_sh_021,single_specific,train,1.0,0.0,0.5,0.5,441.85400390625
N9_E11b_T12b,N9,amazon_sh_022,single_specific,test,0.8,0.9999997105356648,1.0,0.9333332368452216,441.85400390625
N9_E11b_T12b,N9,amazon_sh_023,single_specific,test,1.0,0.9035489053202532,1.0,0.967849635106751,441.85400390625
N9_E11b_T12b,N9,amazon_sh_024,single_specific,test,1.0,0.564313429932153,1.0,0.8547711433107178,441.85400390625
N9_E11b_T12b,N9,amazon_sh_025,single_specific,train,1.0,0.9565693440004532,1.0,0.985523114666818,441.85400390625
N9_E11b_T12b,N9,amazon_sh_026,single_specific,train,1.0,0.8101261331546205,1.0,0.9367087110515402,441.85400390625
N9_E11b_T12b,N9,amazon_sh_027,single_specific,test,1.0,0.9145888380019076,1.0,0.9715296126673024,441.85400390625
N9_E11b_T12b,N9,amazon_sh_028,single_specific,train,1.0,0.0,0.0,0.3333333333333333,441.85400390625
N9_E11b_T12b,N9,amazon_sh_029,single_specific,test,0.5,0.0,0.0,0.1666666666666666,441.85400390625
N9_E11b_T12b,N9,amazon_sh_030,single_specific,test,1.0,0.909029835430112,0.0,0.636343278476704,441.85400390625
N9_E11b_T12b,N9,amazon_sh_031,single_specific,test,0.5,0.9774125004419836,1.0,0.8258041668139945,441.85400390625
N9_E11b_T12b,N9,amazon_sh_032,single_specific,test,1.0,0.8640329202593791,1.0,0.9546776400864596,441.85400390625
N9_E11b_T12b,N9,amazon_sh_033,single_specific,train,1.0,0.5844965823906045,0.0,0.5281655274635348,441.85400390625
N9_E11b_T12b,N9,amazon_sh_034,single_specific,train,1.0,0.0,0.0,0.3333333333333333,441.85400390625
N9_E11b_T12b,N9,amazon_agg_000,aggregate_cross_paper,train,0.4,0.8618055118540429,1.0,0.7539351706180143,441.85400390625
N9_E11b_T12b,N9,amazon_agg_001,aggregate_cross_paper,test,0.6153846153846154,0.5079861940452717,1.0,0.7077902698099624,441.85400390625
N9_E11b_T12b,N9,amazon_agg_002,aggregate_cross_paper,test,0.75,0.6442207928160923,1.0,0.7980735976053642,441.85400390625
N9_E11b_T12b,N9,amazon_agg_003,aggregate_cross_paper,test,0.5714285714285714,0.8030647320763888,1.0,0.7914977678349867,441.85400390625
N9_E11b_T12b,N9,amazon_agg_004,aggregate_cross_paper,train,0.8,0.4575506376975315,1.0,0.7525168792325104,441.85400390625
N9_E11b_T12b,N9,amazon_agg_005,aggregate_cross_paper,train,1.0,0.5663398292761163,1.0,0.8554466097587055,441.85400390625
N9_E11b_T12b,N9,amazon_agg_006,aggregate_cross_paper,test,1.0,0.4858549381741173,1.0,0.8286183127247058,441.85400390625
N9_E11b_T12b,N9,amazon_agg_007,aggregate_cross_paper,train,1.0,0.5705785800517575,1.0,0.8568595266839192,441.85400390625
N9_E11b_T12b,N9,amazon_agg_008,aggregate_cross_paper,test,1.0,0.5853468981368241,1.0,0.8617822993789414,441.85400390625
N9_E11b_T12b,N9,amazon_agg_009,aggregate_cross_paper,train,0.5,0.0,0.75,0.4166666666666667,441.85400390625
N9_E11b_T12b,N9,amazon_agg_010,aggregate_cross_paper,train,0.6,0.8031058453474399,1.0,0.8010352817824801,441.85400390625
N9_E11b_T12b,N9,amazon_agg_011,aggregate_cross_paper,train,0.6666666666666666,0.6497957662433828,1.0,0.7721541443033498,441.85400390625
N9_E11b_T12b,N9,amazon_agg_012,aggregate_cross_paper,train,0.0,0.7861924318765124,0.75,0.5120641439588375,441.85400390625
N9_E11b_T12b,N9,amazon_agg_013,aggregate_cross_paper,train,0.75,0.904621606631269,1.0,0.8848738688770896,441.85400390625
N9_E11b_T12b,N9,amazon_agg_014,aggregate_cross_paper,test,0.75,0.8830098222599938,1.0,0.8776699407533313,441.85400390625
N9_E11b_T12b,N9,amazon_agg_015,aggregate_cross_paper,train,1.0,0.0,0.0,0.3333333333333333,441.85400390625
N9_E11b_T12b,N9,amazon_agg_016,aggregate_cross_paper,train,0.8333333333333334,0.7967845923018905,1.0,0.8767059752117413,441.85400390625
N9_E11b_T12b,N9,amazon_agg_017,aggregate_cross_paper,test,1.0,0.4396272107733575,1.0,0.8132090702577859,441.85400390625
N9_E11b_T12b,N9,amazon_agg_018,aggregate_cross_paper,train,0.75,0.8468508574190917,1.0,0.8656169524730305,441.85400390625
N9_E11b_T12b,N9,amazon_agg_019,aggregate_cross_paper,train,0.8,0.7892919063642045,0.75,0.7797639687880681,441.85400390625
N9_E11b_T12b,N9,amazon_agg_020,aggregate_cross_paper,test,0.75,0.8768878055666421,0.5,0.7089626018555474,441.85400390625
N9_E11b_T12b,N9,amazon_agg_021,aggregate_cross_paper,test,1.0,0.5080147182604562,1.0,0.8360049060868188,441.85400390625
N9_E11b_T12b,N9,amazon_agg_022,aggregate_cross_paper,train,0.5714285714285714,0.718680187918825,1.0,0.7633695864491322,441.85400390625
N9_E11b_T12b,N9,amazon_agg_023,aggregate_cross_paper,test,0.6666666666666666,0.7286900507924128,1.0,0.7984522391530264,441.85400390625
N9_E11b_T12b,N9,amazon_agg_024,aggregate_cross_paper,test,0.5555555555555556,0.8719344730103181,1.0,0.8091633428552912,441.85400390625
N9_E11b_T12b,N9,amazon_agg_025,aggregate_cross_paper,train,0.5,0.4931149628093445,1.0,0.6643716542697815,441.85400390625
N9_E11b_T12b,N9,amazon_agg_026,aggregate_cross_paper,train,0.7777777777777778,0.8078594811869024,0.75,0.7785457529882267,441.85400390625
N9_E11b_T12b,N9,amazon_agg_027,aggregate_cross_paper,train,0.5,0.7573739903278575,1.0,0.7524579967759525,441.85400390625
N9_E11b_T12b,N9,amazon_agg_028,aggregate_cross_paper,train,0.8333333333333334,0.6268633664723169,1.0,0.8200655666018833,441.85400390625
N9_E11b_T12b,N9,amazon_agg_029,aggregate_cross_paper,test,1.0,0.4926018782861053,1.0,0.8308672927620351,441.85400390625
N9_E11b_T12b,N9,amazon_agg_030,aggregate_cross_paper,train,0.5714285714285714,0.7846055681340051,1.0,0.7853447131875254,441.85400390625
N9_E11b_T12b,N9,amazon_agg_031,aggregate_cross_paper,train,0.6666666666666666,0.8271857187878473,1.0,0.831284128484838,441.85400390625
N9_E11b_T12b,N9,amazon_agg_032,aggregate_cross_paper,test,0.4285714285714285,0.7626813932746324,1.0,0.7304176072820203,441.85400390625
N9_E11b_T12b,N9,amazon_edge_000,edge_multihop,test,0.6,0.8670070592582663,0.0,0.4890023530860887,441.85400390625
N9_E11b_T12b,N9,amazon_edge_001,edge_multihop,test,1.0,0.8295652603833455,0.0,0.6098550867944486,441.85400390625
N9_E11b_T12b,N9,amazon_edge_002,edge_multihop,test,1.0,0.0,0.0,0.3333333333333333,441.85400390625
N9_E11b_T12b,N9,amazon_edge_003,edge_multihop,test,1.0,0.0,0.0,0.3333333333333333,441.85400390625
N9_E11b_T12b,N9,amazon_edge_004,edge_multihop,test,1.0,0.0,0.75,0.5833333333333334,441.85400390625
N9_E11b_T12b,N9,amazon_edge_005,edge_multihop,train,1.0,0.0,0.0,0.3333333333333333,441.85400390625
N9_E11b_T12b,N9,amazon_edge_006,edge_multihop,test,0.75,0.0,0.0,0.25,441.85400390625
N9_E11b_T12b,N9,amazon_edge_007,edge_multihop,test,1.0,0.0,0.0,0.3333333333333333,441.85400390625
N9_E11b_T12b,N9,amazon_edge_008,edge_multihop,test,1.0,0.0,0.0,0.3333333333333333,441.85400390625
N9_E11b_T12b,N9,amazon_edge_009,edge_multihop,train,1.0,0.0,0.0,0.3333333333333333,441.85400390625
N9_E11b_T12b,N9,amazon_edge_010,edge_multihop,train,1.0,0.0,0.75,0.5833333333333334,441.85400390625
N9_E11b_T12b,N9,amazon_edge_011,edge_multihop,test,0.7142857142857143,0.0,0.0,0.2380952380952381,441.85400390625
N9_E11b_T12b,N9,amazon_edge_012,edge_multihop,test,1.0,0.0,0.5,0.5,441.85400390625
N9_E11b_T12b,N9,amazon_edge_013,edge_multihop,test,1.0,0.0,0.0,0.3333333333333333,441.85400390625
N9_E11b_T12b,N9,amazon_edge_014,edge_multihop,test,1.0,0.0,0.0,0.3333333333333333,441.85400390625
N9_E11b_T12b,N9,amazon_edge_015,edge_multihop,train,1.0,0.0,0.0,0.3333333333333333,441.85400390625
N9_E11b_T12b,N9,amazon_edge_016,edge_multihop,train,0.8,0.9033854220849435,0.0,0.5677951406949812,441.85400390625
N9_E11b_T12b,N9,amazon_edge_017,edge_multihop,train,0.8571428571428571,0.0,0.0,0.2857142857142857,441.85400390625
N9_E11b_T12b,N9,amazon_edge_018,edge_multihop,train,0.875,0.0,0.25,0.375,441.85400390625
N9_E11b_T12b,N9,amazon_edge_019,edge_multihop,train,1.0,0.0,1.0,0.6666666666666666,441.85400390625
N9_E11b_T12b,N9,amazon_edge_020,edge_multihop,train,1.0,0.0,0.0,0.3333333333333333,441.85400390625
N9_E11b_T12b,N9,amazon_edge_021,edge_multihop,test,1.0,0.0,0.0,0.3333333333333333,441.85400390625
N9_E11b_T12b,N9,amazon_edge_022,edge_multihop,test,1.0,0.0,0.0,0.3333333333333333,441.85400390625
N9_E11b_T12b,N9,amazon_edge_023,edge_multihop,train,1.0,0.0,0.0,0.3333333333333333,441.85400390625
N9_E11b_T12b,N9,amazon_edge_024,edge_multihop,train,0.6666666666666666,0.0,0.0,0.2222222222222222,441.85400390625
N9_E11b_T12b,N9,amazon_edge_025,edge_multihop,train,0.8571428571428571,0.8653962764802365,0.0,0.574179711207698,441.85400390625
N9_E11b_T12b,N9,amazon_edge_026,edge_multihop,test,1.0,0.7172169663425031,0.0,0.572405655447501,441.85400390625
N9_E11b_T12b,N9,amazon_edge_027,edge_multihop,test,1.0,0.0,0.0,0.3333333333333333,441.85400390625
N9_E11b_T12b,N9,amazon_edge_028,edge_multihop,test,1.0,0.0,0.75,0.5833333333333334,441.85400390625
N9_E11b_T12b,N9,amazon_edge_029,edge_multihop,train,1.0,0.0,0.25,0.4166666666666667,441.85400390625
N9_E11b_T12b,N9,amazon_edge_030,edge_multihop,train,0.8333333333333334,0.0,0.0,0.2777777777777778,441.85400390625
N9_E11b_T12b,N9,amazon_edge_031,edge_multihop,test,1.0,0.0,0.0,0.3333333333333333,441.85400390625
N9_E11b_T12b,N9,amazon_edge_032,edge_multihop,test,1.0,0.0,0.0,0.3333333333333333,441.85400390625
N9_E11b_T12b,N9,amazon_edge_033,edge_multihop,test,0.6666666666666666,0.8207628199319713,0.0,0.4958098288662126,441.85400390625
N9_E11b_T12b,N9,amazon_sh_035,single_specific,test,1.0,0.9460672529454514,1.0,0.982022417648484,441.85400390625
N9_E11b_T12b,N9,amazon_sh_036,single_specific,train,0.75,0.8728179846429697,1.0,0.8742726615476566,441.85400390625
N9_E11b_T12b,N9,amazon_sh_037,single_specific,test,0.8,0.8165106276805638,1.0,0.8721702092268546,441.85400390625
N9_E11b_T12b,N9,amazon_sh_038,single_specific,test,0.5,0.5045900376253505,1.0,0.66819667920845,441.85400390625
N9_E11b_T12b,N9,amazon_sh_039,single_specific,test,1.0,0.8811812611508986,0.75,0.8770604203836329,441.85400390625
N9_E11b_T12b,N9,amazon_sh_040,single_specific,train,1.0,0.0,0.0,0.3333333333333333,441.85400390625
N9_E11b_T12b,N9,amazon_sh_041,single_specific,test,1.0,0.9075110864840172,1.0,0.9691703621613392,441.85400390625
N9_E11b_T12b,N9,amazon_sh_042,single_specific,train,1.0,0.4899741472718597,0.0,0.4966580490906199,441.85400390625
N9_E11b_T12b,N9,amazon_sh_043,single_specific,test,1.0,0.8488148262245842,1.0,0.9496049420748616,441.85400390625
N9_E11b_T12b,N9,amazon_sh_044,single_specific,train,0.3333333333333333,1.0,0.5,0.611111111111111,441.85400390625
N9_E11b_T12b,N9,amazon_sh_045,single_specific,train,1.0,0.8646297285651304,1.0,0.9548765761883768,441.85400390625
N9_E11b_T12b,N9,amazon_sh_046,single_specific,train,1.0,1.0,1.0,1.0,441.85400390625
N9_E11b_T12b,N9,amazon_sh_047,single_specific,train,1.0,0.981598757741995,1.0,0.993866252580665,441.85400390625
N9_E11b_T12b,N9,amazon_sh_048,single_specific,train,1.0,0.8407370046065573,1.0,0.9469123348688524,441.85400390625
N9_E11b_T12b,N9,amazon_sh_049,single_specific,test,1.0,0.915576449761596,1.0,0.9718588165871987,441.85400390625
N9_E11b_T12b,N9,amazon_sh_050,single_specific,train,1.0,0.8989883244101627,0.0,0.6329961081367209,441.85400390625
N9_E11b_T12b,N9,amazon_sh_051,single_specific,test,1.0,0.9631746143350096,1.0,0.9877248714450032,441.85400390625
N9_E11b_T12b,N9,amazon_sh_052,single_specific,test,1.0,1.0000000000000002,1.0,1.0,441.85400390625
N9_E11b_T12b,N9,amazon_sh_053,single_specific,train,0.5,0.5686419278577141,0.0,0.3562139759525713,441.85400390625
N9_E11b_T12b,N9,amazon_sh_054,single_specific,test,1.0,1.0,1.0,1.0,441.85400390625
N9_E11b_T12b,N9,amazon_sh_055,single_specific,test,0.75,0.9138808296946892,1.0,0.8879602765648964,441.85400390625
N9_E11b_T12b,N9,amazon_sh_056,single_specific,test,1.0,0.0,0.0,0.3333333333333333,441.85400390625
N9_E11b_T12b,N9,amazon_sh_057,single_specific,train,1.0,0.4574677106949301,1.0,0.8191559035649766,441.85400390625
N9_E11b_T12b,N9,amazon_sh_058,single_specific,test,1.0,0.9872340617574888,1.0,0.9957446872524964,441.85400390625
N9_E11b_T12b,N9,amazon_sh_059,single_specific,train,1.0,0.9640609724889458,1.0,0.988020324162982,441.85400390625
N9_E11b_T12b,N9,amazon_sh_060,single_specific,train,1.0,1.0000000000000002,1.0,1.0,441.85400390625
N9_E11b_T12b,N9,amazon_sh_061,single_specific,train,1.0,0.6932132393629563,0.0,0.5644044131209854,441.85400390625
N9_E11b_T12b,N9,amazon_sh_062,single_specific,train,1.0,1.0000000000000002,1.0,1.0,441.85400390625
N9_E11b_T12b,N9,amazon_sh_063,single_specific,test,1.0,0.9214933376924213,1.0,0.9738311125641405,441.85400390625
N9_E11b_T12b,N9,amazon_sh_064,single_specific,test,1.0,0.661867620941798,1.0,0.8872892069805993,441.85400390625
N9_E11b_T12b,N9,amazon_sh_065,single_specific,train,0.75,0.0,1.0,0.5833333333333334,441.85400390625
N9_E11b_T12b,N9,amazon_sh_066,single_specific,test,1.0,0.9026719464960808,1.0,0.9675573154986936,441.85400390625
N9_E11b_T12b,N9,amazon_sh_067,single_specific,test,1.0,0.8083321360504476,1.0,0.9361107120168158,441.85400390625
N9_E11b_T12b,N9,amazon_sh_068,single_specific,test,0.8571428571428571,0.8553580446019979,1.0,0.904166967248285,441.85400390625
N9_E11b_T12b,N9,amazon_sh_069,single_specific,test,1.0,0.0,0.0,0.3333333333333333,441.85400390625
N9_E11b_T12b,N9,amazon_sh_070,single_specific,test,0.0,0.8379060036547255,0.75,0.5293020012182418,441.85400390625
N9_E11b_T12b,N9,amazon_sh_071,single_specific,train,0.8333333333333334,0.8244576667793346,1.0,0.8859303333708893,441.85400390625
N9_E11b_T12b,N9,amazon_sh_072,single_specific,test,1.0,0.883575942163117,1.0,0.961191980721039,441.85400390625
N9_E11b_T12b,N9,amazon_sh_073,single_specific,test,0.5,0.9999996674678212,1.0,0.8333332224892738,441.85400390625
N9_E11b_T12b,N9,amazon_sh_074,single_specific,test,1.0,0.9108623148177364,1.0,0.9702874382725788,441.85400390625
N9_E11b_T12b,N9,amazon_sh_075,single_specific,train,1.0,0.922925391327967,1.0,0.974308463775989,441.85400390625
N9_E11b_T12b,N9,amazon_sh_076,single_specific,test,1.0,0.9143505803753008,1.0,0.9714501934584336,441.85400390625
N9_E11b_T12b,N9,amazon_sh_077,single_specific,train,1.0,0.999999647639716,1.0,0.999999882546572,441.85400390625
N9_E11b_T12b,N9,amazon_sh_078,single_specific,train,1.0,1.0,1.0,1.0,441.85400390625
N9_E11b_T12b,N9,amazon_sh_079,single_specific,test,0.5,0.7526607252205216,0.0,0.4175535750735071,441.85400390625
N9_E11b_T12b,N9,amazon_sh_080,single_specific,test,1.0,0.9683462994596634,0.5,0.8227820998198879,441.85400390625
N9_E11b_T12b,N9,amazon_sh_081,single_specific,train,0.6666666666666666,0.9462095688294354,1.0,0.8709587451653674,441.85400390625
N9_E11b_T12b,N9,amazon_sh_082,single_specific,train,1.0,0.9999996304593596,1.0,0.9999998768197864,441.85400390625
N7_E10b_T12a,N7,amazon_agg_033,aggregate_cross_paper,train,0.8333333333333334,0.7981368234238548,1.0,0.8771567189190628,341.19637393951416
N7_E10b_T12a,N7,amazon_agg_034,aggregate_cross_paper,train,0.5,0.7520862001453702,1.0,0.7506954000484568,341.19637393951416
N7_E10b_T12a,N7,amazon_agg_035,aggregate_cross_paper,train,0.75,0.563572770557572,0.5,0.6045242568525241,341.19637393951416
N7_E10b_T12a,N7,amazon_agg_036,aggregate_cross_paper,test,0.6,0.8340095020179628,0.0,0.47800316733932097,341.19637393951416
N7_E10b_T12a,N7,amazon_agg_037,aggregate_cross_paper,test,1.0,0.8109042658365152,1.0,0.9369680886121717,341.19637393951416
N7_E10b_T12a,N7,amazon_agg_038,aggregate_cross_paper,test,0.8888888888888888,0.5927913317101245,0.5,0.6605600735330045,341.19637393951416
N7_E10b_T12a,N7,amazon_agg_039,aggregate_cross_paper,train,1.0,0.8500331664723159,0.75,0.8666777221574385,341.19637393951416
N7_E10b_T12a,N7,amazon_agg_040,aggregate_cross_paper,train,0.8,0.4712971194771705,1.0,0.7570990398257235,341.19637393951416
N7_E10b_T12a,N7,amazon_agg_041,aggregate_cross_paper,test,0.4,0.42632333793602845,1.0,0.6087744459786761,341.19637393951416
N7_E10b_T12a,N7,amazon_agg_042,aggregate_cross_paper,train,0.6666666666666666,0.8573247525894088,1.0,0.8413304730853585,341.19637393951416
N7_E10b_T12a,N7,amazon_agg_043,aggregate_cross_paper,test,0.6666666666666666,0.7762347948840198,1.0,0.8143004871835622,341.19637393951416
N7_E10b_T12a,N7,amazon_agg_044,aggregate_cross_paper,train,0.5,0.728650147105068,1.0,0.742883382368356,341.19637393951416
N7_E10b_T12a,N7,amazon_agg_045,aggregate_cross_paper,train,0.3333333333333333,0.48382061872426285,1.0,0.6057179840191987,341.19637393951416
N7_E10b_T12a,N7,amazon_agg_046,aggregate_cross_paper,test,1.0,0.5585074049724947,1.0,0.8528358016574983,341.19637393951416
N7_E10b_T12a,N7,amazon_agg_047,aggregate_cross_paper,train,0.75,0.8611071948123019,1.0,0.8703690649374339,341.19637393951416
N7_E10b_T12a,N7,amazon_agg_048,aggregate_cross_paper,test,1.0,0.6922635862104144,1.0,0.8974211954034715,341.19637393951416
N7_E10b_T12a,N7,amazon_agg_049,aggregate_cross_paper,train,1.0,0.590784536632822,1.0,0.863594845544274,341.19637393951416
N7_E10b_T12a,N7,amazon_agg_050,aggregate_cross_paper,test,1.0,0.829653898898287,1.0,0.943217966299429,341.19637393951416
N7_E10b_T12a,N7,amazon_agg_051,aggregate_cross_paper,test,0.75,0.7336011966882717,0.5,0.6612003988960905,341.19637393951416
N7_E10b_T12a,N7,amazon_agg_052,aggregate_cross_paper,test,1.0,0.4018107339255496,0.25,0.5506035779751832,341.19637393951416
N7_E10b_T12a,N7,amazon_agg_053,aggregate_cross_paper,train,0.8,0.5310374268722043,1.0,0.7770124756240682,341.19637393951416
N7_E10b_T12a,N7,amazon_agg_054,aggregate_cross_paper,test,0.6666666666666666,0.5793199990276797,1.0,0.7486622218981154,341.19637393951416
N7_E10b_T12a,N7,amazon_agg_055,aggregate_cross_paper,train,0.75,0.7303101427735293,0.75,0.7434367142578431,341.19637393951416
N7_E10b_T12a,N7,amazon_agg_056,aggregate_cross_paper,test,0.8,0.7869147133675548,1.0,0.8623049044558516,341.19637393951416
N7_E10b_T12a,N7,amazon_agg_057,aggregate_cross_paper,test,1.0,0.9095489369786222,1.0,0.9698496456595408,341.19637393951416
N7_E10b_T12a,N7,amazon_agg_058,aggregate_cross_paper,test,1.0,0.5837457827821771,1.0,0.8612485942607258,341.19637393951416
N7_E10b_T12a,N7,amazon_agg_059,aggregate_cross_paper,test,1.0,0.4111850348592045,1.0,0.8037283449530682,341.19637393951416
N7_E10b_T12a,N7,amazon_agg_060,aggregate_cross_paper,test,1.0,0.4093195832203668,1.0,0.8031065277401224,341.19637393951416
N7_E10b_T12a,N7,amazon_agg_061,aggregate_cross_paper,test,0.8,0.6862233326698287,1.0,0.828741110889943,341.19637393951416
N7_E10b_T12a,N7,amazon_agg_062,aggregate_cross_paper,train,0.8333333333333334,0.7857393950100642,1.0,0.8730242427811326,341.19637393951416
N7_E10b_T12a,N7,amazon_agg_063,aggregate_cross_paper,test,1.0,0.8100123320450482,1.0,0.9366707773483495,341.19637393951416
N7_E10b_T12a,N7,amazon_agg_064,aggregate_cross_paper,test,1.0,0.6197026344356474,1.0,0.8732342114785491,341.19637393951416
N7_E10b_T12a,N7,amazon_agg_065,aggregate_cross_paper,train,1.0,0.4894764167101067,1.0,0.8298254722367022,341.19637393951416
N7_E10b_T12a,N7,amazon_agg_066,aggregate_cross_paper,train,1.0,0.46397702310147243,1.0,0.8213256743671575,341.19637393951416
N7_E10b_T12a,N7,amazon_agg_067,aggregate_cross_paper,test,1.0,0.783749657133988,1.0,0.927916552377996,341.19637393951416
N7_E10b_T12a,N7,amazon_agg_068,aggregate_cross_paper,test,0.75,0.398489069536931,0.75,0.6328296898456437,341.19637393951416
N7_E10b_T12a,N7,amazon_agg_069,aggregate_cross_paper,train,0.75,0.8081076714545694,1.0,0.8527025571515231,341.19637393951416
N7_E10b_T12a,N7,amazon_agg_070,aggregate_cross_paper,train,1.0,0.7527956518587047,1.0,0.9175985506195682,341.19637393951416
N7_E10b_T12a,N7,amazon_agg_071,aggregate_cross_paper,test,0.8888888888888888,0.8008496063300344,1.0,0.8965794984063078,341.19637393951416
N7_E10b_T12a,N7,amazon_agg_072,aggregate_cross_paper,train,0.6666666666666666,0.49891959477932674,0.0,0.3885287538153311,341.19637393951416
N7_E10b_T12a,N7,amazon_agg_073,aggregate_cross_paper,train,0.75,0.7432426711843788,1.0,0.8310808903947929,341.19637393951416
N7_E10b_T12a,N7,amazon_agg_074,aggregate_cross_paper,test,0.75,0.7133507943968773,1.0,0.8211169314656258,341.19637393951416
N7_E10b_T12a,N7,amazon_agg_075,aggregate_cross_paper,test,1.0,0.9047075084278684,1.0,0.9682358361426228,341.19637393951416
N7_E10b_T12a,N7,amazon_agg_076,aggregate_cross_paper,train,0.6,0.6468757368966461,1.0,0.7489585789655487,341.19637393951416
N7_E10b_T12a,N7,amazon_agg_077,aggregate_cross_paper,train,0.8,0.4458100672234749,1.0,0.7486033557411583,341.19637393951416
N7_E10b_T12a,N7,amazon_agg_078,aggregate_cross_paper,test,0.6666666666666666,0.5784781642438425,1.0,0.748381610303503,341.19637393951416
N7_E10b_T12a,N7,amazon_agg_079,aggregate_cross_paper,test,0.8333333333333334,0.8227338459570745,0.5,0.7186890597634693,341.19637393951416
N7_E10b_T12a,N7,amazon_agg_080,aggregate_cross_paper,train,1.0,0.8899519510707132,1.0,0.963317317023571,341.19637393951416
N7_E10b_T12a,N7,amazon_agg_081,aggregate_cross_paper,train,1.0,0.369084271583771,1.0,0.7896947571945904,341.19637393951416
N7_E10b_T12a,N7,amazon_agg_082,aggregate_cross_paper,test,1.0,0.0,0.75,0.5833333333333334,341.19637393951416
N7_E10b_T12a,N7,amazon_agg_083,aggregate_cross_paper,train,1.0,0.8303798714386007,1.0,0.9434599571462002,341.19637393951416
N7_E10b_T12a,N7,amazon_agg_084,aggregate_cross_paper,test,0.42857142857142855,0.6883055971224018,1.0,0.7056256752312767,341.19637393951416
N7_E10b_T12a,N7,amazon_agg_085,aggregate_cross_paper,train,0.16666666666666666,0.0,0.0,0.05555555555555555,341.19637393951416
N7_E10b_T12a,N7,amazon_agg_086,aggregate_cross_paper,test,1.0,0.47327921468750067,1.0,0.8244264048958335,341.19637393951416
N7_E10b_T12a,N7,amazon_agg_087,aggregate_cross_paper,test,1.0,0.8539480273478184,1.0,0.9513160091159394,341.19637393951416
N7_E10b_T12a,N7,amazon_agg_088,aggregate_cross_paper,train,0.8,0.8162586194770091,1.0,0.8720862064923364,341.19637393951416
N7_E10b_T12a,N7,amazon_agg_089,aggregate_cross_paper,test,1.0,0.652674286714014,0.5,0.717558095571338,341.19637393951416
N7_E10b_T12a,N7,amazon_agg_090,aggregate_cross_paper,train,0.75,0.8885285584582198,1.0,0.8795095194860733,341.19637393951416
N7_E10b_T12a,N7,amazon_agg_091,aggregate_cross_paper,test,0.75,0.47919008582504735,1.0,0.7430633619416825,341.19637393951416
N7_E10b_T12a,N7,amazon_agg_092,aggregate_cross_paper,test,1.0,0.6126145790833424,1.0,0.8708715263611141,341.19637393951416
N7_E10b_T12a,N7,amazon_agg_093,aggregate_cross_paper,train,0.8571428571428571,0.49401429451003454,1.0,0.7837190505509639,341.19637393951416
N7_E10b_T12a,N7,amazon_agg_094,aggregate_cross_paper,test,0.16666666666666666,0.8167406777047935,0.75,0.5778024481238201,341.19637393951416
N7_E10b_T12a,N7,amazon_agg_095,aggregate_cross_paper,train,0.8,0.6958711998638623,1.0,0.8319570666212875,341.19637393951416
N7_E10b_T12a,N7,amazon_agg_096,aggregate_cross_paper,train,0.8888888888888888,0.4844885538540252,1.0,0.791125814247638,341.19637393951416
N7_E10b_T12a,N7,amazon_agg_097,aggregate_cross_paper,test,0.6666666666666666,0.5882453634856514,1.0,0.751637343384106,341.19637393951416
N7_E10b_T12a,N7,amazon_agg_098,aggregate_cross_paper,test,0.75,0.6515389670185026,1.0,0.8005129890061675,341.19637393951416
N7_E10b_T12a,N7,amazon_agg_099,aggregate_cross_paper,test,0.3333333333333333,0.882730306686438,0.5,0.5720212133399237,341.19637393951416
N7_E10b_T12a,N7,amazon_edge_034,edge_multihop,test,1.0,0.852206285103198,0.5,0.7840687617010659,341.19637393951416
N7_E10b_T12a,N7,amazon_edge_035,edge_multihop,test,0.5555555555555556,0.8042243210482409,0.0,0.4532599588679322,341.19637393951416
N7_E10b_T12a,N7,amazon_edge_036,edge_multihop,test,0.8333333333333334,0.8736352013102123,0.75,0.8189895115478486,341.19637393951416
N7_E10b_T12a,N7,amazon_edge_037,edge_multihop,train,1.0,0.0,0.0,0.3333333333333333,341.19637393951416
N7_E10b_T12a,N7,amazon_edge_038,edge_multihop,test,0.8571428571428571,0.0,0.25,0.36904761904761907,341.19637393951416
N7_E10b_T12a,N7,amazon_edge_039,edge_multihop,train,1.0,0.8608423831462947,0.0,0.6202807943820982,341.19637393951416
N7_E10b_T12a,N7,amazon_edge_040,edge_multihop,test,1.0,0.0,0.0,0.3333333333333333,341.19637393951416
N7_E10b_T12a,N7,amazon_edge_041,edge_multihop,test,0.8,0.8521513529851937,0.0,0.5507171176617313,341.19637393951416
N7_E10b_T12a,N7,amazon_edge_042,edge_multihop,test,0.8333333333333334,0.8980112776405136,0.5,0.7437815369912824,341.19637393951416
N7_E10b_T12a,N7,amazon_edge_043,edge_multihop,test,0.8333333333333334,0.8757154262034644,1.0,0.9030162531789326,341.19637393951416
N7_E10b_T12a,N7,amazon_edge_044,edge_multihop,test,0.7142857142857143,0.0,1.0,0.5714285714285715,341.19637393951416
N7_E10b_T12a,N7,amazon_edge_045,edge_multihop,train,0.5,0.8698410278624202,0.0,0.4566136759541401,341.19637393951416
N7_E10b_T12a,N7,amazon_edge_046,edge_multihop,test,1.0,0.8549994086925695,0.0,0.6183331362308565,341.19637393951416
N7_E10b_T12a,N7,amazon_edge_047,edge_multihop,test,1.0,0.0,0.0,0.3333333333333333,341.19637393951416
N7_E10b_T12a,N7,amazon_edge_048,edge_multihop,train,1.0,0.0,0.0,0.3333333333333333,341.19637393951416
N7_E10b_T12a,N7,amazon_edge_049,edge_multihop,train,1.0,0.0,0.0,0.3333333333333333,341.19637393951416
N7_E10b_T12a,N7,amazon_edge_050,edge_multihop,test,1.0,0.9106707689045145,0.0,0.6368902563015048,341.19637393951416
N7_E10b_T12a,N7,amazon_edge_051,edge_multihop,test,1.0,0.0,0.0,0.3333333333333333,341.19637393951416
N7_E10b_T12a,N7,amazon_edge_052,edge_multihop,train,0.75,0.8800202385009225,0.5,0.7100067461669742,341.19637393951416
N7_E10b_T12a,N7,amazon_edge_053,edge_multihop,train,1.0,0.9042388672154559,0.5,0.8014129557384853,341.19637393951416
N7_E10b_T12a,N7,amazon_edge_054,edge_multihop,train,0.7142857142857143,0.0,0.5,0.4047619047619048,341.19637393951416
N7_E10b_T12a,N7,amazon_edge_055,edge_multihop,train,0.8333333333333334,0.8273945994440433,1.0,0.8869093109257923,341.19637393951416
N7_E10b_T12a,N7,amazon_edge_056,edge_multihop,train,1.0,0.0,0.0,0.3333333333333333,341.19637393951416
N7_E10b_T12a,N7,amazon_edge_057,edge_multihop,train,1.0,0.7748712380542715,1.0,0.9249570793514238,341.19637393951416
N7_E10b_T12a,N7,amazon_edge_058,edge_multihop,train,0.5555555555555556,0.8934856621431815,0.0,0.48301373923291235,341.19637393951416
N7_E10b_T12a,N7,amazon_edge_059,edge_multihop,train,1.0,0.0,0.0,0.3333333333333333,341.19637393951416
N7_E10b_T12a,N7,amazon_edge_060,edge_multihop,train,1.0,0.0,0.0,0.3333333333333333,341.19637393951416
N7_E10b_T12a,N7,amazon_edge_061,edge_multihop,test,0.8888888888888888,0.8138670372508785,0.25,0.6509186420465891,341.19637393951416
N7_E10b_T12a,N7,amazon_edge_062,edge_multihop,test,0.8571428571428571,0.9045184566807482,0.75,0.8372204379412018,341.19637393951416
N7_E10b_T12a,N7,amazon_edge_063,edge_multihop,train,1.0,0.0,0.0,0.3333333333333333,341.19637393951416
N7_E10b_T12a,N7,amazon_edge_064,edge_multihop,test,1.0,0.9004157401871579,1.0,0.9668052467290527,341.19637393951416
N7_E10b_T12a,N7,amazon_edge_065,edge_multihop,train,0.6666666666666666,0.7888633603841227,0.25,0.5685100090169298,341.19637393951416
N7_E10b_T12a,N7,amazon_edge_066,edge_multihop,train,1.0,0.837374276489873,0.5,0.7791247588299576,341.19637393951416
N7_E10b_T12a,N7,amazon_edge_067,edge_multihop,train,1.0,0.0,0.0,0.3333333333333333,341.19637393951416
N7_E10b_T12a,N7,amazon_edge_068,edge_multihop,test,1.0,0.0,0.0,0.3333333333333333,341.19637393951416
N7_E10b_T12a,N7,amazon_edge_069,edge_multihop,test,1.0,0.0,0.0,0.3333333333333333,341.19637393951416
N7_E10b_T12a,N7,amazon_edge_070,edge_multihop,test,0.75,0.8446913010422272,0.25,0.6148971003474091,341.19637393951416
N7_E10b_T12a,N7,amazon_edge_071,edge_multihop,test,1.0,0.8886241484844816,0.0,0.6295413828281605,341.19637393951416
N7_E10b_T12a,N7,amazon_edge_072,edge_multihop,test,0.6666666666666666,0.9219713323595217,0.0,0.5295459996753961,341.19637393951416
N7_E10b_T12a,N7,amazon_edge_073,edge_multihop,train,1.0,0.0,0.0,0.3333333333333333,341.19637393951416
N7_E10b_T12a,N7,amazon_edge_074,edge_multihop,train,0.8333333333333334,0.8063518751677564,1.0,0.8798950695003632,341.19637393951416
N7_E10b_T12a,N7,amazon_edge_075,edge_multihop,train,0.4,0.8815254067977133,0.25,0.5105084689325711,341.19637393951416
N7_E10b_T12a,N7,amazon_edge_076,edge_multihop,train,1.0,0.8327554974062784,0.0,0.6109184991354262,341.19637393951416
N7_E10b_T12a,N7,amazon_edge_077,edge_multihop,test,0.75,0.8922505078014389,0.0,0.547416835933813,341.19637393951416
N7_E10b_T12a,N7,amazon_edge_078,edge_multihop,train,0.5555555555555556,0.8470509541678216,1.0,0.8008688365744591,341.19637393951416
N7_E10b_T12a,N7,amazon_edge_079,edge_multihop,train,0.6,0.8569361709707239,0.5,0.6523120569902413,341.19637393951416
N7_E10b_T12a,N7,amazon_edge_080,edge_multihop,test,1.0,0.8505200152263667,0.25,0.7001733384087889,341.19637393951416
N7_E10b_T12a,N7,amazon_edge_081,edge_multihop,train,0.25,0.0,0.5,0.25,341.19637393951416
N7_E10b_T12a,N7,amazon_edge_082,edge_multihop,train,1.0,0.8843082320456725,0.5,0.7947694106818908,341.19637393951416
N7_E10b_T12a,N7,amazon_edge_083,edge_multihop,train,0.6666666666666666,0.0,0.0,0.2222222222222222,341.19637393951416
N7_E10b_T12a,N7,amazon_edge_084,edge_multihop,test,1.0,0.8983826525434498,1.0,0.9661275508478165,341.19637393951416
N7_E10b_T12a,N7,amazon_edge_085,edge_multihop,train,0.8888888888888888,0.8772355016197638,1.0,0.9220414635028842,341.19637393951416
N7_E10b_T12a,N7,amazon_edge_086,edge_multihop,train,1.0,0.0,0.0,0.3333333333333333,341.19637393951416
N7_E10b_T12a,N7,amazon_edge_087,edge_multihop,train,0.5,0.0,1.0,0.5,341.19637393951416
N7_E10b_T12a,N7,amazon_edge_088,edge_multihop,train,1.0,0.0,0.5,0.5,341.19637393951416
N7_E10b_T12a,N7,amazon_edge_089,edge_multihop,train,1.0,0.7623650849646634,0.5,0.7541216949882211,341.19637393951416
N7_E10b_T12a,N7,amazon_edge_090,edge_multihop,train,0.8888888888888888,0.8223362467801351,0.0,0.5704083785563413,341.19637393951416
N7_E10b_T12a,N7,amazon_edge_091,edge_multihop,test,1.0,0.0,0.0,0.3333333333333333,341.19637393951416
N7_E10b_T12a,N7,amazon_edge_092,edge_multihop,test,1.0,0.0,0.0,0.3333333333333333,341.19637393951416
N7_E10b_T12a,N7,amazon_edge_093,edge_multihop,train,0.8,0.0,0.0,0.26666666666666666,341.19637393951416
N7_E10b_T12a,N7,amazon_edge_094,edge_multihop,test,0.5,0.0,0.0,0.16666666666666666,341.19637393951416
N7_E10b_T12a,N7,amazon_edge_095,edge_multihop,test,1.0,0.0,0.0,0.3333333333333333,341.19637393951416
N7_E10b_T12a,N7,amazon_edge_096,edge_multihop,test,1.0,0.0,0.0,0.3333333333333333,341.19637393951416
N7_E10b_T12a,N7,amazon_edge_097,edge_multihop,test,1.0,0.0,0.0,0.3333333333333333,341.19637393951416
N7_E10b_T12a,N7,amazon_edge_098,edge_multihop,train,0.8,0.8708564393335383,0.5,0.7236188131111794,341.19637393951416
N7_E10b_T12a,N7,amazon_edge_099,edge_multihop,train,1.0,0.0,0.0,0.3333333333333333,341.19637393951416
N7_E10b_T12a,N7,amazon_sh_083,single_specific,train,1.0,1.0,1.0,1.0,341.19637393951416
N7_E10b_T12a,N7,amazon_sh_084,single_specific,train,1.0,1.0,1.0,1.0,341.19637393951416
N7_E10b_T12a,N7,amazon_sh_085,single_specific,train,1.0,0.7948495208980323,0.0,0.5982831736326775,341.19637393951416
N7_E10b_T12a,N7,amazon_sh_086,single_specific,train,1.0,0.9600547748633476,1.0,0.9866849249544493,341.19637393951416
N7_E10b_T12a,N7,amazon_sh_087,single_specific,train,1.0,0.648794159872155,1.0,0.8829313866240517,341.19637393951416
N7_E10b_T12a,N7,amazon_sh_088,single_specific,train,1.0,0.8508114496324412,1.0,0.9502704832108138,341.19637393951416
N7_E10b_T12a,N7,amazon_sh_089,single_specific,test,1.0,0.921108278431818,1.0,0.9737027594772726,341.19637393951416
N7_E10b_T12a,N7,amazon_sh_090,single_specific,test,1.0,0.8671273281942449,0.0,0.6223757760647483,341.19637393951416
N7_E10b_T12a,N7,amazon_sh_091,single_specific,test,0.75,0.8720686390880534,1.0,0.8740228796960178,341.19637393951416
N7_E10b_T12a,N7,amazon_sh_092,single_specific,train,0.6666666666666666,0.836657705584298,1.0,0.8344414574169882,341.19637393951416
N7_E10b_T12a,N7,amazon_sh_093,single_specific,train,0.3333333333333333,0.8046039780766128,0.0,0.3793124371366487,341.19637393951416
N7_E10b_T12a,N7,amazon_sh_094,single_specific,train,1.0,0.0,0.75,0.5833333333333334,341.19637393951416
N7_E10b_T12a,N7,amazon_sh_095,single_specific,test,0.8333333333333334,0.8256788449022101,1.0,0.8863373927451811,341.19637393951416
N7_E10b_T12a,N7,amazon_sh_096,single_specific,test,1.0,0.8755197912316403,1.0,0.9585065970772134,341.19637393951416
N7_E10b_T12a,N7,amazon_sh_097,single_specific,test,0.5,0.8270384033413352,1.0,0.7756794677804452,341.19637393951416
N7_E10b_T12a,N7,amazon_sh_098,single_specific,test,1.0,0.999999666360293,1.0,0.9999998887867644,341.19637393951416
N7_E10b_T12a,N7,amazon_sh_099,single_specific,train,1.0,0.9794757847176939,1.0,0.993158594905898,341.19637393951416
N7_E10b_T12b,N7,amazon_agg_033,aggregate_cross_paper,train,0.8333333333333334,0.7981368234238548,1.0,0.8771567189190628,350.06848096847534
N7_E10b_T12b,N7,amazon_agg_034,aggregate_cross_paper,train,0.25,0.7521185146769822,1.0,0.6673728382256607,350.06848096847534
N7_E10b_T12b,N7,amazon_agg_035,aggregate_cross_paper,train,0.75,0.563549320136602,0.5,0.604516440045534,350.06848096847534
N7_E10b_T12b,N7,amazon_agg_036,aggregate_cross_paper,test,0.4,0.8339647243626862,0.0,0.41132157478756204,350.06848096847534
N7_E10b_T12b,N7,amazon_agg_037,aggregate_cross_paper,test,1.0,0.8109040252083884,1.0,0.9369680084027961,350.06848096847534
N7_E10b_T12b,N7,amazon_agg_038,aggregate_cross_paper,test,1.0,0.8457710137529836,0.25,0.6985903379176612,350.06848096847534
N7_E10b_T12b,N7,amazon_agg_039,aggregate_cross_paper,train,0.9,0.8500653291611456,0.75,0.8333551097203818,350.06848096847534
N7_E10b_T12b,N7,amazon_agg_040,aggregate_cross_paper,train,0.75,0.4713121010227084,1.0,0.7404373670075696,350.06848096847534
N7_E10b_T12b,N7,amazon_agg_041,aggregate_cross_paper,test,0.6,0.4428769986517392,1.0,0.6809589995505797,350.06848096847534
N7_E10b_T12b,N7,amazon_agg_042,aggregate_cross_paper,train,0.6666666666666666,0.8574064784086725,1.0,0.8413577150251129,350.06848096847534
N7_E10b_T12b,N7,amazon_agg_043,aggregate_cross_paper,test,0.6666666666666666,0.7762347948840198,1.0,0.8143004871835622,350.06848096847534
N7_E10b_T12b,N7,amazon_agg_044,aggregate_cross_paper,train,0.5,0.7820876987346468,1.0,0.7606958995782156,350.06848096847534
N7_E10b_T12b,N7,amazon_agg_045,aggregate_cross_paper,train,0.3333333333333333,0.4838246858957753,1.0,0.6057193397430362,350.06848096847534
N7_E10b_T12b,N7,amazon_agg_046,aggregate_cross_paper,test,1.0,0.6780832027858891,1.0,0.8926944009286296,350.06848096847534
N7_E10b_T12b,N7,amazon_agg_047,aggregate_cross_paper,train,0.75,0.843240988253744,1.0,0.864413662751248,350.06848096847534
N7_E10b_T12b,N7,amazon_agg_048,aggregate_cross_paper,test,1.0,0.7011891546310861,1.0,0.9003963848770287,350.06848096847534
N7_E10b_T12b,N7,amazon_agg_049,aggregate_cross_paper,train,1.0,0.6051457286694207,1.0,0.8683819095564735,350.06848096847534
N7_E10b_T12b,N7,amazon_agg_050,aggregate_cross_paper,test,0.3333333333333333,0.829653898898287,1.0,0.7209957440772068,350.06848096847534
N7_E10b_T12b,N7,amazon_agg_051,aggregate_cross_paper,test,0.6666666666666666,0.8192896583955445,1.0,0.8286521083540704,350.06848096847534
N7_E10b_T12b,N7,amazon_agg_052,aggregate_cross_paper,test,0.7142857142857143,0.4018107339255496,0.25,0.45536548273708793,350.06848096847534
N7_E10b_T12b,N7,amazon_agg_053,aggregate_cross_paper,train,0.8,0.5310374268722043,1.0,0.7770124756240682,350.06848096847534
N7_E10b_T12b,N7,amazon_agg_054,aggregate_cross_paper,test,0.6666666666666666,0.7215971728308727,1.0,0.7960879464991798,350.06848096847534
N7_E10b_T12b,N7,amazon_agg_055,aggregate_cross_paper,train,0.5,0.7303101427735293,1.0,0.7434367142578431,350.06848096847534
N7_E10b_T12b,N7,amazon_agg_056,aggregate_cross_paper,test,0.6666666666666666,0.8125775849236688,1.0,0.8264147505301119,350.06848096847534
N7_E10b_T12b,N7,amazon_agg_057,aggregate_cross_paper,test,1.0,0.9107529183909627,1.0,0.9702509727969876,350.06848096847534
N7_E10b_T12b,N7,amazon_agg_058,aggregate_cross_paper,test,0.875,0.559548042987627,1.0,0.8115160143292091,350.06848096847534
N7_E10b_T12b,N7,amazon_agg_059,aggregate_cross_paper,test,1.0,0.45744409799402036,1.0,0.8191480326646735,350.06848096847534
N7_E10b_T12b,N7,amazon_agg_060,aggregate_cross_paper,test,1.0,0.4557341436953129,1.0,0.8185780478984377,350.06848096847534
N7_E10b_T12b,N7,amazon_agg_061,aggregate_cross_paper,test,0.8,0.6877678770371133,1.0,0.8292559590123711,350.06848096847534
N7_E10b_T12b,N7,amazon_agg_062,aggregate_cross_paper,train,0.5714285714285714,0.7925684168968223,1.0,0.7879989961084646,350.06848096847534
N7_E10b_T12b,N7,amazon_agg_063,aggregate_cross_paper,test,0.0,0.8100112081998359,1.0,0.6033370693999452,350.06848096847534
N7_E10b_T12b,N7,amazon_agg_064,aggregate_cross_paper,test,1.0,0.619788096555353,1.0,0.8732626988517843,350.06848096847534
N7_E10b_T12b,N7,amazon_agg_065,aggregate_cross_paper,train,1.0,0.49213541319191284,1.0,0.8307118043973043,350.06848096847534
N7_E10b_T12b,N7,amazon_agg_066,aggregate_cross_paper,train,1.0,0.46397702310147243,1.0,0.8213256743671575,350.06848096847534
N7_E10b_T12b,N7,amazon_agg_067,aggregate_cross_paper,test,0.4,0.7753839287134681,1.0,0.7251279762378227,350.06848096847534
N7_E10b_T12b,N7,amazon_agg_068,aggregate_cross_paper,test,0.75,0.3985247622278109,0.75,0.6328415874092703,350.06848096847534
N7_E10b_T12b,N7,amazon_agg_069,aggregate_cross_paper,train,0.75,0.8081076714545694,1.0,0.8527025571515231,350.06848096847534
N7_E10b_T12b,N7,amazon_agg_070,aggregate_cross_paper,train,1.0,0.7527494144050636,1.0,0.9175831381350212,350.06848096847534
N7_E10b_T12b,N7,amazon_agg_071,aggregate_cross_paper,test,0.8571428571428571,0.8008675600750255,1.0,0.8860034724059608,350.06848096847534
N7_E10b_T12b,N7,amazon_agg_072,aggregate_cross_paper,train,0.6666666666666666,0.5399386456570171,0.5,0.568868437441228,350.06848096847534
N7_E10b_T12b,N7,amazon_agg_073,aggregate_cross_paper,train,0.75,0.7433150066505778,1.0,0.8311050022168592,350.06848096847534
N7_E10b_T12b,N7,amazon_agg_074,aggregate_cross_paper,test,0.75,0.7339268701559462,1.0,0.8279756233853154,350.06848096847534
N7_E10b_T12b,N7,amazon_agg_075,aggregate_cross_paper,test,0.75,0.904773076893786,1.0,0.8849243589645953,350.06848096847534
N7_E10b_T12b,N7,amazon_agg_076,aggregate_cross_paper,train,0.6,0.6468746492662346,1.0,0.7489582164220782,350.06848096847534
N7_E10b_T12b,N7,amazon_agg_077,aggregate_cross_paper,train,0.8,0.4458071193519661,1.0,0.748602373117322,350.06848096847534
N7_E10b_T12b,N7,amazon_agg_078,aggregate_cross_paper,test,1.0,0.6202629337472795,1.0,0.8734209779157598,350.06848096847534
N7_E10b_T12b,N7,amazon_agg_079,aggregate_cross_paper,test,0.8333333333333334,0.8259555026605208,0.75,0.8030962786646181,350.06848096847534
N7_E10b_T12b,N7,amazon_agg_080,aggregate_cross_paper,train,1.0,0.8280990220415411,1.0,0.942699674013847,350.06848096847534
N7_E10b_T12b,N7,amazon_agg_081,aggregate_cross_paper,train,1.0,0.369084271583771,1.0,0.7896947571945904,350.06848096847534
N7_E10b_T12b,N7,amazon_agg_082,aggregate_cross_paper,test,1.0,0.0,1.0,0.6666666666666666,350.06848096847534
N7_E10b_T12b,N7,amazon_agg_083,aggregate_cross_paper,train,1.0,0.8303607154352856,1.0,0.9434535718117618,350.06848096847534
N7_E10b_T12b,N7,amazon_agg_084,aggregate_cross_paper,test,0.8,0.6882693653914759,1.0,0.8294231217971587,350.06848096847534
N7_E10b_T12b,N7,amazon_agg_085,aggregate_cross_paper,train,0.6,0.6590758915439214,0.0,0.41969196384797386,350.06848096847534
N7_E10b_T12b,N7,amazon_agg_086,aggregate_cross_paper,test,1.0,0.4732871977463311,1.0,0.8244290659154437,350.06848096847534
N7_E10b_T12b,N7,amazon_agg_087,aggregate_cross_paper,test,0.8571428571428571,0.8195666119760359,1.0,0.8922364897062977,350.06848096847534
N7_E10b_T12b,N7,amazon_agg_088,aggregate_cross_paper,train,0.8333333333333334,0.8162586194770091,0.75,0.7998639842701142,350.06848096847534
N7_E10b_T12b,N7,amazon_agg_089,aggregate_cross_paper,test,1.0,0.6728839282931786,0.5,0.7242946427643928,350.06848096847534
N7_E10b_T12b,N7,amazon_agg_090,aggregate_cross_paper,train,0.6666666666666666,0.8885285584582198,1.0,0.8517317417082954,350.06848096847534
N7_E10b_T12b,N7,amazon_agg_091,aggregate_cross_paper,test,0.75,0.47919008582504735,1.0,0.7430633619416825,350.06848096847534
N7_E10b_T12b,N7,amazon_agg_092,aggregate_cross_paper,test,0.75,0.597105739447202,1.0,0.782368579815734,350.06848096847534
N7_E10b_T12b,N7,amazon_agg_093,aggregate_cross_paper,train,1.0,0.5289090863777626,1.0,0.8429696954592542,350.06848096847534
N7_E10b_T12b,N7,amazon_agg_094,aggregate_cross_paper,test,0.16666666666666666,0.8167314393843503,0.75,0.5777993686836723,350.06848096847534
N7_E10b_T12b,N7,amazon_agg_095,aggregate_cross_paper,train,0.6,0.6973274273677851,1.0,0.7657758091225949,350.06848096847534
N7_E10b_T12b,N7,amazon_agg_096,aggregate_cross_paper,train,0.8888888888888888,0.5116015926656244,1.0,0.8001634938515044,350.06848096847534
N7_E10b_T12b,N7,amazon_agg_097,aggregate_cross_paper,test,0.8333333333333334,0.5833862151893773,1.0,0.8055731828409035,350.06848096847534
N7_E10b_T12b,N7,amazon_agg_098,aggregate_cross_paper,test,0.75,0.6479545745385836,1.0,0.7993181915128612,350.06848096847534
N7_E10b_T12b,N7,amazon_agg_099,aggregate_cross_paper,test,0.3333333333333333,0.8879878366258211,0.5,0.5737737233197181,350.06848096847534
N7_E10b_T12b,N7,amazon_edge_034,edge_multihop,test,1.0,0.8490311127889166,0.5,0.7830103709296389,350.06848096847534
N7_E10b_T12b,N7,amazon_edge_035,edge_multihop,test,1.0,0.8042243210482409,0.0,0.6014081070160803,350.06848096847534
N7_E10b_T12b,N7,amazon_edge_036,edge_multihop,test,0.8333333333333334,0.8784960453309759,0.75,0.8206097928881032,350.06848096847534
N7_E10b_T12b,N7,amazon_edge_037,edge_multihop,train,1.0,0.0,0.0,0.3333333333333333,350.06848096847534
N7_E10b_T12b,N7,amazon_edge_038,edge_multihop,test,0.75,0.8506207592299776,0.25,0.6168735864099926,350.06848096847534
N7_E10b_T12b,N7,amazon_edge_039,edge_multihop,train,1.0,0.8608423831462947,0.0,0.6202807943820982,350.06848096847534
N7_E10b_T12b,N7,amazon_edge_040,edge_multihop,test,0.6666666666666666,0.0,0.0,0.2222222222222222,350.06848096847534
N7_E10b_T12b,N7,amazon_edge_041,edge_multihop,test,0.625,0.8521559374945474,0.0,0.4923853124981825,350.06848096847534
N7_E10b_T12b,N7,amazon_edge_042,edge_multihop,test,0.8333333333333334,0.9159657366652056,0.5,0.7497663566661797,350.06848096847534
N7_E10b_T12b,N7,amazon_edge_043,edge_multihop,test,1.0,0.8928419844072266,1.0,0.9642806614690755,350.06848096847534
N7_E10b_T12b,N7,amazon_edge_044,edge_multihop,test,0.7142857142857143,0.0,1.0,0.5714285714285715,350.06848096847534
N7_E10b_T12b,N7,amazon_edge_045,edge_multihop,train,0.5,0.8750621962591237,0.0,0.45835406541970797,350.06848096847534
N7_E10b_T12b,N7,amazon_edge_046,edge_multihop,test,1.0,0.8145410833492354,0.0,0.6048470277830784,350.06848096847534
N7_E10b_T12b,N7,amazon_edge_047,edge_multihop,test,1.0,0.0,0.0,0.3333333333333333,350.06848096847534
N7_E10b_T12b,N7,amazon_edge_048,edge_multihop,train,0.6666666666666666,0.0,0.0,0.2222222222222222,350.06848096847534
N7_E10b_T12b,N7,amazon_edge_049,edge_multihop,train,1.0,0.0,0.0,0.3333333333333333,350.06848096847534
N7_E10b_T12b,N7,amazon_edge_050,edge_multihop,test,1.0,0.9106625665118079,0.0,0.6368875221706026,350.06848096847534
N7_E10b_T12b,N7,amazon_edge_051,edge_multihop,test,1.0,0.0,0.0,0.3333333333333333,350.06848096847534
N7_E10b_T12b,N7,amazon_edge_052,edge_multihop,train,0.75,0.8731556968462837,0.5,0.7077185656154278,350.06848096847534
N7_E10b_T12b,N7,amazon_edge_053,edge_multihop,train,1.0,0.9042548070551802,0.5,0.8014182690183934,350.06848096847534
N7_E10b_T12b,N7,amazon_edge_054,edge_multihop,train,0.7142857142857143,0.0,0.5,0.4047619047619048,350.06848096847534
N7_E10b_T12b,N7,amazon_edge_055,edge_multihop,train,1.0,0.829353707742919,1.0,0.943117902580973,350.06848096847534
N7_E10b_T12b,N7,amazon_edge_056,edge_multihop,train,0.6666666666666666,0.0,0.0,0.2222222222222222,350.06848096847534
N7_E10b_T12b,N7,amazon_edge_057,edge_multihop,train,1.0,0.789818785831903,1.0,0.929939595277301,350.06848096847534
N7_E10b_T12b,N7,amazon_edge_058,edge_multihop,train,0.7,0.8256631349890032,0.25,0.5918877116630011,350.06848096847534
N7_E10b_T12b,N7,amazon_edge_059,edge_multihop,train,1.0,0.0,0.0,0.3333333333333333,350.06848096847534
N7_E10b_T12b,N7,amazon_edge_060,edge_multihop,train,0.7142857142857143,0.0,0.0,0.2380952380952381,350.06848096847534
N7_E10b_T12b,N7,amazon_edge_061,edge_multihop,test,0.6666666666666666,0.8260508119856662,0.0,0.49757249288411093,350.06848096847534
N7_E10b_T12b,N7,amazon_edge_062,edge_multihop,test,0.8571428571428571,0.8994541187307057,1.0,0.918865658624521,350.06848096847534
N7_E10b_T12b,N7,amazon_edge_063,edge_multihop,train,1.0,0.0,0.0,0.3333333333333333,350.06848096847534
N7_E10b_T12b,N7,amazon_edge_064,edge_multihop,test,1.0,0.8842154367097216,1.0,0.9614051455699072,350.06848096847534
N7_E10b_T12b,N7,amazon_edge_065,edge_multihop,train,1.0,0.0,0.25,0.4166666666666667,350.06848096847534
N7_E10b_T12b,N7,amazon_edge_066,edge_multihop,train,0.875,0.8118563644009567,0.5,0.7289521214669855,350.06848096847534
N7_E10b_T12b,N7,amazon_edge_067,edge_multihop,train,1.0,0.0,0.0,0.3333333333333333,350.06848096847534
N7_E10b_T12b,N7,amazon_edge_068,edge_multihop,test,1.0,0.0,0.0,0.3333333333333333,350.06848096847534
N7_E10b_T12b,N7,amazon_edge_069,edge_multihop,test,1.0,0.0,0.0,0.3333333333333333,350.06848096847534
N7_E10b_T12b,N7,amazon_edge_070,edge_multihop,test,0.75,0.0,0.25,0.3333333333333333,350.06848096847534
N7_E10b_T12b,N7,amazon_edge_071,edge_multihop,test,1.0,0.8925606410640414,0.0,0.6308535470213471,350.06848096847534
N7_E10b_T12b,N7,amazon_edge_072,edge_multihop,test,0.7142857142857143,0.921946092245387,0.0,0.5454106021770339,350.06848096847534
N7_E10b_T12b,N7,amazon_edge_073,edge_multihop,train,1.0,0.0,0.0,0.3333333333333333,350.06848096847534
N7_E10b_T12b,N7,amazon_edge_074,edge_multihop,train,1.0,0.8523150656999545,1.0,0.9507716885666516,350.06848096847534
N7_E10b_T12b,N7,amazon_edge_075,edge_multihop,train,0.6,0.881530503277705,0.5,0.660510167759235,350.06848096847534
N7_E10b_T12b,N7,amazon_edge_076,edge_multihop,train,1.0,0.8299928705724251,0.0,0.6099976235241417,350.06848096847534
N7_E10b_T12b,N7,amazon_edge_077,edge_multihop,test,0.75,0.884439600010033,0.0,0.5448132000033443,350.06848096847534
N7_E10b_T12b,N7,amazon_edge_078,edge_multihop,train,0.75,0.8466435228722692,1.0,0.8655478409574231,350.06848096847534
N7_E10b_T12b,N7,amazon_edge_079,edge_multihop,train,1.0,0.0,0.5,0.5,350.06848096847534
N7_E10b_T12b,N7,amazon_edge_080,edge_multihop,test,0.7142857142857143,0.9215559868085981,0.5,0.7119472336981042,350.06848096847534
N7_E10b_T12b,N7,amazon_edge_081,edge_multihop,train,0.75,0.0,0.5,0.4166666666666667,350.06848096847534
N7_E10b_T12b,N7,amazon_edge_082,edge_multihop,train,1.0,0.8843082320456725,0.5,0.7947694106818908,350.06848096847534
N7_E10b_T12b,N7,amazon_edge_083,edge_multihop,train,1.0,0.0,0.0,0.3333333333333333,350.06848096847534
N7_E10b_T12b,N7,amazon_edge_084,edge_multihop,test,1.0,0.8983826525434498,1.0,0.9661275508478165,350.06848096847534
N7_E10b_T12b,N7,amazon_edge_085,edge_multihop,train,0.8333333333333334,0.8734755654619009,1.0,0.9022696329317448,350.06848096847534
N7_E10b_T12b,N7,amazon_edge_086,edge_multihop,train,1.0,0.0,0.0,0.3333333333333333,350.06848096847534
N7_E10b_T12b,N7,amazon_edge_087,edge_multihop,train,0.5,0.7604333062142613,1.0,0.7534777687380871,350.06848096847534
N7_E10b_T12b,N7,amazon_edge_088,edge_multihop,train,1.0,0.0,0.5,0.5,350.06848096847534
N7_E10b_T12b,N7,amazon_edge_089,edge_multihop,train,1.0,0.7658065171823583,0.5,0.7552688390607861,350.06848096847534
N7_E10b_T12b,N7,amazon_edge_090,edge_multihop,train,1.0,0.8614326980219512,0.5,0.7871442326739837,350.06848096847534
N7_E10b_T12b,N7,amazon_edge_091,edge_multihop,test,1.0,0.0,0.0,0.3333333333333333,350.06848096847534
N7_E10b_T12b,N7,amazon_edge_092,edge_multihop,test,1.0,0.0,0.0,0.3333333333333333,350.06848096847534
N7_E10b_T12b,N7,amazon_edge_093,edge_multihop,train,0.8,0.0,0.0,0.26666666666666666,350.06848096847534
N7_E10b_T12b,N7,amazon_edge_094,edge_multihop,test,1.0,0.0,0.0,0.3333333333333333,350.06848096847534
N7_E10b_T12b,N7,amazon_edge_095,edge_multihop,test,0.8333333333333334,0.0,0.0,0.2777777777777778,350.06848096847534
N7_E10b_T12b,N7,amazon_edge_096,edge_multihop,test,1.0,0.0,0.0,0.3333333333333333,350.06848096847534
N7_E10b_T12b,N7,amazon_edge_097,edge_multihop,test,1.0,0.0,0.0,0.3333333333333333,350.06848096847534
N7_E10b_T12b,N7,amazon_edge_098,edge_multihop,train,0.8,0.8715041876309546,0.5,0.7238347292103183,350.06848096847534
N7_E10b_T12b,N7,amazon_edge_099,edge_multihop,train,1.0,0.0,0.0,0.3333333333333333,350.06848096847534
N7_E10b_T12b,N7,amazon_sh_083,single_specific,train,1.0,1.0,1.0,1.0,350.06848096847534
N7_E10b_T12b,N7,amazon_sh_084,single_specific,train,1.0,1.0,1.0,1.0,350.06848096847534
N7_E10b_T12b,N7,amazon_sh_085,single_specific,train,1.0,0.8175166916602457,0.0,0.6058388972200819,350.06848096847534
N7_E10b_T12b,N7,amazon_sh_086,single_specific,train,1.0,0.9600080464899213,1.0,0.9866693488299738,350.06848096847534
N7_E10b_T12b,N7,amazon_sh_087,single_specific,train,0.6666666666666666,0.6487661686103765,1.0,0.7718109450923477,350.06848096847534
N7_E10b_T12b,N7,amazon_sh_088,single_specific,train,1.0,1.0,1.0,1.0,350.06848096847534
N7_E10b_T12b,N7,amazon_sh_089,single_specific,test,1.0,0.9211499457473781,1.0,0.9737166485824593,350.06848096847534
N7_E10b_T12b,N7,amazon_sh_090,single_specific,test,1.0,0.8625860685050638,0.0,0.6208620228350212,350.06848096847534
N7_E10b_T12b,N7,amazon_sh_091,single_specific,test,0.75,0.8862326877032993,1.0,0.8787442292344331,350.06848096847534
N7_E10b_T12b,N7,amazon_sh_092,single_specific,train,0.25,0.799378222259865,1.0,0.6831260740866217,350.06848096847534
N7_E10b_T12b,N7,amazon_sh_093,single_specific,train,0.3333333333333333,0.8045911009110108,0.0,0.37930814474811475,350.06848096847534
N7_E10b_T12b,N7,amazon_sh_094,single_specific,train,1.0,0.0,0.75,0.5833333333333334,350.06848096847534
N7_E10b_T12b,N7,amazon_sh_095,single_specific,test,1.0,0.8256978799253604,1.0,0.9418992933084535,350.06848096847534
N7_E10b_T12b,N7,amazon_sh_096,single_specific,test,1.0,0.8629169423200983,1.0,0.9543056474400328,350.06848096847534
N7_E10b_T12b,N7,amazon_sh_097,single_specific,test,1.0,0.8270145762833311,1.0,0.9423381920944437,350.06848096847534
N7_E10b_T12b,N7,amazon_sh_098,single_specific,test,1.0,1.0000000000000002,1.0,1.0,350.06848096847534
N7_E10b_T12b,N7,amazon_sh_099,single_specific,train,1.0,0.9692046218453202,1.0,0.9897348739484401,350.06848096847534
N7_E10c_T12a,N7,amazon_agg_033,aggregate_cross_paper,train,0.8333333333333334,0.7981368234238548,1.0,0.8771567189190628,325.87135004997253
N7_E10c_T12a,N7,amazon_agg_034,aggregate_cross_paper,train,0.625,0.7521185146769822,1.0,0.7923728382256607,325.87135004997253
N7_E10c_T12a,N7,amazon_agg_035,aggregate_cross_paper,train,0.75,0.563549320136602,0.5,0.604516440045534,325.87135004997253
N7_E10c_T12a,N7,amazon_agg_036,aggregate_cross_paper,test,0.4,0.8340095020179628,0.0,0.4113365006726542,325.87135004997253
N7_E10c_T12a,N7,amazon_agg_037,aggregate_cross_paper,test,1.0,0.8109042658365152,1.0,0.9369680886121717,325.87135004997253
N7_E10c_T12a,N7,amazon_agg_038,aggregate_cross_paper,test,0.42857142857142855,0.7659184010723195,0.5,0.5648299432145827,325.87135004997253
N7_E10c_T12a,N7,amazon_agg_039,aggregate_cross_paper,train,1.0,0.850029625483948,0.75,0.8666765418279826,325.87135004997253
N7_E10c_T12a,N7,amazon_agg_040,aggregate_cross_paper,train,1.0,0.4713121010227084,1.0,0.8237707003409028,325.87135004997253
N7_E10c_T12a,N7,amazon_agg_041,aggregate_cross_paper,test,0.6,0.42768379542220836,1.0,0.6758945984740694,325.87135004997253
N7_E10c_T12a,N7,amazon_agg_042,aggregate_cross_paper,train,0.6666666666666666,0.8573247525894088,1.0,0.8413304730853585,325.87135004997253
N7_E10c_T12a,N7,amazon_agg_043,aggregate_cross_paper,test,0.6666666666666666,0.7762778414924489,1.0,0.8143148360530384,325.87135004997253
N7_E10c_T12a,N7,amazon_agg_044,aggregate_cross_paper,train,1.0,0.7775212164625952,1.0,0.9258404054875317,325.87135004997253
N7_E10c_T12a,N7,amazon_agg_045,aggregate_cross_paper,train,0.3333333333333333,0.5013671772077233,1.0,0.6115668368470188,325.87135004997253
N7_E10c_T12a,N7,amazon_agg_046,aggregate_cross_paper,test,1.0,0.4697127347680903,1.0,0.8232375782560301,325.87135004997253
N7_E10c_T12a,N7,amazon_agg_047,aggregate_cross_paper,train,0.75,0.8611071948123019,1.0,0.8703690649374339,325.87135004997253
N7_E10c_T12a,N7,amazon_agg_048,aggregate_cross_paper,test,1.0,0.7011671769229991,1.0,0.9003890589743331,325.87135004997253
N7_E10c_T12a,N7,amazon_agg_049,aggregate_cross_paper,train,1.0,0.5864180944810314,1.0,0.8621393648270105,325.87135004997253
N7_E10c_T12a,N7,amazon_agg_050,aggregate_cross_paper,test,1.0,0.8296566691627565,1.0,0.9432188897209187,325.87135004997253
N7_E10c_T12a,N7,amazon_agg_051,aggregate_cross_paper,test,0.4444444444444444,0.7297858418430436,0.5,0.5580767620958293,325.87135004997253
N7_E10c_T12a,N7,amazon_agg_052,aggregate_cross_paper,test,1.0,0.4018107339255496,0.25,0.5506035779751832,325.87135004997253
N7_E10c_T12a,N7,amazon_agg_053,aggregate_cross_paper,train,0.8,0.5310374268722043,1.0,0.7770124756240682,325.87135004997253
N7_E10c_T12a,N7,amazon_agg_054,aggregate_cross_paper,test,0.6666666666666666,0.6447191986878269,1.0,0.7704619551181645,325.87135004997253
N7_E10c_T12a,N7,amazon_agg_055,aggregate_cross_paper,train,0.75,0.7303101427735293,1.0,0.8267700475911764,325.87135004997253
N7_E10c_T12a,N7,amazon_agg_056,aggregate_cross_paper,test,0.6,0.8125609536178701,1.0,0.80418698453929,325.87135004997253
N7_E10c_T12a,N7,amazon_agg_057,aggregate_cross_paper,test,0.5555555555555556,0.9107529183909627,1.0,0.8221028246488394,325.87135004997253
N7_E10c_T12a,N7,amazon_agg_058,aggregate_cross_paper,test,1.0,0.559567929243381,1.0,0.8531893097477936,325.87135004997253
N7_E10c_T12a,N7,amazon_agg_059,aggregate_cross_paper,test,1.0,0.4111850348592045,1.0,0.8037283449530682,325.87135004997253
N7_E10c_T12a,N7,amazon_agg_060,aggregate_cross_paper,test,1.0,0.477586514227161,1.0,0.8258621714090536,325.87135004997253
N7_E10c_T12a,N7,amazon_agg_061,aggregate_cross_paper,test,0.8,0.6862332635777996,1.0,0.8287444211925998,325.87135004997253
N7_E10c_T12a,N7,amazon_agg_062,aggregate_cross_paper,train,0.7142857142857143,0.7931319590093876,1.0,0.8358058910983672,325.87135004997253
N7_E10c_T12a,N7,amazon_agg_063,aggregate_cross_paper,test,1.0,0.8099607705460731,1.0,0.9366535901820243,325.87135004997253
N7_E10c_T12a,N7,amazon_agg_064,aggregate_cross_paper,test,0.625,0.6906749033123281,1.0,0.7718916344374427,325.87135004997253
N7_E10c_T12a,N7,amazon_agg_065,aggregate_cross_paper,train,1.0,0.4921351302857572,1.0,0.8307117100952525,325.87135004997253
N7_E10c_T12a,N7,amazon_agg_066,aggregate_cross_paper,train,1.0,0.4639770231014725,1.0,0.8213256743671575,325.87135004997253
N7_E10c_T12a,N7,amazon_agg_067,aggregate_cross_paper,test,0.6666666666666666,0.7753839287134681,1.0,0.8140168651267116,325.87135004997253
N7_E10c_T12a,N7,amazon_agg_068,aggregate_cross_paper,test,0.75,0.4121216728674979,0.75,0.6373738909558326,325.87135004997253
N7_E10c_T12a,N7,amazon_agg_069,aggregate_cross_paper,train,0.75,0.771434595345105,1.0,0.8404781984483684,325.87135004997253
N7_E10c_T12a,N7,amazon_agg_070,aggregate_cross_paper,train,1.0,0.7527833393243922,1.0,0.917594446441464,325.87135004997253
N7_E10c_T12a,N7,amazon_agg_071,aggregate_cross_paper,test,0.8888888888888888,0.8008635171500605,1.0,0.8965841353463165,325.87135004997253
N7_E10c_T12a,N7,amazon_agg_072,aggregate_cross_paper,train,0.6666666666666666,0.5472683279145473,0.0,0.40464499819373795,325.87135004997253
N7_E10c_T12a,N7,amazon_agg_073,aggregate_cross_paper,train,0.8,0.7432601148554687,1.0,0.8477533716184896,325.87135004997253
N7_E10c_T12a,N7,amazon_agg_074,aggregate_cross_paper,test,0.75,0.7133726516434082,1.0,0.8211242172144694,325.87135004997253
N7_E10c_T12a,N7,amazon_agg_075,aggregate_cross_paper,test,1.0,0.904773076893786,1.0,0.9682576922979287,325.87135004997253
N7_E10c_T12a,N7,amazon_agg_076,aggregate_cross_paper,train,0.6,0.6468746492662346,1.0,0.7489582164220782,325.87135004997253
N7_E10c_T12a,N7,amazon_agg_077,aggregate_cross_paper,train,0.8,0.44583032928716243,1.0,0.7486101097623875,325.87135004997253
N7_E10c_T12a,N7,amazon_agg_078,aggregate_cross_paper,test,1.0,0.6202748172699247,1.0,0.873424939089975,325.87135004997253
N7_E10c_T12a,N7,amazon_agg_079,aggregate_cross_paper,test,0.6666666666666666,0.8073877080120153,0.5,0.658018124892894,325.87135004997253
N7_E10c_T12a,N7,amazon_agg_080,aggregate_cross_paper,train,0.4,0.8280945888310592,1.0,0.7426981962770197,325.87135004997253
N7_E10c_T12a,N7,amazon_agg_081,aggregate_cross_paper,train,1.0,0.36911164547267755,1.0,0.7897038818242258,325.87135004997253
N7_E10c_T12a,N7,amazon_agg_082,aggregate_cross_paper,test,1.0,0.0,0.75,0.5833333333333334,325.87135004997253
N7_E10c_T12a,N7,amazon_agg_083,aggregate_cross_paper,train,1.0,0.8352999648579512,1.0,0.9450999882859837,325.87135004997253
N7_E10c_T12a,N7,amazon_agg_084,aggregate_cross_paper,test,0.42857142857142855,0.6376190153574668,1.0,0.6887301479762984,325.87135004997253
N7_E10c_T12a,N7,amazon_agg_085,aggregate_cross_paper,train,0.6,0.6519709374657947,0.0,0.4173236458219316,325.87135004997253
N7_E10c_T12a,N7,amazon_agg_086,aggregate_cross_paper,test,1.0,0.4549200607014705,1.0,0.8183066869004901,325.87135004997253
N7_E10c_T12a,N7,amazon_agg_087,aggregate_cross_paper,test,1.0,0.8539480273478184,1.0,0.9513160091159394,325.87135004997253
N7_E10c_T12a,N7,amazon_agg_088,aggregate_cross_paper,train,0.875,0.8162170096444992,1.0,0.8970723365481664,325.87135004997253
N7_E10c_T12a,N7,amazon_agg_089,aggregate_cross_paper,test,0.75,0.672912947618493,0.5,0.6409709825394977,325.87135004997253
N7_E10c_T12a,N7,amazon_agg_090,aggregate_cross_paper,train,0.75,0.8885285584582198,1.0,0.8795095194860733,325.87135004997253
N7_E10c_T12a,N7,amazon_agg_091,aggregate_cross_paper,test,0.75,0.4792625647922509,1.0,0.7430875215974169,325.87135004997253
N7_E10c_T12a,N7,amazon_agg_092,aggregate_cross_paper,test,0.75,0.5971039834105436,1.0,0.7823679944701812,325.87135004997253
N7_E10c_T12a,N7,amazon_agg_093,aggregate_cross_paper,train,1.0,0.5289852620087325,1.0,0.8429950873362442,325.87135004997253
N7_E10c_T12a,N7,amazon_agg_094,aggregate_cross_paper,test,0.16666666666666666,0.8167548795268997,0.75,0.5778071820645221,325.87135004997253
N7_E10c_T12a,N7,amazon_agg_095,aggregate_cross_paper,train,0.625,0.6958621693402701,1.0,0.7736207231134234,325.87135004997253
N7_E10c_T12a,N7,amazon_agg_096,aggregate_cross_paper,train,0.7777777777777778,0.4844264165754774,1.0,0.7540680647844183,325.87135004997253
N7_E10c_T12a,N7,amazon_agg_097,aggregate_cross_paper,test,0.75,0.5958192351040857,1.0,0.7819397450346952,325.87135004997253
N7_E10c_T12a,N7,amazon_agg_098,aggregate_cross_paper,test,0.75,0.6515389670185026,1.0,0.8005129890061675,325.87135004997253
N7_E10c_T12a,N7,amazon_agg_099,aggregate_cross_paper,test,0.3333333333333333,0.8879920197183674,0.25,0.4904417843505669,325.87135004997253
N7_E10c_T12a,N7,amazon_edge_034,edge_multihop,test,1.0,0.8520195506215386,0.5,0.7840065168738461,325.87135004997253
N7_E10c_T12a,N7,amazon_edge_035,edge_multihop,test,0.6666666666666666,0.0,0.0,0.2222222222222222,325.87135004997253
N7_E10c_T12a,N7,amazon_edge_036,edge_multihop,test,0.8333333333333334,0.8752614035860212,0.75,0.8195315789731182,325.87135004997253
N7_E10c_T12a,N7,amazon_edge_037,edge_multihop,train,0.6666666666666666,0.0,0.0,0.2222222222222222,325.87135004997253
N7_E10c_T12a,N7,amazon_edge_038,edge_multihop,test,1.0,0.8112319667998101,0.25,0.6870773222666035,325.87135004997253
N7_E10c_T12a,N7,amazon_edge_039,edge_multihop,train,1.0,0.8608471889229148,0.0,0.6202823963076383,325.87135004997253
N7_E10c_T12a,N7,amazon_edge_040,edge_multihop,test,1.0,0.0,0.0,0.3333333333333333,325.87135004997253
N7_E10c_T12a,N7,amazon_edge_041,edge_multihop,test,0.6666666666666666,0.8303201696400621,0.0,0.4989956121022429,325.87135004997253
N7_E10c_T12a,N7,amazon_edge_042,edge_multihop,test,0.8333333333333334,0.9299114504564082,0.5,0.7544149279299139,325.87135004997253
N7_E10c_T12a,N7,amazon_edge_043,edge_multihop,test,1.0,0.8928419844072266,1.0,0.9642806614690755,325.87135004997253
N7_E10c_T12a,N7,amazon_edge_044,edge_multihop,test,1.0,0.0,1.0,0.6666666666666666,325.87135004997253
N7_E10c_T12a,N7,amazon_edge_045,edge_multihop,train,1.0,0.8612312084368582,0.0,0.620410402812286,325.87135004997253
N7_E10c_T12a,N7,amazon_edge_046,edge_multihop,test,1.0,0.8228060513157155,0.25,0.6909353504385719,325.87135004997253
N7_E10c_T12a,N7,amazon_edge_047,edge_multihop,test,1.0,0.0,0.0,0.3333333333333333,325.87135004997253
N7_E10c_T12a,N7,amazon_edge_048,edge_multihop,train,0.6666666666666666,0.0,0.0,0.2222222222222222,325.87135004997253
N7_E10c_T12a,N7,amazon_edge_049,edge_multihop,train,1.0,0.0,0.0,0.3333333333333333,325.87135004997253
N7_E10c_T12a,N7,amazon_edge_050,edge_multihop,test,1.0,0.9106070018582268,0.0,0.636869000619409,325.87135004997253
N7_E10c_T12a,N7,amazon_edge_051,edge_multihop,test,1.0,0.0,0.0,0.3333333333333333,325.87135004997253
N7_E10c_T12a,N7,amazon_edge_052,edge_multihop,train,0.75,0.9034819692681992,0.5,0.7178273230893998,325.87135004997253
N7_E10c_T12a,N7,amazon_edge_053,edge_multihop,train,1.0,0.904269671284853,0.5,0.8014232237616176,325.87135004997253
N7_E10c_T12a,N7,amazon_edge_054,edge_multihop,train,0.7142857142857143,0.0,0.5,0.4047619047619048,325.87135004997253
N7_E10c_T12a,N7,amazon_edge_055,edge_multihop,train,1.0,0.8275932045981439,1.0,0.9425310681993814,325.87135004997253
N7_E10c_T12a,N7,amazon_edge_056,edge_multihop,train,0.6666666666666666,0.0,0.0,0.2222222222222222,325.87135004997253
N7_E10c_T12a,N7,amazon_edge_057,edge_multihop,train,1.0,0.8146611606632566,1.0,0.9382203868877522,325.87135004997253
N7_E10c_T12a,N7,amazon_edge_058,edge_multihop,train,0.5555555555555556,0.8089950451629935,0.25,0.5381835335728496,325.87135004997253
N7_E10c_T12a,N7,amazon_edge_059,edge_multihop,train,1.0,0.0,0.0,0.3333333333333333,325.87135004997253
N7_E10c_T12a,N7,amazon_edge_060,edge_multihop,train,1.0,0.0,0.0,0.3333333333333333,325.87135004997253
N7_E10c_T12a,N7,amazon_edge_061,edge_multihop,test,0.8571428571428571,0.8348995941040581,0.0,0.5640141504156384,325.87135004997253
N7_E10c_T12a,N7,amazon_edge_062,edge_multihop,test,0.8333333333333334,0.8917682838060589,1.0,0.9083672057131308,325.87135004997253
N7_E10c_T12a,N7,amazon_edge_063,edge_multihop,train,1.0,0.0,0.0,0.3333333333333333,325.87135004997253
N7_E10c_T12a,N7,amazon_edge_064,edge_multihop,test,1.0,0.8961280024413485,1.0,0.9653760008137828,325.87135004997253
N7_E10c_T12a,N7,amazon_edge_065,edge_multihop,train,0.8,0.0,0.25,0.35000000000000003,325.87135004997253
N7_E10c_T12a,N7,amazon_edge_066,edge_multihop,train,0.8571428571428571,0.8127074396379819,0.5,0.7232834322602796,325.87135004997253
N7_E10c_T12a,N7,amazon_edge_067,edge_multihop,train,1.0,0.0,0.0,0.3333333333333333,325.87135004997253
N7_E10c_T12a,N7,amazon_edge_068,edge_multihop,test,1.0,0.0,0.0,0.3333333333333333,325.87135004997253
N7_E10c_T12a,N7,amazon_edge_069,edge_multihop,test,1.0,0.0,0.0,0.3333333333333333,325.87135004997253
N7_E10c_T12a,N7,amazon_edge_070,edge_multihop,test,0.75,0.8447207033629337,0.5,0.6982402344543113,325.87135004997253
N7_E10c_T12a,N7,amazon_edge_071,edge_multihop,test,1.0,0.8883591501802687,0.0,0.6294530500600896,325.87135004997253
N7_E10c_T12a,N7,amazon_edge_072,edge_multihop,test,0.7142857142857143,0.9194028757728758,0.0,0.5445628633528634,325.87135004997253
N7_E10c_T12a,N7,amazon_edge_073,edge_multihop,train,1.0,0.0,0.0,0.3333333333333333,325.87135004997253
N7_E10c_T12a,N7,amazon_edge_074,edge_multihop,train,0.8,0.8609803572558684,1.0,0.8869934524186228,325.87135004997253
N7_E10c_T12a,N7,amazon_edge_075,edge_multihop,train,0.6,0.8800433564320632,0.5,0.6600144521440211,325.87135004997253
N7_E10c_T12a,N7,amazon_edge_076,edge_multihop,train,1.0,0.8081371221332342,0.0,0.6027123740444114,325.87135004997253
N7_E10c_T12a,N7,amazon_edge_077,edge_multihop,test,0.8,0.8987488873277898,0.0,0.5662496291092632,325.87135004997253
N7_E10c_T12a,N7,amazon_edge_078,edge_multihop,train,1.0,0.8460805059696183,0.75,0.8653601686565394,325.87135004997253
N7_E10c_T12a,N7,amazon_edge_079,edge_multihop,train,0.8,0.9003716366426858,0.5,0.7334572122142285,325.87135004997253
N7_E10c_T12a,N7,amazon_edge_080,edge_multihop,test,1.0,0.8370277549332412,0.5,0.7790092516444137,325.87135004997253
N7_E10c_T12a,N7,amazon_edge_081,edge_multihop,train,0.75,0.0,0.5,0.4166666666666667,325.87135004997253
N7_E10c_T12a,N7,amazon_edge_082,edge_multihop,train,1.0,0.8843202383767605,0.5,0.7947734127922536,325.87135004997253
N7_E10c_T12a,N7,amazon_edge_083,edge_multihop,train,0.6666666666666666,0.0,0.0,0.2222222222222222,325.87135004997253
N7_E10c_T12a,N7,amazon_edge_084,edge_multihop,test,1.0,0.8898133929421924,1.0,0.9632711309807308,325.87135004997253
N7_E10c_T12a,N7,amazon_edge_085,edge_multihop,train,0.8888888888888888,0.875546281674935,1.0,0.9214783901879412,325.87135004997253
N7_E10c_T12a,N7,amazon_edge_086,edge_multihop,train,1.0,0.0,0.0,0.3333333333333333,325.87135004997253
N7_E10c_T12a,N7,amazon_edge_087,edge_multihop,train,0.5,0.7604333062142613,1.0,0.7534777687380871,325.87135004997253
N7_E10c_T12a,N7,amazon_edge_088,edge_multihop,train,1.0,0.859653027914755,0.5,0.7865510093049183,325.87135004997253
N7_E10c_T12a,N7,amazon_edge_089,edge_multihop,train,0.6666666666666666,0.7836923729052173,0.5,0.6501196798572947,325.87135004997253
N7_E10c_T12a,N7,amazon_edge_090,edge_multihop,train,1.0,0.8171887967570406,0.5,0.7723962655856802,325.87135004997253
N7_E10c_T12a,N7,amazon_edge_091,edge_multihop,test,0.6666666666666666,0.0,0.0,0.2222222222222222,325.87135004997253
N7_E10c_T12a,N7,amazon_edge_092,edge_multihop,test,1.0,0.0,0.0,0.3333333333333333,325.87135004997253
N7_E10c_T12a,N7,amazon_edge_093,edge_multihop,train,0.8,0.0,0.0,0.26666666666666666,325.87135004997253
N7_E10c_T12a,N7,amazon_edge_094,edge_multihop,test,1.0,0.0,0.0,0.3333333333333333,325.87135004997253
N7_E10c_T12a,N7,amazon_edge_095,edge_multihop,test,1.0,0.0,0.0,0.3333333333333333,325.87135004997253
N7_E10c_T12a,N7,amazon_edge_096,edge_multihop,test,1.0,0.0,0.0,0.3333333333333333,325.87135004997253
N7_E10c_T12a,N7,amazon_edge_097,edge_multihop,test,1.0,0.0,0.0,0.3333333333333333,325.87135004997253
N7_E10c_T12a,N7,amazon_edge_098,edge_multihop,train,0.8,0.8715171148158022,0.5,0.7238390382719341,325.87135004997253
N7_E10c_T12a,N7,amazon_edge_099,edge_multihop,train,1.0,0.0,0.0,0.3333333333333333,325.87135004997253
N7_E10c_T12a,N7,amazon_sh_083,single_specific,train,1.0,1.0,1.0,1.0,325.87135004997253
N7_E10c_T12a,N7,amazon_sh_084,single_specific,train,1.0,0.9999996361808405,1.0,0.9999998787269467,325.87135004997253
N7_E10c_T12a,N7,amazon_sh_085,single_specific,train,1.0,0.794894355411951,0.0,0.5982981184706503,325.87135004997253
N7_E10c_T12a,N7,amazon_sh_086,single_specific,train,1.0,0.9600547748633476,1.0,0.9866849249544493,325.87135004997253
N7_E10c_T12a,N7,amazon_sh_087,single_specific,train,1.0,0.648794159872155,1.0,0.8829313866240517,325.87135004997253
N7_E10c_T12a,N7,amazon_sh_088,single_specific,train,1.0,0.8508114496324412,1.0,0.9502704832108138,325.87135004997253
N7_E10c_T12a,N7,amazon_sh_089,single_specific,test,1.0,0.9211077524204686,1.0,0.9737025841401562,325.87135004997253
N7_E10c_T12a,N7,amazon_sh_090,single_specific,test,1.0,0.8671550045231832,0.0,0.6223850015077277,325.87135004997253
N7_E10c_T12a,N7,amazon_sh_091,single_specific,test,0.6,0.9003776240230476,1.0,0.8334592080076826,325.87135004997253
N7_E10c_T12a,N7,amazon_sh_092,single_specific,train,0.25,0.8306833225532141,1.0,0.693561107517738,325.87135004997253
N7_E10c_T12a,N7,amazon_sh_093,single_specific,train,0.3333333333333333,0.8046039780766128,0.25,0.462645770469982,325.87135004997253
N7_E10c_T12a,N7,amazon_sh_094,single_specific,train,1.0,0.0,0.75,0.5833333333333334,325.87135004997253
N7_E10c_T12a,N7,amazon_sh_095,single_specific,test,1.0,0.8274296541633479,1.0,0.9424765513877826,325.87135004997253
N7_E10c_T12a,N7,amazon_sh_096,single_specific,test,1.0,0.8810870225534952,1.0,0.960362340851165,325.87135004997253
N7_E10c_T12a,N7,amazon_sh_097,single_specific,test,1.0,0.8270384033413352,1.0,0.9423461344471118,325.87135004997253
N7_E10c_T12a,N7,amazon_sh_098,single_specific,test,1.0,1.0000000000000002,1.0,1.0,325.87135004997253
N7_E10c_T12a,N7,amazon_sh_099,single_specific,train,1.0,1.0,1.0,1.0,325.87135004997253
N7_E10c_T12b,N7,amazon_agg_033,aggregate_cross_paper,train,0.8333333333333334,0.7981368234238548,1.0,0.8771567189190628,348.3751800060272
N7_E10c_T12b,N7,amazon_agg_034,aggregate_cross_paper,train,0.625,0.7520862001453702,1.0,0.7923620667151234,348.3751800060272
N7_E10c_T12b,N7,amazon_agg_035,aggregate_cross_paper,train,0.75,0.563572770557572,0.5,0.6045242568525241,348.3751800060272
N7_E10c_T12b,N7,amazon_agg_036,aggregate_cross_paper,test,0.4,0.8340095020179628,0.0,0.4113365006726542,348.3751800060272
N7_E10c_T12b,N7,amazon_agg_037,aggregate_cross_paper,test,1.0,0.8109042658365152,1.0,0.9369680886121717,348.3751800060272
N7_E10c_T12b,N7,amazon_agg_038,aggregate_cross_paper,test,0.7777777777777778,0.5566695439126743,0.25,0.5281491072301506,348.3751800060272
N7_E10c_T12b,N7,amazon_agg_039,aggregate_cross_paper,train,1.0,0.850029625483948,0.75,0.8666765418279826,348.3751800060272
N7_E10c_T12b,N7,amazon_agg_040,aggregate_cross_paper,train,0.8,0.4712971194771705,1.0,0.7570990398257235,348.3751800060272
N7_E10c_T12b,N7,amazon_agg_041,aggregate_cross_paper,test,0.6,0.4263582781733709,1.0,0.6754527593911236,348.3751800060272
N7_E10c_T12b,N7,amazon_agg_042,aggregate_cross_paper,train,0.6666666666666666,0.857325449457293,1.0,0.8413307053746532,348.3751800060272
N7_E10c_T12b,N7,amazon_agg_043,aggregate_cross_paper,test,0.6666666666666666,0.7762778414924489,1.0,0.8143148360530384,348.3751800060272
N7_E10c_T12b,N7,amazon_agg_044,aggregate_cross_paper,train,1.0,0.8202449998431612,1.0,0.9400816666143871,348.3751800060272
N7_E10c_T12b,N7,amazon_agg_045,aggregate_cross_paper,train,0.3333333333333333,0.4838246858957753,1.0,0.6057193397430362,348.3751800060272
N7_E10c_T12b,N7,amazon_agg_046,aggregate_cross_paper,test,1.0,0.46969709320020747,1.0,0.8232323644000692,348.3751800060272
N7_E10c_T12b,N7,amazon_agg_047,aggregate_cross_paper,train,0.75,0.8625046871718055,1.0,0.8708348957239352,348.3751800060272
N7_E10c_T12b,N7,amazon_agg_048,aggregate_cross_paper,test,1.0,0.7050429691587939,1.0,0.901680989719598,348.3751800060272
N7_E10c_T12b,N7,amazon_agg_049,aggregate_cross_paper,train,1.0,0.5565622749221008,1.0,0.8521874249740335,348.3751800060272
N7_E10c_T12b,N7,amazon_agg_050,aggregate_cross_paper,test,0.2,0.829653898898287,1.0,0.6765512996327624,348.3751800060272
N7_E10c_T12b,N7,amazon_agg_051,aggregate_cross_paper,test,0.6666666666666666,0.7243697428274558,0.75,0.7136788031647074,348.3751800060272
N7_E10c_T12b,N7,amazon_agg_052,aggregate_cross_paper,test,0.7142857142857143,0.40182539075534535,0.25,0.4553703683470199,348.3751800060272
N7_E10c_T12b,N7,amazon_agg_053,aggregate_cross_paper,train,0.8,0.5309369113251787,1.0,0.7769789704417263,348.3751800060272
N7_E10c_T12b,N7,amazon_agg_054,aggregate_cross_paper,test,0.5,0.5682375728092439,1.0,0.689412524269748,348.3751800060272
N7_E10c_T12b,N7,amazon_agg_055,aggregate_cross_paper,train,0.5,0.7303589605789478,1.0,0.7434529868596492,348.3751800060272
N7_E10c_T12b,N7,amazon_agg_056,aggregate_cross_paper,test,0.3,0.8125770318307318,1.0,0.7041923439435772,348.3751800060272
N7_E10c_T12b,N7,amazon_agg_057,aggregate_cross_paper,test,1.0,0.9107437903010709,1.0,0.9702479301003569,348.3751800060272
N7_E10c_T12b,N7,amazon_agg_058,aggregate_cross_paper,test,1.0,0.5596670975004706,1.0,0.8532223658334902,348.3751800060272
N7_E10c_T12b,N7,amazon_agg_059,aggregate_cross_paper,test,1.0,0.5460441742891331,0.75,0.7653480580963777,348.3751800060272
N7_E10c_T12b,N7,amazon_agg_060,aggregate_cross_paper,test,1.0,0.47595841401053907,1.0,0.8253194713368464,348.3751800060272
N7_E10c_T12b,N7,amazon_agg_061,aggregate_cross_paper,test,0.8,0.6874934025224378,1.0,0.8291644675074793,348.3751800060272
N7_E10c_T12b,N7,amazon_agg_062,aggregate_cross_paper,train,0.7142857142857143,0.7864504168661949,1.0,0.8335787103839697,348.3751800060272
N7_E10c_T12b,N7,amazon_agg_063,aggregate_cross_paper,test,1.0,0.8100089605094114,1.0,0.9366696535031371,348.3751800060272
N7_E10c_T12b,N7,amazon_agg_064,aggregate_cross_paper,test,0.75,0.6749893494300703,1.0,0.8083297831433568,348.3751800060272
N7_E10c_T12b,N7,amazon_agg_065,aggregate_cross_paper,train,0.75,0.47568312223024617,1.0,0.7418943740767489,348.3751800060272
N7_E10c_T12b,N7,amazon_agg_066,aggregate_cross_paper,train,1.0,0.5422441573023634,1.0,0.8474147191007878,348.3751800060272
N7_E10c_T12b,N7,amazon_agg_067,aggregate_cross_paper,test,0.8,0.7723972667688895,1.0,0.8574657555896299,348.3751800060272
N7_E10c_T12b,N7,amazon_agg_068,aggregate_cross_paper,test,0.75,0.3985247622278109,0.75,0.6328415874092703,348.3751800060272
N7_E10c_T12b,N7,amazon_agg_069,aggregate_cross_paper,train,0.75,0.8446612684396564,1.0,0.8648870894798856,348.3751800060272
N7_E10c_T12b,N7,amazon_agg_070,aggregate_cross_paper,train,1.0,0.7527956518587047,1.0,0.9175985506195682,348.3751800060272
N7_E10c_T12b,N7,amazon_agg_071,aggregate_cross_paper,test,0.8571428571428571,0.8008496063300344,1.0,0.8859974878242971,348.3751800060272
N7_E10c_T12b,N7,amazon_agg_072,aggregate_cross_paper,train,0.6666666666666666,0.7110204487526591,0.5,0.6258957051397752,348.3751800060272
N7_E10c_T12b,N7,amazon_agg_073,aggregate_cross_paper,train,0.8,0.7432203807420171,1.0,0.8477401269140058,348.3751800060272
N7_E10c_T12b,N7,amazon_agg_074,aggregate_cross_paper,test,0.75,0.7133889824860403,1.0,0.8211296608286801,348.3751800060272
N7_E10c_T12b,N7,amazon_agg_075,aggregate_cross_paper,test,1.0,0.904773076893786,1.0,0.9682576922979287,348.3751800060272
N7_E10c_T12b,N7,amazon_agg_076,aggregate_cross_paper,train,0.6,0.6468746492662346,1.0,0.7489582164220782,348.3751800060272
N7_E10c_T12b,N7,amazon_agg_077,aggregate_cross_paper,train,0.8,0.4632014704822723,1.0,0.7544004901607574,348.3751800060272
N7_E10c_T12b,N7,amazon_agg_078,aggregate_cross_paper,test,0.6666666666666666,0.5784781642438425,1.0,0.748381610303503,348.3751800060272
N7_E10c_T12b,N7,amazon_agg_079,aggregate_cross_paper,test,0.6666666666666666,0.8265006211597333,0.25,0.5810557626088,348.3751800060272
N7_E10c_T12b,N7,amazon_agg_080,aggregate_cross_paper,train,1.0,0.8280945888310592,1.0,0.9426981962770197,348.3751800060272
N7_E10c_T12b,N7,amazon_agg_081,aggregate_cross_paper,train,1.0,0.369084271583771,1.0,0.7896947571945904,348.3751800060272
N7_E10c_T12b,N7,amazon_agg_082,aggregate_cross_paper,test,1.0,0.0,1.0,0.6666666666666666,348.3751800060272
N7_E10c_T12b,N7,amazon_agg_083,aggregate_cross_paper,train,1.0,0.8303768794290509,1.0,0.9434589598096835,348.3751800060272
N7_E10c_T12b,N7,amazon_agg_084,aggregate_cross_paper,test,0.42857142857142855,0.6882832009819108,1.0,0.7056182098511131,348.3751800060272
N7_E10c_T12b,N7,amazon_agg_085,aggregate_cross_paper,train,0.6,0.6520692332049353,0.0,0.41735641106831173,348.3751800060272
N7_E10c_T12b,N7,amazon_agg_086,aggregate_cross_paper,test,1.0,0.4732871977463311,1.0,0.8244290659154437,348.3751800060272
N7_E10c_T12b,N7,amazon_agg_087,aggregate_cross_paper,test,0.8571428571428571,0.8539224804892137,1.0,0.903688445877357,348.3751800060272
N7_E10c_T12b,N7,amazon_agg_088,aggregate_cross_paper,train,1.0,0.8162170096444992,1.0,0.9387390032148332,348.3751800060272
N7_E10c_T12b,N7,amazon_agg_089,aggregate_cross_paper,test,1.0,0.6728862405067855,0.5,0.7242954135022618,348.3751800060272
N7_E10c_T12b,N7,amazon_agg_090,aggregate_cross_paper,train,0.75,0.8493383003802014,1.0,0.8664461001267338,348.3751800060272
N7_E10c_T12b,N7,amazon_agg_091,aggregate_cross_paper,test,0.75,0.4737129277407702,1.0,0.7412376425802568,348.3751800060272
N7_E10c_T12b,N7,amazon_agg_092,aggregate_cross_paper,test,1.0,0.593819885035658,1.0,0.8646066283452193,348.3751800060272
N7_E10c_T12b,N7,amazon_agg_093,aggregate_cross_paper,train,1.0,0.49392481453561254,1.0,0.8313082715118708,348.3751800060272
N7_E10c_T12b,N7,amazon_agg_094,aggregate_cross_paper,test,0.16666666666666666,0.7673511724455548,0.75,0.5613392797040738,348.3751800060272
N7_E10c_T12b,N7,amazon_agg_095,aggregate_cross_paper,train,0.6,0.6709057775398878,1.0,0.7569685925132958,348.3751800060272
N7_E10c_T12b,N7,amazon_agg_096,aggregate_cross_paper,train,0.8888888888888888,0.5309560044714267,1.0,0.8066149644534385,348.3751800060272
N7_E10c_T12b,N7,amazon_agg_097,aggregate_cross_paper,test,0.8333333333333334,0.5833862151893773,1.0,0.8055731828409035,348.3751800060272
N7_E10c_T12b,N7,amazon_agg_098,aggregate_cross_paper,test,0.75,0.6515747037093513,1.0,0.8005249012364505,348.3751800060272
N7_E10c_T12b,N7,amazon_agg_099,aggregate_cross_paper,test,0.3333333333333333,0.8879920197183674,0.5,0.5737751176839002,348.3751800060272
N7_E10c_T12b,N7,amazon_edge_034,edge_multihop,test,1.0,0.8521920763473498,0.5,0.7840640254491166,348.3751800060272
N7_E10c_T12b,N7,amazon_edge_035,edge_multihop,test,0.7777777777777778,0.8042120305947913,0.0,0.5273299361241897,348.3751800060272
N7_E10c_T12b,N7,amazon_edge_036,edge_multihop,test,0.8333333333333334,0.8736352013102123,0.75,0.8189895115478486,348.3751800060272
N7_E10c_T12b,N7,amazon_edge_037,edge_multihop,train,1.0,0.0,0.0,0.3333333333333333,348.3751800060272
N7_E10c_T12b,N7,amazon_edge_038,edge_multihop,test,0.6666666666666666,0.0,0.25,0.3055555555555555,348.3751800060272
N7_E10c_T12b,N7,amazon_edge_039,edge_multihop,train,1.0,0.8612316603398412,0.0,0.6204105534466137,348.3751800060272
N7_E10c_T12b,N7,amazon_edge_040,edge_multihop,test,0.6666666666666666,0.0,0.0,0.2222222222222222,348.3751800060272
N7_E10c_T12b,N7,amazon_edge_041,edge_multihop,test,0.625,0.8305894582253601,0.0,0.48519648607512006,348.3751800060272
N7_E10c_T12b,N7,amazon_edge_042,edge_multihop,test,0.6666666666666666,0.9159634183246612,0.5,0.6942100283304425,348.3751800060272
N7_E10c_T12b,N7,amazon_edge_043,edge_multihop,test,1.0,0.8928419844072266,1.0,0.9642806614690755,348.3751800060272
N7_E10c_T12b,N7,amazon_edge_044,edge_multihop,test,1.0,0.8637168573676659,1.0,0.9545722857892219,348.3751800060272
N7_E10c_T12b,N7,amazon_edge_045,edge_multihop,train,0.6666666666666666,0.8469933592628052,0.0,0.5045533419764906,348.3751800060272
N7_E10c_T12b,N7,amazon_edge_046,edge_multihop,test,1.0,0.827766329443662,0.0,0.6092554431478874,348.3751800060272
N7_E10c_T12b,N7,amazon_edge_047,edge_multihop,test,1.0,0.0,0.0,0.3333333333333333,348.3751800060272
N7_E10c_T12b,N7,amazon_edge_048,edge_multihop,train,0.6666666666666666,0.0,0.0,0.2222222222222222,348.3751800060272
N7_E10c_T12b,N7,amazon_edge_049,edge_multihop,train,1.0,0.0,0.0,0.3333333333333333,348.3751800060272
N7_E10c_T12b,N7,amazon_edge_050,edge_multihop,test,1.0,0.9105528570244174,0.0,0.6368509523414724,348.3751800060272
N7_E10c_T12b,N7,amazon_edge_051,edge_multihop,test,1.0,0.0,0.0,0.3333333333333333,348.3751800060272
N7_E10c_T12b,N7,amazon_edge_052,edge_multihop,train,0.75,0.8862457149221892,0.5,0.7120819049740631,348.3751800060272
N7_E10c_T12b,N7,amazon_edge_053,edge_multihop,train,1.0,0.9042548070551802,0.5,0.8014182690183934,348.3751800060272
N7_E10c_T12b,N7,amazon_edge_054,edge_multihop,train,0.7142857142857143,0.0,0.25,0.32142857142857145,348.3751800060272
N7_E10c_T12b,N7,amazon_edge_055,edge_multihop,train,1.0,0.8263844141644071,1.0,0.9421281380548024,348.3751800060272
N7_E10c_T12b,N7,amazon_edge_056,edge_multihop,train,0.6666666666666666,0.0,0.0,0.2222222222222222,348.3751800060272
N7_E10c_T12b,N7,amazon_edge_057,edge_multihop,train,1.0,0.7969324252294135,1.0,0.9323108084098045,348.3751800060272
N7_E10c_T12b,N7,amazon_edge_058,edge_multihop,train,0.8,0.8147972976352261,0.25,0.6215990992117421,348.3751800060272
N7_E10c_T12b,N7,amazon_edge_059,edge_multihop,train,1.0,0.0,0.0,0.3333333333333333,348.3751800060272
N7_E10c_T12b,N7,amazon_edge_060,edge_multihop,train,1.0,0.0,0.0,0.3333333333333333,348.3751800060272
N7_E10c_T12b,N7,amazon_edge_061,edge_multihop,test,0.8571428571428571,0.8148515896977074,0.0,0.5573314822801881,348.3751800060272
N7_E10c_T12b,N7,amazon_edge_062,edge_multihop,test,0.8571428571428571,0.8917682838060589,1.0,0.9163037136496387,348.3751800060272
N7_E10c_T12b,N7,amazon_edge_063,edge_multihop,train,1.0,0.0,0.0,0.3333333333333333,348.3751800060272
N7_E10c_T12b,N7,amazon_edge_064,edge_multihop,test,1.0,0.9004889176557905,1.0,0.9668296392185969,348.3751800060272
N7_E10c_T12b,N7,amazon_edge_065,edge_multihop,train,0.8333333333333334,0.0,0.25,0.36111111111111116,348.3751800060272
N7_E10c_T12b,N7,amazon_edge_066,edge_multihop,train,0.875,0.8123150674090992,0.5,0.7291050224696997,348.3751800060272
N7_E10c_T12b,N7,amazon_edge_067,edge_multihop,train,1.0,0.0,0.0,0.3333333333333333,348.3751800060272
N7_E10c_T12b,N7,amazon_edge_068,edge_multihop,test,1.0,0.8674896911502469,0.25,0.7058298970500823,348.3751800060272
N7_E10c_T12b,N7,amazon_edge_069,edge_multihop,test,1.0,0.0,0.0,0.3333333333333333,348.3751800060272
N7_E10c_T12b,N7,amazon_edge_070,edge_multihop,test,0.75,0.8446913010422272,0.25,0.6148971003474091,348.3751800060272
N7_E10c_T12b,N7,amazon_edge_071,edge_multihop,test,1.0,0.8875935063918424,0.0,0.6291978354639475,348.3751800060272
N7_E10c_T12b,N7,amazon_edge_072,edge_multihop,test,0.6666666666666666,0.9219949753114464,0.0,0.529553880659371,348.3751800060272
N7_E10c_T12b,N7,amazon_edge_073,edge_multihop,train,1.0,0.0,0.0,0.3333333333333333,348.3751800060272
N7_E10c_T12b,N7,amazon_edge_074,edge_multihop,train,0.8,0.8641338571148447,1.0,0.8880446190382815,348.3751800060272
N7_E10c_T12b,N7,amazon_edge_075,edge_multihop,train,0.6,0.8815254067977133,0.5,0.6605084689325711,348.3751800060272
N7_E10c_T12b,N7,amazon_edge_076,edge_multihop,train,1.0,0.8299955088749439,0.0,0.6099985029583146,348.3751800060272
N7_E10c_T12b,N7,amazon_edge_077,edge_multihop,test,0.75,0.8907681534409831,0.0,0.546922717813661,348.3751800060272
N7_E10c_T12b,N7,amazon_edge_078,edge_multihop,train,1.0,0.8466453248115465,1.0,0.9488817749371822,348.3751800060272
N7_E10c_T12b,N7,amazon_edge_079,edge_multihop,train,1.0,0.8604185361250658,0.5,0.7868061787083552,348.3751800060272
N7_E10c_T12b,N7,amazon_edge_080,edge_multihop,test,1.0,0.8498429777210442,0.25,0.6999476592403481,348.3751800060272
N7_E10c_T12b,N7,amazon_edge_081,edge_multihop,train,0.75,0.0,0.5,0.4166666666666667,348.3751800060272
N7_E10c_T12b,N7,amazon_edge_082,edge_multihop,train,1.0,0.8873796633913815,0.5,0.7957932211304605,348.3751800060272
N7_E10c_T12b,N7,amazon_edge_083,edge_multihop,train,1.0,0.0,0.0,0.3333333333333333,348.3751800060272
N7_E10c_T12b,N7,amazon_edge_084,edge_multihop,test,1.0,0.8983751027154673,1.0,0.9661250342384892,348.3751800060272
N7_E10c_T12b,N7,amazon_edge_085,edge_multihop,train,0.8888888888888888,0.8754801617492207,1.0,0.9214563502127032,348.3751800060272
N7_E10c_T12b,N7,amazon_edge_086,edge_multihop,train,1.0,0.0,0.0,0.3333333333333333,348.3751800060272
N7_E10c_T12b,N7,amazon_edge_087,edge_multihop,train,0.5,0.7604390253895865,1.0,0.7534796751298621,348.3751800060272
N7_E10c_T12b,N7,amazon_edge_088,edge_multihop,train,1.0,0.8598087113330134,0.5,0.7866029037776712,348.3751800060272
N7_E10c_T12b,N7,amazon_edge_089,edge_multihop,train,1.0,0.7243830903313938,0.5,0.7414610301104646,348.3751800060272
N7_E10c_T12b,N7,amazon_edge_090,edge_multihop,train,1.0,0.8617116405768596,0.5,0.7872372135256199,348.3751800060272
N7_E10c_T12b,N7,amazon_edge_091,edge_multihop,test,1.0,0.0,0.0,0.3333333333333333,348.3751800060272
N7_E10c_T12b,N7,amazon_edge_092,edge_multihop,test,1.0,0.0,0.0,0.3333333333333333,348.3751800060272
N7_E10c_T12b,N7,amazon_edge_093,edge_multihop,train,0.8,0.0,0.0,0.26666666666666666,348.3751800060272
N7_E10c_T12b,N7,amazon_edge_094,edge_multihop,test,1.0,0.0,0.0,0.3333333333333333,348.3751800060272
N7_E10c_T12b,N7,amazon_edge_095,edge_multihop,test,0.6666666666666666,0.0,0.0,0.2222222222222222,348.3751800060272
N7_E10c_T12b,N7,amazon_edge_096,edge_multihop,test,1.0,0.0,0.0,0.3333333333333333,348.3751800060272
N7_E10c_T12b,N7,amazon_edge_097,edge_multihop,test,1.0,0.0,0.0,0.3333333333333333,348.3751800060272
N7_E10c_T12b,N7,amazon_edge_098,edge_multihop,train,0.8,0.8706438773974284,0.5,0.7235479591324762,348.3751800060272
N7_E10c_T12b,N7,amazon_edge_099,edge_multihop,train,1.0,0.0,0.0,0.3333333333333333,348.3751800060272
N7_E10c_T12b,N7,amazon_sh_083,single_specific,train,1.0,0.9999995443902209,1.0,0.9999998481300736,348.3751800060272
N7_E10c_T12b,N7,amazon_sh_084,single_specific,train,1.0,1.0,1.0,1.0,348.3751800060272
N7_E10c_T12b,N7,amazon_sh_085,single_specific,train,1.0,0.7948238665848159,0.0,0.5982746221949387,348.3751800060272
N7_E10c_T12b,N7,amazon_sh_086,single_specific,train,1.0,0.9600556599914237,1.0,0.9866852199971413,348.3751800060272
N7_E10c_T12b,N7,amazon_sh_087,single_specific,train,1.0,0.648794159872155,1.0,0.8829313866240517,348.3751800060272
N7_E10c_T12b,N7,amazon_sh_088,single_specific,train,1.0,0.9999996026449097,1.0,0.9999998675483033,348.3751800060272
N7_E10c_T12b,N7,amazon_sh_089,single_specific,test,1.0,0.9210960289640376,1.0,0.9736986763213459,348.3751800060272
N7_E10c_T12b,N7,amazon_sh_090,single_specific,test,1.0,0.8671457790802037,0.0,0.622381926360068,348.3751800060272
N7_E10c_T12b,N7,amazon_sh_091,single_specific,test,0.6,0.8720686390880534,1.0,0.8240228796960177,348.3751800060272
N7_E10c_T12b,N7,amazon_sh_092,single_specific,train,0.5,0.8167070411150344,1.0,0.7722356803716782,348.3751800060272
N7_E10c_T12b,N7,amazon_sh_093,single_specific,train,0.3333333333333333,0.8045953932995449,0.0,0.37930957554429273,348.3751800060272
N7_E10c_T12b,N7,amazon_sh_094,single_specific,train,1.0,0.0,0.75,0.5833333333333334,348.3751800060272
N7_E10c_T12b,N7,amazon_sh_095,single_specific,test,1.0,0.8274296541633479,1.0,0.9424765513877826,348.3751800060272
N7_E10c_T12b,N7,amazon_sh_096,single_specific,test,1.0,0.9158035417677707,1.0,0.9719345139225902,348.3751800060272
N7_E10c_T12b,N7,amazon_sh_097,single_specific,test,1.0,0.8270145762833311,1.0,0.9423381920944437,348.3751800060272
N7_E10c_T12b,N7,amazon_sh_098,single_specific,test,0.0,1.0000000000000002,1.0,0.6666666666666666,348.3751800060272
N7_E10c_T12b,N7,amazon_sh_099,single_specific,train,1.0,0.9691994950613882,1.0,0.9897331650204627,348.3751800060272
N7_E11a_T12a,N7,amazon_agg_033,aggregate_cross_paper,train,0.2857142857142857,0.7952172755331425,1.0,0.6936438537491427,346.3905589580536
N7_E11a_T12a,N7,amazon_agg_034,aggregate_cross_paper,train,0.0,0.7455246029628276,1.0,0.5818415343209425,346.3905589580536
N7_E11a_T12a,N7,amazon_agg_035,aggregate_cross_paper,train,1.0,0.45099456253060927,0.5,0.6503315208435364,346.3905589580536
N7_E11a_T12a,N7,amazon_agg_036,aggregate_cross_paper,test,0.42857142857142855,0.7296503791015573,1.0,0.7194072692243285,346.3905589580536
N7_E11a_T12a,N7,amazon_agg_037,aggregate_cross_paper,test,0.9090909090909091,0.8414673739977439,1.0,0.9168527610295509,346.3905589580536
N7_E11a_T12a,N7,amazon_agg_038,aggregate_cross_paper,test,0.8,0.6486653889923526,1.0,0.8162217963307842,346.3905589580536
N7_E11a_T12a,N7,amazon_agg_039,aggregate_cross_paper,train,0.875,0.4706023167187026,1.0,0.7818674389062341,346.3905589580536
N7_E11a_T12a,N7,amazon_agg_040,aggregate_cross_paper,train,0.6,0.602912086376539,1.0,0.7343040287921797,346.3905589580536
N7_E11a_T12a,N7,amazon_agg_041,aggregate_cross_paper,test,0.6666666666666666,0.4433373984614429,1.0,0.7033346883760365,346.3905589580536
N7_E11a_T12a,N7,amazon_agg_042,aggregate_cross_paper,train,0.875,0.8713922918960728,1.0,0.9154640972986909,346.3905589580536
N7_E11a_T12a,N7,amazon_agg_043,aggregate_cross_paper,test,0.3333333333333333,0.5818267905989583,1.0,0.6383867079774305,346.3905589580536
N7_E11a_T12a,N7,amazon_agg_044,aggregate_cross_paper,train,1.0,0.6701972031888324,1.0,0.8900657343962775,346.3905589580536
N7_E11a_T12a,N7,amazon_agg_045,aggregate_cross_paper,train,0.75,0.4934637757515156,1.0,0.7478212585838385,346.3905589580536
N7_E11a_T12a,N7,amazon_agg_046,aggregate_cross_paper,test,1.0,0.47964095287218766,1.0,0.8265469842907293,346.3905589580536
N7_E11a_T12a,N7,amazon_agg_047,aggregate_cross_paper,train,0.6,0.8063447833927314,1.0,0.8021149277975771,346.3905589580536
N7_E11a_T12a,N7,amazon_agg_048,aggregate_cross_paper,test,0.8,0.5310351949842255,0.5,0.6103450649947418,346.3905589580536
N7_E11a_T12a,N7,amazon_agg_049,aggregate_cross_paper,train,0.75,0.44069796634472047,1.0,0.7302326554482401,346.3905589580536
N7_E11a_T12a,N7,amazon_agg_050,aggregate_cross_paper,test,0.4,0.5367074574883671,0.5,0.4789024858294557,346.3905589580536
N7_E11a_T12a,N7,amazon_agg_051,aggregate_cross_paper,test,0.625,0.6801888522074538,1.0,0.7683962840691513,346.3905589580536
N7_E11a_T12a,N7,amazon_agg_052,aggregate_cross_paper,test,1.0,0.41777337370161144,1.0,0.8059244579005371,346.3905589580536
N7_E11a_T12a,N7,amazon_agg_053,aggregate_cross_paper,train,0.8333333333333334,0.5003738642107839,1.0,0.7779023991813725,346.3905589580536
N7_E11a_T12a,N7,amazon_agg_054,aggregate_cross_paper,test,0.75,0.5197846891328627,1.0,0.7565948963776209,346.3905589580536
N7_E11a_T12a,N7,amazon_agg_055,aggregate_cross_paper,train,0.75,0.7303433628097394,1.0,0.8267811209365798,346.3905589580536
N7_E11a_T12a,N7,amazon_agg_056,aggregate_cross_paper,test,1.0,0.7869206681526298,1.0,0.9289735560508766,346.3905589580536
N7_E11a_T12a,N7,amazon_agg_057,aggregate_cross_paper,test,0.6666666666666666,0.7873991002334638,1.0,0.8180219223000434,346.3905589580536
N7_E11a_T12a,N7,amazon_agg_058,aggregate_cross_paper,test,1.0,0.6303079927419021,1.0,0.8767693309139674,346.3905589580536
N7_E11a_T12a,N7,amazon_agg_059,aggregate_cross_paper,test,1.0,0.549278866009918,1.0,0.849759622003306,346.3905589580536
N7_E11a_T12a,N7,amazon_agg_060,aggregate_cross_paper,test,1.0,0.5535545298475494,1.0,0.8511848432825165,346.3905589580536
N7_E11a_T12a,N7,amazon_agg_061,aggregate_cross_paper,test,0.8,0.7188544236658246,1.0,0.8396181412219416,346.3905589580536
N7_E11a_T12a,N7,amazon_agg_062,aggregate_cross_paper,train,0.8571428571428571,0.7925684168968223,1.0,0.8832370913465598,346.3905589580536
N7_E11a_T12a,N7,amazon_agg_063,aggregate_cross_paper,test,0.6,0.7312159454695993,1.0,0.7770719818231998,346.3905589580536
N7_E11a_T12a,N7,amazon_agg_064,aggregate_cross_paper,test,0.6,0.5705843521520616,1.0,0.7235281173840206,346.3905589580536
N7_E11a_T12a,N7,amazon_agg_065,aggregate_cross_paper,train,1.0,0.5130926793540062,1.0,0.8376975597846688,346.3905589580536
N7_E11a_T12a,N7,amazon_agg_066,aggregate_cross_paper,train,0.8,0.5422441573023634,1.0,0.7807480524341212,346.3905589580536
N7_E11a_T12a,N7,amazon_agg_067,aggregate_cross_paper,test,0.8,0.4626954619677239,1.0,0.754231820655908,346.3905589580536
N7_E11a_T12a,N7,amazon_agg_068,aggregate_cross_paper,test,0.8,0.398489069536931,1.0,0.7328296898456438,346.3905589580536
N7_E11a_T12a,N7,amazon_agg_069,aggregate_cross_paper,train,0.5,0.8047392916218208,1.0,0.7682464305406068,346.3905589580536
N7_E11a_T12a,N7,amazon_agg_070,aggregate_cross_paper,train,0.8,0.7981736128904328,1.0,0.8660578709634775,346.3905589580536
N7_E11a_T12a,N7,amazon_agg_071,aggregate_cross_paper,test,1.0,0.6035200703763218,1.0,0.8678400234587739,346.3905589580536
N7_E11a_T12a,N7,amazon_agg_072,aggregate_cross_paper,train,0.5,0.7113968491917687,1.0,0.7371322830639229,346.3905589580536
N7_E11a_T12a,N7,amazon_agg_073,aggregate_cross_paper,train,1.0,0.5750837001721575,1.0,0.8583612333907191,346.3905589580536
N7_E11a_T12a,N7,amazon_agg_074,aggregate_cross_paper,test,1.0,0.0,0.75,0.5833333333333334,346.3905589580536
N7_E11a_T12a,N7,amazon_agg_075,aggregate_cross_paper,test,0.5,0.4353145733097899,1.0,0.64510485776993,346.3905589580536
N7_E11a_T12a,N7,amazon_agg_076,aggregate_cross_paper,train,0.6,0.7753229278717492,1.0,0.791774309290583,346.3905589580536
N7_E11a_T12a,N7,amazon_agg_077,aggregate_cross_paper,train,0.75,0.4569257739323656,1.0,0.7356419246441218,346.3905589580536
N7_E11a_T12a,N7,amazon_agg_078,aggregate_cross_paper,test,1.0,0.5746537524454776,1.0,0.8582179174818259,346.3905589580536
N7_E11a_T12a,N7,amazon_agg_079,aggregate_cross_paper,test,0.5,0.7965157676707828,0.5,0.5988385892235942,346.3905589580536
N7_E11a_T12a,N7,amazon_agg_080,aggregate_cross_paper,train,0.5454545454545454,0.8899519510707132,1.0,0.8118021655084195,346.3905589580536
N7_E11a_T12a,N7,amazon_agg_081,aggregate_cross_paper,train,0.5714285714285714,0.0,1.0,0.5238095238095238,346.3905589580536
N7_E11a_T12a,N7,amazon_agg_082,aggregate_cross_paper,test,1.0,0.0,0.0,0.3333333333333333,346.3905589580536
N7_E11a_T12a,N7,amazon_agg_083,aggregate_cross_paper,train,1.0,0.7960489307908531,1.0,0.9320163102636178,346.3905589580536
N7_E11a_T12a,N7,amazon_agg_084,aggregate_cross_paper,test,0.6666666666666666,0.6457093776760834,1.0,0.7707920147809166,346.3905589580536
N7_E11a_T12a,N7,amazon_agg_085,aggregate_cross_paper,train,0.25,0.7459022474649731,1.0,0.665300749154991,346.3905589580536
N7_E11a_T12a,N7,amazon_agg_086,aggregate_cross_paper,test,1.0,0.9171486255171694,1.0,0.9723828751723897,346.3905589580536
N7_E11a_T12a,N7,amazon_agg_087,aggregate_cross_paper,test,0.8333333333333334,0.551969618896899,1.0,0.7951009840767441,346.3905589580536
N7_E11a_T12a,N7,amazon_agg_088,aggregate_cross_paper,train,0.5555555555555556,0.54685707786987,1.0,0.7008042111418086,346.3905589580536
N7_E11a_T12a,N7,amazon_agg_089,aggregate_cross_paper,test,0.6666666666666666,0.6122673415204939,0.5,0.5929780027290535,346.3905589580536
N7_E11a_T12a,N7,amazon_agg_090,aggregate_cross_paper,train,0.6,0.9008709583661124,1.0,0.8336236527887042,346.3905589580536
N7_E11a_T12a,N7,amazon_agg_091,aggregate_cross_paper,test,0.8571428571428571,0.5583706836456834,1.0,0.8051711802628468,346.3905589580536
N7_E11a_T12a,N7,amazon_agg_092,aggregate_cross_paper,test,1.0,0.4956201374192657,1.0,0.8318733791397553,346.3905589580536
N7_E11a_T12a,N7,amazon_agg_093,aggregate_cross_paper,train,1.0,0.5655942787248388,1.0,0.8551980929082795,346.3905589580536
N7_E11a_T12a,N7,amazon_agg_094,aggregate_cross_paper,test,0.0,0.7177807501976382,1.0,0.5725935833992127,346.3905589580536
N7_E11a_T12a,N7,amazon_agg_095,aggregate_cross_paper,train,0.6,0.6986760907389659,1.0,0.7662253635796553,346.3905589580536
N7_E11a_T12a,N7,amazon_agg_096,aggregate_cross_paper,train,0.5,0.5368199731125589,1.0,0.6789399910375197,346.3905589580536
N7_E11a_T12a,N7,amazon_agg_097,aggregate_cross_paper,test,0.8,0.5833629165937745,1.0,0.7944543055312582,346.3905589580536
N7_E11a_T12a,N7,amazon_agg_098,aggregate_cross_paper,test,0.6666666666666666,0.5835937460555904,1.0,0.7500868042407524,346.3905589580536
N7_E11a_T12a,N7,amazon_agg_099,aggregate_cross_paper,test,0.8,0.5948193340747631,0.5,0.6316064446915877,346.3905589580536
N7_E11a_T12a,N7,amazon_edge_034,edge_multihop,test,1.0,0.0,0.25,0.4166666666666667,346.3905589580536
N7_E11a_T12a,N7,amazon_edge_035,edge_multihop,test,1.0,0.0,0.0,0.3333333333333333,346.3905589580536
N7_E11a_T12a,N7,amazon_edge_036,edge_multihop,test,1.0,0.0,0.75,0.5833333333333334,346.3905589580536
N7_E11a_T12a,N7,amazon_edge_037,edge_multihop,train,1.0,0.0,0.0,0.3333333333333333,346.3905589580536
N7_E11a_T12a,N7,amazon_edge_038,edge_multihop,test,1.0,0.0,0.0,0.3333333333333333,346.3905589580536
N7_E11a_T12a,N7,amazon_edge_039,edge_multihop,train,1.0,0.0,0.0,0.3333333333333333,346.3905589580536
N7_E11a_T12a,N7,amazon_edge_040,edge_multihop,test,1.0,0.0,0.0,0.3333333333333333,346.3905589580536
N7_E11a_T12a,N7,amazon_edge_041,edge_multihop,test,0.6666666666666666,0.8728877849870699,0.0,0.5131848172179122,346.3905589580536
N7_E11a_T12a,N7,amazon_edge_042,edge_multihop,test,0.8333333333333334,0.8796616180975914,0.5,0.7376649838103083,346.3905589580536
N7_E11a_T12a,N7,amazon_edge_043,edge_multihop,test,1.0,0.0,0.5,0.5,346.3905589580536
N7_E11a_T12a,N7,amazon_edge_044,edge_multihop,test,1.0,0.8500053790721859,1.0,0.950001793024062,346.3905589580536
N7_E11a_T12a,N7,amazon_edge_045,edge_multihop,train,1.0,0.8315073908086953,0.5,0.7771691302695651,346.3905589580536
N7_E11a_T12a,N7,amazon_edge_046,edge_multihop,test,1.0,0.0,0.0,0.3333333333333333,346.3905589580536
N7_E11a_T12a,N7,amazon_edge_047,edge_multihop,test,1.0,0.8759173033484197,0.75,0.8753057677828066,346.3905589580536
N7_E11a_T12a,N7,amazon_edge_048,edge_multihop,train,0.6666666666666666,0.0,0.0,0.2222222222222222,346.3905589580536
N7_E11a_T12a,N7,amazon_edge_049,edge_multihop,train,1.0,0.8467402326890354,0.25,0.6989134108963452,346.3905589580536
N7_E11a_T12a,N7,amazon_edge_050,edge_multihop,test,1.0,0.9147167872621403,0.0,0.6382389290873801,346.3905589580536
N7_E11a_T12a,N7,amazon_edge_051,edge_multihop,test,1.0,0.0,0.0,0.3333333333333333,346.3905589580536
N7_E11a_T12a,N7,amazon_edge_052,edge_multihop,train,1.0,0.0,0.0,0.3333333333333333,346.3905589580536
N7_E11a_T12a,N7,amazon_edge_053,edge_multihop,train,0.16666666666666666,0.8945880919190383,0.75,0.6037515861952351,346.3905589580536
N7_E11a_T12a,N7,amazon_edge_054,edge_multihop,train,1.0,0.8941226731622548,1.0,0.9647075577207516,346.3905589580536
N7_E11a_T12a,N7,amazon_edge_055,edge_multihop,train,1.0,0.0,1.0,0.6666666666666666,346.3905589580536
N7_E11a_T12a,N7,amazon_edge_056,edge_multihop,train,1.0,0.0,0.0,0.3333333333333333,346.3905589580536
N7_E11a_T12a,N7,amazon_edge_057,edge_multihop,train,1.0,0.8238894459867984,0.5,0.7746298153289328,346.3905589580536
N7_E11a_T12a,N7,amazon_edge_058,edge_multihop,train,0.5,0.7533409392866431,0.75,0.6677803130955478,346.3905589580536
N7_E11a_T12a,N7,amazon_edge_059,edge_multihop,train,0.6666666666666666,0.0,0.0,0.2222222222222222,346.3905589580536
N7_E11a_T12a,N7,amazon_edge_060,edge_multihop,train,1.0,0.7740114419469011,0.25,0.6746704806489671,346.3905589580536
N7_E11a_T12a,N7,amazon_edge_061,edge_multihop,test,0.5,0.0,0.75,0.4166666666666667,346.3905589580536
N7_E11a_T12a,N7,amazon_edge_062,edge_multihop,test,0.8,0.0,0.5,0.43333333333333335,346.3905589580536
N7_E11a_T12a,N7,amazon_edge_063,edge_multihop,train,1.0,0.8866490991415149,0.5,0.7955496997138383,346.3905589580536
N7_E11a_T12a,N7,amazon_edge_064,edge_multihop,test,1.0,0.8631677431484613,1.0,0.9543892477161537,346.3905589580536
N7_E11a_T12a,N7,amazon_edge_065,edge_multihop,train,1.0,0.0,0.0,0.3333333333333333,346.3905589580536
N7_E11a_T12a,N7,amazon_edge_066,edge_multihop,train,0.8,0.8879895779175477,0.0,0.5626631926391826,346.3905589580536
N7_E11a_T12a,N7,amazon_edge_067,edge_multihop,train,1.0,0.0,0.0,0.3333333333333333,346.3905589580536
N7_E11a_T12a,N7,amazon_edge_068,edge_multihop,test,1.0,0.0,0.0,0.3333333333333333,346.3905589580536
N7_E11a_T12a,N7,amazon_edge_069,edge_multihop,test,1.0,0.9036158260020927,0.0,0.6345386086673642,346.3905589580536
N7_E11a_T12a,N7,amazon_edge_070,edge_multihop,test,0.3333333333333333,0.0,0.0,0.1111111111111111,346.3905589580536
N7_E11a_T12a,N7,amazon_edge_071,edge_multihop,test,1.0,0.0,0.0,0.3333333333333333,346.3905589580536
N7_E11a_T12a,N7,amazon_edge_072,edge_multihop,test,0.8571428571428571,0.9130443088362881,0.5,0.7567290553263817,346.3905589580536
N7_E11a_T12a,N7,amazon_edge_073,edge_multihop,train,0.6,0.0,0.0,0.19999999999999998,346.3905589580536
N7_E11a_T12a,N7,amazon_edge_074,edge_multihop,train,0.8333333333333334,0.8487439172113531,1.0,0.8940257501815622,346.3905589580536
N7_E11a_T12a,N7,amazon_edge_075,edge_multihop,train,1.0,0.0,0.25,0.4166666666666667,346.3905589580536
N7_E11a_T12a,N7,amazon_edge_076,edge_multihop,train,1.0,0.0,0.0,0.3333333333333333,346.3905589580536
N7_E11a_T12a,N7,amazon_edge_077,edge_multihop,test,0.5714285714285714,0.8268421958196802,0.5,0.632756922416084,346.3905589580536
N7_E11a_T12a,N7,amazon_edge_078,edge_multihop,train,1.0,0.0,0.0,0.3333333333333333,346.3905589580536
N7_E11a_T12a,N7,amazon_edge_079,edge_multihop,train,1.0,0.0,0.25,0.4166666666666667,346.3905589580536
N7_E11a_T12a,N7,amazon_edge_080,edge_multihop,test,1.0,0.0,0.75,0.5833333333333334,346.3905589580536
N7_E11a_T12a,N7,amazon_edge_081,edge_multihop,train,0.8,0.0,0.75,0.5166666666666667,346.3905589580536
N7_E11a_T12a,N7,amazon_edge_082,edge_multihop,train,1.0,0.8843082320456725,0.5,0.7947694106818908,346.3905589580536
N7_E11a_T12a,N7,amazon_edge_083,edge_multihop,train,0.5,0.0,0.0,0.16666666666666666,346.3905589580536
N7_E11a_T12a,N7,amazon_edge_084,edge_multihop,test,1.0,0.8983751027154672,0.75,0.8827917009051557,346.3905589580536
N7_E11a_T12a,N7,amazon_edge_085,edge_multihop,train,1.0,0.0,0.0,0.3333333333333333,346.3905589580536
N7_E11a_T12a,N7,amazon_edge_086,edge_multihop,train,1.0,0.8806134753979237,1.0,0.9602044917993079,346.3905589580536
N7_E11a_T12a,N7,amazon_edge_087,edge_multihop,train,1.0,0.9114285430304119,1.0,0.9704761810101372,346.3905589580536
N7_E11a_T12a,N7,amazon_edge_088,edge_multihop,train,1.0,0.0,0.25,0.4166666666666667,346.3905589580536
N7_E11a_T12a,N7,amazon_edge_089,edge_multihop,train,0.75,0.7837117671617956,1.0,0.8445705890539319,346.3905589580536
N7_E11a_T12a,N7,amazon_edge_090,edge_multihop,train,1.0,0.0,0.0,0.3333333333333333,346.3905589580536
N7_E11a_T12a,N7,amazon_edge_091,edge_multihop,test,1.0,0.0,0.0,0.3333333333333333,346.3905589580536
N7_E11a_T12a,N7,amazon_edge_092,edge_multihop,test,1.0,0.0,0.0,0.3333333333333333,346.3905589580536
N7_E11a_T12a,N7,amazon_edge_093,edge_multihop,train,0.875,0.9018383437843536,0.75,0.8422794479281178,346.3905589580536
N7_E11a_T12a,N7,amazon_edge_094,edge_multihop,test,0.8333333333333334,0.8098052873961162,0.5,0.7143795402431499,346.3905589580536
N7_E11a_T12a,N7,amazon_edge_095,edge_multihop,test,0.7142857142857143,0.8121161345339515,0.0,0.5088006162732219,346.3905589580536
N7_E11a_T12a,N7,amazon_edge_096,edge_multihop,test,1.0,0.0,0.0,0.3333333333333333,346.3905589580536
N7_E11a_T12a,N7,amazon_edge_097,edge_multihop,test,1.0,0.0,1.0,0.6666666666666666,346.3905589580536
N7_E11a_T12a,N7,amazon_edge_098,edge_multihop,train,0.8571428571428571,0.8706355357982015,0.5,0.7425927976470196,346.3905589580536
N7_E11a_T12a,N7,amazon_edge_099,edge_multihop,train,1.0,0.0,0.0,0.3333333333333333,346.3905589580536
N7_E11a_T12a,N7,amazon_sh_083,single_specific,train,0.6666666666666666,0.9999959291289072,1.0,0.888887531931858,346.3905589580536
N7_E11a_T12a,N7,amazon_sh_084,single_specific,train,1.0,1.0,1.0,1.0,346.3905589580536
N7_E11a_T12a,N7,amazon_sh_085,single_specific,train,1.0,0.9254156948164016,1.0,0.9751385649388006,346.3905589580536
N7_E11a_T12a,N7,amazon_sh_086,single_specific,train,1.0,0.9600547748633476,1.0,0.9866849249544493,346.3905589580536
N7_E11a_T12a,N7,amazon_sh_087,single_specific,train,0.6666666666666666,0.9292214918765752,1.0,0.8652960528477474,346.3905589580536
N7_E11a_T12a,N7,amazon_sh_088,single_specific,train,1.0,0.8508102342529269,1.0,0.950270078084309,346.3905589580536
N7_E11a_T12a,N7,amazon_sh_089,single_specific,test,1.0,0.9210960289640376,1.0,0.9736986763213459,346.3905589580536
N7_E11a_T12a,N7,amazon_sh_090,single_specific,test,0.6666666666666666,0.8671273281942449,1.0,0.8445979982869706,346.3905589580536
N7_E11a_T12a,N7,amazon_sh_091,single_specific,test,0.4,0.8622813635857743,1.0,0.7540937878619248,346.3905589580536
N7_E11a_T12a,N7,amazon_sh_092,single_specific,train,1.0,0.8584328989780163,1.0,0.9528109663260054,346.3905589580536
N7_E11a_T12a,N7,amazon_sh_093,single_specific,train,1.0,0.7804648641070957,1.0,0.9268216213690318,346.3905589580536
N7_E11a_T12a,N7,amazon_sh_094,single_specific,train,1.0,0.0,0.75,0.5833333333333334,346.3905589580536
N7_E11a_T12a,N7,amazon_sh_095,single_specific,test,0.6666666666666666,0.8257066656722983,1.0,0.830791110779655,346.3905589580536
N7_E11a_T12a,N7,amazon_sh_096,single_specific,test,1.0,0.8081369284147368,1.0,0.9360456428049123,346.3905589580536
N7_E11a_T12a,N7,amazon_sh_097,single_specific,test,0.5,0.9597787506813219,1.0,0.8199262502271073,346.3905589580536
N7_E11a_T12a,N7,amazon_sh_098,single_specific,test,1.0,0.9999996123206744,1.0,0.9999998707735581,346.3905589580536
N7_E11a_T12a,N7,amazon_sh_099,single_specific,train,1.0,0.9999996259516923,1.0,0.9999998753172307,346.3905589580536
N7_E11a_T12b,N7,amazon_agg_033,aggregate_cross_paper,train,0.5,0.6899389165337645,1.0,0.7299796388445882,360.5612938404083
N7_E11a_T12b,N7,amazon_agg_034,aggregate_cross_paper,train,0.2,0.7455246029628276,1.0,0.6485082009876092,360.5612938404083
N7_E11a_T12b,N7,amazon_agg_035,aggregate_cross_paper,train,1.0,0.4568697410110132,0.0,0.48562324700367104,360.5612938404083
N7_E11a_T12b,N7,amazon_agg_036,aggregate_cross_paper,test,0.3333333333333333,0.6995696307118153,1.0,0.6776343213483829,360.5612938404083
N7_E11a_T12b,N7,amazon_agg_037,aggregate_cross_paper,test,1.0,0.8506184547519335,1.0,0.9502061515839779,360.5612938404083
N7_E11a_T12b,N7,amazon_agg_038,aggregate_cross_paper,test,0.5714285714285714,0.5148933106015988,0.5,0.5287739606767233,360.5612938404083
N7_E11a_T12b,N7,amazon_agg_039,aggregate_cross_paper,train,0.875,0.4706023167187027,1.0,0.7818674389062342,360.5612938404083
N7_E11a_T12b,N7,amazon_agg_040,aggregate_cross_paper,train,0.75,0.4718229377388318,1.0,0.7406076459129439,360.5612938404083
N7_E11a_T12b,N7,amazon_agg_041,aggregate_cross_paper,test,0.3333333333333333,0.4264026414185634,1.0,0.5865786582506322,360.5612938404083
N7_E11a_T12b,N7,amazon_agg_042,aggregate_cross_paper,train,1.0,0.8713847022366963,1.0,0.9571282340788988,360.5612938404083
N7_E11a_T12b,N7,amazon_agg_043,aggregate_cross_paper,test,0.7142857142857143,0.7762347948840198,1.0,0.830173503056578,360.5612938404083
N7_E11a_T12b,N7,amazon_agg_044,aggregate_cross_paper,train,0.8888888888888888,0.6701972031888324,1.0,0.8530286973592404,360.5612938404083
N7_E11a_T12b,N7,amazon_agg_045,aggregate_cross_paper,train,0.6666666666666666,0.4838246858957753,1.0,0.7168304508541473,360.5612938404083
N7_E11a_T12b,N7,amazon_agg_046,aggregate_cross_paper,test,1.0,0.4428436445782791,1.0,0.8142812148594264,360.5612938404083
N7_E11a_T12b,N7,amazon_agg_047,aggregate_cross_paper,train,1.0,0.6127423449482761,1.0,0.8709141149827587,360.5612938404083
N7_E11a_T12b,N7,amazon_agg_048,aggregate_cross_paper,test,1.0,0.5786568466951336,1.0,0.8595522822317112,360.5612938404083
N7_E11a_T12b,N7,amazon_agg_049,aggregate_cross_paper,train,0.75,0.531548940847297,1.0,0.7605163136157657,360.5612938404083
N7_E11a_T12b,N7,amazon_agg_050,aggregate_cross_paper,test,0.2,0.5366971636235633,0.5,0.4122323878745211,360.5612938404083
N7_E11a_T12b,N7,amazon_agg_051,aggregate_cross_paper,test,0.75,0.38739712471722243,1.0,0.7124657082390741,360.5612938404083
N7_E11a_T12b,N7,amazon_agg_052,aggregate_cross_paper,test,1.0,0.8168283119190217,1.0,0.9389427706396739,360.5612938404083
N7_E11a_T12b,N7,amazon_agg_053,aggregate_cross_paper,train,1.0,0.4934621890813854,1.0,0.8311540630271285,360.5612938404083
N7_E11a_T12b,N7,amazon_agg_054,aggregate_cross_paper,test,0.5555555555555556,0.657311852781043,1.0,0.7376224694455328,360.5612938404083
N7_E11a_T12b,N7,amazon_agg_055,aggregate_cross_paper,train,0.6666666666666666,0.7354230105031174,1.0,0.8006965590565946,360.5612938404083
N7_E11a_T12b,N7,amazon_agg_056,aggregate_cross_paper,test,0.0,0.8125609536178703,1.0,0.6041869845392901,360.5612938404083
N7_E11a_T12b,N7,amazon_agg_057,aggregate_cross_paper,test,0.6666666666666666,0.924604694889748,1.0,0.8637571205188048,360.5612938404083
N7_E11a_T12b,N7,amazon_agg_058,aggregate_cross_paper,test,0.75,0.6425994295193166,1.0,0.7975331431731055,360.5612938404083
N7_E11a_T12b,N7,amazon_agg_059,aggregate_cross_paper,test,1.0,0.4111850348592045,1.0,0.8037283449530682,360.5612938404083
N7_E11a_T12b,N7,amazon_agg_060,aggregate_cross_paper,test,1.0,0.5603911670383196,1.0,0.8534637223461066,360.5612938404083
N7_E11a_T12b,N7,amazon_agg_061,aggregate_cross_paper,test,0.875,0.6862332635777996,1.0,0.8537444211925999,360.5612938404083
N7_E11a_T12b,N7,amazon_agg_062,aggregate_cross_paper,train,0.6666666666666666,0.814378012569127,1.0,0.8270148930785979,360.5612938404083
N7_E11a_T12b,N7,amazon_agg_063,aggregate_cross_paper,test,1.0,0.8079208158244432,1.0,0.9359736052748144,360.5612938404083
N7_E11a_T12b,N7,amazon_agg_064,aggregate_cross_paper,test,0.6,0.778306804522073,1.0,0.7927689348406911,360.5612938404083
N7_E11a_T12b,N7,amazon_agg_065,aggregate_cross_paper,train,1.0,0.5085698849926427,1.0,0.8361899616642142,360.5612938404083
N7_E11a_T12b,N7,amazon_agg_066,aggregate_cross_paper,train,0.6666666666666666,0.4386172813882307,1.0,0.701761316018299,360.5612938404083
N7_E11a_T12b,N7,amazon_agg_067,aggregate_cross_paper,test,0.75,0.9148580251598896,1.0,0.8882860083866299,360.5612938404083
N7_E11a_T12b,N7,amazon_agg_068,aggregate_cross_paper,test,0.8,0.398489069536931,1.0,0.7328296898456438,360.5612938404083
N7_E11a_T12b,N7,amazon_agg_069,aggregate_cross_paper,train,0.75,0.6494798032641084,1.0,0.7998266010880362,360.5612938404083
N7_E11a_T12b,N7,amazon_agg_070,aggregate_cross_paper,train,0.5,0.8209270668288878,1.0,0.7736423556096294,360.5612938404083
N7_E11a_T12b,N7,amazon_agg_071,aggregate_cross_paper,test,0.5714285714285714,0.5206942366195374,1.0,0.6973742693493695,360.5612938404083
N7_E11a_T12b,N7,amazon_agg_072,aggregate_cross_paper,train,0.6,0.7052067139921215,1.0,0.7684022379973738,360.5612938404083
N7_E11a_T12b,N7,amazon_agg_073,aggregate_cross_paper,train,1.0,0.0,1.0,0.6666666666666666,360.5612938404083
N7_E11a_T12b,N7,amazon_agg_074,aggregate_cross_paper,test,0.7142857142857143,0.7243409953113735,1.0,0.812875569865696,360.5612938404083
N7_E11a_T12b,N7,amazon_agg_075,aggregate_cross_paper,test,0.7142857142857143,0.4353145733097899,1.0,0.7165334291985014,360.5612938404083
N7_E11a_T12b,N7,amazon_agg_076,aggregate_cross_paper,train,0.6,0.7465724258533744,1.0,0.7821908086177914,360.5612938404083
N7_E11a_T12b,N7,amazon_agg_077,aggregate_cross_paper,train,0.8,0.5219547990832237,1.0,0.7739849330277413,360.5612938404083
N7_E11a_T12b,N7,amazon_agg_078,aggregate_cross_paper,test,0.6666666666666666,0.5164792707203053,1.0,0.727715312462324,360.5612938404083
N7_E11a_T12b,N7,amazon_agg_079,aggregate_cross_paper,test,0.16666666666666666,0.81041621385191,0.5,0.49236096017285885,360.5612938404083
N7_E11a_T12b,N7,amazon_agg_080,aggregate_cross_paper,train,0.5833333333333334,0.8281055493549307,1.0,0.8038129608960881,360.5612938404083
N7_E11a_T12b,N7,amazon_agg_081,aggregate_cross_paper,train,0.75,0.0,0.75,0.5,360.5612938404083
N7_E11a_T12b,N7,amazon_agg_082,aggregate_cross_paper,test,1.0,0.0,0.25,0.4166666666666667,360.5612938404083
N7_E11a_T12b,N7,amazon_agg_083,aggregate_cross_paper,train,1.0,0.84517572767222,1.0,0.9483919092240733,360.5612938404083
N7_E11a_T12b,N7,amazon_agg_084,aggregate_cross_paper,test,0.7142857142857143,0.6457093776760834,1.0,0.7866650306539326,360.5612938404083
N7_E11a_T12b,N7,amazon_agg_085,aggregate_cross_paper,train,0.5,0.8180283427566994,1.0,0.7726761142522331,360.5612938404083
N7_E11a_T12b,N7,amazon_agg_086,aggregate_cross_paper,test,1.0,0.8802354302516455,1.0,0.9600784767505486,360.5612938404083
N7_E11a_T12b,N7,amazon_agg_087,aggregate_cross_paper,test,0.75,0.8086638870920615,1.0,0.8528879623640204,360.5612938404083
N7_E11a_T12b,N7,amazon_agg_088,aggregate_cross_paper,train,0.8571428571428571,0.5468231320028056,1.0,0.8013219963818875,360.5612938404083
N7_E11a_T12b,N7,amazon_agg_089,aggregate_cross_paper,test,1.0,0.0,0.5,0.5,360.5612938404083
N7_E11a_T12b,N7,amazon_agg_090,aggregate_cross_paper,train,0.8571428571428571,0.9008910281363246,1.0,0.9193446284263939,360.5612938404083
N7_E11a_T12b,N7,amazon_agg_091,aggregate_cross_paper,test,0.8571428571428571,0.5583045163020196,1.0,0.8051491244816256,360.5612938404083
N7_E11a_T12b,N7,amazon_agg_092,aggregate_cross_paper,test,1.0,0.6313186212844367,1.0,0.8771062070948122,360.5612938404083
N7_E11a_T12b,N7,amazon_agg_093,aggregate_cross_paper,train,0.42857142857142855,0.5655607210355673,1.0,0.6647107165356653,360.5612938404083
N7_E11a_T12b,N7,amazon_agg_094,aggregate_cross_paper,test,0.0,0.7104893251649156,1.0,0.5701631083883052,360.5612938404083
N7_E11a_T12b,N7,amazon_agg_095,aggregate_cross_paper,train,0.8,0.615447497116082,1.0,0.8051491657053607,360.5612938404083
N7_E11a_T12b,N7,amazon_agg_096,aggregate_cross_paper,train,0.75,0.5181573362847578,1.0,0.7560524454282526,360.5612938404083
N7_E11a_T12b,N7,amazon_agg_097,aggregate_cross_paper,test,0.5714285714285714,0.5833628917259999,1.0,0.7182638210515236,360.5612938404083
N7_E11a_T12b,N7,amazon_agg_098,aggregate_cross_paper,test,1.0,0.5083358614338366,1.0,0.8361119538112788,360.5612938404083
N7_E11a_T12b,N7,amazon_agg_099,aggregate_cross_paper,test,0.8,0.5693735019088616,0.5,0.6231245006362872,360.5612938404083
N7_E11a_T12b,N7,amazon_edge_034,edge_multihop,test,1.0,0.0,0.5,0.5,360.5612938404083
N7_E11a_T12b,N7,amazon_edge_035,edge_multihop,test,0.75,0.0,0.0,0.25,360.5612938404083
N7_E11a_T12b,N7,amazon_edge_036,edge_multihop,test,1.0,0.0,0.75,0.5833333333333334,360.5612938404083
N7_E11a_T12b,N7,amazon_edge_037,edge_multihop,train,1.0,0.0,0.25,0.4166666666666667,360.5612938404083
N7_E11a_T12b,N7,amazon_edge_038,edge_multihop,test,1.0,0.0,0.0,0.3333333333333333,360.5612938404083
N7_E11a_T12b,N7,amazon_edge_039,edge_multihop,train,1.0,0.0,0.0,0.3333333333333333,360.5612938404083
N7_E11a_T12b,N7,amazon_edge_040,edge_multihop,test,1.0,0.0,0.0,0.3333333333333333,360.5612938404083
N7_E11a_T12b,N7,amazon_edge_041,edge_multihop,test,0.3333333333333333,0.8565928785342177,0.0,0.39664207062251705,360.5612938404083
N7_E11a_T12b,N7,amazon_edge_042,edge_multihop,test,0.7142857142857143,0.8428276987160688,0.5,0.6857044710005944,360.5612938404083
N7_E11a_T12b,N7,amazon_edge_043,edge_multihop,test,1.0,0.0,0.5,0.5,360.5612938404083
N7_E11a_T12b,N7,amazon_edge_044,edge_multihop,test,1.0,0.8468225331526011,1.0,0.9489408443842003,360.5612938404083
N7_E11a_T12b,N7,amazon_edge_045,edge_multihop,train,0.8571428571428571,0.8649749746721153,0.25,0.6573726106049907,360.5612938404083
N7_E11a_T12b,N7,amazon_edge_046,edge_multihop,test,1.0,0.0,0.0,0.3333333333333333,360.5612938404083
N7_E11a_T12b,N7,amazon_edge_047,edge_multihop,test,1.0,0.8121560819963025,1.0,0.9373853606654342,360.5612938404083
N7_E11a_T12b,N7,amazon_edge_048,edge_multihop,train,0.25,0.7481173623958305,0.0,0.33270578746527685,360.5612938404083
N7_E11a_T12b,N7,amazon_edge_049,edge_multihop,train,0.8571428571428571,0.8467402326890354,0.25,0.6512943632772975,360.5612938404083
N7_E11a_T12b,N7,amazon_edge_050,edge_multihop,test,1.0,0.8349208743663924,0.0,0.6116402914554642,360.5612938404083
N7_E11a_T12b,N7,amazon_edge_051,edge_multihop,test,1.0,0.0,0.0,0.3333333333333333,360.5612938404083
N7_E11a_T12b,N7,amazon_edge_052,edge_multihop,train,1.0,0.0,1.0,0.6666666666666666,360.5612938404083
N7_E11a_T12b,N7,amazon_edge_053,edge_multihop,train,0.16666666666666666,0.8946003033247899,0.75,0.6037556566638188,360.5612938404083
N7_E11a_T12b,N7,amazon_edge_054,edge_multihop,train,1.0,0.8787194758326593,1.0,0.9595731586108864,360.5612938404083
N7_E11a_T12b,N7,amazon_edge_055,edge_multihop,train,1.0,0.7961868798250995,1.0,0.9320622932750332,360.5612938404083
N7_E11a_T12b,N7,amazon_edge_056,edge_multihop,train,0.6666666666666666,0.0,0.0,0.2222222222222222,360.5612938404083
N7_E11a_T12b,N7,amazon_edge_057,edge_multihop,train,1.0,0.8183647204101926,0.5,0.7727882401367309,360.5612938404083
N7_E11a_T12b,N7,amazon_edge_058,edge_multihop,train,0.8,0.8491430077420985,0.0,0.5497143359140328,360.5612938404083
N7_E11a_T12b,N7,amazon_edge_059,edge_multihop,train,0.5,0.8504357873784509,0.0,0.45014526245948366,360.5612938404083
N7_E11a_T12b,N7,amazon_edge_060,edge_multihop,train,1.0,0.7740114419469011,0.25,0.6746704806489671,360.5612938404083
N7_E11a_T12b,N7,amazon_edge_061,edge_multihop,test,0.5,0.0,0.5,0.3333333333333333,360.5612938404083
N7_E11a_T12b,N7,amazon_edge_062,edge_multihop,test,0.8,0.0,0.5,0.43333333333333335,360.5612938404083
N7_E11a_T12b,N7,amazon_edge_063,edge_multihop,train,0.8571428571428571,0.8662848334803769,0.5,0.7411425635410781,360.5612938404083
N7_E11a_T12b,N7,amazon_edge_064,edge_multihop,test,1.0,0.9004321873399058,0.75,0.8834773957799685,360.5612938404083
N7_E11a_T12b,N7,amazon_edge_065,edge_multihop,train,1.0,0.0,0.25,0.4166666666666667,360.5612938404083
N7_E11a_T12b,N7,amazon_edge_066,edge_multihop,train,1.0,0.0,0.0,0.3333333333333333,360.5612938404083
N7_E11a_T12b,N7,amazon_edge_067,edge_multihop,train,1.0,0.0,0.0,0.3333333333333333,360.5612938404083
N7_E11a_T12b,N7,amazon_edge_068,edge_multihop,test,1.0,0.0,0.0,0.3333333333333333,360.5612938404083
N7_E11a_T12b,N7,amazon_edge_069,edge_multihop,test,1.0,0.0,0.0,0.3333333333333333,360.5612938404083
N7_E11a_T12b,N7,amazon_edge_070,edge_multihop,test,1.0,0.0,0.0,0.3333333333333333,360.5612938404083
N7_E11a_T12b,N7,amazon_edge_071,edge_multihop,test,0.75,0.0,0.0,0.25,360.5612938404083
N7_E11a_T12b,N7,amazon_edge_072,edge_multihop,test,1.0,0.8913149363041905,0.5,0.7971049787680635,360.5612938404083
N7_E11a_T12b,N7,amazon_edge_073,edge_multihop,train,0.75,0.0,0.0,0.25,360.5612938404083
N7_E11a_T12b,N7,amazon_edge_074,edge_multihop,train,0.8888888888888888,0.8903564164589596,1.0,0.9264151017826161,360.5612938404083
N7_E11a_T12b,N7,amazon_edge_075,edge_multihop,train,1.0,0.0,0.0,0.3333333333333333,360.5612938404083
N7_E11a_T12b,N7,amazon_edge_076,edge_multihop,train,1.0,0.0,0.0,0.3333333333333333,360.5612938404083
N7_E11a_T12b,N7,amazon_edge_077,edge_multihop,test,0.6,0.828429012259224,0.5,0.6428096707530747,360.5612938404083
N7_E11a_T12b,N7,amazon_edge_078,edge_multihop,train,0.8,0.0,0.75,0.5166666666666667,360.5612938404083
N7_E11a_T12b,N7,amazon_edge_079,edge_multihop,train,1.0,0.8707761956504368,0.0,0.6235920652168123,360.5612938404083
N7_E11a_T12b,N7,amazon_edge_080,edge_multihop,test,0.7142857142857143,0.8725897507253557,0.5,0.69562515500369,360.5612938404083
N7_E11a_T12b,N7,amazon_edge_081,edge_multihop,train,0.3333333333333333,0.832178250865735,0.5,0.5551705280663561,360.5612938404083
N7_E11a_T12b,N7,amazon_edge_082,edge_multihop,train,1.0,0.8842859971230451,0.5,0.7947619990410151,360.5612938404083
N7_E11a_T12b,N7,amazon_edge_083,edge_multihop,train,0.5,0.0,0.0,0.16666666666666666,360.5612938404083
N7_E11a_T12b,N7,amazon_edge_084,edge_multihop,test,1.0,0.8898259068281003,0.75,0.8799419689427,360.5612938404083
N7_E11a_T12b,N7,amazon_edge_085,edge_multihop,train,1.0,0.0,0.25,0.4166666666666667,360.5612938404083
N7_E11a_T12b,N7,amazon_edge_086,edge_multihop,train,0.75,0.8809818501175375,1.0,0.8769939500391791,360.5612938404083
N7_E11a_T12b,N7,amazon_edge_087,edge_multihop,train,0.5,0.9114285430304119,0.5,0.637142847676804,360.5612938404083
N7_E11a_T12b,N7,amazon_edge_088,edge_multihop,train,1.0,0.0,0.0,0.3333333333333333,360.5612938404083
N7_E11a_T12b,N7,amazon_edge_089,edge_multihop,train,0.75,0.0,0.75,0.5,360.5612938404083
N7_E11a_T12b,N7,amazon_edge_090,edge_multihop,train,0.5,0.0,0.0,0.16666666666666666,360.5612938404083
N7_E11a_T12b,N7,amazon_edge_091,edge_multihop,test,0.6666666666666666,0.0,0.0,0.2222222222222222,360.5612938404083
N7_E11a_T12b,N7,amazon_edge_092,edge_multihop,test,1.0,0.0,0.0,0.3333333333333333,360.5612938404083
N7_E11a_T12b,N7,amazon_edge_093,edge_multihop,train,1.0,0.929635075709068,0.75,0.8932116919030227,360.5612938404083
N7_E11a_T12b,N7,amazon_edge_094,edge_multihop,test,0.8333333333333334,0.8246535135547973,0.5,0.7193289489627102,360.5612938404083
N7_E11a_T12b,N7,amazon_edge_095,edge_multihop,test,1.0,0.7872993314227851,0.25,0.6790997771409284,360.5612938404083
N7_E11a_T12b,N7,amazon_edge_096,edge_multihop,test,1.0,0.0,0.0,0.3333333333333333,360.5612938404083
N7_E11a_T12b,N7,amazon_edge_097,edge_multihop,test,1.0,0.0,0.75,0.5833333333333334,360.5612938404083
N7_E11a_T12b,N7,amazon_edge_098,edge_multihop,train,0.8888888888888888,0.9349681509108084,0.5,0.7746190132665657,360.5612938404083
N7_E11a_T12b,N7,amazon_edge_099,edge_multihop,train,1.0,0.0,0.0,0.3333333333333333,360.5612938404083
N7_E11a_T12b,N7,amazon_sh_083,single_specific,train,0.3333333333333333,0.9999958625189894,1.0,0.777776398617441,360.5612938404083
N7_E11a_T12b,N7,amazon_sh_084,single_specific,train,1.0,1.0,1.0,1.0,360.5612938404083
N7_E11a_T12b,N7,amazon_sh_085,single_specific,train,1.0,0.9254156948164016,1.0,0.9751385649388006,360.5612938404083
N7_E11a_T12b,N7,amazon_sh_086,single_specific,train,1.0,0.9600547748633476,1.0,0.9866849249544493,360.5612938404083
N7_E11a_T12b,N7,amazon_sh_087,single_specific,train,1.0,0.9266254395066221,1.0,0.9755418131688741,360.5612938404083
N7_E11a_T12b,N7,amazon_sh_088,single_specific,train,1.0,1.0,1.0,1.0,360.5612938404083
N7_E11a_T12b,N7,amazon_sh_089,single_specific,test,1.0,0.9210476581775302,1.0,0.9736825527258434,360.5612938404083
N7_E11a_T12b,N7,amazon_sh_090,single_specific,test,1.0,0.8844289446461552,1.0,0.9614763148820518,360.5612938404083
N7_E11a_T12b,N7,amazon_sh_091,single_specific,test,0.6,0.8720884115665698,1.0,0.8240294705221899,360.5612938404083
N7_E11a_T12b,N7,amazon_sh_092,single_specific,train,1.0,0.885773767047037,1.0,0.961924589015679,360.5612938404083
N7_E11a_T12b,N7,amazon_sh_093,single_specific,train,1.0,0.8045623257775499,1.0,0.9348541085925167,360.5612938404083
N7_E11a_T12b,N7,amazon_sh_094,single_specific,train,1.0,0.0,0.75,0.5833333333333334,360.5612938404083
N7_E11a_T12b,N7,amazon_sh_095,single_specific,test,0.8333333333333334,0.825773749196433,1.0,0.8863690275099221,360.5612938404083
N7_E11a_T12b,N7,amazon_sh_096,single_specific,test,1.0,0.7769220172812373,1.0,0.925640672427079,360.5612938404083
N7_E11a_T12b,N7,amazon_sh_097,single_specific,test,0.5,0.9161340153364538,1.0,0.8053780051121513,360.5612938404083
N7_E11a_T12b,N7,amazon_sh_098,single_specific,test,1.0,1.0000000000000002,1.0,1.0,360.5612938404083
N7_E11a_T12b,N7,amazon_sh_099,single_specific,train,1.0,0.9999996756082289,1.0,0.9999998918694096,360.5612938404083
N7_E11b_T12a,N7,amazon_agg_033,aggregate_cross_paper,train,1.0,0.7981368234238548,1.0,0.9327122744746182,330.21636414527893
N7_E11b_T12a,N7,amazon_agg_034,aggregate_cross_paper,train,1.0,0.7521185146769822,1.0,0.9173728382256607,330.21636414527893
N7_E11b_T12a,N7,amazon_agg_035,aggregate_cross_paper,train,0.75,0.5634983012380028,0.5,0.6044994337460009,330.21636414527893
N7_E11b_T12a,N7,amazon_agg_036,aggregate_cross_paper,test,0.2857142857142857,0.7730724066747902,1.0,0.6862622307963586,330.21636414527893
N7_E11b_T12a,N7,amazon_agg_037,aggregate_cross_paper,test,1.0,0.8109328318724758,1.0,0.9369776106241586,330.21636414527893
N7_E11b_T12a,N7,amazon_agg_038,aggregate_cross_paper,test,0.9,0.6248571579015291,1.0,0.8416190526338431,330.21636414527893
N7_E11b_T12a,N7,amazon_agg_039,aggregate_cross_paper,train,1.0,0.49779478040408714,1.0,0.8325982601346956,330.21636414527893
N7_E11b_T12a,N7,amazon_agg_040,aggregate_cross_paper,train,1.0,0.6175939988559324,1.0,0.8725313329519775,330.21636414527893
N7_E11b_T12a,N7,amazon_agg_041,aggregate_cross_paper,test,0.75,0.426321963269182,1.0,0.7254406544230606,330.21636414527893
N7_E11b_T12a,N7,amazon_agg_042,aggregate_cross_paper,train,0.6666666666666666,0.8744196754350778,1.0,0.8470287807005814,330.21636414527893
N7_E11b_T12a,N7,amazon_agg_043,aggregate_cross_paper,test,0.6666666666666666,0.8480731567143769,1.0,0.8382466077936811,330.21636414527893
N7_E11b_T12a,N7,amazon_agg_044,aggregate_cross_paper,train,0.5714285714285714,0.8158225075728328,1.0,0.7957503596671347,330.21636414527893
N7_E11b_T12a,N7,amazon_agg_045,aggregate_cross_paper,train,0.5,0.483833428172127,1.0,0.661277809390709,330.21636414527893
N7_E11b_T12a,N7,amazon_agg_046,aggregate_cross_paper,test,0.875,0.7484017258960644,1.0,0.8744672419653549,330.21636414527893
N7_E11b_T12a,N7,amazon_agg_047,aggregate_cross_paper,train,0.75,0.8596940790392814,1.0,0.8698980263464272,330.21636414527893
N7_E11b_T12a,N7,amazon_agg_048,aggregate_cross_paper,test,1.0,0.7321175868559427,1.0,0.9107058622853142,330.21636414527893
N7_E11b_T12a,N7,amazon_agg_049,aggregate_cross_paper,train,0.75,0.7284685741089131,1.0,0.8261561913696377,330.21636414527893
N7_E11b_T12a,N7,amazon_agg_050,aggregate_cross_paper,test,1.0,0.8296566691627565,1.0,0.9432188897209187,330.21636414527893
N7_E11b_T12a,N7,amazon_agg_051,aggregate_cross_paper,test,0.8181818181818182,0.7083539092570245,1.0,0.8421785758129475,330.21636414527893
N7_E11b_T12a,N7,amazon_agg_052,aggregate_cross_paper,test,0.625,0.39772783141196594,0.5,0.5075759438039886,330.21636414527893
N7_E11b_T12a,N7,amazon_agg_053,aggregate_cross_paper,train,0.8,0.8593984116921588,1.0,0.8864661372307197,330.21636414527893
N7_E11b_T12a,N7,amazon_agg_054,aggregate_cross_paper,test,0.5,0.6406295214294087,1.0,0.7135431738098029,330.21636414527893
N7_E11b_T12a,N7,amazon_agg_055,aggregate_cross_paper,train,0.8333333333333334,0.8094246184744828,1.0,0.8809193172692721,330.21636414527893
N7_E11b_T12a,N7,amazon_agg_056,aggregate_cross_paper,test,0.5,0.7869514334178003,1.0,0.7623171444726001,330.21636414527893
N7_E11b_T12a,N7,amazon_agg_057,aggregate_cross_paper,test,1.0,0.9107529183909627,1.0,0.9702509727969876,330.21636414527893
N7_E11b_T12a,N7,amazon_agg_058,aggregate_cross_paper,test,0.8571428571428571,0.6093720423506549,1.0,0.8221716331645039,330.21636414527893
N7_E11b_T12a,N7,amazon_agg_059,aggregate_cross_paper,test,1.0,0.4111850348592045,1.0,0.8037283449530682,330.21636414527893
N7_E11b_T12a,N7,amazon_agg_060,aggregate_cross_paper,test,1.0,0.40932099296136526,1.0,0.8031069976537885,330.21636414527893
N7_E11b_T12a,N7,amazon_agg_061,aggregate_cross_paper,test,0.6,0.649996318444415,1.0,0.7499987728148051,330.21636414527893
N7_E11b_T12a,N7,amazon_agg_062,aggregate_cross_paper,train,0.8,0.8307282373679734,1.0,0.8769094124559912,330.21636414527893
N7_E11b_T12a,N7,amazon_agg_063,aggregate_cross_paper,test,0.5714285714285714,0.7836624070944603,1.0,0.7850303261743439,330.21636414527893
N7_E11b_T12a,N7,amazon_agg_064,aggregate_cross_paper,test,0.8,0.5705843521520616,1.0,0.7901947840506872,330.21636414527893
N7_E11b_T12a,N7,amazon_agg_065,aggregate_cross_paper,train,1.0,0.45923111417473506,1.0,0.8197437047249116,330.21636414527893
N7_E11b_T12a,N7,amazon_agg_066,aggregate_cross_paper,train,1.0,0.4640121355303621,1.0,0.8213373785101208,330.21636414527893
N7_E11b_T12a,N7,amazon_agg_067,aggregate_cross_paper,test,1.0,0.44842447494341564,1.0,0.8161414916478051,330.21636414527893
N7_E11b_T12a,N7,amazon_agg_068,aggregate_cross_paper,test,0.75,0.39849042110807176,0.75,0.6328301403693573,330.21636414527893
N7_E11b_T12a,N7,amazon_agg_069,aggregate_cross_paper,train,0.3333333333333333,0.8088938310150782,1.0,0.7140757214494705,330.21636414527893
N7_E11b_T12a,N7,amazon_agg_070,aggregate_cross_paper,train,1.0,0.787853304353117,1.0,0.9292844347843724,330.21636414527893
N7_E11b_T12a,N7,amazon_agg_071,aggregate_cross_paper,test,0.875,0.5811884160795571,1.0,0.818729472026519,330.21636414527893
N7_E11b_T12a,N7,amazon_agg_072,aggregate_cross_paper,train,0.6666666666666666,0.7115936912650521,1.0,0.7927534526439063,330.21636414527893
N7_E11b_T12a,N7,amazon_agg_073,aggregate_cross_paper,train,0.8,0.7432426711843788,1.0,0.8477475570614597,330.21636414527893
N7_E11b_T12a,N7,amazon_agg_074,aggregate_cross_paper,test,0.4,0.5608891757754124,1.0,0.6536297252584707,330.21636414527893
N7_E11b_T12a,N7,amazon_agg_075,aggregate_cross_paper,test,1.0,0.8541486368002338,1.0,0.9513828789334112,330.21636414527893
N7_E11b_T12a,N7,amazon_agg_076,aggregate_cross_paper,train,0.3333333333333333,0.6980143056611942,1.0,0.6771158796648425,330.21636414527893
N7_E11b_T12a,N7,amazon_agg_077,aggregate_cross_paper,train,0.6,0.44583032928716243,1.0,0.6819434430957209,330.21636414527893
N7_E11b_T12a,N7,amazon_agg_078,aggregate_cross_paper,test,0.6666666666666666,0.5784421095620161,1.0,0.7483695920762276,330.21636414527893
N7_E11b_T12a,N7,amazon_agg_079,aggregate_cross_paper,test,0.2857142857142857,0.8119436190723913,0.75,0.6158859682622256,330.21636414527893
N7_E11b_T12a,N7,amazon_agg_080,aggregate_cross_paper,train,0.42857142857142855,0.8899584657866698,1.0,0.7728432981193661,330.21636414527893
N7_E11b_T12a,N7,amazon_agg_081,aggregate_cross_paper,train,1.0,0.369084271583771,1.0,0.7896947571945904,330.21636414527893
N7_E11b_T12a,N7,amazon_agg_082,aggregate_cross_paper,test,1.0,0.0,0.0,0.3333333333333333,330.21636414527893
N7_E11b_T12a,N7,amazon_agg_083,aggregate_cross_paper,train,0.6,0.4346292653813668,0.5,0.5115430884604556,330.21636414527893
N7_E11b_T12a,N7,amazon_agg_084,aggregate_cross_paper,test,0.75,0.6883055971224018,0.75,0.7294351990408007,330.21636414527893
N7_E11b_T12a,N7,amazon_agg_085,aggregate_cross_paper,train,0.75,0.7361415416289159,0.75,0.7453805138763053,330.21636414527893
N7_E11b_T12a,N7,amazon_agg_086,aggregate_cross_paper,test,1.0,0.9255605190561812,1.0,0.9751868396853937,330.21636414527893
N7_E11b_T12a,N7,amazon_agg_087,aggregate_cross_paper,test,0.2857142857142857,0.8524390907779911,1.0,0.7127177921640923,330.21636414527893
N7_E11b_T12a,N7,amazon_agg_088,aggregate_cross_paper,train,0.5,0.5468231320028056,1.0,0.6822743773342687,330.21636414527893
N7_E11b_T12a,N7,amazon_agg_089,aggregate_cross_paper,test,0.5,0.6452296889299436,1.0,0.7150765629766479,330.21636414527893
N7_E11b_T12a,N7,amazon_agg_090,aggregate_cross_paper,train,0.8571428571428571,0.8885227824589977,1.0,0.915221879867285,330.21636414527893
N7_E11b_T12a,N7,amazon_agg_091,aggregate_cross_paper,test,0.75,0.45614686037312574,0.75,0.6520489534577086,330.21636414527893
N7_E11b_T12a,N7,amazon_agg_092,aggregate_cross_paper,test,1.0,0.4956201374192657,1.0,0.8318733791397553,330.21636414527893
N7_E11b_T12a,N7,amazon_agg_093,aggregate_cross_paper,train,0.5714285714285714,0.5313699708266314,1.0,0.700932847418401,330.21636414527893
N7_E11b_T12a,N7,amazon_agg_094,aggregate_cross_paper,test,0.2,0.8106181546099945,1.0,0.6702060515366649,330.21636414527893
N7_E11b_T12a,N7,amazon_agg_095,aggregate_cross_paper,train,0.8,0.772176499759745,0.75,0.7740588332532483,330.21636414527893
N7_E11b_T12a,N7,amazon_agg_096,aggregate_cross_paper,train,0.7777777777777778,0.5484208762657027,1.0,0.7753995513478268,330.21636414527893
N7_E11b_T12a,N7,amazon_agg_097,aggregate_cross_paper,test,0.5714285714285714,0.5888364193348681,1.0,0.7200883302544798,330.21636414527893
N7_E11b_T12a,N7,amazon_agg_098,aggregate_cross_paper,test,1.0,0.4965234903406335,1.0,0.8321744967802113,330.21636414527893
N7_E11b_T12a,N7,amazon_agg_099,aggregate_cross_paper,test,0.8333333333333334,0.8639059480564498,0.5,0.7324130937965944,330.21636414527893
N7_E11b_T12a,N7,amazon_edge_034,edge_multihop,test,1.0,0.0,0.0,0.3333333333333333,330.21636414527893
N7_E11b_T12a,N7,amazon_edge_035,edge_multihop,test,1.0,0.0,0.0,0.3333333333333333,330.21636414527893
N7_E11b_T12a,N7,amazon_edge_036,edge_multihop,test,1.0,0.0,0.0,0.3333333333333333,330.21636414527893
N7_E11b_T12a,N7,amazon_edge_037,edge_multihop,train,1.0,0.0,0.0,0.3333333333333333,330.21636414527893
N7_E11b_T12a,N7,amazon_edge_038,edge_multihop,test,1.0,0.0,0.0,0.3333333333333333,330.21636414527893
N7_E11b_T12a,N7,amazon_edge_039,edge_multihop,train,0.6666666666666666,0.0,0.0,0.2222222222222222,330.21636414527893
N7_E11b_T12a,N7,amazon_edge_040,edge_multihop,test,1.0,0.0,0.0,0.3333333333333333,330.21636414527893
N7_E11b_T12a,N7,amazon_edge_041,edge_multihop,test,1.0,0.0,0.0,0.3333333333333333,330.21636414527893
N7_E11b_T12a,N7,amazon_edge_042,edge_multihop,test,0.6666666666666666,0.9299114504564082,0.5,0.6988593723743582,330.21636414527893
N7_E11b_T12a,N7,amazon_edge_043,edge_multihop,test,1.0,0.0,0.0,0.3333333333333333,330.21636414527893
N7_E11b_T12a,N7,amazon_edge_044,edge_multihop,test,0.8571428571428571,0.8637168573676659,1.0,0.9069532381701744,330.21636414527893
N7_E11b_T12a,N7,amazon_edge_045,edge_multihop,train,1.0,0.7650773923608147,0.5,0.7550257974536049,330.21636414527893
N7_E11b_T12a,N7,amazon_edge_046,edge_multihop,test,1.0,0.0,0.5,0.5,330.21636414527893
N7_E11b_T12a,N7,amazon_edge_047,edge_multihop,test,0.375,0.8794946676049141,0.25,0.5014982225349714,330.21636414527893
N7_E11b_T12a,N7,amazon_edge_048,edge_multihop,train,0.6666666666666666,0.0,0.0,0.2222222222222222,330.21636414527893
N7_E11b_T12a,N7,amazon_edge_049,edge_multihop,train,1.0,0.862988618033046,0.0,0.6209962060110154,330.21636414527893
N7_E11b_T12a,N7,amazon_edge_050,edge_multihop,test,1.0,0.9086009193388902,0.0,0.6362003064462968,330.21636414527893
N7_E11b_T12a,N7,amazon_edge_051,edge_multihop,test,1.0,0.0,0.0,0.3333333333333333,330.21636414527893
N7_E11b_T12a,N7,amazon_edge_052,edge_multihop,train,0.6,0.8731556968462837,0.25,0.5743852322820945,330.21636414527893
N7_E11b_T12a,N7,amazon_edge_053,edge_multihop,train,0.8333333333333334,0.8945941170109627,0.0,0.5759758167814321,330.21636414527893
N7_E11b_T12a,N7,amazon_edge_054,edge_multihop,train,1.0,0.0,0.0,0.3333333333333333,330.21636414527893
N7_E11b_T12a,N7,amazon_edge_055,edge_multihop,train,1.0,0.8249092095250857,1.0,0.9416364031750285,330.21636414527893
N7_E11b_T12a,N7,amazon_edge_056,edge_multihop,train,1.0,0.0,0.0,0.3333333333333333,330.21636414527893
N7_E11b_T12a,N7,amazon_edge_057,edge_multihop,train,1.0,0.8077924421367034,1.0,0.9359308140455678,330.21636414527893
N7_E11b_T12a,N7,amazon_edge_058,edge_multihop,train,0.6666666666666666,0.87303718702369,0.5,0.6799012845634523,330.21636414527893
N7_E11b_T12a,N7,amazon_edge_059,edge_multihop,train,0.6666666666666666,0.0,0.0,0.2222222222222222,330.21636414527893
N7_E11b_T12a,N7,amazon_edge_060,edge_multihop,train,1.0,0.0,0.0,0.3333333333333333,330.21636414527893
N7_E11b_T12a,N7,amazon_edge_061,edge_multihop,test,1.0,0.0,0.5,0.5,330.21636414527893
N7_E11b_T12a,N7,amazon_edge_062,edge_multihop,test,1.0,0.0,1.0,0.6666666666666666,330.21636414527893
N7_E11b_T12a,N7,amazon_edge_063,edge_multihop,train,1.0,0.0,0.0,0.3333333333333333,330.21636414527893
N7_E11b_T12a,N7,amazon_edge_064,edge_multihop,test,1.0,0.9387298298766713,1.0,0.9795766099588904,330.21636414527893
N7_E11b_T12a,N7,amazon_edge_065,edge_multihop,train,1.0,0.0,0.0,0.3333333333333333,330.21636414527893
N7_E11b_T12a,N7,amazon_edge_066,edge_multihop,train,1.0,0.0,0.0,0.3333333333333333,330.21636414527893
N7_E11b_T12a,N7,amazon_edge_067,edge_multihop,train,1.0,0.0,0.0,0.3333333333333333,330.21636414527893
N7_E11b_T12a,N7,amazon_edge_068,edge_multihop,test,1.0,0.0,0.0,0.3333333333333333,330.21636414527893
N7_E11b_T12a,N7,amazon_edge_069,edge_multihop,test,0.6666666666666666,0.9192840181429762,0.0,0.528650228269881,330.21636414527893
N7_E11b_T12a,N7,amazon_edge_070,edge_multihop,test,1.0,0.0,0.25,0.4166666666666667,330.21636414527893
N7_E11b_T12a,N7,amazon_edge_071,edge_multihop,test,1.0,0.0,0.0,0.3333333333333333,330.21636414527893
N7_E11b_T12a,N7,amazon_edge_072,edge_multihop,test,1.0,0.0,0.0,0.3333333333333333,330.21636414527893
N7_E11b_T12a,N7,amazon_edge_073,edge_multihop,train,0.6,0.9120640803424125,0.0,0.5040213601141375,330.21636414527893
N7_E11b_T12a,N7,amazon_edge_074,edge_multihop,train,0.7142857142857143,0.8633797450762476,1.0,0.8592218197873206,330.21636414527893
N7_E11b_T12a,N7,amazon_edge_075,edge_multihop,train,1.0,0.0,0.0,0.3333333333333333,330.21636414527893
N7_E11b_T12a,N7,amazon_edge_076,edge_multihop,train,1.0,0.0,0.0,0.3333333333333333,330.21636414527893
N7_E11b_T12a,N7,amazon_edge_077,edge_multihop,test,1.0,0.8844821030100536,0.0,0.6281607010033512,330.21636414527893
N7_E11b_T12a,N7,amazon_edge_078,edge_multihop,train,1.0,0.0,0.0,0.3333333333333333,330.21636414527893
N7_E11b_T12a,N7,amazon_edge_079,edge_multihop,train,1.0,0.0,0.0,0.3333333333333333,330.21636414527893
N7_E11b_T12a,N7,amazon_edge_080,edge_multihop,test,1.0,0.0,0.0,0.3333333333333333,330.21636414527893
N7_E11b_T12a,N7,amazon_edge_081,edge_multihop,train,0.0,0.836459265405333,0.25,0.3621530884684443,330.21636414527893
N7_E11b_T12a,N7,amazon_edge_082,edge_multihop,train,1.0,0.8856694442084008,0.0,0.6285564814028003,330.21636414527893
N7_E11b_T12a,N7,amazon_edge_083,edge_multihop,train,1.0,0.0,0.0,0.3333333333333333,330.21636414527893
N7_E11b_T12a,N7,amazon_edge_084,edge_multihop,test,1.0,0.0,0.0,0.3333333333333333,330.21636414527893
N7_E11b_T12a,N7,amazon_edge_085,edge_multihop,train,1.0,0.0,0.0,0.3333333333333333,330.21636414527893
N7_E11b_T12a,N7,amazon_edge_086,edge_multihop,train,1.0,0.0,0.0,0.3333333333333333,330.21636414527893
N7_E11b_T12a,N7,amazon_edge_087,edge_multihop,train,0.75,0.0,0.0,0.25,330.21636414527893
N7_E11b_T12a,N7,amazon_edge_088,edge_multihop,train,1.0,0.0,0.5,0.5,330.21636414527893
N7_E11b_T12a,N7,amazon_edge_089,edge_multihop,train,1.0,0.826309726765827,0.25,0.6921032422552758,330.21636414527893
N7_E11b_T12a,N7,amazon_edge_090,edge_multihop,train,1.0,0.0,0.0,0.3333333333333333,330.21636414527893
N7_E11b_T12a,N7,amazon_edge_091,edge_multihop,test,1.0,0.0,0.0,0.3333333333333333,330.21636414527893
N7_E11b_T12a,N7,amazon_edge_092,edge_multihop,test,1.0,0.0,0.0,0.3333333333333333,330.21636414527893
N7_E11b_T12a,N7,amazon_edge_093,edge_multihop,train,0.8571428571428571,0.8755021868077831,0.75,0.8275483479835467,330.21636414527893
N7_E11b_T12a,N7,amazon_edge_094,edge_multihop,test,0.5,0.7819664003153456,1.0,0.7606554667717819,330.21636414527893
N7_E11b_T12a,N7,amazon_edge_095,edge_multihop,test,0.625,0.8656535744447349,0.0,0.49688452481491163,330.21636414527893
N7_E11b_T12a,N7,amazon_edge_096,edge_multihop,test,1.0,0.0,0.0,0.3333333333333333,330.21636414527893
N7_E11b_T12a,N7,amazon_edge_097,edge_multihop,test,1.0,0.0,0.5,0.5,330.21636414527893
N7_E11b_T12a,N7,amazon_edge_098,edge_multihop,train,1.0,0.8621345744577487,0.25,0.7040448581525829,330.21636414527893
N7_E11b_T12a,N7,amazon_edge_099,edge_multihop,train,0.6666666666666666,0.0,0.0,0.2222222222222222,330.21636414527893
N7_E11b_T12a,N7,amazon_sh_083,single_specific,train,1.0,0.0,0.25,0.4166666666666667,330.21636414527893
N7_E11b_T12a,N7,amazon_sh_084,single_specific,train,1.0,1.0,1.0,1.0,330.21636414527893
N7_E11b_T12a,N7,amazon_sh_085,single_specific,train,1.0,0.7773129072194442,0.0,0.5924376357398148,330.21636414527893
N7_E11b_T12a,N7,amazon_sh_086,single_specific,train,1.0,0.0,0.0,0.3333333333333333,330.21636414527893
N7_E11b_T12a,N7,amazon_sh_087,single_specific,train,1.0,0.0,0.0,0.3333333333333333,330.21636414527893
N7_E11b_T12a,N7,amazon_sh_088,single_specific,train,1.0,0.9999995601726667,1.0,0.9999998533908889,330.21636414527893
N7_E11b_T12a,N7,amazon_sh_089,single_specific,test,0.5,0.4918478016682011,0.0,0.33061593388940036,330.21636414527893
N7_E11b_T12a,N7,amazon_sh_090,single_specific,test,1.0,0.8671273281942449,1.0,0.9557091093980817,330.21636414527893
N7_E11b_T12a,N7,amazon_sh_091,single_specific,test,0.6,0.8720821885903745,1.0,0.8240273961967914,330.21636414527893
N7_E11b_T12a,N7,amazon_sh_092,single_specific,train,0.6,0.8097833385404081,1.0,0.8032611128468027,330.21636414527893
N7_E11b_T12a,N7,amazon_sh_093,single_specific,train,0.3333333333333333,0.8045762208701893,0.0,0.3793031847345076,330.21636414527893
N7_E11b_T12a,N7,amazon_sh_094,single_specific,train,1.0,0.0,0.75,0.5833333333333334,330.21636414527893
N7_E11b_T12a,N7,amazon_sh_095,single_specific,test,0.8333333333333334,0.8212911656342056,1.0,0.8848748329891797,330.21636414527893
N7_E11b_T12a,N7,amazon_sh_096,single_specific,test,1.0,0.6428741396150878,1.0,0.8809580465383626,330.21636414527893
N7_E11b_T12a,N7,amazon_sh_097,single_specific,test,0.5,0.9597787506813218,1.0,0.8199262502271072,330.21636414527893
N7_E11b_T12a,N7,amazon_sh_098,single_specific,test,0.0,0.999999666360293,1.0,0.666666555453431,330.21636414527893
N7_E11b_T12a,N7,amazon_sh_099,single_specific,train,1.0,1.0,1.0,1.0,330.21636414527893
N7_E11b_T12b,N7,amazon_agg_033,aggregate_cross_paper,train,0.8,0.7981368234238548,1.0,0.8660456078079516,365.4762179851532
N7_E11b_T12b,N7,amazon_agg_034,aggregate_cross_paper,train,1.0,0.7521185146769822,1.0,0.9173728382256607,365.4762179851532
N7_E11b_T12b,N7,amazon_agg_035,aggregate_cross_paper,train,0.75,0.563572770557572,0.5,0.6045242568525241,365.4762179851532
N7_E11b_T12b,N7,amazon_agg_036,aggregate_cross_paper,test,0.4,0.8291204801026761,1.0,0.7430401600342255,365.4762179851532
N7_E11b_T12b,N7,amazon_agg_037,aggregate_cross_paper,test,1.0,0.8109042658365152,1.0,0.9369680886121717,365.4762179851532
N7_E11b_T12b,N7,amazon_agg_038,aggregate_cross_paper,test,1.0,0.6248850874185029,1.0,0.8749616958061677,365.4762179851532
N7_E11b_T12b,N7,amazon_agg_039,aggregate_cross_paper,train,1.0,0.4977758634327382,1.0,0.8325919544775795,365.4762179851532
N7_E11b_T12b,N7,amazon_agg_040,aggregate_cross_paper,train,1.0,0.6175727062201342,1.0,0.8725242354067113,365.4762179851532
N7_E11b_T12b,N7,amazon_agg_041,aggregate_cross_paper,test,0.75,0.42768379542220836,1.0,0.7258945984740693,365.4762179851532
N7_E11b_T12b,N7,amazon_agg_042,aggregate_cross_paper,train,1.0,0.8724010834540413,1.0,0.9574670278180138,365.4762179851532
N7_E11b_T12b,N7,amazon_agg_043,aggregate_cross_paper,test,0.6,0.8241255965417298,1.0,0.80804186551391,365.4762179851532
N7_E11b_T12b,N7,amazon_agg_044,aggregate_cross_paper,train,0.42857142857142855,0.8210474217101827,1.0,0.7498729500938704,365.4762179851532
N7_E11b_T12b,N7,amazon_agg_045,aggregate_cross_paper,train,0.25,0.5013671772077233,1.0,0.5837890590692411,365.4762179851532
N7_E11b_T12b,N7,amazon_agg_046,aggregate_cross_paper,test,0.8888888888888888,0.7104614221958574,1.0,0.8664501036949154,365.4762179851532
N7_E11b_T12b,N7,amazon_agg_047,aggregate_cross_paper,train,0.75,0.8611274868324412,1.0,0.8703758289441471,365.4762179851532
N7_E11b_T12b,N7,amazon_agg_048,aggregate_cross_paper,test,0.8,0.6981804495133073,1.0,0.8327268165044357,365.4762179851532
N7_E11b_T12b,N7,amazon_agg_049,aggregate_cross_paper,train,0.5,0.7284685741089131,1.0,0.7428228580363044,365.4762179851532
N7_E11b_T12b,N7,amazon_agg_050,aggregate_cross_paper,test,1.0,0.829642972231801,1.0,0.943214324077267,365.4762179851532
N7_E11b_T12b,N7,amazon_agg_051,aggregate_cross_paper,test,0.8333333333333334,0.7083539092570245,1.0,0.8472290808634527,365.4762179851532
N7_E11b_T12b,N7,amazon_agg_052,aggregate_cross_paper,test,0.5,0.3976853798683009,0.5,0.46589512662276694,365.4762179851532
N7_E11b_T12b,N7,amazon_agg_053,aggregate_cross_paper,train,0.5,0.8498919323891317,1.0,0.7832973107963772,365.4762179851532
N7_E11b_T12b,N7,amazon_agg_054,aggregate_cross_paper,test,1.0,0.5640557105796171,1.0,0.8546852368598724,365.4762179851532
N7_E11b_T12b,N7,amazon_agg_055,aggregate_cross_paper,train,0.8333333333333334,0.8175133594029204,1.0,0.8836155642454179,365.4762179851532
N7_E11b_T12b,N7,amazon_agg_056,aggregate_cross_paper,test,0.4444444444444444,0.7869117359750173,1.0,0.7437853934731539,365.4762179851532
N7_E11b_T12b,N7,amazon_agg_057,aggregate_cross_paper,test,1.0,0.9107529183909627,1.0,0.9702509727969876,365.4762179851532
N7_E11b_T12b,N7,amazon_agg_058,aggregate_cross_paper,test,0.8571428571428571,0.5564470398408354,1.0,0.8045299656612309,365.4762179851532
N7_E11b_T12b,N7,amazon_agg_059,aggregate_cross_paper,test,1.0,0.41118887436882495,1.0,0.8037296247896083,365.4762179851532
N7_E11b_T12b,N7,amazon_agg_060,aggregate_cross_paper,test,1.0,0.45410304453858163,1.0,0.8180343481795272,365.4762179851532
N7_E11b_T12b,N7,amazon_agg_061,aggregate_cross_paper,test,0.8,0.6969957090855653,1.0,0.8323319030285218,365.4762179851532
N7_E11b_T12b,N7,amazon_agg_062,aggregate_cross_paper,train,0.7142857142857143,0.7659903979243893,1.0,0.8267587040700345,365.4762179851532
N7_E11b_T12b,N7,amazon_agg_063,aggregate_cross_paper,test,0.5714285714285714,0.7646276757306498,1.0,0.7786854157197404,365.4762179851532
N7_E11b_T12b,N7,amazon_agg_064,aggregate_cross_paper,test,0.8,0.5705843521520616,1.0,0.7901947840506872,365.4762179851532
N7_E11b_T12b,N7,amazon_agg_065,aggregate_cross_paper,train,1.0,0.48702449542954956,1.0,0.8290081651431832,365.4762179851532
N7_E11b_T12b,N7,amazon_agg_066,aggregate_cross_paper,train,1.0,0.5422395600943716,1.0,0.8474131866981239,365.4762179851532
N7_E11b_T12b,N7,amazon_agg_067,aggregate_cross_paper,test,0.75,0.5788330287482092,1.0,0.776277676249403,365.4762179851532
N7_E11b_T12b,N7,amazon_agg_068,aggregate_cross_paper,test,0.75,0.398489069536931,0.75,0.6328296898456437,365.4762179851532
N7_E11b_T12b,N7,amazon_agg_069,aggregate_cross_paper,train,0.3333333333333333,0.8089207395862128,1.0,0.7140846909731821,365.4762179851532
N7_E11b_T12b,N7,amazon_agg_070,aggregate_cross_paper,train,1.0,0.8297450715779114,1.0,0.9432483571926372,365.4762179851532
N7_E11b_T12b,N7,amazon_agg_071,aggregate_cross_paper,test,0.8571428571428571,0.5841713793580543,1.0,0.8137714121669705,365.4762179851532
N7_E11b_T12b,N7,amazon_agg_072,aggregate_cross_paper,train,0.5,0.7104619275138413,1.0,0.7368206425046138,365.4762179851532
N7_E11b_T12b,N7,amazon_agg_073,aggregate_cross_paper,train,0.8,0.7432601148554687,1.0,0.8477533716184896,365.4762179851532
N7_E11b_T12b,N7,amazon_agg_074,aggregate_cross_paper,test,0.4,0.5609928037557125,1.0,0.6536642679185708,365.4762179851532
N7_E11b_T12b,N7,amazon_agg_075,aggregate_cross_paper,test,1.0,0.8541486368002338,1.0,0.9513828789334112,365.4762179851532
N7_E11b_T12b,N7,amazon_agg_076,aggregate_cross_paper,train,0.25,0.8784974648299522,1.0,0.7094991549433174,365.4762179851532
N7_E11b_T12b,N7,amazon_agg_077,aggregate_cross_paper,train,0.8,0.4458128874520297,1.0,0.7486042958173433,365.4762179851532
N7_E11b_T12b,N7,amazon_agg_078,aggregate_cross_paper,test,0.6666666666666666,0.5784116893452788,1.0,0.7483594520039819,365.4762179851532
N7_E11b_T12b,N7,amazon_agg_079,aggregate_cross_paper,test,0.4,0.8097935217140037,0.75,0.6532645072380012,365.4762179851532
N7_E11b_T12b,N7,amazon_agg_080,aggregate_cross_paper,train,1.0,0.8899519510707132,1.0,0.963317317023571,365.4762179851532
N7_E11b_T12b,N7,amazon_agg_081,aggregate_cross_paper,train,1.0,0.3691209337689903,1.0,0.7897069779229967,365.4762179851532
N7_E11b_T12b,N7,amazon_agg_082,aggregate_cross_paper,test,1.0,0.0,0.0,0.3333333333333333,365.4762179851532
N7_E11b_T12b,N7,amazon_agg_083,aggregate_cross_paper,train,0.4,0.43465347450550795,0.5,0.444884491501836,365.4762179851532
N7_E11b_T12b,N7,amazon_agg_084,aggregate_cross_paper,test,0.75,0.6883055971224018,0.75,0.7294351990408007,365.4762179851532
N7_E11b_T12b,N7,amazon_agg_085,aggregate_cross_paper,train,0.8571428571428571,0.7349714731748032,1.0,0.8640381101058868,365.4762179851532
N7_E11b_T12b,N7,amazon_agg_086,aggregate_cross_paper,test,1.0,0.9255619095164391,1.0,0.9751873031721464,365.4762179851532
N7_E11b_T12b,N7,amazon_agg_087,aggregate_cross_paper,test,0.14285714285714285,0.8524289279575968,1.0,0.6650953569382466,365.4762179851532
N7_E11b_T12b,N7,amazon_agg_088,aggregate_cross_paper,train,0.75,0.46526420312407724,1.0,0.738421401041359,365.4762179851532
N7_E11b_T12b,N7,amazon_agg_089,aggregate_cross_paper,test,0.6666666666666666,0.6729574550477792,1.0,0.7798747072381486,365.4762179851532
N7_E11b_T12b,N7,amazon_agg_090,aggregate_cross_paper,train,0.8,0.8885332807201992,1.0,0.8961777602400663,365.4762179851532
N7_E11b_T12b,N7,amazon_agg_091,aggregate_cross_paper,test,0.75,0.4798240268264435,0.75,0.6599413422754812,365.4762179851532
N7_E11b_T12b,N7,amazon_agg_092,aggregate_cross_paper,test,1.0,0.4956201374192657,1.0,0.8318733791397553,365.4762179851532
N7_E11b_T12b,N7,amazon_agg_093,aggregate_cross_paper,train,0.5714285714285714,0.5656141706796546,1.0,0.7123475807027421,365.4762179851532
N7_E11b_T12b,N7,amazon_agg_094,aggregate_cross_paper,test,0.8571428571428571,0.8347402097529069,1.0,0.8972943556319213,365.4762179851532
N7_E11b_T12b,N7,amazon_agg_095,aggregate_cross_paper,train,0.8,0.7721992436141232,1.0,0.8573997478713743,365.4762179851532
N7_E11b_T12b,N7,amazon_agg_096,aggregate_cross_paper,train,0.4444444444444444,0.5486905475503426,1.0,0.664378330664929,365.4762179851532
N7_E11b_T12b,N7,amazon_agg_097,aggregate_cross_paper,test,0.42857142857142855,0.5888771251682828,1.0,0.6724828512465705,365.4762179851532
N7_E11b_T12b,N7,amazon_agg_098,aggregate_cross_paper,test,1.0,0.4965234903406335,1.0,0.8321744967802113,365.4762179851532
N7_E11b_T12b,N7,amazon_agg_099,aggregate_cross_paper,test,0.6666666666666666,0.864430568664886,0.5,0.6770324117771841,365.4762179851532
N7_E11b_T12b,N7,amazon_edge_034,edge_multihop,test,1.0,0.0,0.0,0.3333333333333333,365.4762179851532
N7_E11b_T12b,N7,amazon_edge_035,edge_multihop,test,1.0,0.0,0.0,0.3333333333333333,365.4762179851532
N7_E11b_T12b,N7,amazon_edge_036,edge_multihop,test,1.0,0.0,0.0,0.3333333333333333,365.4762179851532
N7_E11b_T12b,N7,amazon_edge_037,edge_multihop,train,1.0,0.0,0.0,0.3333333333333333,365.4762179851532
N7_E11b_T12b,N7,amazon_edge_038,edge_multihop,test,1.0,0.0,0.0,0.3333333333333333,365.4762179851532
N7_E11b_T12b,N7,amazon_edge_039,edge_multihop,train,0.6666666666666666,0.0,0.0,0.2222222222222222,365.4762179851532
N7_E11b_T12b,N7,amazon_edge_040,edge_multihop,test,1.0,0.0,0.0,0.3333333333333333,365.4762179851532
N7_E11b_T12b,N7,amazon_edge_041,edge_multihop,test,1.0,0.0,0.0,0.3333333333333333,365.4762179851532
N7_E11b_T12b,N7,amazon_edge_042,edge_multihop,test,0.5,0.8761131545188228,0.5,0.6253710515062743,365.4762179851532
N7_E11b_T12b,N7,amazon_edge_043,edge_multihop,test,1.0,0.0,0.0,0.3333333333333333,365.4762179851532
N7_E11b_T12b,N7,amazon_edge_044,edge_multihop,test,0.8,0.8614324700092948,1.0,0.887144156669765,365.4762179851532
N7_E11b_T12b,N7,amazon_edge_045,edge_multihop,train,1.0,0.7650912416186707,0.0,0.5883637472062236,365.4762179851532
N7_E11b_T12b,N7,amazon_edge_046,edge_multihop,test,1.0,0.0,0.5,0.5,365.4762179851532
N7_E11b_T12b,N7,amazon_edge_047,edge_multihop,test,0.375,0.8629656864960691,0.25,0.49598856216535636,365.4762179851532
N7_E11b_T12b,N7,amazon_edge_048,edge_multihop,train,1.0,0.0,0.0,0.3333333333333333,365.4762179851532
N7_E11b_T12b,N7,amazon_edge_049,edge_multihop,train,1.0,0.8575342829191319,0.0,0.6191780943063773,365.4762179851532
N7_E11b_T12b,N7,amazon_edge_050,edge_multihop,test,0.8571428571428571,0.908607324324677,0.0,0.5885833938225113,365.4762179851532
N7_E11b_T12b,N7,amazon_edge_051,edge_multihop,test,1.0,0.0,0.0,0.3333333333333333,365.4762179851532
N7_E11b_T12b,N7,amazon_edge_052,edge_multihop,train,1.0,0.873159450900172,0.5,0.7910531503000574,365.4762179851532
N7_E11b_T12b,N7,amazon_edge_053,edge_multihop,train,1.0,0.887939466028513,0.0,0.6293131553428376,365.4762179851532
N7_E11b_T12b,N7,amazon_edge_054,edge_multihop,train,1.0,0.0,0.0,0.3333333333333333,365.4762179851532
N7_E11b_T12b,N7,amazon_edge_055,edge_multihop,train,1.0,0.8275932045981439,1.0,0.9425310681993814,365.4762179851532
N7_E11b_T12b,N7,amazon_edge_056,edge_multihop,train,1.0,0.0,0.0,0.3333333333333333,365.4762179851532
N7_E11b_T12b,N7,amazon_edge_057,edge_multihop,train,1.0,0.7893807750083063,1.0,0.9297935916694354,365.4762179851532
N7_E11b_T12b,N7,amazon_edge_058,edge_multihop,train,0.625,0.9098602010197357,0.5,0.6782867336732452,365.4762179851532
N7_E11b_T12b,N7,amazon_edge_059,edge_multihop,train,0.6666666666666666,0.0,0.0,0.2222222222222222,365.4762179851532
N7_E11b_T12b,N7,amazon_edge_060,edge_multihop,train,1.0,0.8661411442374263,0.0,0.6220470480791421,365.4762179851532
N7_E11b_T12b,N7,amazon_edge_061,edge_multihop,test,1.0,0.8053067095127533,0.5,0.7684355698375844,365.4762179851532
N7_E11b_T12b,N7,amazon_edge_062,edge_multihop,test,1.0,0.0,1.0,0.6666666666666666,365.4762179851532
N7_E11b_T12b,N7,amazon_edge_063,edge_multihop,train,1.0,0.0,0.0,0.3333333333333333,365.4762179851532
N7_E11b_T12b,N7,amazon_edge_064,edge_multihop,test,1.0,0.8913480758039206,1.0,0.9637826919346403,365.4762179851532
N7_E11b_T12b,N7,amazon_edge_065,edge_multihop,train,1.0,0.0,0.0,0.3333333333333333,365.4762179851532
N7_E11b_T12b,N7,amazon_edge_066,edge_multihop,train,1.0,0.0,0.0,0.3333333333333333,365.4762179851532
N7_E11b_T12b,N7,amazon_edge_067,edge_multihop,train,1.0,0.0,0.0,0.3333333333333333,365.4762179851532
N7_E11b_T12b,N7,amazon_edge_068,edge_multihop,test,1.0,0.0,0.0,0.3333333333333333,365.4762179851532
N7_E11b_T12b,N7,amazon_edge_069,edge_multihop,test,0.8,0.9192840181429762,0.0,0.5730946727143255,365.4762179851532
N7_E11b_T12b,N7,amazon_edge_070,edge_multihop,test,1.0,0.0,0.25,0.4166666666666667,365.4762179851532
N7_E11b_T12b,N7,amazon_edge_071,edge_multihop,test,1.0,0.0,0.0,0.3333333333333333,365.4762179851532
N7_E11b_T12b,N7,amazon_edge_072,edge_multihop,test,1.0,0.0,0.0,0.3333333333333333,365.4762179851532
N7_E11b_T12b,N7,amazon_edge_073,edge_multihop,train,0.4,0.9120640803424125,0.0,0.43735469344747085,365.4762179851532
N7_E11b_T12b,N7,amazon_edge_074,edge_multihop,train,0.8333333333333334,0.8687198007992981,1.0,0.9006843780442105,365.4762179851532
N7_E11b_T12b,N7,amazon_edge_075,edge_multihop,train,1.0,0.0,0.0,0.3333333333333333,365.4762179851532
N7_E11b_T12b,N7,amazon_edge_076,edge_multihop,train,1.0,0.0,0.0,0.3333333333333333,365.4762179851532
N7_E11b_T12b,N7,amazon_edge_077,edge_multihop,test,1.0,0.8844821030100536,0.0,0.6281607010033512,365.4762179851532
N7_E11b_T12b,N7,amazon_edge_078,edge_multihop,train,1.0,0.0,0.0,0.3333333333333333,365.4762179851532
N7_E11b_T12b,N7,amazon_edge_079,edge_multihop,train,1.0,0.0,0.0,0.3333333333333333,365.4762179851532
N7_E11b_T12b,N7,amazon_edge_080,edge_multihop,test,1.0,0.0,0.0,0.3333333333333333,365.4762179851532
N7_E11b_T12b,N7,amazon_edge_081,edge_multihop,train,0.2,0.8135910973071793,0.25,0.4211970324357264,365.4762179851532
N7_E11b_T12b,N7,amazon_edge_082,edge_multihop,train,1.0,0.8843082320456725,0.0,0.6281027440152241,365.4762179851532
N7_E11b_T12b,N7,amazon_edge_083,edge_multihop,train,1.0,0.0,0.0,0.3333333333333333,365.4762179851532
N7_E11b_T12b,N7,amazon_edge_084,edge_multihop,test,1.0,0.0,0.0,0.3333333333333333,365.4762179851532
N7_E11b_T12b,N7,amazon_edge_085,edge_multihop,train,1.0,0.0,0.0,0.3333333333333333,365.4762179851532
N7_E11b_T12b,N7,amazon_edge_086,edge_multihop,train,1.0,0.0,0.0,0.3333333333333333,365.4762179851532
N7_E11b_T12b,N7,amazon_edge_087,edge_multihop,train,0.25,0.7668965757968108,0.0,0.3389655252656036,365.4762179851532
N7_E11b_T12b,N7,amazon_edge_088,edge_multihop,train,1.0,0.0,0.5,0.5,365.4762179851532
N7_E11b_T12b,N7,amazon_edge_089,edge_multihop,train,1.0,0.8263004748597079,0.25,0.6921001582865692,365.4762179851532
N7_E11b_T12b,N7,amazon_edge_090,edge_multihop,train,1.0,0.0,0.0,0.3333333333333333,365.4762179851532
N7_E11b_T12b,N7,amazon_edge_091,edge_multihop,test,1.0,0.0,0.0,0.3333333333333333,365.4762179851532
N7_E11b_T12b,N7,amazon_edge_092,edge_multihop,test,1.0,0.0,0.0,0.3333333333333333,365.4762179851532
N7_E11b_T12b,N7,amazon_edge_093,edge_multihop,train,0.875,0.8781335043594883,0.75,0.8343778347864962,365.4762179851532
N7_E11b_T12b,N7,amazon_edge_094,edge_multihop,test,0.5,0.7677853680631334,1.0,0.7559284560210444,365.4762179851532
N7_E11b_T12b,N7,amazon_edge_095,edge_multihop,test,0.3333333333333333,0.8654356785220987,0.0,0.39958967061847733,365.4762179851532
N7_E11b_T12b,N7,amazon_edge_096,edge_multihop,test,1.0,0.0,0.0,0.3333333333333333,365.4762179851532
N7_E11b_T12b,N7,amazon_edge_097,edge_multihop,test,1.0,0.0,0.5,0.5,365.4762179851532
N7_E11b_T12b,N7,amazon_edge_098,edge_multihop,train,0.8333333333333334,0.8621345744577487,0.25,0.6484893025970274,365.4762179851532
N7_E11b_T12b,N7,amazon_edge_099,edge_multihop,train,0.6666666666666666,0.0,0.0,0.2222222222222222,365.4762179851532
N7_E11b_T12b,N7,amazon_sh_083,single_specific,train,1.0,0.0,0.25,0.4166666666666667,365.4762179851532
N7_E11b_T12b,N7,amazon_sh_084,single_specific,train,1.0,0.9999996187976354,1.0,0.9999998729325451,365.4762179851532
N7_E11b_T12b,N7,amazon_sh_085,single_specific,train,1.0,0.7670980593306371,0.0,0.5890326864435457,365.4762179851532
N7_E11b_T12b,N7,amazon_sh_086,single_specific,train,1.0,0.0,0.0,0.3333333333333333,365.4762179851532
N7_E11b_T12b,N7,amazon_sh_087,single_specific,train,1.0,0.0,0.0,0.3333333333333333,365.4762179851532
N7_E11b_T12b,N7,amazon_sh_088,single_specific,train,1.0,1.0,1.0,1.0,365.4762179851532
N7_E11b_T12b,N7,amazon_sh_089,single_specific,test,0.5,0.4918051103241821,0.0,0.330601703441394,365.4762179851532
N7_E11b_T12b,N7,amazon_sh_090,single_specific,test,1.0,0.8671550045231832,1.0,0.9557183348410611,365.4762179851532
N7_E11b_T12b,N7,amazon_sh_091,single_specific,test,0.6,0.8688234381295666,1.0,0.8229411460431889,365.4762179851532
N7_E11b_T12b,N7,amazon_sh_092,single_specific,train,0.6,0.8110711261987112,1.0,0.8036903753995704,365.4762179851532
N7_E11b_T12b,N7,amazon_sh_093,single_specific,train,0.3333333333333333,0.8046039780766128,0.0,0.3793124371366487,365.4762179851532
N7_E11b_T12b,N7,amazon_sh_094,single_specific,train,1.0,0.0,0.5,0.5,365.4762179851532
N7_E11b_T12b,N7,amazon_sh_095,single_specific,test,0.8571428571428571,0.8212773209450951,1.0,0.8928067260293174,365.4762179851532
N7_E11b_T12b,N7,amazon_sh_096,single_specific,test,1.0,0.6429056799407373,1.0,0.8809685599802458,365.4762179851532
N7_E11b_T12b,N7,amazon_sh_097,single_specific,test,0.5,0.9597787506813218,1.0,0.8199262502271072,365.4762179851532
N7_E11b_T12b,N7,amazon_sh_098,single_specific,test,1.0,1.0000000000000002,1.0,1.0,365.4762179851532
N7_E11b_T12b,N7,amazon_sh_099,single_specific,train,1.0,1.0,1.0,1.0,365.4762179851532
N8_E10a_T12a,N8,amazon_agg_033,aggregate_cross_paper,train,0.8571428571428571,0.8351296104316706,1.0,0.8974241558581758,327.1006438732147
N8_E10a_T12a,N8,amazon_agg_034,aggregate_cross_paper,train,0.5,0.6537892347194523,1.0,0.7179297449064842,327.1006438732147
N8_E10a_T12a,N8,amazon_agg_035,aggregate_cross_paper,train,0.5,0.0,0.5,0.3333333333333333,327.1006438732147
N8_E10a_T12a,N8,amazon_agg_036,aggregate_cross_paper,test,0.5714285714285714,0.7991044920799502,1.0,0.7901776878361738,327.1006438732147
N8_E10a_T12a,N8,amazon_agg_037,aggregate_cross_paper,test,1.0,0.5013997807466877,1.0,0.8337999269155626,327.1006438732147
N8_E10a_T12a,N8,amazon_agg_038,aggregate_cross_paper,test,0.8333333333333334,0.49389802706575,0.75,0.6924104534663611,327.1006438732147
N8_E10a_T12a,N8,amazon_agg_039,aggregate_cross_paper,train,0.3333333333333333,0.47345075935564396,1.0,0.6022613642296591,327.1006438732147
N8_E10a_T12a,N8,amazon_agg_040,aggregate_cross_paper,train,1.0,0.6175727062201342,1.0,0.8725242354067113,327.1006438732147
N8_E10a_T12a,N8,amazon_agg_041,aggregate_cross_paper,test,0.75,0.4249560674121677,1.0,0.7249853558040559,327.1006438732147
N8_E10a_T12a,N8,amazon_agg_042,aggregate_cross_paper,train,0.5,0.8643585222427408,1.0,0.788119507414247,327.1006438732147
N8_E10a_T12a,N8,amazon_agg_043,aggregate_cross_paper,test,0.25,0.7762664829508891,1.0,0.6754221609836297,327.1006438732147
N8_E10a_T12a,N8,amazon_agg_044,aggregate_cross_paper,train,0.75,0.48790918915830006,1.0,0.7459697297194333,327.1006438732147
N8_E10a_T12a,N8,amazon_agg_045,aggregate_cross_paper,train,0.5,0.48022324501388897,0.5,0.493407748337963,327.1006438732147
N8_E10a_T12a,N8,amazon_agg_046,aggregate_cross_paper,test,0.625,0.710783182800267,1.0,0.7785943942667557,327.1006438732147
N8_E10a_T12a,N8,amazon_agg_047,aggregate_cross_paper,train,0.75,0.8240512813432038,1.0,0.8580170937810679,327.1006438732147
N8_E10a_T12a,N8,amazon_agg_048,aggregate_cross_paper,test,1.0,0.45862996945464113,0.0,0.48620998981821373,327.1006438732147
N8_E10a_T12a,N8,amazon_agg_049,aggregate_cross_paper,train,0.42857142857142855,0.5029012766325182,1.0,0.6438242350679823,327.1006438732147
N8_E10a_T12a,N8,amazon_agg_050,aggregate_cross_paper,test,0.8571428571428571,0.8296548223197768,1.0,0.8955992264875446,327.1006438732147
N8_E10a_T12a,N8,amazon_agg_051,aggregate_cross_paper,test,0.8333333333333334,0.5841331644083928,1.0,0.8058221659139088,327.1006438732147
N8_E10a_T12a,N8,amazon_agg_052,aggregate_cross_paper,test,0.6,0.4278521620275568,1.0,0.6759507206758523,327.1006438732147
N8_E10a_T12a,N8,amazon_agg_053,aggregate_cross_paper,train,1.0,0.510137039499529,1.0,0.836712346499843,327.1006438732147
N8_E10a_T12a,N8,amazon_agg_054,aggregate_cross_paper,test,0.6,0.8486752031495374,1.0,0.8162250677165125,327.1006438732147
N8_E10a_T12a,N8,amazon_agg_055,aggregate_cross_paper,train,0.75,0.8938071409792755,0.75,0.7979357136597586,327.1006438732147
N8_E10a_T12a,N8,amazon_agg_056,aggregate_cross_paper,test,0.8,0.8125407529473968,1.0,0.8708469176491324,327.1006438732147
N8_E10a_T12a,N8,amazon_agg_057,aggregate_cross_paper,test,0.75,0.4756545286570529,1.0,0.7418848428856842,327.1006438732147
N8_E10a_T12a,N8,amazon_agg_058,aggregate_cross_paper,test,0.75,0.5458001444222905,1.0,0.7652667148074301,327.1006438732147
N8_E10a_T12a,N8,amazon_agg_059,aggregate_cross_paper,test,1.0,0.5001552522584028,1.0,0.8333850840861343,327.1006438732147
N8_E10a_T12a,N8,amazon_agg_060,aggregate_cross_paper,test,1.0,0.45306966569609003,1.0,0.8176898885653633,327.1006438732147
N8_E10a_T12a,N8,amazon_agg_061,aggregate_cross_paper,test,0.8,0.0,0.5,0.43333333333333335,327.1006438732147
N8_E10a_T12a,N8,amazon_agg_062,aggregate_cross_paper,train,0.6666666666666666,0.8544819193608252,1.0,0.8403828620091639,327.1006438732147
N8_E10a_T12a,N8,amazon_agg_063,aggregate_cross_paper,test,1.0,0.7311978684705771,1.0,0.9103992894901923,327.1006438732147
N8_E10a_T12a,N8,amazon_agg_064,aggregate_cross_paper,test,0.75,0.7481393239446056,1.0,0.8327131079815352,327.1006438732147
N8_E10a_T12a,N8,amazon_agg_065,aggregate_cross_paper,train,0.5,0.454190846801335,1.0,0.6513969489337783,327.1006438732147
N8_E10a_T12a,N8,amazon_agg_066,aggregate_cross_paper,train,1.0,0.5351386050083814,1.0,0.8450462016694605,327.1006438732147
N8_E10a_T12a,N8,amazon_agg_067,aggregate_cross_paper,test,0.6,0.792841547438254,1.0,0.7976138491460847,327.1006438732147
N8_E10a_T12a,N8,amazon_agg_068,aggregate_cross_paper,test,0.5,0.45154622424328933,1.0,0.6505154080810964,327.1006438732147
N8_E10a_T12a,N8,amazon_agg_069,aggregate_cross_paper,train,0.75,0.6495242825936477,1.0,0.7998414275312159,327.1006438732147
N8_E10a_T12a,N8,amazon_agg_070,aggregate_cross_paper,train,0.8333333333333334,0.5503007336244223,1.0,0.7945446889859186,327.1006438732147
N8_E10a_T12a,N8,amazon_agg_071,aggregate_cross_paper,test,0.5,0.8008473985654591,1.0,0.766949132855153,327.1006438732147
N8_E10a_T12a,N8,amazon_agg_072,aggregate_cross_paper,train,0.6666666666666666,0.6901040564504206,1.0,0.7855902410390291,327.1006438732147
N8_E10a_T12a,N8,amazon_agg_073,aggregate_cross_paper,train,0.6666666666666666,0.5769006223610003,1.0,0.7478557630092223,327.1006438732147
N8_E10a_T12a,N8,amazon_agg_074,aggregate_cross_paper,test,1.0,0.5437591884972099,0.5,0.6812530628324033,327.1006438732147
N8_E10a_T12a,N8,amazon_agg_075,aggregate_cross_paper,test,0.75,0.8397829320752992,1.0,0.8632609773584331,327.1006438732147
N8_E10a_T12a,N8,amazon_agg_076,aggregate_cross_paper,train,0.75,0.7677877927655726,1.0,0.8392625975885242,327.1006438732147
N8_E10a_T12a,N8,amazon_agg_077,aggregate_cross_paper,train,0.6666666666666666,0.371617020470688,1.0,0.6794278957124517,327.1006438732147
N8_E10a_T12a,N8,amazon_agg_078,aggregate_cross_paper,test,0.8,0.5746303274255816,1.0,0.7915434424751938,327.1006438732147
N8_E10a_T12a,N8,amazon_agg_079,aggregate_cross_paper,test,0.3333333333333333,0.8767376261423595,1.0,0.7366903198252309,327.1006438732147
N8_E10a_T12a,N8,amazon_agg_080,aggregate_cross_paper,train,1.0,0.8899539650529997,1.0,0.9633179883509998,327.1006438732147
N8_E10a_T12a,N8,amazon_agg_081,aggregate_cross_paper,train,0.75,0.3712392565187017,1.0,0.7070797521729005,327.1006438732147
N8_E10a_T12a,N8,amazon_agg_082,aggregate_cross_paper,test,1.0,0.0,0.0,0.3333333333333333,327.1006438732147
N8_E10a_T12a,N8,amazon_agg_083,aggregate_cross_paper,train,1.0,0.5758038081986429,1.0,0.8586012693995476,327.1006438732147
N8_E10a_T12a,N8,amazon_agg_084,aggregate_cross_paper,test,0.75,0.6318397552469914,1.0,0.7939465850823305,327.1006438732147
N8_E10a_T12a,N8,amazon_agg_085,aggregate_cross_paper,train,0.5,0.7940009710504626,1.0,0.7646669903501543,327.1006438732147
N8_E10a_T12a,N8,amazon_agg_086,aggregate_cross_paper,test,1.0,0.4355730289829903,1.0,0.8118576763276634,327.1006438732147
N8_E10a_T12a,N8,amazon_agg_087,aggregate_cross_paper,test,1.0,0.5524061019574946,1.0,0.8508020339858314,327.1006438732147
N8_E10a_T12a,N8,amazon_agg_088,aggregate_cross_paper,train,1.0,0.5549585266332574,1.0,0.8516528422110858,327.1006438732147
N8_E10a_T12a,N8,amazon_agg_089,aggregate_cross_paper,test,1.0,0.0,0.0,0.3333333333333333,327.1006438732147
N8_E10a_T12a,N8,amazon_agg_090,aggregate_cross_paper,train,0.75,0.8850636949276429,1.0,0.878354564975881,327.1006438732147
N8_E10a_T12a,N8,amazon_agg_091,aggregate_cross_paper,test,0.75,0.4328411712000334,1.0,0.7276137237333445,327.1006438732147
N8_E10a_T12a,N8,amazon_agg_092,aggregate_cross_paper,test,0.8,0.519684468857737,1.0,0.7732281562859123,327.1006438732147
N8_E10a_T12a,N8,amazon_agg_093,aggregate_cross_paper,train,0.6666666666666666,0.4489303150052033,1.0,0.7051989938906233,327.1006438732147
N8_E10a_T12a,N8,amazon_agg_094,aggregate_cross_paper,test,0.5714285714285714,0.7202900701814076,1.0,0.7639062138699929,327.1006438732147
N8_E10a_T12a,N8,amazon_agg_095,aggregate_cross_paper,train,0.9,0.6773332871186386,1.0,0.8591110957062128,327.1006438732147
N8_E10a_T12a,N8,amazon_agg_096,aggregate_cross_paper,train,0.7692307692307693,0.6146706011334973,1.0,0.7946337901214222,327.1006438732147
N8_E10a_T12a,N8,amazon_agg_097,aggregate_cross_paper,test,0.8,0.6061351364348544,1.0,0.8020450454782848,327.1006438732147
N8_E10a_T12a,N8,amazon_agg_098,aggregate_cross_paper,test,0.75,0.5493878622313936,1.0,0.7664626207437979,327.1006438732147
N8_E10a_T12a,N8,amazon_agg_099,aggregate_cross_paper,test,0.5,0.351001621187478,0.0,0.28366720706249265,327.1006438732147
N8_E10a_T12a,N8,amazon_edge_034,edge_multihop,test,0.6666666666666666,0.8409503922021372,0.75,0.7525390196229346,327.1006438732147
N8_E10a_T12a,N8,amazon_edge_035,edge_multihop,test,0.3333333333333333,0.0,0.0,0.1111111111111111,327.1006438732147
N8_E10a_T12a,N8,amazon_edge_036,edge_multihop,test,0.8,0.0,0.75,0.5166666666666667,327.1006438732147
N8_E10a_T12a,N8,amazon_edge_037,edge_multihop,train,1.0,0.8675663531817172,1.0,0.9558554510605725,327.1006438732147
N8_E10a_T12a,N8,amazon_edge_038,edge_multihop,test,0.6,0.0,0.25,0.2833333333333333,327.1006438732147
N8_E10a_T12a,N8,amazon_edge_039,edge_multihop,train,0.8333333333333334,0.8607736709010746,0.5,0.7313690014114694,327.1006438732147
N8_E10a_T12a,N8,amazon_edge_040,edge_multihop,test,0.8333333333333334,0.0,0.0,0.2777777777777778,327.1006438732147
N8_E10a_T12a,N8,amazon_edge_041,edge_multihop,test,1.0,0.0,0.0,0.3333333333333333,327.1006438732147
N8_E10a_T12a,N8,amazon_edge_042,edge_multihop,test,0.75,0.0,0.0,0.25,327.1006438732147
N8_E10a_T12a,N8,amazon_edge_043,edge_multihop,test,0.0,0.0,1.0,0.3333333333333333,327.1006438732147
N8_E10a_T12a,N8,amazon_edge_044,edge_multihop,test,0.0,0.0,0.0,0.0,327.1006438732147
N8_E10a_T12a,N8,amazon_edge_045,edge_multihop,train,1.0,0.8334155981333212,0.0,0.6111385327111071,327.1006438732147
N8_E10a_T12a,N8,amazon_edge_046,edge_multihop,test,1.0,0.8592550489444698,0.75,0.86975168298149,327.1006438732147
N8_E10a_T12a,N8,amazon_edge_047,edge_multihop,test,1.0,0.0,0.0,0.3333333333333333,327.1006438732147
N8_E10a_T12a,N8,amazon_edge_048,edge_multihop,train,0.75,0.9184233250942654,0.0,0.5561411083647552,327.1006438732147
N8_E10a_T12a,N8,amazon_edge_049,edge_multihop,train,1.0,0.0,0.0,0.3333333333333333,327.1006438732147
N8_E10a_T12a,N8,amazon_edge_050,edge_multihop,test,0.3333333333333333,0.0,0.0,0.1111111111111111,327.1006438732147
N8_E10a_T12a,N8,amazon_edge_051,edge_multihop,test,0.5,0.0,0.0,0.16666666666666666,327.1006438732147
N8_E10a_T12a,N8,amazon_edge_052,edge_multihop,train,1.0,0.0,0.0,0.3333333333333333,327.1006438732147
N8_E10a_T12a,N8,amazon_edge_053,edge_multihop,train,0.6666666666666666,0.0,1.0,0.5555555555555555,327.1006438732147
N8_E10a_T12a,N8,amazon_edge_054,edge_multihop,train,0.4,0.0,1.0,0.4666666666666666,327.1006438732147
N8_E10a_T12a,N8,amazon_edge_055,edge_multihop,train,0.6666666666666666,0.0,0.0,0.2222222222222222,327.1006438732147
N8_E10a_T12a,N8,amazon_edge_056,edge_multihop,train,1.0,0.0,0.0,0.3333333333333333,327.1006438732147
N8_E10a_T12a,N8,amazon_edge_057,edge_multihop,train,1.0,0.8853691569587019,1.0,0.961789718986234,327.1006438732147
N8_E10a_T12a,N8,amazon_edge_058,edge_multihop,train,0.4,0.0,1.0,0.4666666666666666,327.1006438732147
N8_E10a_T12a,N8,amazon_edge_059,edge_multihop,train,0.3333333333333333,0.0,0.5,0.27777777777777773,327.1006438732147
N8_E10a_T12a,N8,amazon_edge_060,edge_multihop,train,1.0,0.0,0.0,0.3333333333333333,327.1006438732147
N8_E10a_T12a,N8,amazon_edge_061,edge_multihop,test,0.5,0.0,0.5,0.3333333333333333,327.1006438732147
N8_E10a_T12a,N8,amazon_edge_062,edge_multihop,test,1.0,0.8602832707564458,1.0,0.9534277569188152,327.1006438732147
N8_E10a_T12a,N8,amazon_edge_063,edge_multihop,train,1.0,0.0,0.0,0.3333333333333333,327.1006438732147
N8_E10a_T12a,N8,amazon_edge_064,edge_multihop,test,1.0,0.7625165731804221,0.5,0.7541721910601407,327.1006438732147
N8_E10a_T12a,N8,amazon_edge_065,edge_multihop,train,0.75,0.0,1.0,0.5833333333333334,327.1006438732147
N8_E10a_T12a,N8,amazon_edge_066,edge_multihop,train,0.875,0.7982775443086421,0.75,0.8077591814362141,327.1006438732147
N8_E10a_T12a,N8,amazon_edge_067,edge_multihop,train,1.0,0.8266175394951699,0.75,0.8588725131650566,327.1006438732147
N8_E10a_T12a,N8,amazon_edge_068,edge_multihop,test,0.3333333333333333,0.8674788543026026,0.5,0.5669373958786453,327.1006438732147
N8_E10a_T12a,N8,amazon_edge_069,edge_multihop,test,1.0,0.0,0.0,0.3333333333333333,327.1006438732147
N8_E10a_T12a,N8,amazon_edge_070,edge_multihop,test,0.75,0.8308952045729038,0.25,0.6102984015243013,327.1006438732147
N8_E10a_T12a,N8,amazon_edge_071,edge_multihop,test,1.0,0.887489297049748,0.75,0.8791630990165826,327.1006438732147
N8_E10a_T12a,N8,amazon_edge_072,edge_multihop,test,1.0,0.0,0.0,0.3333333333333333,327.1006438732147
N8_E10a_T12a,N8,amazon_edge_073,edge_multihop,train,1.0,0.0,0.0,0.3333333333333333,327.1006438732147
N8_E10a_T12a,N8,amazon_edge_074,edge_multihop,train,1.0,0.0,0.5,0.5,327.1006438732147
N8_E10a_T12a,N8,amazon_edge_075,edge_multihop,train,1.0,0.0,0.0,0.3333333333333333,327.1006438732147
N8_E10a_T12a,N8,amazon_edge_076,edge_multihop,train,1.0,0.0,0.0,0.3333333333333333,327.1006438732147
N8_E10a_T12a,N8,amazon_edge_077,edge_multihop,test,1.0,0.0,0.0,0.3333333333333333,327.1006438732147
N8_E10a_T12a,N8,amazon_edge_078,edge_multihop,train,1.0,0.0,0.0,0.3333333333333333,327.1006438732147
N8_E10a_T12a,N8,amazon_edge_079,edge_multihop,train,1.0,0.8763034283639536,1.0,0.9587678094546512,327.1006438732147
N8_E10a_T12a,N8,amazon_edge_080,edge_multihop,test,1.0,0.0,0.0,0.3333333333333333,327.1006438732147
N8_E10a_T12a,N8,amazon_edge_081,edge_multihop,train,1.0,0.0,0.0,0.3333333333333333,327.1006438732147
N8_E10a_T12a,N8,amazon_edge_082,edge_multihop,train,1.0,0.8856817390963968,0.5,0.7952272463654656,327.1006438732147
N8_E10a_T12a,N8,amazon_edge_083,edge_multihop,train,0.7142857142857143,0.8616060325952906,1.0,0.8586305822936683,327.1006438732147
N8_E10a_T12a,N8,amazon_edge_084,edge_multihop,test,1.0,0.0,0.0,0.3333333333333333,327.1006438732147
N8_E10a_T12a,N8,amazon_edge_085,edge_multihop,train,1.0,0.0,0.0,0.3333333333333333,327.1006438732147
N8_E10a_T12a,N8,amazon_edge_086,edge_multihop,train,1.0,0.0,0.0,0.3333333333333333,327.1006438732147
N8_E10a_T12a,N8,amazon_edge_087,edge_multihop,train,0.75,0.0,1.0,0.5833333333333334,327.1006438732147
N8_E10a_T12a,N8,amazon_edge_088,edge_multihop,train,0.6,0.0,1.0,0.5333333333333333,327.1006438732147
N8_E10a_T12a,N8,amazon_edge_089,edge_multihop,train,0.8571428571428571,0.0,1.0,0.6190476190476191,327.1006438732147
N8_E10a_T12a,N8,amazon_edge_090,edge_multihop,train,0.3333333333333333,0.0,1.0,0.4444444444444444,327.1006438732147
N8_E10a_T12a,N8,amazon_edge_091,edge_multihop,test,0.6666666666666666,0.0,0.0,0.2222222222222222,327.1006438732147
N8_E10a_T12a,N8,amazon_edge_092,edge_multihop,test,1.0,0.8298550614906851,1.0,0.9432850204968951,327.1006438732147
N8_E10a_T12a,N8,amazon_edge_093,edge_multihop,train,0.6666666666666666,0.0,0.0,0.2222222222222222,327.1006438732147
N8_E10a_T12a,N8,amazon_edge_094,edge_multihop,test,1.0,0.8193734839416742,0.5,0.7731244946472247,327.1006438732147
N8_E10a_T12a,N8,amazon_edge_095,edge_multihop,test,0.6666666666666666,0.0,0.0,0.2222222222222222,327.1006438732147
N8_E10a_T12a,N8,amazon_edge_096,edge_multihop,test,0.8333333333333334,0.0,0.25,0.36111111111111116,327.1006438732147
N8_E10a_T12a,N8,amazon_edge_097,edge_multihop,test,0.7142857142857143,0.8343199547134441,1.0,0.8495352229997195,327.1006438732147
N8_E10a_T12a,N8,amazon_edge_098,edge_multihop,train,0.8888888888888888,0.8687553687416615,0.5,0.7525480858768501,327.1006438732147
N8_E10a_T12a,N8,amazon_edge_099,edge_multihop,train,1.0,0.0,0.0,0.3333333333333333,327.1006438732147
N8_E10a_T12a,N8,amazon_sh_083,single_specific,train,1.0,0.9999957919142121,1.0,0.9999985973047374,327.1006438732147
N8_E10a_T12a,N8,amazon_sh_084,single_specific,train,1.0,1.0,1.0,1.0,327.1006438732147
N8_E10a_T12a,N8,amazon_sh_085,single_specific,train,1.0,0.9606087616147946,1.0,0.9868695872049315,327.1006438732147
N8_E10a_T12a,N8,amazon_sh_086,single_specific,train,1.0,0.9600376353528127,1.0,0.986679211784271,327.1006438732147
N8_E10a_T12a,N8,amazon_sh_087,single_specific,train,0.0,0.0,0.0,0.0,327.1006438732147
N8_E10a_T12a,N8,amazon_sh_088,single_specific,train,1.0,0.9999996026449097,1.0,0.9999998675483033,327.1006438732147
N8_E10a_T12a,N8,amazon_sh_089,single_specific,test,1.0,0.9210960289640376,1.0,0.9736986763213459,327.1006438732147
N8_E10a_T12a,N8,amazon_sh_090,single_specific,test,1.0,0.8606088899155795,1.0,0.9535362966385265,327.1006438732147
N8_E10a_T12a,N8,amazon_sh_091,single_specific,test,0.8,0.8622813635857743,1.0,0.8874271211952581,327.1006438732147
N8_E10a_T12a,N8,amazon_sh_092,single_specific,train,0.6,0.8099926871513444,1.0,0.8033308957171149,327.1006438732147
N8_E10a_T12a,N8,amazon_sh_093,single_specific,train,1.0,0.0,0.0,0.3333333333333333,327.1006438732147
N8_E10a_T12a,N8,amazon_sh_094,single_specific,train,1.0,0.7033860777054773,0.5,0.7344620259018257,327.1006438732147
N8_E10a_T12a,N8,amazon_sh_095,single_specific,test,0.5,0.8212692413321198,0.75,0.6904230804440399,327.1006438732147
N8_E10a_T12a,N8,amazon_sh_096,single_specific,test,1.0,0.9086807031110857,1.0,0.9695602343703619,327.1006438732147
N8_E10a_T12a,N8,amazon_sh_097,single_specific,test,0.5,0.0,0.25,0.25,327.1006438732147
N8_E10a_T12a,N8,amazon_sh_098,single_specific,test,1.0,0.9999996123206744,1.0,0.9999998707735581,327.1006438732147
N8_E10a_T12a,N8,amazon_sh_099,single_specific,train,1.0,0.9897377088545031,1.0,0.9965792362848344,327.1006438732147
N8_E10a_T12b,N8,amazon_agg_033,aggregate_cross_paper,train,0.6666666666666666,0.8351296104316706,1.0,0.8339320923661124,312.3580889701843
N8_E10a_T12b,N8,amazon_agg_034,aggregate_cross_paper,train,0.5,0.6537892347194523,1.0,0.7179297449064842,312.3580889701843
N8_E10a_T12b,N8,amazon_agg_035,aggregate_cross_paper,train,0.75,0.0,0.5,0.4166666666666667,312.3580889701843
N8_E10a_T12b,N8,amazon_agg_036,aggregate_cross_paper,test,0.5714285714285714,0.7625992887185028,0.75,0.6946759533823581,312.3580889701843
N8_E10a_T12b,N8,amazon_agg_037,aggregate_cross_paper,test,1.0,0.5013997807466877,1.0,0.8337999269155626,312.3580889701843
N8_E10a_T12b,N8,amazon_agg_038,aggregate_cross_paper,test,1.0,0.49391905063385655,1.0,0.8313063502112855,312.3580889701843
N8_E10a_T12b,N8,amazon_agg_039,aggregate_cross_paper,train,0.5,0.47345075935564396,1.0,0.6578169197852146,312.3580889701843
N8_E10a_T12b,N8,amazon_agg_040,aggregate_cross_paper,train,0.75,0.5975974483623199,1.0,0.78253248278744,312.3580889701843
N8_E10a_T12b,N8,amazon_agg_041,aggregate_cross_paper,test,0.6666666666666666,0.42495777838353793,1.0,0.6972081483500682,312.3580889701843
N8_E10a_T12b,N8,amazon_agg_042,aggregate_cross_paper,train,0.4,0.8784165403326378,1.0,0.7594721801108792,312.3580889701843
N8_E10a_T12b,N8,amazon_agg_043,aggregate_cross_paper,test,0.5,0.7769094658321344,1.0,0.7589698219440448,312.3580889701843
N8_E10a_T12b,N8,amazon_agg_044,aggregate_cross_paper,train,0.75,0.49726333218311863,1.0,0.7490877773943728,312.3580889701843
N8_E10a_T12b,N8,amazon_agg_045,aggregate_cross_paper,train,0.75,0.63519466074444,0.5,0.6283982202481466,312.3580889701843
N8_E10a_T12b,N8,amazon_agg_046,aggregate_cross_paper,test,0.75,0.6461649211414151,1.0,0.7987216403804718,312.3580889701843
N8_E10a_T12b,N8,amazon_agg_047,aggregate_cross_paper,train,0.75,0.8230028836416778,1.0,0.8576676278805593,312.3580889701843
N8_E10a_T12b,N8,amazon_agg_048,aggregate_cross_paper,test,0.8,0.45391167446631614,0.0,0.4179705581554387,312.3580889701843
N8_E10a_T12b,N8,amazon_agg_049,aggregate_cross_paper,train,0.42857142857142855,0.49984638531234704,1.0,0.6428059379612585,312.3580889701843
N8_E10a_T12b,N8,amazon_agg_050,aggregate_cross_paper,test,0.5,0.8294000440665967,1.0,0.7764666813555322,312.3580889701843
N8_E10a_T12b,N8,amazon_agg_051,aggregate_cross_paper,test,0.8333333333333334,0.5841808073005563,1.0,0.8058380468779632,312.3580889701843
N8_E10a_T12b,N8,amazon_agg_052,aggregate_cross_paper,test,0.8,0.4278818302611729,1.0,0.7426272767537242,312.3580889701843
N8_E10a_T12b,N8,amazon_agg_053,aggregate_cross_paper,train,1.0,0.510137039499529,1.0,0.836712346499843,312.3580889701843
N8_E10a_T12b,N8,amazon_agg_054,aggregate_cross_paper,test,0.5,0.858208393465068,1.0,0.786069464488356,312.3580889701843
N8_E10a_T12b,N8,amazon_agg_055,aggregate_cross_paper,train,0.75,0.7287896412739757,0.75,0.7429298804246586,312.3580889701843
N8_E10a_T12b,N8,amazon_agg_056,aggregate_cross_paper,test,0.8,0.8125923054451824,1.0,0.8708641018150608,312.3580889701843
N8_E10a_T12b,N8,amazon_agg_057,aggregate_cross_paper,test,0.75,0.47569106402314115,1.0,0.741897021341047,312.3580889701843
N8_E10a_T12b,N8,amazon_agg_058,aggregate_cross_paper,test,1.0,0.5458164162862769,1.0,0.8486054720954256,312.3580889701843
N8_E10a_T12b,N8,amazon_agg_059,aggregate_cross_paper,test,1.0,0.5527962895948091,1.0,0.8509320965316031,312.3580889701843
N8_E10a_T12b,N8,amazon_agg_060,aggregate_cross_paper,test,1.0,0.4686041204674349,1.0,0.8228680401558117,312.3580889701843
N8_E10a_T12b,N8,amazon_agg_061,aggregate_cross_paper,test,0.8,0.0,0.5,0.43333333333333335,312.3580889701843
N8_E10a_T12b,N8,amazon_agg_062,aggregate_cross_paper,train,0.6666666666666666,0.8544620322771538,1.0,0.8403762329812734,312.3580889701843
N8_E10a_T12b,N8,amazon_agg_063,aggregate_cross_paper,test,1.0,0.7311978684705771,1.0,0.9103992894901923,312.3580889701843
N8_E10a_T12b,N8,amazon_agg_064,aggregate_cross_paper,test,0.6666666666666666,0.7481393239446056,1.0,0.8049353302037575,312.3580889701843
N8_E10a_T12b,N8,amazon_agg_065,aggregate_cross_paper,train,0.3333333333333333,0.454190846801335,1.0,0.5958413933782228,312.3580889701843
N8_E10a_T12b,N8,amazon_agg_066,aggregate_cross_paper,train,0.8,0.5383545846318375,1.0,0.7794515282106125,312.3580889701843
N8_E10a_T12b,N8,amazon_agg_067,aggregate_cross_paper,test,0.6666666666666666,0.7811689481022978,1.0,0.815945204922988,312.3580889701843
N8_E10a_T12b,N8,amazon_agg_068,aggregate_cross_paper,test,0.4,0.45154622424328933,1.0,0.6171820747477631,312.3580889701843
N8_E10a_T12b,N8,amazon_agg_069,aggregate_cross_paper,train,0.75,0.649501010558857,1.0,0.7998336701862856,312.3580889701843
N8_E10a_T12b,N8,amazon_agg_070,aggregate_cross_paper,train,0.6666666666666666,0.5503107161922343,1.0,0.738992460952967,312.3580889701843
N8_E10a_T12b,N8,amazon_agg_071,aggregate_cross_paper,test,0.8333333333333334,0.8008541190686479,1.0,0.8780624841339938,312.3580889701843
N8_E10a_T12b,N8,amazon_agg_072,aggregate_cross_paper,train,0.3333333333333333,0.696545980213604,1.0,0.676626437848979,312.3580889701843
N8_E10a_T12b,N8,amazon_agg_073,aggregate_cross_paper,train,0.6666666666666666,0.5761654808138816,1.0,0.7476107158268493,312.3580889701843
N8_E10a_T12b,N8,amazon_agg_074,aggregate_cross_paper,test,1.0,0.5375346808439435,0.5,0.6791782269479811,312.3580889701843
N8_E10a_T12b,N8,amazon_agg_075,aggregate_cross_paper,test,0.5,0.8541486368002338,1.0,0.7847162122667446,312.3580889701843
N8_E10a_T12b,N8,amazon_agg_076,aggregate_cross_paper,train,0.75,0.7677877927655726,1.0,0.8392625975885242,312.3580889701843
N8_E10a_T12b,N8,amazon_agg_077,aggregate_cross_paper,train,0.5,0.371617020470688,1.0,0.623872340156896,312.3580889701843
N8_E10a_T12b,N8,amazon_agg_078,aggregate_cross_paper,test,0.8,0.5746537524454776,1.0,0.7915512508151593,312.3580889701843
N8_E10a_T12b,N8,amazon_agg_079,aggregate_cross_paper,test,0.3333333333333333,0.8979138946194541,1.0,0.7437490759842625,312.3580889701843
N8_E10a_T12b,N8,amazon_agg_080,aggregate_cross_paper,train,1.0,0.8809727384886221,1.0,0.960324246162874,312.3580889701843
N8_E10a_T12b,N8,amazon_agg_081,aggregate_cross_paper,train,0.5,0.5102576875056957,1.0,0.6700858958352319,312.3580889701843
N8_E10a_T12b,N8,amazon_agg_082,aggregate_cross_paper,test,1.0,0.0,0.0,0.3333333333333333,312.3580889701843
N8_E10a_T12b,N8,amazon_agg_083,aggregate_cross_paper,train,1.0,0.5528278275535626,1.0,0.8509426091845209,312.3580889701843
N8_E10a_T12b,N8,amazon_agg_084,aggregate_cross_paper,test,0.625,0.66948026243043,1.0,0.7648267541434767,312.3580889701843
N8_E10a_T12b,N8,amazon_agg_085,aggregate_cross_paper,train,0.75,0.8180283427566994,1.0,0.8560094475855665,312.3580889701843
N8_E10a_T12b,N8,amazon_agg_086,aggregate_cross_paper,test,0.75,0.4371462132544475,1.0,0.7290487377514824,312.3580889701843
N8_E10a_T12b,N8,amazon_agg_087,aggregate_cross_paper,test,1.0,0.5525228544818518,1.0,0.8508409514939506,312.3580889701843
N8_E10a_T12b,N8,amazon_agg_088,aggregate_cross_paper,train,0.5,0.5563508606697324,1.0,0.6854502868899108,312.3580889701843
N8_E10a_T12b,N8,amazon_agg_089,aggregate_cross_paper,test,1.0,0.0,0.0,0.3333333333333333,312.3580889701843
N8_E10a_T12b,N8,amazon_agg_090,aggregate_cross_paper,train,0.75,0.8300937116860841,1.0,0.8600312372286947,312.3580889701843
N8_E10a_T12b,N8,amazon_agg_091,aggregate_cross_paper,test,0.75,0.47443036807297023,1.0,0.7414767893576567,312.3580889701843
N8_E10a_T12b,N8,amazon_agg_092,aggregate_cross_paper,test,0.6666666666666666,0.5380134768502697,1.0,0.7348933811723121,312.3580889701843
N8_E10a_T12b,N8,amazon_agg_093,aggregate_cross_paper,train,1.0,0.468481385539048,1.0,0.822827128513016,312.3580889701843
N8_E10a_T12b,N8,amazon_agg_094,aggregate_cross_paper,test,1.0,0.6658720744575076,1.0,0.8886240248191691,312.3580889701843
N8_E10a_T12b,N8,amazon_agg_095,aggregate_cross_paper,train,0.8888888888888888,0.6006363208231352,1.0,0.8298417365706747,312.3580889701843
N8_E10a_T12b,N8,amazon_agg_096,aggregate_cross_paper,train,0.6666666666666666,0.6183404091831126,1.0,0.7616690252832597,312.3580889701843
N8_E10a_T12b,N8,amazon_agg_097,aggregate_cross_paper,test,0.6,0.6061351364348544,1.0,0.735378378811618,312.3580889701843
N8_E10a_T12b,N8,amazon_agg_098,aggregate_cross_paper,test,1.0,0.41418200673171685,1.0,0.804727335577239,312.3580889701843
N8_E10a_T12b,N8,amazon_agg_099,aggregate_cross_paper,test,0.5,0.37692337472580345,0.0,0.2923077915752678,312.3580889701843
N8_E10a_T12b,N8,amazon_edge_034,edge_multihop,test,0.8333333333333334,0.8409725262095556,0.75,0.8081019531809629,312.3580889701843
N8_E10a_T12b,N8,amazon_edge_035,edge_multihop,test,0.6666666666666666,0.0,0.0,0.2222222222222222,312.3580889701843
N8_E10a_T12b,N8,amazon_edge_036,edge_multihop,test,0.75,0.0,1.0,0.5833333333333334,312.3580889701843
N8_E10a_T12b,N8,amazon_edge_037,edge_multihop,train,1.0,0.8693574508152927,1.0,0.9564524836050975,312.3580889701843
N8_E10a_T12b,N8,amazon_edge_038,edge_multihop,test,0.2,0.0,0.25,0.15,312.3580889701843
N8_E10a_T12b,N8,amazon_edge_039,edge_multihop,train,0.6666666666666666,0.8607736709010745,0.5,0.6758134458559137,312.3580889701843
N8_E10a_T12b,N8,amazon_edge_040,edge_multihop,test,0.8,0.0,0.0,0.26666666666666666,312.3580889701843
N8_E10a_T12b,N8,amazon_edge_041,edge_multihop,test,1.0,0.0,0.0,0.3333333333333333,312.3580889701843
N8_E10a_T12b,N8,amazon_edge_042,edge_multihop,test,0.75,0.0,0.0,0.25,312.3580889701843
N8_E10a_T12b,N8,amazon_edge_043,edge_multihop,test,0.0,0.0,1.0,0.3333333333333333,312.3580889701843
N8_E10a_T12b,N8,amazon_edge_044,edge_multihop,test,0.0,0.0,0.0,0.0,312.3580889701843
N8_E10a_T12b,N8,amazon_edge_045,edge_multihop,train,1.0,0.8621502925074617,0.0,0.6207167641691539,312.3580889701843
N8_E10a_T12b,N8,amazon_edge_046,edge_multihop,test,1.0,0.8597894400906642,0.5,0.7865964800302213,312.3580889701843
N8_E10a_T12b,N8,amazon_edge_047,edge_multihop,test,1.0,0.0,0.0,0.3333333333333333,312.3580889701843
N8_E10a_T12b,N8,amazon_edge_048,edge_multihop,train,0.6,0.7977913683485753,0.0,0.4659304561161918,312.3580889701843
N8_E10a_T12b,N8,amazon_edge_049,edge_multihop,train,1.0,0.0,0.0,0.3333333333333333,312.3580889701843
N8_E10a_T12b,N8,amazon_edge_050,edge_multihop,test,0.3333333333333333,0.0,0.0,0.1111111111111111,312.3580889701843
N8_E10a_T12b,N8,amazon_edge_051,edge_multihop,test,0.5,0.0,0.0,0.16666666666666666,312.3580889701843
N8_E10a_T12b,N8,amazon_edge_052,edge_multihop,train,1.0,0.0,0.0,0.3333333333333333,312.3580889701843
N8_E10a_T12b,N8,amazon_edge_053,edge_multihop,train,0.6,0.0,1.0,0.5333333333333333,312.3580889701843
N8_E10a_T12b,N8,amazon_edge_054,edge_multihop,train,0.5,0.0,1.0,0.5,312.3580889701843
N8_E10a_T12b,N8,amazon_edge_055,edge_multihop,train,0.6666666666666666,0.0,0.0,0.2222222222222222,312.3580889701843
N8_E10a_T12b,N8,amazon_edge_056,edge_multihop,train,1.0,0.0,0.0,0.3333333333333333,312.3580889701843
N8_E10a_T12b,N8,amazon_edge_057,edge_multihop,train,0.8,0.8853449877591983,1.0,0.8951149959197329,312.3580889701843
N8_E10a_T12b,N8,amazon_edge_058,edge_multihop,train,0.6,0.0,1.0,0.5333333333333333,312.3580889701843
N8_E10a_T12b,N8,amazon_edge_059,edge_multihop,train,0.3333333333333333,0.0,0.5,0.27777777777777773,312.3580889701843
N8_E10a_T12b,N8,amazon_edge_060,edge_multihop,train,1.0,0.0,0.0,0.3333333333333333,312.3580889701843
N8_E10a_T12b,N8,amazon_edge_061,edge_multihop,test,0.0,0.0,0.5,0.16666666666666666,312.3580889701843
N8_E10a_T12b,N8,amazon_edge_062,edge_multihop,test,0.875,0.8892442635858847,1.0,0.9214147545286283,312.3580889701843
N8_E10a_T12b,N8,amazon_edge_063,edge_multihop,train,1.0,0.0,0.0,0.3333333333333333,312.3580889701843
N8_E10a_T12b,N8,amazon_edge_064,edge_multihop,test,1.0,0.7006501850963041,0.75,0.8168833950321014,312.3580889701843
N8_E10a_T12b,N8,amazon_edge_065,edge_multihop,train,0.75,0.0,0.75,0.5,312.3580889701843
N8_E10a_T12b,N8,amazon_edge_066,edge_multihop,train,0.875,0.8024871889650956,0.75,0.8091623963216986,312.3580889701843
N8_E10a_T12b,N8,amazon_edge_067,edge_multihop,train,1.0,0.8266037632914881,0.75,0.8588679210971627,312.3580889701843
N8_E10a_T12b,N8,amazon_edge_068,edge_multihop,test,1.0,0.7525870699166642,0.5,0.750862356638888,312.3580889701843
N8_E10a_T12b,N8,amazon_edge_069,edge_multihop,test,1.0,0.0,0.0,0.3333333333333333,312.3580889701843
N8_E10a_T12b,N8,amazon_edge_070,edge_multihop,test,0.75,0.8838150334463855,0.0,0.5446050111487951,312.3580889701843
N8_E10a_T12b,N8,amazon_edge_071,edge_multihop,test,1.0,0.8875847095819122,0.75,0.8791949031939708,312.3580889701843
N8_E10a_T12b,N8,amazon_edge_072,edge_multihop,test,1.0,0.0,0.0,0.3333333333333333,312.3580889701843
N8_E10a_T12b,N8,amazon_edge_073,edge_multihop,train,1.0,0.0,0.0,0.3333333333333333,312.3580889701843
N8_E10a_T12b,N8,amazon_edge_074,edge_multihop,train,1.0,0.862193546146056,0.5,0.787397848715352,312.3580889701843
N8_E10a_T12b,N8,amazon_edge_075,edge_multihop,train,1.0,0.0,0.0,0.3333333333333333,312.3580889701843
N8_E10a_T12b,N8,amazon_edge_076,edge_multihop,train,1.0,0.0,0.0,0.3333333333333333,312.3580889701843
N8_E10a_T12b,N8,amazon_edge_077,edge_multihop,test,1.0,0.0,0.0,0.3333333333333333,312.3580889701843
N8_E10a_T12b,N8,amazon_edge_078,edge_multihop,train,1.0,0.0,0.0,0.3333333333333333,312.3580889701843
N8_E10a_T12b,N8,amazon_edge_079,edge_multihop,train,0.5,0.8377320028172269,1.0,0.7792440009390756,312.3580889701843
N8_E10a_T12b,N8,amazon_edge_080,edge_multihop,test,1.0,0.0,0.0,0.3333333333333333,312.3580889701843
N8_E10a_T12b,N8,amazon_edge_081,edge_multihop,train,1.0,0.0,0.0,0.3333333333333333,312.3580889701843
N8_E10a_T12b,N8,amazon_edge_082,edge_multihop,train,0.8571428571428571,0.8843082320456725,0.5,0.7471503630628432,312.3580889701843
N8_E10a_T12b,N8,amazon_edge_083,edge_multihop,train,0.7142857142857143,0.8282796079442303,1.0,0.8475217740766482,312.3580889701843
N8_E10a_T12b,N8,amazon_edge_084,edge_multihop,test,1.0,0.0,0.0,0.3333333333333333,312.3580889701843
N8_E10a_T12b,N8,amazon_edge_085,edge_multihop,train,1.0,0.0,0.0,0.3333333333333333,312.3580889701843
N8_E10a_T12b,N8,amazon_edge_086,edge_multihop,train,1.0,0.0,0.0,0.3333333333333333,312.3580889701843
N8_E10a_T12b,N8,amazon_edge_087,edge_multihop,train,0.75,0.0,1.0,0.5833333333333334,312.3580889701843
N8_E10a_T12b,N8,amazon_edge_088,edge_multihop,train,0.6,0.0,1.0,0.5333333333333333,312.3580889701843
N8_E10a_T12b,N8,amazon_edge_089,edge_multihop,train,0.8571428571428571,0.0,1.0,0.6190476190476191,312.3580889701843
N8_E10a_T12b,N8,amazon_edge_090,edge_multihop,train,0.3333333333333333,0.0,1.0,0.4444444444444444,312.3580889701843
N8_E10a_T12b,N8,amazon_edge_091,edge_multihop,test,0.6666666666666666,0.0,0.0,0.2222222222222222,312.3580889701843
N8_E10a_T12b,N8,amazon_edge_092,edge_multihop,test,1.0,0.829816416602139,1.0,0.9432721388673797,312.3580889701843
N8_E10a_T12b,N8,amazon_edge_093,edge_multihop,train,0.6666666666666666,0.0,0.0,0.2222222222222222,312.3580889701843
N8_E10a_T12b,N8,amazon_edge_094,edge_multihop,test,1.0,0.8193871045780986,0.5,0.7731290348593661,312.3580889701843
N8_E10a_T12b,N8,amazon_edge_095,edge_multihop,test,1.0,0.0,0.0,0.3333333333333333,312.3580889701843
N8_E10a_T12b,N8,amazon_edge_096,edge_multihop,test,0.8,0.8454396757561534,0.25,0.6318132252520511,312.3580889701843
N8_E10a_T12b,N8,amazon_edge_097,edge_multihop,test,0.7142857142857143,0.8438067121800094,1.0,0.8526974754885744,312.3580889701843
N8_E10a_T12b,N8,amazon_edge_098,edge_multihop,train,0.875,0.8165645893485864,0.5,0.7305215297828621,312.3580889701843
N8_E10a_T12b,N8,amazon_edge_099,edge_multihop,train,1.0,0.0,0.0,0.3333333333333333,312.3580889701843
N8_E10a_T12b,N8,amazon_sh_083,single_specific,train,1.0,0.9999959291289072,1.0,0.9999986430429691,312.3580889701843
N8_E10a_T12b,N8,amazon_sh_084,single_specific,train,1.0,0.9999996377374664,1.0,0.9999998792458221,312.3580889701843
N8_E10a_T12b,N8,amazon_sh_085,single_specific,train,1.0,0.9606092135649005,1.0,0.9868697378549669,312.3580889701843
N8_E10a_T12b,N8,amazon_sh_086,single_specific,train,1.0,0.9600547748633476,1.0,0.9866849249544493,312.3580889701843
N8_E10a_T12b,N8,amazon_sh_087,single_specific,train,0.75,0.0,0.0,0.25,312.3580889701843
N8_E10a_T12b,N8,amazon_sh_088,single_specific,train,1.0,0.9999996026449097,1.0,0.9999998675483033,312.3580889701843
N8_E10a_T12b,N8,amazon_sh_089,single_specific,test,1.0,0.9210960289640376,1.0,0.9736986763213459,312.3580889701843
N8_E10a_T12b,N8,amazon_sh_090,single_specific,test,1.0,0.8844435348869798,1.0,0.9614811782956599,312.3580889701843
N8_E10a_T12b,N8,amazon_sh_091,single_specific,test,0.8,0.8623026303513092,1.0,0.8874342101171031,312.3580889701843
N8_E10a_T12b,N8,amazon_sh_092,single_specific,train,0.6,0.8099764309533571,1.0,0.8033254769844523,312.3580889701843
N8_E10a_T12b,N8,amazon_sh_093,single_specific,train,1.0,0.0,0.0,0.3333333333333333,312.3580889701843
N8_E10a_T12b,N8,amazon_sh_094,single_specific,train,1.0,0.7006932861410734,0.5,0.7335644287136911,312.3580889701843
N8_E10a_T12b,N8,amazon_sh_095,single_specific,test,0.5,0.8212865507378354,0.75,0.6904288502459451,312.3580889701843
N8_E10a_T12b,N8,amazon_sh_096,single_specific,test,1.0,0.9086964143580347,1.0,0.9695654714526784,312.3580889701843
N8_E10a_T12b,N8,amazon_sh_097,single_specific,test,0.0,0.0,0.25,0.08333333333333333,312.3580889701843
N8_E10a_T12b,N8,amazon_sh_098,single_specific,test,1.0,1.0000000000000002,1.0,1.0,312.3580889701843
N8_E10a_T12b,N8,amazon_sh_099,single_specific,train,1.0,1.0,1.0,1.0,312.3580889701843
N8_E10b_T12a,N8,amazon_agg_033,aggregate_cross_paper,train,0.42857142857142855,0.8351296104316706,1.0,0.754567013001033,398.34799695014954
N8_E10b_T12a,N8,amazon_agg_034,aggregate_cross_paper,train,0.5,0.6537892347194523,1.0,0.7179297449064842,398.34799695014954
N8_E10b_T12a,N8,amazon_agg_035,aggregate_cross_paper,train,0.5,0.0,0.5,0.3333333333333333,398.34799695014954
N8_E10b_T12a,N8,amazon_agg_036,aggregate_cross_paper,test,0.5714285714285714,0.7625992887185028,1.0,0.7780092867156915,398.34799695014954
N8_E10b_T12a,N8,amazon_agg_037,aggregate_cross_paper,test,1.0,0.5053478780346466,1.0,0.8351159593448823,398.34799695014954
N8_E10b_T12a,N8,amazon_agg_038,aggregate_cross_paper,test,1.0,0.49388751528169667,1.0,0.8312958384272321,398.34799695014954
N8_E10b_T12a,N8,amazon_agg_039,aggregate_cross_paper,train,0.5,0.43131304045980146,1.0,0.6437710134866005,398.34799695014954
N8_E10b_T12a,N8,amazon_agg_040,aggregate_cross_paper,train,1.0,0.6175727062201342,1.0,0.8725242354067113,398.34799695014954
N8_E10b_T12a,N8,amazon_agg_041,aggregate_cross_paper,test,0.6666666666666666,0.4249560674121677,1.0,0.6972075780262781,398.34799695014954
N8_E10b_T12a,N8,amazon_agg_042,aggregate_cross_paper,train,0.6,0.8573231567549456,1.0,0.8191077189183152,398.34799695014954
N8_E10b_T12a,N8,amazon_agg_043,aggregate_cross_paper,test,0.5,0.7762347948840198,1.0,0.7587449316280065,398.34799695014954
N8_E10b_T12a,N8,amazon_agg_044,aggregate_cross_paper,train,1.0,0.48790918915830006,1.0,0.8293030630527666,398.34799695014954
N8_E10b_T12a,N8,amazon_agg_045,aggregate_cross_paper,train,0.75,0.6352700370673857,0.75,0.711756679022462,398.34799695014954
N8_E10b_T12a,N8,amazon_agg_046,aggregate_cross_paper,test,0.75,0.7275344025543198,1.0,0.82584480085144,398.34799695014954
N8_E10b_T12a,N8,amazon_agg_047,aggregate_cross_paper,train,0.6666666666666666,0.8589403694494455,1.0,0.8418690120387041,398.34799695014954
N8_E10b_T12a,N8,amazon_agg_048,aggregate_cross_paper,test,1.0,0.4586250272115028,0.0,0.4862083424038343,398.34799695014954
N8_E10b_T12a,N8,amazon_agg_049,aggregate_cross_paper,train,0.5714285714285714,0.5125214410197771,1.0,0.6946500041494496,398.34799695014954
N8_E10b_T12a,N8,amazon_agg_050,aggregate_cross_paper,test,0.5,0.8296566691627565,1.0,0.7765522230542521,398.34799695014954
N8_E10b_T12a,N8,amazon_agg_051,aggregate_cross_paper,test,0.8333333333333334,0.5841630150198835,1.0,0.805832116117739,398.34799695014954
N8_E10b_T12a,N8,amazon_agg_052,aggregate_cross_paper,test,0.7777777777777778,0.4278475491913202,1.0,0.7352084423230326,398.34799695014954
N8_E10b_T12a,N8,amazon_agg_053,aggregate_cross_paper,train,1.0,0.5101141323061353,1.0,0.8367047107687119,398.34799695014954
N8_E10b_T12a,N8,amazon_agg_054,aggregate_cross_paper,test,0.8,0.8183188532539613,1.0,0.8727729510846537,398.34799695014954
N8_E10b_T12a,N8,amazon_agg_055,aggregate_cross_paper,train,0.75,0.7254313755962997,0.75,0.7418104585320999,398.34799695014954
N8_E10b_T12a,N8,amazon_agg_056,aggregate_cross_paper,test,0.8,0.8125923054451824,1.0,0.8708641018150608,398.34799695014954
N8_E10b_T12a,N8,amazon_agg_057,aggregate_cross_paper,test,0.5,0.47328957255002474,1.0,0.6577631908500082,398.34799695014954
N8_E10b_T12a,N8,amazon_agg_058,aggregate_cross_paper,test,1.0,0.45900223602906004,1.0,0.8196674120096867,398.34799695014954
N8_E10b_T12a,N8,amazon_agg_059,aggregate_cross_paper,test,0.75,0.4526229182916138,1.0,0.7342076394305379,398.34799695014954
N8_E10b_T12a,N8,amazon_agg_060,aggregate_cross_paper,test,1.0,0.5378331460519317,1.0,0.8459443820173105,398.34799695014954
N8_E10b_T12a,N8,amazon_agg_061,aggregate_cross_paper,test,0.6,0.0,0.5,0.3666666666666667,398.34799695014954
N8_E10b_T12a,N8,amazon_agg_062,aggregate_cross_paper,train,0.6666666666666666,0.8544819193608252,1.0,0.8403828620091639,398.34799695014954
N8_E10b_T12a,N8,amazon_agg_063,aggregate_cross_paper,test,1.0,0.7312359598072833,1.0,0.9104119866024277,398.34799695014954
N8_E10b_T12a,N8,amazon_agg_064,aggregate_cross_paper,test,0.75,0.7533313024062288,1.0,0.8344437674687429,398.34799695014954
N8_E10b_T12a,N8,amazon_agg_065,aggregate_cross_paper,train,0.3333333333333333,0.4369793079411296,1.0,0.5901042137581544,398.34799695014954
N8_E10b_T12a,N8,amazon_agg_066,aggregate_cross_paper,train,1.0,0.531915278238834,1.0,0.8439717594129447,398.34799695014954
N8_E10b_T12a,N8,amazon_agg_067,aggregate_cross_paper,test,0.75,0.467035902402118,1.0,0.7390119674673726,398.34799695014954
N8_E10b_T12a,N8,amazon_agg_068,aggregate_cross_paper,test,0.4,0.4478979814624858,1.0,0.6159659938208286,398.34799695014954
N8_E10b_T12a,N8,amazon_agg_069,aggregate_cross_paper,train,0.6666666666666666,0.844653065203374,1.0,0.8371065772900135,398.34799695014954
N8_E10b_T12a,N8,amazon_agg_070,aggregate_cross_paper,train,1.0,0.5502368818120585,1.0,0.8500789606040194,398.34799695014954
N8_E10b_T12a,N8,amazon_agg_071,aggregate_cross_paper,test,0.6666666666666666,0.8008675600750255,1.0,0.8225114089138974,398.34799695014954
N8_E10b_T12a,N8,amazon_agg_072,aggregate_cross_paper,train,0.3333333333333333,0.6912994342006966,1.0,0.6748775891780099,398.34799695014954
N8_E10b_T12a,N8,amazon_agg_073,aggregate_cross_paper,train,0.6666666666666666,0.5761654808138816,1.0,0.7476107158268493,398.34799695014954
N8_E10b_T12a,N8,amazon_agg_074,aggregate_cross_paper,test,1.0,0.0,0.5,0.5,398.34799695014954
N8_E10b_T12a,N8,amazon_agg_075,aggregate_cross_paper,test,0.6,0.6657463681391995,1.0,0.7552487893797332,398.34799695014954
N8_E10b_T12a,N8,amazon_agg_076,aggregate_cross_paper,train,0.75,0.7677790995757192,1.0,0.8392596998585731,398.34799695014954
N8_E10b_T12a,N8,amazon_agg_077,aggregate_cross_paper,train,0.6666666666666666,0.37161752253734404,1.0,0.6794280630680035,398.34799695014954
N8_E10b_T12a,N8,amazon_agg_078,aggregate_cross_paper,test,0.8,0.5746537524454776,1.0,0.7915512508151593,398.34799695014954
N8_E10b_T12a,N8,amazon_agg_079,aggregate_cross_paper,test,0.3333333333333333,0.9005779669883526,1.0,0.7446371001072286,398.34799695014954
N8_E10b_T12a,N8,amazon_agg_080,aggregate_cross_paper,train,1.0,0.8899415581849685,1.0,0.9633138527283228,398.34799695014954
N8_E10b_T12a,N8,amazon_agg_081,aggregate_cross_paper,train,0.5,0.7883056242770083,1.0,0.7627685414256694,398.34799695014954
N8_E10b_T12a,N8,amazon_agg_082,aggregate_cross_paper,test,1.0,0.0,0.0,0.3333333333333333,398.34799695014954
N8_E10b_T12a,N8,amazon_agg_083,aggregate_cross_paper,train,1.0,0.5777223364775453,1.0,0.8592407788258485,398.34799695014954
N8_E10b_T12a,N8,amazon_agg_084,aggregate_cross_paper,test,0.75,0.6882612332723674,1.0,0.8127537444241225,398.34799695014954
N8_E10b_T12a,N8,amazon_agg_085,aggregate_cross_paper,train,0.8,0.7940009710504626,1.0,0.8646669903501542,398.34799695014954
N8_E10b_T12a,N8,amazon_agg_086,aggregate_cross_paper,test,0.75,0.4371462132544475,1.0,0.7290487377514824,398.34799695014954
N8_E10b_T12a,N8,amazon_agg_087,aggregate_cross_paper,test,1.0,0.5524911634187765,1.0,0.8508303878062589,398.34799695014954
N8_E10b_T12a,N8,amazon_agg_088,aggregate_cross_paper,train,0.6,0.5564105974818677,1.0,0.7188035324939559,398.34799695014954
N8_E10b_T12a,N8,amazon_agg_089,aggregate_cross_paper,test,1.0,0.0,0.0,0.3333333333333333,398.34799695014954
N8_E10b_T12a,N8,amazon_agg_090,aggregate_cross_paper,train,0.75,0.8310067710405242,1.0,0.8603355903468414,398.34799695014954
N8_E10b_T12a,N8,amazon_agg_091,aggregate_cross_paper,test,1.0,0.4328411712000334,1.0,0.8109470570666778,398.34799695014954
N8_E10b_T12a,N8,amazon_agg_092,aggregate_cross_paper,test,0.8,0.5159270231749546,1.0,0.7719756743916516,398.34799695014954
N8_E10b_T12a,N8,amazon_agg_093,aggregate_cross_paper,train,1.0,0.4685525207185142,1.0,0.8228508402395048,398.34799695014954
N8_E10b_T12a,N8,amazon_agg_094,aggregate_cross_paper,test,1.0,0.6658760875530391,1.0,0.8886253625176797,398.34799695014954
N8_E10b_T12a,N8,amazon_agg_095,aggregate_cross_paper,train,0.8888888888888888,0.550802218635199,1.0,0.8132303691746959,398.34799695014954
N8_E10b_T12a,N8,amazon_agg_096,aggregate_cross_paper,train,0.6666666666666666,0.6183554330358576,1.0,0.7616740332341747,398.34799695014954
N8_E10b_T12a,N8,amazon_agg_097,aggregate_cross_paper,test,0.8,0.6061169321747385,1.0,0.8020389773915796,398.34799695014954
N8_E10b_T12a,N8,amazon_agg_098,aggregate_cross_paper,test,1.0,0.40648619129618013,1.0,0.8021620637653933,398.34799695014954
N8_E10b_T12a,N8,amazon_agg_099,aggregate_cross_paper,test,0.5,0.3639359395983995,0.0,0.2879786465327998,398.34799695014954
N8_E10b_T12a,N8,amazon_edge_034,edge_multihop,test,0.8333333333333334,0.8408976933333677,0.75,0.8080770088889003,398.34799695014954
N8_E10b_T12a,N8,amazon_edge_035,edge_multihop,test,0.6666666666666666,0.0,0.0,0.2222222222222222,398.34799695014954
N8_E10b_T12a,N8,amazon_edge_036,edge_multihop,test,0.5,0.0,0.75,0.4166666666666667,398.34799695014954
N8_E10b_T12a,N8,amazon_edge_037,edge_multihop,train,1.0,0.8666159080493809,1.0,0.9555386360164603,398.34799695014954
N8_E10b_T12a,N8,amazon_edge_038,edge_multihop,test,0.4,0.0,0.25,0.21666666666666667,398.34799695014954
N8_E10b_T12a,N8,amazon_edge_039,edge_multihop,train,0.6666666666666666,0.8608471889229148,0.5,0.6758379518631937,398.34799695014954
N8_E10b_T12a,N8,amazon_edge_040,edge_multihop,test,1.0,0.0,0.0,0.3333333333333333,398.34799695014954
N8_E10b_T12a,N8,amazon_edge_041,edge_multihop,test,1.0,0.0,0.0,0.3333333333333333,398.34799695014954
N8_E10b_T12a,N8,amazon_edge_042,edge_multihop,test,1.0,0.0,0.25,0.4166666666666667,398.34799695014954
N8_E10b_T12a,N8,amazon_edge_043,edge_multihop,test,0.0,0.0,1.0,0.3333333333333333,398.34799695014954
N8_E10b_T12a,N8,amazon_edge_044,edge_multihop,test,0.0,0.0,0.0,0.0,398.34799695014954
N8_E10b_T12a,N8,amazon_edge_045,edge_multihop,train,1.0,0.8334155981333212,0.0,0.6111385327111071,398.34799695014954
N8_E10b_T12a,N8,amazon_edge_046,edge_multihop,test,1.0,0.8594331793265346,0.75,0.8698110597755115,398.34799695014954
N8_E10b_T12a,N8,amazon_edge_047,edge_multihop,test,1.0,0.0,0.0,0.3333333333333333,398.34799695014954
N8_E10b_T12a,N8,amazon_edge_048,edge_multihop,train,0.6,0.7374966214308667,0.0,0.4458322071436222,398.34799695014954
N8_E10b_T12a,N8,amazon_edge_049,edge_multihop,train,1.0,0.0,0.0,0.3333333333333333,398.34799695014954
N8_E10b_T12a,N8,amazon_edge_050,edge_multihop,test,0.3333333333333333,0.0,0.0,0.1111111111111111,398.34799695014954
N8_E10b_T12a,N8,amazon_edge_051,edge_multihop,test,0.5,0.0,0.0,0.16666666666666666,398.34799695014954
N8_E10b_T12a,N8,amazon_edge_052,edge_multihop,train,1.0,0.0,0.0,0.3333333333333333,398.34799695014954
N8_E10b_T12a,N8,amazon_edge_053,edge_multihop,train,0.8,0.0,1.0,0.6,398.34799695014954
N8_E10b_T12a,N8,amazon_edge_054,edge_multihop,train,0.4,0.0,1.0,0.4666666666666666,398.34799695014954
N8_E10b_T12a,N8,amazon_edge_055,edge_multihop,train,0.6666666666666666,0.0,0.0,0.2222222222222222,398.34799695014954
N8_E10b_T12a,N8,amazon_edge_056,edge_multihop,train,1.0,0.0,0.0,0.3333333333333333,398.34799695014954
N8_E10b_T12a,N8,amazon_edge_057,edge_multihop,train,0.8,0.8406990577166727,1.0,0.880233019238891,398.34799695014954
N8_E10b_T12a,N8,amazon_edge_058,edge_multihop,train,0.6,0.0,1.0,0.5333333333333333,398.34799695014954
N8_E10b_T12a,N8,amazon_edge_059,edge_multihop,train,0.0,0.0,1.0,0.3333333333333333,398.34799695014954
N8_E10b_T12a,N8,amazon_edge_060,edge_multihop,train,1.0,0.0,0.0,0.3333333333333333,398.34799695014954
N8_E10b_T12a,N8,amazon_edge_061,edge_multihop,test,0.5,0.0,0.5,0.3333333333333333,398.34799695014954
N8_E10b_T12a,N8,amazon_edge_062,edge_multihop,test,1.0,0.8797688174511272,1.0,0.9599229391503757,398.34799695014954
N8_E10b_T12a,N8,amazon_edge_063,edge_multihop,train,1.0,0.0,0.0,0.3333333333333333,398.34799695014954
N8_E10b_T12a,N8,amazon_edge_064,edge_multihop,test,1.0,0.7508227234325192,0.5,0.7502742411441731,398.34799695014954
N8_E10b_T12a,N8,amazon_edge_065,edge_multihop,train,0.5,0.0,1.0,0.5,398.34799695014954
N8_E10b_T12a,N8,amazon_edge_066,edge_multihop,train,0.875,0.7982361602595343,0.75,0.8077453867531781,398.34799695014954
N8_E10b_T12a,N8,amazon_edge_067,edge_multihop,train,1.0,0.8266173278186485,0.75,0.8588724426062161,398.34799695014954
N8_E10b_T12a,N8,amazon_edge_068,edge_multihop,test,1.0,0.790892903941978,0.5,0.7636309679806593,398.34799695014954
N8_E10b_T12a,N8,amazon_edge_069,edge_multihop,test,0.6666666666666666,0.0,0.0,0.2222222222222222,398.34799695014954
N8_E10b_T12a,N8,amazon_edge_070,edge_multihop,test,0.75,0.8782503380605406,0.25,0.6260834460201802,398.34799695014954
N8_E10b_T12a,N8,amazon_edge_071,edge_multihop,test,1.0,0.8874317117903942,0.75,0.8791439039301313,398.34799695014954
N8_E10b_T12a,N8,amazon_edge_072,edge_multihop,test,1.0,0.0,0.0,0.3333333333333333,398.34799695014954
N8_E10b_T12a,N8,amazon_edge_073,edge_multihop,train,1.0,0.0,0.0,0.3333333333333333,398.34799695014954
N8_E10b_T12a,N8,amazon_edge_074,edge_multihop,train,1.0,0.8997015357178283,0.5,0.7999005119059427,398.34799695014954
N8_E10b_T12a,N8,amazon_edge_075,edge_multihop,train,1.0,0.0,0.0,0.3333333333333333,398.34799695014954
N8_E10b_T12a,N8,amazon_edge_076,edge_multihop,train,0.5714285714285714,0.0,0.0,0.19047619047619047,398.34799695014954
N8_E10b_T12a,N8,amazon_edge_077,edge_multihop,test,1.0,0.0,0.0,0.3333333333333333,398.34799695014954
N8_E10b_T12a,N8,amazon_edge_078,edge_multihop,train,1.0,0.0,0.0,0.3333333333333333,398.34799695014954
N8_E10b_T12a,N8,amazon_edge_079,edge_multihop,train,1.0,0.8637032114345816,1.0,0.9545677371448605,398.34799695014954
N8_E10b_T12a,N8,amazon_edge_080,edge_multihop,test,1.0,0.0,0.0,0.3333333333333333,398.34799695014954
N8_E10b_T12a,N8,amazon_edge_081,edge_multihop,train,1.0,0.0,0.0,0.3333333333333333,398.34799695014954
N8_E10b_T12a,N8,amazon_edge_082,edge_multihop,train,0.8571428571428571,0.8843082320456725,0.5,0.7471503630628432,398.34799695014954
N8_E10b_T12a,N8,amazon_edge_083,edge_multihop,train,0.875,0.8078621934529302,1.0,0.8942873978176434,398.34799695014954
N8_E10b_T12a,N8,amazon_edge_084,edge_multihop,test,1.0,0.0,0.0,0.3333333333333333,398.34799695014954
N8_E10b_T12a,N8,amazon_edge_085,edge_multihop,train,1.0,0.0,0.0,0.3333333333333333,398.34799695014954
N8_E10b_T12a,N8,amazon_edge_086,edge_multihop,train,1.0,0.0,0.0,0.3333333333333333,398.34799695014954
N8_E10b_T12a,N8,amazon_edge_087,edge_multihop,train,1.0,0.0,1.0,0.6666666666666666,398.34799695014954
N8_E10b_T12a,N8,amazon_edge_088,edge_multihop,train,0.6,0.0,1.0,0.5333333333333333,398.34799695014954
N8_E10b_T12a,N8,amazon_edge_089,edge_multihop,train,0.8333333333333334,0.0,1.0,0.6111111111111112,398.34799695014954
N8_E10b_T12a,N8,amazon_edge_090,edge_multihop,train,0.3333333333333333,0.0,1.0,0.4444444444444444,398.34799695014954
N8_E10b_T12a,N8,amazon_edge_091,edge_multihop,test,0.6666666666666666,0.0,0.0,0.2222222222222222,398.34799695014954
N8_E10b_T12a,N8,amazon_edge_092,edge_multihop,test,0.7142857142857143,0.8285270924287961,1.0,0.8476042689048368,398.34799695014954
N8_E10b_T12a,N8,amazon_edge_093,edge_multihop,train,0.6666666666666666,0.0,0.0,0.2222222222222222,398.34799695014954
N8_E10b_T12a,N8,amazon_edge_094,edge_multihop,test,0.75,0.8113851333259205,1.0,0.8537950444419735,398.34799695014954
N8_E10b_T12a,N8,amazon_edge_095,edge_multihop,test,0.6666666666666666,0.0,0.0,0.2222222222222222,398.34799695014954
N8_E10b_T12a,N8,amazon_edge_096,edge_multihop,test,1.0,0.0,0.5,0.5,398.34799695014954
N8_E10b_T12a,N8,amazon_edge_097,edge_multihop,test,0.8333333333333334,0.843748951386433,1.0,0.8923607615732555,398.34799695014954
N8_E10b_T12a,N8,amazon_edge_098,edge_multihop,train,0.875,0.8165392755925808,0.5,0.7305130918641937,398.34799695014954
N8_E10b_T12a,N8,amazon_edge_099,edge_multihop,train,1.0,0.0,0.0,0.3333333333333333,398.34799695014954
N8_E10b_T12a,N8,amazon_sh_083,single_specific,train,1.0,1.0,1.0,1.0,398.34799695014954
N8_E10b_T12a,N8,amazon_sh_084,single_specific,train,1.0,1.0,1.0,1.0,398.34799695014954
N8_E10b_T12a,N8,amazon_sh_085,single_specific,train,1.0,0.9606092135649005,1.0,0.9868697378549669,398.34799695014954
N8_E10b_T12a,N8,amazon_sh_086,single_specific,train,1.0,0.9600457605484201,1.0,0.9866819201828066,398.34799695014954
N8_E10b_T12a,N8,amazon_sh_087,single_specific,train,1.0,0.0,0.0,0.3333333333333333,398.34799695014954
N8_E10b_T12a,N8,amazon_sh_088,single_specific,train,1.0,0.9999996026449097,1.0,0.9999998675483033,398.34799695014954
N8_E10b_T12a,N8,amazon_sh_089,single_specific,test,1.0,0.9210960289640376,1.0,0.9736986763213459,398.34799695014954
N8_E10b_T12a,N8,amazon_sh_090,single_specific,test,1.0,0.8605644422410532,1.0,0.9535214807470177,398.34799695014954
N8_E10b_T12a,N8,amazon_sh_091,single_specific,test,0.8,0.8655517643998847,1.0,0.8885172547999615,398.34799695014954
N8_E10b_T12a,N8,amazon_sh_092,single_specific,train,0.6,0.8196240170167003,1.0,0.8065413390055668,398.34799695014954
N8_E10b_T12a,N8,amazon_sh_093,single_specific,train,1.0,0.0,0.0,0.3333333333333333,398.34799695014954
N8_E10b_T12a,N8,amazon_sh_094,single_specific,train,1.0,0.7033860777054773,0.5,0.7344620259018257,398.34799695014954
N8_E10b_T12a,N8,amazon_sh_095,single_specific,test,0.5,0.8212692413321198,0.75,0.6904230804440399,398.34799695014954
N8_E10b_T12a,N8,amazon_sh_096,single_specific,test,1.0,0.9086807031110857,1.0,0.9695602343703619,398.34799695014954
N8_E10b_T12a,N8,amazon_sh_097,single_specific,test,0.3333333333333333,0.0,0.5,0.27777777777777773,398.34799695014954
N8_E10b_T12a,N8,amazon_sh_098,single_specific,test,1.0,1.0000000000000002,1.0,1.0,398.34799695014954
N8_E10b_T12a,N8,amazon_sh_099,single_specific,train,1.0,0.9999996329913122,1.0,0.9999998776637707,398.34799695014954
N8_E10b_T12b,N8,amazon_agg_033,aggregate_cross_paper,train,0.6666666666666666,0.8351390063150916,1.0,0.8339352243272528,304.4235317707062
N8_E10b_T12b,N8,amazon_agg_034,aggregate_cross_paper,train,0.5,0.6538238807525487,1.0,0.7179412935841829,304.4235317707062
N8_E10b_T12b,N8,amazon_agg_035,aggregate_cross_paper,train,0.5,0.0,0.5,0.3333333333333333,304.4235317707062
N8_E10b_T12b,N8,amazon_agg_036,aggregate_cross_paper,test,0.5714285714285714,0.7991044920799502,1.0,0.7901776878361738,304.4235317707062
N8_E10b_T12b,N8,amazon_agg_037,aggregate_cross_paper,test,0.9090909090909091,0.5080088886178524,1.0,0.8056999325695872,304.4235317707062
N8_E10b_T12b,N8,amazon_agg_038,aggregate_cross_paper,test,1.0,0.49388751528169667,0.75,0.7479625050938988,304.4235317707062
N8_E10b_T12b,N8,amazon_agg_039,aggregate_cross_paper,train,0.6,0.522923993283595,1.0,0.7076413310945316,304.4235317707062
N8_E10b_T12b,N8,amazon_agg_040,aggregate_cross_paper,train,1.0,0.6175706437266348,1.0,0.8725235479088783,304.4235317707062
N8_E10b_T12b,N8,amazon_agg_041,aggregate_cross_paper,test,0.6666666666666666,0.4249560674121677,1.0,0.6972075780262781,304.4235317707062
N8_E10b_T12b,N8,amazon_agg_042,aggregate_cross_paper,train,0.5,0.857325449457293,1.0,0.7857751498190977,304.4235317707062
N8_E10b_T12b,N8,amazon_agg_043,aggregate_cross_paper,test,0.25,0.7762347948840198,1.0,0.6754115982946732,304.4235317707062
N8_E10b_T12b,N8,amazon_agg_044,aggregate_cross_paper,train,1.0,0.48721614583986667,1.0,0.8290720486132889,304.4235317707062
N8_E10b_T12b,N8,amazon_agg_045,aggregate_cross_paper,train,0.75,0.6352700370673857,0.75,0.711756679022462,304.4235317707062
N8_E10b_T12b,N8,amazon_agg_046,aggregate_cross_paper,test,0.5,0.6707740312072836,1.0,0.7235913437357612,304.4235317707062
N8_E10b_T12b,N8,amazon_agg_047,aggregate_cross_paper,train,0.6666666666666666,0.8589403694494455,1.0,0.8418690120387041,304.4235317707062
N8_E10b_T12b,N8,amazon_agg_048,aggregate_cross_paper,test,1.0,0.45862996945464113,0.0,0.48620998981821373,304.4235317707062
N8_E10b_T12b,N8,amazon_agg_049,aggregate_cross_paper,train,0.5714285714285714,0.49984638531234704,1.0,0.6904249855803061,304.4235317707062
N8_E10b_T12b,N8,amazon_agg_050,aggregate_cross_paper,test,0.5,0.829653898898287,1.0,0.7765512996327623,304.4235317707062
N8_E10b_T12b,N8,amazon_agg_051,aggregate_cross_paper,test,0.8333333333333334,0.584186473193161,1.0,0.8058399355088315,304.4235317707062
N8_E10b_T12b,N8,amazon_agg_052,aggregate_cross_paper,test,0.7,0.45640138271846104,1.0,0.7188004609061537,304.4235317707062
N8_E10b_T12b,N8,amazon_agg_053,aggregate_cross_paper,train,1.0,0.5101208904425483,1.0,0.8367069634808494,304.4235317707062
N8_E10b_T12b,N8,amazon_agg_054,aggregate_cross_paper,test,0.8,0.8781328574732555,1.0,0.8927109524910852,304.4235317707062
N8_E10b_T12b,N8,amazon_agg_055,aggregate_cross_paper,train,0.75,0.6982392829705724,0.75,0.7327464276568575,304.4235317707062
N8_E10b_T12b,N8,amazon_agg_056,aggregate_cross_paper,test,0.5,0.8125407529473968,1.0,0.7708469176491323,304.4235317707062
N8_E10b_T12b,N8,amazon_agg_057,aggregate_cross_paper,test,0.5,0.47328957255002474,1.0,0.6577631908500082,304.4235317707062
N8_E10b_T12b,N8,amazon_agg_058,aggregate_cross_paper,test,1.0,0.5458164162862769,1.0,0.8486054720954256,304.4235317707062
N8_E10b_T12b,N8,amazon_agg_059,aggregate_cross_paper,test,1.0,0.4526062104933569,1.0,0.8175354034977856,304.4235317707062
N8_E10b_T12b,N8,amazon_agg_060,aggregate_cross_paper,test,1.0,0.5568224795509839,1.0,0.852274159850328,304.4235317707062
N8_E10b_T12b,N8,amazon_agg_061,aggregate_cross_paper,test,0.8,0.0,0.5,0.43333333333333335,304.4235317707062
N8_E10b_T12b,N8,amazon_agg_062,aggregate_cross_paper,train,0.6666666666666666,0.8191570475995631,1.0,0.8286079047554099,304.4235317707062
N8_E10b_T12b,N8,amazon_agg_063,aggregate_cross_paper,test,1.0,0.7312159454695993,1.0,0.9104053151565331,304.4235317707062
N8_E10b_T12b,N8,amazon_agg_064,aggregate_cross_paper,test,0.6666666666666666,0.7430359683399033,1.0,0.8032342116688566,304.4235317707062
N8_E10b_T12b,N8,amazon_agg_065,aggregate_cross_paper,train,0.3333333333333333,0.4542463031329759,1.0,0.5958598788221031,304.4235317707062
N8_E10b_T12b,N8,amazon_agg_066,aggregate_cross_paper,train,1.0,0.5630906309674605,1.0,0.8543635436558201,304.4235317707062
N8_E10b_T12b,N8,amazon_agg_067,aggregate_cross_paper,test,0.8,0.3789906253198284,1.0,0.7263302084399429,304.4235317707062
N8_E10b_T12b,N8,amazon_agg_068,aggregate_cross_paper,test,0.4,0.45158604395872676,1.0,0.6171953479862423,304.4235317707062
N8_E10b_T12b,N8,amazon_agg_069,aggregate_cross_paper,train,0.75,0.649501010558857,1.0,0.7998336701862856,304.4235317707062
N8_E10b_T12b,N8,amazon_agg_070,aggregate_cross_paper,train,0.8333333333333334,0.5503107161922343,1.0,0.7945480165085225,304.4235317707062
N8_E10b_T12b,N8,amazon_agg_071,aggregate_cross_paper,test,0.8333333333333334,0.8008675600750255,1.0,0.8780669644694529,304.4235317707062
N8_E10b_T12b,N8,amazon_agg_072,aggregate_cross_paper,train,0.3333333333333333,0.6900762177173305,1.0,0.6744698503502212,304.4235317707062
N8_E10b_T12b,N8,amazon_agg_073,aggregate_cross_paper,train,0.6666666666666666,0.5761654808138816,1.0,0.7476107158268493,304.4235317707062
N8_E10b_T12b,N8,amazon_agg_074,aggregate_cross_paper,test,1.0,0.5375140783357071,0.5,0.6791713594452357,304.4235317707062
N8_E10b_T12b,N8,amazon_agg_075,aggregate_cross_paper,test,0.7142857142857143,0.6657463681391995,1.0,0.7933440274749713,304.4235317707062
N8_E10b_T12b,N8,amazon_agg_076,aggregate_cross_paper,train,0.75,0.7678342613690672,1.0,0.8392780871230224,304.4235317707062
N8_E10b_T12b,N8,amazon_agg_077,aggregate_cross_paper,train,0.3333333333333333,0.371617020470688,1.0,0.5683167846013405,304.4235317707062
N8_E10b_T12b,N8,amazon_agg_078,aggregate_cross_paper,test,0.8,0.5746537524454776,1.0,0.7915512508151593,304.4235317707062
N8_E10b_T12b,N8,amazon_agg_079,aggregate_cross_paper,test,0.3333333333333333,0.8979336401874055,1.0,0.7437556578402463,304.4235317707062
N8_E10b_T12b,N8,amazon_agg_080,aggregate_cross_paper,train,1.0,0.8899519510707132,1.0,0.963317317023571,304.4235317707062
N8_E10b_T12b,N8,amazon_agg_081,aggregate_cross_paper,train,0.75,0.7883056242770083,1.0,0.8461018747590027,304.4235317707062
N8_E10b_T12b,N8,amazon_agg_082,aggregate_cross_paper,test,1.0,0.0,0.0,0.3333333333333333,304.4235317707062
N8_E10b_T12b,N8,amazon_agg_083,aggregate_cross_paper,train,1.0,0.5802057136083499,1.0,0.8600685712027833,304.4235317707062
N8_E10b_T12b,N8,amazon_agg_084,aggregate_cross_paper,test,0.625,0.688291624467876,1.0,0.7710972081559587,304.4235317707062
N8_E10b_T12b,N8,amazon_agg_085,aggregate_cross_paper,train,0.5,0.7940009710504626,1.0,0.7646669903501543,304.4235317707062
N8_E10b_T12b,N8,amazon_agg_086,aggregate_cross_paper,test,0.6666666666666666,0.4355436999349692,1.0,0.7007367888672119,304.4235317707062
N8_E10b_T12b,N8,amazon_agg_087,aggregate_cross_paper,test,0.6,0.5525228544818518,1.0,0.7175076181606173,304.4235317707062
N8_E10b_T12b,N8,amazon_agg_088,aggregate_cross_paper,train,0.6,0.5564776611729522,1.0,0.7188258870576507,304.4235317707062
N8_E10b_T12b,N8,amazon_agg_089,aggregate_cross_paper,test,1.0,0.0,0.0,0.3333333333333333,304.4235317707062
N8_E10b_T12b,N8,amazon_agg_090,aggregate_cross_paper,train,0.75,0.830172865327619,1.0,0.860057621775873,304.4235317707062
N8_E10b_T12b,N8,amazon_agg_091,aggregate_cross_paper,test,0.75,0.4641117952046865,1.0,0.7380372650682289,304.4235317707062
N8_E10b_T12b,N8,amazon_agg_092,aggregate_cross_paper,test,0.8,0.5159270231749546,1.0,0.7719756743916516,304.4235317707062
N8_E10b_T12b,N8,amazon_agg_093,aggregate_cross_paper,train,1.0,0.46853987557948096,1.0,0.8228466251931602,304.4235317707062
N8_E10b_T12b,N8,amazon_agg_094,aggregate_cross_paper,test,1.0,0.7782837383972098,1.0,0.9260945794657366,304.4235317707062
N8_E10b_T12b,N8,amazon_agg_095,aggregate_cross_paper,train,0.9,0.5816191182215653,1.0,0.8272063727405218,304.4235317707062
N8_E10b_T12b,N8,amazon_agg_096,aggregate_cross_paper,train,0.6666666666666666,0.6176354704533066,1.0,0.7614340457066578,304.4235317707062
N8_E10b_T12b,N8,amazon_agg_097,aggregate_cross_paper,test,0.6,0.6084250778175553,1.0,0.7361416926058517,304.4235317707062
N8_E10b_T12b,N8,amazon_agg_098,aggregate_cross_paper,test,1.0,0.42916737363201035,1.0,0.8097224578773368,304.4235317707062
N8_E10b_T12b,N8,amazon_agg_099,aggregate_cross_paper,test,0.5,0.351001621187478,0.0,0.28366720706249265,304.4235317707062
N8_E10b_T12b,N8,amazon_edge_034,edge_multihop,test,0.5714285714285714,0.8409582341043595,0.75,0.7207956018443102,304.4235317707062
N8_E10b_T12b,N8,amazon_edge_035,edge_multihop,test,0.3333333333333333,0.0,0.0,0.1111111111111111,304.4235317707062
N8_E10b_T12b,N8,amazon_edge_036,edge_multihop,test,0.5,0.0,0.75,0.4166666666666667,304.4235317707062
N8_E10b_T12b,N8,amazon_edge_037,edge_multihop,train,1.0,0.8666275771384113,1.0,0.9555425257128037,304.4235317707062
N8_E10b_T12b,N8,amazon_edge_038,edge_multihop,test,0.8,0.0,0.25,0.35000000000000003,304.4235317707062
N8_E10b_T12b,N8,amazon_edge_039,edge_multihop,train,0.8571428571428571,0.8607736709010745,0.5,0.7393055093479771,304.4235317707062
N8_E10b_T12b,N8,amazon_edge_040,edge_multihop,test,0.8333333333333334,0.0,0.0,0.2777777777777778,304.4235317707062
N8_E10b_T12b,N8,amazon_edge_041,edge_multihop,test,0.6666666666666666,0.0,0.0,0.2222222222222222,304.4235317707062
N8_E10b_T12b,N8,amazon_edge_042,edge_multihop,test,1.0,0.0,0.0,0.3333333333333333,304.4235317707062
N8_E10b_T12b,N8,amazon_edge_043,edge_multihop,test,0.0,0.0,1.0,0.3333333333333333,304.4235317707062
N8_E10b_T12b,N8,amazon_edge_044,edge_multihop,test,0.0,0.0,0.0,0.0,304.4235317707062
N8_E10b_T12b,N8,amazon_edge_045,edge_multihop,train,0.6666666666666666,0.8971804296247362,0.0,0.5212823654304676,304.4235317707062
N8_E10b_T12b,N8,amazon_edge_046,edge_multihop,test,1.0,0.8145410833492354,0.5,0.771513694449745,304.4235317707062
N8_E10b_T12b,N8,amazon_edge_047,edge_multihop,test,1.0,0.0,0.0,0.3333333333333333,304.4235317707062
N8_E10b_T12b,N8,amazon_edge_048,edge_multihop,train,0.75,0.918461997476889,0.0,0.5561539991589629,304.4235317707062
N8_E10b_T12b,N8,amazon_edge_049,edge_multihop,train,1.0,0.0,0.0,0.3333333333333333,304.4235317707062
N8_E10b_T12b,N8,amazon_edge_050,edge_multihop,test,0.3333333333333333,0.0,0.0,0.1111111111111111,304.4235317707062
N8_E10b_T12b,N8,amazon_edge_051,edge_multihop,test,0.5,0.0,0.0,0.16666666666666666,304.4235317707062
N8_E10b_T12b,N8,amazon_edge_052,edge_multihop,train,1.0,0.0,0.0,0.3333333333333333,304.4235317707062
N8_E10b_T12b,N8,amazon_edge_053,edge_multihop,train,0.6666666666666666,0.0,1.0,0.5555555555555555,304.4235317707062
N8_E10b_T12b,N8,amazon_edge_054,edge_multihop,train,0.5,0.0,1.0,0.5,304.4235317707062
N8_E10b_T12b,N8,amazon_edge_055,edge_multihop,train,0.6666666666666666,0.0,0.0,0.2222222222222222,304.4235317707062
N8_E10b_T12b,N8,amazon_edge_056,edge_multihop,train,1.0,0.0,0.0,0.3333333333333333,304.4235317707062
N8_E10b_T12b,N8,amazon_edge_057,edge_multihop,train,1.0,0.8847736796041192,1.0,0.9615912265347064,304.4235317707062
N8_E10b_T12b,N8,amazon_edge_058,edge_multihop,train,0.6,0.0,1.0,0.5333333333333333,304.4235317707062
N8_E10b_T12b,N8,amazon_edge_059,edge_multihop,train,0.0,0.0,1.0,0.3333333333333333,304.4235317707062
N8_E10b_T12b,N8,amazon_edge_060,edge_multihop,train,1.0,0.0,0.0,0.3333333333333333,304.4235317707062
N8_E10b_T12b,N8,amazon_edge_061,edge_multihop,test,0.5,0.0,0.5,0.3333333333333333,304.4235317707062
N8_E10b_T12b,N8,amazon_edge_062,edge_multihop,test,0.875,0.8603574545093644,1.0,0.9117858181697881,304.4235317707062
N8_E10b_T12b,N8,amazon_edge_063,edge_multihop,train,1.0,0.0,0.0,0.3333333333333333,304.4235317707062
N8_E10b_T12b,N8,amazon_edge_064,edge_multihop,test,1.0,0.7624733544288773,0.75,0.8374911181429591,304.4235317707062
N8_E10b_T12b,N8,amazon_edge_065,edge_multihop,train,0.25,0.0,1.0,0.4166666666666667,304.4235317707062
N8_E10b_T12b,N8,amazon_edge_066,edge_multihop,train,0.875,0.7911247607394299,0.75,0.8053749202464767,304.4235317707062
N8_E10b_T12b,N8,amazon_edge_067,edge_multihop,train,1.0,0.8266169044656059,0.5,0.775538968155202,304.4235317707062
N8_E10b_T12b,N8,amazon_edge_068,edge_multihop,test,1.0,0.8291987379672916,0.5,0.7763995793224305,304.4235317707062
N8_E10b_T12b,N8,amazon_edge_069,edge_multihop,test,0.6666666666666666,0.0,0.0,0.2222222222222222,304.4235317707062
N8_E10b_T12b,N8,amazon_edge_070,edge_multihop,test,0.75,0.8844760040928695,0.5,0.7114920013642898,304.4235317707062
N8_E10b_T12b,N8,amazon_edge_071,edge_multihop,test,1.0,0.8874427423375145,0.75,0.8791475807791715,304.4235317707062
N8_E10b_T12b,N8,amazon_edge_072,edge_multihop,test,1.0,0.0,0.0,0.3333333333333333,304.4235317707062
N8_E10b_T12b,N8,amazon_edge_073,edge_multihop,train,1.0,0.0,0.0,0.3333333333333333,304.4235317707062
N8_E10b_T12b,N8,amazon_edge_074,edge_multihop,train,1.0,0.8063518751677564,0.5,0.7687839583892521,304.4235317707062
N8_E10b_T12b,N8,amazon_edge_075,edge_multihop,train,1.0,0.0,0.0,0.3333333333333333,304.4235317707062
N8_E10b_T12b,N8,amazon_edge_076,edge_multihop,train,0.625,0.0,0.0,0.20833333333333334,304.4235317707062
N8_E10b_T12b,N8,amazon_edge_077,edge_multihop,test,1.0,0.0,0.0,0.3333333333333333,304.4235317707062
N8_E10b_T12b,N8,amazon_edge_078,edge_multihop,train,1.0,0.0,0.0,0.3333333333333333,304.4235317707062
N8_E10b_T12b,N8,amazon_edge_079,edge_multihop,train,1.0,0.8377320028172269,1.0,0.9459106676057423,304.4235317707062
N8_E10b_T12b,N8,amazon_edge_080,edge_multihop,test,1.0,0.0,0.0,0.3333333333333333,304.4235317707062
N8_E10b_T12b,N8,amazon_edge_081,edge_multihop,train,1.0,0.0,0.0,0.3333333333333333,304.4235317707062
N8_E10b_T12b,N8,amazon_edge_082,edge_multihop,train,0.8571428571428571,0.88431015187923,0.5,0.7471510030073624,304.4235317707062
N8_E10b_T12b,N8,amazon_edge_083,edge_multihop,train,0.7142857142857143,0.8615882572960938,1.0,0.858624657193936,304.4235317707062
N8_E10b_T12b,N8,amazon_edge_084,edge_multihop,test,1.0,0.0,0.0,0.3333333333333333,304.4235317707062
N8_E10b_T12b,N8,amazon_edge_085,edge_multihop,train,1.0,0.0,0.0,0.3333333333333333,304.4235317707062
N8_E10b_T12b,N8,amazon_edge_086,edge_multihop,train,1.0,0.0,0.0,0.3333333333333333,304.4235317707062
N8_E10b_T12b,N8,amazon_edge_087,edge_multihop,train,1.0,0.0,1.0,0.6666666666666666,304.4235317707062
N8_E10b_T12b,N8,amazon_edge_088,edge_multihop,train,0.8,0.0,1.0,0.6,304.4235317707062
N8_E10b_T12b,N8,amazon_edge_089,edge_multihop,train,0.8571428571428571,0.815455619985912,1.0,0.8908661590429231,304.4235317707062
N8_E10b_T12b,N8,amazon_edge_090,edge_multihop,train,0.3333333333333333,0.0,1.0,0.4444444444444444,304.4235317707062
N8_E10b_T12b,N8,amazon_edge_091,edge_multihop,test,0.6666666666666666,0.0,0.0,0.2222222222222222,304.4235317707062
N8_E10b_T12b,N8,amazon_edge_092,edge_multihop,test,0.8571428571428571,0.8282624383101187,1.0,0.8951350984843253,304.4235317707062
N8_E10b_T12b,N8,amazon_edge_093,edge_multihop,train,0.6666666666666666,0.0,0.0,0.2222222222222222,304.4235317707062
N8_E10b_T12b,N8,amazon_edge_094,edge_multihop,test,0.5,0.8113619597977086,1.0,0.7704539865992363,304.4235317707062
N8_E10b_T12b,N8,amazon_edge_095,edge_multihop,test,0.6666666666666666,0.0,0.0,0.2222222222222222,304.4235317707062
N8_E10b_T12b,N8,amazon_edge_096,edge_multihop,test,0.8333333333333334,0.8467367774097996,0.25,0.6433567035810444,304.4235317707062
N8_E10b_T12b,N8,amazon_edge_097,edge_multihop,test,1.0,0.843748951386433,1.0,0.947916317128811,304.4235317707062
N8_E10b_T12b,N8,amazon_edge_098,edge_multihop,train,0.8571428571428571,0.8165645893485864,0.5,0.7245691488304812,304.4235317707062
N8_E10b_T12b,N8,amazon_edge_099,edge_multihop,train,1.0,0.0,0.0,0.3333333333333333,304.4235317707062
N8_E10b_T12b,N8,amazon_sh_083,single_specific,train,1.0,1.0,1.0,1.0,304.4235317707062
N8_E10b_T12b,N8,amazon_sh_084,single_specific,train,1.0,0.9999996066235539,1.0,0.999999868874518,304.4235317707062
N8_E10b_T12b,N8,amazon_sh_085,single_specific,train,1.0,0.9606136507756161,1.0,0.9868712169252053,304.4235317707062
N8_E10b_T12b,N8,amazon_sh_086,single_specific,train,1.0,0.9600167814645556,1.0,0.9866722604881852,304.4235317707062
N8_E10b_T12b,N8,amazon_sh_087,single_specific,train,0.75,0.0,0.0,0.25,304.4235317707062
N8_E10b_T12b,N8,amazon_sh_088,single_specific,train,1.0,1.0,1.0,1.0,304.4235317707062
N8_E10b_T12b,N8,amazon_sh_089,single_specific,test,1.0,0.9211089217848676,1.0,0.9737029739282891,304.4235317707062
N8_E10b_T12b,N8,amazon_sh_090,single_specific,test,1.0,0.8606019802928853,1.0,0.9535339934309617,304.4235317707062
N8_E10b_T12b,N8,amazon_sh_091,single_specific,test,0.8,0.8622758895605931,1.0,0.8874252965201977,304.4235317707062
N8_E10b_T12b,N8,amazon_sh_092,single_specific,train,0.6,0.8102447206097735,1.0,0.8034149068699245,304.4235317707062
N8_E10b_T12b,N8,amazon_sh_093,single_specific,train,1.0,0.0,0.0,0.3333333333333333,304.4235317707062
N8_E10b_T12b,N8,amazon_sh_094,single_specific,train,1.0,0.7033860777054773,0.5,0.7344620259018257,304.4235317707062
N8_E10b_T12b,N8,amazon_sh_095,single_specific,test,0.5,0.8212692413321198,0.75,0.6904230804440399,304.4235317707062
N8_E10b_T12b,N8,amazon_sh_096,single_specific,test,1.0,0.8905308418003887,1.0,0.9635102806001296,304.4235317707062
N8_E10b_T12b,N8,amazon_sh_097,single_specific,test,0.5,0.0,0.5,0.3333333333333333,304.4235317707062
N8_E10b_T12b,N8,amazon_sh_098,single_specific,test,1.0,1.0,1.0,1.0,304.4235317707062
N8_E10b_T12b,N8,amazon_sh_099,single_specific,train,1.0,1.0,1.0,1.0,304.4235317707062
N8_E10c_T12a,N8,amazon_agg_033,aggregate_cross_paper,train,0.5,0.8351296104316706,1.0,0.778376536810557,339.5450801849365
N8_E10c_T12a,N8,amazon_agg_034,aggregate_cross_paper,train,0.5,0.6537892347194523,1.0,0.7179297449064842,339.5450801849365
N8_E10c_T12a,N8,amazon_agg_035,aggregate_cross_paper,train,0.5,0.0,0.5,0.3333333333333333,339.5450801849365
N8_E10c_T12a,N8,amazon_agg_036,aggregate_cross_paper,test,0.75,0.7625992887185028,1.0,0.8375330962395009,339.5450801849365
N8_E10c_T12a,N8,amazon_agg_037,aggregate_cross_paper,test,0.9090909090909091,0.5080074529153533,1.0,0.8056994540020875,339.5450801849365
N8_E10c_T12a,N8,amazon_agg_038,aggregate_cross_paper,test,1.0,0.49391905063385655,0.75,0.7479730168779523,339.5450801849365
N8_E10c_T12a,N8,amazon_agg_039,aggregate_cross_paper,train,0.0,0.5229554822750806,1.0,0.5076518274250269,339.5450801849365
N8_E10c_T12a,N8,amazon_agg_040,aggregate_cross_paper,train,1.0,0.6175727062201342,1.0,0.8725242354067113,339.5450801849365
N8_E10c_T12a,N8,amazon_agg_041,aggregate_cross_paper,test,0.6666666666666666,0.42496027806928427,1.0,0.6972089815786503,339.5450801849365
N8_E10c_T12a,N8,amazon_agg_042,aggregate_cross_paper,train,0.6,0.8573064975291576,1.0,0.8191021658430525,339.5450801849365
N8_E10c_T12a,N8,amazon_agg_043,aggregate_cross_paper,test,0.5,0.7762664829508891,1.0,0.7587554943169631,339.5450801849365
N8_E10c_T12a,N8,amazon_agg_044,aggregate_cross_paper,train,0.75,0.48790918915830006,1.0,0.7459697297194333,339.5450801849365
N8_E10c_T12a,N8,amazon_agg_045,aggregate_cross_paper,train,0.75,0.6351997772271963,0.5,0.6283999257423988,339.5450801849365
N8_E10c_T12a,N8,amazon_agg_046,aggregate_cross_paper,test,0.75,0.6708096504508267,1.0,0.8069365501502755,339.5450801849365
N8_E10c_T12a,N8,amazon_agg_047,aggregate_cross_paper,train,0.6666666666666666,0.8662420182774777,1.0,0.8443028949813814,339.5450801849365
N8_E10c_T12a,N8,amazon_agg_048,aggregate_cross_paper,test,1.0,0.45874774392174045,0.0,0.4862492479739135,339.5450801849365
N8_E10c_T12a,N8,amazon_agg_049,aggregate_cross_paper,train,0.5714285714285714,0.49984638531234704,1.0,0.6904249855803061,339.5450801849365
N8_E10c_T12a,N8,amazon_agg_050,aggregate_cross_paper,test,0.5,0.8296566691627565,1.0,0.7765522230542521,339.5450801849365
N8_E10c_T12a,N8,amazon_agg_051,aggregate_cross_paper,test,0.8333333333333334,0.5841331644083928,1.0,0.8058221659139088,339.5450801849365
N8_E10c_T12a,N8,amazon_agg_052,aggregate_cross_paper,test,1.0,0.42784101376649963,1.0,0.8092803379221666,339.5450801849365
N8_E10c_T12a,N8,amazon_agg_053,aggregate_cross_paper,train,1.0,0.510137039499529,1.0,0.836712346499843,339.5450801849365
N8_E10c_T12a,N8,amazon_agg_054,aggregate_cross_paper,test,0.6,0.8496382158120283,1.0,0.8165460719373426,339.5450801849365
N8_E10c_T12a,N8,amazon_agg_055,aggregate_cross_paper,train,0.75,0.6948175558495661,0.75,0.7316058519498553,339.5450801849365
N8_E10c_T12a,N8,amazon_agg_056,aggregate_cross_paper,test,0.8,0.812545277704214,1.0,0.8708484259014048,339.5450801849365
N8_E10c_T12a,N8,amazon_agg_057,aggregate_cross_paper,test,0.75,0.4756545286570529,1.0,0.7418848428856842,339.5450801849365
N8_E10c_T12a,N8,amazon_agg_058,aggregate_cross_paper,test,1.0,0.45900223602906004,1.0,0.8196674120096867,339.5450801849365
N8_E10c_T12a,N8,amazon_agg_059,aggregate_cross_paper,test,1.0,0.5527962895948091,1.0,0.8509320965316031,339.5450801849365
N8_E10c_T12a,N8,amazon_agg_060,aggregate_cross_paper,test,1.0,0.4876994142357481,1.0,0.8292331380785827,339.5450801849365
N8_E10c_T12a,N8,amazon_agg_061,aggregate_cross_paper,test,0.8,0.0,0.5,0.43333333333333335,339.5450801849365
N8_E10c_T12a,N8,amazon_agg_062,aggregate_cross_paper,train,0.6666666666666666,0.8544819193608252,1.0,0.8403828620091639,339.5450801849365
N8_E10c_T12a,N8,amazon_agg_063,aggregate_cross_paper,test,1.0,0.7311978684705771,1.0,0.9103992894901923,339.5450801849365
N8_E10c_T12a,N8,amazon_agg_064,aggregate_cross_paper,test,0.6666666666666666,0.7430359683399033,1.0,0.8032342116688566,339.5450801849365
N8_E10c_T12a,N8,amazon_agg_065,aggregate_cross_paper,train,0.5,0.4542463031329759,1.0,0.6514154343776587,339.5450801849365
N8_E10c_T12a,N8,amazon_agg_066,aggregate_cross_paper,train,1.0,0.5516244044680693,1.0,0.850541468156023,339.5450801849365
N8_E10c_T12a,N8,amazon_agg_067,aggregate_cross_paper,test,0.6,0.37899458392627733,1.0,0.6596648613087591,339.5450801849365
N8_E10c_T12a,N8,amazon_agg_068,aggregate_cross_paper,test,0.4,0.4478979814624858,1.0,0.6159659938208286,339.5450801849365
N8_E10c_T12a,N8,amazon_agg_069,aggregate_cross_paper,train,0.75,0.64955464657777,1.0,0.7998515488592567,339.5450801849365
N8_E10c_T12a,N8,amazon_agg_070,aggregate_cross_paper,train,0.6666666666666666,0.5503107161922343,1.0,0.738992460952967,339.5450801849365
N8_E10c_T12a,N8,amazon_agg_071,aggregate_cross_paper,test,0.8333333333333334,0.8008675600750255,1.0,0.8780669644694529,339.5450801849365
N8_E10c_T12a,N8,amazon_agg_072,aggregate_cross_paper,train,0.3333333333333333,0.6900762177173305,1.0,0.6744698503502212,339.5450801849365
N8_E10c_T12a,N8,amazon_agg_073,aggregate_cross_paper,train,0.3333333333333333,0.5761654808138816,1.0,0.6364996047157383,339.5450801849365
N8_E10c_T12a,N8,amazon_agg_074,aggregate_cross_paper,test,1.0,0.5207771435061902,0.5,0.6735923811687301,339.5450801849365
N8_E10c_T12a,N8,amazon_agg_075,aggregate_cross_paper,test,0.7142857142857143,0.6657463681391995,1.0,0.7933440274749713,339.5450801849365
N8_E10c_T12a,N8,amazon_agg_076,aggregate_cross_paper,train,0.75,0.767843290147726,1.0,0.8392810967159087,339.5450801849365
N8_E10c_T12a,N8,amazon_agg_077,aggregate_cross_paper,train,0.5,0.371617020470688,1.0,0.623872340156896,339.5450801849365
N8_E10c_T12a,N8,amazon_agg_078,aggregate_cross_paper,test,0.8,0.623247058133946,1.0,0.807749019377982,339.5450801849365
N8_E10c_T12a,N8,amazon_agg_079,aggregate_cross_paper,test,0.3333333333333333,0.8952654339293026,1.0,0.742866255754212,339.5450801849365
N8_E10c_T12a,N8,amazon_agg_080,aggregate_cross_paper,train,1.0,0.8899148798165614,1.0,0.9633049599388538,339.5450801849365
N8_E10c_T12a,N8,amazon_agg_081,aggregate_cross_paper,train,0.75,0.7883318355593837,1.0,0.846110611853128,339.5450801849365
N8_E10c_T12a,N8,amazon_agg_082,aggregate_cross_paper,test,1.0,0.0,0.0,0.3333333333333333,339.5450801849365
N8_E10c_T12a,N8,amazon_agg_083,aggregate_cross_paper,train,1.0,0.5527680071467751,1.0,0.850922669048925,339.5450801849365
N8_E10c_T12a,N8,amazon_agg_084,aggregate_cross_paper,test,0.75,0.6318397552469914,1.0,0.7939465850823305,339.5450801849365
N8_E10c_T12a,N8,amazon_agg_085,aggregate_cross_paper,train,0.5,0.8180283427566994,1.0,0.7726761142522331,339.5450801849365
N8_E10c_T12a,N8,amazon_agg_086,aggregate_cross_paper,test,0.75,0.4355876935070009,1.0,0.7285292311690004,339.5450801849365
N8_E10c_T12a,N8,amazon_agg_087,aggregate_cross_paper,test,1.0,0.5524672624689462,1.0,0.8508224208229821,339.5450801849365
N8_E10c_T12a,N8,amazon_agg_088,aggregate_cross_paper,train,0.6,0.5549585266332574,1.0,0.7183195088777525,339.5450801849365
N8_E10c_T12a,N8,amazon_agg_089,aggregate_cross_paper,test,1.0,0.0,0.0,0.3333333333333333,339.5450801849365
N8_E10c_T12a,N8,amazon_agg_090,aggregate_cross_paper,train,0.75,0.9034160187714687,1.0,0.8844720062571563,339.5450801849365
N8_E10c_T12a,N8,amazon_agg_091,aggregate_cross_paper,test,0.75,0.46032742424923184,1.0,0.7367758080830772,339.5450801849365
N8_E10c_T12a,N8,amazon_agg_092,aggregate_cross_paper,test,0.6666666666666666,0.5196920953986378,1.0,0.7287862540217681,339.5450801849365
N8_E10c_T12a,N8,amazon_agg_093,aggregate_cross_paper,train,1.0,0.4684949935154254,1.0,0.8228316645051418,339.5450801849365
N8_E10c_T12a,N8,amazon_agg_094,aggregate_cross_paper,test,1.0,0.7124666333108541,1.0,0.9041555444369513,339.5450801849365
N8_E10c_T12a,N8,amazon_agg_095,aggregate_cross_paper,train,0.9,0.6805590639423519,1.0,0.8601863546474506,339.5450801849365
N8_E10c_T12a,N8,amazon_agg_096,aggregate_cross_paper,train,0.6666666666666666,0.6176354704533066,1.0,0.7614340457066578,339.5450801849365
N8_E10c_T12a,N8,amazon_agg_097,aggregate_cross_paper,test,0.6,0.6074324208403886,1.0,0.7358108069467962,339.5450801849365
N8_E10c_T12a,N8,amazon_agg_098,aggregate_cross_paper,test,1.0,0.41033385613771983,1.0,0.8034446187125733,339.5450801849365
N8_E10c_T12a,N8,amazon_agg_099,aggregate_cross_paper,test,0.5,0.3510141536659615,0.0,0.2836713845553205,339.5450801849365
N8_E10c_T12a,N8,amazon_edge_034,edge_multihop,test,0.8333333333333334,0.8409503922021372,0.75,0.8080945751784903,339.5450801849365
N8_E10c_T12a,N8,amazon_edge_035,edge_multihop,test,0.6666666666666666,0.0,0.0,0.2222222222222222,339.5450801849365
N8_E10c_T12a,N8,amazon_edge_036,edge_multihop,test,0.8,0.0,0.75,0.5166666666666667,339.5450801849365
N8_E10c_T12a,N8,amazon_edge_037,edge_multihop,train,1.0,0.8684763293103024,1.0,0.9561587764367675,339.5450801849365
N8_E10c_T12a,N8,amazon_edge_038,edge_multihop,test,0.3333333333333333,0.0,0.25,0.19444444444444442,339.5450801849365
N8_E10c_T12a,N8,amazon_edge_039,edge_multihop,train,0.8571428571428571,0.8607736709010746,0.5,0.7393055093479773,339.5450801849365
N8_E10c_T12a,N8,amazon_edge_040,edge_multihop,test,0.8333333333333334,0.0,0.0,0.2777777777777778,339.5450801849365
N8_E10c_T12a,N8,amazon_edge_041,edge_multihop,test,1.0,0.0,0.0,0.3333333333333333,339.5450801849365
N8_E10c_T12a,N8,amazon_edge_042,edge_multihop,test,1.0,0.0,0.0,0.3333333333333333,339.5450801849365
N8_E10c_T12a,N8,amazon_edge_043,edge_multihop,test,0.0,0.0,1.0,0.3333333333333333,339.5450801849365
N8_E10c_T12a,N8,amazon_edge_044,edge_multihop,test,0.0,0.0,0.0,0.0,339.5450801849365
N8_E10c_T12a,N8,amazon_edge_045,edge_multihop,train,1.0,0.8835773954114886,0.0,0.6278591318038296,339.5450801849365
N8_E10c_T12a,N8,amazon_edge_046,edge_multihop,test,1.0,0.8559807061257736,0.75,0.8686602353752578,339.5450801849365
N8_E10c_T12a,N8,amazon_edge_047,edge_multihop,test,1.0,0.0,0.0,0.3333333333333333,339.5450801849365
N8_E10c_T12a,N8,amazon_edge_048,edge_multihop,train,0.75,0.918461997476889,0.0,0.5561539991589629,339.5450801849365
N8_E10c_T12a,N8,amazon_edge_049,edge_multihop,train,1.0,0.0,0.0,0.3333333333333333,339.5450801849365
N8_E10c_T12a,N8,amazon_edge_050,edge_multihop,test,0.3333333333333333,0.0,0.0,0.1111111111111111,339.5450801849365
N8_E10c_T12a,N8,amazon_edge_051,edge_multihop,test,0.0,0.0,0.0,0.0,339.5450801849365
N8_E10c_T12a,N8,amazon_edge_052,edge_multihop,train,0.5,0.0,0.0,0.16666666666666666,339.5450801849365
N8_E10c_T12a,N8,amazon_edge_053,edge_multihop,train,0.8,0.0,1.0,0.6,339.5450801849365
N8_E10c_T12a,N8,amazon_edge_054,edge_multihop,train,0.4,0.0,1.0,0.4666666666666666,339.5450801849365
N8_E10c_T12a,N8,amazon_edge_055,edge_multihop,train,0.6666666666666666,0.0,0.0,0.2222222222222222,339.5450801849365
N8_E10c_T12a,N8,amazon_edge_056,edge_multihop,train,1.0,0.0,0.0,0.3333333333333333,339.5450801849365
N8_E10c_T12a,N8,amazon_edge_057,edge_multihop,train,1.0,0.8853691569587019,1.0,0.961789718986234,339.5450801849365
N8_E10c_T12a,N8,amazon_edge_058,edge_multihop,train,0.6,0.0,1.0,0.5333333333333333,339.5450801849365
N8_E10c_T12a,N8,amazon_edge_059,edge_multihop,train,0.0,0.0,1.0,0.3333333333333333,339.5450801849365
N8_E10c_T12a,N8,amazon_edge_060,edge_multihop,train,1.0,0.0,0.0,0.3333333333333333,339.5450801849365
N8_E10c_T12a,N8,amazon_edge_061,edge_multihop,test,0.5,0.0,0.5,0.3333333333333333,339.5450801849365
N8_E10c_T12a,N8,amazon_edge_062,edge_multihop,test,0.625,0.8603574545093644,1.0,0.8284524848364548,339.5450801849365
N8_E10c_T12a,N8,amazon_edge_063,edge_multihop,train,1.0,0.0,0.0,0.3333333333333333,339.5450801849365
N8_E10c_T12a,N8,amazon_edge_064,edge_multihop,test,1.0,0.7621720428693627,0.75,0.8373906809564543,339.5450801849365
N8_E10c_T12a,N8,amazon_edge_065,edge_multihop,train,0.25,0.0,1.0,0.4166666666666667,339.5450801849365
N8_E10c_T12a,N8,amazon_edge_066,edge_multihop,train,0.875,0.7982775443086421,0.75,0.8077591814362141,339.5450801849365
N8_E10c_T12a,N8,amazon_edge_067,edge_multihop,train,1.0,0.8266169044656059,0.5,0.775538968155202,339.5450801849365
N8_E10c_T12a,N8,amazon_edge_068,edge_multihop,test,1.0,0.8675059721392111,0.5,0.7891686573797371,339.5450801849365
N8_E10c_T12a,N8,amazon_edge_069,edge_multihop,test,0.6666666666666666,0.0,0.0,0.2222222222222222,339.5450801849365
N8_E10c_T12a,N8,amazon_edge_070,edge_multihop,test,0.75,0.8782463818533697,0.25,0.6260821272844566,339.5450801849365
N8_E10c_T12a,N8,amazon_edge_071,edge_multihop,test,1.0,0.887460982686424,0.75,0.8791536608954748,339.5450801849365
N8_E10c_T12a,N8,amazon_edge_072,edge_multihop,test,1.0,0.0,0.0,0.3333333333333333,339.5450801849365
N8_E10c_T12a,N8,amazon_edge_073,edge_multihop,train,1.0,0.0,0.0,0.3333333333333333,339.5450801849365
N8_E10c_T12a,N8,amazon_edge_074,edge_multihop,train,0.5555555555555556,0.8604068217308027,0.5,0.6386541257621194,339.5450801849365
N8_E10c_T12a,N8,amazon_edge_075,edge_multihop,train,1.0,0.0,0.0,0.3333333333333333,339.5450801849365
N8_E10c_T12a,N8,amazon_edge_076,edge_multihop,train,0.5714285714285714,0.0,0.0,0.19047619047619047,339.5450801849365
N8_E10c_T12a,N8,amazon_edge_077,edge_multihop,test,1.0,0.0,0.0,0.3333333333333333,339.5450801849365
N8_E10c_T12a,N8,amazon_edge_078,edge_multihop,train,1.0,0.0,0.0,0.3333333333333333,339.5450801849365
N8_E10c_T12a,N8,amazon_edge_079,edge_multihop,train,0.6666666666666666,0.8516558632420437,1.0,0.8394408433029034,339.5450801849365
N8_E10c_T12a,N8,amazon_edge_080,edge_multihop,test,1.0,0.0,0.0,0.3333333333333333,339.5450801849365
N8_E10c_T12a,N8,amazon_edge_081,edge_multihop,train,1.0,0.0,0.0,0.3333333333333333,339.5450801849365
N8_E10c_T12a,N8,amazon_edge_082,edge_multihop,train,0.8571428571428571,0.8843202383767605,0.5,0.7471543651732059,339.5450801849365
N8_E10c_T12a,N8,amazon_edge_083,edge_multihop,train,0.7142857142857143,0.8282796079442303,1.0,0.8475217740766482,339.5450801849365
N8_E10c_T12a,N8,amazon_edge_084,edge_multihop,test,1.0,0.0,0.0,0.3333333333333333,339.5450801849365
N8_E10c_T12a,N8,amazon_edge_085,edge_multihop,train,1.0,0.0,0.0,0.3333333333333333,339.5450801849365
N8_E10c_T12a,N8,amazon_edge_086,edge_multihop,train,1.0,0.0,0.0,0.3333333333333333,339.5450801849365
N8_E10c_T12a,N8,amazon_edge_087,edge_multihop,train,0.75,0.0,1.0,0.5833333333333334,339.5450801849365
N8_E10c_T12a,N8,amazon_edge_088,edge_multihop,train,0.6,0.0,1.0,0.5333333333333333,339.5450801849365
N8_E10c_T12a,N8,amazon_edge_089,edge_multihop,train,0.8571428571428571,0.0,1.0,0.6190476190476191,339.5450801849365
N8_E10c_T12a,N8,amazon_edge_090,edge_multihop,train,0.3333333333333333,0.0,1.0,0.4444444444444444,339.5450801849365
N8_E10c_T12a,N8,amazon_edge_091,edge_multihop,test,0.6666666666666666,0.0,0.0,0.2222222222222222,339.5450801849365
N8_E10c_T12a,N8,amazon_edge_092,edge_multihop,test,0.7142857142857143,0.8282624383101187,1.0,0.8475160508652776,339.5450801849365
N8_E10c_T12a,N8,amazon_edge_093,edge_multihop,train,0.6666666666666666,0.0,0.0,0.2222222222222222,339.5450801849365
N8_E10c_T12a,N8,amazon_edge_094,edge_multihop,test,0.5,0.7956561377999153,1.0,0.7652187125999718,339.5450801849365
N8_E10c_T12a,N8,amazon_edge_095,edge_multihop,test,0.6666666666666666,0.0,0.0,0.2222222222222222,339.5450801849365
N8_E10c_T12a,N8,amazon_edge_096,edge_multihop,test,0.7142857142857143,0.8423350051457074,0.5,0.6855402398104739,339.5450801849365
N8_E10c_T12a,N8,amazon_edge_097,edge_multihop,test,0.42857142857142855,0.8516291813279766,1.0,0.7600668699664684,339.5450801849365
N8_E10c_T12a,N8,amazon_edge_098,edge_multihop,train,0.75,0.8165645893485864,0.5,0.6888548631161955,339.5450801849365
N8_E10c_T12a,N8,amazon_edge_099,edge_multihop,train,1.0,0.0,0.0,0.3333333333333333,339.5450801849365
N8_E10c_T12a,N8,amazon_sh_083,single_specific,train,1.0,0.9999995837043801,1.0,0.9999998612347935,339.5450801849365
N8_E10c_T12a,N8,amazon_sh_084,single_specific,train,1.0,1.0,1.0,1.0,339.5450801849365
N8_E10c_T12a,N8,amazon_sh_085,single_specific,train,1.0,0.9606092135649005,1.0,0.9868697378549669,339.5450801849365
N8_E10c_T12a,N8,amazon_sh_086,single_specific,train,1.0,0.9600547748633476,1.0,0.9866849249544493,339.5450801849365
N8_E10c_T12a,N8,amazon_sh_087,single_specific,train,0.0,0.0,0.0,0.0,339.5450801849365
N8_E10c_T12a,N8,amazon_sh_088,single_specific,train,1.0,0.9999996026449097,1.0,0.9999998675483033,339.5450801849365
N8_E10c_T12a,N8,amazon_sh_089,single_specific,test,1.0,0.9211375843980716,1.0,0.9737125281326905,339.5450801849365
N8_E10c_T12a,N8,amazon_sh_090,single_specific,test,1.0,0.8605193940465696,1.0,0.9535064646821899,339.5450801849365
N8_E10c_T12a,N8,amazon_sh_091,single_specific,test,0.8,0.8622813635857743,1.0,0.8874271211952581,339.5450801849365
N8_E10c_T12a,N8,amazon_sh_092,single_specific,train,0.6,0.8099499909131199,1.0,0.8033166636377066,339.5450801849365
N8_E10c_T12a,N8,amazon_sh_093,single_specific,train,1.0,0.0,0.0,0.3333333333333333,339.5450801849365
N8_E10c_T12a,N8,amazon_sh_094,single_specific,train,1.0,0.6952672514451067,0.5,0.7317557504817023,339.5450801849365
N8_E10c_T12a,N8,amazon_sh_095,single_specific,test,0.5,0.8212911656342056,0.75,0.6904303885447352,339.5450801849365
N8_E10c_T12a,N8,amazon_sh_096,single_specific,test,1.0,0.9086733459011365,1.0,0.9695577819670455,339.5450801849365
N8_E10c_T12a,N8,amazon_sh_097,single_specific,test,0.5,0.0,0.5,0.3333333333333333,339.5450801849365
N8_E10c_T12a,N8,amazon_sh_098,single_specific,test,1.0,1.0000000000000002,1.0,1.0,339.5450801849365
N8_E10c_T12a,N8,amazon_sh_099,single_specific,train,1.0,0.9664203901413962,1.0,0.9888067967137988,339.5450801849365
N8_E10c_T12b,N8,amazon_agg_033,aggregate_cross_paper,train,0.7142857142857143,0.8351271719517654,1.0,0.8498042954124932,323.65494084358215
N8_E10c_T12b,N8,amazon_agg_034,aggregate_cross_paper,train,0.6666666666666666,0.6537892347194523,1.0,0.7734853004620397,323.65494084358215
N8_E10c_T12b,N8,amazon_agg_035,aggregate_cross_paper,train,0.75,0.0,0.5,0.4166666666666667,323.65494084358215
N8_E10c_T12b,N8,amazon_agg_036,aggregate_cross_paper,test,0.5714285714285714,0.7721227927243507,1.0,0.7811837880509741,323.65494084358215
N8_E10c_T12b,N8,amazon_agg_037,aggregate_cross_paper,test,0.9090909090909091,0.5080088886178524,1.0,0.8056999325695872,323.65494084358215
N8_E10c_T12b,N8,amazon_agg_038,aggregate_cross_paper,test,1.0,0.49391905063385655,1.0,0.8313063502112855,323.65494084358215
N8_E10c_T12b,N8,amazon_agg_039,aggregate_cross_paper,train,0.75,0.5229554822750806,1.0,0.7576518274250269,323.65494084358215
N8_E10c_T12b,N8,amazon_agg_040,aggregate_cross_paper,train,1.0,0.6175727062201342,1.0,0.8725242354067113,323.65494084358215
N8_E10c_T12b,N8,amazon_agg_041,aggregate_cross_paper,test,0.75,0.4249464330794145,1.0,0.7249821443598048,323.65494084358215
N8_E10c_T12b,N8,amazon_agg_042,aggregate_cross_paper,train,0.5714285714285714,0.8713922918960728,1.0,0.8142736211082147,323.65494084358215
N8_E10c_T12b,N8,amazon_agg_043,aggregate_cross_paper,test,0.25,0.768772005412348,1.0,0.672924001804116,323.65494084358215
N8_E10c_T12b,N8,amazon_agg_044,aggregate_cross_paper,train,0.75,0.4878809516990851,1.0,0.7459603172330284,323.65494084358215
N8_E10c_T12b,N8,amazon_agg_045,aggregate_cross_paper,train,0.75,0.6352197861854219,0.5,0.6284065953951407,323.65494084358215
N8_E10c_T12b,N8,amazon_agg_046,aggregate_cross_paper,test,0.5,0.689671820815943,1.0,0.7298906069386476,323.65494084358215
N8_E10c_T12b,N8,amazon_agg_047,aggregate_cross_paper,train,0.6666666666666666,0.8589403694494455,1.0,0.8418690120387041,323.65494084358215
N8_E10c_T12b,N8,amazon_agg_048,aggregate_cross_paper,test,1.0,0.45862996945464113,0.0,0.48620998981821373,323.65494084358215
N8_E10c_T12b,N8,amazon_agg_049,aggregate_cross_paper,train,0.42857142857142855,0.5250592882508927,1.0,0.6512102389407738,323.65494084358215
N8_E10c_T12b,N8,amazon_agg_050,aggregate_cross_paper,test,0.5,0.829653898898287,1.0,0.7765512996327623,323.65494084358215
N8_E10c_T12b,N8,amazon_agg_051,aggregate_cross_paper,test,0.8333333333333334,0.5842011820616161,1.0,0.8058448384649832,323.65494084358215
N8_E10c_T12b,N8,amazon_agg_052,aggregate_cross_paper,test,0.25,0.43076635887845044,1.0,0.5602554529594835,323.65494084358215
N8_E10c_T12b,N8,amazon_agg_053,aggregate_cross_paper,train,1.0,0.510137039499529,1.0,0.836712346499843,323.65494084358215
N8_E10c_T12b,N8,amazon_agg_054,aggregate_cross_paper,test,0.6,0.8781643664744249,1.0,0.8260547888248082,323.65494084358215
N8_E10c_T12b,N8,amazon_agg_055,aggregate_cross_paper,train,0.75,0.6803799751298019,0.75,0.7267933250432673,323.65494084358215
N8_E10c_T12b,N8,amazon_agg_056,aggregate_cross_paper,test,0.3333333333333333,0.812545277704214,1.0,0.7152928703458491,323.65494084358215
N8_E10c_T12b,N8,amazon_agg_057,aggregate_cross_paper,test,0.75,0.4756125123214674,1.0,0.7418708374404891,323.65494084358215
N8_E10c_T12b,N8,amazon_agg_058,aggregate_cross_paper,test,1.0,0.5458164162862769,1.0,0.8486054720954256,323.65494084358215
N8_E10c_T12b,N8,amazon_agg_059,aggregate_cross_paper,test,1.0,0.5527962895948091,1.0,0.8509320965316031,323.65494084358215
N8_E10c_T12b,N8,amazon_agg_060,aggregate_cross_paper,test,1.0,0.5569185842668537,1.0,0.8523061947556179,323.65494084358215
N8_E10c_T12b,N8,amazon_agg_061,aggregate_cross_paper,test,0.8,0.0,0.5,0.43333333333333335,323.65494084358215
N8_E10c_T12b,N8,amazon_agg_062,aggregate_cross_paper,train,0.6666666666666666,0.8544256731626715,1.0,0.8403641132764461,323.65494084358215
N8_E10c_T12b,N8,amazon_agg_063,aggregate_cross_paper,test,1.0,0.7564356495511131,1.0,0.9188118831837043,323.65494084358215
N8_E10c_T12b,N8,amazon_agg_064,aggregate_cross_paper,test,0.75,0.7430359683399033,1.0,0.8310119894466345,323.65494084358215
N8_E10c_T12b,N8,amazon_agg_065,aggregate_cross_paper,train,0.3333333333333333,0.4542463031329759,1.0,0.5958598788221031,323.65494084358215
N8_E10c_T12b,N8,amazon_agg_066,aggregate_cross_paper,train,1.0,0.5286160137486411,1.0,0.8428720045828803,323.65494084358215
N8_E10c_T12b,N8,amazon_agg_067,aggregate_cross_paper,test,0.75,0.46985925758558506,1.0,0.7399530858618618,323.65494084358215
N8_E10c_T12b,N8,amazon_agg_068,aggregate_cross_paper,test,0.2,0.42863525292149424,1.0,0.542878417640498,323.65494084358215
N8_E10c_T12b,N8,amazon_agg_069,aggregate_cross_paper,train,0.75,0.6495398524946435,1.0,0.7998466174982145,323.65494084358215
N8_E10c_T12b,N8,amazon_agg_070,aggregate_cross_paper,train,0.8333333333333334,0.5503262437947457,1.0,0.7945531923760264,323.65494084358215
N8_E10c_T12b,N8,amazon_agg_071,aggregate_cross_paper,test,0.6666666666666666,0.8008541190686479,1.0,0.8225069285784382,323.65494084358215
N8_E10c_T12b,N8,amazon_agg_072,aggregate_cross_paper,train,0.3333333333333333,0.7093998556919847,1.0,0.6809110630084394,323.65494084358215
N8_E10c_T12b,N8,amazon_agg_073,aggregate_cross_paper,train,0.6666666666666666,0.5761654808138816,1.0,0.7476107158268493,323.65494084358215
N8_E10c_T12b,N8,amazon_agg_074,aggregate_cross_paper,test,1.0,0.5235827487504241,0.5,0.674527582916808,323.65494084358215
N8_E10c_T12b,N8,amazon_agg_075,aggregate_cross_paper,test,1.0,0.6657463681391995,1.0,0.8885821227130665,323.65494084358215
N8_E10c_T12b,N8,amazon_agg_076,aggregate_cross_paper,train,0.5,0.7677877927655726,1.0,0.7559292642551908,323.65494084358215
N8_E10c_T12b,N8,amazon_agg_077,aggregate_cross_paper,train,0.3333333333333333,0.3642553256794622,1.0,0.5658628863375985,323.65494084358215
N8_E10c_T12b,N8,amazon_agg_078,aggregate_cross_paper,test,0.8,0.6222744649026145,1.0,0.8074248216342048,323.65494084358215
N8_E10c_T12b,N8,amazon_agg_079,aggregate_cross_paper,test,0.3333333333333333,0.8971081244486309,1.0,0.7434804859273214,323.65494084358215
N8_E10c_T12b,N8,amazon_agg_080,aggregate_cross_paper,train,1.0,0.8899519510707132,1.0,0.963317317023571,323.65494084358215
N8_E10c_T12b,N8,amazon_agg_081,aggregate_cross_paper,train,0.75,0.7883152611942562,1.0,0.8461050870647521,323.65494084358215
N8_E10c_T12b,N8,amazon_agg_082,aggregate_cross_paper,test,1.0,0.0,0.0,0.3333333333333333,323.65494084358215
N8_E10c_T12b,N8,amazon_agg_083,aggregate_cross_paper,train,1.0,0.5527536098182726,1.0,0.8509178699394241,323.65494084358215
N8_E10c_T12b,N8,amazon_agg_084,aggregate_cross_paper,test,0.75,0.6810777043306716,1.0,0.8103592347768905,323.65494084358215
N8_E10c_T12b,N8,amazon_agg_085,aggregate_cross_paper,train,0.8,0.8180558272112188,1.0,0.8726852757370729,323.65494084358215
N8_E10c_T12b,N8,amazon_agg_086,aggregate_cross_paper,test,0.75,0.4371462132544475,1.0,0.7290487377514824,323.65494084358215
N8_E10c_T12b,N8,amazon_agg_087,aggregate_cross_paper,test,1.0,0.6580208717780565,1.0,0.8860069572593522,323.65494084358215
N8_E10c_T12b,N8,amazon_agg_088,aggregate_cross_paper,train,0.6,0.5564105974818677,1.0,0.7188035324939559,323.65494084358215
N8_E10c_T12b,N8,amazon_agg_089,aggregate_cross_paper,test,1.0,0.0,0.0,0.3333333333333333,323.65494084358215
N8_E10c_T12b,N8,amazon_agg_090,aggregate_cross_paper,train,0.75,0.9198974965230537,1.0,0.8899658321743512,323.65494084358215
N8_E10c_T12b,N8,amazon_agg_091,aggregate_cross_paper,test,0.8,0.4327905579976454,1.0,0.7442635193325485,323.65494084358215
N8_E10c_T12b,N8,amazon_agg_092,aggregate_cross_paper,test,0.8,0.5196920953986378,1.0,0.7732306984662126,323.65494084358215
N8_E10c_T12b,N8,amazon_agg_093,aggregate_cross_paper,train,0.6666666666666666,0.5933104797510039,1.0,0.7533257154725569,323.65494084358215
N8_E10c_T12b,N8,amazon_agg_094,aggregate_cross_paper,test,0.3333333333333333,0.6658841137441018,1.0,0.6664058156924784,323.65494084358215
N8_E10c_T12b,N8,amazon_agg_095,aggregate_cross_paper,train,0.8888888888888888,0.5735645587599886,1.0,0.8208178158829592,323.65494084358215
N8_E10c_T12b,N8,amazon_agg_096,aggregate_cross_paper,train,0.6666666666666666,0.6188401963491883,1.0,0.761835621005285,323.65494084358215
N8_E10c_T12b,N8,amazon_agg_097,aggregate_cross_paper,test,0.8,0.6095953606508715,1.0,0.8031984535502904,323.65494084358215
N8_E10c_T12b,N8,amazon_agg_098,aggregate_cross_paper,test,1.0,0.41024943059564944,1.0,0.8034164768652164,323.65494084358215
N8_E10c_T12b,N8,amazon_agg_099,aggregate_cross_paper,test,0.5,0.37689159073396933,0.0,0.2922971969113231,323.65494084358215
N8_E10c_T12b,N8,amazon_edge_034,edge_multihop,test,0.6666666666666666,0.8409582341043595,0.75,0.752541633590342,323.65494084358215
N8_E10c_T12b,N8,amazon_edge_035,edge_multihop,test,0.6666666666666666,0.0,0.0,0.2222222222222222,323.65494084358215
N8_E10c_T12b,N8,amazon_edge_036,edge_multihop,test,0.8,0.0,0.75,0.5166666666666667,323.65494084358215
N8_E10c_T12b,N8,amazon_edge_037,edge_multihop,train,1.0,0.8693574508152927,1.0,0.9564524836050975,323.65494084358215
N8_E10c_T12b,N8,amazon_edge_038,edge_multihop,test,0.5,0.0,0.25,0.25,323.65494084358215
N8_E10c_T12b,N8,amazon_edge_039,edge_multihop,train,0.6666666666666666,0.8607736709010746,0.5,0.6758134458559137,323.65494084358215
N8_E10c_T12b,N8,amazon_edge_040,edge_multihop,test,1.0,0.0,0.0,0.3333333333333333,323.65494084358215
N8_E10c_T12b,N8,amazon_edge_041,edge_multihop,test,1.0,0.0,0.0,0.3333333333333333,323.65494084358215
N8_E10c_T12b,N8,amazon_edge_042,edge_multihop,test,1.0,0.0,0.25,0.4166666666666667,323.65494084358215
N8_E10c_T12b,N8,amazon_edge_043,edge_multihop,test,0.0,0.0,1.0,0.3333333333333333,323.65494084358215
N8_E10c_T12b,N8,amazon_edge_044,edge_multihop,test,0.0,0.0,0.0,0.0,323.65494084358215
N8_E10c_T12b,N8,amazon_edge_045,edge_multihop,train,1.0,0.8334155981333212,0.0,0.6111385327111071,323.65494084358215
N8_E10c_T12b,N8,amazon_edge_046,edge_multihop,test,1.0,0.8595119856250628,0.25,0.703170661875021,323.65494084358215
N8_E10c_T12b,N8,amazon_edge_047,edge_multihop,test,1.0,0.0,0.0,0.3333333333333333,323.65494084358215
N8_E10c_T12b,N8,amazon_edge_048,edge_multihop,train,0.75,0.9184219342139843,0.0,0.5561406447379947,323.65494084358215
N8_E10c_T12b,N8,amazon_edge_049,edge_multihop,train,1.0,0.0,0.0,0.3333333333333333,323.65494084358215
N8_E10c_T12b,N8,amazon_edge_050,edge_multihop,test,0.3333333333333333,0.0,0.0,0.1111111111111111,323.65494084358215
N8_E10c_T12b,N8,amazon_edge_051,edge_multihop,test,0.0,0.0,0.0,0.0,323.65494084358215
N8_E10c_T12b,N8,amazon_edge_052,edge_multihop,train,1.0,0.0,0.0,0.3333333333333333,323.65494084358215
N8_E10c_T12b,N8,amazon_edge_053,edge_multihop,train,0.8,0.0,1.0,0.6,323.65494084358215
N8_E10c_T12b,N8,amazon_edge_054,edge_multihop,train,0.5,0.0,1.0,0.5,323.65494084358215
N8_E10c_T12b,N8,amazon_edge_055,edge_multihop,train,0.6666666666666666,0.0,0.0,0.2222222222222222,323.65494084358215
N8_E10c_T12b,N8,amazon_edge_056,edge_multihop,train,0.6666666666666666,0.0,0.0,0.2222222222222222,323.65494084358215
N8_E10c_T12b,N8,amazon_edge_057,edge_multihop,train,1.0,0.8853978854153,1.0,0.9617992951384333,323.65494084358215
N8_E10c_T12b,N8,amazon_edge_058,edge_multihop,train,0.6,0.0,1.0,0.5333333333333333,323.65494084358215
N8_E10c_T12b,N8,amazon_edge_059,edge_multihop,train,0.0,0.0,1.0,0.3333333333333333,323.65494084358215
N8_E10c_T12b,N8,amazon_edge_060,edge_multihop,train,1.0,0.0,0.0,0.3333333333333333,323.65494084358215
N8_E10c_T12b,N8,amazon_edge_061,edge_multihop,test,0.5,0.0,0.5,0.3333333333333333,323.65494084358215
N8_E10c_T12b,N8,amazon_edge_062,edge_multihop,test,1.0,0.8863460130715859,1.0,0.9621153376905287,323.65494084358215
N8_E10c_T12b,N8,amazon_edge_063,edge_multihop,train,1.0,0.0,0.0,0.3333333333333333,323.65494084358215
N8_E10c_T12b,N8,amazon_edge_064,edge_multihop,test,1.0,0.7624705139771869,0.75,0.837490171325729,323.65494084358215
N8_E10c_T12b,N8,amazon_edge_065,edge_multihop,train,0.75,0.0,1.0,0.5833333333333334,323.65494084358215
N8_E10c_T12b,N8,amazon_edge_066,edge_multihop,train,0.875,0.7982775443086421,0.75,0.8077591814362141,323.65494084358215
N8_E10c_T12b,N8,amazon_edge_067,edge_multihop,train,1.0,0.8259944018036469,0.75,0.8586648006012156,323.65494084358215
N8_E10c_T12b,N8,amazon_edge_068,edge_multihop,test,1.0,0.8478798832594169,0.5,0.782626627753139,323.65494084358215
N8_E10c_T12b,N8,amazon_edge_069,edge_multihop,test,1.0,0.0,0.0,0.3333333333333333,323.65494084358215
N8_E10c_T12b,N8,amazon_edge_070,edge_multihop,test,0.75,0.8780014931262882,0.5,0.709333831042096,323.65494084358215
N8_E10c_T12b,N8,amazon_edge_071,edge_multihop,test,1.0,0.8874427423375145,0.75,0.8791475807791715,323.65494084358215
N8_E10c_T12b,N8,amazon_edge_072,edge_multihop,test,1.0,0.0,0.0,0.3333333333333333,323.65494084358215
N8_E10c_T12b,N8,amazon_edge_073,edge_multihop,train,1.0,0.0,0.0,0.3333333333333333,323.65494084358215
N8_E10c_T12b,N8,amazon_edge_074,edge_multihop,train,1.0,0.8841813826725567,0.5,0.7947271275575188,323.65494084358215
N8_E10c_T12b,N8,amazon_edge_075,edge_multihop,train,1.0,0.0,0.0,0.3333333333333333,323.65494084358215
N8_E10c_T12b,N8,amazon_edge_076,edge_multihop,train,0.625,0.0,0.0,0.20833333333333334,323.65494084358215
N8_E10c_T12b,N8,amazon_edge_077,edge_multihop,test,1.0,0.0,0.0,0.3333333333333333,323.65494084358215
N8_E10c_T12b,N8,amazon_edge_078,edge_multihop,train,0.6666666666666666,0.0,0.0,0.2222222222222222,323.65494084358215
N8_E10c_T12b,N8,amazon_edge_079,edge_multihop,train,0.6666666666666666,0.8345280157162558,1.0,0.8337315607943075,323.65494084358215
N8_E10c_T12b,N8,amazon_edge_080,edge_multihop,test,1.0,0.0,0.0,0.3333333333333333,323.65494084358215
N8_E10c_T12b,N8,amazon_edge_081,edge_multihop,train,1.0,0.0,0.0,0.3333333333333333,323.65494084358215
N8_E10c_T12b,N8,amazon_edge_082,edge_multihop,train,0.8571428571428571,0.8823275916713987,0.5,0.7464901496047519,323.65494084358215
N8_E10c_T12b,N8,amazon_edge_083,edge_multihop,train,1.0,0.8078621934529302,1.0,0.9359540644843101,323.65494084358215
N8_E10c_T12b,N8,amazon_edge_084,edge_multihop,test,1.0,0.0,0.0,0.3333333333333333,323.65494084358215
N8_E10c_T12b,N8,amazon_edge_085,edge_multihop,train,1.0,0.0,0.0,0.3333333333333333,323.65494084358215
N8_E10c_T12b,N8,amazon_edge_086,edge_multihop,train,0.6666666666666666,0.0,0.0,0.2222222222222222,323.65494084358215
N8_E10c_T12b,N8,amazon_edge_087,edge_multihop,train,0.75,0.0,1.0,0.5833333333333334,323.65494084358215
N8_E10c_T12b,N8,amazon_edge_088,edge_multihop,train,0.6,0.0,1.0,0.5333333333333333,323.65494084358215
N8_E10c_T12b,N8,amazon_edge_089,edge_multihop,train,0.8571428571428571,0.0,1.0,0.6190476190476191,323.65494084358215
N8_E10c_T12b,N8,amazon_edge_090,edge_multihop,train,0.3333333333333333,0.0,1.0,0.4444444444444444,323.65494084358215
N8_E10c_T12b,N8,amazon_edge_091,edge_multihop,test,0.6666666666666666,0.0,0.0,0.2222222222222222,323.65494084358215
N8_E10c_T12b,N8,amazon_edge_092,edge_multihop,test,0.7142857142857143,0.8282624383101188,1.0,0.8475160508652776,323.65494084358215
N8_E10c_T12b,N8,amazon_edge_093,edge_multihop,train,0.6666666666666666,0.0,0.0,0.2222222222222222,323.65494084358215
N8_E10c_T12b,N8,amazon_edge_094,edge_multihop,test,0.5,0.8113851333259205,1.0,0.7704617111086401,323.65494084358215
N8_E10c_T12b,N8,amazon_edge_095,edge_multihop,test,1.0,0.0,0.0,0.3333333333333333,323.65494084358215
N8_E10c_T12b,N8,amazon_edge_096,edge_multihop,test,1.0,0.0,0.5,0.5,323.65494084358215
N8_E10c_T12b,N8,amazon_edge_097,edge_multihop,test,1.0,0.8437117492762153,1.0,0.9479039164254051,323.65494084358215
N8_E10c_T12b,N8,amazon_edge_098,edge_multihop,train,0.75,0.8774591195004717,0.5,0.7091530398334905,323.65494084358215
N8_E10c_T12b,N8,amazon_edge_099,edge_multihop,train,1.0,0.0,0.0,0.3333333333333333,323.65494084358215
N8_E10c_T12b,N8,amazon_sh_083,single_specific,train,1.0,0.9999957919142121,1.0,0.9999985973047374,323.65494084358215
N8_E10c_T12b,N8,amazon_sh_084,single_specific,train,1.0,1.0,1.0,1.0,323.65494084358215
N8_E10c_T12b,N8,amazon_sh_085,single_specific,train,1.0,0.9488754370223026,1.0,0.9829584790074342,323.65494084358215
N8_E10c_T12b,N8,amazon_sh_086,single_specific,train,1.0,0.9600547748633476,1.0,0.9866849249544493,323.65494084358215
N8_E10c_T12b,N8,amazon_sh_087,single_specific,train,1.0,0.0,0.0,0.3333333333333333,323.65494084358215
N8_E10c_T12b,N8,amazon_sh_088,single_specific,train,1.0,1.0,1.0,1.0,323.65494084358215
N8_E10c_T12b,N8,amazon_sh_089,single_specific,test,1.0,0.9211088492625574,1.0,0.9737029497541858,323.65494084358215
N8_E10c_T12b,N8,amazon_sh_090,single_specific,test,1.0,0.8606019802928853,1.0,0.9535339934309617,323.65494084358215
N8_E10c_T12b,N8,amazon_sh_091,single_specific,test,0.8,0.8622825224132855,1.0,0.8874275074710951,323.65494084358215
N8_E10c_T12b,N8,amazon_sh_092,single_specific,train,0.6,0.8099499909131199,1.0,0.8033166636377066,323.65494084358215
N8_E10c_T12b,N8,amazon_sh_093,single_specific,train,1.0,0.0,0.0,0.3333333333333333,323.65494084358215
N8_E10c_T12b,N8,amazon_sh_094,single_specific,train,1.0,0.7118571256452065,0.5,0.7372857085484021,323.65494084358215
N8_E10c_T12b,N8,amazon_sh_095,single_specific,test,0.5,0.8212911656342056,0.75,0.6904303885447352,323.65494084358215
N8_E10c_T12b,N8,amazon_sh_096,single_specific,test,1.0,0.9087109060532983,1.0,0.9695703020177661,323.65494084358215
N8_E10c_T12b,N8,amazon_sh_097,single_specific,test,0.3333333333333333,0.0,0.5,0.27777777777777773,323.65494084358215
N8_E10c_T12b,N8,amazon_sh_098,single_specific,test,1.0,1.0000000000000002,1.0,1.0,323.65494084358215
N8_E10c_T12b,N8,amazon_sh_099,single_specific,train,1.0,1.0,1.0,1.0,323.65494084358215
N8_E11a_T12a,N8,amazon_agg_033,aggregate_cross_paper,train,0.3333333333333333,0.7981368234238548,0.75,0.6271567189190627,325.7948679924011
N8_E11a_T12a,N8,amazon_agg_034,aggregate_cross_paper,train,1.0,0.6625916209771447,1.0,0.8875305403257149,325.7948679924011
N8_E11a_T12a,N8,amazon_agg_035,aggregate_cross_paper,train,1.0,0.0,0.0,0.3333333333333333,325.7948679924011
N8_E11a_T12a,N8,amazon_agg_036,aggregate_cross_paper,test,0.5714285714285714,0.5932969996930348,0.25,0.47157519037386875,325.7948679924011
N8_E11a_T12a,N8,amazon_agg_037,aggregate_cross_paper,test,1.0,0.8109042658365152,1.0,0.9369680886121717,325.7948679924011
N8_E11a_T12a,N8,amazon_agg_038,aggregate_cross_paper,test,0.6666666666666666,0.373741168501246,0.0,0.34680261172263754,325.7948679924011
N8_E11a_T12a,N8,amazon_agg_039,aggregate_cross_paper,train,1.0,0.8500480551975551,1.0,0.950016018399185,325.7948679924011
N8_E11a_T12a,N8,amazon_agg_040,aggregate_cross_paper,train,1.0,0.5840236305011843,1.0,0.8613412101670614,325.7948679924011
N8_E11a_T12a,N8,amazon_agg_041,aggregate_cross_paper,test,0.6666666666666666,0.4494103286730833,0.0,0.3720256651132499,325.7948679924011
N8_E11a_T12a,N8,amazon_agg_042,aggregate_cross_paper,train,0.5714285714285714,0.857325449457293,1.0,0.8095846736286214,325.7948679924011
N8_E11a_T12a,N8,amazon_agg_043,aggregate_cross_paper,test,1.0,0.8044073938098247,1.0,0.9348024646032749,325.7948679924011
N8_E11a_T12a,N8,amazon_agg_044,aggregate_cross_paper,train,0.42857142857142855,0.7358309296032775,0.75,0.6381341193915687,325.7948679924011
N8_E11a_T12a,N8,amazon_agg_045,aggregate_cross_paper,train,0.6,0.3790658087276895,0.5,0.4930219362425632,325.7948679924011
N8_E11a_T12a,N8,amazon_agg_046,aggregate_cross_paper,test,0.875,0.4486795845577857,0.75,0.6912265281859286,325.7948679924011
N8_E11a_T12a,N8,amazon_agg_047,aggregate_cross_paper,train,1.0,0.7343774914743225,1.0,0.9114591638247741,325.7948679924011
N8_E11a_T12a,N8,amazon_agg_048,aggregate_cross_paper,test,1.0,0.597792247362448,0.75,0.7825974157874827,325.7948679924011
N8_E11a_T12a,N8,amazon_agg_049,aggregate_cross_paper,train,1.0,0.5100870815915106,1.0,0.8366956938638369,325.7948679924011
N8_E11a_T12a,N8,amazon_agg_050,aggregate_cross_paper,test,1.0,0.8296566691627565,1.0,0.9432188897209187,325.7948679924011
N8_E11a_T12a,N8,amazon_agg_051,aggregate_cross_paper,test,0.5,0.4157428623879358,0.75,0.5552476207959786,325.7948679924011
N8_E11a_T12a,N8,amazon_agg_052,aggregate_cross_paper,test,0.5,0.5696648328714511,0.75,0.6065549442904837,325.7948679924011
N8_E11a_T12a,N8,amazon_agg_053,aggregate_cross_paper,train,1.0,0.6861777854304639,1.0,0.895392595143488,325.7948679924011
N8_E11a_T12a,N8,amazon_agg_054,aggregate_cross_paper,test,0.5,0.6702400003446135,0.5,0.5567466667815378,325.7948679924011
N8_E11a_T12a,N8,amazon_agg_055,aggregate_cross_paper,train,0.75,0.7070132107696142,1.0,0.8190044035898714,325.7948679924011
N8_E11a_T12a,N8,amazon_agg_056,aggregate_cross_paper,test,0.4,0.7869206681526298,1.0,0.7289735560508767,325.7948679924011
N8_E11a_T12a,N8,amazon_agg_057,aggregate_cross_paper,test,0.75,0.9245943990169458,1.0,0.8915314663389818,325.7948679924011
N8_E11a_T12a,N8,amazon_agg_058,aggregate_cross_paper,test,0.5,0.5724547056957351,1.0,0.6908182352319118,325.7948679924011
N8_E11a_T12a,N8,amazon_agg_059,aggregate_cross_paper,test,1.0,0.5146496632439461,0.75,0.7548832210813154,325.7948679924011
N8_E11a_T12a,N8,amazon_agg_060,aggregate_cross_paper,test,1.0,0.5624974530783837,0.75,0.7708324843594613,325.7948679924011
N8_E11a_T12a,N8,amazon_agg_061,aggregate_cross_paper,test,1.0,0.0,0.0,0.3333333333333333,325.7948679924011
N8_E11a_T12a,N8,amazon_agg_062,aggregate_cross_paper,train,0.75,0.8544612338886258,1.0,0.868153744629542,325.7948679924011
N8_E11a_T12a,N8,amazon_agg_063,aggregate_cross_paper,test,1.0,0.8851661280067562,1.0,0.9617220426689187,325.7948679924011
N8_E11a_T12a,N8,amazon_agg_064,aggregate_cross_paper,test,0.5,0.8120369404183678,0.75,0.6873456468061226,325.7948679924011
N8_E11a_T12a,N8,amazon_agg_065,aggregate_cross_paper,train,1.0,0.3710838777165914,1.0,0.7903612925721971,325.7948679924011
N8_E11a_T12a,N8,amazon_agg_066,aggregate_cross_paper,train,1.0,0.557562402997939,1.0,0.8525208009993129,325.7948679924011
N8_E11a_T12a,N8,amazon_agg_067,aggregate_cross_paper,test,0.5,0.7837381131640143,1.0,0.761246037721338,325.7948679924011
N8_E11a_T12a,N8,amazon_agg_068,aggregate_cross_paper,test,0.6666666666666666,0.3320688749323513,0.25,0.416245180533006,325.7948679924011
N8_E11a_T12a,N8,amazon_agg_069,aggregate_cross_paper,train,0.6666666666666666,0.8771598487883238,1.0,0.8479421718183301,325.7948679924011
N8_E11a_T12a,N8,amazon_agg_070,aggregate_cross_paper,train,1.0,0.8507397198214296,1.0,0.9502465732738098,325.7948679924011
N8_E11a_T12a,N8,amazon_agg_071,aggregate_cross_paper,test,0.6666666666666666,0.7677414271819493,1.0,0.8114693646162053,325.7948679924011
N8_E11a_T12a,N8,amazon_agg_072,aggregate_cross_paper,train,0.3333333333333333,0.6901040564504206,1.0,0.674479129927918,325.7948679924011
N8_E11a_T12a,N8,amazon_agg_073,aggregate_cross_paper,train,1.0,0.0,0.0,0.3333333333333333,325.7948679924011
N8_E11a_T12a,N8,amazon_agg_074,aggregate_cross_paper,test,1.0,0.0,0.0,0.3333333333333333,325.7948679924011
N8_E11a_T12a,N8,amazon_agg_075,aggregate_cross_paper,test,0.9,0.5821028086744914,0.75,0.7440342695581638,325.7948679924011
N8_E11a_T12a,N8,amazon_agg_076,aggregate_cross_paper,train,0.5,0.7129182217393396,1.0,0.7376394072464465,325.7948679924011
N8_E11a_T12a,N8,amazon_agg_077,aggregate_cross_paper,train,0.5,0.4338362337773824,0.5,0.4779454112591275,325.7948679924011
N8_E11a_T12a,N8,amazon_agg_078,aggregate_cross_paper,test,0.3333333333333333,0.5427591863901011,0.75,0.5420308399078114,325.7948679924011
N8_E11a_T12a,N8,amazon_agg_079,aggregate_cross_paper,test,0.8333333333333334,0.8119382135918279,0.5,0.7150905156417204,325.7948679924011
N8_E11a_T12a,N8,amazon_agg_080,aggregate_cross_paper,train,1.0,0.8487137095776105,1.0,0.9495712365258702,325.7948679924011
N8_E11a_T12a,N8,amazon_agg_081,aggregate_cross_paper,train,1.0,0.3589738517168051,1.0,0.7863246172389351,325.7948679924011
N8_E11a_T12a,N8,amazon_agg_082,aggregate_cross_paper,test,0.0,0.6636311947501201,0.25,0.3045437315833734,325.7948679924011
N8_E11a_T12a,N8,amazon_agg_083,aggregate_cross_paper,train,1.0,0.8551564983904428,1.0,0.9517188327968142,325.7948679924011
N8_E11a_T12a,N8,amazon_agg_084,aggregate_cross_paper,test,0.5,0.6862727945268169,0.5,0.562090931508939,325.7948679924011
N8_E11a_T12a,N8,amazon_agg_085,aggregate_cross_paper,train,0.8333333333333334,0.7656837772566208,0.75,0.7830057035299847,325.7948679924011
N8_E11a_T12a,N8,amazon_agg_086,aggregate_cross_paper,test,0.6666666666666666,0.9256322611138098,1.0,0.8640996425934921,325.7948679924011
N8_E11a_T12a,N8,amazon_agg_087,aggregate_cross_paper,test,0.5714285714285714,0.8086638870920616,1.0,0.793364152840211,325.7948679924011
N8_E11a_T12a,N8,amazon_agg_088,aggregate_cross_paper,train,1.0,0.6842706979813232,0.5,0.728090232660441,325.7948679924011
N8_E11a_T12a,N8,amazon_agg_089,aggregate_cross_paper,test,1.0,0.0,0.0,0.3333333333333333,325.7948679924011
N8_E11a_T12a,N8,amazon_agg_090,aggregate_cross_paper,train,0.75,0.877482058296143,1.0,0.875827352765381,325.7948679924011
N8_E11a_T12a,N8,amazon_agg_091,aggregate_cross_paper,test,1.0,0.4804710472188962,0.75,0.7434903490729653,325.7948679924011
N8_E11a_T12a,N8,amazon_agg_092,aggregate_cross_paper,test,1.0,0.8390240445510142,1.0,0.9463413481836714,325.7948679924011
N8_E11a_T12a,N8,amazon_agg_093,aggregate_cross_paper,train,0.8,0.40569472289084546,0.5,0.5685649076302818,325.7948679924011
N8_E11a_T12a,N8,amazon_agg_094,aggregate_cross_paper,test,1.0,0.8371638502601605,1.0,0.9457212834200535,325.7948679924011
N8_E11a_T12a,N8,amazon_agg_095,aggregate_cross_paper,train,0.5714285714285714,0.4932218737123835,0.5,0.5215501483803183,325.7948679924011
N8_E11a_T12a,N8,amazon_agg_096,aggregate_cross_paper,train,1.0,0.6103522359935306,1.0,0.8701174119978435,325.7948679924011
N8_E11a_T12a,N8,amazon_agg_097,aggregate_cross_paper,test,0.6666666666666666,0.5688981689472549,1.0,0.7451882785379738,325.7948679924011
N8_E11a_T12a,N8,amazon_agg_098,aggregate_cross_paper,test,0.6,0.7790072805079173,1.0,0.7930024268359724,325.7948679924011
N8_E11a_T12a,N8,amazon_agg_099,aggregate_cross_paper,test,0.3333333333333333,0.3356759692526296,0.0,0.22300310086198763,325.7948679924011
N8_E11a_T12a,N8,amazon_edge_034,edge_multihop,test,1.0,0.0,0.0,0.3333333333333333,325.7948679924011
N8_E11a_T12a,N8,amazon_edge_035,edge_multihop,test,1.0,0.0,0.0,0.3333333333333333,325.7948679924011
N8_E11a_T12a,N8,amazon_edge_036,edge_multihop,test,1.0,0.0,0.0,0.3333333333333333,325.7948679924011
N8_E11a_T12a,N8,amazon_edge_037,edge_multihop,train,1.0,0.0,0.0,0.3333333333333333,325.7948679924011
N8_E11a_T12a,N8,amazon_edge_038,edge_multihop,test,1.0,0.0,0.0,0.3333333333333333,325.7948679924011
N8_E11a_T12a,N8,amazon_edge_039,edge_multihop,train,1.0,0.0,0.0,0.3333333333333333,325.7948679924011
N8_E11a_T12a,N8,amazon_edge_040,edge_multihop,test,1.0,0.0,0.0,0.3333333333333333,325.7948679924011
N8_E11a_T12a,N8,amazon_edge_041,edge_multihop,test,1.0,0.6212659418177185,0.0,0.5404219806059062,325.7948679924011
N8_E11a_T12a,N8,amazon_edge_042,edge_multihop,test,1.0,0.0,0.0,0.3333333333333333,325.7948679924011
N8_E11a_T12a,N8,amazon_edge_043,edge_multihop,test,1.0,0.0,0.0,0.3333333333333333,325.7948679924011
N8_E11a_T12a,N8,amazon_edge_044,edge_multihop,test,1.0,0.0,0.0,0.3333333333333333,325.7948679924011
N8_E11a_T12a,N8,amazon_edge_045,edge_multihop,train,1.0,0.0,0.0,0.3333333333333333,325.7948679924011
N8_E11a_T12a,N8,amazon_edge_046,edge_multihop,test,1.0,0.0,0.0,0.3333333333333333,325.7948679924011
N8_E11a_T12a,N8,amazon_edge_047,edge_multihop,test,1.0,0.0,0.0,0.3333333333333333,325.7948679924011
N8_E11a_T12a,N8,amazon_edge_048,edge_multihop,train,1.0,0.0,0.0,0.3333333333333333,325.7948679924011
N8_E11a_T12a,N8,amazon_edge_049,edge_multihop,train,1.0,0.0,0.0,0.3333333333333333,325.7948679924011
N8_E11a_T12a,N8,amazon_edge_050,edge_multihop,test,1.0,0.0,0.0,0.3333333333333333,325.7948679924011
N8_E11a_T12a,N8,amazon_edge_051,edge_multihop,test,0.5,0.0,0.0,0.16666666666666666,325.7948679924011
N8_E11a_T12a,N8,amazon_edge_052,edge_multihop,train,0.75,0.0,0.0,0.25,325.7948679924011
N8_E11a_T12a,N8,amazon_edge_053,edge_multihop,train,1.0,0.0,0.0,0.3333333333333333,325.7948679924011
N8_E11a_T12a,N8,amazon_edge_054,edge_multihop,train,1.0,0.7326573995062805,0.0,0.5775524665020936,325.7948679924011
N8_E11a_T12a,N8,amazon_edge_055,edge_multihop,train,1.0,0.0,0.0,0.3333333333333333,325.7948679924011
N8_E11a_T12a,N8,amazon_edge_056,edge_multihop,train,1.0,0.0,0.0,0.3333333333333333,325.7948679924011
N8_E11a_T12a,N8,amazon_edge_057,edge_multihop,train,1.0,0.0,0.0,0.3333333333333333,325.7948679924011
N8_E11a_T12a,N8,amazon_edge_058,edge_multihop,train,1.0,0.0,0.0,0.3333333333333333,325.7948679924011
N8_E11a_T12a,N8,amazon_edge_059,edge_multihop,train,1.0,0.0,0.0,0.3333333333333333,325.7948679924011
N8_E11a_T12a,N8,amazon_edge_060,edge_multihop,train,1.0,0.0,0.0,0.3333333333333333,325.7948679924011
N8_E11a_T12a,N8,amazon_edge_061,edge_multihop,test,0.5,0.0,0.5,0.3333333333333333,325.7948679924011
N8_E11a_T12a,N8,amazon_edge_062,edge_multihop,test,1.0,0.0,0.0,0.3333333333333333,325.7948679924011
N8_E11a_T12a,N8,amazon_edge_063,edge_multihop,train,1.0,0.0,0.0,0.3333333333333333,325.7948679924011
N8_E11a_T12a,N8,amazon_edge_064,edge_multihop,test,1.0,0.0,0.0,0.3333333333333333,325.7948679924011
N8_E11a_T12a,N8,amazon_edge_065,edge_multihop,train,0.75,0.0,0.0,0.25,325.7948679924011
N8_E11a_T12a,N8,amazon_edge_066,edge_multihop,train,1.0,0.0,0.0,0.3333333333333333,325.7948679924011
N8_E11a_T12a,N8,amazon_edge_067,edge_multihop,train,0.8571428571428571,0.7804865370826729,0.0,0.5458764647418434,325.7948679924011
N8_E11a_T12a,N8,amazon_edge_068,edge_multihop,test,1.0,0.0,0.0,0.3333333333333333,325.7948679924011
N8_E11a_T12a,N8,amazon_edge_069,edge_multihop,test,0.6666666666666666,0.0,0.0,0.2222222222222222,325.7948679924011
N8_E11a_T12a,N8,amazon_edge_070,edge_multihop,test,1.0,0.0,0.0,0.3333333333333333,325.7948679924011
N8_E11a_T12a,N8,amazon_edge_071,edge_multihop,test,1.0,0.0,0.0,0.3333333333333333,325.7948679924011
N8_E11a_T12a,N8,amazon_edge_072,edge_multihop,test,1.0,0.0,0.0,0.3333333333333333,325.7948679924011
N8_E11a_T12a,N8,amazon_edge_073,edge_multihop,train,1.0,0.0,0.0,0.3333333333333333,325.7948679924011
N8_E11a_T12a,N8,amazon_edge_074,edge_multihop,train,1.0,0.8557887786446269,0.5,0.7852629262148757,325.7948679924011
N8_E11a_T12a,N8,amazon_edge_075,edge_multihop,train,1.0,0.0,0.0,0.3333333333333333,325.7948679924011
N8_E11a_T12a,N8,amazon_edge_076,edge_multihop,train,1.0,0.0,0.0,0.3333333333333333,325.7948679924011
N8_E11a_T12a,N8,amazon_edge_077,edge_multihop,test,0.75,0.0,0.0,0.25,325.7948679924011
N8_E11a_T12a,N8,amazon_edge_078,edge_multihop,train,1.0,0.0,0.0,0.3333333333333333,325.7948679924011
N8_E11a_T12a,N8,amazon_edge_079,edge_multihop,train,1.0,0.8586636457214493,1.0,0.9528878819071497,325.7948679924011
N8_E11a_T12a,N8,amazon_edge_080,edge_multihop,test,1.0,0.0,0.0,0.3333333333333333,325.7948679924011
N8_E11a_T12a,N8,amazon_edge_081,edge_multihop,train,0.75,0.0,0.0,0.25,325.7948679924011
N8_E11a_T12a,N8,amazon_edge_082,edge_multihop,train,1.0,0.0,0.0,0.3333333333333333,325.7948679924011
N8_E11a_T12a,N8,amazon_edge_083,edge_multihop,train,0.6666666666666666,0.0,0.0,0.2222222222222222,325.7948679924011
N8_E11a_T12a,N8,amazon_edge_084,edge_multihop,test,0.0,0.0,0.5,0.16666666666666666,325.7948679924011
N8_E11a_T12a,N8,amazon_edge_085,edge_multihop,train,1.0,0.0,0.0,0.3333333333333333,325.7948679924011
N8_E11a_T12a,N8,amazon_edge_086,edge_multihop,train,1.0,0.0,0.0,0.3333333333333333,325.7948679924011
N8_E11a_T12a,N8,amazon_edge_087,edge_multihop,train,0.5,0.0,0.25,0.25,325.7948679924011
N8_E11a_T12a,N8,amazon_edge_088,edge_multihop,train,1.0,0.0,0.0,0.3333333333333333,325.7948679924011
N8_E11a_T12a,N8,amazon_edge_089,edge_multihop,train,0.75,0.0,0.0,0.25,325.7948679924011
N8_E11a_T12a,N8,amazon_edge_090,edge_multihop,train,0.3333333333333333,0.0,0.0,0.1111111111111111,325.7948679924011
N8_E11a_T12a,N8,amazon_edge_091,edge_multihop,test,1.0,0.0,0.0,0.3333333333333333,325.7948679924011
N8_E11a_T12a,N8,amazon_edge_092,edge_multihop,test,1.0,0.0,0.0,0.3333333333333333,325.7948679924011
N8_E11a_T12a,N8,amazon_edge_093,edge_multihop,train,1.0,0.0,0.0,0.3333333333333333,325.7948679924011
N8_E11a_T12a,N8,amazon_edge_094,edge_multihop,test,0.8333333333333334,0.0,0.0,0.2777777777777778,325.7948679924011
N8_E11a_T12a,N8,amazon_edge_095,edge_multihop,test,0.75,0.0,0.0,0.25,325.7948679924011
N8_E11a_T12a,N8,amazon_edge_096,edge_multihop,test,1.0,0.0,0.0,0.3333333333333333,325.7948679924011
N8_E11a_T12a,N8,amazon_edge_097,edge_multihop,test,1.0,0.0,0.0,0.3333333333333333,325.7948679924011
N8_E11a_T12a,N8,amazon_edge_098,edge_multihop,train,1.0,0.0,0.0,0.3333333333333333,325.7948679924011
N8_E11a_T12a,N8,amazon_edge_099,edge_multihop,train,1.0,0.0,0.0,0.3333333333333333,325.7948679924011
N8_E11a_T12a,N8,amazon_sh_083,single_specific,train,1.0,0.0,1.0,0.6666666666666666,325.7948679924011
N8_E11a_T12a,N8,amazon_sh_084,single_specific,train,1.0,0.8862074668662804,0.0,0.6287358222887601,325.7948679924011
N8_E11a_T12a,N8,amazon_sh_085,single_specific,train,0.5,0.0,0.0,0.16666666666666666,325.7948679924011
N8_E11a_T12a,N8,amazon_sh_086,single_specific,train,1.0,0.960050894498368,1.0,0.986683631499456,325.7948679924011
N8_E11a_T12a,N8,amazon_sh_087,single_specific,train,1.0,0.8667615748216314,0.0,0.6222538582738771,325.7948679924011
N8_E11a_T12a,N8,amazon_sh_088,single_specific,train,1.0,1.0,1.0,1.0,325.7948679924011
N8_E11a_T12a,N8,amazon_sh_089,single_specific,test,1.0,0.9210960289640376,1.0,0.9736986763213459,325.7948679924011
N8_E11a_T12a,N8,amazon_sh_090,single_specific,test,0.5,0.0,0.0,0.16666666666666666,325.7948679924011
N8_E11a_T12a,N8,amazon_sh_091,single_specific,test,1.0,0.0,0.0,0.3333333333333333,325.7948679924011
N8_E11a_T12a,N8,amazon_sh_092,single_specific,train,1.0,0.0,0.0,0.3333333333333333,325.7948679924011
N8_E11a_T12a,N8,amazon_sh_093,single_specific,train,0.0,0.8045911009110108,0.0,0.2681970336370036,325.7948679924011
N8_E11a_T12a,N8,amazon_sh_094,single_specific,train,1.0,0.7033828718393835,0.5,0.7344609572797944,325.7948679924011
N8_E11a_T12a,N8,amazon_sh_095,single_specific,test,0.5,0.8212773209450951,0.75,0.6904257736483651,325.7948679924011
N8_E11a_T12a,N8,amazon_sh_096,single_specific,test,1.0,0.7533096155737605,0.0,0.5844365385245869,325.7948679924011
N8_E11a_T12a,N8,amazon_sh_097,single_specific,test,1.0,0.0,0.0,0.3333333333333333,325.7948679924011
N8_E11a_T12a,N8,amazon_sh_098,single_specific,test,1.0,1.0000000000000002,1.0,1.0,325.7948679924011
N8_E11a_T12a,N8,amazon_sh_099,single_specific,train,0.5,0.0,0.0,0.16666666666666666,325.7948679924011
N8_E11a_T12b,N8,amazon_agg_033,aggregate_cross_paper,train,0.3333333333333333,0.7981849918830823,0.5,0.5438394417388052,298.0653610229492
N8_E11a_T12b,N8,amazon_agg_034,aggregate_cross_paper,train,0.5,0.6625933376663066,1.0,0.7208644458887689,298.0653610229492
N8_E11a_T12b,N8,amazon_agg_035,aggregate_cross_paper,train,1.0,0.0,0.0,0.3333333333333333,298.0653610229492
N8_E11a_T12b,N8,amazon_agg_036,aggregate_cross_paper,test,1.0,0.5932969996930348,0.5,0.6977656665643449,298.0653610229492
N8_E11a_T12b,N8,amazon_agg_037,aggregate_cross_paper,test,1.0,0.8109254482421379,1.0,0.9369751494140459,298.0653610229492
N8_E11a_T12b,N8,amazon_agg_038,aggregate_cross_paper,test,0.6666666666666666,0.37380403964805187,0.0,0.34682356877157283,298.0653610229492
N8_E11a_T12b,N8,amazon_agg_039,aggregate_cross_paper,train,1.0,0.850029625483948,1.0,0.950009875161316,298.0653610229492
N8_E11a_T12b,N8,amazon_agg_040,aggregate_cross_paper,train,1.0,0.6034667729427188,1.0,0.8678222576475729,298.0653610229492
N8_E11a_T12b,N8,amazon_agg_041,aggregate_cross_paper,test,0.6666666666666666,0.44942835844421114,0.0,0.3720316750369593,298.0653610229492
N8_E11a_T12b,N8,amazon_agg_042,aggregate_cross_paper,train,0.8,0.8573249848787036,1.0,0.8857749949595678,298.0653610229492
N8_E11a_T12b,N8,amazon_agg_043,aggregate_cross_paper,test,1.0,0.7871827398620368,1.0,0.9290609132873456,298.0653610229492
N8_E11a_T12b,N8,amazon_agg_044,aggregate_cross_paper,train,0.3333333333333333,0.7358473166552062,0.75,0.6063935499961798,298.0653610229492
N8_E11a_T12b,N8,amazon_agg_045,aggregate_cross_paper,train,0.6,0.3790658087276895,0.5,0.4930219362425632,298.0653610229492
N8_E11a_T12b,N8,amazon_agg_046,aggregate_cross_paper,test,0.7777777777777778,0.4473142543593909,0.75,0.6583640107123895,298.0653610229492
N8_E11a_T12b,N8,amazon_agg_047,aggregate_cross_paper,train,1.0,0.7343774914743225,1.0,0.9114591638247741,298.0653610229492
N8_E11a_T12b,N8,amazon_agg_048,aggregate_cross_paper,test,1.0,0.7254978576550151,0.75,0.8251659525516718,298.0653610229492
N8_E11a_T12b,N8,amazon_agg_049,aggregate_cross_paper,train,1.0,0.5100858003685288,1.0,0.8366952667895097,298.0653610229492
N8_E11a_T12b,N8,amazon_agg_050,aggregate_cross_paper,test,1.0,0.8290156761249273,1.0,0.9430052253749758,298.0653610229492
N8_E11a_T12b,N8,amazon_agg_051,aggregate_cross_paper,test,0.25,0.5077687073408016,0.75,0.5025895691136005,298.0653610229492
N8_E11a_T12b,N8,amazon_agg_052,aggregate_cross_paper,test,0.3333333333333333,0.5696648328714511,0.75,0.5509993887349282,298.0653610229492
N8_E11a_T12b,N8,amazon_agg_053,aggregate_cross_paper,train,1.0,0.6861777854304639,1.0,0.895392595143488,298.0653610229492
N8_E11a_T12b,N8,amazon_agg_054,aggregate_cross_paper,test,0.3333333333333333,0.5742952986106186,0.5,0.4692095439813173,298.0653610229492
N8_E11a_T12b,N8,amazon_agg_055,aggregate_cross_paper,train,0.75,0.7287896412739757,1.0,0.8262632137579918,298.0653610229492
N8_E11a_T12b,N8,amazon_agg_056,aggregate_cross_paper,test,0.0,0.7869052281878285,1.0,0.5956350760626096,298.0653610229492
N8_E11a_T12b,N8,amazon_agg_057,aggregate_cross_paper,test,0.8333333333333334,0.9107529183909627,1.0,0.914695417241432,298.0653610229492
N8_E11a_T12b,N8,amazon_agg_058,aggregate_cross_paper,test,0.5,0.7154307076630001,1.0,0.7384769025543334,298.0653610229492
N8_E11a_T12b,N8,amazon_agg_059,aggregate_cross_paper,test,0.8571428571428571,0.5242084068107364,0.75,0.7104504213178645,298.0653610229492
N8_E11a_T12b,N8,amazon_agg_060,aggregate_cross_paper,test,1.0,0.5624974530783837,1.0,0.8541658176927945,298.0653610229492
N8_E11a_T12b,N8,amazon_agg_061,aggregate_cross_paper,test,1.0,0.0,0.0,0.3333333333333333,298.0653610229492
N8_E11a_T12b,N8,amazon_agg_062,aggregate_cross_paper,train,0.75,0.8544256731626715,1.0,0.8681418910542238,298.0653610229492
N8_E11a_T12b,N8,amazon_agg_063,aggregate_cross_paper,test,1.0,0.8981163491582015,1.0,0.9660387830527338,298.0653610229492
N8_E11a_T12b,N8,amazon_agg_064,aggregate_cross_paper,test,0.5,0.8119704226050918,1.0,0.7706568075350306,298.0653610229492
N8_E11a_T12b,N8,amazon_agg_065,aggregate_cross_paper,train,1.0,0.3710838777165914,0.5,0.6236946259055305,298.0653610229492
N8_E11a_T12b,N8,amazon_agg_066,aggregate_cross_paper,train,1.0,0.4639770231014725,1.0,0.8213256743671575,298.0653610229492
N8_E11a_T12b,N8,amazon_agg_067,aggregate_cross_paper,test,1.0,0.7837413574770263,1.0,0.9279137858256754,298.0653610229492
N8_E11a_T12b,N8,amazon_agg_068,aggregate_cross_paper,test,0.8,0.3717372549088362,0.25,0.47391241830294545,298.0653610229492
N8_E11a_T12b,N8,amazon_agg_069,aggregate_cross_paper,train,0.6666666666666666,0.9228401956573692,1.0,0.863168954108012,298.0653610229492
N8_E11a_T12b,N8,amazon_agg_070,aggregate_cross_paper,train,1.0,0.8088163406985435,1.0,0.9362721135661811,298.0653610229492
N8_E11a_T12b,N8,amazon_agg_071,aggregate_cross_paper,test,0.6666666666666666,0.76779008500956,1.0,0.8114855838920755,298.0653610229492
N8_E11a_T12b,N8,amazon_agg_072,aggregate_cross_paper,train,0.3333333333333333,0.6900784159961831,1.0,0.6744705831098389,298.0653610229492
N8_E11a_T12b,N8,amazon_agg_073,aggregate_cross_paper,train,1.0,0.0,0.0,0.3333333333333333,298.0653610229492
N8_E11a_T12b,N8,amazon_agg_074,aggregate_cross_paper,test,1.0,0.0,0.0,0.3333333333333333,298.0653610229492
N8_E11a_T12b,N8,amazon_agg_075,aggregate_cross_paper,test,0.9,0.5791019045723574,0.5,0.6597006348574525,298.0653610229492
N8_E11a_T12b,N8,amazon_agg_076,aggregate_cross_paper,train,0.5,0.7129182217393396,1.0,0.7376394072464465,298.0653610229492
N8_E11a_T12b,N8,amazon_agg_077,aggregate_cross_paper,train,1.0,0.40873625568417465,0.5,0.6362454185613916,298.0653610229492
N8_E11a_T12b,N8,amazon_agg_078,aggregate_cross_paper,test,0.3333333333333333,0.5426818661751902,0.75,0.5420050665028412,298.0653610229492
N8_E11a_T12b,N8,amazon_agg_079,aggregate_cross_paper,test,0.7142857142857143,0.8119750057838804,0.5,0.6754202400231982,298.0653610229492
N8_E11a_T12b,N8,amazon_agg_080,aggregate_cross_paper,train,1.0,0.8281055493549307,1.0,0.942701849784977,298.0653610229492
N8_E11a_T12b,N8,amazon_agg_081,aggregate_cross_paper,train,1.0,0.36008476017572966,1.0,0.7866949200585766,298.0653610229492
N8_E11a_T12b,N8,amazon_agg_082,aggregate_cross_paper,test,0.0,0.6640631127084897,0.25,0.30468770423616326,298.0653610229492
N8_E11a_T12b,N8,amazon_agg_083,aggregate_cross_paper,train,1.0,0.8701014318057171,1.0,0.9567004772685723,298.0653610229492
N8_E11a_T12b,N8,amazon_agg_084,aggregate_cross_paper,test,0.5,0.688585659896718,0.5,0.5628618866322393,298.0653610229492
N8_E11a_T12b,N8,amazon_agg_085,aggregate_cross_paper,train,0.6666666666666666,0.7641038133588959,0.75,0.7269234933418541,298.0653610229492
N8_E11a_T12b,N8,amazon_agg_086,aggregate_cross_paper,test,0.6666666666666666,0.9255605190561812,1.0,0.8640757285742827,298.0653610229492
N8_E11a_T12b,N8,amazon_agg_087,aggregate_cross_paper,test,1.0,0.8086190805178888,1.0,0.9362063601726295,298.0653610229492
N8_E11a_T12b,N8,amazon_agg_088,aggregate_cross_paper,train,0.6666666666666666,0.7663297046568008,0.5,0.6443321237744891,298.0653610229492
N8_E11a_T12b,N8,amazon_agg_089,aggregate_cross_paper,test,1.0,0.0,0.0,0.3333333333333333,298.0653610229492
N8_E11a_T12b,N8,amazon_agg_090,aggregate_cross_paper,train,0.5,0.860303176939912,1.0,0.7867677256466373,298.0653610229492
N8_E11a_T12b,N8,amazon_agg_091,aggregate_cross_paper,test,1.0,0.4804967125099779,0.75,0.7434989041699925,298.0653610229492
N8_E11a_T12b,N8,amazon_agg_092,aggregate_cross_paper,test,1.0,0.8409744594012042,1.0,0.9469914864670681,298.0653610229492
N8_E11a_T12b,N8,amazon_agg_093,aggregate_cross_paper,train,0.8,0.5456668337895634,0.5,0.6152222779298545,298.0653610229492
N8_E11a_T12b,N8,amazon_agg_094,aggregate_cross_paper,test,1.0,0.8371537953921018,1.0,0.9457179317973673,298.0653610229492
N8_E11a_T12b,N8,amazon_agg_095,aggregate_cross_paper,train,0.8333333333333334,0.6545644986803492,0.5,0.6626326106712276,298.0653610229492
N8_E11a_T12b,N8,amazon_agg_096,aggregate_cross_paper,train,1.0,0.6047281111723756,1.0,0.8682427037241252,298.0653610229492
N8_E11a_T12b,N8,amazon_agg_097,aggregate_cross_paper,test,0.8333333333333334,0.5882375972871171,1.0,0.8071903102068169,298.0653610229492
N8_E11a_T12b,N8,amazon_agg_098,aggregate_cross_paper,test,0.8333333333333334,0.7790072805079173,1.0,0.8707802046137503,298.0653610229492
N8_E11a_T12b,N8,amazon_agg_099,aggregate_cross_paper,test,0.3333333333333333,0.33568911717628414,0.0,0.2230074835032058,298.0653610229492
N8_E11a_T12b,N8,amazon_edge_034,edge_multihop,test,1.0,0.0,0.0,0.3333333333333333,298.0653610229492
N8_E11a_T12b,N8,amazon_edge_035,edge_multihop,test,1.0,0.0,0.0,0.3333333333333333,298.0653610229492
N8_E11a_T12b,N8,amazon_edge_036,edge_multihop,test,1.0,0.0,0.0,0.3333333333333333,298.0653610229492
N8_E11a_T12b,N8,amazon_edge_037,edge_multihop,train,0.6666666666666666,0.0,0.0,0.2222222222222222,298.0653610229492
N8_E11a_T12b,N8,amazon_edge_038,edge_multihop,test,1.0,0.0,0.0,0.3333333333333333,298.0653610229492
N8_E11a_T12b,N8,amazon_edge_039,edge_multihop,train,1.0,0.0,0.0,0.3333333333333333,298.0653610229492
N8_E11a_T12b,N8,amazon_edge_040,edge_multihop,test,1.0,0.0,0.0,0.3333333333333333,298.0653610229492
N8_E11a_T12b,N8,amazon_edge_041,edge_multihop,test,1.0,0.621309825779944,0.0,0.5404366085933147,298.0653610229492
N8_E11a_T12b,N8,amazon_edge_042,edge_multihop,test,1.0,0.0,0.0,0.3333333333333333,298.0653610229492
N8_E11a_T12b,N8,amazon_edge_043,edge_multihop,test,1.0,0.0,0.0,0.3333333333333333,298.0653610229492
N8_E11a_T12b,N8,amazon_edge_044,edge_multihop,test,1.0,0.0,0.0,0.3333333333333333,298.0653610229492
N8_E11a_T12b,N8,amazon_edge_045,edge_multihop,train,1.0,0.0,0.0,0.3333333333333333,298.0653610229492
N8_E11a_T12b,N8,amazon_edge_046,edge_multihop,test,1.0,0.0,0.0,0.3333333333333333,298.0653610229492
N8_E11a_T12b,N8,amazon_edge_047,edge_multihop,test,1.0,0.0,0.0,0.3333333333333333,298.0653610229492
N8_E11a_T12b,N8,amazon_edge_048,edge_multihop,train,1.0,0.0,0.0,0.3333333333333333,298.0653610229492
N8_E11a_T12b,N8,amazon_edge_049,edge_multihop,train,1.0,0.0,0.0,0.3333333333333333,298.0653610229492
N8_E11a_T12b,N8,amazon_edge_050,edge_multihop,test,1.0,0.0,0.0,0.3333333333333333,298.0653610229492
N8_E11a_T12b,N8,amazon_edge_051,edge_multihop,test,1.0,0.0,0.0,0.3333333333333333,298.0653610229492
N8_E11a_T12b,N8,amazon_edge_052,edge_multihop,train,1.0,0.0,0.0,0.3333333333333333,298.0653610229492
N8_E11a_T12b,N8,amazon_edge_053,edge_multihop,train,1.0,0.0,0.0,0.3333333333333333,298.0653610229492
N8_E11a_T12b,N8,amazon_edge_054,edge_multihop,train,1.0,0.7326573995062805,0.0,0.5775524665020936,298.0653610229492
N8_E11a_T12b,N8,amazon_edge_055,edge_multihop,train,1.0,0.0,0.0,0.3333333333333333,298.0653610229492
N8_E11a_T12b,N8,amazon_edge_056,edge_multihop,train,1.0,0.0,0.0,0.3333333333333333,298.0653610229492
N8_E11a_T12b,N8,amazon_edge_057,edge_multihop,train,1.0,0.0,0.0,0.3333333333333333,298.0653610229492
N8_E11a_T12b,N8,amazon_edge_058,edge_multihop,train,1.0,0.0,0.0,0.3333333333333333,298.0653610229492
N8_E11a_T12b,N8,amazon_edge_059,edge_multihop,train,0.75,0.0,0.0,0.25,298.0653610229492
N8_E11a_T12b,N8,amazon_edge_060,edge_multihop,train,1.0,0.0,0.0,0.3333333333333333,298.0653610229492
N8_E11a_T12b,N8,amazon_edge_061,edge_multihop,test,0.5,0.0,0.5,0.3333333333333333,298.0653610229492
N8_E11a_T12b,N8,amazon_edge_062,edge_multihop,test,1.0,0.0,0.0,0.3333333333333333,298.0653610229492
N8_E11a_T12b,N8,amazon_edge_063,edge_multihop,train,1.0,0.0,0.0,0.3333333333333333,298.0653610229492
N8_E11a_T12b,N8,amazon_edge_064,edge_multihop,test,1.0,0.0,0.0,0.3333333333333333,298.0653610229492
N8_E11a_T12b,N8,amazon_edge_065,edge_multihop,train,0.6666666666666666,0.0,0.0,0.2222222222222222,298.0653610229492
N8_E11a_T12b,N8,amazon_edge_066,edge_multihop,train,1.0,0.0,0.0,0.3333333333333333,298.0653610229492
N8_E11a_T12b,N8,amazon_edge_067,edge_multihop,train,0.8888888888888888,0.7600187751931425,0.0,0.5496358880273439,298.0653610229492
N8_E11a_T12b,N8,amazon_edge_068,edge_multihop,test,1.0,0.0,0.0,0.3333333333333333,298.0653610229492
N8_E11a_T12b,N8,amazon_edge_069,edge_multihop,test,0.6666666666666666,0.0,0.0,0.2222222222222222,298.0653610229492
N8_E11a_T12b,N8,amazon_edge_070,edge_multihop,test,1.0,0.0,0.0,0.3333333333333333,298.0653610229492
N8_E11a_T12b,N8,amazon_edge_071,edge_multihop,test,1.0,0.0,0.0,0.3333333333333333,298.0653610229492
N8_E11a_T12b,N8,amazon_edge_072,edge_multihop,test,1.0,0.0,0.0,0.3333333333333333,298.0653610229492
N8_E11a_T12b,N8,amazon_edge_073,edge_multihop,train,1.0,0.0,0.0,0.3333333333333333,298.0653610229492
N8_E11a_T12b,N8,amazon_edge_074,edge_multihop,train,1.0,0.0,0.5,0.5,298.0653610229492
N8_E11a_T12b,N8,amazon_edge_075,edge_multihop,train,1.0,0.0,0.0,0.3333333333333333,298.0653610229492
N8_E11a_T12b,N8,amazon_edge_076,edge_multihop,train,1.0,0.0,0.0,0.3333333333333333,298.0653610229492
N8_E11a_T12b,N8,amazon_edge_077,edge_multihop,test,1.0,0.0,0.0,0.3333333333333333,298.0653610229492
N8_E11a_T12b,N8,amazon_edge_078,edge_multihop,train,1.0,0.0,0.0,0.3333333333333333,298.0653610229492
N8_E11a_T12b,N8,amazon_edge_079,edge_multihop,train,1.0,0.8466299114355594,1.0,0.9488766371451866,298.0653610229492
N8_E11a_T12b,N8,amazon_edge_080,edge_multihop,test,1.0,0.0,0.0,0.3333333333333333,298.0653610229492
N8_E11a_T12b,N8,amazon_edge_081,edge_multihop,train,0.75,0.0,0.0,0.25,298.0653610229492
N8_E11a_T12b,N8,amazon_edge_082,edge_multihop,train,1.0,0.0,0.0,0.3333333333333333,298.0653610229492
N8_E11a_T12b,N8,amazon_edge_083,edge_multihop,train,0.6666666666666666,0.0,0.0,0.2222222222222222,298.0653610229492
N8_E11a_T12b,N8,amazon_edge_084,edge_multihop,test,0.0,0.0,0.5,0.16666666666666666,298.0653610229492
N8_E11a_T12b,N8,amazon_edge_085,edge_multihop,train,1.0,0.0,0.0,0.3333333333333333,298.0653610229492
N8_E11a_T12b,N8,amazon_edge_086,edge_multihop,train,1.0,0.0,0.0,0.3333333333333333,298.0653610229492
N8_E11a_T12b,N8,amazon_edge_087,edge_multihop,train,0.5,0.0,0.25,0.25,298.0653610229492
N8_E11a_T12b,N8,amazon_edge_088,edge_multihop,train,1.0,0.0,0.0,0.3333333333333333,298.0653610229492
N8_E11a_T12b,N8,amazon_edge_089,edge_multihop,train,0.75,0.0,0.0,0.25,298.0653610229492
N8_E11a_T12b,N8,amazon_edge_090,edge_multihop,train,0.75,0.0,0.0,0.25,298.0653610229492
N8_E11a_T12b,N8,amazon_edge_091,edge_multihop,test,1.0,0.0,0.0,0.3333333333333333,298.0653610229492
N8_E11a_T12b,N8,amazon_edge_092,edge_multihop,test,1.0,0.0,0.0,0.3333333333333333,298.0653610229492
N8_E11a_T12b,N8,amazon_edge_093,edge_multihop,train,1.0,0.0,0.0,0.3333333333333333,298.0653610229492
N8_E11a_T12b,N8,amazon_edge_094,edge_multihop,test,1.0,0.0,0.0,0.3333333333333333,298.0653610229492
N8_E11a_T12b,N8,amazon_edge_095,edge_multihop,test,0.75,0.0,0.0,0.25,298.0653610229492
N8_E11a_T12b,N8,amazon_edge_096,edge_multihop,test,0.6666666666666666,0.0,0.0,0.2222222222222222,298.0653610229492
N8_E11a_T12b,N8,amazon_edge_097,edge_multihop,test,1.0,0.0,0.0,0.3333333333333333,298.0653610229492
N8_E11a_T12b,N8,amazon_edge_098,edge_multihop,train,1.0,0.0,0.0,0.3333333333333333,298.0653610229492
N8_E11a_T12b,N8,amazon_edge_099,edge_multihop,train,1.0,0.0,0.0,0.3333333333333333,298.0653610229492
N8_E11a_T12b,N8,amazon_sh_083,single_specific,train,1.0,0.9999957919142121,1.0,0.9999985973047374,298.0653610229492
N8_E11a_T12b,N8,amazon_sh_084,single_specific,train,1.0,0.0,0.0,0.3333333333333333,298.0653610229492
N8_E11a_T12b,N8,amazon_sh_085,single_specific,train,1.0,0.0,0.0,0.3333333333333333,298.0653610229492
N8_E11a_T12b,N8,amazon_sh_086,single_specific,train,1.0,0.9600547748633476,1.0,0.9866849249544493,298.0653610229492
N8_E11a_T12b,N8,amazon_sh_087,single_specific,train,1.0,0.8667615748216314,0.0,0.6222538582738771,298.0653610229492
N8_E11a_T12b,N8,amazon_sh_088,single_specific,train,1.0,0.9999996230006084,1.0,0.9999998743335361,298.0653610229492
N8_E11a_T12b,N8,amazon_sh_089,single_specific,test,1.0,0.9210960289640376,1.0,0.9736986763213459,298.0653610229492
N8_E11a_T12b,N8,amazon_sh_090,single_specific,test,1.0,0.0,0.0,0.3333333333333333,298.0653610229492
N8_E11a_T12b,N8,amazon_sh_091,single_specific,test,1.0,0.0,0.0,0.3333333333333333,298.0653610229492
N8_E11a_T12b,N8,amazon_sh_092,single_specific,train,1.0,0.0,0.0,0.3333333333333333,298.0653610229492
N8_E11a_T12b,N8,amazon_sh_093,single_specific,train,0.0,0.8045911009110108,0.0,0.2681970336370036,298.0653610229492
N8_E11a_T12b,N8,amazon_sh_094,single_specific,train,1.0,0.743133014151497,0.5,0.7477110047171657,298.0653610229492
N8_E11a_T12b,N8,amazon_sh_095,single_specific,test,0.6666666666666666,0.8077883766396082,0.75,0.7414850144354249,298.0653610229492
N8_E11a_T12b,N8,amazon_sh_096,single_specific,test,1.0,0.7533260791968533,0.0,0.5844420263989512,298.0653610229492
N8_E11a_T12b,N8,amazon_sh_097,single_specific,test,1.0,0.0,0.0,0.3333333333333333,298.0653610229492
N8_E11a_T12b,N8,amazon_sh_098,single_specific,test,1.0,1.0000000000000002,1.0,1.0,298.0653610229492
N8_E11a_T12b,N8,amazon_sh_099,single_specific,train,0.5,0.0,0.0,0.16666666666666666,298.0653610229492
N8_E11b_T12a,N8,amazon_agg_033,aggregate_cross_paper,train,0.75,0.8351608060909718,1.0,0.8617202686969906,327.2272689342499
N8_E11b_T12a,N8,amazon_agg_034,aggregate_cross_paper,train,0.2,0.7521185146769822,1.0,0.650706171558994,327.2272689342499
N8_E11b_T12a,N8,amazon_agg_035,aggregate_cross_paper,train,0.6666666666666666,0.46402139792506136,0.5,0.5435626881972427,327.2272689342499
N8_E11b_T12a,N8,amazon_agg_036,aggregate_cross_paper,test,0.625,0.7774165791523383,1.0,0.8008055263841127,327.2272689342499
N8_E11b_T12a,N8,amazon_agg_037,aggregate_cross_paper,test,0.8888888888888888,0.8109042658365152,1.0,0.8999310515751348,327.2272689342499
N8_E11b_T12a,N8,amazon_agg_038,aggregate_cross_paper,test,0.7777777777777778,0.4562748921522348,1.0,0.7446842233100042,327.2272689342499
N8_E11b_T12a,N8,amazon_agg_039,aggregate_cross_paper,train,0.42857142857142855,0.8500331664723159,1.0,0.7595348650145816,327.2272689342499
N8_E11b_T12a,N8,amazon_agg_040,aggregate_cross_paper,train,1.0,0.6199862397309948,1.0,0.8733287465769983,327.2272689342499
N8_E11b_T12a,N8,amazon_agg_041,aggregate_cross_paper,test,0.5,0.3672427653692023,1.0,0.6224142551230675,327.2272689342499
N8_E11b_T12a,N8,amazon_agg_042,aggregate_cross_paper,train,0.6666666666666666,0.8764228684922414,1.0,0.847696511719636,327.2272689342499
N8_E11b_T12a,N8,amazon_agg_043,aggregate_cross_paper,test,1.0,0.7420448651558234,1.0,0.9140149550519411,327.2272689342499
N8_E11b_T12a,N8,amazon_agg_044,aggregate_cross_paper,train,0.6,0.6702102525010657,1.0,0.7567367508336886,327.2272689342499
N8_E11b_T12a,N8,amazon_agg_045,aggregate_cross_paper,train,0.6666666666666666,0.35425079208817645,0.5,0.5069724862516144,327.2272689342499
N8_E11b_T12a,N8,amazon_agg_046,aggregate_cross_paper,test,0.8571428571428571,0.6363047368089316,1.0,0.8311491979839296,327.2272689342499
N8_E11b_T12a,N8,amazon_agg_047,aggregate_cross_paper,train,0.6666666666666666,0.8297361296016645,1.0,0.832134265422777,327.2272689342499
N8_E11b_T12a,N8,amazon_agg_048,aggregate_cross_paper,test,1.0,0.6808016543258825,0.0,0.5602672181086276,327.2272689342499
N8_E11b_T12a,N8,amazon_agg_049,aggregate_cross_paper,train,0.6,0.7284685741089131,1.0,0.7761561913696378,327.2272689342499
N8_E11b_T12a,N8,amazon_agg_050,aggregate_cross_paper,test,1.0,0.8296566691627565,1.0,0.9432188897209187,327.2272689342499
N8_E11b_T12a,N8,amazon_agg_051,aggregate_cross_paper,test,0.7142857142857143,0.7929655592662144,1.0,0.8357504245173096,327.2272689342499
N8_E11b_T12a,N8,amazon_agg_052,aggregate_cross_paper,test,0.625,0.4233523076079801,1.0,0.6827841025359934,327.2272689342499
N8_E11b_T12a,N8,amazon_agg_053,aggregate_cross_paper,train,1.0,0.6807360399416935,1.0,0.8935786799805645,327.2272689342499
N8_E11b_T12a,N8,amazon_agg_054,aggregate_cross_paper,test,0.8,0.8504349362991576,1.0,0.8834783120997192,327.2272689342499
N8_E11b_T12a,N8,amazon_agg_055,aggregate_cross_paper,train,0.5714285714285714,0.7125506190865121,1.0,0.7613263968383611,327.2272689342499
N8_E11b_T12a,N8,amazon_agg_056,aggregate_cross_paper,test,0.0,0.7868944057965476,1.0,0.5956314685988492,327.2272689342499
N8_E11b_T12a,N8,amazon_agg_057,aggregate_cross_paper,test,0.6666666666666666,0.9107437903010709,1.0,0.8591368189892458,327.2272689342499
N8_E11b_T12a,N8,amazon_agg_058,aggregate_cross_paper,test,0.6,0.5373017833044701,1.0,0.7124339277681567,327.2272689342499
N8_E11b_T12a,N8,amazon_agg_059,aggregate_cross_paper,test,1.0,0.5194051658270773,1.0,0.8398017219423591,327.2272689342499
N8_E11b_T12a,N8,amazon_agg_060,aggregate_cross_paper,test,1.0,0.46569318620757105,1.0,0.821897728735857,327.2272689342499
N8_E11b_T12a,N8,amazon_agg_061,aggregate_cross_paper,test,1.0,0.0,0.5,0.5,327.2272689342499
N8_E11b_T12a,N8,amazon_agg_062,aggregate_cross_paper,train,0.6666666666666666,0.8544620322771538,1.0,0.8403762329812734,327.2272689342499
N8_E11b_T12a,N8,amazon_agg_063,aggregate_cross_paper,test,0.8888888888888888,0.8100089605094114,1.0,0.8996326164661,327.2272689342499
N8_E11b_T12a,N8,amazon_agg_064,aggregate_cross_paper,test,0.75,0.7794156072967501,1.0,0.8431385357655833,327.2272689342499
N8_E11b_T12a,N8,amazon_agg_065,aggregate_cross_paper,train,1.0,0.4936546949903741,1.0,0.831218231663458,327.2272689342499
N8_E11b_T12a,N8,amazon_agg_066,aggregate_cross_paper,train,0.75,0.6944172710361037,1.0,0.8148057570120346,327.2272689342499
N8_E11b_T12a,N8,amazon_agg_067,aggregate_cross_paper,test,0.75,0.783369787898681,1.0,0.844456595966227,327.2272689342499
N8_E11b_T12a,N8,amazon_agg_068,aggregate_cross_paper,test,0.8333333333333334,0.3697684888626221,1.0,0.7343672740653185,327.2272689342499
N8_E11b_T12a,N8,amazon_agg_069,aggregate_cross_paper,train,0.5,0.8446440415429181,1.0,0.7815480138476394,327.2272689342499
N8_E11b_T12a,N8,amazon_agg_070,aggregate_cross_paper,train,1.0,0.5503107161922343,1.0,0.850103572064078,327.2272689342499
N8_E11b_T12a,N8,amazon_agg_071,aggregate_cross_paper,test,0.8333333333333334,0.8008432258305076,1.0,0.8780588530546137,327.2272689342499
N8_E11b_T12a,N8,amazon_agg_072,aggregate_cross_paper,train,0.6666666666666666,0.7098964022077442,1.0,0.7921876896248037,327.2272689342499
N8_E11b_T12a,N8,amazon_agg_073,aggregate_cross_paper,train,0.75,0.0,1.0,0.5833333333333334,327.2272689342499
N8_E11b_T12a,N8,amazon_agg_074,aggregate_cross_paper,test,0.6666666666666666,0.5081077498973421,1.0,0.7249248055213363,327.2272689342499
N8_E11b_T12a,N8,amazon_agg_075,aggregate_cross_paper,test,0.8333333333333334,0.35538545178931685,1.0,0.7295729283742167,327.2272689342499
N8_E11b_T12a,N8,amazon_agg_076,aggregate_cross_paper,train,0.5714285714285714,0.7853061882887601,1.0,0.7855782532391106,327.2272689342499
N8_E11b_T12a,N8,amazon_agg_077,aggregate_cross_paper,train,1.0,0.3642657898767702,1.0,0.78808859662559,327.2272689342499
N8_E11b_T12a,N8,amazon_agg_078,aggregate_cross_paper,test,1.0,0.5649246071312358,1.0,0.8549748690437453,327.2272689342499
N8_E11b_T12a,N8,amazon_agg_079,aggregate_cross_paper,test,0.625,0.8031623056809906,1.0,0.8093874352269969,327.2272689342499
N8_E11b_T12a,N8,amazon_agg_080,aggregate_cross_paper,train,0.9166666666666666,0.8280945888310592,1.0,0.9149204184992419,327.2272689342499
N8_E11b_T12a,N8,amazon_agg_081,aggregate_cross_paper,train,0.8,0.7972821692229649,1.0,0.8657607230743216,327.2272689342499
N8_E11b_T12a,N8,amazon_agg_082,aggregate_cross_paper,test,0.3333333333333333,0.664919792364031,0.5,0.4994177085657881,327.2272689342499
N8_E11b_T12a,N8,amazon_agg_083,aggregate_cross_paper,train,1.0,0.8900171668872451,1.0,0.9633390556290817,327.2272689342499
N8_E11b_T12a,N8,amazon_agg_084,aggregate_cross_paper,test,0.5,0.6768146009661602,1.0,0.7256048669887201,327.2272689342499
N8_E11b_T12a,N8,amazon_agg_085,aggregate_cross_paper,train,0.8,0.8180283427566994,1.0,0.8726761142522331,327.2272689342499
N8_E11b_T12a,N8,amazon_agg_086,aggregate_cross_paper,test,1.0,0.9255605190561812,1.0,0.9751868396853937,327.2272689342499
N8_E11b_T12a,N8,amazon_agg_087,aggregate_cross_paper,test,0.8,0.5437786854313813,1.0,0.7812595618104604,327.2272689342499
N8_E11b_T12a,N8,amazon_agg_088,aggregate_cross_paper,train,1.0,0.8082867136541579,1.0,0.9360955712180526,327.2272689342499
N8_E11b_T12a,N8,amazon_agg_089,aggregate_cross_paper,test,0.5,0.6193485949076551,0.0,0.3731161983025517,327.2272689342499
N8_E11b_T12a,N8,amazon_agg_090,aggregate_cross_paper,train,0.6,0.7926465239107929,1.0,0.7975488413035977,327.2272689342499
N8_E11b_T12a,N8,amazon_agg_091,aggregate_cross_paper,test,0.5,0.46109706778815435,1.0,0.6536990225960514,327.2272689342499
N8_E11b_T12a,N8,amazon_agg_092,aggregate_cross_paper,test,0.6,0.7775867506695163,1.0,0.7925289168898387,327.2272689342499
N8_E11b_T12a,N8,amazon_agg_093,aggregate_cross_paper,train,0.6666666666666666,0.4934803608391784,1.0,0.720049009168615,327.2272689342499
N8_E11b_T12a,N8,amazon_agg_094,aggregate_cross_paper,test,1.0,0.8371641594905049,1.0,0.9457213864968349,327.2272689342499
N8_E11b_T12a,N8,amazon_agg_095,aggregate_cross_paper,train,0.8,0.7028978823400361,1.0,0.8342992941133454,327.2272689342499
N8_E11b_T12a,N8,amazon_agg_096,aggregate_cross_paper,train,0.5714285714285714,0.6258170738800019,1.0,0.7324152151028578,327.2272689342499
N8_E11b_T12a,N8,amazon_agg_097,aggregate_cross_paper,test,0.4,0.6057103480626767,1.0,0.6685701160208922,327.2272689342499
N8_E11b_T12a,N8,amazon_agg_098,aggregate_cross_paper,test,0.75,0.803469828133181,1.0,0.851156609377727,327.2272689342499
N8_E11b_T12a,N8,amazon_agg_099,aggregate_cross_paper,test,0.25,0.8879878366258211,0.25,0.46266261220860705,327.2272689342499
N8_E11b_T12a,N8,amazon_edge_034,edge_multihop,test,0.7142857142857143,0.8408539141905345,0.5,0.6850465428254163,327.2272689342499
N8_E11b_T12a,N8,amazon_edge_035,edge_multihop,test,0.6666666666666666,0.0,0.0,0.2222222222222222,327.2272689342499
N8_E11b_T12a,N8,amazon_edge_036,edge_multihop,test,0.0,0.0,1.0,0.3333333333333333,327.2272689342499
N8_E11b_T12a,N8,amazon_edge_037,edge_multihop,train,0.8,0.8661405773226517,1.0,0.8887135257742173,327.2272689342499
N8_E11b_T12a,N8,amazon_edge_038,edge_multihop,test,0.75,0.0,0.75,0.5,327.2272689342499
N8_E11b_T12a,N8,amazon_edge_039,edge_multihop,train,1.0,0.8607736709010746,0.25,0.7035912236336915,327.2272689342499
N8_E11b_T12a,N8,amazon_edge_040,edge_multihop,test,1.0,0.8541361570948246,0.0,0.6180453856982749,327.2272689342499
N8_E11b_T12a,N8,amazon_edge_041,edge_multihop,test,1.0,0.0,0.0,0.3333333333333333,327.2272689342499
N8_E11b_T12a,N8,amazon_edge_042,edge_multihop,test,1.0,0.0,0.0,0.3333333333333333,327.2272689342499
N8_E11b_T12a,N8,amazon_edge_043,edge_multihop,test,0.0,0.0,1.0,0.3333333333333333,327.2272689342499
N8_E11b_T12a,N8,amazon_edge_044,edge_multihop,test,0.0,0.0,0.5,0.16666666666666666,327.2272689342499
N8_E11b_T12a,N8,amazon_edge_045,edge_multihop,train,1.0,0.8320598359273023,1.0,0.9440199453091007,327.2272689342499
N8_E11b_T12a,N8,amazon_edge_046,edge_multihop,test,1.0,0.8576497490955245,1.0,0.9525499163651748,327.2272689342499
N8_E11b_T12a,N8,amazon_edge_047,edge_multihop,test,1.0,0.0,0.0,0.3333333333333333,327.2272689342499
N8_E11b_T12a,N8,amazon_edge_048,edge_multihop,train,0.6,0.7375152683326177,0.0,0.4458384227775392,327.2272689342499
N8_E11b_T12a,N8,amazon_edge_049,edge_multihop,train,0.6666666666666666,0.0,0.0,0.2222222222222222,327.2272689342499
N8_E11b_T12a,N8,amazon_edge_050,edge_multihop,test,0.3333333333333333,0.0,0.0,0.1111111111111111,327.2272689342499
N8_E11b_T12a,N8,amazon_edge_051,edge_multihop,test,1.0,0.0,0.0,0.3333333333333333,327.2272689342499
N8_E11b_T12a,N8,amazon_edge_052,edge_multihop,train,0.75,0.0,0.0,0.25,327.2272689342499
N8_E11b_T12a,N8,amazon_edge_053,edge_multihop,train,0.6,0.0,0.25,0.2833333333333333,327.2272689342499
N8_E11b_T12a,N8,amazon_edge_054,edge_multihop,train,0.6666666666666666,0.0,0.0,0.2222222222222222,327.2272689342499
N8_E11b_T12a,N8,amazon_edge_055,edge_multihop,train,0.6666666666666666,0.0,0.0,0.2222222222222222,327.2272689342499
N8_E11b_T12a,N8,amazon_edge_056,edge_multihop,train,1.0,0.0,0.0,0.3333333333333333,327.2272689342499
N8_E11b_T12a,N8,amazon_edge_057,edge_multihop,train,1.0,0.7978343334139328,1.0,0.932611444471311,327.2272689342499
N8_E11b_T12a,N8,amazon_edge_058,edge_multihop,train,0.8,0.0,1.0,0.6,327.2272689342499
N8_E11b_T12a,N8,amazon_edge_059,edge_multihop,train,0.3333333333333333,0.0,0.5,0.27777777777777773,327.2272689342499
N8_E11b_T12a,N8,amazon_edge_060,edge_multihop,train,1.0,0.0,0.0,0.3333333333333333,327.2272689342499
N8_E11b_T12a,N8,amazon_edge_061,edge_multihop,test,0.8,0.0,0.5,0.43333333333333335,327.2272689342499
N8_E11b_T12a,N8,amazon_edge_062,edge_multihop,test,0.8571428571428571,0.9077081903353714,1.0,0.9216170158260762,327.2272689342499
N8_E11b_T12a,N8,amazon_edge_063,edge_multihop,train,1.0,0.0,0.0,0.3333333333333333,327.2272689342499
N8_E11b_T12a,N8,amazon_edge_064,edge_multihop,test,0.5,0.9188773395753591,1.0,0.8062924465251197,327.2272689342499
N8_E11b_T12a,N8,amazon_edge_065,edge_multihop,train,1.0,0.0,0.0,0.3333333333333333,327.2272689342499
N8_E11b_T12a,N8,amazon_edge_066,edge_multihop,train,1.0,0.8019179272382143,0.5,0.7673059757460714,327.2272689342499
N8_E11b_T12a,N8,amazon_edge_067,edge_multihop,train,1.0,0.8202721435095538,0.25,0.6900907145031846,327.2272689342499
N8_E11b_T12a,N8,amazon_edge_068,edge_multihop,test,1.0,0.8675059721392111,1.0,0.9558353240464038,327.2272689342499
N8_E11b_T12a,N8,amazon_edge_069,edge_multihop,test,1.0,0.0,0.0,0.3333333333333333,327.2272689342499
N8_E11b_T12a,N8,amazon_edge_070,edge_multihop,test,0.75,0.8277951799731672,0.0,0.5259317266577224,327.2272689342499
N8_E11b_T12a,N8,amazon_edge_071,edge_multihop,test,0.75,0.8874317117903942,0.5,0.7124772372634647,327.2272689342499
N8_E11b_T12a,N8,amazon_edge_072,edge_multihop,test,1.0,0.0,0.0,0.3333333333333333,327.2272689342499
N8_E11b_T12a,N8,amazon_edge_073,edge_multihop,train,0.6666666666666666,0.0,0.0,0.2222222222222222,327.2272689342499
N8_E11b_T12a,N8,amazon_edge_074,edge_multihop,train,0.8571428571428571,0.8318975451355645,1.0,0.8963468007594738,327.2272689342499
N8_E11b_T12a,N8,amazon_edge_075,edge_multihop,train,1.0,0.0,0.0,0.3333333333333333,327.2272689342499
N8_E11b_T12a,N8,amazon_edge_076,edge_multihop,train,0.5,0.0,0.0,0.16666666666666666,327.2272689342499
N8_E11b_T12a,N8,amazon_edge_077,edge_multihop,test,1.0,0.0,0.0,0.3333333333333333,327.2272689342499
N8_E11b_T12a,N8,amazon_edge_078,edge_multihop,train,1.0,0.0,0.0,0.3333333333333333,327.2272689342499
N8_E11b_T12a,N8,amazon_edge_079,edge_multihop,train,1.0,0.9269583220633415,1.0,0.9756527740211137,327.2272689342499
N8_E11b_T12a,N8,amazon_edge_080,edge_multihop,test,1.0,0.0,0.0,0.3333333333333333,327.2272689342499
N8_E11b_T12a,N8,amazon_edge_081,edge_multihop,train,0.75,0.0,0.0,0.25,327.2272689342499
N8_E11b_T12a,N8,amazon_edge_082,edge_multihop,train,1.0,0.8843082320456727,0.5,0.7947694106818909,327.2272689342499
N8_E11b_T12a,N8,amazon_edge_083,edge_multihop,train,1.0,0.8616325119198592,0.75,0.870544170639953,327.2272689342499
N8_E11b_T12a,N8,amazon_edge_084,edge_multihop,test,1.0,0.0,0.0,0.3333333333333333,327.2272689342499
N8_E11b_T12a,N8,amazon_edge_085,edge_multihop,train,1.0,0.0,0.0,0.3333333333333333,327.2272689342499
N8_E11b_T12a,N8,amazon_edge_086,edge_multihop,train,1.0,0.0,0.0,0.3333333333333333,327.2272689342499
N8_E11b_T12a,N8,amazon_edge_087,edge_multihop,train,0.5,0.0,1.0,0.5,327.2272689342499
N8_E11b_T12a,N8,amazon_edge_088,edge_multihop,train,0.8,0.0,1.0,0.6,327.2272689342499
N8_E11b_T12a,N8,amazon_edge_089,edge_multihop,train,0.8571428571428571,0.0,1.0,0.6190476190476191,327.2272689342499
N8_E11b_T12a,N8,amazon_edge_090,edge_multihop,train,0.3333333333333333,0.0,0.0,0.1111111111111111,327.2272689342499
N8_E11b_T12a,N8,amazon_edge_091,edge_multihop,test,0.6666666666666666,0.0,0.0,0.2222222222222222,327.2272689342499
N8_E11b_T12a,N8,amazon_edge_092,edge_multihop,test,1.0,0.8321879794203068,1.0,0.944062659806769,327.2272689342499
N8_E11b_T12a,N8,amazon_edge_093,edge_multihop,train,0.3333333333333333,0.0,0.0,0.1111111111111111,327.2272689342499
N8_E11b_T12a,N8,amazon_edge_094,edge_multihop,test,1.0,0.8083390794960795,0.5,0.7694463598320266,327.2272689342499
N8_E11b_T12a,N8,amazon_edge_095,edge_multihop,test,1.0,0.0,0.0,0.3333333333333333,327.2272689342499
N8_E11b_T12a,N8,amazon_edge_096,edge_multihop,test,1.0,0.8150279048406874,1.0,0.9383426349468958,327.2272689342499
N8_E11b_T12a,N8,amazon_edge_097,edge_multihop,test,1.0,0.0,0.5,0.5,327.2272689342499
N8_E11b_T12a,N8,amazon_edge_098,edge_multihop,train,1.0,0.8695790297630016,1.0,0.9565263432543339,327.2272689342499
N8_E11b_T12a,N8,amazon_edge_099,edge_multihop,train,1.0,0.0,0.0,0.3333333333333333,327.2272689342499
N8_E11b_T12a,N8,amazon_sh_083,single_specific,train,1.0,0.9999957919142121,1.0,0.9999985973047374,327.2272689342499
N8_E11b_T12a,N8,amazon_sh_084,single_specific,train,1.0,0.9999996361808405,1.0,0.9999998787269467,327.2272689342499
N8_E11b_T12a,N8,amazon_sh_085,single_specific,train,1.0,0.9254156948164016,1.0,0.9751385649388006,327.2272689342499
N8_E11b_T12a,N8,amazon_sh_086,single_specific,train,1.0,0.9600547748633476,1.0,0.9866849249544493,327.2272689342499
N8_E11b_T12a,N8,amazon_sh_087,single_specific,train,0.0,0.0,0.0,0.0,327.2272689342499
N8_E11b_T12a,N8,amazon_sh_088,single_specific,train,1.0,0.9999996026449097,1.0,0.9999998675483033,327.2272689342499
N8_E11b_T12a,N8,amazon_sh_089,single_specific,test,1.0,0.921108278431818,1.0,0.9737027594772726,327.2272689342499
N8_E11b_T12a,N8,amazon_sh_090,single_specific,test,1.0,0.9311956732470383,1.0,0.9770652244156794,327.2272689342499
N8_E11b_T12a,N8,amazon_sh_091,single_specific,test,0.75,0.8623115915668166,1.0,0.8707705305222722,327.2272689342499
N8_E11b_T12a,N8,amazon_sh_092,single_specific,train,0.8,0.8308574622529724,1.0,0.8769524874176575,327.2272689342499
N8_E11b_T12a,N8,amazon_sh_093,single_specific,train,0.0,0.8045911009110108,0.0,0.2681970336370036,327.2272689342499
N8_E11b_T12a,N8,amazon_sh_094,single_specific,train,1.0,0.8907305361762295,0.0,0.6302435120587432,327.2272689342499
N8_E11b_T12a,N8,amazon_sh_095,single_specific,test,0.6666666666666666,0.8257163460561848,1.0,0.8307943375742838,327.2272689342499
N8_E11b_T12a,N8,amazon_sh_096,single_specific,test,0.8888888888888888,0.7736557953405754,1.0,0.8875148947431547,327.2272689342499
N8_E11b_T12a,N8,amazon_sh_097,single_specific,test,0.6666666666666666,0.627372498808104,0.5,0.5980130551582569,327.2272689342499
N8_E11b_T12a,N8,amazon_sh_098,single_specific,test,1.0,1.0000000000000002,1.0,1.0,327.2272689342499
N8_E11b_T12a,N8,amazon_sh_099,single_specific,train,1.0,0.9692046218453202,1.0,0.9897348739484401,327.2272689342499
N8_E11b_T12b,N8,amazon_agg_033,aggregate_cross_paper,train,0.8,0.8351296104316706,1.0,0.8783765368105568,335.4576289653778
N8_E11b_T12b,N8,amazon_agg_034,aggregate_cross_paper,train,0.6,0.7521313487140306,1.0,0.7840437829046768,335.4576289653778
N8_E11b_T12b,N8,amazon_agg_035,aggregate_cross_paper,train,1.0,0.0,0.5,0.5,335.4576289653778
N8_E11b_T12b,N8,amazon_agg_036,aggregate_cross_paper,test,1.0,0.7705163235437381,1.0,0.9235054411812461,335.4576289653778
N8_E11b_T12b,N8,amazon_agg_037,aggregate_cross_paper,test,0.8888888888888888,0.8109189635402678,1.0,0.8999359508097188,335.4576289653778
N8_E11b_T12b,N8,amazon_agg_038,aggregate_cross_paper,test,0.75,0.4562394114545418,0.75,0.6520798038181806,335.4576289653778
N8_E11b_T12b,N8,amazon_agg_039,aggregate_cross_paper,train,0.5,0.850029625483948,1.0,0.7833432084946493,335.4576289653778
N8_E11b_T12b,N8,amazon_agg_040,aggregate_cross_paper,train,1.0,0.6199494633543636,1.0,0.873316487784788,335.4576289653778
N8_E11b_T12b,N8,amazon_agg_041,aggregate_cross_paper,test,0.5,0.3672427653692023,1.0,0.6224142551230675,335.4576289653778
N8_E11b_T12b,N8,amazon_agg_042,aggregate_cross_paper,train,0.625,0.857325449457293,1.0,0.8274418164857643,335.4576289653778
N8_E11b_T12b,N8,amazon_agg_043,aggregate_cross_paper,test,1.0,0.7910585299967886,1.0,0.9303528433322629,335.4576289653778
N8_E11b_T12b,N8,amazon_agg_044,aggregate_cross_paper,train,0.6,0.6702102525010657,1.0,0.7567367508336886,335.4576289653778
N8_E11b_T12b,N8,amazon_agg_045,aggregate_cross_paper,train,0.6666666666666666,0.35424993193356774,0.5,0.5069721995334114,335.4576289653778
N8_E11b_T12b,N8,amazon_agg_046,aggregate_cross_paper,test,0.7142857142857143,0.878078604496565,1.0,0.8641214395940932,335.4576289653778
N8_E11b_T12b,N8,amazon_agg_047,aggregate_cross_paper,train,0.6666666666666666,0.829720915644032,1.0,0.8321291941035662,335.4576289653778
N8_E11b_T12b,N8,amazon_agg_048,aggregate_cross_paper,test,0.8888888888888888,0.7254111281169332,0.25,0.6214333390019408,335.4576289653778
N8_E11b_T12b,N8,amazon_agg_049,aggregate_cross_paper,train,0.6,0.7284812317262662,1.0,0.7761604105754221,335.4576289653778
N8_E11b_T12b,N8,amazon_agg_050,aggregate_cross_paper,test,1.0,0.8296153420247006,1.0,0.9432051140082335,335.4576289653778
N8_E11b_T12b,N8,amazon_agg_051,aggregate_cross_paper,test,0.7142857142857143,0.7916448204788055,1.0,0.83531017825484,335.4576289653778
N8_E11b_T12b,N8,amazon_agg_052,aggregate_cross_paper,test,0.625,0.4233523076079801,1.0,0.6827841025359934,335.4576289653778
N8_E11b_T12b,N8,amazon_agg_053,aggregate_cross_paper,train,1.0,0.7010808368602771,1.0,0.9003602789534257,335.4576289653778
N8_E11b_T12b,N8,amazon_agg_054,aggregate_cross_paper,test,0.4,0.8781328574732555,1.0,0.7593776191577518,335.4576289653778
N8_E11b_T12b,N8,amazon_agg_055,aggregate_cross_paper,train,0.4,0.7304949023415028,1.0,0.7101649674471676,335.4576289653778
N8_E11b_T12b,N8,amazon_agg_056,aggregate_cross_paper,test,0.0,0.7869117359750173,1.0,0.5956372453250057,335.4576289653778
N8_E11b_T12b,N8,amazon_agg_057,aggregate_cross_paper,test,0.6666666666666666,0.9102559950611819,1.0,0.8589742205759495,335.4576289653778
N8_E11b_T12b,N8,amazon_agg_058,aggregate_cross_paper,test,0.8571428571428571,0.5375859598732179,1.0,0.7982429390053584,335.4576289653778
N8_E11b_T12b,N8,amazon_agg_059,aggregate_cross_paper,test,1.0,0.5527358610595655,1.0,0.8509119536865218,335.4576289653778
N8_E11b_T12b,N8,amazon_agg_060,aggregate_cross_paper,test,1.0,0.5569284398202449,1.0,0.8523094799400815,335.4576289653778
N8_E11b_T12b,N8,amazon_agg_061,aggregate_cross_paper,test,1.0,0.0,0.5,0.5,335.4576289653778
N8_E11b_T12b,N8,amazon_agg_062,aggregate_cross_paper,train,0.6666666666666666,0.8555456796865114,1.0,0.8407374487843926,335.4576289653778
N8_E11b_T12b,N8,amazon_agg_063,aggregate_cross_paper,test,0.0,0.8100089605094114,1.0,0.6033363201698038,335.4576289653778
N8_E11b_T12b,N8,amazon_agg_064,aggregate_cross_paper,test,0.75,0.7276858951351199,1.0,0.8258952983783733,335.4576289653778
N8_E11b_T12b,N8,amazon_agg_065,aggregate_cross_paper,train,1.0,0.4936664474159446,1.0,0.8312221491386481,335.4576289653778
N8_E11b_T12b,N8,amazon_agg_066,aggregate_cross_paper,train,0.75,0.694405120619746,1.0,0.8148017068732486,335.4576289653778
N8_E11b_T12b,N8,amazon_agg_067,aggregate_cross_paper,test,0.75,0.7753839287134681,1.0,0.8417946429044894,335.4576289653778
N8_E11b_T12b,N8,amazon_agg_068,aggregate_cross_paper,test,0.5,0.3474080581361559,1.0,0.6158026860453852,335.4576289653778
N8_E11b_T12b,N8,amazon_agg_069,aggregate_cross_paper,train,0.5,0.844669512772975,1.0,0.7815565042576583,335.4576289653778
N8_E11b_T12b,N8,amazon_agg_070,aggregate_cross_paper,train,1.0,0.6839709879470744,1.0,0.8946569959823581,335.4576289653778
N8_E11b_T12b,N8,amazon_agg_071,aggregate_cross_paper,test,0.8571428571428571,0.8008675600750255,1.0,0.8860034724059608,335.4576289653778
N8_E11b_T12b,N8,amazon_agg_072,aggregate_cross_paper,train,0.6666666666666666,0.7020451148435806,1.0,0.789570593836749,335.4576289653778
N8_E11b_T12b,N8,amazon_agg_073,aggregate_cross_paper,train,0.75,0.0,0.75,0.5,335.4576289653778
N8_E11b_T12b,N8,amazon_agg_074,aggregate_cross_paper,test,0.6666666666666666,0.5215835837710868,1.0,0.7294167501459178,335.4576289653778
N8_E11b_T12b,N8,amazon_agg_075,aggregate_cross_paper,test,0.8333333333333334,0.386601526661878,1.0,0.7399782866650705,335.4576289653778
N8_E11b_T12b,N8,amazon_agg_076,aggregate_cross_paper,train,0.5714285714285714,0.7853061882887601,1.0,0.7855782532391106,335.4576289653778
N8_E11b_T12b,N8,amazon_agg_077,aggregate_cross_paper,train,0.5,0.3568936308882365,1.0,0.6189645436294121,335.4576289653778
N8_E11b_T12b,N8,amazon_agg_078,aggregate_cross_paper,test,1.0,0.58497928913299,1.0,0.86165976304433,335.4576289653778
N8_E11b_T12b,N8,amazon_agg_079,aggregate_cross_paper,test,0.75,0.8031841800636046,1.0,0.8510613933545349,335.4576289653778
N8_E11b_T12b,N8,amazon_agg_080,aggregate_cross_paper,train,0.9166666666666666,0.8281055493549307,1.0,0.914924072007199,335.4576289653778
N8_E11b_T12b,N8,amazon_agg_081,aggregate_cross_paper,train,0.8,0.7883543695127099,1.0,0.86278478983757,335.4576289653778
N8_E11b_T12b,N8,amazon_agg_082,aggregate_cross_paper,test,0.5,0.6473480631056053,0.5,0.5491160210352017,335.4576289653778
N8_E11b_T12b,N8,amazon_agg_083,aggregate_cross_paper,train,1.0,0.8352999648579512,1.0,0.9450999882859837,335.4576289653778
N8_E11b_T12b,N8,amazon_agg_084,aggregate_cross_paper,test,0.25,0.6803883068098996,1.0,0.6434627689366331,335.4576289653778
N8_E11b_T12b,N8,amazon_agg_085,aggregate_cross_paper,train,0.8,0.8180695694384784,1.0,0.8726898564794928,335.4576289653778
N8_E11b_T12b,N8,amazon_agg_086,aggregate_cross_paper,test,1.0,0.9255897737762254,1.0,0.9751965912587418,335.4576289653778
N8_E11b_T12b,N8,amazon_agg_087,aggregate_cross_paper,test,0.8,0.5437786854313813,1.0,0.7812595618104604,335.4576289653778
N8_E11b_T12b,N8,amazon_agg_088,aggregate_cross_paper,train,0.8333333333333334,0.8082799004658394,1.0,0.8805377445997243,335.4576289653778
N8_E11b_T12b,N8,amazon_agg_089,aggregate_cross_paper,test,0.2857142857142857,0.5946483825097936,0.0,0.29345422274135974,335.4576289653778
N8_E11b_T12b,N8,amazon_agg_090,aggregate_cross_paper,train,0.6,0.8723085618395205,1.0,0.8241028539465068,335.4576289653778
N8_E11b_T12b,N8,amazon_agg_091,aggregate_cross_paper,test,0.5,0.4817994420464807,1.0,0.6605998140154935,335.4576289653778
N8_E11b_T12b,N8,amazon_agg_092,aggregate_cross_paper,test,0.6,0.7775676735240239,1.0,0.7925225578413414,335.4576289653778
N8_E11b_T12b,N8,amazon_agg_093,aggregate_cross_paper,train,0.6666666666666666,0.45873509529234213,1.0,0.7084672539863363,335.4576289653778
N8_E11b_T12b,N8,amazon_agg_094,aggregate_cross_paper,test,1.0,0.8371242564009745,1.0,0.9457080854669915,335.4576289653778
N8_E11b_T12b,N8,amazon_agg_095,aggregate_cross_paper,train,0.8888888888888888,0.6818729096916378,1.0,0.8569205995268422,335.4576289653778
N8_E11b_T12b,N8,amazon_agg_096,aggregate_cross_paper,train,0.5714285714285714,0.5877921702495043,1.0,0.7197402472260253,335.4576289653778
N8_E11b_T12b,N8,amazon_agg_097,aggregate_cross_paper,test,0.6666666666666666,0.5833862151893773,1.0,0.7500176272853479,335.4576289653778
N8_E11b_T12b,N8,amazon_agg_098,aggregate_cross_paper,test,0.8333333333333334,0.7986264889243301,1.0,0.8773199407525545,335.4576289653778
N8_E11b_T12b,N8,amazon_agg_099,aggregate_cross_paper,test,0.5,0.8879468216923478,0.25,0.5459822738974492,335.4576289653778
N8_E11b_T12b,N8,amazon_edge_034,edge_multihop,test,0.5714285714285714,0.8408976933333677,0.5,0.6374420882539797,335.4576289653778
N8_E11b_T12b,N8,amazon_edge_035,edge_multihop,test,0.6666666666666666,0.0,0.0,0.2222222222222222,335.4576289653778
N8_E11b_T12b,N8,amazon_edge_036,edge_multihop,test,0.0,0.0,0.5,0.16666666666666666,335.4576289653778
N8_E11b_T12b,N8,amazon_edge_037,edge_multihop,train,1.0,0.8693712971628749,1.0,0.9564570990542917,335.4576289653778
N8_E11b_T12b,N8,amazon_edge_038,edge_multihop,test,0.5,0.0,0.75,0.4166666666666667,335.4576289653778
N8_E11b_T12b,N8,amazon_edge_039,edge_multihop,train,1.0,0.8612316603398413,0.25,0.7037438867799471,335.4576289653778
N8_E11b_T12b,N8,amazon_edge_040,edge_multihop,test,1.0,0.8496515340201357,0.0,0.6165505113400452,335.4576289653778
N8_E11b_T12b,N8,amazon_edge_041,edge_multihop,test,1.0,0.0,0.0,0.3333333333333333,335.4576289653778
N8_E11b_T12b,N8,amazon_edge_042,edge_multihop,test,1.0,0.0,0.0,0.3333333333333333,335.4576289653778
N8_E11b_T12b,N8,amazon_edge_043,edge_multihop,test,0.0,0.0,1.0,0.3333333333333333,335.4576289653778
N8_E11b_T12b,N8,amazon_edge_044,edge_multihop,test,0.0,0.0,0.0,0.0,335.4576289653778
N8_E11b_T12b,N8,amazon_edge_045,edge_multihop,train,1.0,0.8894491142257119,1.0,0.963149704741904,335.4576289653778
N8_E11b_T12b,N8,amazon_edge_046,edge_multihop,test,0.8,0.0,1.0,0.6,335.4576289653778
N8_E11b_T12b,N8,amazon_edge_047,edge_multihop,test,1.0,0.0,0.0,0.3333333333333333,335.4576289653778
N8_E11b_T12b,N8,amazon_edge_048,edge_multihop,train,0.6,0.9184219342139843,0.0,0.5061406447379948,335.4576289653778
N8_E11b_T12b,N8,amazon_edge_049,edge_multihop,train,0.6666666666666666,0.0,0.0,0.2222222222222222,335.4576289653778
N8_E11b_T12b,N8,amazon_edge_050,edge_multihop,test,1.0,0.0,0.0,0.3333333333333333,335.4576289653778
N8_E11b_T12b,N8,amazon_edge_051,edge_multihop,test,1.0,0.0,0.0,0.3333333333333333,335.4576289653778
N8_E11b_T12b,N8,amazon_edge_052,edge_multihop,train,0.5,0.0,0.0,0.16666666666666666,335.4576289653778
N8_E11b_T12b,N8,amazon_edge_053,edge_multihop,train,0.6,0.0,0.25,0.2833333333333333,335.4576289653778
N8_E11b_T12b,N8,amazon_edge_054,edge_multihop,train,0.6666666666666666,0.0,0.0,0.2222222222222222,335.4576289653778
N8_E11b_T12b,N8,amazon_edge_055,edge_multihop,train,0.6666666666666666,0.0,0.0,0.2222222222222222,335.4576289653778
N8_E11b_T12b,N8,amazon_edge_056,edge_multihop,train,1.0,0.0,0.0,0.3333333333333333,335.4576289653778
N8_E11b_T12b,N8,amazon_edge_057,edge_multihop,train,1.0,0.7916257994887701,0.5,0.7638752664962567,335.4576289653778
N8_E11b_T12b,N8,amazon_edge_058,edge_multihop,train,0.6,0.0,1.0,0.5333333333333333,335.4576289653778
N8_E11b_T12b,N8,amazon_edge_059,edge_multihop,train,0.3333333333333333,0.0,0.5,0.27777777777777773,335.4576289653778
N8_E11b_T12b,N8,amazon_edge_060,edge_multihop,train,1.0,0.0,0.0,0.3333333333333333,335.4576289653778
N8_E11b_T12b,N8,amazon_edge_061,edge_multihop,test,0.6,0.8862792769006816,0.5,0.6620930923002272,335.4576289653778
N8_E11b_T12b,N8,amazon_edge_062,edge_multihop,test,1.0,0.8917682838060589,1.0,0.9639227612686864,335.4576289653778
N8_E11b_T12b,N8,amazon_edge_063,edge_multihop,train,1.0,0.0,0.0,0.3333333333333333,335.4576289653778
N8_E11b_T12b,N8,amazon_edge_064,edge_multihop,test,0.6,0.0,1.0,0.5333333333333333,335.4576289653778
N8_E11b_T12b,N8,amazon_edge_065,edge_multihop,train,0.25,0.0,0.0,0.08333333333333333,335.4576289653778
N8_E11b_T12b,N8,amazon_edge_066,edge_multihop,train,1.0,0.8031859013266723,0.5,0.7677286337755574,335.4576289653778
N8_E11b_T12b,N8,amazon_edge_067,edge_multihop,train,1.0,0.8189188959170545,0.25,0.6896396319723515,335.4576289653778
N8_E11b_T12b,N8,amazon_edge_068,edge_multihop,test,1.0,0.8664363075983028,1.0,0.9554787691994342,335.4576289653778
N8_E11b_T12b,N8,amazon_edge_069,edge_multihop,test,1.0,0.0,0.0,0.3333333333333333,335.4576289653778
N8_E11b_T12b,N8,amazon_edge_070,edge_multihop,test,0.75,0.8327957901036593,0.0,0.5275985967012198,335.4576289653778
N8_E11b_T12b,N8,amazon_edge_071,edge_multihop,test,1.0,0.887489297049748,0.5,0.7958297656832493,335.4576289653778
N8_E11b_T12b,N8,amazon_edge_072,edge_multihop,test,1.0,0.0,0.0,0.3333333333333333,335.4576289653778
N8_E11b_T12b,N8,amazon_edge_073,edge_multihop,train,1.0,0.0,0.0,0.3333333333333333,335.4576289653778
N8_E11b_T12b,N8,amazon_edge_074,edge_multihop,train,0.8571428571428571,0.8377234178197376,1.0,0.8982887583208649,335.4576289653778
N8_E11b_T12b,N8,amazon_edge_075,edge_multihop,train,1.0,0.0,0.0,0.3333333333333333,335.4576289653778
N8_E11b_T12b,N8,amazon_edge_076,edge_multihop,train,0.75,0.0,0.0,0.25,335.4576289653778
N8_E11b_T12b,N8,amazon_edge_077,edge_multihop,test,1.0,0.0,0.0,0.3333333333333333,335.4576289653778
N8_E11b_T12b,N8,amazon_edge_078,edge_multihop,train,1.0,0.0,0.0,0.3333333333333333,335.4576289653778
N8_E11b_T12b,N8,amazon_edge_079,edge_multihop,train,0.5,0.9114553061621914,1.0,0.8038184353873971,335.4576289653778
N8_E11b_T12b,N8,amazon_edge_080,edge_multihop,test,1.0,0.0,0.0,0.3333333333333333,335.4576289653778
N8_E11b_T12b,N8,amazon_edge_081,edge_multihop,train,0.75,0.0,0.0,0.25,335.4576289653778
N8_E11b_T12b,N8,amazon_edge_082,edge_multihop,train,1.0,0.8843082320456725,0.5,0.7947694106818908,335.4576289653778
N8_E11b_T12b,N8,amazon_edge_083,edge_multihop,train,0.8571428571428571,0.8615882572960938,0.75,0.8229103714796503,335.4576289653778
N8_E11b_T12b,N8,amazon_edge_084,edge_multihop,test,1.0,0.0,0.0,0.3333333333333333,335.4576289653778
N8_E11b_T12b,N8,amazon_edge_085,edge_multihop,train,1.0,0.0,0.0,0.3333333333333333,335.4576289653778
N8_E11b_T12b,N8,amazon_edge_086,edge_multihop,train,1.0,0.0,0.0,0.3333333333333333,335.4576289653778
N8_E11b_T12b,N8,amazon_edge_087,edge_multihop,train,0.5,0.0,1.0,0.5,335.4576289653778
N8_E11b_T12b,N8,amazon_edge_088,edge_multihop,train,0.6,0.0,1.0,0.5333333333333333,335.4576289653778
N8_E11b_T12b,N8,amazon_edge_089,edge_multihop,train,0.8571428571428571,0.0,1.0,0.6190476190476191,335.4576289653778
N8_E11b_T12b,N8,amazon_edge_090,edge_multihop,train,0.3333333333333333,0.0,0.0,0.1111111111111111,335.4576289653778
N8_E11b_T12b,N8,amazon_edge_091,edge_multihop,test,0.6666666666666666,0.0,0.0,0.2222222222222222,335.4576289653778
N8_E11b_T12b,N8,amazon_edge_092,edge_multihop,test,1.0,0.829834212854012,1.0,0.9432780709513374,335.4576289653778
N8_E11b_T12b,N8,amazon_edge_093,edge_multihop,train,0.3333333333333333,0.0,0.0,0.1111111111111111,335.4576289653778
N8_E11b_T12b,N8,amazon_edge_094,edge_multihop,test,1.0,0.8113851333259205,0.5,0.7704617111086401,335.4576289653778
N8_E11b_T12b,N8,amazon_edge_095,edge_multihop,test,1.0,0.0,0.0,0.3333333333333333,335.4576289653778
N8_E11b_T12b,N8,amazon_edge_096,edge_multihop,test,0.875,0.8150213085856578,1.0,0.8966737695285526,335.4576289653778
N8_E11b_T12b,N8,amazon_edge_097,edge_multihop,test,1.0,0.0,0.5,0.5,335.4576289653778
N8_E11b_T12b,N8,amazon_edge_098,edge_multihop,train,0.8333333333333334,0.871520540855108,1.0,0.9016179580628139,335.4576289653778
N8_E11b_T12b,N8,amazon_edge_099,edge_multihop,train,1.0,0.0,0.0,0.3333333333333333,335.4576289653778
N8_E11b_T12b,N8,amazon_sh_083,single_specific,train,1.0,0.0,1.0,0.6666666666666666,335.4576289653778
N8_E11b_T12b,N8,amazon_sh_084,single_specific,train,1.0,0.9999996377374664,1.0,0.9999998792458221,335.4576289653778
N8_E11b_T12b,N8,amazon_sh_085,single_specific,train,1.0,0.9254503131980434,1.0,0.9751501043993477,335.4576289653778
N8_E11b_T12b,N8,amazon_sh_086,single_specific,train,1.0,0.960050894498368,1.0,0.986683631499456,335.4576289653778
N8_E11b_T12b,N8,amazon_sh_087,single_specific,train,0.0,0.0,0.0,0.0,335.4576289653778
N8_E11b_T12b,N8,amazon_sh_088,single_specific,train,1.0,0.9999996215567961,1.0,0.9999998738522654,335.4576289653778
N8_E11b_T12b,N8,amazon_sh_089,single_specific,test,1.0,0.9211081422086016,1.0,0.9737027140695339,335.4576289653778
N8_E11b_T12b,N8,amazon_sh_090,single_specific,test,1.0,0.87172411527603,1.0,0.9572413717586766,335.4576289653778
N8_E11b_T12b,N8,amazon_sh_091,single_specific,test,0.8,0.8655716463449078,1.0,0.8885238821149692,335.4576289653778
N8_E11b_T12b,N8,amazon_sh_092,single_specific,train,0.6,0.8273748465049792,1.0,0.8091249488349931,335.4576289653778
N8_E11b_T12b,N8,amazon_sh_093,single_specific,train,0.0,0.8103263641058964,0.0,0.2701087880352988,335.4576289653778
N8_E11b_T12b,N8,amazon_sh_094,single_specific,train,1.0,0.8907305361762294,0.0,0.6302435120587432,335.4576289653778
N8_E11b_T12b,N8,amazon_sh_095,single_specific,test,0.8333333333333334,0.8256978799253604,1.0,0.886343737752898,335.4576289653778
N8_E11b_T12b,N8,amazon_sh_096,single_specific,test,0.7777777777777778,0.7769793408218428,1.0,0.8515857061998736,335.4576289653778
N8_E11b_T12b,N8,amazon_sh_097,single_specific,test,0.6666666666666666,0.6747490160995717,0.5,0.6138052275887461,335.4576289653778
N8_E11b_T12b,N8,amazon_sh_098,single_specific,test,1.0,0.999999666360293,0.5,0.8333332221200976,335.4576289653778
N8_E11b_T12b,N8,amazon_sh_099,single_specific,train,1.0,0.9608412655898838,1.0,0.9869470885299613,335.4576289653778
N9_E10b_T12a,N9,amazon_agg_033,aggregate_cross_paper,train,0.7142857142857143,0.8295980203680206,1.0,0.8479612448845782,351.9698021411896
N9_E10b_T12a,N9,amazon_agg_034,aggregate_cross_paper,train,0.875,0.7014293496306898,1.0,0.8588097832102299,351.9698021411896
N9_E10b_T12a,N9,amazon_agg_035,aggregate_cross_paper,train,0.75,0.563572770557572,0.0,0.4378575901858574,351.9698021411896
N9_E10b_T12a,N9,amazon_agg_036,aggregate_cross_paper,test,0.8,0.7705623302960098,0.5,0.6901874434320033,351.9698021411896
N9_E10b_T12a,N9,amazon_agg_037,aggregate_cross_paper,test,0.8,0.8109042658365152,1.0,0.8703014219455051,351.9698021411896
N9_E10b_T12a,N9,amazon_agg_038,aggregate_cross_paper,test,0.8181818181818182,0.3678584365438469,0.5,0.5620134182418884,351.9698021411896
N9_E10b_T12a,N9,amazon_agg_039,aggregate_cross_paper,train,1.0,0.8500331664723159,0.75,0.8666777221574385,351.9698021411896
N9_E10b_T12a,N9,amazon_agg_040,aggregate_cross_paper,train,1.0,0.6199494633543636,1.0,0.873316487784788,351.9698021411896
N9_E10b_T12a,N9,amazon_agg_041,aggregate_cross_paper,test,0.3333333333333333,0.3878307631214292,1.0,0.5737213654849208,351.9698021411896
N9_E10b_T12a,N9,amazon_agg_042,aggregate_cross_paper,train,0.8,0.857325449457293,1.0,0.8857751498190977,351.9698021411896
N9_E10b_T12a,N9,amazon_agg_043,aggregate_cross_paper,test,0.6666666666666666,0.776273440908199,1.0,0.8143133691916219,351.9698021411896
N9_E10b_T12a,N9,amazon_agg_044,aggregate_cross_paper,train,0.3333333333333333,0.7411207186800525,1.0,0.691484684004462,351.9698021411896
N9_E10b_T12a,N9,amazon_agg_045,aggregate_cross_paper,train,0.6666666666666666,0.45163372812186675,0.75,0.6227667982628445,351.9698021411896
N9_E10b_T12a,N9,amazon_agg_046,aggregate_cross_paper,test,0.75,0.44584949961928827,1.0,0.7319498332064294,351.9698021411896
N9_E10b_T12a,N9,amazon_agg_047,aggregate_cross_paper,train,0.6666666666666666,0.8596626445703976,1.0,0.8421097704123547,351.9698021411896
N9_E10b_T12a,N9,amazon_agg_048,aggregate_cross_paper,test,0.42857142857142855,0.7351384712570356,0.75,0.6379032999428214,351.9698021411896
N9_E10b_T12a,N9,amazon_agg_049,aggregate_cross_paper,train,0.6666666666666666,0.4789325118844726,0.75,0.6318663928503797,351.9698021411896
N9_E10b_T12a,N9,amazon_agg_050,aggregate_cross_paper,test,1.0,0.8106606193077946,1.0,0.9368868731025982,351.9698021411896
N9_E10b_T12a,N9,amazon_agg_051,aggregate_cross_paper,test,0.7142857142857143,0.7972246538848677,1.0,0.8371701227235273,351.9698021411896
N9_E10b_T12a,N9,amazon_agg_052,aggregate_cross_paper,test,0.8571428571428571,0.36585894066506514,1.0,0.7410005992693073,351.9698021411896
N9_E10b_T12a,N9,amazon_agg_053,aggregate_cross_paper,train,1.0,0.5871844458625087,1.0,0.862394815287503,351.9698021411896
N9_E10b_T12a,N9,amazon_agg_054,aggregate_cross_paper,test,0.8333333333333334,0.5168864164052525,1.0,0.7834065832461953,351.9698021411896
N9_E10b_T12a,N9,amazon_agg_055,aggregate_cross_paper,train,0.75,0.8984102047995023,1.0,0.8828034015998342,351.9698021411896
N9_E10b_T12a,N9,amazon_agg_056,aggregate_cross_paper,test,0.5555555555555556,0.8125775849236688,1.0,0.7893777134930748,351.9698021411896
N9_E10b_T12a,N9,amazon_agg_057,aggregate_cross_paper,test,0.5,0.9107503683824808,1.0,0.8035834561274936,351.9698021411896
N9_E10b_T12a,N9,amazon_agg_058,aggregate_cross_paper,test,0.7,0.796643467025323,1.0,0.832214489008441,351.9698021411896
N9_E10b_T12a,N9,amazon_agg_059,aggregate_cross_paper,test,0.8571428571428571,0.5073717362422118,1.0,0.7881715311283563,351.9698021411896
N9_E10b_T12a,N9,amazon_agg_060,aggregate_cross_paper,test,1.0,0.48234154234641946,1.0,0.8274471807821397,351.9698021411896
N9_E10b_T12a,N9,amazon_agg_061,aggregate_cross_paper,test,0.75,0.7713043561602168,0.5,0.6737681187200723,351.9698021411896
N9_E10b_T12a,N9,amazon_agg_062,aggregate_cross_paper,train,0.8,0.8261369018007118,1.0,0.8753789672669039,351.9698021411896
N9_E10b_T12a,N9,amazon_agg_063,aggregate_cross_paper,test,0.5,0.7948629682478807,1.0,0.7649543227492935,351.9698021411896
N9_E10b_T12a,N9,amazon_agg_064,aggregate_cross_paper,test,0.5,0.914157401843639,1.0,0.8047191339478798,351.9698021411896
N9_E10b_T12a,N9,amazon_agg_065,aggregate_cross_paper,train,0.75,0.5144374206558444,1.0,0.7548124735519481,351.9698021411896
N9_E10b_T12a,N9,amazon_agg_066,aggregate_cross_paper,train,0.8333333333333334,0.464012135530362,1.0,0.7657818229545651,351.9698021411896
N9_E10b_T12a,N9,amazon_agg_067,aggregate_cross_paper,test,1.0,0.4974413684746818,1.0,0.8324804561582272,351.9698021411896
N9_E10b_T12a,N9,amazon_agg_068,aggregate_cross_paper,test,0.75,0.39849042110807176,0.75,0.6328301403693573,351.9698021411896
N9_E10b_T12a,N9,amazon_agg_069,aggregate_cross_paper,train,0.75,0.7481819079988787,1.0,0.8327273026662928,351.9698021411896
N9_E10b_T12a,N9,amazon_agg_070,aggregate_cross_paper,train,1.0,0.7209889061174749,1.0,0.9069963020391584,351.9698021411896
N9_E10b_T12a,N9,amazon_agg_071,aggregate_cross_paper,test,1.0,0.7376604151301062,1.0,0.9125534717100354,351.9698021411896
N9_E10b_T12a,N9,amazon_agg_072,aggregate_cross_paper,train,0.3333333333333333,0.7020205224228945,1.0,0.678451285252076,351.9698021411896
N9_E10b_T12a,N9,amazon_agg_073,aggregate_cross_paper,train,0.6666666666666666,0.5967711065709876,0.75,0.6711459244125514,351.9698021411896
N9_E10b_T12a,N9,amazon_agg_074,aggregate_cross_paper,test,0.6666666666666666,0.452652172162555,1.0,0.706439612943074,351.9698021411896
N9_E10b_T12a,N9,amazon_agg_075,aggregate_cross_paper,test,1.0,0.881572198030638,1.0,0.9605240660102127,351.9698021411896
N9_E10b_T12a,N9,amazon_agg_076,aggregate_cross_paper,train,0.5,0.7116658871577375,1.0,0.7372219623859125,351.9698021411896
N9_E10b_T12a,N9,amazon_agg_077,aggregate_cross_paper,train,0.75,0.4458128874520297,1.0,0.7319376291506766,351.9698021411896
N9_E10b_T12a,N9,amazon_agg_078,aggregate_cross_paper,test,1.0,0.8511414740755774,1.0,0.9503804913585258,351.9698021411896
N9_E10b_T12a,N9,amazon_agg_079,aggregate_cross_paper,test,0.6,0.8033123118271854,1.0,0.8011041039423952,351.9698021411896
N9_E10b_T12a,N9,amazon_agg_080,aggregate_cross_paper,train,1.0,0.4800343450074289,1.0,0.8266781150024762,351.9698021411896
N9_E10b_T12a,N9,amazon_agg_081,aggregate_cross_paper,train,0.875,0.7088533900234087,1.0,0.8612844633411362,351.9698021411896
N9_E10b_T12a,N9,amazon_agg_082,aggregate_cross_paper,test,1.0,0.0,0.5,0.5,351.9698021411896
N9_E10b_T12a,N9,amazon_agg_083,aggregate_cross_paper,train,1.0,0.8900074960940447,1.0,0.9633358320313482,351.9698021411896
N9_E10b_T12a,N9,amazon_agg_084,aggregate_cross_paper,test,0.8571428571428571,0.6882384087009283,1.0,0.8484604219479285,351.9698021411896
N9_E10b_T12a,N9,amazon_agg_085,aggregate_cross_paper,train,0.5714285714285714,0.6321155900575064,1.0,0.7345147204953593,351.9698021411896
N9_E10b_T12a,N9,amazon_agg_086,aggregate_cross_paper,test,0.75,0.9152241940888001,1.0,0.8884080646962667,351.9698021411896
N9_E10b_T12a,N9,amazon_agg_087,aggregate_cross_paper,test,1.0,0.8455888620567471,1.0,0.9485296206855823,351.9698021411896
N9_E10b_T12a,N9,amazon_agg_088,aggregate_cross_paper,train,0.42857142857142855,0.7924185236533581,0.75,0.6569966507415955,351.9698021411896
N9_E10b_T12a,N9,amazon_agg_089,aggregate_cross_paper,test,0.6,0.6122204237768686,0.5,0.5707401412589562,351.9698021411896
N9_E10b_T12a,N9,amazon_agg_090,aggregate_cross_paper,train,0.8,0.7805071434531529,1.0,0.8601690478177176,351.9698021411896
N9_E10b_T12a,N9,amazon_agg_091,aggregate_cross_paper,test,0.8,0.5698606884485099,0.75,0.7066202294828366,351.9698021411896
N9_E10b_T12a,N9,amazon_agg_092,aggregate_cross_paper,test,1.0,0.8101923269282473,1.0,0.9367307756427491,351.9698021411896
N9_E10b_T12a,N9,amazon_agg_093,aggregate_cross_paper,train,0.625,0.5535617220514293,1.0,0.7261872406838098,351.9698021411896
N9_E10b_T12a,N9,amazon_agg_094,aggregate_cross_paper,test,0.5,0.76378392780352,1.0,0.7545946426011733,351.9698021411896
N9_E10b_T12a,N9,amazon_agg_095,aggregate_cross_paper,train,0.7142857142857143,0.6743706986873854,0.0,0.4628854709910333,351.9698021411896
N9_E10b_T12a,N9,amazon_agg_096,aggregate_cross_paper,train,0.6666666666666666,0.4844264165754774,1.0,0.7170310277473814,351.9698021411896
N9_E10b_T12a,N9,amazon_agg_097,aggregate_cross_paper,test,0.5,0.7207910796499347,1.0,0.740263693216645,351.9698021411896
N9_E10b_T12a,N9,amazon_agg_098,aggregate_cross_paper,test,0.6666666666666666,0.4965018411840591,1.0,0.7210561692835752,351.9698021411896
N9_E10b_T12a,N9,amazon_agg_099,aggregate_cross_paper,test,0.4,0.3935882322436831,0.5,0.43119607741456106,351.9698021411896
N9_E10b_T12a,N9,amazon_edge_034,edge_multihop,test,0.8333333333333334,0.804014581577046,0.25,0.6291159716367931,351.9698021411896
N9_E10b_T12a,N9,amazon_edge_035,edge_multihop,test,0.875,0.7578371614700598,0.0,0.5442790538233533,351.9698021411896
N9_E10b_T12a,N9,amazon_edge_036,edge_multihop,test,1.0,0.8467933230304893,0.75,0.8655977743434965,351.9698021411896
N9_E10b_T12a,N9,amazon_edge_037,edge_multihop,train,1.0,0.0,0.0,0.3333333333333333,351.9698021411896
N9_E10b_T12a,N9,amazon_edge_038,edge_multihop,test,1.0,0.8850249286808084,1.0,0.9616749762269361,351.9698021411896
N9_E10b_T12a,N9,amazon_edge_039,edge_multihop,train,0.8571428571428571,0.0,0.0,0.2857142857142857,351.9698021411896
N9_E10b_T12a,N9,amazon_edge_040,edge_multihop,test,1.0,0.0,0.0,0.3333333333333333,351.9698021411896
N9_E10b_T12a,N9,amazon_edge_041,edge_multihop,test,0.75,0.8546368629239637,0.0,0.5348789543079878,351.9698021411896
N9_E10b_T12a,N9,amazon_edge_042,edge_multihop,test,0.5714285714285714,0.9328514988041722,0.0,0.5014266900775812,351.9698021411896
N9_E10b_T12a,N9,amazon_edge_043,edge_multihop,test,1.0,0.8928437587021256,0.5,0.7976145862340419,351.9698021411896
N9_E10b_T12a,N9,amazon_edge_044,edge_multihop,test,1.0,0.8576738920357263,0.5,0.7858912973452421,351.9698021411896
N9_E10b_T12a,N9,amazon_edge_045,edge_multihop,train,0.75,0.8733761324805216,0.0,0.5411253774935072,351.9698021411896
N9_E10b_T12a,N9,amazon_edge_046,edge_multihop,test,1.0,0.8603455115185715,0.5,0.7867818371728572,351.9698021411896
N9_E10b_T12a,N9,amazon_edge_047,edge_multihop,test,1.0,0.0,0.0,0.3333333333333333,351.9698021411896
N9_E10b_T12a,N9,amazon_edge_048,edge_multihop,train,1.0,0.0,0.0,0.3333333333333333,351.9698021411896
N9_E10b_T12a,N9,amazon_edge_049,edge_multihop,train,1.0,0.7905795698248154,0.0,0.5968598566082718,351.9698021411896
N9_E10b_T12a,N9,amazon_edge_050,edge_multihop,test,0.8333333333333334,0.8515330461599628,0.0,0.5616221264977654,351.9698021411896
N9_E10b_T12a,N9,amazon_edge_051,edge_multihop,test,1.0,0.0,0.0,0.3333333333333333,351.9698021411896
N9_E10b_T12a,N9,amazon_edge_052,edge_multihop,train,0.75,0.0,0.0,0.25,351.9698021411896
N9_E10b_T12a,N9,amazon_edge_053,edge_multihop,train,0.8333333333333334,0.890159745127272,0.75,0.8244976928202018,351.9698021411896
N9_E10b_T12a,N9,amazon_edge_054,edge_multihop,train,1.0,0.0,0.0,0.3333333333333333,351.9698021411896
N9_E10b_T12a,N9,amazon_edge_055,edge_multihop,train,0.8333333333333334,0.8290426363923207,0.75,0.8041253232418847,351.9698021411896
N9_E10b_T12a,N9,amazon_edge_056,edge_multihop,train,1.0,0.0,0.0,0.3333333333333333,351.9698021411896
N9_E10b_T12a,N9,amazon_edge_057,edge_multihop,train,1.0,0.7969446422709492,0.5,0.7656482140903164,351.9698021411896
N9_E10b_T12a,N9,amazon_edge_058,edge_multihop,train,0.6666666666666666,0.8652901751775568,0.75,0.7606522806147411,351.9698021411896
N9_E10b_T12a,N9,amazon_edge_059,edge_multihop,train,0.6666666666666666,0.0,1.0,0.5555555555555555,351.9698021411896
N9_E10b_T12a,N9,amazon_edge_060,edge_multihop,train,1.0,0.0,0.0,0.3333333333333333,351.9698021411896
N9_E10b_T12a,N9,amazon_edge_061,edge_multihop,test,0.8333333333333334,0.8083964392700972,0.5,0.7139099242011436,351.9698021411896
N9_E10b_T12a,N9,amazon_edge_062,edge_multihop,test,1.0,0.0,0.0,0.3333333333333333,351.9698021411896
N9_E10b_T12a,N9,amazon_edge_063,edge_multihop,train,0.5,0.0,0.0,0.16666666666666666,351.9698021411896
N9_E10b_T12a,N9,amazon_edge_064,edge_multihop,test,1.0,0.8962098926138466,0.75,0.8820699642046156,351.9698021411896
N9_E10b_T12a,N9,amazon_edge_065,edge_multihop,train,0.6,0.0,0.5,0.3666666666666667,351.9698021411896
N9_E10b_T12a,N9,amazon_edge_066,edge_multihop,train,0.875,0.787696465623642,0.5,0.7208988218745475,351.9698021411896
N9_E10b_T12a,N9,amazon_edge_067,edge_multihop,train,1.0,0.0,0.0,0.3333333333333333,351.9698021411896
N9_E10b_T12a,N9,amazon_edge_068,edge_multihop,test,1.0,0.0,0.5,0.5,351.9698021411896
N9_E10b_T12a,N9,amazon_edge_069,edge_multihop,test,0.6666666666666666,0.0,0.0,0.2222222222222222,351.9698021411896
N9_E10b_T12a,N9,amazon_edge_070,edge_multihop,test,1.0,0.8997383622437395,0.25,0.7165794540812466,351.9698021411896
N9_E10b_T12a,N9,amazon_edge_071,edge_multihop,test,1.0,0.8883800261520803,0.25,0.7127933420506934,351.9698021411896
N9_E10b_T12a,N9,amazon_edge_072,edge_multihop,test,0.8333333333333334,0.9167867660826304,0.75,0.8333733664719879,351.9698021411896
N9_E10b_T12a,N9,amazon_edge_073,edge_multihop,train,1.0,0.0,0.0,0.3333333333333333,351.9698021411896
N9_E10b_T12a,N9,amazon_edge_074,edge_multihop,train,0.625,0.873372425445595,0.5,0.6661241418151983,351.9698021411896
N9_E10b_T12a,N9,amazon_edge_075,edge_multihop,train,0.8,0.881530503277705,0.0,0.560510167759235,351.9698021411896
N9_E10b_T12a,N9,amazon_edge_076,edge_multihop,train,1.0,0.0,0.0,0.3333333333333333,351.9698021411896
N9_E10b_T12a,N9,amazon_edge_077,edge_multihop,test,0.25,0.8883548858274143,0.0,0.37945162860913806,351.9698021411896
N9_E10b_T12a,N9,amazon_edge_078,edge_multihop,train,0.8333333333333334,0.0,0.0,0.2777777777777778,351.9698021411896
N9_E10b_T12a,N9,amazon_edge_079,edge_multihop,train,1.0,0.8569877325522921,0.25,0.7023292441840973,351.9698021411896
N9_E10b_T12a,N9,amazon_edge_080,edge_multihop,test,0.75,0.0,0.5,0.4166666666666667,351.9698021411896
N9_E10b_T12a,N9,amazon_edge_081,edge_multihop,train,0.75,0.0,0.0,0.25,351.9698021411896
N9_E10b_T12a,N9,amazon_edge_082,edge_multihop,train,1.0,0.8842959035512113,0.5,0.7947653011837371,351.9698021411896
N9_E10b_T12a,N9,amazon_edge_083,edge_multihop,train,0.6666666666666666,0.0,0.0,0.2222222222222222,351.9698021411896
N9_E10b_T12a,N9,amazon_edge_084,edge_multihop,test,1.0,0.8771042897084462,1.0,0.9590347632361488,351.9698021411896
N9_E10b_T12a,N9,amazon_edge_085,edge_multihop,train,0.8181818181818182,0.8665696282719733,0.0,0.5615838154845972,351.9698021411896
N9_E10b_T12a,N9,amazon_edge_086,edge_multihop,train,0.8,0.8776896358877515,0.25,0.6425632119625838,351.9698021411896
N9_E10b_T12a,N9,amazon_edge_087,edge_multihop,train,0.6,0.9051524557696539,1.0,0.8350508185898846,351.9698021411896
N9_E10b_T12a,N9,amazon_edge_088,edge_multihop,train,1.0,0.8601130180813706,0.5,0.7867043393604569,351.9698021411896
N9_E10b_T12a,N9,amazon_edge_089,edge_multihop,train,1.0,0.81438335590595,0.5,0.7714611186353166,351.9698021411896
N9_E10b_T12a,N9,amazon_edge_090,edge_multihop,train,0.7692307692307693,0.8486007897548795,0.0,0.5392771863285496,351.9698021411896
N9_E10b_T12a,N9,amazon_edge_091,edge_multihop,test,1.0,0.0,0.0,0.3333333333333333,351.9698021411896
N9_E10b_T12a,N9,amazon_edge_092,edge_multihop,test,1.0,0.0,0.0,0.3333333333333333,351.9698021411896
N9_E10b_T12a,N9,amazon_edge_093,edge_multihop,train,1.0,0.8760180685361506,0.0,0.6253393561787169,351.9698021411896
N9_E10b_T12a,N9,amazon_edge_094,edge_multihop,test,1.0,0.7834652187429499,0.0,0.59448840624765,351.9698021411896
N9_E10b_T12a,N9,amazon_edge_095,edge_multihop,test,1.0,0.8500806060001115,0.25,0.7000268686667038,351.9698021411896
N9_E10b_T12a,N9,amazon_edge_096,edge_multihop,test,1.0,0.0,0.0,0.3333333333333333,351.9698021411896
N9_E10b_T12a,N9,amazon_edge_097,edge_multihop,test,0.75,0.0,0.0,0.25,351.9698021411896
N9_E10b_T12a,N9,amazon_edge_098,edge_multihop,train,1.0,0.8715192202469918,0.5,0.7905064067489973,351.9698021411896
N9_E10b_T12a,N9,amazon_edge_099,edge_multihop,train,1.0,0.0,0.0,0.3333333333333333,351.9698021411896
N9_E10b_T12a,N9,amazon_sh_083,single_specific,train,1.0,1.0,1.0,1.0,351.9698021411896
N9_E10b_T12a,N9,amazon_sh_084,single_specific,train,1.0,0.9999996377374664,1.0,0.9999998792458221,351.9698021411896
N9_E10b_T12a,N9,amazon_sh_085,single_specific,train,0.5,0.0,0.0,0.16666666666666666,351.9698021411896
N9_E10b_T12a,N9,amazon_sh_086,single_specific,train,1.0,0.9600130271779106,1.0,0.9866710090593035,351.9698021411896
N9_E10b_T12a,N9,amazon_sh_087,single_specific,train,1.0,0.6487754990309694,1.0,0.8829251663436565,351.9698021411896
N9_E10b_T12a,N9,amazon_sh_088,single_specific,train,1.0,1.0,1.0,1.0,351.9698021411896
N9_E10b_T12a,N9,amazon_sh_089,single_specific,test,1.0,0.9210960289640376,1.0,0.9736986763213459,351.9698021411896
N9_E10b_T12a,N9,amazon_sh_090,single_specific,test,0.6666666666666666,0.8671273281942449,1.0,0.8445979982869706,351.9698021411896
N9_E10b_T12a,N9,amazon_sh_091,single_specific,test,0.75,0.9003769638400287,1.0,0.8834589879466762,351.9698021411896
N9_E10b_T12a,N9,amazon_sh_092,single_specific,train,1.0,0.8531896675577006,1.0,0.9510632225192336,351.9698021411896
N9_E10b_T12a,N9,amazon_sh_093,single_specific,train,1.0,0.0,0.0,0.3333333333333333,351.9698021411896
N9_E10b_T12a,N9,amazon_sh_094,single_specific,train,1.0,0.0,1.0,0.6666666666666666,351.9698021411896
N9_E10b_T12a,N9,amazon_sh_095,single_specific,test,1.0,0.0,0.0,0.3333333333333333,351.9698021411896
N9_E10b_T12a,N9,amazon_sh_096,single_specific,test,1.0,0.9999995977244439,1.0,0.999999865908148,351.9698021411896
N9_E10b_T12a,N9,amazon_sh_097,single_specific,test,1.0,0.8484346684641771,1.0,0.9494782228213924,351.9698021411896
N9_E10b_T12a,N9,amazon_sh_098,single_specific,test,1.0,1.0000000000000002,0.75,0.9166666666666666,351.9698021411896
N9_E10b_T12a,N9,amazon_sh_099,single_specific,train,1.0,1.0,1.0,1.0,351.9698021411896
N9_E10b_T12b,N9,amazon_agg_033,aggregate_cross_paper,train,1.0,0.8296318021988901,1.0,0.9432106007329634,388.20681619644165
N9_E10b_T12b,N9,amazon_agg_034,aggregate_cross_paper,train,0.875,0.7014293496306898,1.0,0.8588097832102299,388.20681619644165
N9_E10b_T12b,N9,amazon_agg_035,aggregate_cross_paper,train,0.75,0.563572770557572,0.0,0.4378575901858574,388.20681619644165
N9_E10b_T12b,N9,amazon_agg_036,aggregate_cross_paper,test,0.4,0.7705163235437381,0.75,0.6401721078479127,388.20681619644165
N9_E10b_T12b,N9,amazon_agg_037,aggregate_cross_paper,test,1.0,0.8109042658365152,1.0,0.9369680886121717,388.20681619644165
N9_E10b_T12b,N9,amazon_agg_038,aggregate_cross_paper,test,0.7272727272727273,0.367959003993221,0.5,0.5317439104219828,388.20681619644165
N9_E10b_T12b,N9,amazon_agg_039,aggregate_cross_paper,train,1.0,0.8500331664723159,0.5,0.7833443888241053,388.20681619644165
N9_E10b_T12b,N9,amazon_agg_040,aggregate_cross_paper,train,1.0,0.6199474810772114,1.0,0.8733158270257372,388.20681619644165
N9_E10b_T12b,N9,amazon_agg_041,aggregate_cross_paper,test,0.6666666666666666,0.3878315825357153,1.0,0.6848327497341273,388.20681619644165
N9_E10b_T12b,N9,amazon_agg_042,aggregate_cross_paper,train,0.7,0.8573207091259852,1.0,0.8524402363753284,388.20681619644165
N9_E10b_T12b,N9,amazon_agg_043,aggregate_cross_paper,test,0.6666666666666666,0.7762347948840198,1.0,0.8143004871835622,388.20681619644165
N9_E10b_T12b,N9,amazon_agg_044,aggregate_cross_paper,train,0.3333333333333333,0.7411207186800525,1.0,0.691484684004462,388.20681619644165
N9_E10b_T12b,N9,amazon_agg_045,aggregate_cross_paper,train,0.6666666666666666,0.4516082398626406,0.75,0.6227583021764357,388.20681619644165
N9_E10b_T12b,N9,amazon_agg_046,aggregate_cross_paper,test,1.0,0.44584949961928827,1.0,0.8152831665397627,388.20681619644165
N9_E10b_T12b,N9,amazon_agg_047,aggregate_cross_paper,train,0.75,0.8611071948123019,1.0,0.8703690649374339,388.20681619644165
N9_E10b_T12b,N9,amazon_agg_048,aggregate_cross_paper,test,0.75,0.6939273414557102,0.75,0.7313091138185701,388.20681619644165
N9_E10b_T12b,N9,amazon_agg_049,aggregate_cross_paper,train,0.6666666666666666,0.41555692427825974,0.75,0.6107411969816421,388.20681619644165
N9_E10b_T12b,N9,amazon_agg_050,aggregate_cross_paper,test,1.0,0.8107526489245481,1.0,0.9369175496415161,388.20681619644165
N9_E10b_T12b,N9,amazon_agg_051,aggregate_cross_paper,test,0.7142857142857143,0.7972246538848677,1.0,0.8371701227235273,388.20681619644165
N9_E10b_T12b,N9,amazon_agg_052,aggregate_cross_paper,test,0.8571428571428571,0.3658553330807521,1.0,0.740999396741203,388.20681619644165
N9_E10b_T12b,N9,amazon_agg_053,aggregate_cross_paper,train,1.0,0.5871259291289617,1.0,0.8623753097096539,388.20681619644165
N9_E10b_T12b,N9,amazon_agg_054,aggregate_cross_paper,test,0.8571428571428571,0.7394762857625395,1.0,0.8655397143017988,388.20681619644165
N9_E10b_T12b,N9,amazon_agg_055,aggregate_cross_paper,train,0.75,0.8983886339253292,1.0,0.8827962113084431,388.20681619644165
N9_E10b_T12b,N9,amazon_agg_056,aggregate_cross_paper,test,0.5555555555555556,0.8125923054451824,1.0,0.7893826203335793,388.20681619644165
N9_E10b_T12b,N9,amazon_agg_057,aggregate_cross_paper,test,0.42857142857142855,0.9107569130544035,1.0,0.7797761138752773,388.20681619644165
N9_E10b_T12b,N9,amazon_agg_058,aggregate_cross_paper,test,0.6666666666666666,0.8148081588760496,1.0,0.8271582751809055,388.20681619644165
N9_E10b_T12b,N9,amazon_agg_059,aggregate_cross_paper,test,0.8571428571428571,0.4776618392194817,1.0,0.7782682321207796,388.20681619644165
N9_E10b_T12b,N9,amazon_agg_060,aggregate_cross_paper,test,1.0,0.5045363517409577,1.0,0.8348454505803192,388.20681619644165
N9_E10b_T12b,N9,amazon_agg_061,aggregate_cross_paper,test,0.75,0.7712788328573343,0.5,0.6737596109524447,388.20681619644165
N9_E10b_T12b,N9,amazon_agg_062,aggregate_cross_paper,train,0.8,0.7926210027762951,1.0,0.8642070009254317,388.20681619644165
N9_E10b_T12b,N9,amazon_agg_063,aggregate_cross_paper,test,0.5,0.8100089605094114,1.0,0.7700029868364705,388.20681619644165
N9_E10b_T12b,N9,amazon_agg_064,aggregate_cross_paper,test,0.5,0.9141587709908029,1.0,0.8047195903302676,388.20681619644165
N9_E10b_T12b,N9,amazon_agg_065,aggregate_cross_paper,train,1.0,0.5378079530303594,1.0,0.8459359843434532,388.20681619644165
N9_E10b_T12b,N9,amazon_agg_066,aggregate_cross_paper,train,1.0,0.4640250395565695,1.0,0.8213416798521899,388.20681619644165
N9_E10b_T12b,N9,amazon_agg_067,aggregate_cross_paper,test,1.0,0.44345108708331743,1.0,0.8144836956944391,388.20681619644165
N9_E10b_T12b,N9,amazon_agg_068,aggregate_cross_paper,test,0.5,0.3985722174194604,0.75,0.5495240724731535,388.20681619644165
N9_E10b_T12b,N9,amazon_agg_069,aggregate_cross_paper,train,0.75,0.8519653165514799,1.0,0.8673217721838267,388.20681619644165
N9_E10b_T12b,N9,amazon_agg_070,aggregate_cross_paper,train,1.0,0.7359489977610423,1.0,0.9119829992536808,388.20681619644165
N9_E10b_T12b,N9,amazon_agg_071,aggregate_cross_paper,test,1.0,0.7376604151301062,1.0,0.9125534717100354,388.20681619644165
N9_E10b_T12b,N9,amazon_agg_072,aggregate_cross_paper,train,0.6666666666666666,0.7020451148435806,1.0,0.789570593836749,388.20681619644165
N9_E10b_T12b,N9,amazon_agg_073,aggregate_cross_paper,train,0.6666666666666666,0.596718824022926,0.75,0.6711284968965309,388.20681619644165
N9_E10b_T12b,N9,amazon_agg_074,aggregate_cross_paper,test,0.6666666666666666,0.47618284806146827,1.0,0.7142831715760449,388.20681619644165
N9_E10b_T12b,N9,amazon_agg_075,aggregate_cross_paper,test,1.0,0.822503816465189,1.0,0.9408346054883964,388.20681619644165
N9_E10b_T12b,N9,amazon_agg_076,aggregate_cross_paper,train,0.5,0.7372355394240256,1.0,0.7457451798080085,388.20681619644165
N9_E10b_T12b,N9,amazon_agg_077,aggregate_cross_paper,train,0.75,0.44583032928716243,1.0,0.7319434430957208,388.20681619644165
N9_E10b_T12b,N9,amazon_agg_078,aggregate_cross_paper,test,1.0,0.8511643502578375,1.0,0.9503881167526126,388.20681619644165
N9_E10b_T12b,N9,amazon_agg_079,aggregate_cross_paper,test,0.6,0.7990925563421104,1.0,0.7996975187807035,388.20681619644165
N9_E10b_T12b,N9,amazon_agg_080,aggregate_cross_paper,train,1.0,0.4817340411241365,1.0,0.8272446803747121,388.20681619644165
N9_E10b_T12b,N9,amazon_agg_081,aggregate_cross_paper,train,1.0,0.7088533900234087,1.0,0.9029511300078029,388.20681619644165
N9_E10b_T12b,N9,amazon_agg_082,aggregate_cross_paper,test,1.0,0.0,0.5,0.5,388.20681619644165
N9_E10b_T12b,N9,amazon_agg_083,aggregate_cross_paper,train,1.0,0.850258694214724,1.0,0.950086231404908,388.20681619644165
N9_E10b_T12b,N9,amazon_agg_084,aggregate_cross_paper,test,0.8571428571428571,0.6883055971224018,1.0,0.8484828180884195,388.20681619644165
N9_E10b_T12b,N9,amazon_agg_085,aggregate_cross_paper,train,0.8571428571428571,0.594654813730007,1.0,0.8172658902909546,388.20681619644165
N9_E10b_T12b,N9,amazon_agg_086,aggregate_cross_paper,test,0.75,0.9204069839325127,1.0,0.8901356613108375,388.20681619644165
N9_E10b_T12b,N9,amazon_agg_087,aggregate_cross_paper,test,0.5,0.8630559996064656,1.0,0.7876853332021553,388.20681619644165
N9_E10b_T12b,N9,amazon_agg_088,aggregate_cross_paper,train,1.0,0.8003580115441901,1.0,0.93345267051473,388.20681619644165
N9_E10b_T12b,N9,amazon_agg_089,aggregate_cross_paper,test,0.6,0.6122673415204939,0.5,0.5707557805068313,388.20681619644165
N9_E10b_T12b,N9,amazon_agg_090,aggregate_cross_paper,train,0.8,0.7805751646871684,1.0,0.8601917215623894,388.20681619644165
N9_E10b_T12b,N9,amazon_agg_091,aggregate_cross_paper,test,0.75,0.5518217862243919,0.75,0.6839405954081306,388.20681619644165
N9_E10b_T12b,N9,amazon_agg_092,aggregate_cross_paper,test,1.0,0.8329371072048999,1.0,0.9443123690683,388.20681619644165
N9_E10b_T12b,N9,amazon_agg_093,aggregate_cross_paper,train,0.625,0.5535617220514293,1.0,0.7261872406838098,388.20681619644165
N9_E10b_T12b,N9,amazon_agg_094,aggregate_cross_paper,test,1.0,0.76378392780352,1.0,0.92126130926784,388.20681619644165
N9_E10b_T12b,N9,amazon_agg_095,aggregate_cross_paper,train,0.5555555555555556,0.6744062271899657,0.0,0.40998726091517373,388.20681619644165
N9_E10b_T12b,N9,amazon_agg_096,aggregate_cross_paper,train,0.7777777777777778,0.5181559072090504,1.0,0.7653112283289426,388.20681619644165
N9_E10b_T12b,N9,amazon_agg_097,aggregate_cross_paper,test,0.5714285714285714,0.6686008456970258,1.0,0.746676472375199,388.20681619644165
N9_E10b_T12b,N9,amazon_agg_098,aggregate_cross_paper,test,0.6666666666666666,0.4965018411840591,1.0,0.7210561692835752,388.20681619644165
N9_E10b_T12b,N9,amazon_agg_099,aggregate_cross_paper,test,0.4,0.3935882322436831,0.5,0.43119607741456106,388.20681619644165
N9_E10b_T12b,N9,amazon_edge_034,edge_multihop,test,1.0,0.8032394933835753,0.0,0.6010798311278585,388.20681619644165
N9_E10b_T12b,N9,amazon_edge_035,edge_multihop,test,1.0,0.8036766812853333,0.0,0.6012255604284444,388.20681619644165
N9_E10b_T12b,N9,amazon_edge_036,edge_multihop,test,1.0,0.8842020761570367,0.75,0.8780673587190123,388.20681619644165
N9_E10b_T12b,N9,amazon_edge_037,edge_multihop,train,1.0,0.0,0.0,0.3333333333333333,388.20681619644165
N9_E10b_T12b,N9,amazon_edge_038,edge_multihop,test,0.6666666666666666,0.8848838320232225,1.0,0.8505168328966297,388.20681619644165
N9_E10b_T12b,N9,amazon_edge_039,edge_multihop,train,0.8333333333333334,0.0,0.0,0.2777777777777778,388.20681619644165
N9_E10b_T12b,N9,amazon_edge_040,edge_multihop,test,1.0,0.0,0.0,0.3333333333333333,388.20681619644165
N9_E10b_T12b,N9,amazon_edge_041,edge_multihop,test,0.875,0.8848838334039169,0.0,0.5866279444679723,388.20681619644165
N9_E10b_T12b,N9,amazon_edge_042,edge_multihop,test,0.5714285714285714,0.8880318726075498,0.0,0.4864868146787071,388.20681619644165
N9_E10b_T12b,N9,amazon_edge_043,edge_multihop,test,0.75,0.8917889439486109,0.5,0.7139296479828703,388.20681619644165
N9_E10b_T12b,N9,amazon_edge_044,edge_multihop,test,1.0,0.8580952396999838,1.0,0.9526984132333279,388.20681619644165
N9_E10b_T12b,N9,amazon_edge_045,edge_multihop,train,1.0,0.8630740917320496,0.0,0.6210246972440165,388.20681619644165
N9_E10b_T12b,N9,amazon_edge_046,edge_multihop,test,1.0,0.0,0.5,0.5,388.20681619644165
N9_E10b_T12b,N9,amazon_edge_047,edge_multihop,test,1.0,0.0,0.0,0.3333333333333333,388.20681619644165
N9_E10b_T12b,N9,amazon_edge_048,edge_multihop,train,1.0,0.0,0.0,0.3333333333333333,388.20681619644165
N9_E10b_T12b,N9,amazon_edge_049,edge_multihop,train,1.0,0.8214838889903102,0.0,0.6071612963301034,388.20681619644165
N9_E10b_T12b,N9,amazon_edge_050,edge_multihop,test,1.0,0.9086009193388902,0.0,0.6362003064462968,388.20681619644165
N9_E10b_T12b,N9,amazon_edge_051,edge_multihop,test,1.0,0.0,0.0,0.3333333333333333,388.20681619644165
N9_E10b_T12b,N9,amazon_edge_052,edge_multihop,train,0.75,0.0,0.0,0.25,388.20681619644165
N9_E10b_T12b,N9,amazon_edge_053,edge_multihop,train,0.6666666666666666,0.8901516744057011,0.75,0.7689394470241225,388.20681619644165
N9_E10b_T12b,N9,amazon_edge_054,edge_multihop,train,1.0,0.0,0.0,0.3333333333333333,388.20681619644165
N9_E10b_T12b,N9,amazon_edge_055,edge_multihop,train,1.0,0.8262657297282591,0.75,0.858755243242753,388.20681619644165
N9_E10b_T12b,N9,amazon_edge_056,edge_multihop,train,0.6666666666666666,0.0,0.0,0.2222222222222222,388.20681619644165
N9_E10b_T12b,N9,amazon_edge_057,edge_multihop,train,1.0,0.7994110398512443,0.5,0.7664703466170814,388.20681619644165
N9_E10b_T12b,N9,amazon_edge_058,edge_multihop,train,0.5555555555555556,0.8934395715668584,0.75,0.7329983757074713,388.20681619644165
N9_E10b_T12b,N9,amazon_edge_059,edge_multihop,train,0.6666666666666666,0.0,1.0,0.5555555555555555,388.20681619644165
N9_E10b_T12b,N9,amazon_edge_060,edge_multihop,train,1.0,0.0,0.0,0.3333333333333333,388.20681619644165
N9_E10b_T12b,N9,amazon_edge_061,edge_multihop,test,0.8333333333333334,0.813975745223691,0.5,0.7157696928523415,388.20681619644165
N9_E10b_T12b,N9,amazon_edge_062,edge_multihop,test,1.0,0.0,0.0,0.3333333333333333,388.20681619644165
N9_E10b_T12b,N9,amazon_edge_063,edge_multihop,train,1.0,0.0,0.0,0.3333333333333333,388.20681619644165
N9_E10b_T12b,N9,amazon_edge_064,edge_multihop,test,1.0,0.86127195000633,0.75,0.8704239833354434,388.20681619644165
N9_E10b_T12b,N9,amazon_edge_065,edge_multihop,train,0.6,0.0,0.5,0.3666666666666667,388.20681619644165
N9_E10b_T12b,N9,amazon_edge_066,edge_multihop,train,0.875,0.7876879244262065,0.5,0.7208959748087356,388.20681619644165
N9_E10b_T12b,N9,amazon_edge_067,edge_multihop,train,1.0,0.0,0.0,0.3333333333333333,388.20681619644165
N9_E10b_T12b,N9,amazon_edge_068,edge_multihop,test,1.0,0.0,0.5,0.5,388.20681619644165
N9_E10b_T12b,N9,amazon_edge_069,edge_multihop,test,0.3333333333333333,0.0,0.0,0.1111111111111111,388.20681619644165
N9_E10b_T12b,N9,amazon_edge_070,edge_multihop,test,1.0,0.0,0.5,0.5,388.20681619644165
N9_E10b_T12b,N9,amazon_edge_071,edge_multihop,test,1.0,0.8924026383388407,0.0,0.6308008794462802,388.20681619644165
N9_E10b_T12b,N9,amazon_edge_072,edge_multihop,test,0.6666666666666666,0.9219791251522446,0.75,0.7795485972729704,388.20681619644165
N9_E10b_T12b,N9,amazon_edge_073,edge_multihop,train,1.0,0.0,0.0,0.3333333333333333,388.20681619644165
N9_E10b_T12b,N9,amazon_edge_074,edge_multihop,train,0.8333333333333334,0.873372425445595,0.5,0.7355685862596428,388.20681619644165
N9_E10b_T12b,N9,amazon_edge_075,edge_multihop,train,0.6,0.8876747068657195,0.0,0.49589156895523984,388.20681619644165
N9_E10b_T12b,N9,amazon_edge_076,edge_multihop,train,1.0,0.0,0.0,0.3333333333333333,388.20681619644165
N9_E10b_T12b,N9,amazon_edge_077,edge_multihop,test,0.2,0.8911656890348256,0.0,0.36372189634494184,388.20681619644165
N9_E10b_T12b,N9,amazon_edge_078,edge_multihop,train,1.0,0.0,0.0,0.3333333333333333,388.20681619644165
N9_E10b_T12b,N9,amazon_edge_079,edge_multihop,train,0.8333333333333334,0.856986587928822,0.25,0.6467733070873851,388.20681619644165
N9_E10b_T12b,N9,amazon_edge_080,edge_multihop,test,1.0,0.0,0.75,0.5833333333333334,388.20681619644165
N9_E10b_T12b,N9,amazon_edge_081,edge_multihop,train,0.75,0.0,0.0,0.25,388.20681619644165
N9_E10b_T12b,N9,amazon_edge_082,edge_multihop,train,1.0,0.8843082320456725,0.5,0.7947694106818908,388.20681619644165
N9_E10b_T12b,N9,amazon_edge_083,edge_multihop,train,1.0,0.0,0.0,0.3333333333333333,388.20681619644165
N9_E10b_T12b,N9,amazon_edge_084,edge_multihop,test,1.0,0.8458558389116078,1.0,0.948618612970536,388.20681619644165
N9_E10b_T12b,N9,amazon_edge_085,edge_multihop,train,0.8181818181818182,0.8662994110454144,0.0,0.5614937430757442,388.20681619644165
N9_E10b_T12b,N9,amazon_edge_086,edge_multihop,train,1.0,0.8806134753979237,0.0,0.6268711584659745,388.20681619644165
N9_E10b_T12b,N9,amazon_edge_087,edge_multihop,train,0.4,0.9051357060068489,1.0,0.7683785686689496,388.20681619644165
N9_E10b_T12b,N9,amazon_edge_088,edge_multihop,train,1.0,0.8601387613602955,0.5,0.7867129204534319,388.20681619644165
N9_E10b_T12b,N9,amazon_edge_089,edge_multihop,train,1.0,0.7856918368793043,0.5,0.7618972789597681,388.20681619644165
N9_E10b_T12b,N9,amazon_edge_090,edge_multihop,train,1.0,0.8223554034780546,0.0,0.6074518011593515,388.20681619644165
N9_E10b_T12b,N9,amazon_edge_091,edge_multihop,test,1.0,0.0,0.0,0.3333333333333333,388.20681619644165
N9_E10b_T12b,N9,amazon_edge_092,edge_multihop,test,1.0,0.0,0.0,0.3333333333333333,388.20681619644165
N9_E10b_T12b,N9,amazon_edge_093,edge_multihop,train,1.0,0.8760180685361506,0.0,0.6253393561787169,388.20681619644165
N9_E10b_T12b,N9,amazon_edge_094,edge_multihop,test,1.0,0.7567168407627843,0.0,0.5855722802542614,388.20681619644165
N9_E10b_T12b,N9,amazon_edge_095,edge_multihop,test,1.0,0.8172820648685422,0.25,0.6890940216228474,388.20681619644165
N9_E10b_T12b,N9,amazon_edge_096,edge_multihop,test,1.0,0.0,0.0,0.3333333333333333,388.20681619644165
N9_E10b_T12b,N9,amazon_edge_097,edge_multihop,test,1.0,0.0,0.0,0.3333333333333333,388.20681619644165
N9_E10b_T12b,N9,amazon_edge_098,edge_multihop,train,1.0,0.8715171148158022,0.5,0.7905057049386007,388.20681619644165
N9_E10b_T12b,N9,amazon_edge_099,edge_multihop,train,1.0,0.0,0.0,0.3333333333333333,388.20681619644165
N9_E10b_T12b,N9,amazon_sh_083,single_specific,train,0.6666666666666666,0.9999957919142121,1.0,0.8888874861936262,388.20681619644165
N9_E10b_T12b,N9,amazon_sh_084,single_specific,train,1.0,1.0,1.0,1.0,388.20681619644165
N9_E10b_T12b,N9,amazon_sh_085,single_specific,train,0.5,0.0,0.0,0.16666666666666666,388.20681619644165
N9_E10b_T12b,N9,amazon_sh_086,single_specific,train,1.0,0.9600005668924879,1.0,0.9866668556308293,388.20681619644165
N9_E10b_T12b,N9,amazon_sh_087,single_specific,train,1.0,0.648794159872155,1.0,0.8829313866240517,388.20681619644165
N9_E10b_T12b,N9,amazon_sh_088,single_specific,train,1.0,1.0,1.0,1.0,388.20681619644165
N9_E10b_T12b,N9,amazon_sh_089,single_specific,test,1.0,0.921108278431818,1.0,0.9737027594772726,388.20681619644165
N9_E10b_T12b,N9,amazon_sh_090,single_specific,test,1.0,0.8786504008330859,1.0,0.9595501336110286,388.20681619644165
N9_E10b_T12b,N9,amazon_sh_091,single_specific,test,0.75,0.8720686390880534,1.0,0.8740228796960178,388.20681619644165
N9_E10b_T12b,N9,amazon_sh_092,single_specific,train,0.5,0.8543003763037315,1.0,0.7847667921012439,388.20681619644165
N9_E10b_T12b,N9,amazon_sh_093,single_specific,train,1.0,0.0,0.0,0.3333333333333333,388.20681619644165
N9_E10b_T12b,N9,amazon_sh_094,single_specific,train,1.0,0.0,1.0,0.6666666666666666,388.20681619644165
N9_E10b_T12b,N9,amazon_sh_095,single_specific,test,0.2,0.8212773209450951,0.0,0.34042577364836507,388.20681619644165
N9_E10b_T12b,N9,amazon_sh_096,single_specific,test,1.0,0.9999999999999998,1.0,1.0,388.20681619644165
N9_E10b_T12b,N9,amazon_sh_097,single_specific,test,1.0,0.8567082344863929,1.0,0.952236078162131,388.20681619644165
N9_E10b_T12b,N9,amazon_sh_098,single_specific,test,1.0,0.9999996123206744,0.75,0.9166665374402249,388.20681619644165
N9_E10b_T12b,N9,amazon_sh_099,single_specific,train,1.0,0.9999996259516923,1.0,0.9999998753172307,388.20681619644165
N9_E10c_T12a,N9,amazon_agg_033,aggregate_cross_paper,train,0.7142857142857143,0.8296318021988901,1.0,0.8479725054948681,349.46107602119446
N9_E10c_T12a,N9,amazon_agg_034,aggregate_cross_paper,train,0.8571428571428571,0.6753556644790083,1.0,0.8441661738739551,349.46107602119446
N9_E10c_T12a,N9,amazon_agg_035,aggregate_cross_paper,train,0.75,0.563572770557572,0.0,0.4378575901858574,349.46107602119446
N9_E10c_T12a,N9,amazon_agg_036,aggregate_cross_paper,test,0.6,0.7705021622396239,0.5,0.6235007207465413,349.46107602119446
N9_E10c_T12a,N9,amazon_agg_037,aggregate_cross_paper,test,0.8,0.8109042658365152,1.0,0.8703014219455051,349.46107602119446
N9_E10c_T12a,N9,amazon_agg_038,aggregate_cross_paper,test,0.8,0.367959003993221,0.5,0.5559863346644071,349.46107602119446
N9_E10c_T12a,N9,amazon_agg_039,aggregate_cross_paper,train,1.0,0.850029625483948,0.75,0.8666765418279826,349.46107602119446
N9_E10c_T12a,N9,amazon_agg_040,aggregate_cross_paper,train,0.4,0.6199494633543636,1.0,0.6733164877847879,349.46107602119446
N9_E10c_T12a,N9,amazon_agg_041,aggregate_cross_paper,test,0.6666666666666666,0.3878399973150186,1.0,0.6848355546605617,349.46107602119446
N9_E10c_T12a,N9,amazon_agg_042,aggregate_cross_paper,train,0.75,0.8703812620802417,1.0,0.8734604206934139,349.46107602119446
N9_E10c_T12a,N9,amazon_agg_043,aggregate_cross_paper,test,0.6666666666666666,0.7762347948840198,1.0,0.8143004871835622,349.46107602119446
N9_E10c_T12a,N9,amazon_agg_044,aggregate_cross_paper,train,0.3333333333333333,0.7410985718668154,1.0,0.691477301733383,349.46107602119446
N9_E10c_T12a,N9,amazon_agg_045,aggregate_cross_paper,train,0.6666666666666666,0.4516043618432232,0.75,0.6227570095032966,349.46107602119446
N9_E10c_T12a,N9,amazon_agg_046,aggregate_cross_paper,test,1.0,0.44587073725504517,1.0,0.8152902457516817,349.46107602119446
N9_E10c_T12a,N9,amazon_agg_047,aggregate_cross_paper,train,0.75,0.8611071948123019,1.0,0.8703690649374339,349.46107602119446
N9_E10c_T12a,N9,amazon_agg_048,aggregate_cross_paper,test,1.0,0.7050198515442263,0.75,0.8183399505147421,349.46107602119446
N9_E10c_T12a,N9,amazon_agg_049,aggregate_cross_paper,train,0.6666666666666666,0.4519310704862897,1.0,0.7061992457176521,349.46107602119446
N9_E10c_T12a,N9,amazon_agg_050,aggregate_cross_paper,test,1.0,0.8296566691627565,1.0,0.9432188897209187,349.46107602119446
N9_E10c_T12a,N9,amazon_agg_051,aggregate_cross_paper,test,0.7142857142857143,0.7981991939380685,1.0,0.8374949694079277,349.46107602119446
N9_E10c_T12a,N9,amazon_agg_052,aggregate_cross_paper,test,0.8571428571428571,0.3658553330807521,1.0,0.740999396741203,349.46107602119446
N9_E10c_T12a,N9,amazon_agg_053,aggregate_cross_paper,train,1.0,0.5871844458625087,1.0,0.862394815287503,349.46107602119446
N9_E10c_T12a,N9,amazon_agg_054,aggregate_cross_paper,test,0.8333333333333334,0.5022840766563703,1.0,0.7785391366632345,349.46107602119446
N9_E10c_T12a,N9,amazon_agg_055,aggregate_cross_paper,train,0.75,0.8984102047995023,1.0,0.8828034015998342,349.46107602119446
N9_E10c_T12a,N9,amazon_agg_056,aggregate_cross_paper,test,0.6666666666666666,0.8125923054451824,1.0,0.8264196573706163,349.46107602119446
N9_E10c_T12a,N9,amazon_agg_057,aggregate_cross_paper,test,0.5,0.9107529183909627,1.0,0.803584306130321,349.46107602119446
N9_E10c_T12a,N9,amazon_agg_058,aggregate_cross_paper,test,0.6666666666666666,0.8027059176973035,1.0,0.82312419478799,349.46107602119446
N9_E10c_T12a,N9,amazon_agg_059,aggregate_cross_paper,test,1.0,0.4776618392194817,1.0,0.8258872797398272,349.46107602119446
N9_E10c_T12a,N9,amazon_agg_060,aggregate_cross_paper,test,1.0,0.4254064293677951,1.0,0.808468809789265,349.46107602119446
N9_E10c_T12a,N9,amazon_agg_061,aggregate_cross_paper,test,0.75,0.7712637231442696,0.5,0.6737545743814232,349.46107602119446
N9_E10c_T12a,N9,amazon_agg_062,aggregate_cross_paper,train,0.8,0.8200587386472494,1.0,0.8733529128824165,349.46107602119446
N9_E10c_T12a,N9,amazon_agg_063,aggregate_cross_paper,test,0.0,0.8099607705460731,1.0,0.603320256848691,349.46107602119446
N9_E10c_T12a,N9,amazon_agg_064,aggregate_cross_paper,test,0.75,0.9141485273923461,1.0,0.8880495091307821,349.46107602119446
N9_E10c_T12a,N9,amazon_agg_065,aggregate_cross_paper,train,1.0,0.5597338700933079,1.0,0.8532446233644361,349.46107602119446
N9_E10c_T12a,N9,amazon_agg_066,aggregate_cross_paper,train,0.8333333333333334,0.4639770231014725,1.0,0.7657701188116018,349.46107602119446
N9_E10c_T12a,N9,amazon_agg_067,aggregate_cross_paper,test,1.0,0.44343624705757506,1.0,0.8144787490191917,349.46107602119446
N9_E10c_T12a,N9,amazon_agg_068,aggregate_cross_paper,test,0.75,0.3985247622278109,0.75,0.6328415874092703,349.46107602119446
N9_E10c_T12a,N9,amazon_agg_069,aggregate_cross_paper,train,0.5,0.7481814640397348,1.0,0.7493938213465783,349.46107602119446
N9_E10c_T12a,N9,amazon_agg_070,aggregate_cross_paper,train,1.0,0.5947119902349897,1.0,0.8649039967449966,349.46107602119446
N9_E10c_T12a,N9,amazon_agg_071,aggregate_cross_paper,test,1.0,0.7061610675900235,1.0,0.9020536891966745,349.46107602119446
N9_E10c_T12a,N9,amazon_agg_072,aggregate_cross_paper,train,0.6666666666666666,0.7076110244761308,1.0,0.7914258970475991,349.46107602119446
N9_E10c_T12a,N9,amazon_agg_073,aggregate_cross_paper,train,0.75,0.5967032654595935,0.5,0.6155677551531978,349.46107602119446
N9_E10c_T12a,N9,amazon_agg_074,aggregate_cross_paper,test,0.6666666666666666,0.46442630925978695,1.0,0.7103643253088179,349.46107602119446
N9_E10c_T12a,N9,amazon_agg_075,aggregate_cross_paper,test,1.0,0.8199190584957653,1.0,0.9399730194985884,349.46107602119446
N9_E10c_T12a,N9,amazon_agg_076,aggregate_cross_paper,train,0.5,0.713627192452086,1.0,0.737875730817362,349.46107602119446
N9_E10c_T12a,N9,amazon_agg_077,aggregate_cross_paper,train,0.75,0.44583032928716243,1.0,0.7319434430957208,349.46107602119446
N9_E10c_T12a,N9,amazon_agg_078,aggregate_cross_paper,test,1.0,0.8511800112084106,1.0,0.9503933370694702,349.46107602119446
N9_E10c_T12a,N9,amazon_agg_079,aggregate_cross_paper,test,0.8571428571428571,0.8751583810377845,1.0,0.9107670793935472,349.46107602119446
N9_E10c_T12a,N9,amazon_agg_080,aggregate_cross_paper,train,1.0,0.480002290286937,1.0,0.8266674300956457,349.46107602119446
N9_E10c_T12a,N9,amazon_agg_081,aggregate_cross_paper,train,1.0,0.7088533900234087,1.0,0.9029511300078029,349.46107602119446
N9_E10c_T12a,N9,amazon_agg_082,aggregate_cross_paper,test,1.0,0.0,0.5,0.5,349.46107602119446
N9_E10c_T12a,N9,amazon_agg_083,aggregate_cross_paper,train,1.0,0.8900074960940447,1.0,0.9633358320313482,349.46107602119446
N9_E10c_T12a,N9,amazon_agg_084,aggregate_cross_paper,test,0.8571428571428571,0.6457093776760834,1.0,0.8342840782729802,349.46107602119446
N9_E10c_T12a,N9,amazon_agg_085,aggregate_cross_paper,train,0.7142857142857143,0.6321155900575064,1.0,0.7821337681144068,349.46107602119446
N9_E10c_T12a,N9,amazon_agg_086,aggregate_cross_paper,test,0.75,0.9100396980194346,1.0,0.8866798993398115,349.46107602119446
N9_E10c_T12a,N9,amazon_agg_087,aggregate_cross_paper,test,0.5,0.8737081413450309,1.0,0.7912360471150103,349.46107602119446
N9_E10c_T12a,N9,amazon_agg_088,aggregate_cross_paper,train,0.42857142857142855,0.7508393021968983,1.0,0.7264702435894422,349.46107602119446
N9_E10c_T12a,N9,amazon_agg_089,aggregate_cross_paper,test,0.6,0.6121969649050559,0.5,0.5707323216350186,349.46107602119446
N9_E10c_T12a,N9,amazon_agg_090,aggregate_cross_paper,train,0.6,0.776993178830058,1.0,0.7923310596100194,349.46107602119446
N9_E10c_T12a,N9,amazon_agg_091,aggregate_cross_paper,test,0.75,0.5517645450563454,0.75,0.6839215150187817,349.46107602119446
N9_E10c_T12a,N9,amazon_agg_092,aggregate_cross_paper,test,0.42857142857142855,0.8255996058437922,1.0,0.7513903448050736,349.46107602119446
N9_E10c_T12a,N9,amazon_agg_093,aggregate_cross_paper,train,0.625,0.5159836091816827,1.0,0.7136612030605609,349.46107602119446
N9_E10c_T12a,N9,amazon_agg_094,aggregate_cross_paper,test,0.25,0.7638146329924205,1.0,0.6712715443308067,349.46107602119446
N9_E10c_T12a,N9,amazon_agg_095,aggregate_cross_paper,train,0.5555555555555556,0.6744533268149747,0.0,0.41000296079017673,349.46107602119446
N9_E10c_T12a,N9,amazon_agg_096,aggregate_cross_paper,train,0.6666666666666666,0.48442409292751937,1.0,0.7170302531980619,349.46107602119446
N9_E10c_T12a,N9,amazon_agg_097,aggregate_cross_paper,test,0.5,0.7321111186466552,1.0,0.7440370395488851,349.46107602119446
N9_E10c_T12a,N9,amazon_agg_098,aggregate_cross_paper,test,0.6666666666666666,0.5226408454477277,1.0,0.7297691707047981,349.46107602119446
N9_E10c_T12a,N9,amazon_agg_099,aggregate_cross_paper,test,0.4,0.39357248781350757,0.75,0.5145241626045025,349.46107602119446
N9_E10c_T12a,N9,amazon_edge_034,edge_multihop,test,0.8333333333333334,0.8043762058850475,0.0,0.5459031797394603,349.46107602119446
N9_E10c_T12a,N9,amazon_edge_035,edge_multihop,test,1.0,0.8286909596761558,0.0,0.6095636532253853,349.46107602119446
N9_E10c_T12a,N9,amazon_edge_036,edge_multihop,test,1.0,0.8784960453309759,0.75,0.8761653484436587,349.46107602119446
N9_E10c_T12a,N9,amazon_edge_037,edge_multihop,train,1.0,0.0,0.0,0.3333333333333333,349.46107602119446
N9_E10c_T12a,N9,amazon_edge_038,edge_multihop,test,0.5,0.8409894756878812,1.0,0.7803298252292937,349.46107602119446
N9_E10c_T12a,N9,amazon_edge_039,edge_multihop,train,0.8333333333333334,0.0,0.0,0.2777777777777778,349.46107602119446
N9_E10c_T12a,N9,amazon_edge_040,edge_multihop,test,1.0,0.0,0.0,0.3333333333333333,349.46107602119446
N9_E10c_T12a,N9,amazon_edge_041,edge_multihop,test,0.8571428571428571,0.8817450708576194,0.0,0.5796293093334922,349.46107602119446
N9_E10c_T12a,N9,amazon_edge_042,edge_multihop,test,0.5714285714285714,0.8880318726075498,0.0,0.4864868146787071,349.46107602119446
N9_E10c_T12a,N9,amazon_edge_043,edge_multihop,test,0.75,0.8928419844072266,0.5,0.7142806614690755,349.46107602119446
N9_E10c_T12a,N9,amazon_edge_044,edge_multihop,test,0.7142857142857143,0.9170494525498235,0.5,0.7104450556118459,349.46107602119446
N9_E10c_T12a,N9,amazon_edge_045,edge_multihop,train,0.75,0.8510014822921255,0.0,0.5336671607640419,349.46107602119446
N9_E10c_T12a,N9,amazon_edge_046,edge_multihop,test,1.0,0.8599681517210812,0.5,0.7866560505736938,349.46107602119446
N9_E10c_T12a,N9,amazon_edge_047,edge_multihop,test,1.0,0.0,0.0,0.3333333333333333,349.46107602119446
N9_E10c_T12a,N9,amazon_edge_048,edge_multihop,train,1.0,0.0,0.0,0.3333333333333333,349.46107602119446
N9_E10c_T12a,N9,amazon_edge_049,edge_multihop,train,1.0,0.8018279419582116,0.0,0.6006093139860705,349.46107602119446
N9_E10c_T12a,N9,amazon_edge_050,edge_multihop,test,1.0,0.9089216906873885,0.0,0.6363072302291295,349.46107602119446
N9_E10c_T12a,N9,amazon_edge_051,edge_multihop,test,0.6666666666666666,0.0,0.0,0.2222222222222222,349.46107602119446
N9_E10c_T12a,N9,amazon_edge_052,edge_multihop,train,0.75,0.0,0.0,0.25,349.46107602119446
N9_E10c_T12a,N9,amazon_edge_053,edge_multihop,train,0.8333333333333334,0.8901516744057011,0.75,0.8244950025796781,349.46107602119446
N9_E10c_T12a,N9,amazon_edge_054,edge_multihop,train,1.0,0.0,0.0,0.3333333333333333,349.46107602119446
N9_E10c_T12a,N9,amazon_edge_055,edge_multihop,train,1.0,0.8289425445372917,0.75,0.859647514845764,349.46107602119446
N9_E10c_T12a,N9,amazon_edge_056,edge_multihop,train,1.0,0.0,0.0,0.3333333333333333,349.46107602119446
N9_E10c_T12a,N9,amazon_edge_057,edge_multihop,train,1.0,0.8015595915061985,0.5,0.7671865305020661,349.46107602119446
N9_E10c_T12a,N9,amazon_edge_058,edge_multihop,train,0.5555555555555556,0.8659923301684517,0.5,0.6405159619080024,349.46107602119446
N9_E10c_T12a,N9,amazon_edge_059,edge_multihop,train,0.6666666666666666,0.0,1.0,0.5555555555555555,349.46107602119446
N9_E10c_T12a,N9,amazon_edge_060,edge_multihop,train,1.0,0.0,0.0,0.3333333333333333,349.46107602119446
N9_E10c_T12a,N9,amazon_edge_061,edge_multihop,test,0.8333333333333334,0.8083964392700972,0.5,0.7139099242011436,349.46107602119446
N9_E10c_T12a,N9,amazon_edge_062,edge_multihop,test,1.0,0.0,0.0,0.3333333333333333,349.46107602119446
N9_E10c_T12a,N9,amazon_edge_063,edge_multihop,train,0.75,0.0,0.0,0.25,349.46107602119446
N9_E10c_T12a,N9,amazon_edge_064,edge_multihop,test,1.0,0.874524623056297,0.75,0.8748415410187657,349.46107602119446
N9_E10c_T12a,N9,amazon_edge_065,edge_multihop,train,0.8,0.0,0.5,0.43333333333333335,349.46107602119446
N9_E10c_T12a,N9,amazon_edge_066,edge_multihop,train,0.875,0.7982775443086421,0.5,0.7244258481028808,349.46107602119446
N9_E10c_T12a,N9,amazon_edge_067,edge_multihop,train,1.0,0.0,0.0,0.3333333333333333,349.46107602119446
N9_E10c_T12a,N9,amazon_edge_068,edge_multihop,test,1.0,0.0,0.5,0.5,349.46107602119446
N9_E10c_T12a,N9,amazon_edge_069,edge_multihop,test,0.5714285714285714,0.9235621706981111,0.0,0.4983302473755608,349.46107602119446
N9_E10c_T12a,N9,amazon_edge_070,edge_multihop,test,1.0,0.0,0.25,0.4166666666666667,349.46107602119446
N9_E10c_T12a,N9,amazon_edge_071,edge_multihop,test,1.0,0.8886241484844816,0.25,0.7128747161614939,349.46107602119446
N9_E10c_T12a,N9,amazon_edge_072,edge_multihop,test,0.5714285714285714,0.9142083031504766,0.75,0.7452122915263493,349.46107602119446
N9_E10c_T12a,N9,amazon_edge_073,edge_multihop,train,1.0,0.0,0.0,0.3333333333333333,349.46107602119446
N9_E10c_T12a,N9,amazon_edge_074,edge_multihop,train,0.8333333333333334,0.868833487523235,0.5,0.7340556069521895,349.46107602119446
N9_E10c_T12a,N9,amazon_edge_075,edge_multihop,train,0.8,0.881530503277705,0.0,0.560510167759235,349.46107602119446
N9_E10c_T12a,N9,amazon_edge_076,edge_multihop,train,1.0,0.0,0.0,0.3333333333333333,349.46107602119446
N9_E10c_T12a,N9,amazon_edge_077,edge_multihop,test,0.3333333333333333,0.8944437928883714,0.0,0.40925904207390157,349.46107602119446
N9_E10c_T12a,N9,amazon_edge_078,edge_multihop,train,1.0,0.0,0.0,0.3333333333333333,349.46107602119446
N9_E10c_T12a,N9,amazon_edge_079,edge_multihop,train,0.8,0.9401518164348764,0.25,0.6633839388116255,349.46107602119446
N9_E10c_T12a,N9,amazon_edge_080,edge_multihop,test,1.0,0.0,0.5,0.5,349.46107602119446
N9_E10c_T12a,N9,amazon_edge_081,edge_multihop,train,0.75,0.0,0.0,0.25,349.46107602119446
N9_E10c_T12a,N9,amazon_edge_082,edge_multihop,train,1.0,0.8843132961537995,0.5,0.7947710987179332,349.46107602119446
N9_E10c_T12a,N9,amazon_edge_083,edge_multihop,train,1.0,0.0,0.0,0.3333333333333333,349.46107602119446
N9_E10c_T12a,N9,amazon_edge_084,edge_multihop,test,1.0,0.894307552933913,1.0,0.9647691843113043,349.46107602119446
N9_E10c_T12a,N9,amazon_edge_085,edge_multihop,train,0.9,0.8755339811490538,0.0,0.591844660383018,349.46107602119446
N9_E10c_T12a,N9,amazon_edge_086,edge_multihop,train,0.8,0.8793276272175502,0.0,0.5597758757391834,349.46107602119446
N9_E10c_T12a,N9,amazon_edge_087,edge_multihop,train,0.4,0.9051357060068489,0.75,0.6850452353356163,349.46107602119446
N9_E10c_T12a,N9,amazon_edge_088,edge_multihop,train,1.0,0.8601043262837645,0.5,0.7867014420945883,349.46107602119446
N9_E10c_T12a,N9,amazon_edge_089,edge_multihop,train,1.0,0.8144328653874732,0.5,0.7714776217958245,349.46107602119446
N9_E10c_T12a,N9,amazon_edge_090,edge_multihop,train,0.8461538461538461,0.8485852079365546,0.0,0.5649130180301336,349.46107602119446
N9_E10c_T12a,N9,amazon_edge_091,edge_multihop,test,1.0,0.0,0.0,0.3333333333333333,349.46107602119446
N9_E10c_T12a,N9,amazon_edge_092,edge_multihop,test,1.0,0.0,0.0,0.3333333333333333,349.46107602119446
N9_E10c_T12a,N9,amazon_edge_093,edge_multihop,train,1.0,0.8759933905057756,0.0,0.6253311301685919,349.46107602119446
N9_E10c_T12a,N9,amazon_edge_094,edge_multihop,test,1.0,0.7829710885721971,0.0,0.5943236961907323,349.46107602119446
N9_E10c_T12a,N9,amazon_edge_095,edge_multihop,test,1.0,0.801632503382242,0.25,0.6838775011274141,349.46107602119446
N9_E10c_T12a,N9,amazon_edge_096,edge_multihop,test,1.0,0.0,0.0,0.3333333333333333,349.46107602119446
N9_E10c_T12a,N9,amazon_edge_097,edge_multihop,test,0.75,0.0,0.0,0.25,349.46107602119446
N9_E10c_T12a,N9,amazon_edge_098,edge_multihop,train,1.0,0.8738582995912573,0.5,0.7912860998637524,349.46107602119446
N9_E10c_T12a,N9,amazon_edge_099,edge_multihop,train,1.0,0.0,0.0,0.3333333333333333,349.46107602119446
N9_E10c_T12a,N9,amazon_sh_083,single_specific,train,1.0,1.0,1.0,1.0,349.46107602119446
N9_E10c_T12a,N9,amazon_sh_084,single_specific,train,1.0,0.9999996377374664,1.0,0.9999998792458221,349.46107602119446
N9_E10c_T12a,N9,amazon_sh_085,single_specific,train,0.5,0.0,0.0,0.16666666666666666,349.46107602119446
N9_E10c_T12a,N9,amazon_sh_086,single_specific,train,1.0,0.9600547748633476,0.5,0.8200182582877825,349.46107602119446
N9_E10c_T12a,N9,amazon_sh_087,single_specific,train,0.6666666666666666,0.6487571767041853,1.0,0.7718079477902839,349.46107602119446
N9_E10c_T12a,N9,amazon_sh_088,single_specific,train,1.0,0.9999996026449097,1.0,0.9999998675483033,349.46107602119446
N9_E10c_T12a,N9,amazon_sh_089,single_specific,test,1.0,0.921108278431818,1.0,0.9737027594772726,349.46107602119446
N9_E10c_T12a,N9,amazon_sh_090,single_specific,test,1.0,0.8671686657847572,1.0,0.955722888594919,349.46107602119446
N9_E10c_T12a,N9,amazon_sh_091,single_specific,test,0.8,0.8720686390880534,1.0,0.8906895463626845,349.46107602119446
N9_E10c_T12a,N9,amazon_sh_092,single_specific,train,0.8,0.8858033095169878,1.0,0.895267769838996,349.46107602119446
N9_E10c_T12a,N9,amazon_sh_093,single_specific,train,1.0,0.0,0.0,0.3333333333333333,349.46107602119446
N9_E10c_T12a,N9,amazon_sh_094,single_specific,train,1.0,0.0,1.0,0.6666666666666666,349.46107602119446
N9_E10c_T12a,N9,amazon_sh_095,single_specific,test,0.4,0.8212773209450951,0.0,0.4070924403150317,349.46107602119446
N9_E10c_T12a,N9,amazon_sh_096,single_specific,test,1.0,0.9999999999999998,1.0,1.0,349.46107602119446
N9_E10c_T12a,N9,amazon_sh_097,single_specific,test,1.0,0.8918707544574118,1.0,0.9639569181524706,349.46107602119446
N9_E10c_T12a,N9,amazon_sh_098,single_specific,test,1.0,1.0000000000000002,0.75,0.9166666666666666,349.46107602119446
N9_E10c_T12a,N9,amazon_sh_099,single_specific,train,1.0,1.0,1.0,1.0,349.46107602119446
N9_E10c_T12b,N9,amazon_agg_033,aggregate_cross_paper,train,1.0,0.8296318021988901,1.0,0.9432106007329634,348.2756061553955
N9_E10c_T12b,N9,amazon_agg_034,aggregate_cross_paper,train,0.875,0.6635332716500205,1.0,0.8461777572166734,348.2756061553955
N9_E10c_T12b,N9,amazon_agg_035,aggregate_cross_paper,train,0.75,0.563572770557572,0.0,0.4378575901858574,348.2756061553955
N9_E10c_T12b,N9,amazon_agg_036,aggregate_cross_paper,test,0.8333333333333334,0.7705481587196675,0.75,0.784627164017667,348.2756061553955
N9_E10c_T12b,N9,amazon_agg_037,aggregate_cross_paper,test,0.8,0.8109042658365152,1.0,0.8703014219455051,348.2756061553955
N9_E10c_T12b,N9,amazon_agg_038,aggregate_cross_paper,test,0.75,0.3678584365438469,0.5,0.5392861455146156,348.2756061553955
N9_E10c_T12b,N9,amazon_agg_039,aggregate_cross_paper,train,1.0,0.8500336370772265,0.75,0.8666778790257421,348.2756061553955
N9_E10c_T12b,N9,amazon_agg_040,aggregate_cross_paper,train,0.4,0.6199474810772114,1.0,0.6733158270257372,348.2756061553955
N9_E10c_T12b,N9,amazon_agg_041,aggregate_cross_paper,test,0.6666666666666666,0.3878315825357153,1.0,0.6848327497341273,348.2756061553955
N9_E10c_T12b,N9,amazon_agg_042,aggregate_cross_paper,train,0.625,0.8764228684922414,1.0,0.8338076228307472,348.2756061553955
N9_E10c_T12b,N9,amazon_agg_043,aggregate_cross_paper,test,0.6666666666666666,0.7762664829508891,1.0,0.8143110498725186,348.2756061553955
N9_E10c_T12b,N9,amazon_agg_044,aggregate_cross_paper,train,0.42857142857142855,0.7411207186800525,1.0,0.7232307157504936,348.2756061553955
N9_E10c_T12b,N9,amazon_agg_045,aggregate_cross_paper,train,0.6666666666666666,0.45163372812186675,0.75,0.6227667982628445,348.2756061553955
N9_E10c_T12b,N9,amazon_agg_046,aggregate_cross_paper,test,1.0,0.44584949961928827,1.0,0.8152831665397627,348.2756061553955
N9_E10c_T12b,N9,amazon_agg_047,aggregate_cross_paper,train,0.75,0.8662420182774777,1.0,0.8720806727591593,348.2756061553955
N9_E10c_T12b,N9,amazon_agg_048,aggregate_cross_paper,test,1.0,0.3687865046178828,0.75,0.7062621682059609,348.2756061553955
N9_E10c_T12b,N9,amazon_agg_049,aggregate_cross_paper,train,0.6666666666666666,0.3796499265395604,1.0,0.6821055310687424,348.2756061553955
N9_E10c_T12b,N9,amazon_agg_050,aggregate_cross_paper,test,1.0,0.8107495391563283,1.0,0.9369165130521094,348.2756061553955
N9_E10c_T12b,N9,amazon_agg_051,aggregate_cross_paper,test,1.0,0.8012811056148453,1.0,0.9337603685382817,348.2756061553955
N9_E10c_T12b,N9,amazon_agg_052,aggregate_cross_paper,test,0.8571428571428571,0.36585894066506514,1.0,0.7410005992693073,348.2756061553955
N9_E10c_T12b,N9,amazon_agg_053,aggregate_cross_paper,train,1.0,0.5871259291289617,1.0,0.8623753097096539,348.2756061553955
N9_E10c_T12b,N9,amazon_agg_054,aggregate_cross_paper,test,0.8571428571428571,0.7803604551203313,1.0,0.8791677707543961,348.2756061553955
N9_E10c_T12b,N9,amazon_agg_055,aggregate_cross_paper,train,0.75,0.8984102047995023,1.0,0.8828034015998342,348.2756061553955
N9_E10c_T12b,N9,amazon_agg_056,aggregate_cross_paper,test,0.4444444444444444,0.8125653666426789,1.0,0.7523366036957078,348.2756061553955
N9_E10c_T12b,N9,amazon_agg_057,aggregate_cross_paper,test,0.5,0.9107529183909627,1.0,0.803584306130321,348.2756061553955
N9_E10c_T12b,N9,amazon_agg_058,aggregate_cross_paper,test,0.6666666666666666,0.796643467025323,1.0,0.8211033778973299,348.2756061553955
N9_E10c_T12b,N9,amazon_agg_059,aggregate_cross_paper,test,1.0,0.4900976428843169,1.0,0.8300325476281056,348.2756061553955
N9_E10c_T12b,N9,amazon_agg_060,aggregate_cross_paper,test,1.0,0.5296186008326537,1.0,0.8432062002775512,348.2756061553955
N9_E10c_T12b,N9,amazon_agg_061,aggregate_cross_paper,test,0.75,0.7713043561602168,0.5,0.6737681187200723,348.2756061553955
N9_E10c_T12b,N9,amazon_agg_062,aggregate_cross_paper,train,0.8,0.7372544764878558,1.0,0.8457514921626186,348.2756061553955
N9_E10c_T12b,N9,amazon_agg_063,aggregate_cross_paper,test,0.25,0.7949095758186884,1.0,0.6816365252728961,348.2756061553955
N9_E10c_T12b,N9,amazon_agg_064,aggregate_cross_paper,test,0.5,0.9141485273923461,1.0,0.8047161757974487,348.2756061553955
N9_E10c_T12b,N9,amazon_agg_065,aggregate_cross_paper,train,1.0,0.4587636857933594,1.0,0.8195878952644531,348.2756061553955
N9_E10c_T12b,N9,amazon_agg_066,aggregate_cross_paper,train,0.8333333333333334,0.4639770231014725,1.0,0.7657701188116018,348.2756061553955
N9_E10c_T12b,N9,amazon_agg_067,aggregate_cross_paper,test,1.0,0.44344172906494866,1.0,0.8144805763549829,348.2756061553955
N9_E10c_T12b,N9,amazon_agg_068,aggregate_cross_paper,test,0.75,0.41211302953410517,0.75,0.6373710098447017,348.2756061553955
N9_E10c_T12b,N9,amazon_agg_069,aggregate_cross_paper,train,0.75,0.812495537328814,1.0,0.8541651791096047,348.2756061553955
N9_E10c_T12b,N9,amazon_agg_070,aggregate_cross_paper,train,1.0,0.5735729847104823,1.0,0.8578576615701609,348.2756061553955
N9_E10c_T12b,N9,amazon_agg_071,aggregate_cross_paper,test,1.0,0.6032397914201599,1.0,0.8677465971400533,348.2756061553955
N9_E10c_T12b,N9,amazon_agg_072,aggregate_cross_paper,train,0.6666666666666666,0.702035784730915,1.0,0.7895674837991938,348.2756061553955
N9_E10c_T12b,N9,amazon_agg_073,aggregate_cross_paper,train,0.75,0.5967711065709876,0.5,0.6155903688569958,348.2756061553955
N9_E10c_T12b,N9,amazon_agg_074,aggregate_cross_paper,test,0.6666666666666666,0.47618284806146827,1.0,0.7142831715760449,348.2756061553955
N9_E10c_T12b,N9,amazon_agg_075,aggregate_cross_paper,test,1.0,0.8322308301786321,1.0,0.9440769433928774,348.2756061553955
N9_E10c_T12b,N9,amazon_agg_076,aggregate_cross_paper,train,0.5,0.7116658871577375,1.0,0.7372219623859125,348.2756061553955
N9_E10c_T12b,N9,amazon_agg_077,aggregate_cross_paper,train,0.75,0.44583032928716243,1.0,0.7319434430957208,348.2756061553955
N9_E10c_T12b,N9,amazon_agg_078,aggregate_cross_paper,test,1.0,0.8511648834069595,1.0,0.9503882944689864,348.2756061553955
N9_E10c_T12b,N9,amazon_agg_079,aggregate_cross_paper,test,0.8571428571428571,0.7964523679806214,1.0,0.8845317417078261,348.2756061553955
N9_E10c_T12b,N9,amazon_agg_080,aggregate_cross_paper,train,1.0,0.47994057704698334,1.0,0.8266468590156612,348.2756061553955
N9_E10c_T12b,N9,amazon_agg_081,aggregate_cross_paper,train,1.0,0.6264269354850576,1.0,0.875475645161686,348.2756061553955
N9_E10c_T12b,N9,amazon_agg_082,aggregate_cross_paper,test,1.0,0.0,0.5,0.5,348.2756061553955
N9_E10c_T12b,N9,amazon_agg_083,aggregate_cross_paper,train,1.0,0.8303768794290509,1.0,0.9434589598096835,348.2756061553955
N9_E10c_T12b,N9,amazon_agg_084,aggregate_cross_paper,test,0.8571428571428571,0.6882384087009283,1.0,0.8484604219479285,348.2756061553955
N9_E10c_T12b,N9,amazon_agg_085,aggregate_cross_paper,train,0.75,0.5997499276175076,1.0,0.7832499758725024,348.2756061553955
N9_E10c_T12b,N9,amazon_agg_086,aggregate_cross_paper,test,0.75,0.9162563316512552,1.0,0.8887521105504184,348.2756061553955
N9_E10c_T12b,N9,amazon_agg_087,aggregate_cross_paper,test,0.6,0.8455868941701526,1.0,0.8151956313900509,348.2756061553955
N9_E10c_T12b,N9,amazon_agg_088,aggregate_cross_paper,train,0.5,0.6976919778927814,0.75,0.6492306592975937,348.2756061553955
N9_E10c_T12b,N9,amazon_agg_089,aggregate_cross_paper,test,0.4,0.6122204237768686,0.5,0.5040734745922896,348.2756061553955
N9_E10c_T12b,N9,amazon_agg_090,aggregate_cross_paper,train,0.6,0.7851805554265975,1.0,0.7950601851421991,348.2756061553955
N9_E10c_T12b,N9,amazon_agg_091,aggregate_cross_paper,test,0.75,0.5517301625324851,0.75,0.6839100541774951,348.2756061553955
N9_E10c_T12b,N9,amazon_agg_092,aggregate_cross_paper,test,0.5714285714285714,0.8255499888781067,1.0,0.7989928534355594,348.2756061553955
N9_E10c_T12b,N9,amazon_agg_093,aggregate_cross_paper,train,0.625,0.5535332445148348,1.0,0.7261777481716116,348.2756061553955
N9_E10c_T12b,N9,amazon_agg_094,aggregate_cross_paper,test,0.5,0.7752987213854491,1.0,0.758432907128483,348.2756061553955
N9_E10c_T12b,N9,amazon_agg_095,aggregate_cross_paper,train,0.5555555555555556,0.6744297923461342,0.0,0.40999511596722993,348.2756061553955
N9_E10c_T12b,N9,amazon_agg_096,aggregate_cross_paper,train,0.7142857142857143,0.4844264165754774,1.0,0.7329040436203972,348.2756061553955
N9_E10c_T12b,N9,amazon_agg_097,aggregate_cross_paper,test,0.5,0.7393553562112434,1.0,0.7464517854037478,348.2756061553955
N9_E10c_T12b,N9,amazon_agg_098,aggregate_cross_paper,test,0.6666666666666666,0.5226408454477277,1.0,0.7297691707047981,348.2756061553955
N9_E10c_T12b,N9,amazon_agg_099,aggregate_cross_paper,test,0.4,0.37868381208229307,0.5,0.4262279373607643,348.2756061553955
N9_E10c_T12b,N9,amazon_edge_034,edge_multihop,test,0.8333333333333334,0.8032394933835753,0.0,0.5455242755723029,348.2756061553955
N9_E10c_T12b,N9,amazon_edge_035,edge_multihop,test,0.625,0.7578247957030724,0.0,0.4609415985676908,348.2756061553955
N9_E10c_T12b,N9,amazon_edge_036,edge_multihop,test,1.0,0.8752554826504668,0.75,0.875085160883489,348.2756061553955
N9_E10c_T12b,N9,amazon_edge_037,edge_multihop,train,1.0,0.0,0.0,0.3333333333333333,348.2756061553955
N9_E10c_T12b,N9,amazon_edge_038,edge_multihop,test,0.8333333333333334,0.8848907851761102,1.0,0.9060747061698144,348.2756061553955
N9_E10c_T12b,N9,amazon_edge_039,edge_multihop,train,0.8333333333333334,0.0,0.0,0.2777777777777778,348.2756061553955
N9_E10c_T12b,N9,amazon_edge_040,edge_multihop,test,1.0,0.0,0.0,0.3333333333333333,348.2756061553955
N9_E10c_T12b,N9,amazon_edge_041,edge_multihop,test,0.75,0.8801756895844707,0.0,0.5433918965281569,348.2756061553955
N9_E10c_T12b,N9,amazon_edge_042,edge_multihop,test,0.6666666666666666,0.8761131545188228,0.0,0.5142599403951631,348.2756061553955
N9_E10c_T12b,N9,amazon_edge_043,edge_multihop,test,1.0,0.8928419844072266,0.5,0.7976139948024089,348.2756061553955
N9_E10c_T12b,N9,amazon_edge_044,edge_multihop,test,1.0,0.8614324700092948,0.5,0.7871441566697649,348.2756061553955
N9_E10c_T12b,N9,amazon_edge_045,edge_multihop,train,0.75,0.8630704969674574,0.0,0.5376901656558192,348.2756061553955
N9_E10c_T12b,N9,amazon_edge_046,edge_multihop,test,1.0,0.8145592574970787,0.5,0.7715197524990263,348.2756061553955
N9_E10c_T12b,N9,amazon_edge_047,edge_multihop,test,1.0,0.0,0.0,0.3333333333333333,348.2756061553955
N9_E10c_T12b,N9,amazon_edge_048,edge_multihop,train,1.0,0.0,0.0,0.3333333333333333,348.2756061553955
N9_E10c_T12b,N9,amazon_edge_049,edge_multihop,train,1.0,0.8154254416286663,0.0,0.6051418138762221,348.2756061553955
N9_E10c_T12b,N9,amazon_edge_050,edge_multihop,test,1.0,0.9092360570501001,0.0,0.6364120190167001,348.2756061553955
N9_E10c_T12b,N9,amazon_edge_051,edge_multihop,test,1.0,0.0,0.0,0.3333333333333333,348.2756061553955
N9_E10c_T12b,N9,amazon_edge_052,edge_multihop,train,0.5,0.0,0.0,0.16666666666666666,348.2756061553955
N9_E10c_T12b,N9,amazon_edge_053,edge_multihop,train,0.6666666666666666,0.856950099410385,0.75,0.7578722553590173,348.2756061553955
N9_E10c_T12b,N9,amazon_edge_054,edge_multihop,train,1.0,0.0,0.0,0.3333333333333333,348.2756061553955
N9_E10c_T12b,N9,amazon_edge_055,edge_multihop,train,1.0,0.0,0.75,0.5833333333333334,348.2756061553955
N9_E10c_T12b,N9,amazon_edge_056,edge_multihop,train,1.0,0.0,0.0,0.3333333333333333,348.2756061553955
N9_E10c_T12b,N9,amazon_edge_057,edge_multihop,train,1.0,0.7982222336114618,0.5,0.7660740778704872,348.2756061553955
N9_E10c_T12b,N9,amazon_edge_058,edge_multihop,train,0.625,0.898191715500901,0.75,0.7577305718336337,348.2756061553955
N9_E10c_T12b,N9,amazon_edge_059,edge_multihop,train,0.6666666666666666,0.0,1.0,0.5555555555555555,348.2756061553955
N9_E10c_T12b,N9,amazon_edge_060,edge_multihop,train,1.0,0.0,0.0,0.3333333333333333,348.2756061553955
N9_E10c_T12b,N9,amazon_edge_061,edge_multihop,test,0.8333333333333334,0.8083964392700972,0.5,0.7139099242011436,348.2756061553955
N9_E10c_T12b,N9,amazon_edge_062,edge_multihop,test,1.0,0.0,0.0,0.3333333333333333,348.2756061553955
N9_E10c_T12b,N9,amazon_edge_063,edge_multihop,train,0.5,0.0,0.0,0.16666666666666666,348.2756061553955
N9_E10c_T12b,N9,amazon_edge_064,edge_multihop,test,1.0,0.8962077161149494,1.0,0.9654025720383165,348.2756061553955
N9_E10c_T12b,N9,amazon_edge_065,edge_multihop,train,0.6,0.0,0.5,0.3666666666666667,348.2756061553955
N9_E10c_T12b,N9,amazon_edge_066,edge_multihop,train,1.0,0.7876964656236419,0.75,0.8458988218745472,348.2756061553955
N9_E10c_T12b,N9,amazon_edge_067,edge_multihop,train,1.0,0.0,0.0,0.3333333333333333,348.2756061553955
N9_E10c_T12b,N9,amazon_edge_068,edge_multihop,test,1.0,0.0,0.5,0.5,348.2756061553955
N9_E10c_T12b,N9,amazon_edge_069,edge_multihop,test,0.5,0.9235518945714991,0.0,0.4745172981904997,348.2756061553955
N9_E10c_T12b,N9,amazon_edge_070,edge_multihop,test,1.0,0.8997383622437395,0.5,0.7999127874145798,348.2756061553955
N9_E10c_T12b,N9,amazon_edge_071,edge_multihop,test,1.0,0.887753581544325,0.0,0.6292511938481083,348.2756061553955
N9_E10c_T12b,N9,amazon_edge_072,edge_multihop,test,0.6666666666666666,0.9058789476875155,0.75,0.774181871451394,348.2756061553955
N9_E10c_T12b,N9,amazon_edge_073,edge_multihop,train,1.0,0.0,0.0,0.3333333333333333,348.2756061553955
N9_E10c_T12b,N9,amazon_edge_074,edge_multihop,train,0.8571428571428571,0.8681706844389082,0.5,0.741771180527255,348.2756061553955
N9_E10c_T12b,N9,amazon_edge_075,edge_multihop,train,1.0,0.8804984663962644,0.0,0.6268328221320881,348.2756061553955
N9_E10c_T12b,N9,amazon_edge_076,edge_multihop,train,1.0,0.0,0.0,0.3333333333333333,348.2756061553955
N9_E10c_T12b,N9,amazon_edge_077,edge_multihop,test,0.25,0.8872457066494254,0.0,0.3790819022164751,348.2756061553955
N9_E10c_T12b,N9,amazon_edge_078,edge_multihop,train,0.8333333333333334,0.0,0.0,0.2777777777777778,348.2756061553955
N9_E10c_T12b,N9,amazon_edge_079,edge_multihop,train,0.8,0.9401518164348764,0.25,0.6633839388116255,348.2756061553955
N9_E10c_T12b,N9,amazon_edge_080,edge_multihop,test,1.0,0.0,0.5,0.5,348.2756061553955
N9_E10c_T12b,N9,amazon_edge_081,edge_multihop,train,0.75,0.0,0.0,0.25,348.2756061553955
N9_E10c_T12b,N9,amazon_edge_082,edge_multihop,train,1.0,0.8843082320456725,0.5,0.7947694106818908,348.2756061553955
N9_E10c_T12b,N9,amazon_edge_083,edge_multihop,train,1.0,0.0,0.0,0.3333333333333333,348.2756061553955
N9_E10c_T12b,N9,amazon_edge_084,edge_multihop,test,1.0,0.8855537368883795,1.0,0.9618512456294598,348.2756061553955
N9_E10c_T12b,N9,amazon_edge_085,edge_multihop,train,0.8181818181818182,0.8709345227016183,0.0,0.5630387802944788,348.2756061553955
N9_E10c_T12b,N9,amazon_edge_086,edge_multihop,train,0.8,0.8806026403692776,0.25,0.6435342134564258,348.2756061553955
N9_E10c_T12b,N9,amazon_edge_087,edge_multihop,train,0.4,0.9051452075897953,1.0,0.7683817358632652,348.2756061553955
N9_E10c_T12b,N9,amazon_edge_088,edge_multihop,train,1.0,0.864356409301545,0.5,0.788118803100515,348.2756061553955
N9_E10c_T12b,N9,amazon_edge_089,edge_multihop,train,0.8571428571428571,0.8144111015656756,0.5,0.723851319569511,348.2756061553955
N9_E10c_T12b,N9,amazon_edge_090,edge_multihop,train,0.7692307692307693,0.8617185554388489,0.0,0.5436497748898727,348.2756061553955
N9_E10c_T12b,N9,amazon_edge_091,edge_multihop,test,1.0,0.0,0.0,0.3333333333333333,348.2756061553955
N9_E10c_T12b,N9,amazon_edge_092,edge_multihop,test,1.0,0.0,0.0,0.3333333333333333,348.2756061553955
N9_E10c_T12b,N9,amazon_edge_093,edge_multihop,train,1.0,0.8760180685361505,0.0,0.6253393561787168,348.2756061553955
N9_E10c_T12b,N9,amazon_edge_094,edge_multihop,test,1.0,0.7829710885721971,0.0,0.5943236961907323,348.2756061553955
N9_E10c_T12b,N9,amazon_edge_095,edge_multihop,test,1.0,0.8602013189400354,0.25,0.7034004396466784,348.2756061553955
N9_E10c_T12b,N9,amazon_edge_096,edge_multihop,test,1.0,0.0,0.0,0.3333333333333333,348.2756061553955
N9_E10c_T12b,N9,amazon_edge_097,edge_multihop,test,1.0,0.0,0.0,0.3333333333333333,348.2756061553955
N9_E10c_T12b,N9,amazon_edge_098,edge_multihop,train,1.0,0.0,0.5,0.5,348.2756061553955
N9_E10c_T12b,N9,amazon_edge_099,edge_multihop,train,1.0,0.0,0.0,0.3333333333333333,348.2756061553955
N9_E10c_T12b,N9,amazon_sh_083,single_specific,train,1.0,0.9999957919142121,1.0,0.9999985973047374,348.2756061553955
N9_E10c_T12b,N9,amazon_sh_084,single_specific,train,1.0,1.0,1.0,1.0,348.2756061553955
N9_E10c_T12b,N9,amazon_sh_085,single_specific,train,0.5,0.0,0.0,0.16666666666666666,348.2756061553955
N9_E10c_T12b,N9,amazon_sh_086,single_specific,train,1.0,0.9600167814645556,0.5,0.8200055938215186,348.2756061553955
N9_E10c_T12b,N9,amazon_sh_087,single_specific,train,0.6666666666666666,0.9305123968062037,1.0,0.8657263544909567,348.2756061553955
N9_E10c_T12b,N9,amazon_sh_088,single_specific,train,1.0,0.9999996215567961,1.0,0.9999998738522654,348.2756061553955
N9_E10c_T12b,N9,amazon_sh_089,single_specific,test,1.0,0.9211089217848676,1.0,0.9737029739282891,348.2756061553955
N9_E10c_T12b,N9,amazon_sh_090,single_specific,test,0.6666666666666666,0.8671273281942449,1.0,0.8445979982869706,348.2756061553955
N9_E10c_T12b,N9,amazon_sh_091,single_specific,test,0.75,0.8720686390880534,1.0,0.8740228796960178,348.2756061553955
N9_E10c_T12b,N9,amazon_sh_092,single_specific,train,0.5,0.8390806277533105,1.0,0.7796935425844369,348.2756061553955
N9_E10c_T12b,N9,amazon_sh_093,single_specific,train,1.0,0.0,0.0,0.3333333333333333,348.2756061553955
N9_E10c_T12b,N9,amazon_sh_094,single_specific,train,1.0,0.0,1.0,0.6666666666666666,348.2756061553955
N9_E10c_T12b,N9,amazon_sh_095,single_specific,test,0.2,0.8212865507378354,0.0,0.34042885024594516,348.2756061553955
N9_E10c_T12b,N9,amazon_sh_096,single_specific,test,1.0,0.9999995977244439,1.0,0.999999865908148,348.2756061553955
N9_E10c_T12b,N9,amazon_sh_097,single_specific,test,0.3333333333333333,0.8431416399660095,1.0,0.7254916577664478,348.2756061553955
N9_E10c_T12b,N9,amazon_sh_098,single_specific,test,1.0,1.0000000000000002,0.75,0.9166666666666666,348.2756061553955
N9_E10c_T12b,N9,amazon_sh_099,single_specific,train,1.0,1.0,1.0,1.0,348.2756061553955
N9_E11a_T12a,N9,amazon_agg_033,aggregate_cross_paper,train,0.3333333333333333,0.8296318021988901,1.0,0.7209883785107412,394.58664989471436
N9_E11a_T12a,N9,amazon_agg_034,aggregate_cross_paper,train,0.7777777777777778,0.6699498027859532,1.0,0.8159091935212436,394.58664989471436
N9_E11a_T12a,N9,amazon_agg_035,aggregate_cross_paper,train,0.75,0.563549320136602,0.0,0.4378497733788673,394.58664989471436
N9_E11a_T12a,N9,amazon_agg_036,aggregate_cross_paper,test,0.0,0.8155548308906613,0.75,0.5218516102968871,394.58664989471436
N9_E11a_T12a,N9,amazon_agg_037,aggregate_cross_paper,test,1.0,0.7904599914129744,1.0,0.9301533304709914,394.58664989471436
N9_E11a_T12a,N9,amazon_agg_038,aggregate_cross_paper,test,0.5714285714285714,0.7189735008069273,0.25,0.5134673574118329,394.58664989471436
N9_E11a_T12a,N9,amazon_agg_039,aggregate_cross_paper,train,0.2857142857142857,0.46978132840429393,1.0,0.5851652047061932,394.58664989471436
N9_E11a_T12a,N9,amazon_agg_040,aggregate_cross_paper,train,1.0,0.40076116156260994,1.0,0.8002537205208698,394.58664989471436
N9_E11a_T12a,N9,amazon_agg_041,aggregate_cross_paper,test,0.5,0.42768379542220836,1.0,0.6425612651407361,394.58664989471436
N9_E11a_T12a,N9,amazon_agg_042,aggregate_cross_paper,train,1.0,0.8573207091259852,1.0,0.9524402363753284,394.58664989471436
N9_E11a_T12a,N9,amazon_agg_043,aggregate_cross_paper,test,0.5,0.8467565249092394,1.0,0.7822521749697464,394.58664989471436
N9_E11a_T12a,N9,amazon_agg_044,aggregate_cross_paper,train,1.0,0.6702743748419554,1.0,0.8900914582806517,394.58664989471436
N9_E11a_T12a,N9,amazon_agg_045,aggregate_cross_paper,train,0.8571428571428571,0.5649304211749443,0.75,0.7240244261059338,394.58664989471436
N9_E11a_T12a,N9,amazon_agg_046,aggregate_cross_paper,test,0.875,0.467962223675749,1.0,0.7809874078919163,394.58664989471436
N9_E11a_T12a,N9,amazon_agg_047,aggregate_cross_paper,train,0.5,0.7912955008910808,1.0,0.7637651669636937,394.58664989471436
N9_E11a_T12a,N9,amazon_agg_048,aggregate_cross_paper,test,0.8,0.6812385713924108,1.0,0.8270795237974703,394.58664989471436
N9_E11a_T12a,N9,amazon_agg_049,aggregate_cross_paper,train,0.8,0.7147246282446554,1.0,0.8382415427482185,394.58664989471436
N9_E11a_T12a,N9,amazon_agg_050,aggregate_cross_paper,test,1.0,0.810704473381838,1.0,0.9369014911272794,394.58664989471436
N9_E11a_T12a,N9,amazon_agg_051,aggregate_cross_paper,test,1.0,0.543665390335791,1.0,0.8478884634452637,394.58664989471436
N9_E11a_T12a,N9,amazon_agg_052,aggregate_cross_paper,test,0.8,0.8168745091544368,1.0,0.872291503051479,394.58664989471436
N9_E11a_T12a,N9,amazon_agg_053,aggregate_cross_paper,train,1.0,0.563549500720722,1.0,0.8545165002402406,394.58664989471436
N9_E11a_T12a,N9,amazon_agg_054,aggregate_cross_paper,test,0.7777777777777778,0.4715765140198476,1.0,0.7497847639325418,394.58664989471436
N9_E11a_T12a,N9,amazon_agg_055,aggregate_cross_paper,train,0.8,0.7012008987588781,1.0,0.8337336329196261,394.58664989471436
N9_E11a_T12a,N9,amazon_agg_056,aggregate_cross_paper,test,0.6666666666666666,0.7954562498847496,1.0,0.820707638850472,394.58664989471436
N9_E11a_T12a,N9,amazon_agg_057,aggregate_cross_paper,test,1.0,0.9107498239291794,1.0,0.9702499413097264,394.58664989471436
N9_E11a_T12a,N9,amazon_agg_058,aggregate_cross_paper,test,1.0,0.5884932766255598,1.0,0.86283109220852,394.58664989471436
N9_E11a_T12a,N9,amazon_agg_059,aggregate_cross_paper,test,1.0,0.549278866009918,1.0,0.849759622003306,394.58664989471436
N9_E11a_T12a,N9,amazon_agg_060,aggregate_cross_paper,test,1.0,0.5535545298475494,1.0,0.8511848432825165,394.58664989471436
N9_E11a_T12a,N9,amazon_agg_061,aggregate_cross_paper,test,0.6,0.7712788328573343,1.0,0.7904262776191114,394.58664989471436
N9_E11a_T12a,N9,amazon_agg_062,aggregate_cross_paper,train,0.6666666666666666,0.8354842252608543,1.0,0.8340502973091737,394.58664989471436
N9_E11a_T12a,N9,amazon_agg_063,aggregate_cross_paper,test,0.8,0.7747311371259261,1.0,0.8582437123753087,394.58664989471436
N9_E11a_T12a,N9,amazon_agg_064,aggregate_cross_paper,test,0.8,0.8090563773848746,1.0,0.8696854591282915,394.58664989471436
N9_E11a_T12a,N9,amazon_agg_065,aggregate_cross_paper,train,1.0,0.5144374206558444,1.0,0.8381458068852815,394.58664989471436
N9_E11a_T12a,N9,amazon_agg_066,aggregate_cross_paper,train,1.0,0.46409264485008567,1.0,0.8213642149500285,394.58664989471436
N9_E11a_T12a,N9,amazon_agg_067,aggregate_cross_paper,test,0.2,0.6926325026554868,1.0,0.6308775008851623,394.58664989471436
N9_E11a_T12a,N9,amazon_agg_068,aggregate_cross_paper,test,0.6,0.4187528137689585,1.0,0.6729176045896529,394.58664989471436
N9_E11a_T12a,N9,amazon_agg_069,aggregate_cross_paper,train,0.4,0.6059824712971893,1.0,0.6686608237657298,394.58664989471436
N9_E11a_T12a,N9,amazon_agg_070,aggregate_cross_paper,train,1.0,0.6728450703948571,1.0,0.8909483567982858,394.58664989471436
N9_E11a_T12a,N9,amazon_agg_071,aggregate_cross_paper,test,0.4,0.7678009216638565,1.0,0.7226003072212855,394.58664989471436
N9_E11a_T12a,N9,amazon_agg_072,aggregate_cross_paper,train,0.5,0.684761229186219,1.0,0.7282537430620729,394.58664989471436
N9_E11a_T12a,N9,amazon_agg_073,aggregate_cross_paper,train,0.6,0.0,1.0,0.5333333333333333,394.58664989471436
N9_E11a_T12a,N9,amazon_agg_074,aggregate_cross_paper,test,1.0,0.6658004172937945,0.5,0.7219334724312648,394.58664989471436
N9_E11a_T12a,N9,amazon_agg_075,aggregate_cross_paper,test,0.6666666666666666,0.6831709073719958,1.0,0.7832791913462208,394.58664989471436
N9_E11a_T12a,N9,amazon_agg_076,aggregate_cross_paper,train,0.5,0.7678134843925323,1.0,0.7559378281308441,394.58664989471436
N9_E11a_T12a,N9,amazon_agg_077,aggregate_cross_paper,train,0.8,0.4494162043504853,1.0,0.7498054014501617,394.58664989471436
N9_E11a_T12a,N9,amazon_agg_078,aggregate_cross_paper,test,0.75,0.5154516403519499,1.0,0.7551505467839833,394.58664989471436
N9_E11a_T12a,N9,amazon_agg_079,aggregate_cross_paper,test,0.7142857142857143,0.7964523679806214,1.0,0.8369126940887787,394.58664989471436
N9_E11a_T12a,N9,amazon_agg_080,aggregate_cross_paper,train,1.0,0.8280945888310592,1.0,0.9426981962770197,394.58664989471436
N9_E11a_T12a,N9,amazon_agg_081,aggregate_cross_paper,train,0.625,0.7825704981393258,1.0,0.8025234993797753,394.58664989471436
N9_E11a_T12a,N9,amazon_agg_082,aggregate_cross_paper,test,0.6666666666666666,0.0,0.0,0.2222222222222222,394.58664989471436
N9_E11a_T12a,N9,amazon_agg_083,aggregate_cross_paper,train,1.0,0.8303768794290509,1.0,0.9434589598096835,394.58664989471436
N9_E11a_T12a,N9,amazon_agg_084,aggregate_cross_paper,test,0.6,0.6456904842119066,1.0,0.7485634947373022,394.58664989471436
N9_E11a_T12a,N9,amazon_agg_085,aggregate_cross_paper,train,0.75,0.7941171137970678,1.0,0.8480390379323559,394.58664989471436
N9_E11a_T12a,N9,amazon_agg_086,aggregate_cross_paper,test,0.5,0.7038864178700954,1.0,0.7346288059566985,394.58664989471436
N9_E11a_T12a,N9,amazon_agg_087,aggregate_cross_paper,test,0.6,0.6034882983405737,1.0,0.7344960994468579,394.58664989471436
N9_E11a_T12a,N9,amazon_agg_088,aggregate_cross_paper,train,0.625,0.5498415277133321,1.0,0.724947175904444,394.58664989471436
N9_E11a_T12a,N9,amazon_agg_089,aggregate_cross_paper,test,0.5,0.6122673415204939,0.5,0.537422447173498,394.58664989471436
N9_E11a_T12a,N9,amazon_agg_090,aggregate_cross_paper,train,0.75,0.8432894131976806,1.0,0.8644298043992268,394.58664989471436
N9_E11a_T12a,N9,amazon_agg_091,aggregate_cross_paper,test,0.75,0.5319338284658278,0.5,0.5939779428219426,394.58664989471436
N9_E11a_T12a,N9,amazon_agg_092,aggregate_cross_paper,test,0.8333333333333334,0.7605822417160387,1.0,0.8646385250164573,394.58664989471436
N9_E11a_T12a,N9,amazon_agg_093,aggregate_cross_paper,train,0.6666666666666666,0.45968490275321705,1.0,0.7087838564732946,394.58664989471436
N9_E11a_T12a,N9,amazon_agg_094,aggregate_cross_paper,test,0.6,0.8347402097529069,1.0,0.8115800699176355,394.58664989471436
N9_E11a_T12a,N9,amazon_agg_095,aggregate_cross_paper,train,0.6666666666666666,0.5474411796434294,0.5,0.5713692821033654,394.58664989471436
N9_E11a_T12a,N9,amazon_agg_096,aggregate_cross_paper,train,0.42857142857142855,0.617950128636696,1.0,0.6821738524027081,394.58664989471436
N9_E11a_T12a,N9,amazon_agg_097,aggregate_cross_paper,test,0.8,0.5888005558334882,1.0,0.7962668519444961,394.58664989471436
N9_E11a_T12a,N9,amazon_agg_098,aggregate_cross_paper,test,0.5,0.4902024697809877,1.0,0.6634008232603292,394.58664989471436
N9_E11a_T12a,N9,amazon_agg_099,aggregate_cross_paper,test,0.8,0.5947919711153876,0.5,0.6315973237051292,394.58664989471436
N9_E11a_T12a,N9,amazon_edge_034,edge_multihop,test,1.0,0.0,0.0,0.3333333333333333,394.58664989471436
N9_E11a_T12a,N9,amazon_edge_035,edge_multihop,test,1.0,0.0,0.0,0.3333333333333333,394.58664989471436
N9_E11a_T12a,N9,amazon_edge_036,edge_multihop,test,1.0,0.0,0.75,0.5833333333333334,394.58664989471436
N9_E11a_T12a,N9,amazon_edge_037,edge_multihop,train,1.0,0.0,0.0,0.3333333333333333,394.58664989471436
N9_E11a_T12a,N9,amazon_edge_038,edge_multihop,test,1.0,0.8510598448771708,0.25,0.7003532816257235,394.58664989471436
N9_E11a_T12a,N9,amazon_edge_039,edge_multihop,train,1.0,0.0,0.0,0.3333333333333333,394.58664989471436
N9_E11a_T12a,N9,amazon_edge_040,edge_multihop,test,1.0,0.0,0.0,0.3333333333333333,394.58664989471436
N9_E11a_T12a,N9,amazon_edge_041,edge_multihop,test,1.0,0.0,0.0,0.3333333333333333,394.58664989471436
N9_E11a_T12a,N9,amazon_edge_042,edge_multihop,test,0.8333333333333334,0.8673021275557412,1.0,0.9002118202963582,394.58664989471436
N9_E11a_T12a,N9,amazon_edge_043,edge_multihop,test,1.0,0.0,0.25,0.4166666666666667,394.58664989471436
N9_E11a_T12a,N9,amazon_edge_044,edge_multihop,test,0.8888888888888888,0.9062980742271677,1.0,0.9317289877053522,394.58664989471436
N9_E11a_T12a,N9,amazon_edge_045,edge_multihop,train,1.0,0.7923671820455841,0.75,0.847455727348528,394.58664989471436
N9_E11a_T12a,N9,amazon_edge_046,edge_multihop,test,1.0,0.0,0.0,0.3333333333333333,394.58664989471436
N9_E11a_T12a,N9,amazon_edge_047,edge_multihop,test,1.0,0.0,1.0,0.6666666666666666,394.58664989471436
N9_E11a_T12a,N9,amazon_edge_048,edge_multihop,train,0.2,0.7090255075549994,0.0,0.3030085025183331,394.58664989471436
N9_E11a_T12a,N9,amazon_edge_049,edge_multihop,train,0.75,0.8467402326890354,0.25,0.6155800775630118,394.58664989471436
N9_E11a_T12a,N9,amazon_edge_050,edge_multihop,test,1.0,0.8192040334984538,0.5,0.7730680111661513,394.58664989471436
N9_E11a_T12a,N9,amazon_edge_051,edge_multihop,test,0.5,0.0,0.0,0.16666666666666666,394.58664989471436
N9_E11a_T12a,N9,amazon_edge_052,edge_multihop,train,1.0,0.0,1.0,0.6666666666666666,394.58664989471436
N9_E11a_T12a,N9,amazon_edge_053,edge_multihop,train,0.6,0.887939466028513,1.0,0.8293131553428377,394.58664989471436
N9_E11a_T12a,N9,amazon_edge_054,edge_multihop,train,1.0,0.8414333290315408,1.0,0.9471444430105137,394.58664989471436
N9_E11a_T12a,N9,amazon_edge_055,edge_multihop,train,0.75,0.8303140095446561,0.25,0.6101046698482188,394.58664989471436
N9_E11a_T12a,N9,amazon_edge_056,edge_multihop,train,0.6666666666666666,0.0,0.0,0.2222222222222222,394.58664989471436
N9_E11a_T12a,N9,amazon_edge_057,edge_multihop,train,0.8,0.8183647204101926,1.0,0.8727882401367308,394.58664989471436
N9_E11a_T12a,N9,amazon_edge_058,edge_multihop,train,0.5,0.8740025699516988,0.5,0.6246675233172329,394.58664989471436
N9_E11a_T12a,N9,amazon_edge_059,edge_multihop,train,1.0,0.0,0.75,0.5833333333333334,394.58664989471436
N9_E11a_T12a,N9,amazon_edge_060,edge_multihop,train,1.0,0.8163232060485139,0.0,0.605441068682838,394.58664989471436
N9_E11a_T12a,N9,amazon_edge_061,edge_multihop,test,0.5,0.0,0.0,0.16666666666666666,394.58664989471436
N9_E11a_T12a,N9,amazon_edge_062,edge_multihop,test,1.0,0.0,0.0,0.3333333333333333,394.58664989471436
N9_E11a_T12a,N9,amazon_edge_063,edge_multihop,train,0.8333333333333334,0.8755840432680011,0.5,0.7363057922004449,394.58664989471436
N9_E11a_T12a,N9,amazon_edge_064,edge_multihop,test,1.0,0.9002496457442879,1.0,0.9667498819147626,394.58664989471436
N9_E11a_T12a,N9,amazon_edge_065,edge_multihop,train,1.0,0.0,0.5,0.5,394.58664989471436
N9_E11a_T12a,N9,amazon_edge_066,edge_multihop,train,0.6666666666666666,0.0,0.0,0.2222222222222222,394.58664989471436
N9_E11a_T12a,N9,amazon_edge_067,edge_multihop,train,1.0,0.0,0.0,0.3333333333333333,394.58664989471436
N9_E11a_T12a,N9,amazon_edge_068,edge_multihop,test,1.0,0.0,0.0,0.3333333333333333,394.58664989471436
N9_E11a_T12a,N9,amazon_edge_069,edge_multihop,test,0.4,0.9071060109095193,1.0,0.7690353369698397,394.58664989471436
N9_E11a_T12a,N9,amazon_edge_070,edge_multihop,test,0.8333333333333334,0.0,0.0,0.2777777777777778,394.58664989471436
N9_E11a_T12a,N9,amazon_edge_071,edge_multihop,test,1.0,0.0,0.0,0.3333333333333333,394.58664989471436
N9_E11a_T12a,N9,amazon_edge_072,edge_multihop,test,0.5,0.8894743595079339,1.0,0.7964914531693114,394.58664989471436
N9_E11a_T12a,N9,amazon_edge_073,edge_multihop,train,1.0,0.0,0.0,0.3333333333333333,394.58664989471436
N9_E11a_T12a,N9,amazon_edge_074,edge_multihop,train,0.8571428571428571,0.8308949707551992,0.5,0.7293459426326855,394.58664989471436
N9_E11a_T12a,N9,amazon_edge_075,edge_multihop,train,1.0,0.0,0.5,0.5,394.58664989471436
N9_E11a_T12a,N9,amazon_edge_076,edge_multihop,train,1.0,0.0,0.0,0.3333333333333333,394.58664989471436
N9_E11a_T12a,N9,amazon_edge_077,edge_multihop,test,0.5714285714285714,0.8268421958196803,0.5,0.632756922416084,394.58664989471436
N9_E11a_T12a,N9,amazon_edge_078,edge_multihop,train,0.8,0.0,0.25,0.35000000000000003,394.58664989471436
N9_E11a_T12a,N9,amazon_edge_079,edge_multihop,train,1.0,0.0,0.0,0.3333333333333333,394.58664989471436
N9_E11a_T12a,N9,amazon_edge_080,edge_multihop,test,1.0,0.0,0.75,0.5833333333333334,394.58664989471436
N9_E11a_T12a,N9,amazon_edge_081,edge_multihop,train,0.3333333333333333,0.8298323786442344,0.5,0.5543885706591892,394.58664989471436
N9_E11a_T12a,N9,amazon_edge_082,edge_multihop,train,1.0,0.8823404544996034,0.5,0.7941134848332011,394.58664989471436
N9_E11a_T12a,N9,amazon_edge_083,edge_multihop,train,0.6666666666666666,0.0,0.0,0.2222222222222222,394.58664989471436
N9_E11a_T12a,N9,amazon_edge_084,edge_multihop,test,1.0,0.8983751027154672,1.0,0.9661250342384889,394.58664989471436
N9_E11a_T12a,N9,amazon_edge_085,edge_multihop,train,1.0,0.0,0.75,0.5833333333333334,394.58664989471436
N9_E11a_T12a,N9,amazon_edge_086,edge_multihop,train,0.8,0.859385071794255,0.75,0.8031283572647517,394.58664989471436
N9_E11a_T12a,N9,amazon_edge_087,edge_multihop,train,0.75,0.7783524413596048,1.0,0.8427841471198683,394.58664989471436
N9_E11a_T12a,N9,amazon_edge_088,edge_multihop,train,1.0,0.8601043262837645,0.5,0.7867014420945883,394.58664989471436
N9_E11a_T12a,N9,amazon_edge_089,edge_multihop,train,0.75,0.7957999692542863,0.5,0.6819333230847621,394.58664989471436
N9_E11a_T12a,N9,amazon_edge_090,edge_multihop,train,0.6666666666666666,0.0,0.0,0.2222222222222222,394.58664989471436
N9_E11a_T12a,N9,amazon_edge_091,edge_multihop,test,1.0,0.0,0.0,0.3333333333333333,394.58664989471436
N9_E11a_T12a,N9,amazon_edge_092,edge_multihop,test,1.0,0.0,0.0,0.3333333333333333,394.58664989471436
N9_E11a_T12a,N9,amazon_edge_093,edge_multihop,train,1.0,0.8628731166993138,0.5,0.7876243722331046,394.58664989471436
N9_E11a_T12a,N9,amazon_edge_094,edge_multihop,test,1.0,0.0,1.0,0.6666666666666666,394.58664989471436
N9_E11a_T12a,N9,amazon_edge_095,edge_multihop,test,1.0,0.0,0.5,0.5,394.58664989471436
N9_E11a_T12a,N9,amazon_edge_096,edge_multihop,test,1.0,0.0,0.0,0.3333333333333333,394.58664989471436
N9_E11a_T12a,N9,amazon_edge_097,edge_multihop,test,1.0,0.0,1.0,0.6666666666666666,394.58664989471436
N9_E11a_T12a,N9,amazon_edge_098,edge_multihop,train,0.8571428571428571,0.8713286672799428,0.5,0.7428238414742667,394.58664989471436
N9_E11a_T12a,N9,amazon_edge_099,edge_multihop,train,1.0,0.0,0.0,0.3333333333333333,394.58664989471436
N9_E11a_T12a,N9,amazon_sh_083,single_specific,train,0.6666666666666666,0.9999958625189894,1.0,0.8888875097285519,394.58664989471436
N9_E11a_T12a,N9,amazon_sh_084,single_specific,train,1.0,0.9999996560017003,1.0,0.9999998853339002,394.58664989471436
N9_E11a_T12a,N9,amazon_sh_085,single_specific,train,1.0,0.9606092135649005,1.0,0.9868697378549669,394.58664989471436
N9_E11a_T12a,N9,amazon_sh_086,single_specific,train,1.0,0.9600547748633476,0.75,0.9033515916211159,394.58664989471436
N9_E11a_T12a,N9,amazon_sh_087,single_specific,train,1.0,0.9305251281195863,1.0,0.9768417093731955,394.58664989471436
N9_E11a_T12a,N9,amazon_sh_088,single_specific,train,1.0,1.0,1.0,1.0,394.58664989471436
N9_E11a_T12a,N9,amazon_sh_089,single_specific,test,1.0,0.9211081422086016,1.0,0.9737027140695339,394.58664989471436
N9_E11a_T12a,N9,amazon_sh_090,single_specific,test,1.0,0.8844289446461552,1.0,0.9614763148820518,394.58664989471436
N9_E11a_T12a,N9,amazon_sh_091,single_specific,test,0.8,0.8862326877032993,1.0,0.8954108959010997,394.58664989471436
N9_E11a_T12a,N9,amazon_sh_092,single_specific,train,0.0,0.8857805062609131,0.25,0.37859350208697107,394.58664989471436
N9_E11a_T12a,N9,amazon_sh_093,single_specific,train,1.0,0.7703854333773744,1.0,0.9234618111257915,394.58664989471436
N9_E11a_T12a,N9,amazon_sh_094,single_specific,train,1.0,0.0,0.75,0.5833333333333334,394.58664989471436
N9_E11a_T12a,N9,amazon_sh_095,single_specific,test,1.0,0.8256978799253604,1.0,0.9418992933084535,394.58664989471436
N9_E11a_T12a,N9,amazon_sh_096,single_specific,test,0.8571428571428571,0.7769350587480464,1.0,0.8780259719636345,394.58664989471436
N9_E11a_T12a,N9,amazon_sh_097,single_specific,test,0.6666666666666666,0.0,1.0,0.5555555555555555,394.58664989471436
N9_E11a_T12a,N9,amazon_sh_098,single_specific,test,1.0,0.999999666360293,1.0,0.9999998887867644,394.58664989471436
N9_E11a_T12a,N9,amazon_sh_099,single_specific,train,1.0,1.0,1.0,1.0,394.58664989471436
N9_E11a_T12b,N9,amazon_agg_033,aggregate_cross_paper,train,0.14285714285714285,0.8296318021988901,1.0,0.6574963150186777,358.85785698890686
N9_E11a_T12b,N9,amazon_agg_034,aggregate_cross_paper,train,0.7777777777777778,0.6699498027859532,1.0,0.8159091935212436,358.85785698890686
N9_E11a_T12b,N9,amazon_agg_035,aggregate_cross_paper,train,0.75,0.563572770557572,0.0,0.4378575901858574,358.85785698890686
N9_E11a_T12b,N9,amazon_agg_036,aggregate_cross_paper,test,0.0,0.8155160328249736,0.75,0.5218386776083245,358.85785698890686
N9_E11a_T12b,N9,amazon_agg_037,aggregate_cross_paper,test,0.5833333333333334,0.790460919203628,1.0,0.7912647508456537,358.85785698890686
N9_E11a_T12b,N9,amazon_agg_038,aggregate_cross_paper,test,0.6666666666666666,0.7189735008069272,0.25,0.5452133891578647,358.85785698890686
N9_E11a_T12b,N9,amazon_agg_039,aggregate_cross_paper,train,0.8,0.48270401859842005,1.0,0.7609013395328067,358.85785698890686
N9_E11a_T12b,N9,amazon_agg_040,aggregate_cross_paper,train,0.75,0.4007687747956009,1.0,0.7169229249318669,358.85785698890686
N9_E11a_T12b,N9,amazon_agg_041,aggregate_cross_paper,test,0.5,0.42635827817337085,1.0,0.6421194260577903,358.85785698890686
N9_E11a_T12b,N9,amazon_agg_042,aggregate_cross_paper,train,1.0,0.8573242059610203,1.0,0.9524414019870068,358.85785698890686
N9_E11a_T12b,N9,amazon_agg_043,aggregate_cross_paper,test,0.5,0.8534756626998744,1.0,0.7844918875666248,358.85785698890686
N9_E11a_T12b,N9,amazon_agg_044,aggregate_cross_paper,train,1.0,0.6702082841495087,1.0,0.8900694280498364,358.85785698890686
N9_E11a_T12b,N9,amazon_agg_045,aggregate_cross_paper,train,0.8571428571428571,0.6117102364379271,0.75,0.7396176978602614,358.85785698890686
N9_E11a_T12b,N9,amazon_agg_046,aggregate_cross_paper,test,0.8571428571428571,0.4680225853581918,1.0,0.7750551475003497,358.85785698890686
N9_E11a_T12b,N9,amazon_agg_047,aggregate_cross_paper,train,0.5,0.7773848417469164,1.0,0.7591282805823054,358.85785698890686
N9_E11a_T12b,N9,amazon_agg_048,aggregate_cross_paper,test,0.8,0.6508975602562979,1.0,0.8169658534187659,358.85785698890686
N9_E11a_T12b,N9,amazon_agg_049,aggregate_cross_paper,train,0.7142857142857143,0.7284685741089131,1.0,0.8142514294648757,358.85785698890686
N9_E11a_T12b,N9,amazon_agg_050,aggregate_cross_paper,test,1.0,0.8107265306101198,1.0,0.9369088435367066,358.85785698890686
N9_E11a_T12b,N9,amazon_agg_051,aggregate_cross_paper,test,0.8,0.5684658324086013,1.0,0.789488610802867,358.85785698890686
N9_E11a_T12b,N9,amazon_agg_052,aggregate_cross_paper,test,0.8,0.8168745091544368,1.0,0.872291503051479,358.85785698890686
N9_E11a_T12b,N9,amazon_agg_053,aggregate_cross_paper,train,1.0,0.5675493094212648,1.0,0.8558497698070883,358.85785698890686
N9_E11a_T12b,N9,amazon_agg_054,aggregate_cross_paper,test,0.6666666666666666,0.5186045268032108,1.0,0.7284237311566258,358.85785698890686
N9_E11a_T12b,N9,amazon_agg_055,aggregate_cross_paper,train,0.8,0.7012651894488211,1.0,0.833755063149607,358.85785698890686
N9_E11a_T12b,N9,amazon_agg_056,aggregate_cross_paper,test,0.6666666666666666,0.7869206681526298,1.0,0.8178624449397655,358.85785698890686
N9_E11a_T12b,N9,amazon_agg_057,aggregate_cross_paper,test,1.0,0.9105357767430499,1.0,0.9701785922476832,358.85785698890686
N9_E11a_T12b,N9,amazon_agg_058,aggregate_cross_paper,test,1.0,0.5885600106357497,1.0,0.8628533368785832,358.85785698890686
N9_E11a_T12b,N9,amazon_agg_059,aggregate_cross_paper,test,1.0,0.549278866009918,1.0,0.849759622003306,358.85785698890686
N9_E11a_T12b,N9,amazon_agg_060,aggregate_cross_paper,test,1.0,0.5535321722883804,1.0,0.8511773907627935,358.85785698890686
N9_E11a_T12b,N9,amazon_agg_061,aggregate_cross_paper,test,0.8571428571428571,0.6862089588683093,1.0,0.8477839386703888,358.85785698890686
N9_E11a_T12b,N9,amazon_agg_062,aggregate_cross_paper,train,0.6666666666666666,0.7940605320028687,1.0,0.8202423995565118,358.85785698890686
N9_E11a_T12b,N9,amazon_agg_063,aggregate_cross_paper,test,0.6666666666666666,0.8150672447577552,1.0,0.827244637141474,358.85785698890686
N9_E11a_T12b,N9,amazon_agg_064,aggregate_cross_paper,test,0.7142857142857143,0.8047650940622549,1.0,0.8396836027826563,358.85785698890686
N9_E11a_T12b,N9,amazon_agg_065,aggregate_cross_paper,train,1.0,0.5144374206558444,1.0,0.8381458068852815,358.85785698890686
N9_E11a_T12b,N9,amazon_agg_066,aggregate_cross_paper,train,1.0,0.4639770231014725,1.0,0.8213256743671575,358.85785698890686
N9_E11a_T12b,N9,amazon_agg_067,aggregate_cross_paper,test,0.4,0.7065626338472991,1.0,0.7021875446157665,358.85785698890686
N9_E11a_T12b,N9,amazon_agg_068,aggregate_cross_paper,test,0.8,0.398489069536931,1.0,0.7328296898456438,358.85785698890686
N9_E11a_T12b,N9,amazon_agg_069,aggregate_cross_paper,train,0.4,0.6132331289988117,1.0,0.6710777096662706,358.85785698890686
N9_E11a_T12b,N9,amazon_agg_070,aggregate_cross_paper,train,0.75,0.6400483745817044,1.0,0.7966827915272349,358.85785698890686
N9_E11a_T12b,N9,amazon_agg_071,aggregate_cross_paper,test,0.6666666666666666,0.7677847674636084,1.0,0.8114838113767583,358.85785698890686
N9_E11a_T12b,N9,amazon_agg_072,aggregate_cross_paper,train,0.5,0.6743602025683417,1.0,0.7247867341894473,358.85785698890686
N9_E11a_T12b,N9,amazon_agg_073,aggregate_cross_paper,train,1.0,0.0,1.0,0.6666666666666666,358.85785698890686
N9_E11a_T12b,N9,amazon_agg_074,aggregate_cross_paper,test,1.0,0.6658005521424815,0.5,0.7219335173808271,358.85785698890686
N9_E11a_T12b,N9,amazon_agg_075,aggregate_cross_paper,test,0.7777777777777778,0.5497136903719302,1.0,0.7758304893832361,358.85785698890686
N9_E11a_T12b,N9,amazon_agg_076,aggregate_cross_paper,train,0.5,0.7677877927655726,1.0,0.7559292642551908,358.85785698890686
N9_E11a_T12b,N9,amazon_agg_077,aggregate_cross_paper,train,0.8,0.4494162043504853,1.0,0.7498054014501617,358.85785698890686
N9_E11a_T12b,N9,amazon_agg_078,aggregate_cross_paper,test,0.8,0.5232561974264752,1.0,0.7744187324754918,358.85785698890686
N9_E11a_T12b,N9,amazon_agg_079,aggregate_cross_paper,test,0.7142857142857143,0.7964523679806214,1.0,0.8369126940887787,358.85785698890686
N9_E11a_T12b,N9,amazon_agg_080,aggregate_cross_paper,train,1.0,0.8280945888310592,1.0,0.9426981962770197,358.85785698890686
N9_E11a_T12b,N9,amazon_agg_081,aggregate_cross_paper,train,0.75,0.7825704981393258,1.0,0.844190166046442,358.85785698890686
N9_E11a_T12b,N9,amazon_agg_082,aggregate_cross_paper,test,1.0,0.0,0.0,0.3333333333333333,358.85785698890686
N9_E11a_T12b,N9,amazon_agg_083,aggregate_cross_paper,train,1.0,0.8899947942382929,1.0,0.9633315980794309,358.85785698890686
N9_E11a_T12b,N9,amazon_agg_084,aggregate_cross_paper,test,0.5714285714285714,0.6457067226503822,1.0,0.7390450980263178,358.85785698890686
N9_E11a_T12b,N9,amazon_agg_085,aggregate_cross_paper,train,0.75,0.8180283427566994,1.0,0.8560094475855665,358.85785698890686
N9_E11a_T12b,N9,amazon_agg_086,aggregate_cross_paper,test,0.6666666666666666,0.7039145404293935,1.0,0.7901937356986867,358.85785698890686
N9_E11a_T12b,N9,amazon_agg_087,aggregate_cross_paper,test,0.6,0.6035062668260861,1.0,0.7345020889420287,358.85785698890686
N9_E11a_T12b,N9,amazon_agg_088,aggregate_cross_paper,train,0.7142857142857143,0.5498601820792296,1.0,0.7547152987883147,358.85785698890686
N9_E11a_T12b,N9,amazon_agg_089,aggregate_cross_paper,test,0.3333333333333333,0.6122673415204939,0.5,0.48186689161794244,358.85785698890686
N9_E11a_T12b,N9,amazon_agg_090,aggregate_cross_paper,train,0.8,0.8214779710708187,1.0,0.8738259903569396,358.85785698890686
N9_E11a_T12b,N9,amazon_agg_091,aggregate_cross_paper,test,0.75,0.5230607579987053,0.5,0.591020252666235,358.85785698890686
N9_E11a_T12b,N9,amazon_agg_092,aggregate_cross_paper,test,0.8333333333333334,0.6796231486417188,1.0,0.8376521606583508,358.85785698890686
N9_E11a_T12b,N9,amazon_agg_093,aggregate_cross_paper,train,0.6666666666666666,0.4599674447541585,1.0,0.7088780371402751,358.85785698890686
N9_E11a_T12b,N9,amazon_agg_094,aggregate_cross_paper,test,0.6,0.8227685369658239,1.0,0.8075895123219413,358.85785698890686
N9_E11a_T12b,N9,amazon_agg_095,aggregate_cross_paper,train,0.6666666666666666,0.5499569783656781,0.5,0.5722078816774482,358.85785698890686
N9_E11a_T12b,N9,amazon_agg_096,aggregate_cross_paper,train,0.42857142857142855,0.6179435605188046,1.0,0.6821716630300777,358.85785698890686
N9_E11a_T12b,N9,amazon_agg_097,aggregate_cross_paper,test,0.8,0.5870203626535734,1.0,0.7956734542178578,358.85785698890686
N9_E11a_T12b,N9,amazon_agg_098,aggregate_cross_paper,test,0.5,0.4901988668262882,1.0,0.6633996222754294,358.85785698890686
N9_E11a_T12b,N9,amazon_agg_099,aggregate_cross_paper,test,0.8,0.5948319139442513,0.5,0.6316106379814171,358.85785698890686
N9_E11a_T12b,N9,amazon_edge_034,edge_multihop,test,0.5,0.0,0.0,0.16666666666666666,358.85785698890686
N9_E11a_T12b,N9,amazon_edge_035,edge_multihop,test,0.375,0.7848311325150127,0.0,0.38661037750500427,358.85785698890686
N9_E11a_T12b,N9,amazon_edge_036,edge_multihop,test,1.0,0.0,0.75,0.5833333333333334,358.85785698890686
N9_E11a_T12b,N9,amazon_edge_037,edge_multihop,train,1.0,0.0,0.0,0.3333333333333333,358.85785698890686
N9_E11a_T12b,N9,amazon_edge_038,edge_multihop,test,0.8333333333333334,0.8848907851761102,0.25,0.6560747061698146,358.85785698890686
N9_E11a_T12b,N9,amazon_edge_039,edge_multihop,train,1.0,0.0,0.0,0.3333333333333333,358.85785698890686
N9_E11a_T12b,N9,amazon_edge_040,edge_multihop,test,1.0,0.0,0.0,0.3333333333333333,358.85785698890686
N9_E11a_T12b,N9,amazon_edge_041,edge_multihop,test,1.0,0.7058983554972467,0.0,0.5686327851657489,358.85785698890686
N9_E11a_T12b,N9,amazon_edge_042,edge_multihop,test,0.8333333333333334,0.8673021275557412,1.0,0.9002118202963582,358.85785698890686
N9_E11a_T12b,N9,amazon_edge_043,edge_multihop,test,1.0,0.0,0.25,0.4166666666666667,358.85785698890686
N9_E11a_T12b,N9,amazon_edge_044,edge_multihop,test,0.875,0.8797553751735983,1.0,0.9182517917245328,358.85785698890686
N9_E11a_T12b,N9,amazon_edge_045,edge_multihop,train,1.0,0.8103043589296538,0.5,0.7701014529765513,358.85785698890686
N9_E11a_T12b,N9,amazon_edge_046,edge_multihop,test,1.0,0.0,0.0,0.3333333333333333,358.85785698890686
N9_E11a_T12b,N9,amazon_edge_047,edge_multihop,test,0.875,0.0,0.75,0.5416666666666666,358.85785698890686
N9_E11a_T12b,N9,amazon_edge_048,edge_multihop,train,0.2,0.709027075681267,0.0,0.303009025227089,358.85785698890686
N9_E11a_T12b,N9,amazon_edge_049,edge_multihop,train,1.0,0.8467531038492613,0.25,0.6989177012830871,358.85785698890686
N9_E11a_T12b,N9,amazon_edge_050,edge_multihop,test,1.0,0.8837835331970089,0.5,0.7945945110656697,358.85785698890686
N9_E11a_T12b,N9,amazon_edge_051,edge_multihop,test,0.5,0.0,0.0,0.16666666666666666,358.85785698890686
N9_E11a_T12b,N9,amazon_edge_052,edge_multihop,train,0.6666666666666666,0.0,1.0,0.5555555555555555,358.85785698890686
N9_E11a_T12b,N9,amazon_edge_053,edge_multihop,train,0.6,0.7887904330517267,1.0,0.7962634776839089,358.85785698890686
N9_E11a_T12b,N9,amazon_edge_054,edge_multihop,train,0.8,0.8380785780095082,1.0,0.8793595260031695,358.85785698890686
N9_E11a_T12b,N9,amazon_edge_055,edge_multihop,train,0.6,0.8310412901345905,0.25,0.5603470967115302,358.85785698890686
N9_E11a_T12b,N9,amazon_edge_056,edge_multihop,train,0.6666666666666666,0.0,0.0,0.2222222222222222,358.85785698890686
N9_E11a_T12b,N9,amazon_edge_057,edge_multihop,train,1.0,0.7748712380542715,1.0,0.9249570793514238,358.85785698890686
N9_E11a_T12b,N9,amazon_edge_058,edge_multihop,train,0.6,0.8739333280655519,0.5,0.6579777760218506,358.85785698890686
N9_E11a_T12b,N9,amazon_edge_059,edge_multihop,train,0.75,0.0,0.75,0.5,358.85785698890686
N9_E11a_T12b,N9,amazon_edge_060,edge_multihop,train,1.0,0.8163279326873174,0.0,0.6054426442291058,358.85785698890686
N9_E11a_T12b,N9,amazon_edge_061,edge_multihop,test,0.5,0.0,0.0,0.16666666666666666,358.85785698890686
N9_E11a_T12b,N9,amazon_edge_062,edge_multihop,test,1.0,0.0,0.25,0.4166666666666667,358.85785698890686
N9_E11a_T12b,N9,amazon_edge_063,edge_multihop,train,0.8333333333333334,0.8827766070554903,0.5,0.7387033134629412,358.85785698890686
N9_E11a_T12b,N9,amazon_edge_064,edge_multihop,test,1.0,0.9387160751211706,1.0,0.9795720250403902,358.85785698890686
N9_E11a_T12b,N9,amazon_edge_065,edge_multihop,train,1.0,0.0,0.5,0.5,358.85785698890686
N9_E11a_T12b,N9,amazon_edge_066,edge_multihop,train,0.6666666666666666,0.0,0.0,0.2222222222222222,358.85785698890686
N9_E11a_T12b,N9,amazon_edge_067,edge_multihop,train,1.0,0.0,0.0,0.3333333333333333,358.85785698890686
N9_E11a_T12b,N9,amazon_edge_068,edge_multihop,test,1.0,0.0,0.0,0.3333333333333333,358.85785698890686
N9_E11a_T12b,N9,amazon_edge_069,edge_multihop,test,0.4,0.9104887953055437,0.75,0.6868295984351812,358.85785698890686
N9_E11a_T12b,N9,amazon_edge_070,edge_multihop,test,0.6666666666666666,0.0,0.0,0.2222222222222222,358.85785698890686
N9_E11a_T12b,N9,amazon_edge_071,edge_multihop,test,1.0,0.0,0.0,0.3333333333333333,358.85785698890686
N9_E11a_T12b,N9,amazon_edge_072,edge_multihop,test,0.5,0.8760440263198793,1.0,0.7920146754399598,358.85785698890686
N9_E11a_T12b,N9,amazon_edge_073,edge_multihop,train,0.5,0.0,0.0,0.16666666666666666,358.85785698890686
N9_E11a_T12b,N9,amazon_edge_074,edge_multihop,train,0.8,0.8260246264079655,0.5,0.7086748754693218,358.85785698890686
N9_E11a_T12b,N9,amazon_edge_075,edge_multihop,train,1.0,0.0,0.5,0.5,358.85785698890686
N9_E11a_T12b,N9,amazon_edge_076,edge_multihop,train,1.0,0.0,0.0,0.3333333333333333,358.85785698890686
N9_E11a_T12b,N9,amazon_edge_077,edge_multihop,test,0.8,0.8268481293858541,0.5,0.7089493764619513,358.85785698890686
N9_E11a_T12b,N9,amazon_edge_078,edge_multihop,train,0.8,0.0,0.25,0.35000000000000003,358.85785698890686
N9_E11a_T12b,N9,amazon_edge_079,edge_multihop,train,1.0,0.0,0.0,0.3333333333333333,358.85785698890686
N9_E11a_T12b,N9,amazon_edge_080,edge_multihop,test,1.0,0.0,1.0,0.6666666666666666,358.85785698890686
N9_E11a_T12b,N9,amazon_edge_081,edge_multihop,train,0.8333333333333334,0.0,0.5,0.4444444444444445,358.85785698890686
N9_E11a_T12b,N9,amazon_edge_082,edge_multihop,train,1.0,0.8842959035512113,0.5,0.7947653011837371,358.85785698890686
N9_E11a_T12b,N9,amazon_edge_083,edge_multihop,train,0.6666666666666666,0.0,0.0,0.2222222222222222,358.85785698890686
N9_E11a_T12b,N9,amazon_edge_084,edge_multihop,test,1.0,0.8750217947473861,1.0,0.9583405982491287,358.85785698890686
N9_E11a_T12b,N9,amazon_edge_085,edge_multihop,train,1.0,0.0,1.0,0.6666666666666666,358.85785698890686
N9_E11a_T12b,N9,amazon_edge_086,edge_multihop,train,1.0,0.8806134753979237,0.75,0.8768711584659745,358.85785698890686
N9_E11a_T12b,N9,amazon_edge_087,edge_multihop,train,0.75,0.7629086553060455,1.0,0.8376362184353484,358.85785698890686
N9_E11a_T12b,N9,amazon_edge_088,edge_multihop,train,1.0,0.8417829286808837,0.5,0.7805943095602945,358.85785698890686
N9_E11a_T12b,N9,amazon_edge_089,edge_multihop,train,1.0,0.7796628653890232,0.5,0.7598876217963411,358.85785698890686
N9_E11a_T12b,N9,amazon_edge_090,edge_multihop,train,1.0,0.0,0.0,0.3333333333333333,358.85785698890686
N9_E11a_T12b,N9,amazon_edge_091,edge_multihop,test,0.6666666666666666,0.0,0.0,0.2222222222222222,358.85785698890686
N9_E11a_T12b,N9,amazon_edge_092,edge_multihop,test,1.0,0.0,0.0,0.3333333333333333,358.85785698890686
N9_E11a_T12b,N9,amazon_edge_093,edge_multihop,train,1.0,0.8781335043594883,0.5,0.7927111681198294,358.85785698890686
N9_E11a_T12b,N9,amazon_edge_094,edge_multihop,test,1.0,0.0,1.0,0.6666666666666666,358.85785698890686
N9_E11a_T12b,N9,amazon_edge_095,edge_multihop,test,1.0,0.8950255516439579,0.0,0.6316751838813194,358.85785698890686
N9_E11a_T12b,N9,amazon_edge_096,edge_multihop,test,1.0,0.0,0.0,0.3333333333333333,358.85785698890686
N9_E11a_T12b,N9,amazon_edge_097,edge_multihop,test,1.0,0.0,1.0,0.6666666666666666,358.85785698890686
N9_E11a_T12b,N9,amazon_edge_098,edge_multihop,train,1.0,0.0,0.5,0.5,358.85785698890686
N9_E11a_T12b,N9,amazon_edge_099,edge_multihop,train,1.0,0.0,0.0,0.3333333333333333,358.85785698890686
N9_E11a_T12b,N9,amazon_sh_083,single_specific,train,0.6666666666666666,1.0,1.0,0.8888888888888888,358.85785698890686
N9_E11a_T12b,N9,amazon_sh_084,single_specific,train,1.0,1.0,1.0,1.0,358.85785698890686
N9_E11a_T12b,N9,amazon_sh_085,single_specific,train,1.0,0.9605987524155539,1.0,0.9868662508051846,358.85785698890686
N9_E11a_T12b,N9,amazon_sh_086,single_specific,train,1.0,0.9600167814645556,0.75,0.9033389271548519,358.85785698890686
N9_E11a_T12b,N9,amazon_sh_087,single_specific,train,1.0,0.9292183849723251,1.0,0.9764061283241084,358.85785698890686
N9_E11a_T12b,N9,amazon_sh_088,single_specific,train,1.0,1.0,1.0,1.0,358.85785698890686
N9_E11a_T12b,N9,amazon_sh_089,single_specific,test,1.0,0.9210960289640376,1.0,0.9736986763213459,358.85785698890686
N9_E11a_T12b,N9,amazon_sh_090,single_specific,test,1.0,0.8671273281942449,1.0,0.9557091093980817,358.85785698890686
N9_E11a_T12b,N9,amazon_sh_091,single_specific,test,0.8,0.8720686390880534,1.0,0.8906895463626845,358.85785698890686
N9_E11a_T12b,N9,amazon_sh_092,single_specific,train,0.0,0.8857805062609131,0.25,0.37859350208697107,358.85785698890686
N9_E11a_T12b,N9,amazon_sh_093,single_specific,train,1.0,0.7704045999286153,1.0,0.9234681999762051,358.85785698890686
N9_E11a_T12b,N9,amazon_sh_094,single_specific,train,1.0,0.0,0.75,0.5833333333333334,358.85785698890686
N9_E11a_T12b,N9,amazon_sh_095,single_specific,test,0.7142857142857143,0.8256978799253604,1.0,0.8466611980703581,358.85785698890686
N9_E11a_T12b,N9,amazon_sh_096,single_specific,test,1.0,0.7768706993750507,1.0,0.9256235664583503,358.85785698890686
N9_E11a_T12b,N9,amazon_sh_097,single_specific,test,0.6666666666666666,0.0,1.0,0.5555555555555555,358.85785698890686
N9_E11a_T12b,N9,amazon_sh_098,single_specific,test,1.0,0.999999666360293,1.0,0.9999998887867644,358.85785698890686
N9_E11a_T12b,N9,amazon_sh_099,single_specific,train,1.0,0.9897329156549244,1.0,0.9965776385516415,358.85785698890686
N9_E11b_T12a,N9,amazon_agg_033,aggregate_cross_paper,train,0.8888888888888888,0.8296318021988901,0.75,0.8228402303625929,436.22284984588623
N9_E11b_T12a,N9,amazon_agg_034,aggregate_cross_paper,train,0.5,0.6603095041543758,1.0,0.7201031680514586,436.22284984588623
N9_E11b_T12a,N9,amazon_agg_035,aggregate_cross_paper,train,0.75,0.563572770557572,0.0,0.4378575901858574,436.22284984588623
N9_E11b_T12a,N9,amazon_agg_036,aggregate_cross_paper,test,1.0,0.7849718773197907,1.0,0.9283239591065969,436.22284984588623
N9_E11b_T12a,N9,amazon_agg_037,aggregate_cross_paper,test,1.0,0.8109040252083884,1.0,0.9369680084027961,436.22284984588623
N9_E11b_T12a,N9,amazon_agg_038,aggregate_cross_paper,test,0.6666666666666666,0.3839159530485456,0.5,0.516860873238404,436.22284984588623
N9_E11b_T12a,N9,amazon_agg_039,aggregate_cross_paper,train,0.5714285714285714,0.850029625483948,1.0,0.8071527323041732,436.22284984588623
N9_E11b_T12a,N9,amazon_agg_040,aggregate_cross_paper,train,1.0,0.6199494633543636,1.0,0.873316487784788,436.22284984588623
N9_E11b_T12a,N9,amazon_agg_041,aggregate_cross_paper,test,0.3333333333333333,0.42768379542220836,1.0,0.5870057095851805,436.22284984588623
N9_E11b_T12a,N9,amazon_agg_042,aggregate_cross_paper,train,0.625,0.8573247525894088,1.0,0.8274415841964696,436.22284984588623
N9_E11b_T12a,N9,amazon_agg_043,aggregate_cross_paper,test,0.6666666666666666,0.8180052763735294,1.0,0.8282239810133986,436.22284984588623
N9_E11b_T12a,N9,amazon_agg_044,aggregate_cross_paper,train,0.42857142857142855,0.7878513637853192,1.0,0.7388075974522493,436.22284984588623
N9_E11b_T12a,N9,amazon_agg_045,aggregate_cross_paper,train,0.8,0.4516082398626406,0.5,0.5838694132875469,436.22284984588623
N9_E11b_T12a,N9,amazon_agg_046,aggregate_cross_paper,test,0.875,0.500044611650259,1.0,0.791681537216753,436.22284984588623
N9_E11b_T12a,N9,amazon_agg_047,aggregate_cross_paper,train,0.6666666666666666,0.8004707431659304,1.0,0.8223791366108656,436.22284984588623
N9_E11b_T12a,N9,amazon_agg_048,aggregate_cross_paper,test,0.8571428571428571,0.6605176632330146,1.0,0.8392201734586239,436.22284984588623
N9_E11b_T12a,N9,amazon_agg_049,aggregate_cross_paper,train,1.0,0.4681982781947894,0.25,0.5727327593982631,436.22284984588623
N9_E11b_T12a,N9,amazon_agg_050,aggregate_cross_paper,test,1.0,0.8107505757457348,1.0,0.9369168585819115,436.22284984588623
N9_E11b_T12a,N9,amazon_agg_051,aggregate_cross_paper,test,0.6666666666666666,0.7742124781585362,1.0,0.813626381608401,436.22284984588623
N9_E11b_T12a,N9,amazon_agg_052,aggregate_cross_paper,test,0.8888888888888888,0.5047805686586112,1.0,0.7978898191825,436.22284984588623
N9_E11b_T12a,N9,amazon_agg_053,aggregate_cross_paper,train,0.8571428571428571,0.5670982552019158,1.0,0.808080370781591,436.22284984588623
N9_E11b_T12a,N9,amazon_agg_054,aggregate_cross_paper,test,0.8333333333333334,0.8056978177846434,1.0,0.879677050372659,436.22284984588623
N9_E11b_T12a,N9,amazon_agg_055,aggregate_cross_paper,train,0.8571428571428571,0.76098290930457,1.0,0.8727085888158091,436.22284984588623
N9_E11b_T12a,N9,amazon_agg_056,aggregate_cross_paper,test,0.7777777777777778,0.8125264674417657,1.0,0.8634347484065145,436.22284984588623
N9_E11b_T12a,N9,amazon_agg_057,aggregate_cross_paper,test,0.5,0.9107599913856083,1.0,0.8035866637952028,436.22284984588623
N9_E11b_T12a,N9,amazon_agg_058,aggregate_cross_paper,test,1.0,0.5649367956152227,1.0,0.854978931871741,436.22284984588623
N9_E11b_T12a,N9,amazon_agg_059,aggregate_cross_paper,test,1.0,0.4111850348592045,1.0,0.8037283449530682,436.22284984588623
N9_E11b_T12a,N9,amazon_agg_060,aggregate_cross_paper,test,1.0,0.5624061255737599,1.0,0.8541353751912534,436.22284984588623
N9_E11b_T12a,N9,amazon_agg_061,aggregate_cross_paper,test,0.6,0.6862367868245819,1.0,0.7620789289415274,436.22284984588623
N9_E11b_T12a,N9,amazon_agg_062,aggregate_cross_paper,train,0.5,0.7925684168968223,1.0,0.7641894722989407,436.22284984588623
N9_E11b_T12a,N9,amazon_agg_063,aggregate_cross_paper,test,1.0,0.8100123320450482,1.0,0.9366707773483495,436.22284984588623
N9_E11b_T12a,N9,amazon_agg_064,aggregate_cross_paper,test,0.5,0.7233595495740315,1.0,0.7411198498580105,436.22284984588623
N9_E11b_T12a,N9,amazon_agg_065,aggregate_cross_paper,train,1.0,0.48715434219183207,1.0,0.8290514473972773,436.22284984588623
N9_E11b_T12a,N9,amazon_agg_066,aggregate_cross_paper,train,0.8,0.4639770231014725,1.0,0.7546590077004908,436.22284984588623
N9_E11b_T12a,N9,amazon_agg_067,aggregate_cross_paper,test,1.0,0.6538951510706014,1.0,0.8846317170235337,436.22284984588623
N9_E11b_T12a,N9,amazon_agg_068,aggregate_cross_paper,test,0.75,0.39849042110807176,0.5,0.5494968070360239,436.22284984588623
N9_E11b_T12a,N9,amazon_agg_069,aggregate_cross_paper,train,0.5,0.7659230768018395,1.0,0.7553076922672798,436.22284984588623
N9_E11b_T12a,N9,amazon_agg_070,aggregate_cross_paper,train,1.0,0.8507343326854957,1.0,0.9502447775618319,436.22284984588623
N9_E11b_T12a,N9,amazon_agg_071,aggregate_cross_paper,test,0.8571428571428571,0.7376635127041896,1.0,0.8649354566156822,436.22284984588623
N9_E11b_T12a,N9,amazon_agg_072,aggregate_cross_paper,train,0.8,0.7803971951359412,1.0,0.8601323983786471,436.22284984588623
N9_E11b_T12a,N9,amazon_agg_073,aggregate_cross_paper,train,0.4,0.596718824022926,0.25,0.4155729413409753,436.22284984588623
N9_E11b_T12a,N9,amazon_agg_074,aggregate_cross_paper,test,0.6666666666666666,0.659573825145444,1.0,0.7754134972707035,436.22284984588623
N9_E11b_T12a,N9,amazon_agg_075,aggregate_cross_paper,test,1.0,0.7764268105970357,1.0,0.9254756035323451,436.22284984588623
N9_E11b_T12a,N9,amazon_agg_076,aggregate_cross_paper,train,0.5,0.7071399884782581,1.0,0.7357133294927527,436.22284984588623
N9_E11b_T12a,N9,amazon_agg_077,aggregate_cross_paper,train,0.8,0.44583032928716243,0.5,0.5819434430957208,436.22284984588623
N9_E11b_T12a,N9,amazon_agg_078,aggregate_cross_paper,test,0.6666666666666666,0.5725067385771025,1.0,0.7463911350812564,436.22284984588623
N9_E11b_T12a,N9,amazon_agg_079,aggregate_cross_paper,test,1.0,0.7964523679806214,1.0,0.9321507893268738,436.22284984588623
N9_E11b_T12a,N9,amazon_agg_080,aggregate_cross_paper,train,0.7142857142857143,0.8946258568057882,1.0,0.8696371903638341,436.22284984588623
N9_E11b_T12a,N9,amazon_agg_081,aggregate_cross_paper,train,1.0,0.6917401750831017,1.0,0.8972467250277005,436.22284984588623
N9_E11b_T12a,N9,amazon_agg_082,aggregate_cross_paper,test,0.5,0.0,0.25,0.25,436.22284984588623
N9_E11b_T12a,N9,amazon_agg_083,aggregate_cross_paper,train,0.6666666666666666,0.8502335339474026,1.0,0.838966733538023,436.22284984588623
N9_E11b_T12a,N9,amazon_agg_084,aggregate_cross_paper,test,0.6666666666666666,0.6318295930464863,1.0,0.7661654199043842,436.22284984588623
N9_E11b_T12a,N9,amazon_agg_085,aggregate_cross_paper,train,0.8571428571428571,0.7878217485818876,1.0,0.8816548685749149,436.22284984588623
N9_E11b_T12a,N9,amazon_agg_086,aggregate_cross_paper,test,1.0,0.922829608819549,1.0,0.974276536273183,436.22284984588623
N9_E11b_T12a,N9,amazon_agg_087,aggregate_cross_paper,test,1.0,0.8408095784013616,1.0,0.9469365261337872,436.22284984588623
N9_E11b_T12a,N9,amazon_agg_088,aggregate_cross_paper,train,0.5555555555555556,0.5550479752578863,1.0,0.7035345102711473,436.22284984588623
N9_E11b_T12a,N9,amazon_agg_089,aggregate_cross_paper,test,0.5,0.6122335394128657,0.25,0.4540778464709552,436.22284984588623
N9_E11b_T12a,N9,amazon_agg_090,aggregate_cross_paper,train,0.75,0.8803712067475216,1.0,0.8767904022491738,436.22284984588623
N9_E11b_T12a,N9,amazon_agg_091,aggregate_cross_paper,test,0.8,0.5518217862243919,0.0,0.45060726207479734,436.22284984588623
N9_E11b_T12a,N9,amazon_agg_092,aggregate_cross_paper,test,1.0,0.8163269737954485,1.0,0.9387756579318162,436.22284984588623
N9_E11b_T12a,N9,amazon_agg_093,aggregate_cross_paper,train,0.8333333333333334,0.3007976218806793,1.0,0.7113769850713375,436.22284984588623
N9_E11b_T12a,N9,amazon_agg_094,aggregate_cross_paper,test,1.0,0.8371638502601605,1.0,0.9457212834200535,436.22284984588623
N9_E11b_T12a,N9,amazon_agg_095,aggregate_cross_paper,train,1.0,0.7081647237169006,0.5,0.7360549079056335,436.22284984588623
N9_E11b_T12a,N9,amazon_agg_096,aggregate_cross_paper,train,0.625,0.8388458215092386,1.0,0.8212819405030795,436.22284984588623
N9_E11b_T12a,N9,amazon_agg_097,aggregate_cross_paper,test,0.7142857142857143,0.5888702992126518,1.0,0.767718671166122,436.22284984588623
N9_E11b_T12a,N9,amazon_agg_098,aggregate_cross_paper,test,1.0,0.4965109127110176,1.0,0.8321703042370059,436.22284984588623
N9_E11b_T12a,N9,amazon_agg_099,aggregate_cross_paper,test,0.6666666666666666,0.45397374160690285,0.75,0.6235468027578565,436.22284984588623
N9_E11b_T12a,N9,amazon_edge_034,edge_multihop,test,0.8571428571428571,0.0,0.25,0.36904761904761907,436.22284984588623
N9_E11b_T12a,N9,amazon_edge_035,edge_multihop,test,1.0,0.0,0.0,0.3333333333333333,436.22284984588623
N9_E11b_T12a,N9,amazon_edge_036,edge_multihop,test,1.0,0.0,0.25,0.4166666666666667,436.22284984588623
N9_E11b_T12a,N9,amazon_edge_037,edge_multihop,train,0.6666666666666666,0.0,0.0,0.2222222222222222,436.22284984588623
N9_E11b_T12a,N9,amazon_edge_038,edge_multihop,test,0.8333333333333334,0.8748620764043187,1.0,0.9027318032458841,436.22284984588623
N9_E11b_T12a,N9,amazon_edge_039,edge_multihop,train,0.6,0.0,0.0,0.19999999999999998,436.22284984588623
N9_E11b_T12a,N9,amazon_edge_040,edge_multihop,test,0.75,0.0,0.0,0.25,436.22284984588623
N9_E11b_T12a,N9,amazon_edge_041,edge_multihop,test,0.8,0.0,0.0,0.26666666666666666,436.22284984588623
N9_E11b_T12a,N9,amazon_edge_042,edge_multihop,test,1.0,0.0,0.0,0.3333333333333333,436.22284984588623
N9_E11b_T12a,N9,amazon_edge_043,edge_multihop,test,1.0,0.0,0.0,0.3333333333333333,436.22284984588623
N9_E11b_T12a,N9,amazon_edge_044,edge_multihop,test,1.0,0.0,0.0,0.3333333333333333,436.22284984588623
N9_E11b_T12a,N9,amazon_edge_045,edge_multihop,train,1.0,0.0,0.75,0.5833333333333334,436.22284984588623
N9_E11b_T12a,N9,amazon_edge_046,edge_multihop,test,1.0,0.0,0.25,0.4166666666666667,436.22284984588623
N9_E11b_T12a,N9,amazon_edge_047,edge_multihop,test,1.0,0.0,0.0,0.3333333333333333,436.22284984588623
N9_E11b_T12a,N9,amazon_edge_048,edge_multihop,train,1.0,0.0,0.0,0.3333333333333333,436.22284984588623
N9_E11b_T12a,N9,amazon_edge_049,edge_multihop,train,0.7142857142857143,0.8467402326890353,0.5,0.6870086489915832,436.22284984588623
N9_E11b_T12a,N9,amazon_edge_050,edge_multihop,test,1.0,0.9086009193388902,0.0,0.6362003064462968,436.22284984588623
N9_E11b_T12a,N9,amazon_edge_051,edge_multihop,test,1.0,0.0,0.0,0.3333333333333333,436.22284984588623
N9_E11b_T12a,N9,amazon_edge_052,edge_multihop,train,0.5,0.0,0.0,0.16666666666666666,436.22284984588623
N9_E11b_T12a,N9,amazon_edge_053,edge_multihop,train,0.6666666666666666,0.8884888407598571,0.25,0.601718502475508,436.22284984588623
N9_E11b_T12a,N9,amazon_edge_054,edge_multihop,train,1.0,0.8953673150070064,0.5,0.7984557716690022,436.22284984588623
N9_E11b_T12a,N9,amazon_edge_055,edge_multihop,train,1.0,0.8278725941933529,1.0,0.942624198064451,436.22284984588623
N9_E11b_T12a,N9,amazon_edge_056,edge_multihop,train,1.0,0.0,0.0,0.3333333333333333,436.22284984588623
N9_E11b_T12a,N9,amazon_edge_057,edge_multihop,train,1.0,0.7776156541232327,1.0,0.9258718847077443,436.22284984588623
N9_E11b_T12a,N9,amazon_edge_058,edge_multihop,train,0.8333333333333334,0.8467685349004997,1.0,0.8933672894112776,436.22284984588623
N9_E11b_T12a,N9,amazon_edge_059,edge_multihop,train,1.0,0.0,0.0,0.3333333333333333,436.22284984588623
N9_E11b_T12a,N9,amazon_edge_060,edge_multihop,train,0.4444444444444444,0.8169829936421434,0.5,0.5871424793621959,436.22284984588623
N9_E11b_T12a,N9,amazon_edge_061,edge_multihop,test,1.0,0.0,0.0,0.3333333333333333,436.22284984588623
N9_E11b_T12a,N9,amazon_edge_062,edge_multihop,test,1.0,0.0,1.0,0.6666666666666666,436.22284984588623
N9_E11b_T12a,N9,amazon_edge_063,edge_multihop,train,0.4,0.8419193531854975,0.0,0.41397311772849915,436.22284984588623
N9_E11b_T12a,N9,amazon_edge_064,edge_multihop,test,1.0,0.9387298298766713,0.25,0.7295766099588904,436.22284984588623
N9_E11b_T12a,N9,amazon_edge_065,edge_multihop,train,1.0,0.0,0.0,0.3333333333333333,436.22284984588623
N9_E11b_T12a,N9,amazon_edge_066,edge_multihop,train,1.0,0.6750954155823733,0.0,0.5583651385274577,436.22284984588623
N9_E11b_T12a,N9,amazon_edge_067,edge_multihop,train,1.0,0.0,0.0,0.3333333333333333,436.22284984588623
N9_E11b_T12a,N9,amazon_edge_068,edge_multihop,test,1.0,0.0,0.0,0.3333333333333333,436.22284984588623
N9_E11b_T12a,N9,amazon_edge_069,edge_multihop,test,0.6,0.9002405576641245,0.0,0.5000801858880415,436.22284984588623
N9_E11b_T12a,N9,amazon_edge_070,edge_multihop,test,1.0,0.0,0.0,0.3333333333333333,436.22284984588623
N9_E11b_T12a,N9,amazon_edge_071,edge_multihop,test,1.0,0.0,0.0,0.3333333333333333,436.22284984588623
N9_E11b_T12a,N9,amazon_edge_072,edge_multihop,test,1.0,0.9219791251522446,0.25,0.7239930417174149,436.22284984588623
N9_E11b_T12a,N9,amazon_edge_073,edge_multihop,train,1.0,0.0,0.0,0.3333333333333333,436.22284984588623
N9_E11b_T12a,N9,amazon_edge_074,edge_multihop,train,0.8571428571428571,0.8540060352435338,0.25,0.6537162974621303,436.22284984588623
N9_E11b_T12a,N9,amazon_edge_075,edge_multihop,train,1.0,0.0,0.0,0.3333333333333333,436.22284984588623
N9_E11b_T12a,N9,amazon_edge_076,edge_multihop,train,1.0,0.0,0.0,0.3333333333333333,436.22284984588623
N9_E11b_T12a,N9,amazon_edge_077,edge_multihop,test,0.4,0.8845930931689243,0.0,0.4281976977229747,436.22284984588623
N9_E11b_T12a,N9,amazon_edge_078,edge_multihop,train,1.0,0.0,0.0,0.3333333333333333,436.22284984588623
N9_E11b_T12a,N9,amazon_edge_079,edge_multihop,train,0.2,0.8569877325522921,0.0,0.35232924418409733,436.22284984588623
N9_E11b_T12a,N9,amazon_edge_080,edge_multihop,test,1.0,0.0,0.0,0.3333333333333333,436.22284984588623
N9_E11b_T12a,N9,amazon_edge_081,edge_multihop,train,0.5,0.0,0.25,0.25,436.22284984588623
N9_E11b_T12a,N9,amazon_edge_082,edge_multihop,train,0.8333333333333334,0.8433610372748942,0.5,0.7255647902027426,436.22284984588623
N9_E11b_T12a,N9,amazon_edge_083,edge_multihop,train,1.0,0.0,0.0,0.3333333333333333,436.22284984588623
N9_E11b_T12a,N9,amazon_edge_084,edge_multihop,test,1.0,0.0,0.0,0.3333333333333333,436.22284984588623
N9_E11b_T12a,N9,amazon_edge_085,edge_multihop,train,1.0,0.0,1.0,0.6666666666666666,436.22284984588623
N9_E11b_T12a,N9,amazon_edge_086,edge_multihop,train,1.0,0.8776896358877515,0.5,0.7925632119625838,436.22284984588623
N9_E11b_T12a,N9,amazon_edge_087,edge_multihop,train,0.75,0.7499641560421652,1.0,0.8333213853473884,436.22284984588623
N9_E11b_T12a,N9,amazon_edge_088,edge_multihop,train,1.0,0.8601043262837645,0.0,0.6200347754279215,436.22284984588623
N9_E11b_T12a,N9,amazon_edge_089,edge_multihop,train,0.5555555555555556,0.7243226051364701,0.5,0.5932927202306751,436.22284984588623
N9_E11b_T12a,N9,amazon_edge_090,edge_multihop,train,1.0,0.0,0.0,0.3333333333333333,436.22284984588623
N9_E11b_T12a,N9,amazon_edge_091,edge_multihop,test,1.0,0.0,0.0,0.3333333333333333,436.22284984588623
N9_E11b_T12a,N9,amazon_edge_092,edge_multihop,test,1.0,0.0,0.0,0.3333333333333333,436.22284984588623
N9_E11b_T12a,N9,amazon_edge_093,edge_multihop,train,1.0,0.8760180685361505,0.0,0.6253393561787168,436.22284984588623
N9_E11b_T12a,N9,amazon_edge_094,edge_multihop,test,1.0,0.0,1.0,0.6666666666666666,436.22284984588623
N9_E11b_T12a,N9,amazon_edge_095,edge_multihop,test,0.7142857142857143,0.8642834661421119,0.0,0.5261897268092754,436.22284984588623
N9_E11b_T12a,N9,amazon_edge_096,edge_multihop,test,1.0,0.0,0.0,0.3333333333333333,436.22284984588623
N9_E11b_T12a,N9,amazon_edge_097,edge_multihop,test,1.0,0.0,0.0,0.3333333333333333,436.22284984588623
N9_E11b_T12a,N9,amazon_edge_098,edge_multihop,train,1.0,0.0,0.0,0.3333333333333333,436.22284984588623
N9_E11b_T12a,N9,amazon_edge_099,edge_multihop,train,0.75,0.0,0.0,0.25,436.22284984588623
N9_E11b_T12a,N9,amazon_sh_083,single_specific,train,1.0,0.0,0.0,0.3333333333333333,436.22284984588623
N9_E11b_T12a,N9,amazon_sh_084,single_specific,train,1.0,1.0,1.0,1.0,436.22284984588623
N9_E11b_T12a,N9,amazon_sh_085,single_specific,train,1.0,0.9254503131980434,1.0,0.9751501043993477,436.22284984588623
N9_E11b_T12a,N9,amazon_sh_086,single_specific,train,1.0,0.9600847748058055,1.0,0.9866949249352684,436.22284984588623
N9_E11b_T12a,N9,amazon_sh_087,single_specific,train,0.6666666666666666,0.9305251281195863,1.0,0.8657305982620843,436.22284984588623
N9_E11b_T12a,N9,amazon_sh_088,single_specific,train,1.0,1.0,1.0,1.0,436.22284984588623
N9_E11b_T12a,N9,amazon_sh_089,single_specific,test,1.0,0.9210960289640376,1.0,0.9736986763213459,436.22284984588623
N9_E11b_T12a,N9,amazon_sh_090,single_specific,test,1.0,0.8844190487058712,0.5,0.7948063495686237,436.22284984588623
N9_E11b_T12a,N9,amazon_sh_091,single_specific,test,0.8,0.8622813635857743,1.0,0.8874271211952581,436.22284984588623
N9_E11b_T12a,N9,amazon_sh_092,single_specific,train,1.0,0.8858033095169878,1.0,0.9619344365056626,436.22284984588623
N9_E11b_T12a,N9,amazon_sh_093,single_specific,train,1.0,0.7653457180125137,1.0,0.9217819060041713,436.22284984588623
N9_E11b_T12a,N9,amazon_sh_094,single_specific,train,1.0,0.0,1.0,0.6666666666666666,436.22284984588623
N9_E11b_T12a,N9,amazon_sh_095,single_specific,test,0.6666666666666666,0.8256978799253604,1.0,0.8307881821973423,436.22284984588623
N9_E11b_T12a,N9,amazon_sh_096,single_specific,test,0.5,0.0,0.0,0.16666666666666666,436.22284984588623
N9_E11b_T12a,N9,amazon_sh_097,single_specific,test,0.5,0.0,1.0,0.5,436.22284984588623
N9_E11b_T12a,N9,amazon_sh_098,single_specific,test,1.0,1.0000000000000002,1.0,1.0,436.22284984588623
N9_E11b_T12a,N9,amazon_sh_099,single_specific,train,1.0,0.9999996259516923,1.0,0.9999998753172307,436.22284984588623
N9_E11b_T12b,N9,amazon_agg_033,aggregate_cross_paper,train,0.6666666666666666,0.8296318021988901,0.75,0.7487661562885188,476.11141419410706
N9_E11b_T12b,N9,amazon_agg_034,aggregate_cross_paper,train,0.5,0.660357239081172,1.0,0.720119079693724,476.11141419410706
N9_E11b_T12b,N9,amazon_agg_035,aggregate_cross_paper,train,0.75,0.5635739565447854,0.0,0.4378579855149285,476.11141419410706
N9_E11b_T12b,N9,amazon_agg_036,aggregate_cross_paper,test,0.8888888888888888,0.7849811758667398,1.0,0.8912900215852094,476.11141419410706
N9_E11b_T12b,N9,amazon_agg_037,aggregate_cross_paper,test,1.0,0.8109040252083884,1.0,0.9369680084027961,476.11141419410706
N9_E11b_T12b,N9,amazon_agg_038,aggregate_cross_paper,test,0.5454545454545454,0.3733428491606832,0.5,0.47293246487174284,476.11141419410706
N9_E11b_T12b,N9,amazon_agg_039,aggregate_cross_paper,train,0.7142857142857143,0.850029625483948,1.0,0.8547717799232207,476.11141419410706
N9_E11b_T12b,N9,amazon_agg_040,aggregate_cross_paper,train,1.0,0.6199494633543636,1.0,0.873316487784788,476.11141419410706
N9_E11b_T12b,N9,amazon_agg_041,aggregate_cross_paper,test,0.3333333333333333,0.42632333793602845,1.0,0.5865522237564539,476.11141419410706
N9_E11b_T12b,N9,amazon_agg_042,aggregate_cross_paper,train,0.625,0.8573278956376357,1.0,0.827442631879212,476.11141419410706
N9_E11b_T12b,N9,amazon_agg_043,aggregate_cross_paper,test,0.6,0.7769094658321344,1.0,0.792303155277378,476.11141419410706
N9_E11b_T12b,N9,amazon_agg_044,aggregate_cross_paper,train,0.5714285714285714,0.8075527367500636,1.0,0.7929937693928784,476.11141419410706
N9_E11b_T12b,N9,amazon_agg_045,aggregate_cross_paper,train,0.8,0.45163372812186675,0.5,0.5838779093739556,476.11141419410706
N9_E11b_T12b,N9,amazon_agg_046,aggregate_cross_paper,test,0.8571428571428571,0.5000513449407284,1.0,0.7857314006945285,476.11141419410706
N9_E11b_T12b,N9,amazon_agg_047,aggregate_cross_paper,train,0.6666666666666666,0.7969942113326791,1.0,0.8212202926664486,476.11141419410706
N9_E11b_T12b,N9,amazon_agg_048,aggregate_cross_paper,test,0.875,0.7366839233705718,1.0,0.8705613077901906,476.11141419410706
N9_E11b_T12b,N9,amazon_agg_049,aggregate_cross_paper,train,0.4,0.500212265096334,0.25,0.38340408836544465,476.11141419410706
N9_E11b_T12b,N9,amazon_agg_050,aggregate_cross_paper,test,1.0,0.8170509924036479,1.0,0.9390169974678826,476.11141419410706
N9_E11b_T12b,N9,amazon_agg_051,aggregate_cross_paper,test,0.6666666666666666,0.8071591257898548,1.0,0.8246085974855072,476.11141419410706
N9_E11b_T12b,N9,amazon_agg_052,aggregate_cross_paper,test,0.5,0.47039375171453474,1.0,0.6567979172381783,476.11141419410706
N9_E11b_T12b,N9,amazon_agg_053,aggregate_cross_paper,train,0.8571428571428571,0.5763037552340452,1.0,0.8111488707923007,476.11141419410706
N9_E11b_T12b,N9,amazon_agg_054,aggregate_cross_paper,test,0.8333333333333334,0.8504230889819321,1.0,0.8945854741050884,476.11141419410706
N9_E11b_T12b,N9,amazon_agg_055,aggregate_cross_paper,train,0.7142857142857143,0.760895242420792,1.0,0.8250603189021688,476.11141419410706
N9_E11b_T12b,N9,amazon_agg_056,aggregate_cross_paper,test,0.42857142857142855,0.8125923054451824,1.0,0.747054578005537,476.11141419410706
N9_E11b_T12b,N9,amazon_agg_057,aggregate_cross_paper,test,0.5,0.9107498239291794,1.0,0.8035832746430597,476.11141419410706
N9_E11b_T12b,N9,amazon_agg_058,aggregate_cross_paper,test,1.0,0.5813740437975844,1.0,0.8604580145991948,476.11141419410706
N9_E11b_T12b,N9,amazon_agg_059,aggregate_cross_paper,test,1.0,0.5441941580067998,1.0,0.8480647193355999,476.11141419410706
N9_E11b_T12b,N9,amazon_agg_060,aggregate_cross_paper,test,1.0,0.5624974530783837,1.0,0.8541658176927945,476.11141419410706
N9_E11b_T12b,N9,amazon_agg_061,aggregate_cross_paper,test,0.6,0.6943844332200148,1.0,0.7647948110733381,476.11141419410706
N9_E11b_T12b,N9,amazon_agg_062,aggregate_cross_paper,train,0.7142857142857143,0.7925684168968223,1.0,0.8356180437275121,476.11141419410706
N9_E11b_T12b,N9,amazon_agg_063,aggregate_cross_paper,test,0.3,0.7937089235862409,1.0,0.6979029745287469,476.11141419410706
N9_E11b_T12b,N9,amazon_agg_064,aggregate_cross_paper,test,0.25,0.8317544377340935,1.0,0.6939181459113645,476.11141419410706
N9_E11b_T12b,N9,amazon_agg_065,aggregate_cross_paper,train,1.0,0.4628965352866904,1.0,0.8209655117622301,476.11141419410706
N9_E11b_T12b,N9,amazon_agg_066,aggregate_cross_paper,train,0.8,0.46830516447237036,1.0,0.7561017214907902,476.11141419410706
N9_E11b_T12b,N9,amazon_agg_067,aggregate_cross_paper,test,1.0,0.7838041040029519,1.0,0.9279347013343173,476.11141419410706
N9_E11b_T12b,N9,amazon_agg_068,aggregate_cross_paper,test,0.75,0.398489069536931,0.5,0.5494963565123103,476.11141419410706
N9_E11b_T12b,N9,amazon_agg_069,aggregate_cross_paper,train,0.5,0.8088999044692625,1.0,0.7696333014897542,476.11141419410706
N9_E11b_T12b,N9,amazon_agg_070,aggregate_cross_paper,train,1.0,0.787853304353117,1.0,0.9292844347843724,476.11141419410706
N9_E11b_T12b,N9,amazon_agg_071,aggregate_cross_paper,test,1.0,0.4239338006886058,1.0,0.8079779335628686,476.11141419410706
N9_E11b_T12b,N9,amazon_agg_072,aggregate_cross_paper,train,0.8,0.7656613212635532,1.0,0.8552204404211844,476.11141419410706
N9_E11b_T12b,N9,amazon_agg_073,aggregate_cross_paper,train,0.25,0.596718824022926,0.5,0.44890627467430866,476.11141419410706
N9_E11b_T12b,N9,amazon_agg_074,aggregate_cross_paper,test,0.6666666666666666,0.6089154223635475,1.0,0.7585273630100714,476.11141419410706
N9_E11b_T12b,N9,amazon_agg_075,aggregate_cross_paper,test,1.0,0.7765318341660501,1.0,0.9255106113886834,476.11141419410706
N9_E11b_T12b,N9,amazon_agg_076,aggregate_cross_paper,train,0.5,0.6534137596268047,1.0,0.7178045865422682,476.11141419410706
N9_E11b_T12b,N9,amazon_agg_077,aggregate_cross_paper,train,0.8,0.44582456236113027,0.5,0.5819415207870434,476.11141419410706
N9_E11b_T12b,N9,amazon_agg_078,aggregate_cross_paper,test,0.6666666666666666,0.5521503524253326,1.0,0.7396056730306664,476.11141419410706
N9_E11b_T12b,N9,amazon_agg_079,aggregate_cross_paper,test,0.8,0.8078878353079454,1.0,0.8692959451026484,476.11141419410706
N9_E11b_T12b,N9,amazon_agg_080,aggregate_cross_paper,train,0.7142857142857143,0.8899519510707132,1.0,0.8680792217854759,476.11141419410706
N9_E11b_T12b,N9,amazon_agg_081,aggregate_cross_paper,train,1.0,0.6115809854166514,1.0,0.8705269951388838,476.11141419410706
N9_E11b_T12b,N9,amazon_agg_082,aggregate_cross_paper,test,0.5,0.0,0.25,0.25,476.11141419410706
N9_E11b_T12b,N9,amazon_agg_083,aggregate_cross_paper,train,0.8571428571428571,0.845146003437638,1.0,0.9007629535268317,476.11141419410706
N9_E11b_T12b,N9,amazon_agg_084,aggregate_cross_paper,test,0.6666666666666666,0.6318295930464863,1.0,0.7661654199043842,476.11141419410706
N9_E11b_T12b,N9,amazon_agg_085,aggregate_cross_paper,train,0.8571428571428571,0.7878217485818876,1.0,0.8816548685749149,476.11141419410706
N9_E11b_T12b,N9,amazon_agg_086,aggregate_cross_paper,test,1.0,0.9255764211125049,1.0,0.9751921403708349,476.11141419410706
N9_E11b_T12b,N9,amazon_agg_087,aggregate_cross_paper,test,1.0,0.8523960779283641,1.0,0.9507986926427879,476.11141419410706
N9_E11b_T12b,N9,amazon_agg_088,aggregate_cross_paper,train,0.6666666666666666,0.5550792928923939,1.0,0.7405819865196869,476.11141419410706
N9_E11b_T12b,N9,amazon_agg_089,aggregate_cross_paper,test,0.42857142857142855,0.8077092015488849,0.25,0.49542687670677116,476.11141419410706
N9_E11b_T12b,N9,amazon_agg_090,aggregate_cross_paper,train,0.75,0.8885332807201992,1.0,0.8795110935733997,476.11141419410706
N9_E11b_T12b,N9,amazon_agg_091,aggregate_cross_paper,test,0.8,0.5517645450563454,0.0,0.4505881816854485,476.11141419410706
N9_E11b_T12b,N9,amazon_agg_092,aggregate_cross_paper,test,1.0,0.7711141336560988,1.0,0.9237047112186997,476.11141419410706
N9_E11b_T12b,N9,amazon_agg_093,aggregate_cross_paper,train,0.6666666666666666,0.2822205370850291,1.0,0.649629067917232,476.11141419410706
N9_E11b_T12b,N9,amazon_agg_094,aggregate_cross_paper,test,1.0,0.8371641594905049,1.0,0.9457213864968349,476.11141419410706
N9_E11b_T12b,N9,amazon_agg_095,aggregate_cross_paper,train,0.6666666666666666,0.7081412878635384,0.5,0.6249359848434016,476.11141419410706
N9_E11b_T12b,N9,amazon_agg_096,aggregate_cross_paper,train,0.625,0.8388700553928423,1.0,0.8212900184642807,476.11141419410706
N9_E11b_T12b,N9,amazon_agg_097,aggregate_cross_paper,test,0.5714285714285714,0.5888702992126518,1.0,0.7200996235470744,476.11141419410706
N9_E11b_T12b,N9,amazon_agg_098,aggregate_cross_paper,test,0.8571428571428571,0.7858117932652205,1.0,0.8809848834693592,476.11141419410706
N9_E11b_T12b,N9,amazon_agg_099,aggregate_cross_paper,test,0.6666666666666666,0.4540025079762498,0.75,0.6235563915476389,476.11141419410706
N9_E11b_T12b,N9,amazon_edge_034,edge_multihop,test,0.8571428571428571,0.0,0.25,0.36904761904761907,476.11141419410706
N9_E11b_T12b,N9,amazon_edge_035,edge_multihop,test,1.0,0.0,0.0,0.3333333333333333,476.11141419410706
N9_E11b_T12b,N9,amazon_edge_036,edge_multihop,test,1.0,0.0,0.5,0.5,476.11141419410706
N9_E11b_T12b,N9,amazon_edge_037,edge_multihop,train,0.0,0.9542722208680983,0.0,0.31809074028936607,476.11141419410706
N9_E11b_T12b,N9,amazon_edge_038,edge_multihop,test,0.8333333333333334,0.8827454007581814,1.0,0.9053595780305049,476.11141419410706
N9_E11b_T12b,N9,amazon_edge_039,edge_multihop,train,0.8,0.0,0.0,0.26666666666666666,476.11141419410706
N9_E11b_T12b,N9,amazon_edge_040,edge_multihop,test,0.75,0.0,0.0,0.25,476.11141419410706
N9_E11b_T12b,N9,amazon_edge_041,edge_multihop,test,0.8,0.0,0.0,0.26666666666666666,476.11141419410706
N9_E11b_T12b,N9,amazon_edge_042,edge_multihop,test,1.0,0.0,0.0,0.3333333333333333,476.11141419410706
N9_E11b_T12b,N9,amazon_edge_043,edge_multihop,test,1.0,0.0,0.0,0.3333333333333333,476.11141419410706
N9_E11b_T12b,N9,amazon_edge_044,edge_multihop,test,1.0,0.0,0.0,0.3333333333333333,476.11141419410706
N9_E11b_T12b,N9,amazon_edge_045,edge_multihop,train,1.0,0.0,1.0,0.6666666666666666,476.11141419410706
N9_E11b_T12b,N9,amazon_edge_046,edge_multihop,test,0.8,0.0,0.25,0.35000000000000003,476.11141419410706
N9_E11b_T12b,N9,amazon_edge_047,edge_multihop,test,1.0,0.0,0.0,0.3333333333333333,476.11141419410706
N9_E11b_T12b,N9,amazon_edge_048,edge_multihop,train,1.0,0.0,0.0,0.3333333333333333,476.11141419410706
N9_E11b_T12b,N9,amazon_edge_049,edge_multihop,train,0.8571428571428571,0.8928533804839556,0.5,0.7499987458756042,476.11141419410706
N9_E11b_T12b,N9,amazon_edge_050,edge_multihop,test,1.0,0.908607324324677,0.0,0.6362024414415589,476.11141419410706
N9_E11b_T12b,N9,amazon_edge_051,edge_multihop,test,1.0,0.0,0.0,0.3333333333333333,476.11141419410706
N9_E11b_T12b,N9,amazon_edge_052,edge_multihop,train,0.5,0.0,0.0,0.16666666666666666,476.11141419410706
N9_E11b_T12b,N9,amazon_edge_053,edge_multihop,train,0.6666666666666666,0.8884888407598571,0.25,0.601718502475508,476.11141419410706
N9_E11b_T12b,N9,amazon_edge_054,edge_multihop,train,1.0,0.89558761176239,0.5,0.7985292039207966,476.11141419410706
N9_E11b_T12b,N9,amazon_edge_055,edge_multihop,train,1.0,0.8214206053199424,1.0,0.9404735351066474,476.11141419410706
N9_E11b_T12b,N9,amazon_edge_056,edge_multihop,train,0.6666666666666666,0.0,0.0,0.2222222222222222,476.11141419410706
N9_E11b_T12b,N9,amazon_edge_057,edge_multihop,train,1.0,0.7775681777437713,1.0,0.9258560592479238,476.11141419410706
N9_E11b_T12b,N9,amazon_edge_058,edge_multihop,train,0.8333333333333334,0.8468236869871942,1.0,0.8933856734401759,476.11141419410706
N9_E11b_T12b,N9,amazon_edge_059,edge_multihop,train,1.0,0.0,0.0,0.3333333333333333,476.11141419410706
N9_E11b_T12b,N9,amazon_edge_060,edge_multihop,train,0.4444444444444444,0.8163279326873174,0.25,0.5035907923772539,476.11141419410706
N9_E11b_T12b,N9,amazon_edge_061,edge_multihop,test,1.0,0.8845055502184329,0.0,0.6281685167394776,476.11141419410706
N9_E11b_T12b,N9,amazon_edge_062,edge_multihop,test,0.6666666666666666,0.0,1.0,0.5555555555555555,476.11141419410706
N9_E11b_T12b,N9,amazon_edge_063,edge_multihop,train,0.4,0.8816406686572598,0.0,0.4272135562190866,476.11141419410706
N9_E11b_T12b,N9,amazon_edge_064,edge_multihop,test,1.0,0.9121381150898777,0.25,0.7207127050299592,476.11141419410706
N9_E11b_T12b,N9,amazon_edge_065,edge_multihop,train,1.0,0.0,0.0,0.3333333333333333,476.11141419410706
N9_E11b_T12b,N9,amazon_edge_066,edge_multihop,train,1.0,0.6750954155823733,0.0,0.5583651385274577,476.11141419410706
N9_E11b_T12b,N9,amazon_edge_067,edge_multihop,train,1.0,0.0,0.0,0.3333333333333333,476.11141419410706
N9_E11b_T12b,N9,amazon_edge_068,edge_multihop,test,0.6666666666666666,0.0,0.0,0.2222222222222222,476.11141419410706
N9_E11b_T12b,N9,amazon_edge_069,edge_multihop,test,0.5,0.8401247041280686,0.0,0.4467082347093562,476.11141419410706
N9_E11b_T12b,N9,amazon_edge_070,edge_multihop,test,1.0,0.0,0.0,0.3333333333333333,476.11141419410706
N9_E11b_T12b,N9,amazon_edge_071,edge_multihop,test,1.0,0.0,0.0,0.3333333333333333,476.11141419410706
N9_E11b_T12b,N9,amazon_edge_072,edge_multihop,test,0.8,0.8760440263198793,0.0,0.5586813421066265,476.11141419410706
N9_E11b_T12b,N9,amazon_edge_073,edge_multihop,train,1.0,0.0,0.0,0.3333333333333333,476.11141419410706
N9_E11b_T12b,N9,amazon_edge_074,edge_multihop,train,0.5714285714285714,0.84835310593122,0.5,0.6399272257865971,476.11141419410706
N9_E11b_T12b,N9,amazon_edge_075,edge_multihop,train,1.0,0.0,0.0,0.3333333333333333,476.11141419410706
N9_E11b_T12b,N9,amazon_edge_076,edge_multihop,train,0.8,0.0,0.0,0.26666666666666666,476.11141419410706
N9_E11b_T12b,N9,amazon_edge_077,edge_multihop,test,0.3333333333333333,0.8820206629225305,0.0,0.4051179987519546,476.11141419410706
N9_E11b_T12b,N9,amazon_edge_078,edge_multihop,train,1.0,0.0,0.0,0.3333333333333333,476.11141419410706
N9_E11b_T12b,N9,amazon_edge_079,edge_multihop,train,0.4,0.8569877325522921,0.0,0.4189959108507641,476.11141419410706
N9_E11b_T12b,N9,amazon_edge_080,edge_multihop,test,1.0,0.0,0.0,0.3333333333333333,476.11141419410706
N9_E11b_T12b,N9,amazon_edge_081,edge_multihop,train,0.5,0.0,0.25,0.25,476.11141419410706
N9_E11b_T12b,N9,amazon_edge_082,edge_multihop,train,0.8571428571428571,0.8706598747502786,0.5,0.7426009106310453,476.11141419410706
N9_E11b_T12b,N9,amazon_edge_083,edge_multihop,train,1.0,0.0,0.0,0.3333333333333333,476.11141419410706
N9_E11b_T12b,N9,amazon_edge_084,edge_multihop,test,1.0,0.0,0.0,0.3333333333333333,476.11141419410706
N9_E11b_T12b,N9,amazon_edge_085,edge_multihop,train,1.0,0.0,1.0,0.6666666666666666,476.11141419410706
N9_E11b_T12b,N9,amazon_edge_086,edge_multihop,train,0.8,0.8796316388754356,0.5,0.7265438796251452,476.11141419410706
N9_E11b_T12b,N9,amazon_edge_087,edge_multihop,train,0.75,0.7483392863271102,1.0,0.8327797621090367,476.11141419410706
N9_E11b_T12b,N9,amazon_edge_088,edge_multihop,train,1.0,0.8234233693379713,0.0,0.6078077897793238,476.11141419410706
N9_E11b_T12b,N9,amazon_edge_089,edge_multihop,train,1.0,0.7243603918424645,0.5,0.7414534639474882,476.11141419410706
N9_E11b_T12b,N9,amazon_edge_090,edge_multihop,train,1.0,0.0,0.0,0.3333333333333333,476.11141419410706
N9_E11b_T12b,N9,amazon_edge_091,edge_multihop,test,1.0,0.0,0.0,0.3333333333333333,476.11141419410706
N9_E11b_T12b,N9,amazon_edge_092,edge_multihop,test,1.0,0.0,0.0,0.3333333333333333,476.11141419410706
N9_E11b_T12b,N9,amazon_edge_093,edge_multihop,train,1.0,0.8759933905057756,0.0,0.6253311301685919,476.11141419410706
N9_E11b_T12b,N9,amazon_edge_094,edge_multihop,test,1.0,0.0,1.0,0.6666666666666666,476.11141419410706
N9_E11b_T12b,N9,amazon_edge_095,edge_multihop,test,1.0,0.0,0.0,0.3333333333333333,476.11141419410706
N9_E11b_T12b,N9,amazon_edge_096,edge_multihop,test,1.0,0.0,0.0,0.3333333333333333,476.11141419410706
N9_E11b_T12b,N9,amazon_edge_097,edge_multihop,test,1.0,0.0,0.0,0.3333333333333333,476.11141419410706
N9_E11b_T12b,N9,amazon_edge_098,edge_multihop,train,1.0,0.0,0.0,0.3333333333333333,476.11141419410706
N9_E11b_T12b,N9,amazon_edge_099,edge_multihop,train,0.5,0.0,0.0,0.16666666666666666,476.11141419410706
N9_E11b_T12b,N9,amazon_sh_083,single_specific,train,1.0,0.0,0.0,0.3333333333333333,476.11141419410706
N9_E11b_T12b,N9,amazon_sh_084,single_specific,train,1.0,1.0,1.0,1.0,476.11141419410706
N9_E11b_T12b,N9,amazon_sh_085,single_specific,train,1.0,0.9254315652565088,1.0,0.9751438550855029,476.11141419410706
N9_E11b_T12b,N9,amazon_sh_086,single_specific,train,1.0,0.9600547748633476,1.0,0.9866849249544493,476.11141419410706
N9_E11b_T12b,N9,amazon_sh_087,single_specific,train,0.6666666666666666,0.9305120550390623,1.0,0.8657262405685763,476.11141419410706
N9_E11b_T12b,N9,amazon_sh_088,single_specific,train,1.0,1.0,1.0,1.0,476.11141419410706
N9_E11b_T12b,N9,amazon_sh_089,single_specific,test,1.0,0.9211089217848676,1.0,0.9737029739282891,476.11141419410706
N9_E11b_T12b,N9,amazon_sh_090,single_specific,test,0.6666666666666666,0.7603482395020311,0.5,0.6423383020562325,476.11141419410706
N9_E11b_T12b,N9,amazon_sh_091,single_specific,test,0.8,0.8622758895605931,1.0,0.8874252965201977,476.11141419410706
N9_E11b_T12b,N9,amazon_sh_092,single_specific,train,1.0,0.885773767047037,1.0,0.961924589015679,476.11141419410706
N9_E11b_T12b,N9,amazon_sh_093,single_specific,train,1.0,0.7754037946781872,1.0,0.9251345982260624,476.11141419410706
N9_E11b_T12b,N9,amazon_sh_094,single_specific,train,1.0,0.0,1.0,0.6666666666666666,476.11141419410706
N9_E11b_T12b,N9,amazon_sh_095,single_specific,test,0.6666666666666666,0.8257097693726484,1.0,0.8307921453464383,476.11141419410706
N9_E11b_T12b,N9,amazon_sh_096,single_specific,test,1.0,0.0,0.0,0.3333333333333333,476.11141419410706
N9_E11b_T12b,N9,amazon_sh_097,single_specific,test,0.0,0.0,1.0,0.3333333333333333,476.11141419410706
N9_E11b_T12b,N9,amazon_sh_098,single_specific,test,1.0,0.9999996123206744,1.0,0.9999998707735581,476.11141419410706
N9_E11b_T12b,N9,amazon_sh_099,single_specific,train,1.0,0.9692046218453202,1.0,0.9897348739484401,476.11141419410706
