variant,node_type,question_id,question_subtype,split,faithfulness,answer_relevance,context_relevance,composite,wall_time_seconds
N7_E10b_T12a,N7,arxiv_sh_000,single_specific,test,0.0,0.0,1.0,0.3333333333333333,384.54491996765137
N7_E10b_T12a,N7,arxiv_sh_001,single_specific,test,1.0,0.9242925683916864,1.0,0.9747641894638956,384.54491996765137
N7_E10b_T12a,N7,arxiv_sh_002,single_specific,test,1.0,0.8587011034335618,0.75,0.8695670344778539,384.54491996765137
N7_E10b_T12a,N7,arxiv_sh_003,single_specific,train,1.0,0.6943473221389912,1.0,0.8981157740463304,384.54491996765137
N7_E10b_T12a,N7,arxiv_sh_004,single_specific,train,1.0,0.7394443861628497,1.0,0.91314812872095,384.54491996765137
N7_E10b_T12a,N7,arxiv_sh_005,single_specific,train,1.0,0.8200521452253732,1.0,0.9400173817417912,384.54491996765137
N7_E10b_T12a,N7,arxiv_sh_006,single_specific,train,0.5,0.0,1.0,0.5,384.54491996765137
N7_E10b_T12a,N7,arxiv_sh_007,single_specific,train,1.0,0.9906250131870598,1.0,0.9968750043956868,384.54491996765137
N7_E10b_T12a,N7,arxiv_sh_008,single_specific,train,0.0,0.0,1.0,0.3333333333333333,384.54491996765137
N7_E10b_T12a,N7,arxiv_sh_009,single_specific,train,0.0,0.9448150844406066,1.0,0.6482716948135355,384.54491996765137
N7_E10b_T12a,N7,arxiv_sh_010,single_specific,test,1.0,0.0,0.0,0.3333333333333333,384.54491996765137
N7_E10b_T12a,N7,arxiv_sh_011,single_specific,train,1.0,0.869934815840117,1.0,0.9566449386133724,384.54491996765137
N7_E10b_T12a,N7,arxiv_sh_012,single_specific,train,1.0,0.6032224676426622,1.0,0.867740822547554,384.54491996765137
N7_E10b_T12a,N7,arxiv_sh_013,single_specific,train,1.0,0.9999996155418516,1.0,0.999999871847284,384.54491996765137
N7_E10b_T12a,N7,arxiv_sh_014,single_specific,train,1.0,0.8251459126023946,1.0,0.9417153042007982,384.54491996765137
N7_E10b_T12a,N7,arxiv_sh_015,single_specific,test,1.0,0.9576127208322684,1.0,0.9858709069440896,384.54491996765137
N7_E10b_T12a,N7,arxiv_sh_016,single_specific,test,1.0,0.9332760359466828,1.0,0.9777586786488942,384.54491996765137
N7_E10b_T12a,N7,arxiv_sh_017,single_specific,test,1.0,0.827804352487709,1.0,0.9426014508292364,384.54491996765137
N7_E10b_T12a,N7,arxiv_sh_018,single_specific,test,1.0,0.6922683489430727,1.0,0.8974227829810242,384.54491996765137
N7_E10b_T12a,N7,arxiv_sh_019,single_specific,test,0.25,1.0,1.0,0.75,384.54491996765137
N7_E10b_T12a,N7,arxiv_sh_020,single_specific,train,1.0,0.9805711854873538,1.0,0.9935237284957846,384.54491996765137
N7_E10b_T12a,N7,arxiv_sh_021,single_specific,train,1.0,0.4222705720644604,1.0,0.8074235240214868,384.54491996765137
N7_E10b_T12a,N7,arxiv_sh_022,single_specific,test,1.0,0.9421243182810586,1.0,0.9807081060936862,384.54491996765137
N7_E10b_T12a,N7,arxiv_sh_023,single_specific,test,1.0,0.8318395962003319,1.0,0.9439465320667773,384.54491996765137
N7_E10b_T12a,N7,arxiv_sh_024,single_specific,test,1.0,0.9594108203871224,1.0,0.986470273462374,384.54491996765137
N7_E10b_T12a,N7,arxiv_sh_025,single_specific,train,0.8,0.8549048415475291,1.0,0.8849682805158431,384.54491996765137
N7_E10b_T12a,N7,arxiv_sh_026,single_specific,train,0.5,0.930384984302315,1.0,0.8101283281007716,384.54491996765137
N7_E10b_T12a,N7,arxiv_sh_027,single_specific,test,1.0,0.8451920746640059,1.0,0.9483973582213352,384.54491996765137
N7_E10b_T12a,N7,arxiv_sh_028,single_specific,train,1.0,0.918613208924182,1.0,0.972871069641394,384.54491996765137
N7_E10b_T12a,N7,arxiv_sh_029,single_specific,test,1.0,0.968448757331998,1.0,0.989482919110666,384.54491996765137
N7_E10b_T12a,N7,arxiv_sh_030,single_specific,test,1.0,0.9508478274518258,1.0,0.983615942483942,384.54491996765137
N7_E10b_T12a,N7,arxiv_sh_031,single_specific,test,1.0,0.9667705889549284,1.0,0.9889235296516428,384.54491996765137
N7_E10b_T12a,N7,arxiv_sh_032,single_specific,test,1.0,0.8129045722637817,1.0,0.9376348574212606,384.54491996765137
N7_E10b_T12a,N7,arxiv_sh_033,single_specific,train,1.0,0.8563489982115633,0.0,0.6187829994038544,384.54491996765137
N7_E10b_T12a,N7,arxiv_sh_034,single_specific,train,1.0,0.9803398705965776,1.0,0.9934466235321924,384.54491996765137
N7_E10b_T12a,N7,arxiv_agg_000,aggregate_cross_paper,train,1.0,0.7555830444887138,1.0,0.918527681496238,384.54491996765137
N7_E10b_T12a,N7,arxiv_agg_001,aggregate_cross_paper,test,1.0,0.0,0.25,0.4166666666666667,384.54491996765137
N7_E10b_T12a,N7,arxiv_agg_002,aggregate_cross_paper,test,0.8571428571428571,0.0,0.25,0.369047619047619,384.54491996765137
N7_E10b_T12a,N7,arxiv_agg_003,aggregate_cross_paper,test,0.6666666666666666,0.784303324105167,0.0,0.4836566635906112,384.54491996765137
N7_E10b_T12a,N7,arxiv_agg_004,aggregate_cross_paper,train,1.0,0.6386668221802229,1.0,0.8795556073934075,384.54491996765137
N7_E10b_T12a,N7,arxiv_agg_005,aggregate_cross_paper,train,1.0,0.7981269247987988,1.0,0.9327089749329328,384.54491996765137
N7_E10b_T12a,N7,arxiv_agg_006,aggregate_cross_paper,test,0.3333333333333333,0.7045118843230279,0.5,0.5126150725521205,384.54491996765137
N7_E10b_T12a,N7,arxiv_agg_007,aggregate_cross_paper,train,1.0,0.7593424616171527,1.0,0.9197808205390507,384.54491996765137
N7_E10b_T12a,N7,arxiv_agg_008,aggregate_cross_paper,test,0.7777777777777778,0.7668702417238594,1.0,0.8482160065005457,384.54491996765137
N7_E10b_T12a,N7,arxiv_agg_009,aggregate_cross_paper,train,0.4285714285714285,0.9386112139926224,0.75,0.7057275475213504,384.54491996765137
N7_E10b_T12a,N7,arxiv_agg_010,aggregate_cross_paper,train,0.6666666666666666,0.8133010043145332,1.0,0.8266558903270665,384.54491996765137
N7_E10b_T12a,N7,arxiv_agg_011,aggregate_cross_paper,train,1.0,0.0,0.75,0.5833333333333334,384.54491996765137
N7_E10b_T12a,N7,arxiv_agg_012,aggregate_cross_paper,train,0.75,0.5250511184303766,0.0,0.4250170394767922,384.54491996765137
N7_E10b_T12a,N7,arxiv_agg_013,aggregate_cross_paper,train,1.0,0.7651492677485581,1.0,0.9217164225828528,384.54491996765137
N7_E10b_T12a,N7,arxiv_agg_014,aggregate_cross_paper,test,1.0,0.0,0.0,0.3333333333333333,384.54491996765137
N7_E10b_T12a,N7,arxiv_agg_015,aggregate_cross_paper,train,0.7777777777777778,0.0,0.5,0.4259259259259259,384.54491996765137
N7_E10b_T12a,N7,arxiv_agg_016,aggregate_cross_paper,train,1.0,0.7732053319658595,0.25,0.6744017773219532,384.54491996765137
N7_E10b_T12a,N7,arxiv_agg_017,aggregate_cross_paper,test,0.5,0.9202373964686984,0.5,0.6400791321562328,384.54491996765137
N7_E10b_T12a,N7,arxiv_agg_018,aggregate_cross_paper,train,0.5,0.705083953460032,0.5,0.5683613178200106,384.54491996765137
N7_E10b_T12a,N7,arxiv_agg_019,aggregate_cross_paper,train,1.0,0.6825077305594117,0.0,0.5608359101864706,384.54491996765137
N7_E10b_T12a,N7,arxiv_agg_020,aggregate_cross_paper,test,0.8,0.7243152455124465,0.5,0.6747717485041488,384.54491996765137
N7_E10b_T12a,N7,arxiv_agg_021,aggregate_cross_paper,test,0.1428571428571428,0.931200661731339,0.0,0.3580192681961606,384.54491996765137
N7_E10b_T12a,N7,arxiv_agg_022,aggregate_cross_paper,train,0.7142857142857143,0.599033479116878,0.75,0.6877730644675308,384.54491996765137
N7_E10b_T12a,N7,arxiv_agg_023,aggregate_cross_paper,test,1.0,0.6779514995393805,0.25,0.6426504998464602,384.54491996765137
N7_E10b_T12a,N7,arxiv_agg_024,aggregate_cross_paper,test,1.0,0.7657338081656486,1.0,0.9219112693885496,384.54491996765137
N7_E10b_T12a,N7,arxiv_agg_025,aggregate_cross_paper,train,0.75,0.0,0.0,0.25,384.54491996765137
N7_E10b_T12a,N7,arxiv_agg_026,aggregate_cross_paper,train,0.75,0.0,0.0,0.25,384.54491996765137
N7_E10b_T12a,N7,arxiv_agg_027,aggregate_cross_paper,train,0.75,0.0,0.0,0.25,384.54491996765137
N7_E10b_T12a,N7,arxiv_agg_028,aggregate_cross_paper,train,1.0,0.63300207141754,0.0,0.5443340238058466,384.54491996765137
N7_E10b_T12a,N7,arxiv_agg_029,aggregate_cross_paper,test,1.0,0.5967157271333514,1.0,0.8655719090444505,384.54491996765137
N7_E10b_T12a,N7,arxiv_agg_030,aggregate_cross_paper,train,0.4,0.6331551222432565,0.0,0.3443850407477522,384.54491996765137
N7_E10b_T12a,N7,arxiv_agg_031,aggregate_cross_paper,train,1.0,0.7516684342001624,0.5,0.7505561447333875,384.54491996765137
N7_E10b_T12a,N7,arxiv_agg_032,aggregate_cross_paper,test,0.9,0.8295925687931972,1.0,0.9098641895977324,384.54491996765137
N7_E10b_T12a,N7,arxiv_edge_000,edge_multihop,test,1.0,0.6222378473530366,1.0,0.8740792824510123,384.54491996765137
N7_E10b_T12a,N7,arxiv_edge_001,edge_multihop,test,0.4285714285714285,0.8719632804878681,0.75,0.6835115696864321,384.54491996765137
N7_E10b_T12a,N7,arxiv_edge_002,edge_multihop,test,1.0,0.7690997861946623,1.0,0.9230332620648874,384.54491996765137
N7_E10b_T12a,N7,arxiv_edge_003,edge_multihop,test,0.6,0.0,0.0,0.1999999999999999,384.54491996765137
N7_E10b_T12a,N7,arxiv_edge_004,edge_multihop,test,0.0,0.6292960040323452,0.0,0.2097653346774484,384.54491996765137
N7_E10b_T12a,N7,arxiv_edge_005,edge_multihop,train,0.2,0.7385814970690237,0.25,0.3961938323563412,384.54491996765137
N7_E10b_T12a,N7,arxiv_edge_006,edge_multihop,test,1.0,0.8023202083488106,0.25,0.6841067361162702,384.54491996765137
N7_E10b_T12a,N7,arxiv_edge_007,edge_multihop,test,0.5714285714285714,0.6673105844274488,0.25,0.4962463852853401,384.54491996765137
N7_E10b_T12a,N7,arxiv_edge_008,edge_multihop,test,0.2,0.6704442142875026,0.75,0.5401480714291675,384.54491996765137
N7_E10b_T12a,N7,arxiv_edge_009,edge_multihop,train,0.4285714285714285,0.8319060713283258,0.0,0.4201591666332514,384.54491996765137
N7_E10b_T12a,N7,arxiv_edge_010,edge_multihop,train,0.5714285714285714,0.7393793952345833,0.5,0.6036026555543849,384.54491996765137
N7_E10b_T12a,N7,arxiv_edge_011,edge_multihop,test,1.0,0.0,0.0,0.3333333333333333,384.54491996765137
N7_E10b_T12a,N7,arxiv_edge_012,edge_multihop,test,0.8333333333333334,0.7507040872067153,0.0,0.5280124735133496,384.54491996765137
N7_E10b_T12a,N7,arxiv_edge_013,edge_multihop,test,1.0,0.8086355558237188,0.0,0.6028785186079063,384.54491996765137
N7_E10b_T12a,N7,arxiv_edge_014,edge_multihop,test,1.0,0.6075420370435818,0.25,0.6191806790145272,384.54491996765137
N7_E10b_T12a,N7,arxiv_edge_015,edge_multihop,train,0.8,0.7743941011087926,1.0,0.8581313670362642,384.54491996765137
N7_E10b_T12a,N7,arxiv_edge_016,edge_multihop,train,0.875,0.775465910625411,0.0,0.5501553035418038,384.54491996765137
N7_E10b_T12a,N7,arxiv_edge_017,edge_multihop,train,0.5555555555555556,0.5306944715620258,0.0,0.3620833423725271,384.54491996765137
N7_E10b_T12a,N7,arxiv_edge_018,edge_multihop,train,0.8333333333333334,0.6900678920598796,0.0,0.5078004084644043,384.54491996765137
N7_E10b_T12a,N7,arxiv_edge_019,edge_multihop,train,0.2,0.8654565227053339,0.25,0.4384855075684446,384.54491996765137
N7_E10b_T12a,N7,arxiv_edge_020,edge_multihop,train,1.0,0.8735146733618119,1.0,0.9578382244539372,384.54491996765137
N7_E10b_T12a,N7,arxiv_edge_021,edge_multihop,test,0.4285714285714285,0.8005679512611842,0.5,0.5763797932775375,384.54491996765137
N7_E10b_T12a,N7,arxiv_edge_022,edge_multihop,test,0.7777777777777778,0.704363394264367,0.0,0.4940470573473816,384.54491996765137
N7_E10b_T12a,N7,arxiv_edge_023,edge_multihop,train,0.4,0.7615802733506923,0.0,0.3871934244502308,384.54491996765137
N7_E10b_T12a,N7,arxiv_edge_024,edge_multihop,train,1.0,0.0,0.25,0.4166666666666667,384.54491996765137
N7_E10b_T12a,N7,arxiv_edge_025,edge_multihop,train,0.5,0.8011209839459754,0.0,0.4337069946486585,384.54491996765137
N7_E10b_T12a,N7,arxiv_edge_026,edge_multihop,test,1.0,0.8321229680703509,1.0,0.9440409893567836,384.54491996765137
N7_E10b_T12a,N7,arxiv_edge_027,edge_multihop,test,0.7142857142857143,0.6766436266128083,0.5,0.6303097802995076,384.54491996765137
N7_E10b_T12a,N7,arxiv_edge_028,edge_multihop,test,0.8333333333333334,0.665305445868933,0.0,0.4995462597340888,384.54491996765137
N7_E10b_T12a,N7,arxiv_edge_029,edge_multihop,train,0.8571428571428571,0.0,0.5,0.4523809523809524,384.54491996765137
N7_E10b_T12a,N7,arxiv_edge_030,edge_multihop,train,0.6666666666666666,0.0,0.75,0.4722222222222221,384.54491996765137
N7_E10b_T12a,N7,arxiv_edge_031,edge_multihop,test,0.6,0.8821248653248196,0.75,0.7440416217749398,384.54491996765137
N7_E10b_T12a,N7,arxiv_edge_032,edge_multihop,test,0.4,0.0,0.25,0.2166666666666666,384.54491996765137
N7_E10b_T12a,N7,arxiv_edge_033,edge_multihop,test,0.5714285714285714,0.8618415341181526,0.5,0.6444233685155747,384.54491996765137
N7_E10b_T12a,N7,arxiv_sh_035,single_specific,test,1.0,0.938478142138762,1.0,0.979492714046254,384.54491996765137
N7_E10b_T12a,N7,arxiv_sh_036,single_specific,train,1.0,0.9964095299368274,1.0,0.9988031766456092,384.54491996765137
N7_E10b_T12a,N7,arxiv_sh_037,single_specific,test,1.0,0.6184499364178987,1.0,0.8728166454726329,384.54491996765137
N7_E10b_T12a,N7,arxiv_sh_038,single_specific,test,1.0,0.9118376299497708,1.0,0.9706125433165904,384.54491996765137
N7_E10b_T12a,N7,arxiv_sh_039,single_specific,test,1.0,0.8100950224184548,1.0,0.9366983408061516,384.54491996765137
N7_E10b_T12a,N7,arxiv_sh_040,single_specific,train,1.0,0.959898889248642,1.0,0.9866329630828808,384.54491996765137
N7_E10b_T12a,N7,arxiv_sh_041,single_specific,test,0.75,1.0,1.0,0.9166666666666666,384.54491996765137
N7_E10b_T12a,N7,arxiv_sh_042,single_specific,train,1.0,0.8834900020804339,1.0,0.9611633340268112,384.54491996765137
N7_E10b_T12a,N7,arxiv_sh_043,single_specific,test,1.0,0.959492585596395,1.0,0.9864975285321316,384.54491996765137
N7_E10b_T12a,N7,arxiv_sh_044,single_specific,train,1.0,0.785261179942759,1.0,0.9284203933142532,384.54491996765137
N7_E10b_T12a,N7,arxiv_sh_045,single_specific,train,0.4,0.707604803627409,0.5,0.535868267875803,384.54491996765137
N7_E10b_T12a,N7,arxiv_sh_046,single_specific,train,0.5,0.9051561064868038,1.0,0.8017187021622679,384.54491996765137
N7_E10b_T12a,N7,arxiv_sh_047,single_specific,train,1.0,0.93894510692781,1.0,0.9796483689759368,384.54491996765137
N7_E10b_T12a,N7,arxiv_sh_048,single_specific,train,1.0,0.9167787208303744,1.0,0.9722595736101248,384.54491996765137
N7_E10b_T12a,N7,arxiv_sh_049,single_specific,test,1.0,0.7401438142396061,1.0,0.913381271413202,384.54491996765137
N7_E10b_T12a,N7,arxiv_sh_050,single_specific,train,0.8333333333333334,0.985988180467,1.0,0.9397738379334444,384.54491996765137
N7_E10b_T12a,N7,arxiv_sh_051,single_specific,test,1.0,0.9718686707972616,1.0,0.9906228902657538,384.54491996765137
N7_E10b_T12a,N7,arxiv_sh_052,single_specific,test,1.0,0.7749956164040845,1.0,0.9249985388013616,384.54491996765137
N7_E10b_T12a,N7,arxiv_sh_053,single_specific,train,1.0,0.831799149547805,1.0,0.9439330498492684,384.54491996765137
N7_E10b_T12a,N7,arxiv_sh_054,single_specific,test,1.0,0.8397516086374021,1.0,0.9465838695458006,384.54491996765137
N7_E10b_T12a,N7,arxiv_sh_055,single_specific,test,1.0,0.8917993183164783,1.0,0.9639331061054928,384.54491996765137
N7_E10b_T12a,N7,arxiv_sh_056,single_specific,test,1.0,0.9009693754237564,1.0,0.9669897918079188,384.54491996765137
N7_E10b_T12a,N7,arxiv_sh_057,single_specific,train,1.0,0.8058737557319934,1.0,0.9352912519106644,384.54491996765137
N7_E10b_T12a,N7,arxiv_sh_058,single_specific,test,1.0,0.9622970739619128,1.0,0.9874323579873042,384.54491996765137
N7_E10b_T12a,N7,arxiv_sh_059,single_specific,train,1.0,0.9301417418585302,1.0,0.9767139139528432,384.54491996765137
N7_E10b_T12a,N7,arxiv_sh_060,single_specific,train,0.5,0.9760378611529068,1.0,0.8253459537176355,384.54491996765137
N7_E10b_T12a,N7,arxiv_sh_061,single_specific,train,0.0,0.0,1.0,0.3333333333333333,384.54491996765137
N7_E10b_T12a,N7,arxiv_sh_062,single_specific,train,1.0,0.0,1.0,0.6666666666666666,384.54491996765137
N7_E10b_T12a,N7,arxiv_sh_063,single_specific,test,1.0,0.9792827040809696,1.0,0.9930942346936564,384.54491996765137
N7_E10b_T12a,N7,arxiv_sh_064,single_specific,test,1.0,0.8696035001263284,1.0,0.9565345000421096,384.54491996765137
N7_E10b_T12a,N7,arxiv_sh_065,single_specific,train,1.0,0.7976733512158792,0.75,0.849224450405293,384.54491996765137
N7_E10b_T12a,N7,arxiv_sh_066,single_specific,test,1.0,0.9937355754076632,1.0,0.9979118584692211,384.54491996765137
N7_E10b_T12a,N7,arxiv_sh_067,single_specific,test,1.0,0.7396705469826196,0.0,0.5798901823275399,384.54491996765137
N7_E10b_T12a,N7,arxiv_sh_068,single_specific,test,0.6666666666666666,0.985464319936336,1.0,0.8840436622010008,384.54491996765137
N7_E10b_T12a,N7,arxiv_sh_069,single_specific,test,0.3333333333333333,0.0,1.0,0.4444444444444444,384.54491996765137
N7_E10b_T12a,N7,arxiv_sh_070,single_specific,test,0.5,0.6325938907466214,0.0,0.3775312969155404,384.54491996765137
N7_E10b_T12a,N7,arxiv_sh_071,single_specific,train,1.0,0.9443715373429976,1.0,0.9814571791143324,384.54491996765137
N7_E10b_T12a,N7,arxiv_sh_072,single_specific,test,1.0,0.90967568235072,1.0,0.9698918941169068,384.54491996765137
N7_E10b_T12a,N7,arxiv_sh_073,single_specific,test,1.0,0.7286463049591095,1.0,0.9095487683197032,384.54491996765137
N7_E10b_T12a,N7,arxiv_sh_074,single_specific,test,1.0,0.9200751415286744,1.0,0.9733583805095584,384.54491996765137
N7_E10b_T12a,N7,arxiv_sh_075,single_specific,train,0.6,0.9400690623436154,1.0,0.8466896874478719,384.54491996765137
N7_E10b_T12a,N7,arxiv_sh_076,single_specific,test,0.3333333333333333,0.0,0.0,0.1111111111111111,384.54491996765137
N7_E10b_T12a,N7,arxiv_sh_077,single_specific,train,1.0,0.9999999999999996,1.0,1.0,384.54491996765137
N7_E10b_T12a,N7,arxiv_sh_078,single_specific,train,1.0,0.9575251800213714,1.0,0.9858417266737906,384.54491996765137
N7_E10b_T12a,N7,arxiv_sh_079,single_specific,test,1.0,0.7684440961491451,1.0,0.9228146987163818,384.54491996765137
N7_E10b_T12a,N7,arxiv_sh_080,single_specific,test,1.0,0.9273806279772504,1.0,0.9757935426590836,384.54491996765137
N7_E10b_T12a,N7,arxiv_sh_081,single_specific,train,1.0,0.9653620360804588,1.0,0.9884540120268196,384.54491996765137
N7_E10b_T12a,N7,arxiv_sh_082,single_specific,train,1.0,0.7016725895346576,1.0,0.9005575298448859,384.54491996765137
N7_E10b_T12b,N7,arxiv_sh_000,single_specific,test,0.0,0.0,1.0,0.3333333333333333,391.1049690246582
N7_E10b_T12b,N7,arxiv_sh_001,single_specific,test,1.0,0.9242925683916864,1.0,0.9747641894638956,391.1049690246582
N7_E10b_T12b,N7,arxiv_sh_002,single_specific,test,1.0,0.8587441312755876,0.75,0.8695813770918625,391.1049690246582
N7_E10b_T12b,N7,arxiv_sh_003,single_specific,train,1.0,0.6943473221389912,1.0,0.8981157740463304,391.1049690246582
N7_E10b_T12b,N7,arxiv_sh_004,single_specific,train,1.0,0.7394443861628497,1.0,0.91314812872095,391.1049690246582
N7_E10b_T12b,N7,arxiv_sh_005,single_specific,train,1.0,0.8091373019687821,1.0,0.9363791006562608,391.1049690246582
N7_E10b_T12b,N7,arxiv_sh_006,single_specific,train,0.5,0.0,1.0,0.5,391.1049690246582
N7_E10b_T12b,N7,arxiv_sh_007,single_specific,train,1.0,0.9906250131870598,1.0,0.9968750043956868,391.1049690246582
N7_E10b_T12b,N7,arxiv_sh_008,single_specific,train,0.0,0.0,1.0,0.3333333333333333,391.1049690246582
N7_E10b_T12b,N7,arxiv_sh_009,single_specific,train,0.6666666666666666,0.5455593830763349,1.0,0.7374086832476672,391.1049690246582
N7_E10b_T12b,N7,arxiv_sh_010,single_specific,test,1.0,0.0,0.0,0.3333333333333333,391.1049690246582
N7_E10b_T12b,N7,arxiv_sh_011,single_specific,train,1.0,0.824165860462474,1.0,0.941388620154158,391.1049690246582
N7_E10b_T12b,N7,arxiv_sh_012,single_specific,train,1.0,0.8345974058374149,1.0,0.9448658019458048,391.1049690246582
N7_E10b_T12b,N7,arxiv_sh_013,single_specific,train,1.0,1.0,1.0,1.0,391.1049690246582
N7_E10b_T12b,N7,arxiv_sh_014,single_specific,train,1.0,0.8251332964945753,1.0,0.941711098831525,391.1049690246582
N7_E10b_T12b,N7,arxiv_sh_015,single_specific,test,1.0,0.9575935861462131,1.0,0.9858645287154044,391.1049690246582
N7_E10b_T12b,N7,arxiv_sh_016,single_specific,test,0.3333333333333333,0.9332404074097546,1.0,0.755524580247696,391.1049690246582
N7_E10b_T12b,N7,arxiv_sh_017,single_specific,test,1.0,0.827804352487709,1.0,0.9426014508292364,391.1049690246582
N7_E10b_T12b,N7,arxiv_sh_018,single_specific,test,1.0,0.7754008413880816,1.0,0.9251336137960272,391.1049690246582
N7_E10b_T12b,N7,arxiv_sh_019,single_specific,test,0.3333333333333333,0.9999996687254664,1.0,0.7777776673529333,391.1049690246582
N7_E10b_T12b,N7,arxiv_sh_020,single_specific,train,1.0,0.9805655130597368,1.0,0.993521837686579,391.1049690246582
N7_E10b_T12b,N7,arxiv_sh_021,single_specific,train,1.0,0.4223323900333562,1.0,0.8074441300111187,391.1049690246582
N7_E10b_T12b,N7,arxiv_sh_022,single_specific,test,1.0,0.942713724780194,1.0,0.9809045749267312,391.1049690246582
N7_E10b_T12b,N7,arxiv_sh_023,single_specific,test,1.0,0.8318395962003319,1.0,0.9439465320667773,391.1049690246582
N7_E10b_T12b,N7,arxiv_sh_024,single_specific,test,1.0,0.9604578675642113,1.0,0.9868192891880704,391.1049690246582
N7_E10b_T12b,N7,arxiv_sh_025,single_specific,train,0.6,0.8549244353424117,1.0,0.8183081451141372,391.1049690246582
N7_E10b_T12b,N7,arxiv_sh_026,single_specific,train,1.0,0.9102625591275798,1.0,0.9700875197091932,391.1049690246582
N7_E10b_T12b,N7,arxiv_sh_027,single_specific,test,1.0,0.8388755010069773,1.0,0.9462918336689924,391.1049690246582
N7_E10b_T12b,N7,arxiv_sh_028,single_specific,train,0.75,0.918613208924182,1.0,0.8895377363080607,391.1049690246582
N7_E10b_T12b,N7,arxiv_sh_029,single_specific,test,1.0,0.9451440769637796,1.0,0.98171469232126,391.1049690246582
N7_E10b_T12b,N7,arxiv_sh_030,single_specific,test,1.0,0.9507823396245496,1.0,0.9835941132081832,391.1049690246582
N7_E10b_T12b,N7,arxiv_sh_031,single_specific,test,1.0,0.9668504686888894,1.0,0.9889501562296298,391.1049690246582
N7_E10b_T12b,N7,arxiv_sh_032,single_specific,test,1.0,0.8129045722637817,1.0,0.9376348574212606,391.1049690246582
N7_E10b_T12b,N7,arxiv_sh_033,single_specific,train,1.0,0.8563254743681646,0.0,0.6187751581227215,391.1049690246582
N7_E10b_T12b,N7,arxiv_sh_034,single_specific,train,1.0,0.9803398705965776,1.0,0.9934466235321924,391.1049690246582
N7_E10b_T12b,N7,arxiv_agg_000,aggregate_cross_paper,train,1.0,0.755595222540564,1.0,0.9185317408468548,391.1049690246582
N7_E10b_T12b,N7,arxiv_agg_001,aggregate_cross_paper,test,1.0,0.0,0.25,0.4166666666666667,391.1049690246582
N7_E10b_T12b,N7,arxiv_agg_002,aggregate_cross_paper,test,0.8571428571428571,0.0,0.25,0.369047619047619,391.1049690246582
N7_E10b_T12b,N7,arxiv_agg_003,aggregate_cross_paper,test,0.6666666666666666,0.7842571673936201,0.0,0.4836412780200955,391.1049690246582
N7_E10b_T12b,N7,arxiv_agg_004,aggregate_cross_paper,train,1.0,0.6944224363621981,1.0,0.8981408121207327,391.1049690246582
N7_E10b_T12b,N7,arxiv_agg_005,aggregate_cross_paper,train,1.0,0.7980881749947789,1.0,0.932696058331593,391.1049690246582
N7_E10b_T12b,N7,arxiv_agg_006,aggregate_cross_paper,test,0.6666666666666666,0.7045118843230279,0.5,0.6237261836632315,391.1049690246582
N7_E10b_T12b,N7,arxiv_agg_007,aggregate_cross_paper,train,1.0,0.7583388783290793,1.0,0.9194462927763598,391.1049690246582
N7_E10b_T12b,N7,arxiv_agg_008,aggregate_cross_paper,test,1.0,0.8051986668048808,1.0,0.9350662222682936,391.1049690246582
N7_E10b_T12b,N7,arxiv_agg_009,aggregate_cross_paper,train,0.4285714285714285,0.9386215901284292,0.75,0.705731006233286,391.1049690246582
N7_E10b_T12b,N7,arxiv_agg_010,aggregate_cross_paper,train,0.8571428571428571,0.8142886457001901,1.0,0.8904771676143491,391.1049690246582
N7_E10b_T12b,N7,arxiv_agg_011,aggregate_cross_paper,train,1.0,0.0,0.75,0.5833333333333334,391.1049690246582
N7_E10b_T12b,N7,arxiv_agg_012,aggregate_cross_paper,train,0.7142857142857143,0.7649437388898744,0.0,0.4930764843918629,391.1049690246582
N7_E10b_T12b,N7,arxiv_agg_013,aggregate_cross_paper,train,1.0,0.7633280869121988,1.0,0.9211093623040664,391.1049690246582
N7_E10b_T12b,N7,arxiv_agg_014,aggregate_cross_paper,test,1.0,0.0,0.0,0.3333333333333333,391.1049690246582
N7_E10b_T12b,N7,arxiv_agg_015,aggregate_cross_paper,train,0.7777777777777778,0.0,0.75,0.5092592592592592,391.1049690246582
N7_E10b_T12b,N7,arxiv_agg_016,aggregate_cross_paper,train,1.0,0.7731662747157088,0.25,0.6743887582385696,391.1049690246582
N7_E10b_T12b,N7,arxiv_agg_017,aggregate_cross_paper,test,0.25,0.9202373964686984,0.5,0.5567457988228995,391.1049690246582
N7_E10b_T12b,N7,arxiv_agg_018,aggregate_cross_paper,train,0.625,0.705120682948854,0.5,0.610040227649618,391.1049690246582
N7_E10b_T12b,N7,arxiv_agg_019,aggregate_cross_paper,train,1.0,0.6826338487021185,0.0,0.5608779495673728,391.1049690246582
N7_E10b_T12b,N7,arxiv_agg_020,aggregate_cross_paper,test,1.0,0.7243259201129423,0.75,0.8247753067043141,391.1049690246582
N7_E10b_T12b,N7,arxiv_agg_021,aggregate_cross_paper,test,0.3333333333333333,0.931200661731339,0.0,0.4215113316882241,391.1049690246582
N7_E10b_T12b,N7,arxiv_agg_022,aggregate_cross_paper,train,0.7142857142857143,0.4518254387281765,0.75,0.638703717671297,391.1049690246582
N7_E10b_T12b,N7,arxiv_agg_023,aggregate_cross_paper,test,1.0,0.6813663737355022,0.25,0.6437887912451674,391.1049690246582
N7_E10b_T12b,N7,arxiv_agg_024,aggregate_cross_paper,test,1.0,0.814775391477899,1.0,0.9382584638259664,391.1049690246582
N7_E10b_T12b,N7,arxiv_agg_025,aggregate_cross_paper,train,1.0,0.0,0.0,0.3333333333333333,391.1049690246582
N7_E10b_T12b,N7,arxiv_agg_026,aggregate_cross_paper,train,1.0,0.0,0.0,0.3333333333333333,391.1049690246582
N7_E10b_T12b,N7,arxiv_agg_027,aggregate_cross_paper,train,1.0,0.0,0.0,0.3333333333333333,391.1049690246582
N7_E10b_T12b,N7,arxiv_agg_028,aggregate_cross_paper,train,1.0,0.5827633399874079,0.0,0.5275877799958026,391.1049690246582
N7_E10b_T12b,N7,arxiv_agg_029,aggregate_cross_paper,test,1.0,0.5974102778640561,1.0,0.8658034259546854,391.1049690246582
N7_E10b_T12b,N7,arxiv_agg_030,aggregate_cross_paper,train,0.6,0.6289093699095502,0.0,0.4096364566365167,391.1049690246582
N7_E10b_T12b,N7,arxiv_agg_031,aggregate_cross_paper,train,1.0,0.7515683842706089,0.5,0.7505227947568697,391.1049690246582
N7_E10b_T12b,N7,arxiv_agg_032,aggregate_cross_paper,test,0.9,0.8250605071403089,1.0,0.9083535023801028,391.1049690246582
N7_E10b_T12b,N7,arxiv_edge_000,edge_multihop,test,1.0,0.6525146663548517,1.0,0.8841715554516173,391.1049690246582
N7_E10b_T12b,N7,arxiv_edge_001,edge_multihop,test,0.7142857142857143,0.7840297338109291,0.75,0.749438482698881,391.1049690246582
N7_E10b_T12b,N7,arxiv_edge_002,edge_multihop,test,0.75,0.7902373238131511,1.0,0.8467457746043837,391.1049690246582
N7_E10b_T12b,N7,arxiv_edge_003,edge_multihop,test,0.2857142857142857,0.7482777974469942,0.0,0.3446640277204266,391.1049690246582
N7_E10b_T12b,N7,arxiv_edge_004,edge_multihop,test,0.2,0.6292960040323452,0.0,0.276432001344115,391.1049690246582
N7_E10b_T12b,N7,arxiv_edge_005,edge_multihop,train,0.7777777777777778,0.7370813139548404,0.0,0.5049530305775395,391.1049690246582
N7_E10b_T12b,N7,arxiv_edge_006,edge_multihop,test,1.0,0.797791357537401,0.5,0.765930452512467,391.1049690246582
N7_E10b_T12b,N7,arxiv_edge_007,edge_multihop,test,0.8,0.6673686934311206,0.25,0.5724562311437068,391.1049690246582
N7_E10b_T12b,N7,arxiv_edge_008,edge_multihop,test,0.4,0.6704451681030884,0.75,0.6068150560343628,391.1049690246582
N7_E10b_T12b,N7,arxiv_edge_009,edge_multihop,train,0.2857142857142857,0.8557775335064742,0.0,0.3804972730735866,391.1049690246582
N7_E10b_T12b,N7,arxiv_edge_010,edge_multihop,train,0.5714285714285714,0.7393914391363826,0.5,0.6036066701883179,391.1049690246582
N7_E10b_T12b,N7,arxiv_edge_011,edge_multihop,test,1.0,0.0,0.0,0.3333333333333333,391.1049690246582
N7_E10b_T12b,N7,arxiv_edge_012,edge_multihop,test,0.5,0.7877311157575325,0.0,0.4292437052525108,391.1049690246582
N7_E10b_T12b,N7,arxiv_edge_013,edge_multihop,test,1.0,0.8086502671353526,0.0,0.6028834223784508,391.1049690246582
N7_E10b_T12b,N7,arxiv_edge_014,edge_multihop,test,0.9,0.6814890647820244,0.25,0.6104963549273416,391.1049690246582
N7_E10b_T12b,N7,arxiv_edge_015,edge_multihop,train,0.8,0.8089934900751566,0.5,0.7029978300250522,391.1049690246582
N7_E10b_T12b,N7,arxiv_edge_016,edge_multihop,train,0.8888888888888888,0.7731156245651802,0.0,0.5540015044846897,391.1049690246582
N7_E10b_T12b,N7,arxiv_edge_017,edge_multihop,train,0.4444444444444444,0.6407618573105845,0.0,0.3617354339183429,391.1049690246582
N7_E10b_T12b,N7,arxiv_edge_018,edge_multihop,train,1.0,0.7223858718069437,0.0,0.5741286239356479,391.1049690246582
N7_E10b_T12b,N7,arxiv_edge_019,edge_multihop,train,0.6,0.8654565227053338,0.25,0.5718188409017779,391.1049690246582
N7_E10b_T12b,N7,arxiv_edge_020,edge_multihop,train,1.0,0.8143973716292181,1.0,0.9381324572097394,391.1049690246582
N7_E10b_T12b,N7,arxiv_edge_021,edge_multihop,test,0.4,0.7859714618988656,0.5,0.5619904872996219,391.1049690246582
N7_E10b_T12b,N7,arxiv_edge_022,edge_multihop,test,1.0,0.74089404805506,0.0,0.5802980160183533,391.1049690246582
N7_E10b_T12b,N7,arxiv_edge_023,edge_multihop,train,0.4,0.7579138465770873,0.0,0.3859712821923624,391.1049690246582
N7_E10b_T12b,N7,arxiv_edge_024,edge_multihop,train,1.0,0.0,0.25,0.4166666666666667,391.1049690246582
N7_E10b_T12b,N7,arxiv_edge_025,edge_multihop,train,0.5714285714285714,0.8161433813842357,0.0,0.4625239842709357,391.1049690246582
N7_E10b_T12b,N7,arxiv_edge_026,edge_multihop,test,1.0,0.832134117939642,1.0,0.9440447059798808,391.1049690246582
N7_E10b_T12b,N7,arxiv_edge_027,edge_multihop,test,0.4285714285714285,0.6766436266128083,0.5,0.5350716850614122,391.1049690246582
N7_E10b_T12b,N7,arxiv_edge_028,edge_multihop,test,1.0,0.665305445868933,0.0,0.5551018152896443,391.1049690246582
N7_E10b_T12b,N7,arxiv_edge_029,edge_multihop,train,0.7142857142857143,0.8335595736660731,0.5,0.6826150959839291,391.1049690246582
N7_E10b_T12b,N7,arxiv_edge_030,edge_multihop,train,0.6666666666666666,0.0,0.75,0.4722222222222221,391.1049690246582
N7_E10b_T12b,N7,arxiv_edge_031,edge_multihop,test,0.4,0.8570426491094256,0.75,0.6690142163698085,391.1049690246582
N7_E10b_T12b,N7,arxiv_edge_032,edge_multihop,test,0.5,0.0,0.25,0.25,391.1049690246582
N7_E10b_T12b,N7,arxiv_edge_033,edge_multihop,test,0.5714285714285714,0.8593327150790729,0.5,0.6435870955025481,391.1049690246582
N7_E10b_T12b,N7,arxiv_sh_035,single_specific,test,1.0,0.9384659203171608,1.0,0.9794886401057205,391.1049690246582
N7_E10b_T12b,N7,arxiv_sh_036,single_specific,train,1.0,0.9964000405324864,1.0,0.9988000135108288,391.1049690246582
N7_E10b_T12b,N7,arxiv_sh_037,single_specific,test,1.0,0.6184499364178987,1.0,0.8728166454726329,391.1049690246582
N7_E10b_T12b,N7,arxiv_sh_038,single_specific,test,1.0,0.911829570191017,1.0,0.9706098567303392,391.1049690246582
N7_E10b_T12b,N7,arxiv_sh_039,single_specific,test,1.0,0.8100950224184548,1.0,0.9366983408061516,391.1049690246582
N7_E10b_T12b,N7,arxiv_sh_040,single_specific,train,1.0,0.958705370382431,1.0,0.9862351234608104,391.1049690246582
N7_E10b_T12b,N7,arxiv_sh_041,single_specific,test,0.75,0.9023530493047764,1.0,0.8841176831015921,391.1049690246582
N7_E10b_T12b,N7,arxiv_sh_042,single_specific,train,1.0,0.8748327324537906,1.0,0.9582775774845969,391.1049690246582
N7_E10b_T12b,N7,arxiv_sh_043,single_specific,test,1.0,0.9594984545335796,1.0,0.9864994848445264,391.1049690246582
N7_E10b_T12b,N7,arxiv_sh_044,single_specific,train,1.0,0.7852162175635684,1.0,0.9284054058545228,391.1049690246582
N7_E10b_T12b,N7,arxiv_sh_045,single_specific,train,0.4,0.7077032211042823,0.5,0.5359010737014275,391.1049690246582
N7_E10b_T12b,N7,arxiv_sh_046,single_specific,train,0.5,0.9051336509337584,1.0,0.8017112169779196,391.1049690246582
N7_E10b_T12b,N7,arxiv_sh_047,single_specific,train,1.0,0.9381819823706836,1.0,0.9793939941235612,391.1049690246582
N7_E10b_T12b,N7,arxiv_sh_048,single_specific,train,1.0,0.916760628884333,1.0,0.9722535429614444,391.1049690246582
N7_E10b_T12b,N7,arxiv_sh_049,single_specific,test,1.0,0.7401748103917236,1.0,0.913391603463908,391.1049690246582
N7_E10b_T12b,N7,arxiv_sh_050,single_specific,train,1.0,0.986006043117599,1.0,0.9953353477058664,391.1049690246582
N7_E10b_T12b,N7,arxiv_sh_051,single_specific,test,1.0,0.9718996459022028,1.0,0.9906332153007344,391.1049690246582
N7_E10b_T12b,N7,arxiv_sh_052,single_specific,test,1.0,0.6984827356231399,1.0,0.8994942452077134,391.1049690246582
N7_E10b_T12b,N7,arxiv_sh_053,single_specific,train,1.0,0.8318427190973192,1.0,0.9439475730324398,391.1049690246582
N7_E10b_T12b,N7,arxiv_sh_054,single_specific,test,1.0,0.8005638917430605,1.0,0.9335212972476868,391.1049690246582
N7_E10b_T12b,N7,arxiv_sh_055,single_specific,test,1.0,0.8901193595598208,1.0,0.9633731198532736,391.1049690246582
N7_E10b_T12b,N7,arxiv_sh_056,single_specific,test,1.0,0.9009693754237564,1.0,0.9669897918079188,391.1049690246582
N7_E10b_T12b,N7,arxiv_sh_057,single_specific,train,1.0,0.8042778428548628,1.0,0.9347592809516208,391.1049690246582
N7_E10b_T12b,N7,arxiv_sh_058,single_specific,test,1.0,0.9622970739619128,1.0,0.9874323579873042,391.1049690246582
N7_E10b_T12b,N7,arxiv_sh_059,single_specific,train,1.0,0.930143485519276,1.0,0.976714495173092,391.1049690246582
N7_E10b_T12b,N7,arxiv_sh_060,single_specific,train,0.5,0.9760378611529068,1.0,0.8253459537176355,391.1049690246582
N7_E10b_T12b,N7,arxiv_sh_061,single_specific,train,0.0,0.0,1.0,0.3333333333333333,391.1049690246582
N7_E10b_T12b,N7,arxiv_sh_062,single_specific,train,1.0,0.0,1.0,0.6666666666666666,391.1049690246582
N7_E10b_T12b,N7,arxiv_sh_063,single_specific,test,1.0,0.9792737297272812,1.0,0.9930912432424271,391.1049690246582
N7_E10b_T12b,N7,arxiv_sh_064,single_specific,test,1.0,0.8695895455475883,1.0,0.9565298485158628,391.1049690246582
N7_E10b_T12b,N7,arxiv_sh_065,single_specific,train,1.0,0.7974690771801164,0.75,0.8491563590600388,391.1049690246582
N7_E10b_T12b,N7,arxiv_sh_066,single_specific,test,1.0,0.9937387185653352,1.0,0.9979129061884452,391.1049690246582
N7_E10b_T12b,N7,arxiv_sh_067,single_specific,test,1.0,0.7542731836457713,0.0,0.5847577278819238,391.1049690246582
N7_E10b_T12b,N7,arxiv_sh_068,single_specific,test,0.6666666666666666,0.9999996067237992,1.0,0.888888757796822,391.1049690246582
N7_E10b_T12b,N7,arxiv_sh_069,single_specific,test,0.0,0.0,1.0,0.3333333333333333,391.1049690246582
N7_E10b_T12b,N7,arxiv_sh_070,single_specific,test,0.5,0.8953230655543353,0.0,0.4651076885181117,391.1049690246582
N7_E10b_T12b,N7,arxiv_sh_071,single_specific,train,1.0,0.954571205240645,1.0,0.9848570684135484,391.1049690246582
N7_E10b_T12b,N7,arxiv_sh_072,single_specific,test,1.0,0.9264483694993992,1.0,0.9754827898331332,391.1049690246582
N7_E10b_T12b,N7,arxiv_sh_073,single_specific,test,0.6666666666666666,0.7242674186118824,1.0,0.796978028426183,391.1049690246582
N7_E10b_T12b,N7,arxiv_sh_074,single_specific,test,1.0,0.9209585584994824,1.0,0.9736528528331608,391.1049690246582
N7_E10b_T12b,N7,arxiv_sh_075,single_specific,train,0.6,0.9400961436828268,1.0,0.8466987145609423,391.1049690246582
N7_E10b_T12b,N7,arxiv_sh_076,single_specific,test,0.3333333333333333,0.0,0.0,0.1111111111111111,391.1049690246582
N7_E10b_T12b,N7,arxiv_sh_077,single_specific,train,0.8,0.9999996431275991,1.0,0.9333332143758664,391.1049690246582
N7_E10b_T12b,N7,arxiv_sh_078,single_specific,train,1.0,0.9575143516527884,1.0,0.9858381172175962,391.1049690246582
N7_E10b_T12b,N7,arxiv_sh_079,single_specific,test,1.0,0.7684440961491451,1.0,0.9228146987163818,391.1049690246582
N7_E10b_T12b,N7,arxiv_sh_080,single_specific,test,1.0,0.9231738384376186,1.0,0.9743912794792062,391.1049690246582
N7_E10b_T12b,N7,arxiv_sh_081,single_specific,train,1.0,0.9653620360804588,1.0,0.9884540120268196,391.1049690246582
N7_E10b_T12b,N7,arxiv_sh_082,single_specific,train,1.0,0.7376947428575249,1.0,0.9125649142858416,391.1049690246582
N7_E10c_T12a,N7,arxiv_sh_000,single_specific,test,0.0,0.0,1.0,0.3333333333333333,405.6521577835083
N7_E10c_T12a,N7,arxiv_sh_001,single_specific,test,1.0,0.9242859463088536,1.0,0.9747619821029512,405.6521577835083
N7_E10c_T12a,N7,arxiv_sh_002,single_specific,test,1.0,0.8587108177364156,0.75,0.8695702725788053,405.6521577835083
N7_E10c_T12a,N7,arxiv_sh_003,single_specific,train,1.0,0.6943473221389912,1.0,0.8981157740463304,405.6521577835083
N7_E10c_T12a,N7,arxiv_sh_004,single_specific,train,1.0,0.7394443861628497,1.0,0.91314812872095,405.6521577835083
N7_E10c_T12a,N7,arxiv_sh_005,single_specific,train,1.0,0.8148295151010915,1.0,0.9382765050336972,405.6521577835083
N7_E10c_T12a,N7,arxiv_sh_006,single_specific,train,0.5,0.0,1.0,0.5,405.6521577835083
N7_E10c_T12a,N7,arxiv_sh_007,single_specific,train,0.75,0.990633529371913,1.0,0.9135445097906376,405.6521577835083
N7_E10c_T12a,N7,arxiv_sh_008,single_specific,train,0.0,0.0,1.0,0.3333333333333333,405.6521577835083
N7_E10c_T12a,N7,arxiv_sh_009,single_specific,train,0.6666666666666666,0.5455758641047952,1.0,0.7374141769238206,405.6521577835083
N7_E10c_T12a,N7,arxiv_sh_010,single_specific,test,1.0,0.0,0.0,0.3333333333333333,405.6521577835083
N7_E10c_T12a,N7,arxiv_sh_011,single_specific,train,1.0,0.9614316485182848,1.0,0.9871438828394284,405.6521577835083
N7_E10c_T12a,N7,arxiv_sh_012,single_specific,train,1.0,0.5675404148281711,1.0,0.8558468049427237,405.6521577835083
N7_E10c_T12a,N7,arxiv_sh_013,single_specific,train,1.0,1.0,1.0,1.0,405.6521577835083
N7_E10c_T12a,N7,arxiv_sh_014,single_specific,train,1.0,0.8251332964945753,1.0,0.941711098831525,405.6521577835083
N7_E10c_T12a,N7,arxiv_sh_015,single_specific,test,1.0,0.957584221920872,0.75,0.902528073973624,405.6521577835083
N7_E10c_T12a,N7,arxiv_sh_016,single_specific,test,1.0,0.9332404074097546,1.0,0.9777468024699182,405.6521577835083
N7_E10c_T12a,N7,arxiv_sh_017,single_specific,test,1.0,0.8275253495155064,1.0,0.942508449838502,405.6521577835083
N7_E10c_T12a,N7,arxiv_sh_018,single_specific,test,1.0,0.6923185105607476,1.0,0.8974395035202493,405.6521577835083
N7_E10c_T12a,N7,arxiv_sh_019,single_specific,test,0.25,0.9999996647159988,1.0,0.7499998882386661,405.6521577835083
N7_E10c_T12a,N7,arxiv_sh_020,single_specific,train,1.0,0.9805711854873538,1.0,0.9935237284957846,405.6521577835083
N7_E10c_T12a,N7,arxiv_sh_021,single_specific,train,1.0,0.4222806048679441,1.0,0.8074268682893146,405.6521577835083
N7_E10c_T12a,N7,arxiv_sh_022,single_specific,test,1.0,0.9421243182810586,1.0,0.9807081060936862,405.6521577835083
N7_E10c_T12a,N7,arxiv_sh_023,single_specific,test,1.0,0.8318427190973191,1.0,0.9439475730324396,405.6521577835083
N7_E10c_T12a,N7,arxiv_sh_024,single_specific,test,1.0,0.9250948818933762,1.0,0.975031627297792,405.6521577835083
N7_E10c_T12a,N7,arxiv_sh_025,single_specific,train,0.8,0.8549244353424117,1.0,0.884974811780804,405.6521577835083
N7_E10c_T12a,N7,arxiv_sh_026,single_specific,train,1.0,0.9102588958736711,1.0,0.970086298624557,405.6521577835083
N7_E10c_T12a,N7,arxiv_sh_027,single_specific,test,1.0,0.8431295820388591,1.0,0.9477098606796196,405.6521577835083
N7_E10c_T12a,N7,arxiv_sh_028,single_specific,train,0.75,0.918613208924182,1.0,0.8895377363080607,405.6521577835083
N7_E10c_T12a,N7,arxiv_sh_029,single_specific,test,1.0,0.9684900199521876,1.0,0.989496673317396,405.6521577835083
N7_E10c_T12a,N7,arxiv_sh_030,single_specific,test,1.0,0.9508278846730734,1.0,0.9836092948910244,405.6521577835083
N7_E10c_T12a,N7,arxiv_sh_031,single_specific,test,1.0,0.9668504686888894,1.0,0.9889501562296298,405.6521577835083
N7_E10c_T12a,N7,arxiv_sh_032,single_specific,test,0.5,0.7974602797300614,1.0,0.7658200932433538,405.6521577835083
N7_E10c_T12a,N7,arxiv_sh_033,single_specific,train,1.0,0.8563489982115633,0.0,0.6187829994038544,405.6521577835083
N7_E10c_T12a,N7,arxiv_sh_034,single_specific,train,1.0,0.9803398705965776,1.0,0.9934466235321926,405.6521577835083
N7_E10c_T12a,N7,arxiv_agg_000,aggregate_cross_paper,train,1.0,0.755595222540564,1.0,0.9185317408468548,405.6521577835083
N7_E10c_T12a,N7,arxiv_agg_001,aggregate_cross_paper,test,1.0,0.0,0.25,0.4166666666666667,405.6521577835083
N7_E10c_T12a,N7,arxiv_agg_002,aggregate_cross_paper,test,0.2857142857142857,0.0,0.25,0.1785714285714285,405.6521577835083
N7_E10c_T12a,N7,arxiv_agg_003,aggregate_cross_paper,test,0.625,0.7842863730718356,0.0,0.4697621243572785,405.6521577835083
N7_E10c_T12a,N7,arxiv_agg_004,aggregate_cross_paper,train,1.0,0.7342176237943648,1.0,0.9114058745981216,405.6521577835083
N7_E10c_T12a,N7,arxiv_agg_005,aggregate_cross_paper,train,1.0,0.7981269247987988,1.0,0.9327089749329328,405.6521577835083
N7_E10c_T12a,N7,arxiv_agg_006,aggregate_cross_paper,test,0.3333333333333333,0.7045118843230279,0.5,0.5126150725521205,405.6521577835083
N7_E10c_T12a,N7,arxiv_agg_007,aggregate_cross_paper,train,1.0,0.7593424616171527,1.0,0.9197808205390507,405.6521577835083
N7_E10c_T12a,N7,arxiv_agg_008,aggregate_cross_paper,test,0.7142857142857143,0.8051986668048808,1.0,0.8398281270301983,405.6521577835083
N7_E10c_T12a,N7,arxiv_agg_009,aggregate_cross_paper,train,0.4285714285714285,0.9386003686315348,0.75,0.7057239324009877,405.6521577835083
N7_E10c_T12a,N7,arxiv_agg_010,aggregate_cross_paper,train,0.8333333333333334,0.8132903236005609,1.0,0.8822078856446315,405.6521577835083
N7_E10c_T12a,N7,arxiv_agg_011,aggregate_cross_paper,train,1.0,0.0,0.75,0.5833333333333334,405.6521577835083
N7_E10c_T12a,N7,arxiv_agg_012,aggregate_cross_paper,train,0.625,0.764946184488843,0.0,0.4633153948296143,405.6521577835083
N7_E10c_T12a,N7,arxiv_agg_013,aggregate_cross_paper,train,1.0,0.7634013490532744,1.0,0.921133783017758,405.6521577835083
N7_E10c_T12a,N7,arxiv_agg_014,aggregate_cross_paper,test,1.0,0.8858968678860784,0.0,0.6286322892953594,405.6521577835083
N7_E10c_T12a,N7,arxiv_agg_015,aggregate_cross_paper,train,0.8888888888888888,0.0,0.5,0.4629629629629629,405.6521577835083
N7_E10c_T12a,N7,arxiv_agg_016,aggregate_cross_paper,train,1.0,0.7731962052597005,0.25,0.6743987350865668,405.6521577835083
N7_E10c_T12a,N7,arxiv_agg_017,aggregate_cross_paper,test,0.25,0.9337406025688,0.5,0.5612468675229333,405.6521577835083
N7_E10c_T12a,N7,arxiv_agg_018,aggregate_cross_paper,train,0.4444444444444444,0.758822041671781,0.5,0.5677554953720751,405.6521577835083
N7_E10c_T12a,N7,arxiv_agg_019,aggregate_cross_paper,train,0.9090909090909092,0.6826338487021185,0.0,0.5305749192643425,405.6521577835083
N7_E10c_T12a,N7,arxiv_agg_020,aggregate_cross_paper,test,0.8,0.7244144481366139,0.75,0.7581381493788714,405.6521577835083
N7_E10c_T12a,N7,arxiv_agg_021,aggregate_cross_paper,test,0.75,0.9312122751879228,0.0,0.5604040917293077,405.6521577835083
N7_E10c_T12a,N7,arxiv_agg_022,aggregate_cross_paper,train,0.7142857142857143,0.4566092646598504,0.5,0.5569649929818549,405.6521577835083
N7_E10c_T12a,N7,arxiv_agg_023,aggregate_cross_paper,test,1.0,0.6779044059466581,0.25,0.6426348019822193,405.6521577835083
N7_E10c_T12a,N7,arxiv_agg_024,aggregate_cross_paper,test,1.0,0.814775391477899,1.0,0.9382584638259664,405.6521577835083
N7_E10c_T12a,N7,arxiv_agg_025,aggregate_cross_paper,train,1.0,0.0,0.0,0.3333333333333333,405.6521577835083
N7_E10c_T12a,N7,arxiv_agg_026,aggregate_cross_paper,train,0.75,0.0,0.0,0.25,405.6521577835083
N7_E10c_T12a,N7,arxiv_agg_027,aggregate_cross_paper,train,1.0,0.0,0.0,0.3333333333333333,405.6521577835083
N7_E10c_T12a,N7,arxiv_agg_028,aggregate_cross_paper,train,1.0,0.63300207141754,0.0,0.5443340238058466,405.6521577835083
N7_E10c_T12a,N7,arxiv_agg_029,aggregate_cross_paper,test,1.0,0.595331004237832,1.0,0.865110334745944,405.6521577835083
N7_E10c_T12a,N7,arxiv_agg_030,aggregate_cross_paper,train,0.5,0.6236017407881415,0.0,0.3745339135960471,405.6521577835083
N7_E10c_T12a,N7,arxiv_agg_031,aggregate_cross_paper,train,1.0,0.7516066282216688,0.5,0.7505355427405562,405.6521577835083
N7_E10c_T12a,N7,arxiv_agg_032,aggregate_cross_paper,test,0.9,0.825076823574996,1.0,0.9083589411916654,405.6521577835083
N7_E10c_T12a,N7,arxiv_edge_000,edge_multihop,test,1.0,0.6750968363514555,1.0,0.8916989454504852,405.6521577835083
N7_E10c_T12a,N7,arxiv_edge_001,edge_multihop,test,0.4285714285714285,0.8698808130584212,0.75,0.6828174138766165,405.6521577835083
N7_E10c_T12a,N7,arxiv_edge_002,edge_multihop,test,0.5555555555555556,0.7691672108091832,1.0,0.7749075887882463,405.6521577835083
N7_E10c_T12a,N7,arxiv_edge_003,edge_multihop,test,0.2,0.0,0.0,0.0666666666666666,405.6521577835083
N7_E10c_T12a,N7,arxiv_edge_004,edge_multihop,test,0.0,0.6292454881860644,0.0,0.2097484960620214,405.6521577835083
N7_E10c_T12a,N7,arxiv_edge_005,edge_multihop,train,0.6,0.7136711564795782,0.0,0.4378903854931927,405.6521577835083
N7_E10c_T12a,N7,arxiv_edge_006,edge_multihop,test,1.0,0.7978435825794329,0.5,0.765947860859811,405.6521577835083
N7_E10c_T12a,N7,arxiv_edge_007,edge_multihop,test,0.0,0.6673147355855807,0.25,0.3057715785285269,405.6521577835083
N7_E10c_T12a,N7,arxiv_edge_008,edge_multihop,test,0.4,0.6704442142875026,0.75,0.6068147380958342,405.6521577835083
N7_E10c_T12a,N7,arxiv_edge_009,edge_multihop,train,0.5,0.8585019333241851,0.0,0.4528339777747283,405.6521577835083
N7_E10c_T12a,N7,arxiv_edge_010,edge_multihop,train,0.375,0.8571451579378424,0.5,0.5773817193126142,405.6521577835083
N7_E10c_T12a,N7,arxiv_edge_011,edge_multihop,test,1.0,0.0,0.0,0.3333333333333333,405.6521577835083
N7_E10c_T12a,N7,arxiv_edge_012,edge_multihop,test,0.6666666666666666,0.8453146506745466,0.0,0.5039937724470711,405.6521577835083
N7_E10c_T12a,N7,arxiv_edge_013,edge_multihop,test,0.875,0.8086295642181771,0.0,0.5612098547393923,405.6521577835083
N7_E10c_T12a,N7,arxiv_edge_014,edge_multihop,test,0.8888888888888888,0.5420867977160004,0.5,0.6436585622016298,405.6521577835083
N7_E10c_T12a,N7,arxiv_edge_015,edge_multihop,train,0.6,0.7743941011087926,0.5,0.6247980337029309,405.6521577835083
N7_E10c_T12a,N7,arxiv_edge_016,edge_multihop,train,0.8888888888888888,0.7605438955232354,0.0,0.5498109281373748,405.6521577835083
N7_E10c_T12a,N7,arxiv_edge_017,edge_multihop,train,0.4444444444444444,0.7604295408866908,0.0,0.4016246617770451,405.6521577835083
N7_E10c_T12a,N7,arxiv_edge_018,edge_multihop,train,1.0,0.8045292787539169,0.0,0.6015097595846389,405.6521577835083
N7_E10c_T12a,N7,arxiv_edge_019,edge_multihop,train,0.2,0.8654565227053338,0.25,0.4384855075684446,405.6521577835083
N7_E10c_T12a,N7,arxiv_edge_020,edge_multihop,train,0.2,0.8240510511098174,1.0,0.6746836837032725,405.6521577835083
N7_E10c_T12a,N7,arxiv_edge_021,edge_multihop,test,0.5,0.7859714618988656,0.25,0.5119904872996218,405.6521577835083
N7_E10c_T12a,N7,arxiv_edge_022,edge_multihop,test,1.0,0.75252253373495,0.0,0.5841741779116499,405.6521577835083
N7_E10c_T12a,N7,arxiv_edge_023,edge_multihop,train,0.4,0.7615731444086985,0.0,0.3871910481362328,405.6521577835083
N7_E10c_T12a,N7,arxiv_edge_024,edge_multihop,train,1.0,0.0,0.25,0.4166666666666667,405.6521577835083
N7_E10c_T12a,N7,arxiv_edge_025,edge_multihop,train,0.5,0.7861233499968976,0.0,0.4287077833322992,405.6521577835083
N7_E10c_T12a,N7,arxiv_edge_026,edge_multihop,test,1.0,0.8319038383520212,1.0,0.9439679461173404,405.6521577835083
N7_E10c_T12a,N7,arxiv_edge_027,edge_multihop,test,0.4285714285714285,0.6766385441627323,0.5,0.535069990911387,405.6521577835083
N7_E10c_T12a,N7,arxiv_edge_028,edge_multihop,test,0.5,0.665305445868933,0.0,0.3884351486229776,405.6521577835083
N7_E10c_T12a,N7,arxiv_edge_029,edge_multihop,train,0.7142857142857143,0.7074478021662352,0.5,0.6405778388173164,405.6521577835083
N7_E10c_T12a,N7,arxiv_edge_030,edge_multihop,train,0.6666666666666666,0.0,0.75,0.4722222222222221,405.6521577835083
N7_E10c_T12a,N7,arxiv_edge_031,edge_multihop,test,0.4,0.8823367222651296,0.75,0.6774455740883765,405.6521577835083
N7_E10c_T12a,N7,arxiv_edge_032,edge_multihop,test,0.4,0.0,0.25,0.2166666666666666,405.6521577835083
N7_E10c_T12a,N7,arxiv_edge_033,edge_multihop,test,0.5714285714285714,0.8580727963897893,0.5,0.6431671226061203,405.6521577835083
N7_E10c_T12a,N7,arxiv_sh_035,single_specific,test,1.0,0.938478142138762,1.0,0.979492714046254,405.6521577835083
N7_E10c_T12a,N7,arxiv_sh_036,single_specific,train,1.0,0.9964018941050536,1.0,0.9988006313683512,405.6521577835083
N7_E10c_T12a,N7,arxiv_sh_037,single_specific,test,1.0,0.6183607130889827,1.0,0.8727869043629942,405.6521577835083
N7_E10c_T12a,N7,arxiv_sh_038,single_specific,test,1.0,0.9118376299497708,1.0,0.9706125433165904,405.6521577835083
N7_E10c_T12a,N7,arxiv_sh_039,single_specific,test,1.0,0.8100397727837613,1.0,0.9366799242612536,405.6521577835083
N7_E10c_T12a,N7,arxiv_sh_040,single_specific,train,1.0,0.959898889248642,1.0,0.9866329630828808,405.6521577835083
N7_E10c_T12a,N7,arxiv_sh_041,single_specific,test,0.75,1.0,1.0,0.9166666666666666,405.6521577835083
N7_E10c_T12a,N7,arxiv_sh_042,single_specific,train,1.0,0.8726182520854989,1.0,0.9575394173618328,405.6521577835083
N7_E10c_T12a,N7,arxiv_sh_043,single_specific,test,1.0,0.9594906023595362,1.0,0.9864968674531788,405.6521577835083
N7_E10c_T12a,N7,arxiv_sh_044,single_specific,train,1.0,0.7945395781615385,1.0,0.9315131927205128,405.6521577835083
N7_E10c_T12a,N7,arxiv_sh_045,single_specific,train,0.5,0.707606013378113,0.5,0.569202004459371,405.6521577835083
N7_E10c_T12a,N7,arxiv_sh_046,single_specific,train,0.5,0.9235104764790252,1.0,0.8078368254930083,405.6521577835083
N7_E10c_T12a,N7,arxiv_sh_047,single_specific,train,1.0,0.9552446504328076,1.0,0.9850815501442692,405.6521577835083
N7_E10c_T12a,N7,arxiv_sh_048,single_specific,train,1.0,0.9167853847084922,1.0,0.9722617949028308,405.6521577835083
N7_E10c_T12a,N7,arxiv_sh_049,single_specific,test,1.0,0.9418215878077784,1.0,0.9806071959359262,405.6521577835083
N7_E10c_T12a,N7,arxiv_sh_050,single_specific,train,1.0,0.9860231784500688,1.0,0.9953410594833564,405.6521577835083
N7_E10c_T12a,N7,arxiv_sh_051,single_specific,test,1.0,0.9719250803047446,1.0,0.9906416934349148,405.6521577835083
N7_E10c_T12a,N7,arxiv_sh_052,single_specific,test,1.0,0.6932050481121219,1.0,0.897735016037374,405.6521577835083
N7_E10c_T12a,N7,arxiv_sh_053,single_specific,train,1.0,0.8318395962003319,1.0,0.9439465320667773,405.6521577835083
N7_E10c_T12a,N7,arxiv_sh_054,single_specific,test,0.75,0.850761071356577,1.0,0.866920357118859,405.6521577835083
N7_E10c_T12a,N7,arxiv_sh_055,single_specific,test,1.0,0.8901026277920502,1.0,0.96336754259735,405.6521577835083
N7_E10c_T12a,N7,arxiv_sh_056,single_specific,test,1.0,0.9009958679555526,1.0,0.9669986226518508,405.6521577835083
N7_E10c_T12a,N7,arxiv_sh_057,single_specific,train,1.0,0.8028465028142852,1.0,0.9342821676047616,405.6521577835083
N7_E10c_T12a,N7,arxiv_sh_058,single_specific,test,1.0,0.9631399284009982,1.0,0.9877133094669994,405.6521577835083
N7_E10c_T12a,N7,arxiv_sh_059,single_specific,train,1.0,0.9301417418585302,1.0,0.9767139139528432,405.6521577835083
N7_E10c_T12a,N7,arxiv_sh_060,single_specific,train,0.5,0.9760340137345228,1.0,0.825344671244841,405.6521577835083
N7_E10c_T12a,N7,arxiv_sh_061,single_specific,train,0.0,0.0,1.0,0.3333333333333333,405.6521577835083
N7_E10c_T12a,N7,arxiv_sh_062,single_specific,train,1.0,0.0,1.0,0.6666666666666666,405.6521577835083
N7_E10c_T12a,N7,arxiv_sh_063,single_specific,test,1.0,0.9792919481650108,1.0,0.9930973160550036,405.6521577835083
N7_E10c_T12a,N7,arxiv_sh_064,single_specific,test,1.0,0.8695205399444309,1.0,0.9565068466481436,405.6521577835083
N7_E10c_T12a,N7,arxiv_sh_065,single_specific,train,1.0,0.7976733512158792,0.75,0.849224450405293,405.6521577835083
N7_E10c_T12a,N7,arxiv_sh_066,single_specific,test,1.0,0.993738718565335,1.0,0.997912906188445,405.6521577835083
N7_E10c_T12a,N7,arxiv_sh_067,single_specific,test,1.0,0.7800220825471214,0.0,0.5933406941823738,405.6521577835083
N7_E10c_T12a,N7,arxiv_sh_068,single_specific,test,0.6666666666666666,1.0,1.0,0.8888888888888888,405.6521577835083
N7_E10c_T12a,N7,arxiv_sh_069,single_specific,test,0.3333333333333333,0.0,1.0,0.4444444444444444,405.6521577835083
N7_E10c_T12a,N7,arxiv_sh_070,single_specific,test,0.3333333333333333,0.6325938907466214,0.0,0.3219757413599849,405.6521577835083
N7_E10c_T12a,N7,arxiv_sh_071,single_specific,train,1.0,0.954554709027452,1.0,0.9848515696758172,405.6521577835083
N7_E10c_T12a,N7,arxiv_sh_072,single_specific,test,1.0,0.8775123611228898,1.0,0.9591707870409631,405.6521577835083
N7_E10c_T12a,N7,arxiv_sh_073,single_specific,test,1.0,0.7308269733331072,1.0,0.9102756577777024,405.6521577835083
N7_E10c_T12a,N7,arxiv_sh_074,single_specific,test,1.0,0.9080999872209786,1.0,0.9693666624069928,405.6521577835083
N7_E10c_T12a,N7,arxiv_sh_075,single_specific,train,0.6,0.9400693953604676,1.0,0.8466897984534892,405.6521577835083
N7_E10c_T12a,N7,arxiv_sh_076,single_specific,test,0.6666666666666666,0.0,0.0,0.2222222222222222,405.6521577835083
N7_E10c_T12a,N7,arxiv_sh_077,single_specific,train,1.0,0.9999999999999996,1.0,1.0,405.6521577835083
N7_E10c_T12a,N7,arxiv_sh_078,single_specific,train,1.0,0.957522383699677,1.0,0.9858407945665588,405.6521577835083
N7_E10c_T12a,N7,arxiv_sh_079,single_specific,test,1.0,0.7684553978902273,1.0,0.9228184659634092,405.6521577835083
N7_E10c_T12a,N7,arxiv_sh_080,single_specific,test,1.0,0.923167424859308,1.0,0.9743891416197692,405.6521577835083
N7_E10c_T12a,N7,arxiv_sh_081,single_specific,train,1.0,0.96536452617637,1.0,0.98845484205879,405.6521577835083
N7_E10c_T12a,N7,arxiv_sh_082,single_specific,train,1.0,0.7016451094143217,1.0,0.9005483698047739,405.6521577835083
N7_E10c_T12b,N7,arxiv_sh_000,single_specific,test,0.0,0.0,1.0,0.3333333333333333,466.3740458488464
N7_E10c_T12b,N7,arxiv_sh_001,single_specific,test,1.0,0.9243011036841258,1.0,0.9747670345613754,466.3740458488464
N7_E10c_T12b,N7,arxiv_sh_002,single_specific,test,1.0,0.8587108177364156,0.75,0.8695702725788053,466.3740458488464
N7_E10c_T12b,N7,arxiv_sh_003,single_specific,train,1.0,0.6943550275807523,1.0,0.8981183425269174,466.3740458488464
N7_E10c_T12b,N7,arxiv_sh_004,single_specific,train,1.0,0.7396452470021362,1.0,0.9132150823340456,466.3740458488464
N7_E10c_T12b,N7,arxiv_sh_005,single_specific,train,1.0,0.8155089851381162,1.0,0.9385029950460388,466.3740458488464
N7_E10c_T12b,N7,arxiv_sh_006,single_specific,train,0.5,0.0,1.0,0.5,466.3740458488464
N7_E10c_T12b,N7,arxiv_sh_007,single_specific,train,0.75,0.9906204595268212,1.0,0.9135401531756072,466.3740458488464
N7_E10c_T12b,N7,arxiv_sh_008,single_specific,train,0.0,0.0,1.0,0.3333333333333333,466.3740458488464
N7_E10c_T12b,N7,arxiv_sh_009,single_specific,train,1.0,0.5455593830763349,1.0,0.8485197943587783,466.3740458488464
N7_E10c_T12b,N7,arxiv_sh_010,single_specific,test,1.0,0.0,0.0,0.3333333333333333,466.3740458488464
N7_E10c_T12b,N7,arxiv_sh_011,single_specific,train,1.0,0.816929176321604,1.0,0.9389763921072012,466.3740458488464
N7_E10c_T12b,N7,arxiv_sh_012,single_specific,train,1.0,0.9465745025863772,1.0,0.9821915008621258,466.3740458488464
N7_E10c_T12b,N7,arxiv_sh_013,single_specific,train,1.0,1.0,1.0,1.0,466.3740458488464
N7_E10c_T12b,N7,arxiv_sh_014,single_specific,train,1.0,0.825149731012103,1.0,0.9417165770040344,466.3740458488464
N7_E10c_T12b,N7,arxiv_sh_015,single_specific,test,1.0,0.9575785894210348,1.0,0.9858595298070116,466.3740458488464
N7_E10c_T12b,N7,arxiv_sh_016,single_specific,test,1.0,0.9332404074097546,1.0,0.9777468024699182,466.3740458488464
N7_E10c_T12b,N7,arxiv_sh_017,single_specific,test,1.0,0.827804352487709,1.0,0.9426014508292364,466.3740458488464
N7_E10c_T12b,N7,arxiv_sh_018,single_specific,test,1.0,0.0,1.0,0.6666666666666666,466.3740458488464
N7_E10c_T12b,N7,arxiv_sh_019,single_specific,test,0.25,1.0,1.0,0.75,466.3740458488464
N7_E10c_T12b,N7,arxiv_sh_020,single_specific,train,1.0,0.9805452667635804,1.0,0.9935150889211934,466.3740458488464
N7_E10c_T12b,N7,arxiv_sh_021,single_specific,train,1.0,0.4222806048679441,1.0,0.8074268682893146,466.3740458488464
N7_E10c_T12b,N7,arxiv_sh_022,single_specific,test,1.0,0.9420888176348906,1.0,0.9806962725449636,466.3740458488464
N7_E10c_T12b,N7,arxiv_sh_023,single_specific,test,1.0,0.831799498218362,1.0,0.9439331660727872,466.3740458488464
N7_E10c_T12b,N7,arxiv_sh_024,single_specific,test,1.0,0.9362289027684962,1.0,0.9787429675894987,466.3740458488464
N7_E10c_T12b,N7,arxiv_sh_025,single_specific,train,0.6,0.8549048415475291,1.0,0.8183016138491763,466.3740458488464
N7_E10c_T12b,N7,arxiv_sh_026,single_specific,train,1.0,0.9115889174322204,1.0,0.9705296391440736,466.3740458488464
N7_E10c_T12b,N7,arxiv_sh_027,single_specific,test,1.0,0.8451900070554248,1.0,0.948396669018475,466.3740458488464
N7_E10c_T12b,N7,arxiv_sh_028,single_specific,train,0.75,0.918613208924182,1.0,0.8895377363080607,466.3740458488464
N7_E10c_T12b,N7,arxiv_sh_029,single_specific,test,1.0,0.9684900199521876,1.0,0.989496673317396,466.3740458488464
N7_E10c_T12b,N7,arxiv_sh_030,single_specific,test,1.0,0.9508278846730734,1.0,0.9836092948910244,466.3740458488464
N7_E10c_T12b,N7,arxiv_sh_031,single_specific,test,1.0,0.9667472684438888,1.0,0.9889157561479628,466.3740458488464
N7_E10c_T12b,N7,arxiv_sh_032,single_specific,test,0.75,0.805722847676734,1.0,0.8519076158922446,466.3740458488464
N7_E10c_T12b,N7,arxiv_sh_033,single_specific,train,1.0,0.8563795023977532,0.0,0.6187931674659177,466.3740458488464
N7_E10c_T12b,N7,arxiv_sh_034,single_specific,train,1.0,0.9803414359572656,1.0,0.9934471453190886,466.3740458488464
N7_E10c_T12b,N7,arxiv_agg_000,aggregate_cross_paper,train,1.0,0.7556694749662501,1.0,0.9185564916554166,466.3740458488464
N7_E10c_T12b,N7,arxiv_agg_001,aggregate_cross_paper,test,1.0,0.0,0.25,0.4166666666666667,466.3740458488464
N7_E10c_T12b,N7,arxiv_agg_002,aggregate_cross_paper,test,0.2857142857142857,0.0,0.25,0.1785714285714285,466.3740458488464
N7_E10c_T12b,N7,arxiv_agg_003,aggregate_cross_paper,test,0.6666666666666666,0.7842914021376768,0.0,0.4836526896014478,466.3740458488464
N7_E10c_T12b,N7,arxiv_agg_004,aggregate_cross_paper,train,1.0,0.7312813104332618,1.0,0.910427103477754,466.3740458488464
N7_E10c_T12b,N7,arxiv_agg_005,aggregate_cross_paper,train,0.7777777777777778,0.7981269247987988,1.0,0.8586349008588589,466.3740458488464
N7_E10c_T12b,N7,arxiv_agg_006,aggregate_cross_paper,test,0.5,0.7044829977005455,0.5,0.5681609992335152,466.3740458488464
N7_E10c_T12b,N7,arxiv_agg_007,aggregate_cross_paper,train,1.0,0.7593424616171527,1.0,0.9197808205390507,466.3740458488464
N7_E10c_T12b,N7,arxiv_agg_008,aggregate_cross_paper,test,1.0,0.7936539400890018,1.0,0.9312179800296672,466.3740458488464
N7_E10c_T12b,N7,arxiv_agg_009,aggregate_cross_paper,train,0.4285714285714285,0.9386003686315348,0.75,0.7057239324009877,466.3740458488464
N7_E10c_T12b,N7,arxiv_agg_010,aggregate_cross_paper,train,0.7142857142857143,0.8132903236005609,1.0,0.8425253459620917,466.3740458488464
N7_E10c_T12b,N7,arxiv_agg_011,aggregate_cross_paper,train,1.0,0.0,0.75,0.5833333333333334,466.3740458488464
N7_E10c_T12b,N7,arxiv_agg_012,aggregate_cross_paper,train,1.0,0.5263483733277546,0.0,0.5087827911092515,466.3740458488464
N7_E10c_T12b,N7,arxiv_agg_013,aggregate_cross_paper,train,1.0,0.7633280869121988,1.0,0.9211093623040664,466.3740458488464
N7_E10c_T12b,N7,arxiv_agg_014,aggregate_cross_paper,test,1.0,0.0,0.0,0.3333333333333333,466.3740458488464
N7_E10c_T12b,N7,arxiv_agg_015,aggregate_cross_paper,train,0.875,0.0,0.5,0.4583333333333333,466.3740458488464
N7_E10c_T12b,N7,arxiv_agg_016,aggregate_cross_paper,train,1.0,0.7731662747157088,0.25,0.6743887582385696,466.3740458488464
N7_E10c_T12b,N7,arxiv_agg_017,aggregate_cross_paper,test,0.0,0.9260691013855972,0.5,0.4753563671285324,466.3740458488464
N7_E10c_T12b,N7,arxiv_agg_018,aggregate_cross_paper,train,0.875,0.705083953460032,0.5,0.6933613178200106,466.3740458488464
N7_E10c_T12b,N7,arxiv_agg_019,aggregate_cross_paper,train,0.9090909090909092,0.6825709414826171,0.0,0.5305539501911753,466.3740458488464
N7_E10c_T12b,N7,arxiv_agg_020,aggregate_cross_paper,test,1.0,0.7416614878832202,0.75,0.8305538292944067,466.3740458488464
N7_E10c_T12b,N7,arxiv_agg_021,aggregate_cross_paper,test,0.1428571428571428,0.9312139569845688,0.0,0.3580236999472372,466.3740458488464
N7_E10c_T12b,N7,arxiv_agg_022,aggregate_cross_paper,train,0.7142857142857143,0.4517963239224495,0.75,0.6386940127360546,466.3740458488464
N7_E10c_T12b,N7,arxiv_agg_023,aggregate_cross_paper,test,1.0,0.6779425162619199,0.0,0.5593141720873066,466.3740458488464
N7_E10c_T12b,N7,arxiv_agg_024,aggregate_cross_paper,test,1.0,0.8147662317628181,1.0,0.938255410587606,466.3740458488464
N7_E10c_T12b,N7,arxiv_agg_025,aggregate_cross_paper,train,0.2,0.0,0.0,0.0666666666666666,466.3740458488464
N7_E10c_T12b,N7,arxiv_agg_026,aggregate_cross_paper,train,0.75,0.0,0.0,0.25,466.3740458488464
N7_E10c_T12b,N7,arxiv_agg_027,aggregate_cross_paper,train,1.0,0.0,0.0,0.3333333333333333,466.3740458488464
N7_E10c_T12b,N7,arxiv_agg_028,aggregate_cross_paper,train,0.8333333333333334,0.5666048699859381,0.0,0.4666460677730904,466.3740458488464
N7_E10c_T12b,N7,arxiv_agg_029,aggregate_cross_paper,test,1.0,0.5960221420140734,1.0,0.8653407140046911,466.3740458488464
N7_E10c_T12b,N7,arxiv_agg_030,aggregate_cross_paper,train,0.6666666666666666,0.6331551222432565,0.0,0.4332739296366411,466.3740458488464
N7_E10c_T12b,N7,arxiv_agg_031,aggregate_cross_paper,train,1.0,0.7516539175012279,0.5,0.7505513058337426,466.3740458488464
N7_E10c_T12b,N7,arxiv_agg_032,aggregate_cross_paper,test,0.9,0.8250605071403089,1.0,0.9083535023801028,466.3740458488464
N7_E10c_T12b,N7,arxiv_edge_000,edge_multihop,test,1.0,0.675160155857571,1.0,0.8917200519525238,466.3740458488464
N7_E10c_T12b,N7,arxiv_edge_001,edge_multihop,test,0.7142857142857143,0.8224807068668595,0.75,0.7622554737175246,466.3740458488464
N7_E10c_T12b,N7,arxiv_edge_002,edge_multihop,test,1.0,0.7690777822981598,1.0,0.92302592743272,466.3740458488464
N7_E10c_T12b,N7,arxiv_edge_003,edge_multihop,test,0.1666666666666666,0.7173809641367113,0.0,0.2946825436011259,466.3740458488464
N7_E10c_T12b,N7,arxiv_edge_004,edge_multihop,test,0.2,0.6292960040323452,0.0,0.276432001344115,466.3740458488464
N7_E10c_T12b,N7,arxiv_edge_005,edge_multihop,train,0.2,0.7185778481063763,0.25,0.3895259493687921,466.3740458488464
N7_E10c_T12b,N7,arxiv_edge_006,edge_multihop,test,1.0,0.8011177448172685,0.5,0.7670392482724228,466.3740458488464
N7_E10c_T12b,N7,arxiv_edge_007,edge_multihop,test,0.5,0.6660871115793088,0.25,0.4720290371931029,466.3740458488464
N7_E10c_T12b,N7,arxiv_edge_008,edge_multihop,test,0.2,0.6326693974876407,0.75,0.5275564658292136,466.3740458488464
N7_E10c_T12b,N7,arxiv_edge_009,edge_multihop,train,0.2857142857142857,0.8503658057997611,0.0,0.3786933638380156,466.3740458488464
N7_E10c_T12b,N7,arxiv_edge_010,edge_multihop,train,0.2857142857142857,0.8571728315387787,0.5,0.5476290390843548,466.3740458488464
N7_E10c_T12b,N7,arxiv_edge_011,edge_multihop,test,1.0,0.0,0.0,0.3333333333333333,466.3740458488464
N7_E10c_T12b,N7,arxiv_edge_012,edge_multihop,test,0.5714285714285714,0.8453146506745466,0.0,0.4722477407010393,466.3740458488464
N7_E10c_T12b,N7,arxiv_edge_013,edge_multihop,test,1.0,0.8085117822247966,0.0,0.6028372607415989,466.3740458488464
N7_E10c_T12b,N7,arxiv_edge_014,edge_multihop,test,0.8333333333333334,0.6075219882056769,0.5,0.6469517738463367,466.3740458488464
N7_E10c_T12b,N7,arxiv_edge_015,edge_multihop,train,0.6,0.8269758351889879,0.5,0.6423252783963292,466.3740458488464
N7_E10c_T12b,N7,arxiv_edge_016,edge_multihop,train,0.8888888888888888,0.7754918800279779,0.0,0.5547935896389555,466.3740458488464
N7_E10c_T12b,N7,arxiv_edge_017,edge_multihop,train,0.4444444444444444,0.540534562365207,0.0,0.3283263356032171,466.3740458488464
N7_E10c_T12b,N7,arxiv_edge_018,edge_multihop,train,0.8333333333333334,0.8042517540650299,0.0,0.5458616957994544,466.3740458488464
N7_E10c_T12b,N7,arxiv_edge_019,edge_multihop,train,0.6,0.8654565227053338,0.25,0.5718188409017779,466.3740458488464
N7_E10c_T12b,N7,arxiv_edge_020,edge_multihop,train,0.8,0.8682415172515846,1.0,0.8894138390838616,466.3740458488464
N7_E10c_T12b,N7,arxiv_edge_021,edge_multihop,test,0.5,0.7933534531960754,0.25,0.5144511510653585,466.3740458488464
N7_E10c_T12b,N7,arxiv_edge_022,edge_multihop,test,0.5,0.7216036437779536,0.0,0.4072012145926512,466.3740458488464
N7_E10c_T12b,N7,arxiv_edge_023,edge_multihop,train,0.4,0.761586233507173,0.0,0.3871954111690576,466.3740458488464
N7_E10c_T12b,N7,arxiv_edge_024,edge_multihop,train,1.0,0.0,0.5,0.5,466.3740458488464
N7_E10c_T12b,N7,arxiv_edge_025,edge_multihop,train,0.6666666666666666,0.8011077212876593,0.0,0.4892581293181086,466.3740458488464
N7_E10c_T12b,N7,arxiv_edge_026,edge_multihop,test,0.8571428571428571,0.8320968699447093,1.0,0.8964132423625221,466.3740458488464
N7_E10c_T12b,N7,arxiv_edge_027,edge_multihop,test,0.4285714285714285,0.6766385441627323,0.5,0.535069990911387,466.3740458488464
N7_E10c_T12b,N7,arxiv_edge_028,edge_multihop,test,0.5,0.6009850919973996,0.0,0.3669950306657998,466.3740458488464
N7_E10c_T12b,N7,arxiv_edge_029,edge_multihop,train,0.6,0.0,0.5,0.3666666666666667,466.3740458488464
N7_E10c_T12b,N7,arxiv_edge_030,edge_multihop,train,0.3333333333333333,0.0,0.75,0.3611111111111111,466.3740458488464
N7_E10c_T12b,N7,arxiv_edge_031,edge_multihop,test,0.1666666666666666,0.8571320494809631,0.75,0.5912662387158766,466.3740458488464
N7_E10c_T12b,N7,arxiv_edge_032,edge_multihop,test,0.4,0.0,0.25,0.2166666666666666,466.3740458488464
N7_E10c_T12b,N7,arxiv_edge_033,edge_multihop,test,0.5714285714285714,0.8556437659962356,0.5,0.642357445808269,466.3740458488464
N7_E10c_T12b,N7,arxiv_sh_035,single_specific,test,1.0,0.9384842530495628,1.0,0.979494751016521,466.3740458488464
N7_E10c_T12b,N7,arxiv_sh_036,single_specific,train,1.0,0.9964050917840472,1.0,0.998801697261349,466.3740458488464
N7_E10c_T12b,N7,arxiv_sh_037,single_specific,test,1.0,0.6184499364178987,1.0,0.8728166454726329,466.3740458488464
N7_E10c_T12b,N7,arxiv_sh_038,single_specific,test,1.0,0.911829570191017,1.0,0.9706098567303392,466.3740458488464
N7_E10c_T12b,N7,arxiv_sh_039,single_specific,test,1.0,0.8100950224184548,1.0,0.9366983408061516,466.3740458488464
N7_E10c_T12b,N7,arxiv_sh_040,single_specific,train,1.0,0.9601731952083358,1.0,0.9867243984027786,466.3740458488464
N7_E10c_T12b,N7,arxiv_sh_041,single_specific,test,0.5,0.9999773900850948,1.0,0.8333257966950316,466.3740458488464
N7_E10c_T12b,N7,arxiv_sh_042,single_specific,train,1.0,0.8747848484860021,1.0,0.9582616161620008,466.3740458488464
N7_E10c_T12b,N7,arxiv_sh_043,single_specific,test,1.0,0.9594628438817282,1.0,0.9864876146272428,466.3740458488464
N7_E10c_T12b,N7,arxiv_sh_044,single_specific,train,1.0,0.785261179942759,1.0,0.9284203933142532,466.3740458488464
N7_E10c_T12b,N7,arxiv_sh_045,single_specific,train,0.4,0.707604803627409,0.5,0.535868267875803,466.3740458488464
N7_E10c_T12b,N7,arxiv_sh_046,single_specific,train,0.5,0.9051561064868038,1.0,0.8017187021622679,466.3740458488464
N7_E10c_T12b,N7,arxiv_sh_047,single_specific,train,1.0,0.93894510692781,1.0,0.9796483689759368,466.3740458488464
N7_E10c_T12b,N7,arxiv_sh_048,single_specific,train,1.0,0.916760628884333,1.0,0.9722535429614444,466.3740458488464
N7_E10c_T12b,N7,arxiv_sh_049,single_specific,test,1.0,0.7401438142396061,1.0,0.913381271413202,466.3740458488464
N7_E10c_T12b,N7,arxiv_sh_050,single_specific,train,1.0,0.9860119335490444,1.0,0.9953373111830148,466.3740458488464
N7_E10c_T12b,N7,arxiv_sh_051,single_specific,test,1.0,0.9718939548125518,1.0,0.9906313182708506,466.3740458488464
N7_E10c_T12b,N7,arxiv_sh_052,single_specific,test,1.0,0.701188147246267,1.0,0.9003960490820889,466.3740458488464
N7_E10c_T12b,N7,arxiv_sh_053,single_specific,train,1.0,0.8317678136190362,1.0,0.9439226045396788,466.3740458488464
N7_E10c_T12b,N7,arxiv_sh_054,single_specific,test,0.75,0.8521158717113294,1.0,0.8673719572371098,466.3740458488464
N7_E10c_T12b,N7,arxiv_sh_055,single_specific,test,1.0,0.8889192996197225,1.0,0.9629730998732408,466.3740458488464
N7_E10c_T12b,N7,arxiv_sh_056,single_specific,test,0.0,0.9009693754237564,1.0,0.6336564584745855,466.3740458488464
N7_E10c_T12b,N7,arxiv_sh_057,single_specific,train,1.0,0.8033578444875945,1.0,0.9344526148291982,466.3740458488464
N7_E10c_T12b,N7,arxiv_sh_058,single_specific,test,1.0,0.9618563396661264,1.0,0.9872854465553754,466.3740458488464
N7_E10c_T12b,N7,arxiv_sh_059,single_specific,train,1.0,0.930143485519276,1.0,0.976714495173092,466.3740458488464
N7_E10c_T12b,N7,arxiv_sh_060,single_specific,train,1.0,0.9760378611529068,1.0,0.9920126203843022,466.3740458488464
N7_E10c_T12b,N7,arxiv_sh_061,single_specific,train,0.0,0.0,1.0,0.3333333333333333,466.3740458488464
N7_E10c_T12b,N7,arxiv_sh_062,single_specific,train,1.0,0.0,1.0,0.6666666666666666,466.3740458488464
N7_E10c_T12b,N7,arxiv_sh_063,single_specific,test,1.0,0.9792919481650108,1.0,0.9930973160550036,466.3740458488464
N7_E10c_T12b,N7,arxiv_sh_064,single_specific,test,1.0,0.8695205399444309,1.0,0.9565068466481436,466.3740458488464
N7_E10c_T12b,N7,arxiv_sh_065,single_specific,train,1.0,0.7977379371807491,0.75,0.8492459790602497,466.3740458488464
N7_E10c_T12b,N7,arxiv_sh_066,single_specific,test,1.0,0.9958258123768898,1.0,0.99860860412563,466.3740458488464
N7_E10c_T12b,N7,arxiv_sh_067,single_specific,test,1.0,0.7542846353928541,0.0,0.5847615451309514,466.3740458488464
N7_E10c_T12b,N7,arxiv_sh_068,single_specific,test,0.6666666666666666,0.9999995515184652,1.0,0.8888887393950439,466.3740458488464
N7_E10c_T12b,N7,arxiv_sh_069,single_specific,test,0.5,0.0,1.0,0.5,466.3740458488464
N7_E10c_T12b,N7,arxiv_sh_070,single_specific,test,0.5,0.8952931324552301,0.0,0.46509771081841,466.3740458488464
N7_E10c_T12b,N7,arxiv_sh_071,single_specific,train,1.0,0.954554709027452,1.0,0.9848515696758172,466.3740458488464
N7_E10c_T12b,N7,arxiv_sh_072,single_specific,test,1.0,0.8775123611228898,1.0,0.9591707870409631,466.3740458488464
N7_E10c_T12b,N7,arxiv_sh_073,single_specific,test,0.6666666666666666,0.730823894975543,1.0,0.7991635205474031,466.3740458488464
N7_E10c_T12b,N7,arxiv_sh_074,single_specific,test,1.0,0.9248955310906348,1.0,0.9749651770302116,466.3740458488464
N7_E10c_T12b,N7,arxiv_sh_075,single_specific,train,1.0,0.9400690623436154,1.0,0.9800230207812052,466.3740458488464
N7_E10c_T12b,N7,arxiv_sh_076,single_specific,test,0.3333333333333333,0.0,0.0,0.1111111111111111,466.3740458488464
N7_E10c_T12b,N7,arxiv_sh_077,single_specific,train,0.8,0.9999999999999998,1.0,0.9333333333333332,466.3740458488464
N7_E10c_T12b,N7,arxiv_sh_078,single_specific,train,1.0,0.9575180189470934,1.0,0.9858393396490313,466.3740458488464
N7_E10c_T12b,N7,arxiv_sh_079,single_specific,test,1.0,0.8551142729713029,1.0,0.9517047576571008,466.3740458488464
N7_E10c_T12b,N7,arxiv_sh_080,single_specific,test,1.0,0.9232035819811456,1.0,0.9744011939937152,466.3740458488464
N7_E10c_T12b,N7,arxiv_sh_081,single_specific,train,1.0,0.9653620360804588,1.0,0.9884540120268196,466.3740458488464
N7_E10c_T12b,N7,arxiv_sh_082,single_specific,train,1.0,0.7376947428575249,1.0,0.9125649142858416,466.3740458488464
N7_E11a_T12a,N7,arxiv_sh_000,single_specific,test,0.0,0.0,1.0,0.3333333333333333,496.9299199581146
N7_E11a_T12a,N7,arxiv_sh_001,single_specific,test,1.0,0.9634093803420046,1.0,0.9878031267806682,496.9299199581146
N7_E11a_T12a,N7,arxiv_sh_002,single_specific,test,1.0,0.8587441312755876,0.75,0.8695813770918625,496.9299199581146
N7_E11a_T12a,N7,arxiv_sh_003,single_specific,train,1.0,0.6943473221389912,1.0,0.8981157740463304,496.9299199581146
N7_E11a_T12a,N7,arxiv_sh_004,single_specific,train,1.0,0.7394378265121841,1.0,0.913145942170728,496.9299199581146
N7_E11a_T12a,N7,arxiv_sh_005,single_specific,train,0.6666666666666666,0.7890327541768617,1.0,0.8185664736145094,496.9299199581146
N7_E11a_T12a,N7,arxiv_sh_006,single_specific,train,0.5,0.0,1.0,0.5,496.9299199581146
N7_E11a_T12a,N7,arxiv_sh_007,single_specific,train,0.25,0.9906250131870598,1.0,0.7468750043956867,496.9299199581146
N7_E11a_T12a,N7,arxiv_sh_008,single_specific,train,1.0,0.0,1.0,0.6666666666666666,496.9299199581146
N7_E11a_T12a,N7,arxiv_sh_009,single_specific,train,1.0,0.5455593830763349,1.0,0.8485197943587783,496.9299199581146
N7_E11a_T12a,N7,arxiv_sh_010,single_specific,test,0.5,0.0,0.0,0.1666666666666666,496.9299199581146
N7_E11a_T12a,N7,arxiv_sh_011,single_specific,train,1.0,0.8185628286809815,1.0,0.9395209428936604,496.9299199581146
N7_E11a_T12a,N7,arxiv_sh_012,single_specific,train,1.0,0.958288495767023,1.0,0.9860961652556745,496.9299199581146
N7_E11a_T12a,N7,arxiv_sh_013,single_specific,train,1.0,1.0,1.0,1.0,496.9299199581146
N7_E11a_T12a,N7,arxiv_sh_014,single_specific,train,1.0,0.8251332964945753,1.0,0.941711098831525,496.9299199581146
N7_E11a_T12a,N7,arxiv_sh_015,single_specific,test,1.0,0.957584221920872,1.0,0.9858614073069574,496.9299199581146
N7_E11a_T12a,N7,arxiv_sh_016,single_specific,test,1.0,0.9332173979301932,1.0,0.9777391326433976,496.9299199581146
N7_E11a_T12a,N7,arxiv_sh_017,single_specific,test,0.3333333333333333,0.8278025551986213,1.0,0.7203786295106515,496.9299199581146
N7_E11a_T12a,N7,arxiv_sh_018,single_specific,test,1.0,0.5042220274124891,1.0,0.834740675804163,496.9299199581146
N7_E11a_T12a,N7,arxiv_sh_019,single_specific,test,0.25,1.0,1.0,0.75,496.9299199581146
N7_E11a_T12a,N7,arxiv_sh_020,single_specific,train,1.0,0.9805711854873538,1.0,0.9935237284957846,496.9299199581146
N7_E11a_T12a,N7,arxiv_sh_021,single_specific,train,1.0,0.422223862973683,1.0,0.807407954324561,496.9299199581146
N7_E11a_T12a,N7,arxiv_sh_022,single_specific,test,1.0,0.9421227856370415,1.0,0.9807075952123472,496.9299199581146
N7_E11a_T12a,N7,arxiv_sh_023,single_specific,test,1.0,0.8318395962003319,1.0,0.9439465320667773,496.9299199581146
N7_E11a_T12a,N7,arxiv_sh_024,single_specific,test,1.0,0.9627833400778432,1.0,0.9875944466926144,496.9299199581146
N7_E11a_T12a,N7,arxiv_sh_025,single_specific,train,0.75,0.8729017242879819,1.0,0.8743005747626605,496.9299199581146
N7_E11a_T12a,N7,arxiv_sh_026,single_specific,train,1.0,0.9301428346464068,1.0,0.9767142782154687,496.9299199581146
N7_E11a_T12a,N7,arxiv_sh_027,single_specific,test,1.0,0.8451920746640059,1.0,0.9483973582213352,496.9299199581146
N7_E11a_T12a,N7,arxiv_sh_028,single_specific,train,0.75,0.918613208924182,1.0,0.8895377363080607,496.9299199581146
N7_E11a_T12a,N7,arxiv_sh_029,single_specific,test,1.0,0.9684983983142778,1.0,0.9894994661047593,496.9299199581146
N7_E11a_T12a,N7,arxiv_sh_030,single_specific,test,1.0,0.9535467596450612,1.0,0.9845155865483538,496.9299199581146
N7_E11a_T12a,N7,arxiv_sh_031,single_specific,test,0.4,0.9506760769490318,1.0,0.783558692316344,496.9299199581146
N7_E11a_T12a,N7,arxiv_sh_032,single_specific,test,0.8571428571428571,0.7913473642707566,1.0,0.8828300738045378,496.9299199581146
N7_E11a_T12a,N7,arxiv_sh_033,single_specific,train,1.0,0.8563771602582763,0.0,0.6187923867527587,496.9299199581146
N7_E11a_T12a,N7,arxiv_sh_034,single_specific,train,1.0,0.9803398705965776,1.0,0.9934466235321924,496.9299199581146
N7_E11a_T12a,N7,arxiv_agg_000,aggregate_cross_paper,train,1.0,0.7061577471317786,1.0,0.9020525823772596,496.9299199581146
N7_E11a_T12a,N7,arxiv_agg_001,aggregate_cross_paper,test,1.0,0.0,0.5,0.5,496.9299199581146
N7_E11a_T12a,N7,arxiv_agg_002,aggregate_cross_paper,test,0.75,0.0,0.0,0.25,496.9299199581146
N7_E11a_T12a,N7,arxiv_agg_003,aggregate_cross_paper,test,0.5,0.7842914021376768,0.0,0.4280971340458923,496.9299199581146
N7_E11a_T12a,N7,arxiv_agg_004,aggregate_cross_paper,train,1.0,0.7547133055632351,1.0,0.9182377685210784,496.9299199581146
N7_E11a_T12a,N7,arxiv_agg_005,aggregate_cross_paper,train,0.8888888888888888,0.7981269247987988,1.0,0.8956719378958958,496.9299199581146
N7_E11a_T12a,N7,arxiv_agg_006,aggregate_cross_paper,test,0.4285714285714285,0.7044898343011909,0.5,0.5443537542908732,496.9299199581146
N7_E11a_T12a,N7,arxiv_agg_007,aggregate_cross_paper,train,1.0,0.7210852607320037,1.0,0.9070284202440012,496.9299199581146
N7_E11a_T12a,N7,arxiv_agg_008,aggregate_cross_paper,test,1.0,0.782099311007253,1.0,0.9273664370024176,496.9299199581146
N7_E11a_T12a,N7,arxiv_agg_009,aggregate_cross_paper,train,0.6666666666666666,0.9386112139926224,0.75,0.7850926268864297,496.9299199581146
N7_E11a_T12a,N7,arxiv_agg_010,aggregate_cross_paper,train,0.75,0.7969643077354952,1.0,0.8489881025784984,496.9299199581146
N7_E11a_T12a,N7,arxiv_agg_011,aggregate_cross_paper,train,1.0,0.3295399714834881,0.25,0.5265133238278293,496.9299199581146
N7_E11a_T12a,N7,arxiv_agg_012,aggregate_cross_paper,train,0.5555555555555556,0.6696760440061854,0.0,0.408410533187247,496.9299199581146
N7_E11a_T12a,N7,arxiv_agg_013,aggregate_cross_paper,train,0.7142857142857143,0.8223487452081782,1.0,0.8455448198312975,496.9299199581146
N7_E11a_T12a,N7,arxiv_agg_014,aggregate_cross_paper,test,0.75,0.0,0.0,0.25,496.9299199581146
N7_E11a_T12a,N7,arxiv_agg_015,aggregate_cross_paper,train,0.8571428571428571,0.0,0.5,0.4523809523809524,496.9299199581146
N7_E11a_T12a,N7,arxiv_agg_016,aggregate_cross_paper,train,1.0,0.0,0.5,0.5,496.9299199581146
N7_E11a_T12a,N7,arxiv_agg_017,aggregate_cross_paper,test,0.25,0.9305215269816008,0.5,0.5601738423272002,496.9299199581146
N7_E11a_T12a,N7,arxiv_agg_018,aggregate_cross_paper,train,0.875,0.705120682948854,0.5,0.6933735609829513,496.9299199581146
N7_E11a_T12a,N7,arxiv_agg_019,aggregate_cross_paper,train,0.8888888888888888,0.5572679896353813,1.0,0.8153856261747566,496.9299199581146
N7_E11a_T12a,N7,arxiv_agg_020,aggregate_cross_paper,test,1.0,0.7289908563428714,0.5,0.7429969521142904,496.9299199581146
N7_E11a_T12a,N7,arxiv_agg_021,aggregate_cross_paper,test,0.1666666666666666,0.931177872153432,0.5,0.5326148462733662,496.9299199581146
N7_E11a_T12a,N7,arxiv_agg_022,aggregate_cross_paper,train,0.7142857142857143,0.4517963239224495,0.75,0.6386940127360546,496.9299199581146
N7_E11a_T12a,N7,arxiv_agg_023,aggregate_cross_paper,test,1.0,0.6809799264106987,0.25,0.6436599754702329,496.9299199581146
N7_E11a_T12a,N7,arxiv_agg_024,aggregate_cross_paper,test,1.0,0.8147662317628181,1.0,0.938255410587606,496.9299199581146
N7_E11a_T12a,N7,arxiv_agg_025,aggregate_cross_paper,train,0.3333333333333333,0.6683956220681592,0.0,0.3339096518004975,496.9299199581146
N7_E11a_T12a,N7,arxiv_agg_026,aggregate_cross_paper,train,1.0,0.0,0.0,0.3333333333333333,496.9299199581146
N7_E11a_T12a,N7,arxiv_agg_027,aggregate_cross_paper,train,1.0,0.0,0.0,0.3333333333333333,496.9299199581146
N7_E11a_T12a,N7,arxiv_agg_028,aggregate_cross_paper,train,0.25,0.5762992507707005,0.0,0.2754330835902335,496.9299199581146
N7_E11a_T12a,N7,arxiv_agg_029,aggregate_cross_paper,test,1.0,0.5960221420140734,1.0,0.8653407140046911,496.9299199581146
N7_E11a_T12a,N7,arxiv_agg_030,aggregate_cross_paper,train,0.3333333333333333,0.6616841315619082,0.0,0.3316724882984138,496.9299199581146
N7_E11a_T12a,N7,arxiv_agg_031,aggregate_cross_paper,train,1.0,0.751521224157624,0.5,0.750507074719208,496.9299199581146
N7_E11a_T12a,N7,arxiv_agg_032,aggregate_cross_paper,test,1.0,0.6106718816545448,1.0,0.870223960551515,496.9299199581146
N7_E11a_T12a,N7,arxiv_edge_000,edge_multihop,test,0.8333333333333334,0.7126980526715192,1.0,0.8486771286682843,496.9299199581146
N7_E11a_T12a,N7,arxiv_edge_001,edge_multihop,test,0.5714285714285714,0.784661374949752,0.75,0.7020299821261077,496.9299199581146
N7_E11a_T12a,N7,arxiv_edge_002,edge_multihop,test,0.875,0.80549458740046,1.0,0.8934981958001534,496.9299199581146
N7_E11a_T12a,N7,arxiv_edge_003,edge_multihop,test,1.0,0.7164181508614208,0.0,0.5721393836204736,496.9299199581146
N7_E11a_T12a,N7,arxiv_edge_004,edge_multihop,test,0.0,0.6480738170426364,0.0,0.2160246056808788,496.9299199581146
N7_E11a_T12a,N7,arxiv_edge_005,edge_multihop,train,0.4,0.7352317689036448,0.25,0.4617439229678816,496.9299199581146
N7_E11a_T12a,N7,arxiv_edge_006,edge_multihop,test,1.0,0.0,0.0,0.3333333333333333,496.9299199581146
N7_E11a_T12a,N7,arxiv_edge_007,edge_multihop,test,0.3333333333333333,0.6568269335988735,0.5,0.4967200889774022,496.9299199581146
N7_E11a_T12a,N7,arxiv_edge_008,edge_multihop,test,0.2,0.8165178737662474,0.75,0.5888392912554158,496.9299199581146
N7_E11a_T12a,N7,arxiv_edge_009,edge_multihop,train,0.625,0.856419513669698,0.0,0.493806504556566,496.9299199581146
N7_E11a_T12a,N7,arxiv_edge_010,edge_multihop,train,1.0,0.0,0.5,0.5,496.9299199581146
N7_E11a_T12a,N7,arxiv_edge_011,edge_multihop,test,1.0,0.0,0.0,0.3333333333333333,496.9299199581146
N7_E11a_T12a,N7,arxiv_edge_012,edge_multihop,test,0.5,0.8591276795836857,0.25,0.5363758931945619,496.9299199581146
N7_E11a_T12a,N7,arxiv_edge_013,edge_multihop,test,1.0,0.0,0.25,0.4166666666666667,496.9299199581146
N7_E11a_T12a,N7,arxiv_edge_014,edge_multihop,test,1.0,0.0,0.25,0.4166666666666667,496.9299199581146
N7_E11a_T12a,N7,arxiv_edge_015,edge_multihop,train,0.6666666666666666,0.9141266085267108,0.75,0.7769310917311257,496.9299199581146
N7_E11a_T12a,N7,arxiv_edge_016,edge_multihop,train,0.6666666666666666,0.7620034078092409,0.0,0.4762233581586358,496.9299199581146
N7_E11a_T12a,N7,arxiv_edge_017,edge_multihop,train,0.75,0.6311152189360867,0.0,0.4603717396453622,496.9299199581146
N7_E11a_T12a,N7,arxiv_edge_018,edge_multihop,train,0.6666666666666666,0.8473733630505712,0.0,0.5046800099057459,496.9299199581146
N7_E11a_T12a,N7,arxiv_edge_019,edge_multihop,train,0.8333333333333334,0.8619537908554511,0.25,0.6484290413962616,496.9299199581146
N7_E11a_T12a,N7,arxiv_edge_020,edge_multihop,train,0.75,0.5773058811185452,0.0,0.4424352937061817,496.9299199581146
N7_E11a_T12a,N7,arxiv_edge_021,edge_multihop,test,1.0,0.0,0.25,0.4166666666666667,496.9299199581146
N7_E11a_T12a,N7,arxiv_edge_022,edge_multihop,test,1.0,0.5253969369829127,0.0,0.508465645660971,496.9299199581146
N7_E11a_T12a,N7,arxiv_edge_023,edge_multihop,train,0.6,0.7579138465770873,0.25,0.5359712821923625,496.9299199581146
N7_E11a_T12a,N7,arxiv_edge_024,edge_multihop,train,1.0,0.0,0.0,0.3333333333333333,496.9299199581146
N7_E11a_T12a,N7,arxiv_edge_025,edge_multihop,train,0.6666666666666666,0.8236693907325867,0.0,0.4967786857997511,496.9299199581146
N7_E11a_T12a,N7,arxiv_edge_026,edge_multihop,test,1.0,0.832134117939642,1.0,0.9440447059798808,496.9299199581146
N7_E11a_T12a,N7,arxiv_edge_027,edge_multihop,test,0.8333333333333334,0.7589595768170265,0.25,0.6140976367167866,496.9299199581146
N7_E11a_T12a,N7,arxiv_edge_028,edge_multihop,test,1.0,0.5568430974094806,0.0,0.5189476991364935,496.9299199581146
N7_E11a_T12a,N7,arxiv_edge_029,edge_multihop,train,0.7142857142857143,0.7746904688993338,1.0,0.8296587277283494,496.9299199581146
N7_E11a_T12a,N7,arxiv_edge_030,edge_multihop,train,0.6666666666666666,0.0,0.5,0.3888888888888888,496.9299199581146
N7_E11a_T12a,N7,arxiv_edge_031,edge_multihop,test,0.4,0.8822230547633075,0.75,0.6774076849211026,496.9299199581146
N7_E11a_T12a,N7,arxiv_edge_032,edge_multihop,test,0.8,0.0,0.0,0.2666666666666666,496.9299199581146
N7_E11a_T12a,N7,arxiv_edge_033,edge_multihop,test,0.5,0.8775600028671996,0.25,0.5425200009557333,496.9299199581146
N7_E11a_T12a,N7,arxiv_sh_035,single_specific,test,1.0,0.8129149035540104,1.0,0.9376383011846702,496.9299199581146
N7_E11a_T12a,N7,arxiv_sh_036,single_specific,train,1.0,0.9964042147519496,1.0,0.9988014049173164,496.9299199581146
N7_E11a_T12a,N7,arxiv_sh_037,single_specific,test,1.0,0.6063620028160396,1.0,0.8687873342720133,496.9299199581146
N7_E11a_T12a,N7,arxiv_sh_038,single_specific,test,1.0,0.911829570191017,1.0,0.9706098567303392,496.9299199581146
N7_E11a_T12a,N7,arxiv_sh_039,single_specific,test,1.0,0.8680322075273058,1.0,0.9560107358424352,496.9299199581146
N7_E11a_T12a,N7,arxiv_sh_040,single_specific,train,1.0,0.7775655722900545,1.0,0.9258551907633517,496.9299199581146
N7_E11a_T12a,N7,arxiv_sh_041,single_specific,test,0.6666666666666666,0.9610071876756638,1.0,0.8758912847807768,496.9299199581146
N7_E11a_T12a,N7,arxiv_sh_042,single_specific,train,1.0,0.9107774149037772,1.0,0.9702591383012592,496.9299199581146
N7_E11a_T12a,N7,arxiv_sh_043,single_specific,test,1.0,0.9595013890021716,1.0,0.986500463000724,496.9299199581146
N7_E11a_T12a,N7,arxiv_sh_044,single_specific,train,1.0,0.785242574495734,1.0,0.928414191498578,496.9299199581146
N7_E11a_T12a,N7,arxiv_sh_045,single_specific,train,0.3333333333333333,0.7076115445186981,0.5,0.5136482926173438,496.9299199581146
N7_E11a_T12a,N7,arxiv_sh_046,single_specific,train,0.5,0.9555893054896448,1.0,0.8185297684965483,496.9299199581146
N7_E11a_T12a,N7,arxiv_sh_047,single_specific,train,1.0,0.93894510692781,1.0,0.9796483689759368,496.9299199581146
N7_E11a_T12a,N7,arxiv_sh_048,single_specific,train,1.0,0.9167785424496327,1.0,0.9722595141498775,496.9299199581146
N7_E11a_T12a,N7,arxiv_sh_049,single_specific,test,1.0,0.7401438142396061,1.0,0.913381271413202,496.9299199581146
N7_E11a_T12a,N7,arxiv_sh_050,single_specific,train,1.0,0.9860119335490444,1.0,0.9953373111830148,496.9299199581146
N7_E11a_T12a,N7,arxiv_sh_051,single_specific,test,1.0,0.9718996459022028,1.0,0.9906332153007344,496.9299199581146
N7_E11a_T12a,N7,arxiv_sh_052,single_specific,test,1.0,0.8180756296387066,1.0,0.9393585432129022,496.9299199581146
N7_E11a_T12a,N7,arxiv_sh_053,single_specific,train,1.0,0.8318548907730311,1.0,0.943951630257677,496.9299199581146
N7_E11a_T12a,N7,arxiv_sh_054,single_specific,test,0.8,0.8257995340682315,1.0,0.8752665113560772,496.9299199581146
N7_E11a_T12a,N7,arxiv_sh_055,single_specific,test,1.0,0.8901193595598208,1.0,0.9633731198532736,496.9299199581146
N7_E11a_T12a,N7,arxiv_sh_056,single_specific,test,1.0,0.6553196740881313,1.0,0.8851065580293772,496.9299199581146
N7_E11a_T12a,N7,arxiv_sh_057,single_specific,train,1.0,0.8028465028142852,1.0,0.9342821676047616,496.9299199581146
N7_E11a_T12a,N7,arxiv_sh_058,single_specific,test,1.0,0.9618763790696204,1.0,0.98729212635654,496.9299199581146
N7_E11a_T12a,N7,arxiv_sh_059,single_specific,train,1.0,0.930143485519276,1.0,0.976714495173092,496.9299199581146
N7_E11a_T12a,N7,arxiv_sh_060,single_specific,train,0.5,0.9760340137345228,1.0,0.8253446712448409,496.9299199581146
N7_E11a_T12a,N7,arxiv_sh_061,single_specific,train,0.0,0.0,1.0,0.3333333333333333,496.9299199581146
N7_E11a_T12a,N7,arxiv_sh_062,single_specific,train,1.0,0.9178089157065168,1.0,0.9726029719021724,496.9299199581146
N7_E11a_T12a,N7,arxiv_sh_063,single_specific,test,1.0,0.9792774902885056,1.0,0.9930924967628352,496.9299199581146
N7_E11a_T12a,N7,arxiv_sh_064,single_specific,test,1.0,0.9846338485496862,1.0,0.994877949516562,496.9299199581146
N7_E11a_T12a,N7,arxiv_sh_065,single_specific,train,0.6666666666666666,0.7891309273339159,0.25,0.5685991980001942,496.9299199581146
N7_E11a_T12a,N7,arxiv_sh_066,single_specific,test,1.0,0.993733585705052,1.0,0.9979111952350174,496.9299199581146
N7_E11a_T12a,N7,arxiv_sh_067,single_specific,test,1.0,0.7527941654536546,0.5,0.7509313884845515,496.9299199581146
N7_E11a_T12a,N7,arxiv_sh_068,single_specific,test,0.5,0.9999995788141696,1.0,0.8333331929380566,496.9299199581146
N7_E11a_T12a,N7,arxiv_sh_069,single_specific,test,0.3333333333333333,0.0,1.0,0.4444444444444444,496.9299199581146
N7_E11a_T12a,N7,arxiv_sh_070,single_specific,test,1.0,0.8952957719907197,0.75,0.8817652573302399,496.9299199581146
N7_E11a_T12a,N7,arxiv_sh_071,single_specific,train,1.0,0.941577593386684,1.0,0.980525864462228,496.9299199581146
N7_E11a_T12a,N7,arxiv_sh_072,single_specific,test,1.0,0.8775123611228898,1.0,0.9591707870409631,496.9299199581146
N7_E11a_T12a,N7,arxiv_sh_073,single_specific,test,0.6666666666666666,0.7308318836153792,1.0,0.7991661834273486,496.9299199581146
N7_E11a_T12a,N7,arxiv_sh_074,single_specific,test,1.0,0.9061464436516626,1.0,0.9687154812172208,496.9299199581146
N7_E11a_T12a,N7,arxiv_sh_075,single_specific,train,0.6,0.9400917014241864,1.0,0.8466972338080622,496.9299199581146
N7_E11a_T12a,N7,arxiv_sh_076,single_specific,test,0.6666666666666666,0.0,0.0,0.2222222222222222,496.9299199581146
N7_E11a_T12a,N7,arxiv_sh_077,single_specific,train,1.0,0.9667452062440048,1.0,0.9889150687480016,496.9299199581146
N7_E11a_T12a,N7,arxiv_sh_078,single_specific,train,1.0,0.957522383699677,1.0,0.9858407945665588,496.9299199581146
N7_E11a_T12a,N7,arxiv_sh_079,single_specific,test,1.0,0.999983383901916,1.0,0.9999944613006386,496.9299199581146
N7_E11a_T12a,N7,arxiv_sh_080,single_specific,test,1.0,0.9231738384376186,1.0,0.9743912794792062,496.9299199581146
N7_E11a_T12a,N7,arxiv_sh_081,single_specific,train,1.0,0.9550652214942756,1.0,0.985021740498092,496.9299199581146
N7_E11a_T12a,N7,arxiv_sh_082,single_specific,train,1.0,0.7016725895346576,1.0,0.9005575298448859,496.9299199581146
N7_E11a_T12b,N7,arxiv_sh_000,single_specific,test,0.0,0.0,1.0,0.3333333333333333,449.37481713294983
N7_E11a_T12b,N7,arxiv_sh_001,single_specific,test,1.0,0.9633794647283614,1.0,0.9877931549094536,449.37481713294983
N7_E11a_T12b,N7,arxiv_sh_002,single_specific,test,1.0,0.8587441312755876,0.75,0.8695813770918625,449.37481713294983
N7_E11a_T12b,N7,arxiv_sh_003,single_specific,train,1.0,0.6943550275807523,1.0,0.8981183425269174,449.37481713294983
N7_E11a_T12b,N7,arxiv_sh_004,single_specific,train,1.0,0.7394443861628497,1.0,0.91314812872095,449.37481713294983
N7_E11a_T12b,N7,arxiv_sh_005,single_specific,train,0.6666666666666666,0.7991109383506054,1.0,0.8219258683390906,449.37481713294983
N7_E11a_T12b,N7,arxiv_sh_006,single_specific,train,0.5,0.0,1.0,0.5,449.37481713294983
N7_E11a_T12b,N7,arxiv_sh_007,single_specific,train,1.0,0.9906250131870598,1.0,0.9968750043956868,449.37481713294983
N7_E11a_T12b,N7,arxiv_sh_008,single_specific,train,0.0,0.0,1.0,0.3333333333333333,449.37481713294983
N7_E11a_T12b,N7,arxiv_sh_009,single_specific,train,0.0,0.5456033150091822,1.0,0.5152011050030607,449.37481713294983
N7_E11a_T12b,N7,arxiv_sh_010,single_specific,test,1.0,0.0,0.0,0.3333333333333333,449.37481713294983
N7_E11a_T12b,N7,arxiv_sh_011,single_specific,train,1.0,0.8185628286809815,1.0,0.9395209428936604,449.37481713294983
N7_E11a_T12b,N7,arxiv_sh_012,single_specific,train,1.0,0.958284175470509,1.0,0.9860947251568364,449.37481713294983
N7_E11a_T12b,N7,arxiv_sh_013,single_specific,train,1.0,0.9999995584793386,1.0,0.9999998528264462,449.37481713294983
N7_E11a_T12b,N7,arxiv_sh_014,single_specific,train,1.0,0.8251459126023946,1.0,0.9417153042007982,449.37481713294983
N7_E11a_T12b,N7,arxiv_sh_015,single_specific,test,1.0,0.957584221920872,1.0,0.9858614073069571,449.37481713294983
N7_E11a_T12b,N7,arxiv_sh_016,single_specific,test,1.0,0.9332404074097546,1.0,0.9777468024699182,449.37481713294983
N7_E11a_T12b,N7,arxiv_sh_017,single_specific,test,1.0,0.827804352487709,1.0,0.9426014508292364,449.37481713294983
N7_E11a_T12b,N7,arxiv_sh_018,single_specific,test,1.0,0.9547107236633277,1.0,0.9849035745544424,449.37481713294983
N7_E11a_T12b,N7,arxiv_sh_019,single_specific,test,0.25,0.9999996647159988,1.0,0.7499998882386661,449.37481713294983
N7_E11a_T12b,N7,arxiv_sh_020,single_specific,train,1.0,0.9685770617977566,1.0,0.9895256872659188,449.37481713294983
N7_E11a_T12b,N7,arxiv_sh_021,single_specific,train,1.0,0.4222911240082339,1.0,0.8074303746694113,449.37481713294983
N7_E11a_T12b,N7,arxiv_sh_022,single_specific,test,1.0,0.9420888176348906,1.0,0.9806962725449636,449.37481713294983
N7_E11a_T12b,N7,arxiv_sh_023,single_specific,test,1.0,0.8318416781316568,1.0,0.9439472260438856,449.37481713294983
N7_E11a_T12b,N7,arxiv_sh_024,single_specific,test,1.0,0.962791227424265,1.0,0.9875970758080884,449.37481713294983
N7_E11a_T12b,N7,arxiv_sh_025,single_specific,train,0.75,0.8549048415475291,1.0,0.8683016138491763,449.37481713294983
N7_E11a_T12b,N7,arxiv_sh_026,single_specific,train,1.0,0.9304035813203012,1.0,0.9768011937734338,449.37481713294983
N7_E11a_T12b,N7,arxiv_sh_027,single_specific,test,1.0,0.8656693797694132,1.0,0.9552231265898043,449.37481713294983
N7_E11a_T12b,N7,arxiv_sh_028,single_specific,train,1.0,0.918613208924182,1.0,0.972871069641394,449.37481713294983
N7_E11a_T12b,N7,arxiv_sh_029,single_specific,test,1.0,0.9684900199521876,1.0,0.989496673317396,449.37481713294983
N7_E11a_T12b,N7,arxiv_sh_030,single_specific,test,1.0,0.9508478274518258,1.0,0.983615942483942,449.37481713294983
N7_E11a_T12b,N7,arxiv_sh_031,single_specific,test,0.5,0.9668504686888894,1.0,0.8222834895629632,449.37481713294983
N7_E11a_T12b,N7,arxiv_sh_032,single_specific,test,0.6666666666666666,0.7913783987008811,1.0,0.8193483551225159,449.37481713294983
N7_E11a_T12b,N7,arxiv_sh_033,single_specific,train,1.0,0.8563771602582763,0.0,0.6187923867527587,449.37481713294983
N7_E11a_T12b,N7,arxiv_sh_034,single_specific,train,1.0,0.9803398705965776,1.0,0.9934466235321926,449.37481713294983
N7_E11a_T12b,N7,arxiv_agg_000,aggregate_cross_paper,train,0.875,0.7061655264358121,1.0,0.8603885088119374,449.37481713294983
N7_E11a_T12b,N7,arxiv_agg_001,aggregate_cross_paper,test,0.5,0.6926355567772208,0.5,0.5642118522590737,449.37481713294983
N7_E11a_T12b,N7,arxiv_agg_002,aggregate_cross_paper,test,1.0,0.0,0.0,0.3333333333333333,449.37481713294983
N7_E11a_T12b,N7,arxiv_agg_003,aggregate_cross_paper,test,0.6666666666666666,0.784322525068446,0.0,0.4836630639117041,449.37481713294983
N7_E11a_T12b,N7,arxiv_agg_004,aggregate_cross_paper,train,1.0,0.4458464209301646,1.0,0.815282140310055,449.37481713294983
N7_E11a_T12b,N7,arxiv_agg_005,aggregate_cross_paper,train,1.0,0.7981266370105358,1.0,0.932708879003512,449.37481713294983
N7_E11a_T12b,N7,arxiv_agg_006,aggregate_cross_paper,test,0.5,0.7045118843230279,0.5,0.5681706281076759,449.37481713294983
N7_E11a_T12b,N7,arxiv_agg_007,aggregate_cross_paper,train,0.875,0.7347070738659587,1.0,0.8699023579553197,449.37481713294983
N7_E11a_T12b,N7,arxiv_agg_008,aggregate_cross_paper,test,1.0,0.8052123116775037,1.0,0.935070770559168,449.37481713294983
N7_E11a_T12b,N7,arxiv_agg_009,aggregate_cross_paper,train,0.6666666666666666,0.9386215901284292,0.75,0.7850960855983654,449.37481713294983
N7_E11a_T12b,N7,arxiv_agg_010,aggregate_cross_paper,train,0.7142857142857143,0.6705261551212175,1.0,0.7949372898023106,449.37481713294983
N7_E11a_T12b,N7,arxiv_agg_011,aggregate_cross_paper,train,0.7,0.2842830894204793,0.25,0.4114276964734931,449.37481713294983
N7_E11a_T12b,N7,arxiv_agg_012,aggregate_cross_paper,train,0.5,0.6765938024760721,0.25,0.475531267492024,449.37481713294983
N7_E11a_T12b,N7,arxiv_agg_013,aggregate_cross_paper,train,1.0,0.6622805000585521,1.0,0.8874268333528507,449.37481713294983
N7_E11a_T12b,N7,arxiv_agg_014,aggregate_cross_paper,test,0.75,0.0,0.0,0.25,449.37481713294983
N7_E11a_T12b,N7,arxiv_agg_015,aggregate_cross_paper,train,0.8571428571428571,0.0,0.5,0.4523809523809524,449.37481713294983
N7_E11a_T12b,N7,arxiv_agg_016,aggregate_cross_paper,train,1.0,0.0,0.25,0.4166666666666667,449.37481713294983
N7_E11a_T12b,N7,arxiv_agg_017,aggregate_cross_paper,test,0.0,0.9376267367805357,0.5,0.4792089122601785,449.37481713294983
N7_E11a_T12b,N7,arxiv_agg_018,aggregate_cross_paper,train,0.75,0.594489562622367,0.5,0.6148298542074556,449.37481713294983
N7_E11a_T12b,N7,arxiv_agg_019,aggregate_cross_paper,train,0.7,0.5624554178530533,1.0,0.7541518059510177,449.37481713294983
N7_E11a_T12b,N7,arxiv_agg_020,aggregate_cross_paper,test,1.0,0.7289908563428714,0.5,0.7429969521142904,449.37481713294983
N7_E11a_T12b,N7,arxiv_agg_021,aggregate_cross_paper,test,0.1428571428571428,0.931177872153432,0.25,0.4413450050035249,449.37481713294983
N7_E11a_T12b,N7,arxiv_agg_022,aggregate_cross_paper,train,0.7142857142857143,0.603582190549667,0.75,0.6892893016117938,449.37481713294983
N7_E11a_T12b,N7,arxiv_agg_023,aggregate_cross_paper,test,1.0,0.0,0.0,0.3333333333333333,449.37481713294983
N7_E11a_T12b,N7,arxiv_agg_024,aggregate_cross_paper,test,1.0,0.8147504774967794,1.0,0.9382501591655932,449.37481713294983
N7_E11a_T12b,N7,arxiv_agg_025,aggregate_cross_paper,train,0.3333333333333333,0.6530018806811526,0.0,0.3287784046714953,449.37481713294983
N7_E11a_T12b,N7,arxiv_agg_026,aggregate_cross_paper,train,1.0,0.0,0.0,0.3333333333333333,449.37481713294983
N7_E11a_T12b,N7,arxiv_agg_027,aggregate_cross_paper,train,1.0,0.0,0.0,0.3333333333333333,449.37481713294983
N7_E11a_T12b,N7,arxiv_agg_028,aggregate_cross_paper,train,1.0,0.6005173451884491,0.0,0.533505781729483,449.37481713294983
N7_E11a_T12b,N7,arxiv_agg_029,aggregate_cross_paper,test,1.0,0.5658063731430568,1.0,0.8552687910476856,449.37481713294983
N7_E11a_T12b,N7,arxiv_agg_030,aggregate_cross_paper,train,0.3333333333333333,0.6542560723426716,0.0,0.3291964685586683,449.37481713294983
N7_E11a_T12b,N7,arxiv_agg_031,aggregate_cross_paper,train,0.6666666666666666,0.7516539175012279,0.5,0.6394401947226315,449.37481713294983
N7_E11a_T12b,N7,arxiv_agg_032,aggregate_cross_paper,test,1.0,0.6113810909021576,1.0,0.8704603636340525,449.37481713294983
N7_E11a_T12b,N7,arxiv_edge_000,edge_multihop,test,0.8333333333333334,0.7142361655522915,1.0,0.849189832961875,449.37481713294983
N7_E11a_T12b,N7,arxiv_edge_001,edge_multihop,test,0.4285714285714285,0.8719632804878681,0.75,0.6835115696864321,449.37481713294983
N7_E11a_T12b,N7,arxiv_edge_002,edge_multihop,test,0.75,0.7895880091643749,1.0,0.8465293363881249,449.37481713294983
N7_E11a_T12b,N7,arxiv_edge_003,edge_multihop,test,0.8571428571428571,0.8294128548074329,0.0,0.5621852373167634,449.37481713294983
N7_E11a_T12b,N7,arxiv_edge_004,edge_multihop,test,1.0,0.0,0.0,0.3333333333333333,449.37481713294983
N7_E11a_T12b,N7,arxiv_edge_005,edge_multihop,train,0.4,0.7352433657901877,0.25,0.4617477885967292,449.37481713294983
N7_E11a_T12b,N7,arxiv_edge_006,edge_multihop,test,1.0,0.0,0.0,0.3333333333333333,449.37481713294983
N7_E11a_T12b,N7,arxiv_edge_007,edge_multihop,test,0.6,0.6673344376347553,0.25,0.5057781458782518,449.37481713294983
N7_E11a_T12b,N7,arxiv_edge_008,edge_multihop,test,0.0,0.8047667641673808,0.75,0.5182555880557936,449.37481713294983
N7_E11a_T12b,N7,arxiv_edge_009,edge_multihop,train,0.4285714285714285,0.8584655632719193,0.0,0.4290123306144492,449.37481713294983
N7_E11a_T12b,N7,arxiv_edge_010,edge_multihop,train,1.0,0.0,0.5,0.5,449.37481713294983
N7_E11a_T12b,N7,arxiv_edge_011,edge_multihop,test,1.0,0.0,0.0,0.3333333333333333,449.37481713294983
N7_E11a_T12b,N7,arxiv_edge_012,edge_multihop,test,0.5,0.8591130864830491,0.25,0.536371028827683,449.37481713294983
N7_E11a_T12b,N7,arxiv_edge_013,edge_multihop,test,1.0,0.0,0.25,0.4166666666666667,449.37481713294983
N7_E11a_T12b,N7,arxiv_edge_014,edge_multihop,test,1.0,0.0,0.25,0.4166666666666667,449.37481713294983
N7_E11a_T12b,N7,arxiv_edge_015,edge_multihop,train,0.3333333333333333,0.9088793612760904,0.75,0.6640708982031412,449.37481713294983
N7_E11a_T12b,N7,arxiv_edge_016,edge_multihop,train,0.8,0.775465910625411,0.0,0.5251553035418036,449.37481713294983
N7_E11a_T12b,N7,arxiv_edge_017,edge_multihop,train,0.7777777777777778,0.6311152189360867,0.0,0.4696309989046215,449.37481713294983
N7_E11a_T12b,N7,arxiv_edge_018,edge_multihop,train,1.0,0.5962947927506134,0.0,0.5320982642502045,449.37481713294983
N7_E11a_T12b,N7,arxiv_edge_019,edge_multihop,train,0.0,0.8718520816080483,0.5,0.4572840272026828,449.37481713294983
N7_E11a_T12b,N7,arxiv_edge_020,edge_multihop,train,0.5,0.6212148303989599,0.0,0.3737382767996533,449.37481713294983
N7_E11a_T12b,N7,arxiv_edge_021,edge_multihop,test,1.0,0.0,0.25,0.4166666666666667,449.37481713294983
N7_E11a_T12b,N7,arxiv_edge_022,edge_multihop,test,0.8,0.6084138303992614,0.0,0.4694712767997538,449.37481713294983
N7_E11a_T12b,N7,arxiv_edge_023,edge_multihop,train,0.5,0.755689328445221,0.0,0.4185631094817403,449.37481713294983
N7_E11a_T12b,N7,arxiv_edge_024,edge_multihop,train,1.0,0.0,0.0,0.3333333333333333,449.37481713294983
N7_E11a_T12b,N7,arxiv_edge_025,edge_multihop,train,0.7142857142857143,0.8107975244123979,0.0,0.5083610795660375,449.37481713294983
N7_E11a_T12b,N7,arxiv_edge_026,edge_multihop,test,0.875,0.8298221130197801,1.0,0.9016073710065934,449.37481713294983
N7_E11a_T12b,N7,arxiv_edge_027,edge_multihop,test,0.5,0.6766885295456712,0.5,0.5588961765152237,449.37481713294983
N7_E11a_T12b,N7,arxiv_edge_028,edge_multihop,test,0.8,0.6337567419976238,0.0,0.4779189139992079,449.37481713294983
N7_E11a_T12b,N7,arxiv_edge_029,edge_multihop,train,1.0,0.7675330729574963,0.0,0.5891776909858321,449.37481713294983
N7_E11a_T12b,N7,arxiv_edge_030,edge_multihop,train,0.5,0.9098164927022312,0.5,0.6366054975674104,449.37481713294983
N7_E11a_T12b,N7,arxiv_edge_031,edge_multihop,test,0.3333333333333333,0.8737733633688892,0.75,0.6523688989007409,449.37481713294983
N7_E11a_T12b,N7,arxiv_edge_032,edge_multihop,test,0.75,0.0,0.0,0.25,449.37481713294983
N7_E11a_T12b,N7,arxiv_edge_033,edge_multihop,test,0.75,0.6375790629432431,0.25,0.5458596876477477,449.37481713294983
N7_E11a_T12b,N7,arxiv_sh_035,single_specific,test,1.0,0.9384659203171608,1.0,0.9794886401057205,449.37481713294983
N7_E11a_T12b,N7,arxiv_sh_036,single_specific,train,1.0,0.9964018941050536,1.0,0.9988006313683512,449.37481713294983
N7_E11a_T12b,N7,arxiv_sh_037,single_specific,test,1.0,0.6206365604815262,1.0,0.8735455201605088,449.37481713294983
N7_E11a_T12b,N7,arxiv_sh_038,single_specific,test,1.0,0.9118376299497708,1.0,0.9706125433165904,449.37481713294983
N7_E11a_T12b,N7,arxiv_sh_039,single_specific,test,1.0,0.8679764230011747,1.0,0.9559921410003916,449.37481713294983
N7_E11a_T12b,N7,arxiv_sh_040,single_specific,train,1.0,0.8591899174146876,1.0,0.9530633058048958,449.37481713294983
N7_E11a_T12b,N7,arxiv_sh_041,single_specific,test,0.6666666666666666,0.9869416330860398,1.0,0.8845360999175688,449.37481713294983
N7_E11a_T12b,N7,arxiv_sh_042,single_specific,train,1.0,0.9026695133801976,1.0,0.9675565044600658,449.37481713294983
N7_E11a_T12b,N7,arxiv_sh_043,single_specific,test,1.0,0.9595013890021716,1.0,0.986500463000724,449.37481713294983
N7_E11a_T12b,N7,arxiv_sh_044,single_specific,train,1.0,0.7852162175635684,1.0,0.9284054058545228,449.37481713294983
N7_E11a_T12b,N7,arxiv_sh_045,single_specific,train,0.5,0.707604803627409,0.5,0.5692016012091363,449.37481713294983
N7_E11a_T12b,N7,arxiv_sh_046,single_specific,train,0.5,0.9051561064868038,1.0,0.8017187021622679,449.37481713294983
N7_E11a_T12b,N7,arxiv_sh_047,single_specific,train,1.0,0.93894510692781,1.0,0.9796483689759368,449.37481713294983
N7_E11a_T12b,N7,arxiv_sh_048,single_specific,train,1.0,0.9224045601044648,1.0,0.974134853368155,449.37481713294983
N7_E11a_T12b,N7,arxiv_sh_049,single_specific,test,1.0,0.8066021272009202,1.0,0.9355340424003068,449.37481713294983
N7_E11a_T12b,N7,arxiv_sh_050,single_specific,train,1.0,0.9860231784500688,1.0,0.9953410594833564,449.37481713294983
N7_E11a_T12b,N7,arxiv_sh_051,single_specific,test,1.0,0.9718939548125518,1.0,0.9906313182708506,449.37481713294983
N7_E11a_T12b,N7,arxiv_sh_052,single_specific,test,1.0,0.8180756296387066,1.0,0.9393585432129022,449.37481713294983
N7_E11a_T12b,N7,arxiv_sh_053,single_specific,train,1.0,0.8318427190973191,1.0,0.9439475730324396,449.37481713294983
N7_E11a_T12b,N7,arxiv_sh_054,single_specific,test,0.75,0.8750922410926427,1.0,0.8750307470308809,449.37481713294983
N7_E11a_T12b,N7,arxiv_sh_055,single_specific,test,1.0,0.8901193595598208,1.0,0.9633731198532736,449.37481713294983
N7_E11a_T12b,N7,arxiv_sh_056,single_specific,test,1.0,0.0,1.0,0.6666666666666666,449.37481713294983
N7_E11a_T12b,N7,arxiv_sh_057,single_specific,train,1.0,0.8033501628858741,1.0,0.9344500542952914,449.37481713294983
N7_E11a_T12b,N7,arxiv_sh_058,single_specific,test,1.0,0.9618563396661264,1.0,0.9872854465553754,449.37481713294983
N7_E11a_T12b,N7,arxiv_sh_059,single_specific,train,1.0,0.9301762517186096,1.0,0.9767254172395368,449.37481713294983
N7_E11a_T12b,N7,arxiv_sh_060,single_specific,train,0.5,0.9760340137345228,1.0,0.825344671244841,449.37481713294983
N7_E11a_T12b,N7,arxiv_sh_061,single_specific,train,0.0,0.0,1.0,0.3333333333333333,449.37481713294983
N7_E11a_T12b,N7,arxiv_sh_062,single_specific,train,1.0,0.9178089157065168,1.0,0.9726029719021724,449.37481713294983
N7_E11a_T12b,N7,arxiv_sh_063,single_specific,test,1.0,0.9792919481650108,1.0,0.9930973160550036,449.37481713294983
N7_E11a_T12b,N7,arxiv_sh_064,single_specific,test,1.0,0.8695270227860067,1.0,0.9565090075953356,449.37481713294983
N7_E11a_T12b,N7,arxiv_sh_065,single_specific,train,0.6666666666666666,0.7660501075810133,0.25,0.5609055914158932,449.37481713294983
N7_E11a_T12b,N7,arxiv_sh_066,single_specific,test,1.0,0.993738718565335,1.0,0.997912906188445,449.37481713294983
N7_E11a_T12b,N7,arxiv_sh_067,single_specific,test,1.0,0.7396885131995142,0.0,0.5798961710665047,449.37481713294983
N7_E11a_T12b,N7,arxiv_sh_068,single_specific,test,1.0,1.0,1.0,1.0,449.37481713294983
N7_E11a_T12b,N7,arxiv_sh_069,single_specific,test,0.5,0.0,1.0,0.5,449.37481713294983
N7_E11a_T12b,N7,arxiv_sh_070,single_specific,test,1.0,0.8953334093140405,0.75,0.8817778031046801,449.37481713294983
N7_E11a_T12b,N7,arxiv_sh_071,single_specific,train,1.0,0.9415526340809356,1.0,0.9805175446936452,449.37481713294983
N7_E11a_T12b,N7,arxiv_sh_072,single_specific,test,1.0,0.8775123611228898,1.0,0.9591707870409631,449.37481713294983
N7_E11a_T12b,N7,arxiv_sh_073,single_specific,test,1.0,0.7051439383670974,1.0,0.9017146461223658,449.37481713294983
N7_E11a_T12b,N7,arxiv_sh_074,single_specific,test,1.0,0.8955306468952338,1.0,0.9651768822984113,449.37481713294983
N7_E11a_T12b,N7,arxiv_sh_075,single_specific,train,0.6,0.9400917014241864,1.0,0.8466972338080622,449.37481713294983
N7_E11a_T12b,N7,arxiv_sh_076,single_specific,test,0.5,0.0,0.0,0.1666666666666666,449.37481713294983
N7_E11a_T12b,N7,arxiv_sh_077,single_specific,train,1.0,0.9667563689315016,1.0,0.9889187896438338,449.37481713294983
N7_E11a_T12b,N7,arxiv_sh_078,single_specific,train,1.0,0.957522383699677,1.0,0.9858407945665588,449.37481713294983
N7_E11a_T12b,N7,arxiv_sh_079,single_specific,test,1.0,0.993844321728249,1.0,0.9979481072427496,449.37481713294983
N7_E11a_T12b,N7,arxiv_sh_080,single_specific,test,1.0,0.9232035819811456,1.0,0.9744011939937152,449.37481713294983
N7_E11a_T12b,N7,arxiv_sh_081,single_specific,train,1.0,0.9550652214942756,1.0,0.985021740498092,449.37481713294983
N7_E11a_T12b,N7,arxiv_sh_082,single_specific,train,1.0,0.7016725895346576,1.0,0.9005575298448859,449.37481713294983
N7_E11b_T12a,N7,arxiv_sh_000,single_specific,test,0.0,0.0,0.5,0.1666666666666666,456.6938600540161
N7_E11b_T12a,N7,arxiv_sh_001,single_specific,test,1.0,0.9438686259784904,1.0,0.98128954199283,456.6938600540161
N7_E11b_T12a,N7,arxiv_sh_002,single_specific,test,0.6666666666666666,0.8587441312755876,0.5,0.6751369326474181,456.6938600540161
N7_E11b_T12a,N7,arxiv_sh_003,single_specific,train,1.0,0.748054770964995,1.0,0.9160182569883316,456.6938600540161
N7_E11b_T12a,N7,arxiv_sh_004,single_specific,train,1.0,0.9363298343753462,0.75,0.8954432781251155,456.6938600540161
N7_E11b_T12a,N7,arxiv_sh_005,single_specific,train,1.0,0.8119957786920845,1.0,0.9373319262306948,456.6938600540161
N7_E11b_T12a,N7,arxiv_sh_006,single_specific,train,0.75,0.839816278895535,1.0,0.8632720929651784,456.6938600540161
N7_E11b_T12a,N7,arxiv_sh_007,single_specific,train,0.5,0.0,0.0,0.1666666666666666,456.6938600540161
N7_E11b_T12a,N7,arxiv_sh_008,single_specific,train,0.0,0.0,1.0,0.3333333333333333,456.6938600540161
N7_E11b_T12a,N7,arxiv_sh_009,single_specific,train,1.0,0.9448150844406066,1.0,0.9816050281468688,456.6938600540161
N7_E11b_T12a,N7,arxiv_sh_010,single_specific,test,0.5,0.9521517228807224,0.0,0.4840505742935742,456.6938600540161
N7_E11b_T12a,N7,arxiv_sh_011,single_specific,train,1.0,0.8269290240747694,1.0,0.94230967469159,456.6938600540161
N7_E11b_T12a,N7,arxiv_sh_012,single_specific,train,0.75,0.8228767579053038,1.0,0.8576255859684346,456.6938600540161
N7_E11b_T12a,N7,arxiv_sh_013,single_specific,train,1.0,0.9999996155418516,1.0,0.999999871847284,456.6938600540161
N7_E11b_T12a,N7,arxiv_sh_014,single_specific,train,1.0,0.8251332964945753,1.0,0.941711098831525,456.6938600540161
N7_E11b_T12a,N7,arxiv_sh_015,single_specific,test,1.0,0.957584221920872,1.0,0.9858614073069571,456.6938600540161
N7_E11b_T12a,N7,arxiv_sh_016,single_specific,test,1.0,0.8011485493940906,1.0,0.9337161831313636,456.6938600540161
N7_E11b_T12a,N7,arxiv_sh_017,single_specific,test,1.0,0.7687034787104879,1.0,0.9229011595701628,456.6938600540161
N7_E11b_T12a,N7,arxiv_sh_018,single_specific,test,0.6666666666666666,0.9378830100179298,1.0,0.8681832255615322,456.6938600540161
N7_E11b_T12a,N7,arxiv_sh_019,single_specific,test,0.25,0.9999996647159988,1.0,0.7499998882386661,456.6938600540161
N7_E11b_T12a,N7,arxiv_sh_020,single_specific,train,1.0,0.8275103564091454,1.0,0.942503452136382,456.6938600540161
N7_E11b_T12a,N7,arxiv_sh_021,single_specific,train,1.0,0.4222806048679441,1.0,0.8074268682893146,456.6938600540161
N7_E11b_T12a,N7,arxiv_sh_022,single_specific,test,1.0,0.0,0.0,0.3333333333333333,456.6938600540161
N7_E11b_T12a,N7,arxiv_sh_023,single_specific,test,1.0,0.8318395962003319,1.0,0.9439465320667773,456.6938600540161
N7_E11b_T12a,N7,arxiv_sh_024,single_specific,test,1.0,0.8915665678165592,1.0,0.9638555226055198,456.6938600540161
N7_E11b_T12a,N7,arxiv_sh_025,single_specific,train,0.8,0.8548779600144493,1.0,0.8849593200048164,456.6938600540161
N7_E11b_T12a,N7,arxiv_sh_026,single_specific,train,1.0,0.9287703169102692,1.0,0.9762567723034232,456.6938600540161
N7_E11b_T12a,N7,arxiv_sh_027,single_specific,test,1.0,0.8451721008648949,1.0,0.9483907002882984,456.6938600540161
N7_E11b_T12a,N7,arxiv_sh_028,single_specific,train,0.5,0.0,0.0,0.1666666666666666,456.6938600540161
N7_E11b_T12a,N7,arxiv_sh_029,single_specific,test,1.0,0.9684983983142778,1.0,0.9894994661047593,456.6938600540161
N7_E11b_T12a,N7,arxiv_sh_030,single_specific,test,1.0,0.953545584354667,0.25,0.734515194784889,456.6938600540161
N7_E11b_T12a,N7,arxiv_sh_031,single_specific,test,1.0,0.9668504686888894,0.0,0.6556168228962965,456.6938600540161
N7_E11b_T12a,N7,arxiv_sh_032,single_specific,test,0.3333333333333333,0.7896749629868987,1.0,0.7076694321067439,456.6938600540161
N7_E11b_T12a,N7,arxiv_sh_033,single_specific,train,0.5,0.8350331885620635,0.0,0.4450110628540211,456.6938600540161
N7_E11b_T12a,N7,arxiv_sh_034,single_specific,train,1.0,0.7823333024601213,1.0,0.9274444341533736,456.6938600540161
N7_E11b_T12a,N7,arxiv_agg_000,aggregate_cross_paper,train,0.75,0.7125121733139336,1.0,0.8208373911046446,456.6938600540161
N7_E11b_T12a,N7,arxiv_agg_001,aggregate_cross_paper,test,1.0,0.0,0.0,0.3333333333333333,456.6938600540161
N7_E11b_T12a,N7,arxiv_agg_002,aggregate_cross_paper,test,1.0,0.0,0.25,0.4166666666666667,456.6938600540161
N7_E11b_T12a,N7,arxiv_agg_003,aggregate_cross_paper,test,0.0,0.7842571673936201,0.0,0.2614190557978733,456.6938600540161
N7_E11b_T12a,N7,arxiv_agg_004,aggregate_cross_paper,train,0.6666666666666666,0.8685690854359631,0.5,0.6784119173675432,456.6938600540161
N7_E11b_T12a,N7,arxiv_agg_005,aggregate_cross_paper,train,1.0,0.7981269247987988,0.0,0.5993756415995996,456.6938600540161
N7_E11b_T12a,N7,arxiv_agg_006,aggregate_cross_paper,test,0.75,0.7044898343011909,1.0,0.818163278100397,456.6938600540161
N7_E11b_T12a,N7,arxiv_agg_007,aggregate_cross_paper,train,1.0,0.7210062093473375,1.0,0.907002069782446,456.6938600540161
N7_E11b_T12a,N7,arxiv_agg_008,aggregate_cross_paper,test,1.0,0.8052123116775037,0.5,0.7684041038925012,456.6938600540161
N7_E11b_T12a,N7,arxiv_agg_009,aggregate_cross_paper,train,0.375,0.9386112139926224,0.25,0.5212037379975408,456.6938600540161
N7_E11b_T12a,N7,arxiv_agg_010,aggregate_cross_paper,train,0.7142857142857143,0.8186497098970029,1.0,0.8443118080609057,456.6938600540161
N7_E11b_T12a,N7,arxiv_agg_011,aggregate_cross_paper,train,0.6666666666666666,0.0,1.0,0.5555555555555555,456.6938600540161
N7_E11b_T12a,N7,arxiv_agg_012,aggregate_cross_paper,train,1.0,0.4203097291108572,0.0,0.4734365763702857,456.6938600540161
N7_E11b_T12a,N7,arxiv_agg_013,aggregate_cross_paper,train,1.0,0.9232141763905276,0.25,0.7244047254635092,456.6938600540161
N7_E11b_T12a,N7,arxiv_agg_014,aggregate_cross_paper,test,1.0,0.0,0.0,0.3333333333333333,456.6938600540161
N7_E11b_T12a,N7,arxiv_agg_015,aggregate_cross_paper,train,0.3333333333333333,0.0,0.0,0.1111111111111111,456.6938600540161
N7_E11b_T12a,N7,arxiv_agg_016,aggregate_cross_paper,train,0.5,0.0,0.5,0.3333333333333333,456.6938600540161
N7_E11b_T12a,N7,arxiv_agg_017,aggregate_cross_paper,test,0.0,0.9356836696746678,0.0,0.3118945565582225,456.6938600540161
N7_E11b_T12a,N7,arxiv_agg_018,aggregate_cross_paper,train,0.3333333333333333,0.7844038510076728,0.0,0.3725790614470021,456.6938600540161
N7_E11b_T12a,N7,arxiv_agg_019,aggregate_cross_paper,train,0.8888888888888888,0.6826320372248869,0.0,0.5238403087045919,456.6938600540161
N7_E11b_T12a,N7,arxiv_agg_020,aggregate_cross_paper,test,0.8,0.0,0.0,0.2666666666666666,456.6938600540161
N7_E11b_T12a,N7,arxiv_agg_021,aggregate_cross_paper,test,0.5714285714285714,0.9282237463420988,0.25,0.58321743925689,456.6938600540161
N7_E11b_T12a,N7,arxiv_agg_022,aggregate_cross_paper,train,0.8,0.0,0.25,0.35,456.6938600540161
N7_E11b_T12a,N7,arxiv_agg_023,aggregate_cross_paper,test,1.0,0.0,0.0,0.3333333333333333,456.6938600540161
N7_E11b_T12a,N7,arxiv_agg_024,aggregate_cross_paper,test,0.5,0.7759539399206837,0.25,0.5086513133068946,456.6938600540161
N7_E11b_T12a,N7,arxiv_agg_025,aggregate_cross_paper,train,0.5,0.7478721907867021,0.0,0.4159573969289007,456.6938600540161
N7_E11b_T12a,N7,arxiv_agg_026,aggregate_cross_paper,train,1.0,0.0,0.0,0.3333333333333333,456.6938600540161
N7_E11b_T12a,N7,arxiv_agg_027,aggregate_cross_paper,train,0.5,0.0,0.0,0.1666666666666666,456.6938600540161
N7_E11b_T12a,N7,arxiv_agg_028,aggregate_cross_paper,train,0.5714285714285714,0.5852394444744273,0.0,0.3855560053009996,456.6938600540161
N7_E11b_T12a,N7,arxiv_agg_029,aggregate_cross_paper,test,1.0,0.5252169269607904,1.0,0.8417389756535968,456.6938600540161
N7_E11b_T12a,N7,arxiv_agg_030,aggregate_cross_paper,train,0.4,0.6509724394420436,0.0,0.3503241464806812,456.6938600540161
N7_E11b_T12a,N7,arxiv_agg_031,aggregate_cross_paper,train,0.8333333333333334,0.6829602518347061,1.0,0.8387645283893465,456.6938600540161
N7_E11b_T12a,N7,arxiv_agg_032,aggregate_cross_paper,test,1.0,0.922398538337335,0.0,0.6407995127791116,456.6938600540161
N7_E11b_T12a,N7,arxiv_edge_000,edge_multihop,test,1.0,0.7340152268726523,1.0,0.9113384089575508,456.6938600540161
N7_E11b_T12a,N7,arxiv_edge_001,edge_multihop,test,0.6,0.7595092410750431,0.0,0.4531697470250144,456.6938600540161
N7_E11b_T12a,N7,arxiv_edge_002,edge_multihop,test,0.2857142857142857,0.7774658397282167,0.25,0.4377267084808341,456.6938600540161
N7_E11b_T12a,N7,arxiv_edge_003,edge_multihop,test,1.0,0.0,0.0,0.3333333333333333,456.6938600540161
N7_E11b_T12a,N7,arxiv_edge_004,edge_multihop,test,1.0,0.0,0.0,0.3333333333333333,456.6938600540161
N7_E11b_T12a,N7,arxiv_edge_005,edge_multihop,train,0.5,0.7231059524435821,1.0,0.741035317481194,456.6938600540161
N7_E11b_T12a,N7,arxiv_edge_006,edge_multihop,test,0.3333333333333333,0.0,0.0,0.1111111111111111,456.6938600540161
N7_E11b_T12a,N7,arxiv_edge_007,edge_multihop,test,0.3333333333333333,0.0,0.0,0.1111111111111111,456.6938600540161
N7_E11b_T12a,N7,arxiv_edge_008,edge_multihop,test,0.25,0.782666808643911,0.0,0.3442222695479703,456.6938600540161
N7_E11b_T12a,N7,arxiv_edge_009,edge_multihop,train,0.5,0.6458235626677687,0.0,0.3819411875559229,456.6938600540161
N7_E11b_T12a,N7,arxiv_edge_010,edge_multihop,train,1.0,0.0,0.0,0.3333333333333333,456.6938600540161
N7_E11b_T12a,N7,arxiv_edge_011,edge_multihop,test,1.0,0.0,0.0,0.3333333333333333,456.6938600540161
N7_E11b_T12a,N7,arxiv_edge_012,edge_multihop,test,1.0,0.0,1.0,0.6666666666666666,456.6938600540161
N7_E11b_T12a,N7,arxiv_edge_013,edge_multihop,test,1.0,0.0,0.0,0.3333333333333333,456.6938600540161
N7_E11b_T12a,N7,arxiv_edge_014,edge_multihop,test,0.8571428571428571,0.6044383329639298,0.0,0.4871937300355957,456.6938600540161
N7_E11b_T12a,N7,arxiv_edge_015,edge_multihop,train,0.75,0.7743941011087926,0.0,0.5081313670362642,456.6938600540161
N7_E11b_T12a,N7,arxiv_edge_016,edge_multihop,train,1.0,0.8263409302272322,0.0,0.6087803100757441,456.6938600540161
N7_E11b_T12a,N7,arxiv_edge_017,edge_multihop,train,0.3333333333333333,0.4500067406007497,1.0,0.594446691311361,456.6938600540161
N7_E11b_T12a,N7,arxiv_edge_018,edge_multihop,train,0.4285714285714285,0.8751997049155414,0.0,0.4345903778289899,456.6938600540161
N7_E11b_T12a,N7,arxiv_edge_019,edge_multihop,train,1.0,0.0,0.0,0.3333333333333333,456.6938600540161
N7_E11b_T12a,N7,arxiv_edge_020,edge_multihop,train,0.3333333333333333,0.5977124359976185,0.0,0.3103485897769839,456.6938600540161
N7_E11b_T12a,N7,arxiv_edge_021,edge_multihop,test,1.0,0.0,0.5,0.5,456.6938600540161
N7_E11b_T12a,N7,arxiv_edge_022,edge_multihop,test,0.7142857142857143,0.5071159635401183,0.5,0.5738005592752775,456.6938600540161
N7_E11b_T12a,N7,arxiv_edge_023,edge_multihop,train,0.2,0.7613520848747083,0.5,0.4871173616249027,456.6938600540161
N7_E11b_T12a,N7,arxiv_edge_024,edge_multihop,train,0.5,0.0,0.0,0.1666666666666666,456.6938600540161
N7_E11b_T12a,N7,arxiv_edge_025,edge_multihop,train,1.0,0.0,0.0,0.3333333333333333,456.6938600540161
N7_E11b_T12a,N7,arxiv_edge_026,edge_multihop,test,1.0,0.7463769289647987,0.5,0.7487923096549328,456.6938600540161
N7_E11b_T12a,N7,arxiv_edge_027,edge_multihop,test,0.7142857142857143,0.6342695922710693,0.0,0.4495184355189279,456.6938600540161
N7_E11b_T12a,N7,arxiv_edge_028,edge_multihop,test,1.0,0.0,0.0,0.3333333333333333,456.6938600540161
N7_E11b_T12a,N7,arxiv_edge_029,edge_multihop,train,1.0,0.0,0.0,0.3333333333333333,456.6938600540161
N7_E11b_T12a,N7,arxiv_edge_030,edge_multihop,train,1.0,0.0,0.0,0.3333333333333333,456.6938600540161
N7_E11b_T12a,N7,arxiv_edge_031,edge_multihop,test,0.6666666666666666,0.7644201233806553,0.0,0.4770289300157739,456.6938600540161
N7_E11b_T12a,N7,arxiv_edge_032,edge_multihop,test,1.0,0.0,0.0,0.3333333333333333,456.6938600540161
N7_E11b_T12a,N7,arxiv_edge_033,edge_multihop,test,1.0,0.6130715062381765,0.0,0.5376905020793922,456.6938600540161
N7_E11b_T12a,N7,arxiv_sh_035,single_specific,test,1.0,0.8073662578564412,1.0,0.9357887526188136,456.6938600540161
N7_E11b_T12a,N7,arxiv_sh_036,single_specific,train,1.0,0.9964042147519496,1.0,0.9988014049173164,456.6938600540161
N7_E11b_T12a,N7,arxiv_sh_037,single_specific,test,1.0,0.6184499364178987,1.0,0.8728166454726329,456.6938600540161
N7_E11b_T12a,N7,arxiv_sh_038,single_specific,test,1.0,0.911829570191017,1.0,0.9706098567303392,456.6938600540161
N7_E11b_T12a,N7,arxiv_sh_039,single_specific,test,1.0,0.8680351673263517,1.0,0.9560117224421172,456.6938600540161
N7_E11b_T12a,N7,arxiv_sh_040,single_specific,train,1.0,0.9598888460700464,1.0,0.986629615356682,456.6938600540161
N7_E11b_T12a,N7,arxiv_sh_041,single_specific,test,0.75,0.99999961237377,1.0,0.9166665374579231,456.6938600540161
N7_E11b_T12a,N7,arxiv_sh_042,single_specific,train,1.0,0.8366767514861871,1.0,0.9455589171620624,456.6938600540161
N7_E11b_T12a,N7,arxiv_sh_043,single_specific,test,1.0,0.9595013890021716,1.0,0.986500463000724,456.6938600540161
N7_E11b_T12a,N7,arxiv_sh_044,single_specific,train,0.75,0.785242574495734,1.0,0.8450808581652446,456.6938600540161
N7_E11b_T12a,N7,arxiv_sh_045,single_specific,train,0.6,0.7076115445186981,0.0,0.435870514839566,456.6938600540161
N7_E11b_T12a,N7,arxiv_sh_046,single_specific,train,1.0,0.9216902213674262,1.0,0.9738967404558088,456.6938600540161
N7_E11b_T12a,N7,arxiv_sh_047,single_specific,train,1.0,0.9381906510100514,1.0,0.9793968836700172,456.6938600540161
N7_E11b_T12a,N7,arxiv_sh_048,single_specific,train,1.0,0.9167785424496327,1.0,0.9722595141498775,456.6938600540161
N7_E11b_T12a,N7,arxiv_sh_049,single_specific,test,1.0,0.7401438142396061,1.0,0.913381271413202,456.6938600540161
N7_E11b_T12a,N7,arxiv_sh_050,single_specific,train,1.0,0.9860119335490444,1.0,0.9953373111830148,456.6938600540161
N7_E11b_T12a,N7,arxiv_sh_051,single_specific,test,1.0,0.9718939548125518,1.0,0.9906313182708506,456.6938600540161
N7_E11b_T12a,N7,arxiv_sh_052,single_specific,test,0.8,1.0,1.0,0.9333333333333332,456.6938600540161
N7_E11b_T12a,N7,arxiv_sh_053,single_specific,train,1.0,0.8318395962003319,1.0,0.9439465320667773,456.6938600540161
N7_E11b_T12a,N7,arxiv_sh_054,single_specific,test,1.0,0.7499981183212077,1.0,0.9166660394404026,456.6938600540161
N7_E11b_T12a,N7,arxiv_sh_055,single_specific,test,1.0,0.935089796724166,1.0,0.978363265574722,456.6938600540161
N7_E11b_T12a,N7,arxiv_sh_056,single_specific,test,1.0,0.7820596968105795,1.0,0.9273532322701932,456.6938600540161
N7_E11b_T12a,N7,arxiv_sh_057,single_specific,train,1.0,0.8029267472026134,1.0,0.9343089157342044,456.6938600540161
N7_E11b_T12a,N7,arxiv_sh_058,single_specific,test,0.6666666666666666,0.0,0.0,0.2222222222222222,456.6938600540161
N7_E11b_T12a,N7,arxiv_sh_059,single_specific,train,0.6666666666666666,0.9301325269376364,1.0,0.8655997312014344,456.6938600540161
N7_E11b_T12a,N7,arxiv_sh_060,single_specific,train,0.5,0.9760430028075894,1.0,0.8253476676025299,456.6938600540161
N7_E11b_T12a,N7,arxiv_sh_061,single_specific,train,0.75,0.0,1.0,0.5833333333333334,456.6938600540161
N7_E11b_T12a,N7,arxiv_sh_062,single_specific,train,1.0,0.0,0.5,0.5,456.6938600540161
N7_E11b_T12a,N7,arxiv_sh_063,single_specific,test,1.0,0.9792919481650108,1.0,0.9930973160550036,456.6938600540161
N7_E11b_T12a,N7,arxiv_sh_064,single_specific,test,1.0,0.8695351899344246,1.0,0.9565117299781416,456.6938600540161
N7_E11b_T12a,N7,arxiv_sh_065,single_specific,train,0.3333333333333333,0.7829798226736145,0.75,0.6221043853356493,456.6938600540161
N7_E11b_T12a,N7,arxiv_sh_066,single_specific,test,1.0,0.8122143694398755,1.0,0.937404789813292,456.6938600540161
N7_E11b_T12a,N7,arxiv_sh_067,single_specific,test,1.0,0.0,0.0,0.3333333333333333,456.6938600540161
N7_E11b_T12a,N7,arxiv_sh_068,single_specific,test,0.5,0.9890645643328916,1.0,0.8296881881109638,456.6938600540161
N7_E11b_T12a,N7,arxiv_sh_069,single_specific,test,0.6666666666666666,0.0,0.0,0.2222222222222222,456.6938600540161
N7_E11b_T12a,N7,arxiv_sh_070,single_specific,test,0.6666666666666666,0.6325938907466214,0.0,0.433086852471096,456.6938600540161
N7_E11b_T12a,N7,arxiv_sh_071,single_specific,train,1.0,0.9531568526877564,1.0,0.9843856175625856,456.6938600540161
N7_E11b_T12a,N7,arxiv_sh_072,single_specific,test,1.0,0.9093180455687824,1.0,0.9697726818562608,456.6938600540161
N7_E11b_T12a,N7,arxiv_sh_073,single_specific,test,1.0,0.8821557222910407,1.0,0.9607185740970136,456.6938600540161
N7_E11b_T12a,N7,arxiv_sh_074,single_specific,test,1.0,0.878193163974338,1.0,0.9593977213247794,456.6938600540161
N7_E11b_T12a,N7,arxiv_sh_075,single_specific,train,1.0,0.8491586336425532,1.0,0.9497195445475176,456.6938600540161
N7_E11b_T12a,N7,arxiv_sh_076,single_specific,test,0.5,0.0,0.0,0.1666666666666666,456.6938600540161
N7_E11b_T12a,N7,arxiv_sh_077,single_specific,train,0.6,0.8310247758400767,1.0,0.8103415919466922,456.6938600540161
N7_E11b_T12a,N7,arxiv_sh_078,single_specific,train,1.0,0.957522383699677,1.0,0.9858407945665588,456.6938600540161
N7_E11b_T12a,N7,arxiv_sh_079,single_specific,test,1.0,0.9684209869709364,1.0,0.9894736623236454,456.6938600540161
N7_E11b_T12a,N7,arxiv_sh_080,single_specific,test,1.0,0.91940780974422,1.0,0.9731359365814066,456.6938600540161
N7_E11b_T12a,N7,arxiv_sh_081,single_specific,train,1.0,0.96536452617637,1.0,0.98845484205879,456.6938600540161
N7_E11b_T12a,N7,arxiv_sh_082,single_specific,train,1.0,0.4636009208380994,0.0,0.4878669736126999,456.6938600540161
N7_E11b_T12b,N7,arxiv_sh_000,single_specific,test,0.0,0.0,0.5,0.1666666666666666,464.7546799182892
N7_E11b_T12b,N7,arxiv_sh_001,single_specific,test,1.0,0.9438786084977496,1.0,0.98129286949925,464.7546799182892
N7_E11b_T12b,N7,arxiv_sh_002,single_specific,test,1.0,0.8674535483919334,0.5,0.7891511827973111,464.7546799182892
N7_E11b_T12b,N7,arxiv_sh_003,single_specific,train,1.0,0.7481218927004329,1.0,0.9160406309001444,464.7546799182892
N7_E11b_T12b,N7,arxiv_sh_004,single_specific,train,1.0,0.9363148232761056,0.75,0.8954382744253686,464.7546799182892
N7_E11b_T12b,N7,arxiv_sh_005,single_specific,train,1.0,0.8146872406369816,1.0,0.9382290802123272,464.7546799182892
N7_E11b_T12b,N7,arxiv_sh_006,single_specific,train,1.0,0.8398161214091868,1.0,0.9466053738030622,464.7546799182892
N7_E11b_T12b,N7,arxiv_sh_007,single_specific,train,1.0,0.0,0.0,0.3333333333333333,464.7546799182892
N7_E11b_T12b,N7,arxiv_sh_008,single_specific,train,0.0,0.0,1.0,0.3333333333333333,464.7546799182892
N7_E11b_T12b,N7,arxiv_sh_009,single_specific,train,1.0,0.9448150844406066,1.0,0.9816050281468688,464.7546799182892
N7_E11b_T12b,N7,arxiv_sh_010,single_specific,test,0.5,0.9491103388395472,0.0,0.4830367796131824,464.7546799182892
N7_E11b_T12b,N7,arxiv_sh_011,single_specific,train,1.0,0.926805832956604,1.0,0.975601944318868,464.7546799182892
N7_E11b_T12b,N7,arxiv_sh_012,single_specific,train,1.0,0.6977237457830089,1.0,0.8992412485943363,464.7546799182892
N7_E11b_T12b,N7,arxiv_sh_013,single_specific,train,1.0,1.0,1.0,1.0,464.7546799182892
N7_E11b_T12b,N7,arxiv_sh_014,single_specific,train,1.0,0.8251711448180329,1.0,0.9417237149393444,464.7546799182892
N7_E11b_T12b,N7,arxiv_sh_015,single_specific,test,1.0,0.957584221920872,1.0,0.9858614073069571,464.7546799182892
N7_E11b_T12b,N7,arxiv_sh_016,single_specific,test,1.0,0.8149088984871523,1.0,0.938302966162384,464.7546799182892
N7_E11b_T12b,N7,arxiv_sh_017,single_specific,test,1.0,0.7690626821010162,1.0,0.9230208940336722,464.7546799182892
N7_E11b_T12b,N7,arxiv_sh_018,single_specific,test,0.6666666666666666,0.963184626080468,1.0,0.8766170975823782,464.7546799182892
N7_E11b_T12b,N7,arxiv_sh_019,single_specific,test,0.0,1.0,1.0,0.6666666666666666,464.7546799182892
N7_E11b_T12b,N7,arxiv_sh_020,single_specific,train,1.0,0.8275090412150403,1.0,0.9425030137383468,464.7546799182892
N7_E11b_T12b,N7,arxiv_sh_021,single_specific,train,1.0,0.4222808236356807,1.0,0.8074269412118936,464.7546799182892
N7_E11b_T12b,N7,arxiv_sh_022,single_specific,test,1.0,0.0,0.0,0.3333333333333333,464.7546799182892
N7_E11b_T12b,N7,arxiv_sh_023,single_specific,test,1.0,0.8318416781316568,1.0,0.9439472260438856,464.7546799182892
N7_E11b_T12b,N7,arxiv_sh_024,single_specific,test,1.0,0.8915608126861955,1.0,0.9638536042287318,464.7546799182892
N7_E11b_T12b,N7,arxiv_sh_025,single_specific,train,0.8,0.8549048415475291,1.0,0.8849682805158431,464.7546799182892
N7_E11b_T12b,N7,arxiv_sh_026,single_specific,train,1.0,0.9102472999652048,1.0,0.9700824333217348,464.7546799182892
N7_E11b_T12b,N7,arxiv_sh_027,single_specific,test,1.0,0.8430868481517632,1.0,0.9476956160505876,464.7546799182892
N7_E11b_T12b,N7,arxiv_sh_028,single_specific,train,1.0,0.0,0.0,0.3333333333333333,464.7546799182892
N7_E11b_T12b,N7,arxiv_sh_029,single_specific,test,1.0,0.968506612426668,1.0,0.9895022041422228,464.7546799182892
N7_E11b_T12b,N7,arxiv_sh_030,single_specific,test,1.0,0.9521889081094428,0.5,0.8173963027031476,464.7546799182892
N7_E11b_T12b,N7,arxiv_sh_031,single_specific,test,0.5,0.9195613084380372,0.0,0.473187102812679,464.7546799182892
N7_E11b_T12b,N7,arxiv_sh_032,single_specific,test,1.0,0.9652585691639411,1.0,0.9884195230546472,464.7546799182892
N7_E11b_T12b,N7,arxiv_sh_033,single_specific,train,0.5,0.8349963438524901,0.0,0.4449987812841633,464.7546799182892
N7_E11b_T12b,N7,arxiv_sh_034,single_specific,train,1.0,0.7822536909928415,1.0,0.9274178969976138,464.7546799182892
N7_E11b_T12b,N7,arxiv_agg_000,aggregate_cross_paper,train,1.0,0.7123929189312862,1.0,0.9041309729770952,464.7546799182892
N7_E11b_T12b,N7,arxiv_agg_001,aggregate_cross_paper,test,1.0,0.0,0.0,0.3333333333333333,464.7546799182892
N7_E11b_T12b,N7,arxiv_agg_002,aggregate_cross_paper,test,1.0,0.0,0.25,0.4166666666666667,464.7546799182892
N7_E11b_T12b,N7,arxiv_agg_003,aggregate_cross_paper,test,0.2,0.7842914021376768,0.0,0.3280971340458922,464.7546799182892
N7_E11b_T12b,N7,arxiv_agg_004,aggregate_cross_paper,train,1.0,0.8779628272031273,0.5,0.7926542757343759,464.7546799182892
N7_E11b_T12b,N7,arxiv_agg_005,aggregate_cross_paper,train,1.0,0.7981260614340098,0.0,0.5993753538113366,464.7546799182892
N7_E11b_T12b,N7,arxiv_agg_006,aggregate_cross_paper,test,0.8571428571428571,0.7044898343011909,1.0,0.8538775638146827,464.7546799182892
N7_E11b_T12b,N7,arxiv_agg_007,aggregate_cross_paper,train,1.0,0.7210709588253444,1.0,0.9070236529417816,464.7546799182892
N7_E11b_T12b,N7,arxiv_agg_008,aggregate_cross_paper,test,1.0,0.8052123116775037,0.5,0.7684041038925012,464.7546799182892
N7_E11b_T12b,N7,arxiv_agg_009,aggregate_cross_paper,train,0.1666666666666666,0.9386112139926224,0.25,0.4517592935530963,464.7546799182892
N7_E11b_T12b,N7,arxiv_agg_010,aggregate_cross_paper,train,0.8571428571428571,0.8188477548864981,1.0,0.8919968706764517,464.7546799182892
N7_E11b_T12b,N7,arxiv_agg_011,aggregate_cross_paper,train,0.8888888888888888,0.0,1.0,0.6296296296296297,464.7546799182892
N7_E11b_T12b,N7,arxiv_agg_012,aggregate_cross_paper,train,0.7142857142857143,0.4481904353046689,0.0,0.3874920498634611,464.7546799182892
N7_E11b_T12b,N7,arxiv_agg_013,aggregate_cross_paper,train,1.0,0.9231950458160582,0.25,0.7243983486053528,464.7546799182892
N7_E11b_T12b,N7,arxiv_agg_014,aggregate_cross_paper,test,0.75,0.0,0.0,0.25,464.7546799182892
N7_E11b_T12b,N7,arxiv_agg_015,aggregate_cross_paper,train,0.5,0.0,0.0,0.1666666666666666,464.7546799182892
N7_E11b_T12b,N7,arxiv_agg_016,aggregate_cross_paper,train,0.5,0.0,0.5,0.3333333333333333,464.7546799182892
N7_E11b_T12b,N7,arxiv_agg_017,aggregate_cross_paper,test,0.0,0.920237601759088,0.0,0.3067458672530292,464.7546799182892
N7_E11b_T12b,N7,arxiv_agg_018,aggregate_cross_paper,train,0.6666666666666666,0.7843808423418926,0.0,0.4836825030028531,464.7546799182892
N7_E11b_T12b,N7,arxiv_agg_019,aggregate_cross_paper,train,1.0,0.6826269382610877,0.0,0.5608756460870292,464.7546799182892
N7_E11b_T12b,N7,arxiv_agg_020,aggregate_cross_paper,test,0.8,0.0,0.0,0.2666666666666666,464.7546799182892
N7_E11b_T12b,N7,arxiv_agg_021,aggregate_cross_paper,test,0.4285714285714285,0.9282237463420988,0.25,0.5355983916378424,464.7546799182892
N7_E11b_T12b,N7,arxiv_agg_022,aggregate_cross_paper,train,1.0,0.0,0.25,0.4166666666666667,464.7546799182892
N7_E11b_T12b,N7,arxiv_agg_023,aggregate_cross_paper,test,1.0,0.0,0.0,0.3333333333333333,464.7546799182892
N7_E11b_T12b,N7,arxiv_agg_024,aggregate_cross_paper,test,0.5,0.8702772966996924,0.25,0.5400924322332309,464.7546799182892
N7_E11b_T12b,N7,arxiv_agg_025,aggregate_cross_paper,train,0.5,0.7502071812890337,0.0,0.4167357270963445,464.7546799182892
N7_E11b_T12b,N7,arxiv_agg_026,aggregate_cross_paper,train,1.0,0.0,0.0,0.3333333333333333,464.7546799182892
N7_E11b_T12b,N7,arxiv_agg_027,aggregate_cross_paper,train,0.0,0.0,0.0,0.0,464.7546799182892
N7_E11b_T12b,N7,arxiv_agg_028,aggregate_cross_paper,train,0.625,0.5838870974483759,0.0,0.4029623658161252,464.7546799182892
N7_E11b_T12b,N7,arxiv_agg_029,aggregate_cross_paper,test,1.0,0.5252528992081438,1.0,0.8417509664027145,464.7546799182892
N7_E11b_T12b,N7,arxiv_agg_030,aggregate_cross_paper,train,0.4,0.6226490658643998,0.0,0.3408830219547999,464.7546799182892
N7_E11b_T12b,N7,arxiv_agg_031,aggregate_cross_paper,train,0.8333333333333334,0.6829200588610378,1.0,0.838751130731457,464.7546799182892
N7_E11b_T12b,N7,arxiv_agg_032,aggregate_cross_paper,test,1.0,0.920896240704812,0.0,0.640298746901604,464.7546799182892
N7_E11b_T12b,N7,arxiv_edge_000,edge_multihop,test,1.0,0.7339921791468885,1.0,0.9113307263822962,464.7546799182892
N7_E11b_T12b,N7,arxiv_edge_001,edge_multihop,test,0.6,0.7314873286505815,0.0,0.4438291095501938,464.7546799182892
N7_E11b_T12b,N7,arxiv_edge_002,edge_multihop,test,0.3333333333333333,0.7571586091292639,0.25,0.4468306474875324,464.7546799182892
N7_E11b_T12b,N7,arxiv_edge_003,edge_multihop,test,0.75,0.0,0.0,0.25,464.7546799182892
N7_E11b_T12b,N7,arxiv_edge_004,edge_multihop,test,1.0,0.0,0.0,0.3333333333333333,464.7546799182892
N7_E11b_T12b,N7,arxiv_edge_005,edge_multihop,train,0.5,0.7172038820235377,1.0,0.7390679606745126,464.7546799182892
N7_E11b_T12b,N7,arxiv_edge_006,edge_multihop,test,0.3333333333333333,0.0,0.0,0.1111111111111111,464.7546799182892
N7_E11b_T12b,N7,arxiv_edge_007,edge_multihop,test,0.5,0.0,0.0,0.1666666666666666,464.7546799182892
N7_E11b_T12b,N7,arxiv_edge_008,edge_multihop,test,0.0,0.8446000417544701,0.0,0.28153334725149,464.7546799182892
N7_E11b_T12b,N7,arxiv_edge_009,edge_multihop,train,0.5,0.6448751810586013,0.0,0.3816250603528671,464.7546799182892
N7_E11b_T12b,N7,arxiv_edge_010,edge_multihop,train,1.0,0.0,0.0,0.3333333333333333,464.7546799182892
N7_E11b_T12b,N7,arxiv_edge_011,edge_multihop,test,1.0,0.0,0.0,0.3333333333333333,464.7546799182892
N7_E11b_T12b,N7,arxiv_edge_012,edge_multihop,test,1.0,0.0,1.0,0.6666666666666666,464.7546799182892
N7_E11b_T12b,N7,arxiv_edge_013,edge_multihop,test,1.0,0.0,0.0,0.3333333333333333,464.7546799182892
N7_E11b_T12b,N7,arxiv_edge_014,edge_multihop,test,0.7142857142857143,0.6044383329639298,0.0,0.439574682416548,464.7546799182892
N7_E11b_T12b,N7,arxiv_edge_015,edge_multihop,train,0.6,0.7743941011087926,0.0,0.4581313670362641,464.7546799182892
N7_E11b_T12b,N7,arxiv_edge_016,edge_multihop,train,0.7142857142857143,0.8262629779681138,0.0,0.5135162307512761,464.7546799182892
N7_E11b_T12b,N7,arxiv_edge_017,edge_multihop,train,0.5,0.6452436878511568,1.0,0.7150812292837189,464.7546799182892
N7_E11b_T12b,N7,arxiv_edge_018,edge_multihop,train,0.4285714285714285,0.8748491355984284,0.0,0.4344735213899522,464.7546799182892
N7_E11b_T12b,N7,arxiv_edge_019,edge_multihop,train,0.3333333333333333,0.0,0.0,0.1111111111111111,464.7546799182892
N7_E11b_T12b,N7,arxiv_edge_020,edge_multihop,train,0.3333333333333333,0.587359630112299,0.0,0.3068976544818774,464.7546799182892
N7_E11b_T12b,N7,arxiv_edge_021,edge_multihop,test,1.0,0.0,0.5,0.5,464.7546799182892
N7_E11b_T12b,N7,arxiv_edge_022,edge_multihop,test,0.8571428571428571,0.5071159635401183,1.0,0.7880862735609918,464.7546799182892
N7_E11b_T12b,N7,arxiv_edge_023,edge_multihop,train,0.2,0.692946499370473,0.5,0.4643154997901577,464.7546799182892
N7_E11b_T12b,N7,arxiv_edge_024,edge_multihop,train,0.5,0.0,0.0,0.1666666666666666,464.7546799182892
N7_E11b_T12b,N7,arxiv_edge_025,edge_multihop,train,1.0,0.0,0.0,0.3333333333333333,464.7546799182892
N7_E11b_T12b,N7,arxiv_edge_026,edge_multihop,test,1.0,0.746889213706022,0.5,0.7489630712353407,464.7546799182892
N7_E11b_T12b,N7,arxiv_edge_027,edge_multihop,test,1.0,0.6342826867668637,0.0,0.5447608955889546,464.7546799182892
N7_E11b_T12b,N7,arxiv_edge_028,edge_multihop,test,1.0,0.0,0.0,0.3333333333333333,464.7546799182892
N7_E11b_T12b,N7,arxiv_edge_029,edge_multihop,train,1.0,0.0,0.0,0.3333333333333333,464.7546799182892
N7_E11b_T12b,N7,arxiv_edge_030,edge_multihop,train,1.0,0.0,0.0,0.3333333333333333,464.7546799182892
N7_E11b_T12b,N7,arxiv_edge_031,edge_multihop,test,0.6666666666666666,0.7644201233806553,0.0,0.4770289300157739,464.7546799182892
N7_E11b_T12b,N7,arxiv_edge_032,edge_multihop,test,1.0,0.0,0.0,0.3333333333333333,464.7546799182892
N7_E11b_T12b,N7,arxiv_edge_033,edge_multihop,test,1.0,0.6524154778507258,0.0,0.5508051592835753,464.7546799182892
N7_E11b_T12b,N7,arxiv_sh_035,single_specific,test,1.0,0.795772502450199,1.0,0.9319241674833996,464.7546799182892
N7_E11b_T12b,N7,arxiv_sh_036,single_specific,train,1.0,0.9964018941050536,1.0,0.9988006313683512,464.7546799182892
N7_E11b_T12b,N7,arxiv_sh_037,single_specific,test,1.0,0.6101103529538453,1.0,0.8700367843179485,464.7546799182892
N7_E11b_T12b,N7,arxiv_sh_038,single_specific,test,1.0,0.9118376299497708,1.0,0.9706125433165904,464.7546799182892
N7_E11b_T12b,N7,arxiv_sh_039,single_specific,test,1.0,0.8680372492084861,1.0,0.9560124164028286,464.7546799182892
N7_E11b_T12b,N7,arxiv_sh_040,single_specific,train,1.0,0.6213822377467834,1.0,0.8737940792489277,464.7546799182892
N7_E11b_T12b,N7,arxiv_sh_041,single_specific,test,0.75,0.9023530493047764,1.0,0.8841176831015921,464.7546799182892
N7_E11b_T12b,N7,arxiv_sh_042,single_specific,train,1.0,0.8325484882150213,1.0,0.9441828294050072,464.7546799182892
N7_E11b_T12b,N7,arxiv_sh_043,single_specific,test,1.0,1.0,1.0,1.0,464.7546799182892
N7_E11b_T12b,N7,arxiv_sh_044,single_specific,train,1.0,0.785261179942759,1.0,0.9284203933142532,464.7546799182892
N7_E11b_T12b,N7,arxiv_sh_045,single_specific,train,0.6,0.707604803627409,0.0,0.435868267875803,464.7546799182892
N7_E11b_T12b,N7,arxiv_sh_046,single_specific,train,0.5,0.9051336509337584,1.0,0.8017112169779196,464.7546799182892
N7_E11b_T12b,N7,arxiv_sh_047,single_specific,train,1.0,0.9552446504328076,1.0,0.9850815501442692,464.7546799182892
N7_E11b_T12b,N7,arxiv_sh_048,single_specific,train,1.0,0.91959787576012,1.0,0.97319929192004,464.7546799182892
N7_E11b_T12b,N7,arxiv_sh_049,single_specific,test,1.0,0.7401438142396061,1.0,0.913381271413202,464.7546799182892
N7_E11b_T12b,N7,arxiv_sh_050,single_specific,train,0.8,0.9860119335490444,1.0,0.9286706445163482,464.7546799182892
N7_E11b_T12b,N7,arxiv_sh_051,single_specific,test,1.0,0.971913845871824,1.0,0.9906379486239412,464.7546799182892
N7_E11b_T12b,N7,arxiv_sh_052,single_specific,test,0.8,0.9999995898748176,1.0,0.9333331966249392,464.7546799182892
N7_E11b_T12b,N7,arxiv_sh_053,single_specific,train,1.0,0.8318395962003319,1.0,0.9439465320667773,464.7546799182892
N7_E11b_T12b,N7,arxiv_sh_054,single_specific,test,1.0,0.749956235343069,1.0,0.9166520784476896,464.7546799182892
N7_E11b_T12b,N7,arxiv_sh_055,single_specific,test,1.0,0.9350801800091711,1.0,0.9783600600030572,464.7546799182892
N7_E11b_T12b,N7,arxiv_sh_056,single_specific,test,1.0,0.7820596968105795,1.0,0.9273532322701932,464.7546799182892
N7_E11b_T12b,N7,arxiv_sh_057,single_specific,train,1.0,0.8028465028142852,1.0,0.9342821676047616,464.7546799182892
N7_E11b_T12b,N7,arxiv_sh_058,single_specific,test,0.6666666666666666,0.0,0.0,0.2222222222222222,464.7546799182892
N7_E11b_T12b,N7,arxiv_sh_059,single_specific,train,0.6666666666666666,0.930191357559892,1.0,0.8656193414088529,464.7546799182892
N7_E11b_T12b,N7,arxiv_sh_060,single_specific,train,0.5,0.9760340137345228,1.0,0.8253446712448409,464.7546799182892
N7_E11b_T12b,N7,arxiv_sh_061,single_specific,train,0.6666666666666666,0.0,1.0,0.5555555555555555,464.7546799182892
N7_E11b_T12b,N7,arxiv_sh_062,single_specific,train,1.0,0.8877144703839738,0.5,0.7959048234613246,464.7546799182892
N7_E11b_T12b,N7,arxiv_sh_063,single_specific,test,1.0,0.9796611953246276,1.0,0.9932203984415424,464.7546799182892
N7_E11b_T12b,N7,arxiv_sh_064,single_specific,test,1.0,0.9078916428128494,1.0,0.9692972142709498,464.7546799182892
N7_E11b_T12b,N7,arxiv_sh_065,single_specific,train,0.3333333333333333,0.7745231726266791,0.75,0.6192855019866709,464.7546799182892
N7_E11b_T12b,N7,arxiv_sh_066,single_specific,test,1.0,0.8141615815646918,1.0,0.938053860521564,464.7546799182892
N7_E11b_T12b,N7,arxiv_sh_067,single_specific,test,1.0,0.0,0.0,0.3333333333333333,464.7546799182892
N7_E11b_T12b,N7,arxiv_sh_068,single_specific,test,1.0,0.9882585009284884,1.0,0.9960861669761628,464.7546799182892
N7_E11b_T12b,N7,arxiv_sh_069,single_specific,test,0.6666666666666666,0.0,0.0,0.2222222222222222,464.7546799182892
N7_E11b_T12b,N7,arxiv_sh_070,single_specific,test,0.6666666666666666,0.6326390012896415,0.0,0.4331018893187693,464.7546799182892
N7_E11b_T12b,N7,arxiv_sh_071,single_specific,train,1.0,0.9531568526877564,1.0,0.9843856175625856,464.7546799182892
N7_E11b_T12b,N7,arxiv_sh_072,single_specific,test,1.0,0.8775123611228898,1.0,0.9591707870409631,464.7546799182892
N7_E11b_T12b,N7,arxiv_sh_073,single_specific,test,1.0,0.7299748322395488,1.0,0.9099916107465162,464.7546799182892
N7_E11b_T12b,N7,arxiv_sh_074,single_specific,test,1.0,0.878193163974338,1.0,0.9593977213247794,464.7546799182892
N7_E11b_T12b,N7,arxiv_sh_075,single_specific,train,1.0,0.8491586336425532,1.0,0.9497195445475176,464.7546799182892
N7_E11b_T12b,N7,arxiv_sh_076,single_specific,test,0.5,0.0,0.0,0.1666666666666666,464.7546799182892
N7_E11b_T12b,N7,arxiv_sh_077,single_specific,train,0.6,0.8397050246004489,1.0,0.8132350082001496,464.7546799182892
N7_E11b_T12b,N7,arxiv_sh_078,single_specific,train,1.0,0.9575251800213714,1.0,0.9858417266737906,464.7546799182892
N7_E11b_T12b,N7,arxiv_sh_079,single_specific,test,1.0,0.9684209869709364,1.0,0.9894736623236454,464.7546799182892
N7_E11b_T12b,N7,arxiv_sh_080,single_specific,test,1.0,0.9373491442163224,1.0,0.9791163814054408,464.7546799182892
N7_E11b_T12b,N7,arxiv_sh_081,single_specific,train,1.0,0.9653532518005492,1.0,0.9884510839335164,464.7546799182892
N7_E11b_T12b,N7,arxiv_sh_082,single_specific,train,1.0,0.4636009208380994,0.0,0.4878669736126999,464.7546799182892
N8_E10b_T12a,N8,arxiv_sh_000,single_specific,test,0.0,0.0,1.0,0.3333333333333333,728.893159866333
N8_E10b_T12a,N8,arxiv_sh_001,single_specific,test,1.0,0.8850088036340864,1.0,0.961669601211362,728.893159866333
N8_E10b_T12a,N8,arxiv_sh_002,single_specific,test,1.0,0.8755027745028773,0.75,0.8751675915009591,728.893159866333
N8_E10b_T12a,N8,arxiv_sh_003,single_specific,train,1.0,0.6942867757152067,1.0,0.8980955919050689,728.893159866333
N8_E10b_T12a,N8,arxiv_sh_004,single_specific,train,1.0,0.7394443861628497,1.0,0.91314812872095,728.893159866333
N8_E10b_T12a,N8,arxiv_sh_005,single_specific,train,1.0,0.7991109383506054,1.0,0.9330369794502018,728.893159866333
N8_E10b_T12a,N8,arxiv_sh_006,single_specific,train,0.5,0.8716036109643317,1.0,0.7905345369881106,728.893159866333
N8_E10b_T12a,N8,arxiv_sh_007,single_specific,train,1.0,0.0,0.5,0.5,728.893159866333
N8_E10b_T12a,N8,arxiv_sh_008,single_specific,train,0.0,0.0,1.0,0.3333333333333333,728.893159866333
N8_E10b_T12a,N8,arxiv_sh_009,single_specific,train,1.0,0.9447813719453736,1.0,0.981593790648458,728.893159866333
N8_E10b_T12a,N8,arxiv_sh_010,single_specific,test,0.5,0.9521432203915472,0.0,0.4840477401305157,728.893159866333
N8_E10b_T12a,N8,arxiv_sh_011,single_specific,train,1.0,0.8222823298545423,1.0,0.9407607766181808,728.893159866333
N8_E10b_T12a,N8,arxiv_sh_012,single_specific,train,1.0,0.9999996445760472,1.0,0.999999881525349,728.893159866333
N8_E10b_T12a,N8,arxiv_sh_013,single_specific,train,1.0,1.0,1.0,1.0,728.893159866333
N8_E10b_T12a,N8,arxiv_sh_014,single_specific,train,1.0,0.8251711448180329,1.0,0.9417237149393444,728.893159866333
N8_E10b_T12a,N8,arxiv_sh_015,single_specific,test,1.0,0.6074660563345462,1.0,0.8691553521115155,728.893159866333
N8_E10b_T12a,N8,arxiv_sh_016,single_specific,test,1.0,0.0,1.0,0.6666666666666666,728.893159866333
N8_E10b_T12a,N8,arxiv_sh_017,single_specific,test,1.0,0.8277004827114386,1.0,0.9425668275704796,728.893159866333
N8_E10b_T12a,N8,arxiv_sh_018,single_specific,test,1.0,0.7903918077397756,1.0,0.9301306025799252,728.893159866333
N8_E10b_T12a,N8,arxiv_sh_019,single_specific,test,0.0,0.9999996687254664,1.0,0.6666665562418221,728.893159866333
N8_E10b_T12a,N8,arxiv_sh_020,single_specific,train,1.0,0.9805711854873538,1.0,0.9935237284957846,728.893159866333
N8_E10b_T12a,N8,arxiv_sh_021,single_specific,train,1.0,0.9541925868494956,1.0,0.9847308622831652,728.893159866333
N8_E10b_T12a,N8,arxiv_sh_022,single_specific,test,1.0,0.0,0.0,0.3333333333333333,728.893159866333
N8_E10b_T12a,N8,arxiv_sh_023,single_specific,test,1.0,0.8318395962003319,1.0,0.9439465320667773,728.893159866333
N8_E10b_T12a,N8,arxiv_sh_024,single_specific,test,1.0,0.9627985942060482,1.0,0.987599531402016,728.893159866333
N8_E10b_T12a,N8,arxiv_sh_025,single_specific,train,0.8,0.8548660814271482,1.0,0.8849553604757161,728.893159866333
N8_E10b_T12a,N8,arxiv_sh_026,single_specific,train,1.0,0.9077543979095968,1.0,0.9692514659698656,728.893159866333
N8_E10b_T12a,N8,arxiv_sh_027,single_specific,test,1.0,0.0,0.0,0.3333333333333333,728.893159866333
N8_E10b_T12a,N8,arxiv_sh_028,single_specific,train,0.0,0.0,1.0,0.3333333333333333,728.893159866333
N8_E10b_T12a,N8,arxiv_sh_029,single_specific,test,1.0,0.9676027478241922,1.0,0.9892009159413974,728.893159866333
N8_E10b_T12a,N8,arxiv_sh_030,single_specific,test,1.0,0.9549022605998913,1.0,0.9849674201999638,728.893159866333
N8_E10b_T12a,N8,arxiv_sh_031,single_specific,test,0.6666666666666666,0.9183240492871504,0.0,0.5283302386512724,728.893159866333
N8_E10b_T12a,N8,arxiv_sh_032,single_specific,test,1.0,0.9568229549784592,1.0,0.9856076516594864,728.893159866333
N8_E10b_T12a,N8,arxiv_sh_033,single_specific,train,1.0,0.8563771602582763,0.25,0.7021257200860921,728.893159866333
N8_E10b_T12a,N8,arxiv_sh_034,single_specific,train,1.0,0.9803398705965776,1.0,0.9934466235321924,728.893159866333
N8_E10b_T12a,N8,arxiv_agg_000,aggregate_cross_paper,train,0.875,0.7363312668372103,1.0,0.8704437556124035,728.893159866333
N8_E10b_T12a,N8,arxiv_agg_001,aggregate_cross_paper,test,0.3333333333333333,0.0,0.25,0.1944444444444444,728.893159866333
N8_E10b_T12a,N8,arxiv_agg_002,aggregate_cross_paper,test,0.75,0.0,0.0,0.25,728.893159866333
N8_E10b_T12a,N8,arxiv_agg_003,aggregate_cross_paper,test,0.625,0.7898022377740238,0.75,0.7216007459246746,728.893159866333
N8_E10b_T12a,N8,arxiv_agg_004,aggregate_cross_paper,train,1.0,0.5665560124162217,1.0,0.8555186708054072,728.893159866333
N8_E10b_T12a,N8,arxiv_agg_005,aggregate_cross_paper,train,0.8888888888888888,0.7981269247987988,1.0,0.8956719378958958,728.893159866333
N8_E10b_T12a,N8,arxiv_agg_006,aggregate_cross_paper,test,0.8,0.7044898343011909,0.5,0.6681632781003971,728.893159866333
N8_E10b_T12a,N8,arxiv_agg_007,aggregate_cross_paper,train,0.875,0.7369304820198798,1.0,0.8706434940066266,728.893159866333
N8_E10b_T12a,N8,arxiv_agg_008,aggregate_cross_paper,test,1.0,0.7705347795596346,1.0,0.9235115931865449,728.893159866333
N8_E10b_T12a,N8,arxiv_agg_009,aggregate_cross_paper,train,0.8571428571428571,0.0,0.5,0.4523809523809524,728.893159866333
N8_E10b_T12a,N8,arxiv_agg_010,aggregate_cross_paper,train,0.875,0.5622488539989662,1.0,0.812416284666322,728.893159866333
N8_E10b_T12a,N8,arxiv_agg_011,aggregate_cross_paper,train,0.6666666666666666,0.0,0.25,0.3055555555555555,728.893159866333
N8_E10b_T12a,N8,arxiv_agg_012,aggregate_cross_paper,train,0.6666666666666666,0.8244464563005307,0.0,0.4970377076557324,728.893159866333
N8_E10b_T12a,N8,arxiv_agg_013,aggregate_cross_paper,train,1.0,0.6492059210222262,1.0,0.8830686403407421,728.893159866333
N8_E10b_T12a,N8,arxiv_agg_014,aggregate_cross_paper,test,0.6,0.8610933875956704,0.0,0.4870311291985568,728.893159866333
N8_E10b_T12a,N8,arxiv_agg_015,aggregate_cross_paper,train,0.375,0.0,0.0,0.125,728.893159866333
N8_E10b_T12a,N8,arxiv_agg_016,aggregate_cross_paper,train,1.0,0.7731962052597005,0.25,0.6743987350865668,728.893159866333
N8_E10b_T12a,N8,arxiv_agg_017,aggregate_cross_paper,test,1.0,0.637641589052162,0.25,0.6292138630173874,728.893159866333
N8_E10b_T12a,N8,arxiv_agg_018,aggregate_cross_paper,train,0.5,0.0,0.25,0.25,728.893159866333
N8_E10b_T12a,N8,arxiv_agg_019,aggregate_cross_paper,train,0.7,0.6826269382610877,1.0,0.7942089794203625,728.893159866333
N8_E10b_T12a,N8,arxiv_agg_020,aggregate_cross_paper,test,1.0,0.7371635097323196,1.0,0.91238783657744,728.893159866333
N8_E10b_T12a,N8,arxiv_agg_021,aggregate_cross_paper,test,0.1111111111111111,0.8194139981647415,0.5,0.4768417030919509,728.893159866333
N8_E10b_T12a,N8,arxiv_agg_022,aggregate_cross_paper,train,0.8571428571428571,0.7862901795091041,0.5,0.7144776788839872,728.893159866333
N8_E10b_T12a,N8,arxiv_agg_023,aggregate_cross_paper,test,0.8,0.6877948564543374,0.0,0.4959316188181124,728.893159866333
N8_E10b_T12a,N8,arxiv_agg_024,aggregate_cross_paper,test,0.8571428571428571,0.900205013264469,1.0,0.919115956802442,728.893159866333
N8_E10b_T12a,N8,arxiv_agg_025,aggregate_cross_paper,train,0.4,0.0,0.0,0.1333333333333333,728.893159866333
N8_E10b_T12a,N8,arxiv_agg_026,aggregate_cross_paper,train,1.0,0.9569210840690102,0.0,0.6523070280230034,728.893159866333
N8_E10b_T12a,N8,arxiv_agg_027,aggregate_cross_paper,train,1.0,0.0,0.0,0.3333333333333333,728.893159866333
N8_E10b_T12a,N8,arxiv_agg_028,aggregate_cross_paper,train,1.0,0.0,0.0,0.3333333333333333,728.893159866333
N8_E10b_T12a,N8,arxiv_agg_029,aggregate_cross_paper,test,1.0,0.5973683425186094,1.0,0.8657894475062031,728.893159866333
N8_E10b_T12a,N8,arxiv_agg_030,aggregate_cross_paper,train,1.0,0.0,0.0,0.3333333333333333,728.893159866333
N8_E10b_T12a,N8,arxiv_agg_031,aggregate_cross_paper,train,0.75,0.7516830373520014,0.75,0.7505610124506671,728.893159866333
N8_E10b_T12a,N8,arxiv_agg_032,aggregate_cross_paper,test,1.0,0.7321222134500199,0.75,0.8273740711500066,728.893159866333
N8_E10b_T12a,N8,arxiv_edge_000,edge_multihop,test,0.875,0.6009466630882264,0.0,0.4919822210294088,728.893159866333
N8_E10b_T12a,N8,arxiv_edge_001,edge_multihop,test,1.0,0.7410104221806939,1.0,0.913670140726898,728.893159866333
N8_E10b_T12a,N8,arxiv_edge_002,edge_multihop,test,1.0,0.8403762301845784,0.5,0.7801254100615261,728.893159866333
N8_E10b_T12a,N8,arxiv_edge_003,edge_multihop,test,0.2,0.7739893875954243,0.0,0.3246631291984748,728.893159866333
N8_E10b_T12a,N8,arxiv_edge_004,edge_multihop,test,0.4,0.6292960040323452,0.25,0.426432001344115,728.893159866333
N8_E10b_T12a,N8,arxiv_edge_005,edge_multihop,train,1.0,0.0,1.0,0.6666666666666666,728.893159866333
N8_E10b_T12a,N8,arxiv_edge_006,edge_multihop,test,1.0,0.8512200988051504,0.0,0.6170733662683835,728.893159866333
N8_E10b_T12a,N8,arxiv_edge_007,edge_multihop,test,1.0,0.0,0.0,0.3333333333333333,728.893159866333
N8_E10b_T12a,N8,arxiv_edge_008,edge_multihop,test,0.25,0.7979677903128678,1.0,0.6826559301042893,728.893159866333
N8_E10b_T12a,N8,arxiv_edge_009,edge_multihop,train,0.0,0.7344688263210281,1.0,0.5781562754403428,728.893159866333
N8_E10b_T12a,N8,arxiv_edge_010,edge_multihop,train,1.0,0.9550447172795874,0.25,0.7350149057598624,728.893159866333
N8_E10b_T12a,N8,arxiv_edge_011,edge_multihop,test,1.0,0.7541911527205334,0.0,0.5847303842401778,728.893159866333
N8_E10b_T12a,N8,arxiv_edge_012,edge_multihop,test,0.8,0.6924265297572021,0.0,0.4974755099190673,728.893159866333
N8_E10b_T12a,N8,arxiv_edge_013,edge_multihop,test,0.6666666666666666,0.8111452427348304,0.0,0.492603969800499,728.893159866333
N8_E10b_T12a,N8,arxiv_edge_014,edge_multihop,test,1.0,0.6862947266104867,0.25,0.6454315755368288,728.893159866333
N8_E10b_T12a,N8,arxiv_edge_015,edge_multihop,train,0.5,0.898066808691978,1.0,0.799355602897326,728.893159866333
N8_E10b_T12a,N8,arxiv_edge_016,edge_multihop,train,0.875,0.7758841762153234,0.75,0.8002947254051077,728.893159866333
N8_E10b_T12a,N8,arxiv_edge_017,edge_multihop,train,1.0,0.4502310234183934,0.5,0.6500770078061312,728.893159866333
N8_E10b_T12a,N8,arxiv_edge_018,edge_multihop,train,1.0,0.782600587807989,0.25,0.6775335292693296,728.893159866333
N8_E10b_T12a,N8,arxiv_edge_019,edge_multihop,train,0.8333333333333334,0.845238759775697,1.0,0.8928573643696768,728.893159866333
N8_E10b_T12a,N8,arxiv_edge_020,edge_multihop,train,1.0,0.849381173564348,1.0,0.9497937245214492,728.893159866333
N8_E10b_T12a,N8,arxiv_edge_021,edge_multihop,test,1.0,0.8071128011861216,1.0,0.9357042670620404,728.893159866333
N8_E10b_T12a,N8,arxiv_edge_022,edge_multihop,test,1.0,0.7598027969581949,1.0,0.9199342656527316,728.893159866333
N8_E10b_T12a,N8,arxiv_edge_023,edge_multihop,train,1.0,0.7642813775517067,0.25,0.671427125850569,728.893159866333
N8_E10b_T12a,N8,arxiv_edge_024,edge_multihop,train,1.0,0.0,0.0,0.3333333333333333,728.893159866333
N8_E10b_T12a,N8,arxiv_edge_025,edge_multihop,train,0.7142857142857143,0.8029980131957246,0.5,0.6724279091604797,728.893159866333
N8_E10b_T12a,N8,arxiv_edge_026,edge_multihop,test,1.0,0.7828387029266394,1.0,0.9276129009755464,728.893159866333
N8_E10b_T12a,N8,arxiv_edge_027,edge_multihop,test,0.0,0.0,1.0,0.3333333333333333,728.893159866333
N8_E10b_T12a,N8,arxiv_edge_028,edge_multihop,test,0.8333333333333334,0.6493782343021222,0.25,0.5775705225451518,728.893159866333
N8_E10b_T12a,N8,arxiv_edge_029,edge_multihop,train,0.8,0.8325078323791857,1.0,0.8775026107930618,728.893159866333
N8_E10b_T12a,N8,arxiv_edge_030,edge_multihop,train,0.3333333333333333,0.8152409929360921,0.75,0.6328581087564752,728.893159866333
N8_E10b_T12a,N8,arxiv_edge_031,edge_multihop,test,0.6,0.839521364862723,1.0,0.8131737882875744,728.893159866333
N8_E10b_T12a,N8,arxiv_edge_032,edge_multihop,test,0.5,0.7180614297367807,0.5,0.5726871432455936,728.893159866333
N8_E10b_T12a,N8,arxiv_edge_033,edge_multihop,test,0.8,0.8285657551941427,0.0,0.5428552517313809,728.893159866333
N8_E10b_T12a,N8,arxiv_sh_035,single_specific,test,1.0,0.9384740186238631,1.0,0.9794913395412878,728.893159866333
N8_E10b_T12a,N8,arxiv_sh_036,single_specific,train,1.0,0.9964042147519496,1.0,0.9988014049173164,728.893159866333
N8_E10b_T12a,N8,arxiv_sh_037,single_specific,test,1.0,0.9712949305865988,1.0,0.9904316435288664,728.893159866333
N8_E10b_T12a,N8,arxiv_sh_038,single_specific,test,1.0,0.911829570191017,1.0,0.9706098567303392,728.893159866333
N8_E10b_T12a,N8,arxiv_sh_039,single_specific,test,1.0,0.9909215737027454,1.0,0.9969738579009152,728.893159866333
N8_E10b_T12a,N8,arxiv_sh_040,single_specific,train,1.0,0.959898889248642,1.0,0.9866329630828808,728.893159866333
N8_E10b_T12a,N8,arxiv_sh_041,single_specific,test,0.6666666666666666,1.0,1.0,0.8888888888888888,728.893159866333
N8_E10b_T12a,N8,arxiv_sh_042,single_specific,train,1.0,0.8747721854329242,1.0,0.958257395144308,728.893159866333
N8_E10b_T12a,N8,arxiv_sh_043,single_specific,test,1.0,0.9594906023595362,1.0,0.9864968674531788,728.893159866333
N8_E10b_T12a,N8,arxiv_sh_044,single_specific,train,1.0,0.785242574495734,1.0,0.928414191498578,728.893159866333
N8_E10b_T12a,N8,arxiv_sh_045,single_specific,train,0.6666666666666666,0.6891869753289025,0.5,0.6186178806651897,728.893159866333
N8_E10b_T12a,N8,arxiv_sh_046,single_specific,train,1.0,0.9219653334834784,1.0,0.9739884444944928,728.893159866333
N8_E10b_T12a,N8,arxiv_sh_047,single_specific,train,1.0,0.93894510692781,1.0,0.9796483689759368,728.893159866333
N8_E10b_T12a,N8,arxiv_sh_048,single_specific,train,1.0,0.9167853847084922,1.0,0.9722617949028308,728.893159866333
N8_E10b_T12a,N8,arxiv_sh_049,single_specific,test,1.0,0.8701109451900204,1.0,0.9567036483966734,728.893159866333
N8_E10b_T12a,N8,arxiv_sh_050,single_specific,train,0.8,0.986006043117599,1.0,0.9286686810391996,728.893159866333
N8_E10b_T12a,N8,arxiv_sh_051,single_specific,test,1.0,0.8250892420732626,1.0,0.9416964140244208,728.893159866333
N8_E10b_T12a,N8,arxiv_sh_052,single_specific,test,1.0,0.7749956164040845,1.0,0.9249985388013616,728.893159866333
N8_E10b_T12a,N8,arxiv_sh_053,single_specific,train,1.0,0.8288183911349375,1.0,0.9429394637116458,728.893159866333
N8_E10b_T12a,N8,arxiv_sh_054,single_specific,test,0.0,0.0,1.0,0.3333333333333333,728.893159866333
N8_E10b_T12a,N8,arxiv_sh_055,single_specific,test,1.0,0.8900556918700594,1.0,0.9633518972900198,728.893159866333
N8_E10b_T12a,N8,arxiv_sh_056,single_specific,test,0.6666666666666666,0.8661773608872508,1.0,0.8442813425179724,728.893159866333
N8_E10b_T12a,N8,arxiv_sh_057,single_specific,train,1.0,0.8028465028142852,1.0,0.9342821676047616,728.893159866333
N8_E10b_T12a,N8,arxiv_sh_058,single_specific,test,1.0,0.9618763790696204,1.0,0.98729212635654,728.893159866333
N8_E10b_T12a,N8,arxiv_sh_059,single_specific,train,1.0,0.9301429042990274,1.0,0.9767143014330092,728.893159866333
N8_E10b_T12a,N8,arxiv_sh_060,single_specific,train,1.0,0.9760340137345228,1.0,0.9920113379115078,728.893159866333
N8_E10b_T12a,N8,arxiv_sh_061,single_specific,train,0.5,0.0,1.0,0.5,728.893159866333
N8_E10b_T12a,N8,arxiv_sh_062,single_specific,train,0.5,0.0,0.0,0.1666666666666666,728.893159866333
N8_E10b_T12a,N8,arxiv_sh_063,single_specific,test,1.0,0.9792919481650108,1.0,0.9930973160550036,728.893159866333
N8_E10b_T12a,N8,arxiv_sh_064,single_specific,test,1.0,0.8695205399444309,1.0,0.9565068466481436,728.893159866333
N8_E10b_T12a,N8,arxiv_sh_065,single_specific,train,1.0,0.7745083988185163,0.5,0.7581694662728388,728.893159866333
N8_E10b_T12a,N8,arxiv_sh_066,single_specific,test,1.0,0.993738718565335,1.0,0.997912906188445,728.893159866333
N8_E10b_T12a,N8,arxiv_sh_067,single_specific,test,1.0,0.0,0.0,0.3333333333333333,728.893159866333
N8_E10b_T12a,N8,arxiv_sh_068,single_specific,test,1.0,1.0,1.0,1.0,728.893159866333
N8_E10b_T12a,N8,arxiv_sh_069,single_specific,test,0.3333333333333333,0.0,1.0,0.4444444444444444,728.893159866333
N8_E10b_T12a,N8,arxiv_sh_070,single_specific,test,1.0,0.7969594031408994,0.0,0.5989864677136332,728.893159866333
N8_E10b_T12a,N8,arxiv_sh_071,single_specific,train,1.0,0.941539328685188,1.0,0.9805131095617292,728.893159866333
N8_E10b_T12a,N8,arxiv_sh_072,single_specific,test,1.0,0.8775123611228898,0.5,0.7925041203742965,728.893159866333
N8_E10b_T12a,N8,arxiv_sh_073,single_specific,test,1.0,0.7008320602445499,1.0,0.9002773534148499,728.893159866333
N8_E10b_T12a,N8,arxiv_sh_074,single_specific,test,1.0,0.9231779500603357,1.0,0.974392650020112,728.893159866333
N8_E10b_T12a,N8,arxiv_sh_075,single_specific,train,1.0,0.9400693953604676,1.0,0.9800231317868224,728.893159866333
N8_E10b_T12a,N8,arxiv_sh_076,single_specific,test,0.0,0.0,0.0,0.0,728.893159866333
N8_E10b_T12a,N8,arxiv_sh_077,single_specific,train,1.0,0.9999999999999996,1.0,1.0,728.893159866333
N8_E10b_T12a,N8,arxiv_sh_078,single_specific,train,1.0,0.9523330704528986,1.0,0.9841110234842996,728.893159866333
N8_E10b_T12a,N8,arxiv_sh_079,single_specific,test,1.0,0.9684139358366796,1.0,0.98947131194556,728.893159866333
N8_E10b_T12a,N8,arxiv_sh_080,single_specific,test,1.0,0.9347267742164684,1.0,0.978242258072156,728.893159866333
N8_E10b_T12a,N8,arxiv_sh_081,single_specific,train,1.0,0.9653620360804588,1.0,0.9884540120268196,728.893159866333
N8_E10b_T12a,N8,arxiv_sh_082,single_specific,train,0.6666666666666666,0.0,1.0,0.5555555555555555,728.893159866333
N8_E10b_T12b,N8,arxiv_sh_000,single_specific,test,0.0,0.0,1.0,0.3333333333333333,561.8035819530487
N8_E10b_T12b,N8,arxiv_sh_001,single_specific,test,1.0,0.8850088036340864,1.0,0.961669601211362,561.8035819530487
N8_E10b_T12b,N8,arxiv_sh_002,single_specific,test,1.0,0.8755027745028773,0.75,0.8751675915009591,561.8035819530487
N8_E10b_T12b,N8,arxiv_sh_003,single_specific,train,1.0,0.695484382627795,1.0,0.8984947942092649,561.8035819530487
N8_E10b_T12b,N8,arxiv_sh_004,single_specific,train,1.0,0.7394443861628497,1.0,0.91314812872095,561.8035819530487
N8_E10b_T12b,N8,arxiv_sh_005,single_specific,train,1.0,0.7842828331507815,1.0,0.9280942777169272,561.8035819530487
N8_E10b_T12b,N8,arxiv_sh_006,single_specific,train,0.5,0.0,1.0,0.5,561.8035819530487
N8_E10b_T12b,N8,arxiv_sh_007,single_specific,train,1.0,0.0,0.5,0.5,561.8035819530487
N8_E10b_T12b,N8,arxiv_sh_008,single_specific,train,0.0,0.0,1.0,0.3333333333333333,561.8035819530487
N8_E10b_T12b,N8,arxiv_sh_009,single_specific,train,1.0,0.9448150844406066,1.0,0.9816050281468688,561.8035819530487
N8_E10b_T12b,N8,arxiv_sh_010,single_specific,test,0.5,0.9521517228807224,0.0,0.4840505742935742,561.8035819530487
N8_E10b_T12b,N8,arxiv_sh_011,single_specific,train,0.25,0.8185628286809815,1.0,0.6895209428936605,561.8035819530487
N8_E10b_T12b,N8,arxiv_sh_012,single_specific,train,1.0,0.9944356406034804,1.0,0.9981452135344934,561.8035819530487
N8_E10b_T12b,N8,arxiv_sh_013,single_specific,train,1.0,0.9999996003388004,1.0,0.9999998667796,561.8035819530487
N8_E10b_T12b,N8,arxiv_sh_014,single_specific,train,1.0,0.8251332964945753,1.0,0.941711098831525,561.8035819530487
N8_E10b_T12b,N8,arxiv_sh_015,single_specific,test,1.0,0.659389564670918,1.0,0.8864631882236393,561.8035819530487
N8_E10b_T12b,N8,arxiv_sh_016,single_specific,test,0.25,0.8875171672741798,1.0,0.7125057224247265,561.8035819530487
N8_E10b_T12b,N8,arxiv_sh_017,single_specific,test,1.0,0.8278025551986213,1.0,0.9426008517328738,561.8035819530487
N8_E10b_T12b,N8,arxiv_sh_018,single_specific,test,1.0,0.7320102883103754,1.0,0.9106700961034584,561.8035819530487
N8_E10b_T12b,N8,arxiv_sh_019,single_specific,test,0.25,1.0,1.0,0.75,561.8035819530487
N8_E10b_T12b,N8,arxiv_sh_020,single_specific,train,1.0,0.9805711854873538,1.0,0.9935237284957846,561.8035819530487
N8_E10b_T12b,N8,arxiv_sh_021,single_specific,train,1.0,0.9541275400721916,1.0,0.9847091800240638,561.8035819530487
N8_E10b_T12b,N8,arxiv_sh_022,single_specific,test,1.0,0.0,0.0,0.3333333333333333,561.8035819530487
N8_E10b_T12b,N8,arxiv_sh_023,single_specific,test,1.0,0.8288183911349375,1.0,0.9429394637116458,561.8035819530487
N8_E10b_T12b,N8,arxiv_sh_024,single_specific,test,1.0,0.9628000792252732,1.0,0.9876000264084244,561.8035819530487
N8_E10b_T12b,N8,arxiv_sh_025,single_specific,train,0.8,0.8549048415475291,1.0,0.8849682805158431,561.8035819530487
N8_E10b_T12b,N8,arxiv_sh_026,single_specific,train,0.5,0.909259762908412,1.0,0.8030865876361374,561.8035819530487
N8_E10b_T12b,N8,arxiv_sh_027,single_specific,test,1.0,0.0,0.0,0.3333333333333333,561.8035819530487
N8_E10b_T12b,N8,arxiv_sh_028,single_specific,train,0.0,0.0,1.0,0.3333333333333333,561.8035819530487
N8_E10b_T12b,N8,arxiv_sh_029,single_specific,test,1.0,0.9676449082094808,1.0,0.9892149694031604,561.8035819530487
N8_E10b_T12b,N8,arxiv_sh_030,single_specific,test,1.0,0.9508478274518258,1.0,0.983615942483942,561.8035819530487
N8_E10b_T12b,N8,arxiv_sh_031,single_specific,test,0.6666666666666666,0.9373236085338602,0.0,0.5346634250668423,561.8035819530487
N8_E10b_T12b,N8,arxiv_sh_032,single_specific,test,0.6666666666666666,0.9568229549784592,1.0,0.8744965405483752,561.8035819530487
N8_E10b_T12b,N8,arxiv_sh_033,single_specific,train,1.0,0.8563546724997056,0.25,0.7021182241665685,561.8035819530487
N8_E10b_T12b,N8,arxiv_sh_034,single_specific,train,0.6666666666666666,0.9803414359572656,1.0,0.8823360342079773,561.8035819530487
N8_E10b_T12b,N8,arxiv_agg_000,aggregate_cross_paper,train,1.0,0.7363506759881014,1.0,0.9121168919960336,561.8035819530487
N8_E10b_T12b,N8,arxiv_agg_001,aggregate_cross_paper,test,0.6666666666666666,0.7169394930067519,0.25,0.5445353865578061,561.8035819530487
N8_E10b_T12b,N8,arxiv_agg_002,aggregate_cross_paper,test,0.75,0.0,0.0,0.25,561.8035819530487
N8_E10b_T12b,N8,arxiv_agg_003,aggregate_cross_paper,test,0.75,0.7898022377740238,0.5,0.679934079258008,561.8035819530487
N8_E10b_T12b,N8,arxiv_agg_004,aggregate_cross_paper,train,1.0,0.5665898201959428,1.0,0.8555299400653142,561.8035819530487
N8_E10b_T12b,N8,arxiv_agg_005,aggregate_cross_paper,train,1.0,0.7980881749947789,1.0,0.932696058331593,561.8035819530487
N8_E10b_T12b,N8,arxiv_agg_006,aggregate_cross_paper,test,0.8,0.7044898343011909,0.5,0.6681632781003971,561.8035819530487
N8_E10b_T12b,N8,arxiv_agg_007,aggregate_cross_paper,train,0.875,0.7369492722007533,1.0,0.8706497574002512,561.8035819530487
N8_E10b_T12b,N8,arxiv_agg_008,aggregate_cross_paper,test,1.0,0.7705347795596346,1.0,0.9235115931865449,561.8035819530487
N8_E10b_T12b,N8,arxiv_agg_009,aggregate_cross_paper,train,0.7777777777777778,0.711559177110859,0.75,0.7464456516295456,561.8035819530487
N8_E10b_T12b,N8,arxiv_agg_010,aggregate_cross_paper,train,0.8888888888888888,0.576793281122427,1.0,0.8218940566704386,561.8035819530487
N8_E10b_T12b,N8,arxiv_agg_011,aggregate_cross_paper,train,0.6666666666666666,0.0,0.25,0.3055555555555555,561.8035819530487
N8_E10b_T12b,N8,arxiv_agg_012,aggregate_cross_paper,train,0.7777777777777778,0.8244817384906024,0.0,0.5340865054227933,561.8035819530487
N8_E10b_T12b,N8,arxiv_agg_013,aggregate_cross_paper,train,1.0,0.6531234516415709,1.0,0.8843744838805238,561.8035819530487
N8_E10b_T12b,N8,arxiv_agg_014,aggregate_cross_paper,test,0.6,0.8575015256159113,0.0,0.4858338418719705,561.8035819530487
N8_E10b_T12b,N8,arxiv_agg_015,aggregate_cross_paper,train,0.625,0.0,0.0,0.2083333333333333,561.8035819530487
N8_E10b_T12b,N8,arxiv_agg_016,aggregate_cross_paper,train,1.0,0.7732053319658595,0.25,0.6744017773219532,561.8035819530487
N8_E10b_T12b,N8,arxiv_agg_017,aggregate_cross_paper,test,1.0,0.7378430969014791,0.25,0.6626143656338264,561.8035819530487
N8_E10b_T12b,N8,arxiv_agg_018,aggregate_cross_paper,train,0.4,0.0,0.25,0.2166666666666666,561.8035819530487
N8_E10b_T12b,N8,arxiv_agg_019,aggregate_cross_paper,train,0.75,0.6826117739022238,1.0,0.8108705913007412,561.8035819530487
N8_E10b_T12b,N8,arxiv_agg_020,aggregate_cross_paper,test,1.0,0.7432617764295959,1.0,0.9144205921431986,561.8035819530487
N8_E10b_T12b,N8,arxiv_agg_021,aggregate_cross_paper,test,0.2857142857142857,0.8193485907884314,0.5,0.5350209588342391,561.8035819530487
N8_E10b_T12b,N8,arxiv_agg_022,aggregate_cross_paper,train,1.0,0.7396015952634661,0.5,0.746533865087822,561.8035819530487
N8_E10b_T12b,N8,arxiv_agg_023,aggregate_cross_paper,test,0.8333333333333334,0.6878017121654835,0.0,0.5070450151662723,561.8035819530487
N8_E10b_T12b,N8,arxiv_agg_024,aggregate_cross_paper,test,0.5,0.9002087010983603,1.0,0.8000695670327868,561.8035819530487
N8_E10b_T12b,N8,arxiv_agg_025,aggregate_cross_paper,train,0.4,0.0,0.0,0.1333333333333333,561.8035819530487
N8_E10b_T12b,N8,arxiv_agg_026,aggregate_cross_paper,train,1.0,0.0,0.0,0.3333333333333333,561.8035819530487
N8_E10b_T12b,N8,arxiv_agg_027,aggregate_cross_paper,train,0.75,0.0,0.0,0.25,561.8035819530487
N8_E10b_T12b,N8,arxiv_agg_028,aggregate_cross_paper,train,1.0,0.0,0.0,0.3333333333333333,561.8035819530487
N8_E10b_T12b,N8,arxiv_agg_029,aggregate_cross_paper,test,1.0,0.5952962659352005,1.0,0.8650987553117334,561.8035819530487
N8_E10b_T12b,N8,arxiv_agg_030,aggregate_cross_paper,train,0.75,0.6228922678132437,0.0,0.4576307559377479,561.8035819530487
N8_E10b_T12b,N8,arxiv_agg_031,aggregate_cross_paper,train,0.6,0.7515683842706089,0.75,0.7005227947568696,561.8035819530487
N8_E10b_T12b,N8,arxiv_agg_032,aggregate_cross_paper,test,0.7777777777777778,0.7174337023807569,0.75,0.7484038267195116,561.8035819530487
N8_E10b_T12b,N8,arxiv_edge_000,edge_multihop,test,0.75,0.6050270345383598,0.0,0.4516756781794533,561.8035819530487
N8_E10b_T12b,N8,arxiv_edge_001,edge_multihop,test,1.0,0.8505937815187753,1.0,0.9501979271729252,561.8035819530487
N8_E10b_T12b,N8,arxiv_edge_002,edge_multihop,test,1.0,0.8522691436583782,0.5,0.7840897145527927,561.8035819530487
N8_E10b_T12b,N8,arxiv_edge_003,edge_multihop,test,0.5,0.8277792751698893,0.0,0.4425930917232963,561.8035819530487
N8_E10b_T12b,N8,arxiv_edge_004,edge_multihop,test,0.4,0.6292454881860644,0.0,0.3430818293953548,561.8035819530487
N8_E10b_T12b,N8,arxiv_edge_005,edge_multihop,train,1.0,0.0,1.0,0.6666666666666666,561.8035819530487
N8_E10b_T12b,N8,arxiv_edge_006,edge_multihop,test,0.8333333333333334,0.8512200988051504,0.0,0.5615178107128279,561.8035819530487
N8_E10b_T12b,N8,arxiv_edge_007,edge_multihop,test,0.75,0.0,0.0,0.25,561.8035819530487
N8_E10b_T12b,N8,arxiv_edge_008,edge_multihop,test,0.25,0.6631089183623752,1.0,0.6377029727874585,561.8035819530487
N8_E10b_T12b,N8,arxiv_edge_009,edge_multihop,train,0.8571428571428571,0.7344653089492895,1.0,0.8638693886973822,561.8035819530487
N8_E10b_T12b,N8,arxiv_edge_010,edge_multihop,train,0.5,0.9513152961604644,0.25,0.5671050987201548,561.8035819530487
N8_E10b_T12b,N8,arxiv_edge_011,edge_multihop,test,1.0,0.7541911527205333,0.0,0.5847303842401778,561.8035819530487
N8_E10b_T12b,N8,arxiv_edge_012,edge_multihop,test,0.8,0.7469622462095272,0.0,0.5156540820698424,561.8035819530487
N8_E10b_T12b,N8,arxiv_edge_013,edge_multihop,test,0.6666666666666666,0.8112403034550603,0.0,0.4926356567072423,561.8035819530487
N8_E10b_T12b,N8,arxiv_edge_014,edge_multihop,test,1.0,0.696359195680872,0.25,0.6487863985602907,561.8035819530487
N8_E10b_T12b,N8,arxiv_edge_015,edge_multihop,train,0.5,0.8980926688490953,1.0,0.7993642229496984,561.8035819530487
N8_E10b_T12b,N8,arxiv_edge_016,edge_multihop,train,0.9090909090909092,0.7895942718529554,1.0,0.8995617269812882,561.8035819530487
N8_E10b_T12b,N8,arxiv_edge_017,edge_multihop,train,0.5714285714285714,0.4502271538488303,0.5,0.5072185750924673,561.8035819530487
N8_E10b_T12b,N8,arxiv_edge_018,edge_multihop,train,0.7777777777777778,0.7600244342316435,0.25,0.5959340706698071,561.8035819530487
N8_E10b_T12b,N8,arxiv_edge_019,edge_multihop,train,0.6666666666666666,0.8542177940932044,1.0,0.8402948202532903,561.8035819530487
N8_E10b_T12b,N8,arxiv_edge_020,edge_multihop,train,1.0,0.8303854464984101,1.0,0.94346181549947,561.8035819530487
N8_E10b_T12b,N8,arxiv_edge_021,edge_multihop,test,0.75,0.8171398641423316,1.0,0.8557132880474438,561.8035819530487
N8_E10b_T12b,N8,arxiv_edge_022,edge_multihop,test,1.0,0.7598027969581949,1.0,0.9199342656527316,561.8035819530487
N8_E10b_T12b,N8,arxiv_edge_023,edge_multihop,train,0.5,0.7604248984207245,0.25,0.5034749661402415,561.8035819530487
N8_E10b_T12b,N8,arxiv_edge_024,edge_multihop,train,1.0,0.0,0.0,0.3333333333333333,561.8035819530487
N8_E10b_T12b,N8,arxiv_edge_025,edge_multihop,train,0.7142857142857143,0.8167181869833331,0.5,0.6770013004230159,561.8035819530487
N8_E10b_T12b,N8,arxiv_edge_026,edge_multihop,test,1.0,0.7828247225477529,1.0,0.927608240849251,561.8035819530487
N8_E10b_T12b,N8,arxiv_edge_027,edge_multihop,test,0.0,0.0,1.0,0.3333333333333333,561.8035819530487
N8_E10b_T12b,N8,arxiv_edge_028,edge_multihop,test,1.0,0.6491509442085502,0.0,0.5497169814028501,561.8035819530487
N8_E10b_T12b,N8,arxiv_edge_029,edge_multihop,train,1.0,0.873457472870391,1.0,0.9578191576234636,561.8035819530487
N8_E10b_T12b,N8,arxiv_edge_030,edge_multihop,train,0.3333333333333333,0.8152409929360921,0.75,0.6328581087564752,561.8035819530487
N8_E10b_T12b,N8,arxiv_edge_031,edge_multihop,test,0.6,0.835448582389873,1.0,0.8118161941299576,561.8035819530487
N8_E10b_T12b,N8,arxiv_edge_032,edge_multihop,test,0.6666666666666666,0.0,0.25,0.3055555555555555,561.8035819530487
N8_E10b_T12b,N8,arxiv_edge_033,edge_multihop,test,0.5,0.8303479031504305,0.0,0.4434493010501435,561.8035819530487
N8_E10b_T12b,N8,arxiv_sh_035,single_specific,test,1.0,0.9384659203171608,1.0,0.9794886401057205,561.8035819530487
N8_E10b_T12b,N8,arxiv_sh_036,single_specific,train,1.0,0.9964042147519496,1.0,0.9988014049173164,561.8035819530487
N8_E10b_T12b,N8,arxiv_sh_037,single_specific,test,1.0,0.971307114267825,1.0,0.9904357047559416,561.8035819530487
N8_E10b_T12b,N8,arxiv_sh_038,single_specific,test,1.0,0.9118376299497708,1.0,0.9706125433165904,561.8035819530487
N8_E10b_T12b,N8,arxiv_sh_039,single_specific,test,1.0,0.9909277721334954,1.0,0.9969759240444984,561.8035819530487
N8_E10b_T12b,N8,arxiv_sh_040,single_specific,train,1.0,0.7355652918093373,1.0,0.9118550972697792,561.8035819530487
N8_E10b_T12b,N8,arxiv_sh_041,single_specific,test,0.6666666666666666,0.9610028770000292,1.0,0.8758898478888986,561.8035819530487
N8_E10b_T12b,N8,arxiv_sh_042,single_specific,train,1.0,0.849729669481211,1.0,0.9499098898270704,561.8035819530487
N8_E10b_T12b,N8,arxiv_sh_043,single_specific,test,1.0,0.9594984545335796,1.0,0.9864994848445264,561.8035819530487
N8_E10b_T12b,N8,arxiv_sh_044,single_specific,train,1.0,0.785261179942759,1.0,0.9284203933142532,561.8035819530487
N8_E10b_T12b,N8,arxiv_sh_045,single_specific,train,0.6666666666666666,0.6891869753289025,0.5,0.6186178806651897,561.8035819530487
N8_E10b_T12b,N8,arxiv_sh_046,single_specific,train,0.5,0.955851205408958,1.0,0.8186170684696527,561.8035819530487
N8_E10b_T12b,N8,arxiv_sh_047,single_specific,train,1.0,0.93894510692781,1.0,0.9796483689759368,561.8035819530487
N8_E10b_T12b,N8,arxiv_sh_048,single_specific,train,1.0,0.916760628884333,1.0,0.9722535429614444,561.8035819530487
N8_E10b_T12b,N8,arxiv_sh_049,single_specific,test,1.0,0.7401438142396061,1.0,0.913381271413202,561.8035819530487
N8_E10b_T12b,N8,arxiv_sh_050,single_specific,train,1.0,0.985988180467,1.0,0.995329393489,561.8035819530487
N8_E10b_T12b,N8,arxiv_sh_051,single_specific,test,1.0,0.8251116971454961,1.0,0.9417038990484988,561.8035819530487
N8_E10b_T12b,N8,arxiv_sh_052,single_specific,test,1.0,0.8215242627836487,1.0,0.9405080875945496,561.8035819530487
N8_E10b_T12b,N8,arxiv_sh_053,single_specific,train,1.0,0.8257940631725559,1.0,0.941931354390852,561.8035819530487
N8_E10b_T12b,N8,arxiv_sh_054,single_specific,test,1.0,0.8252068935795872,1.0,0.9417356311931958,561.8035819530487
N8_E10b_T12b,N8,arxiv_sh_055,single_specific,test,1.0,0.8891961149686624,1.0,0.9630653716562207,561.8035819530487
N8_E10b_T12b,N8,arxiv_sh_056,single_specific,test,1.0,0.8129453728331125,1.0,0.9376484576110374,561.8035819530487
N8_E10b_T12b,N8,arxiv_sh_057,single_specific,train,1.0,0.8042778428548628,1.0,0.9347592809516208,561.8035819530487
N8_E10b_T12b,N8,arxiv_sh_058,single_specific,test,1.0,0.9618563396661264,1.0,0.9872854465553754,561.8035819530487
N8_E10b_T12b,N8,arxiv_sh_059,single_specific,train,1.0,0.9301417418585302,1.0,0.9767139139528432,561.8035819530487
N8_E10b_T12b,N8,arxiv_sh_060,single_specific,train,1.0,0.9760340137345228,1.0,0.9920113379115078,561.8035819530487
N8_E10b_T12b,N8,arxiv_sh_061,single_specific,train,0.0,0.0,1.0,0.3333333333333333,561.8035819530487
N8_E10b_T12b,N8,arxiv_sh_062,single_specific,train,0.5,0.0,0.0,0.1666666666666666,561.8035819530487
N8_E10b_T12b,N8,arxiv_sh_063,single_specific,test,1.0,0.9792919481650108,1.0,0.9930973160550036,561.8035819530487
N8_E10b_T12b,N8,arxiv_sh_064,single_specific,test,1.0,0.8695375571662386,1.0,0.9565125190554128,561.8035819530487
N8_E10b_T12b,N8,arxiv_sh_065,single_specific,train,1.0,0.8005848747724574,0.5,0.7668616249241524,561.8035819530487
N8_E10b_T12b,N8,arxiv_sh_066,single_specific,test,1.0,0.993733585705052,1.0,0.9979111952350174,561.8035819530487
N8_E10b_T12b,N8,arxiv_sh_067,single_specific,test,1.0,0.743348750031021,0.0,0.5811162500103403,561.8035819530487
N8_E10b_T12b,N8,arxiv_sh_068,single_specific,test,1.0,0.956423300824468,1.0,0.985474433608156,561.8035819530487
N8_E10b_T12b,N8,arxiv_sh_069,single_specific,test,0.3333333333333333,0.0,0.5,0.2777777777777777,561.8035819530487
N8_E10b_T12b,N8,arxiv_sh_070,single_specific,test,0.6666666666666666,0.877648385604624,0.25,0.5981050174237635,561.8035819530487
N8_E10b_T12b,N8,arxiv_sh_071,single_specific,train,1.0,0.941577593386684,1.0,0.980525864462228,561.8035819530487
N8_E10b_T12b,N8,arxiv_sh_072,single_specific,test,1.0,0.8781146942938273,0.5,0.7927048980979424,561.8035819530487
N8_E10b_T12b,N8,arxiv_sh_073,single_specific,test,1.0,0.71072090680117,1.0,0.90357363560039,561.8035819530487
N8_E10b_T12b,N8,arxiv_sh_074,single_specific,test,0.8,0.9249337401688258,1.0,0.908311246722942,561.8035819530487
N8_E10b_T12b,N8,arxiv_sh_075,single_specific,train,1.0,0.9401035748941352,1.0,0.9800345249647116,561.8035819530487
N8_E10b_T12b,N8,arxiv_sh_076,single_specific,test,0.0,0.0,0.0,0.0,561.8035819530487
N8_E10b_T12b,N8,arxiv_sh_077,single_specific,train,1.0,0.9999999999999996,1.0,1.0,561.8035819530487
N8_E10b_T12b,N8,arxiv_sh_078,single_specific,train,1.0,0.9523400715642976,1.0,0.9841133571880992,561.8035819530487
N8_E10b_T12b,N8,arxiv_sh_079,single_specific,test,1.0,0.9684139358366796,1.0,0.98947131194556,561.8035819530487
N8_E10b_T12b,N8,arxiv_sh_080,single_specific,test,1.0,0.9347375717334092,1.0,0.9782458572444698,561.8035819530487
N8_E10b_T12b,N8,arxiv_sh_081,single_specific,train,1.0,0.9653620360804588,1.0,0.9884540120268196,561.8035819530487
N8_E10b_T12b,N8,arxiv_sh_082,single_specific,train,0.6666666666666666,0.0,1.0,0.5555555555555555,561.8035819530487
N8_E10c_T12a,N8,arxiv_sh_000,single_specific,test,0.0,0.0,1.0,0.3333333333333333,641.9770379066467
N8_E10c_T12a,N8,arxiv_sh_001,single_specific,test,1.0,0.8850088036340864,1.0,0.961669601211362,641.9770379066467
N8_E10c_T12a,N8,arxiv_sh_002,single_specific,test,1.0,0.8755027745028773,0.75,0.8751675915009591,641.9770379066467
N8_E10c_T12a,N8,arxiv_sh_003,single_specific,train,1.0,0.695484382627795,1.0,0.8984947942092649,641.9770379066467
N8_E10c_T12a,N8,arxiv_sh_004,single_specific,train,1.0,0.7394443861628497,1.0,0.91314812872095,641.9770379066467
N8_E10c_T12a,N8,arxiv_sh_005,single_specific,train,1.0,0.9053676906730208,1.0,0.9684558968910068,641.9770379066467
N8_E10c_T12a,N8,arxiv_sh_006,single_specific,train,0.5,0.0,1.0,0.5,641.9770379066467
N8_E10c_T12a,N8,arxiv_sh_007,single_specific,train,1.0,0.0,0.5,0.5,641.9770379066467
N8_E10c_T12a,N8,arxiv_sh_008,single_specific,train,0.0,0.0,1.0,0.3333333333333333,641.9770379066467
N8_E10c_T12a,N8,arxiv_sh_009,single_specific,train,1.0,0.9447943483230572,1.0,0.9815981161076858,641.9770379066467
N8_E10c_T12a,N8,arxiv_sh_010,single_specific,test,0.5,0.9521380400068254,0.0,0.4840460133356085,641.9770379066467
N8_E10c_T12a,N8,arxiv_sh_011,single_specific,train,1.0,0.8185701501107183,1.0,0.9395233833702394,641.9770379066467
N8_E10c_T12a,N8,arxiv_sh_012,single_specific,train,1.0,0.9944356406034804,1.0,0.9981452135344934,641.9770379066467
N8_E10c_T12a,N8,arxiv_sh_013,single_specific,train,1.0,1.0,1.0,1.0,641.9770379066467
N8_E10c_T12a,N8,arxiv_sh_014,single_specific,train,1.0,0.8251711448180329,1.0,0.9417237149393444,641.9770379066467
N8_E10c_T12a,N8,arxiv_sh_015,single_specific,test,1.0,0.6334232273327777,1.0,0.8778077424442592,641.9770379066467
N8_E10c_T12a,N8,arxiv_sh_016,single_specific,test,0.25,0.8864420150510659,1.0,0.7121473383503553,641.9770379066467
N8_E10c_T12a,N8,arxiv_sh_017,single_specific,test,1.0,0.827528302959793,1.0,0.942509434319931,641.9770379066467
N8_E10c_T12a,N8,arxiv_sh_018,single_specific,test,1.0,0.9234396079268424,1.0,0.9744798693089476,641.9770379066467
N8_E10c_T12a,N8,arxiv_sh_019,single_specific,test,0.25,0.9999996833837722,1.0,0.7499998944612574,641.9770379066467
N8_E10c_T12a,N8,arxiv_sh_020,single_specific,train,1.0,0.9805711854873538,1.0,0.9935237284957846,641.9770379066467
N8_E10c_T12a,N8,arxiv_sh_021,single_specific,train,1.0,0.952463289268925,1.0,0.9841544297563084,641.9770379066467
N8_E10c_T12a,N8,arxiv_sh_022,single_specific,test,1.0,0.0,0.0,0.3333333333333333,641.9770379066467
N8_E10c_T12a,N8,arxiv_sh_023,single_specific,test,1.0,0.831799498218362,1.0,0.9439331660727872,641.9770379066467
N8_E10c_T12a,N8,arxiv_sh_024,single_specific,test,1.0,0.9627967022786548,1.0,0.9875989007595516,641.9770379066467
N8_E10c_T12a,N8,arxiv_sh_025,single_specific,train,0.8,0.8548660814271482,1.0,0.8849553604757161,641.9770379066467
N8_E10c_T12a,N8,arxiv_sh_026,single_specific,train,1.0,0.9270877034022116,1.0,0.9756959011340706,641.9770379066467
N8_E10c_T12a,N8,arxiv_sh_027,single_specific,test,1.0,0.0,0.0,0.3333333333333333,641.9770379066467
N8_E10c_T12a,N8,arxiv_sh_028,single_specific,train,0.0,0.0,1.0,0.3333333333333333,641.9770379066467
N8_E10c_T12a,N8,arxiv_sh_029,single_specific,test,1.0,0.9451440769637796,1.0,0.98171469232126,641.9770379066467
N8_E10c_T12a,N8,arxiv_sh_030,single_specific,test,1.0,0.953545584354667,1.0,0.984515194784889,641.9770379066467
N8_E10c_T12a,N8,arxiv_sh_031,single_specific,test,0.6666666666666666,0.9345016852091744,0.0,0.5337227839586136,641.9770379066467
N8_E10c_T12a,N8,arxiv_sh_032,single_specific,test,1.0,0.9568229549784592,1.0,0.9856076516594864,641.9770379066467
N8_E10c_T12a,N8,arxiv_sh_033,single_specific,train,1.0,0.8563771602582763,0.25,0.7021257200860921,641.9770379066467
N8_E10c_T12a,N8,arxiv_sh_034,single_specific,train,0.6666666666666666,0.9803398705965776,1.0,0.8823355124210814,641.9770379066467
N8_E10c_T12a,N8,arxiv_agg_000,aggregate_cross_paper,train,1.0,0.7802073913100124,1.0,0.9267357971033374,641.9770379066467
N8_E10c_T12a,N8,arxiv_agg_001,aggregate_cross_paper,test,0.6666666666666666,0.6895955951684608,0.25,0.5354207539450425,641.9770379066467
N8_E10c_T12a,N8,arxiv_agg_002,aggregate_cross_paper,test,0.75,0.0,0.0,0.25,641.9770379066467
N8_E10c_T12a,N8,arxiv_agg_003,aggregate_cross_paper,test,0.7142857142857143,0.7897925575334138,0.75,0.7513594239397093,641.9770379066467
N8_E10c_T12a,N8,arxiv_agg_004,aggregate_cross_paper,train,1.0,0.5665898201959428,1.0,0.8555299400653142,641.9770379066467
N8_E10c_T12a,N8,arxiv_agg_005,aggregate_cross_paper,train,1.0,0.7981269247987988,1.0,0.9327089749329328,641.9770379066467
N8_E10c_T12a,N8,arxiv_agg_006,aggregate_cross_paper,test,0.8,0.7044898343011909,0.75,0.7514966114337304,641.9770379066467
N8_E10c_T12a,N8,arxiv_agg_007,aggregate_cross_paper,train,0.875,0.7368823478307808,1.0,0.8706274492769269,641.9770379066467
N8_E10c_T12a,N8,arxiv_agg_008,aggregate_cross_paper,test,1.0,0.7705440632299013,1.0,0.9235146877433004,641.9770379066467
N8_E10c_T12a,N8,arxiv_agg_009,aggregate_cross_paper,train,0.6666666666666666,0.7115576359323829,0.75,0.7094081008663498,641.9770379066467
N8_E10c_T12a,N8,arxiv_agg_010,aggregate_cross_paper,train,0.8571428571428571,0.6753207480828617,1.0,0.8441545350752396,641.9770379066467
N8_E10c_T12a,N8,arxiv_agg_011,aggregate_cross_paper,train,0.6666666666666666,0.0,0.25,0.3055555555555555,641.9770379066467
N8_E10c_T12a,N8,arxiv_agg_012,aggregate_cross_paper,train,0.75,0.8244578500812848,0.0,0.5248192833604283,641.9770379066467
N8_E10c_T12a,N8,arxiv_agg_013,aggregate_cross_paper,train,1.0,0.6472901028569015,1.0,0.8824300342856338,641.9770379066467
N8_E10c_T12a,N8,arxiv_agg_014,aggregate_cross_paper,test,0.6,0.8610664497257603,0.0,0.4870221499085868,641.9770379066467
N8_E10c_T12a,N8,arxiv_agg_015,aggregate_cross_paper,train,1.0,0.0,0.0,0.3333333333333333,641.9770379066467
N8_E10c_T12a,N8,arxiv_agg_016,aggregate_cross_paper,train,1.0,0.0,0.5,0.5,641.9770379066467
N8_E10c_T12a,N8,arxiv_agg_017,aggregate_cross_paper,test,1.0,0.6375291760814175,0.25,0.6291763920271392,641.9770379066467
N8_E10c_T12a,N8,arxiv_agg_018,aggregate_cross_paper,train,0.5,0.0,0.25,0.25,641.9770379066467
N8_E10c_T12a,N8,arxiv_agg_019,aggregate_cross_paper,train,0.7,0.6826269382610877,1.0,0.7942089794203625,641.9770379066467
N8_E10c_T12a,N8,arxiv_agg_020,aggregate_cross_paper,test,1.0,0.7688596359927159,1.0,0.922953211997572,641.9770379066467
N8_E10c_T12a,N8,arxiv_agg_021,aggregate_cross_paper,test,0.5,0.0,0.5,0.3333333333333333,641.9770379066467
N8_E10c_T12a,N8,arxiv_agg_022,aggregate_cross_paper,train,0.7142857142857143,0.7964315564887383,0.5,0.6702390902581509,641.9770379066467
N8_E10c_T12a,N8,arxiv_agg_023,aggregate_cross_paper,test,0.8333333333333334,0.6877948564543374,0.0,0.5070427299292236,641.9770379066467
N8_E10c_T12a,N8,arxiv_agg_024,aggregate_cross_paper,test,0.8,0.900176897775219,1.0,0.900058965925073,641.9770379066467
N8_E10c_T12a,N8,arxiv_agg_025,aggregate_cross_paper,train,1.0,0.0,0.0,0.3333333333333333,641.9770379066467
N8_E10c_T12a,N8,arxiv_agg_026,aggregate_cross_paper,train,1.0,0.953214497445218,0.0,0.651071499148406,641.9770379066467
N8_E10c_T12a,N8,arxiv_agg_027,aggregate_cross_paper,train,1.0,0.0,0.0,0.3333333333333333,641.9770379066467
N8_E10c_T12a,N8,arxiv_agg_028,aggregate_cross_paper,train,1.0,0.0,0.0,0.3333333333333333,641.9770379066467
N8_E10c_T12a,N8,arxiv_agg_029,aggregate_cross_paper,test,1.0,0.5974102778640561,1.0,0.8658034259546854,641.9770379066467
N8_E10c_T12a,N8,arxiv_agg_030,aggregate_cross_paper,train,0.6666666666666666,0.6331551222432565,0.0,0.4332739296366411,641.9770379066467
N8_E10c_T12a,N8,arxiv_agg_031,aggregate_cross_paper,train,1.0,0.7516539175012279,0.75,0.833884639167076,641.9770379066467
N8_E10c_T12a,N8,arxiv_agg_032,aggregate_cross_paper,test,1.0,0.7103407263576981,0.75,0.820113575452566,641.9770379066467
N8_E10c_T12a,N8,arxiv_edge_000,edge_multihop,test,0.8571428571428571,0.5704273886705709,0.0,0.475856748604476,641.9770379066467
N8_E10c_T12a,N8,arxiv_edge_001,edge_multihop,test,0.625,0.8506023561830247,1.0,0.8252007853943416,641.9770379066467
N8_E10c_T12a,N8,arxiv_edge_002,edge_multihop,test,1.0,0.8403615388823645,0.5,0.7801205129607882,641.9770379066467
N8_E10c_T12a,N8,arxiv_edge_003,edge_multihop,test,0.5,0.8280407792360988,0.0,0.4426802597453663,641.9770379066467
N8_E10c_T12a,N8,arxiv_edge_004,edge_multihop,test,0.4,0.6292960040323452,0.0,0.3430986680107817,641.9770379066467
N8_E10c_T12a,N8,arxiv_edge_005,edge_multihop,train,1.0,0.0,1.0,0.6666666666666666,641.9770379066467
N8_E10c_T12a,N8,arxiv_edge_006,edge_multihop,test,1.0,0.8635461310354129,0.0,0.621182043678471,641.9770379066467
N8_E10c_T12a,N8,arxiv_edge_007,edge_multihop,test,0.75,0.0,0.0,0.25,641.9770379066467
N8_E10c_T12a,N8,arxiv_edge_008,edge_multihop,test,0.25,0.7751827924554219,1.0,0.675060930818474,641.9770379066467
N8_E10c_T12a,N8,arxiv_edge_009,edge_multihop,train,0.625,0.734527903581703,1.0,0.786509301193901,641.9770379066467
N8_E10c_T12a,N8,arxiv_edge_010,edge_multihop,train,0.6,0.9513281279121236,0.25,0.6004427093040412,641.9770379066467
N8_E10c_T12a,N8,arxiv_edge_011,edge_multihop,test,1.0,0.7541471273908762,0.0,0.584715709130292,641.9770379066467
N8_E10c_T12a,N8,arxiv_edge_012,edge_multihop,test,0.6,0.6924265297572021,0.0,0.4308088432524006,641.9770379066467
N8_E10c_T12a,N8,arxiv_edge_013,edge_multihop,test,0.7142857142857143,0.8032328263154772,0.0,0.5058395135337305,641.9770379066467
N8_E10c_T12a,N8,arxiv_edge_014,edge_multihop,test,0.6,0.6782651480134754,0.25,0.5094217160044918,641.9770379066467
N8_E10c_T12a,N8,arxiv_edge_015,edge_multihop,train,1.0,0.8565692701460212,1.0,0.9521897567153405,641.9770379066467
N8_E10c_T12a,N8,arxiv_edge_016,edge_multihop,train,0.875,0.7759239374115011,1.0,0.8836413124705004,641.9770379066467
N8_E10c_T12a,N8,arxiv_edge_017,edge_multihop,train,0.8,0.6103646100223377,0.0,0.4701215366741125,641.9770379066467
N8_E10c_T12a,N8,arxiv_edge_018,edge_multihop,train,0.7142857142857143,0.6642513710271483,0.25,0.5428456951042876,641.9770379066467
N8_E10c_T12a,N8,arxiv_edge_019,edge_multihop,train,0.75,0.8407336922837295,1.0,0.8635778974279099,641.9770379066467
N8_E10c_T12a,N8,arxiv_edge_020,edge_multihop,train,0.5,0.8873700631816631,1.0,0.7957900210605544,641.9770379066467
N8_E10c_T12a,N8,arxiv_edge_021,edge_multihop,test,1.0,0.7358326799345635,1.0,0.9119442266448544,641.9770379066467
N8_E10c_T12a,N8,arxiv_edge_022,edge_multihop,test,1.0,0.7598166319811518,1.0,0.9199388773270506,641.9770379066467
N8_E10c_T12a,N8,arxiv_edge_023,edge_multihop,train,1.0,0.7642584957146259,0.5,0.7547528319048752,641.9770379066467
N8_E10c_T12a,N8,arxiv_edge_024,edge_multihop,train,1.0,0.0,0.0,0.3333333333333333,641.9770379066467
N8_E10c_T12a,N8,arxiv_edge_025,edge_multihop,train,0.2857142857142857,0.8166985941494161,0.5,0.534137626621234,641.9770379066467
N8_E10c_T12a,N8,arxiv_edge_026,edge_multihop,test,0.8571428571428571,0.7823202867838827,1.0,0.87982104797558,641.9770379066467
N8_E10c_T12a,N8,arxiv_edge_027,edge_multihop,test,0.0,0.0,0.75,0.25,641.9770379066467
N8_E10c_T12a,N8,arxiv_edge_028,edge_multihop,test,1.0,0.6494072203551988,0.25,0.6331357401183996,641.9770379066467
N8_E10c_T12a,N8,arxiv_edge_029,edge_multihop,train,0.8,0.8667819208146036,1.0,0.8889273069382012,641.9770379066467
N8_E10c_T12a,N8,arxiv_edge_030,edge_multihop,train,0.3333333333333333,0.8152409929360921,0.75,0.6328581087564752,641.9770379066467
N8_E10c_T12a,N8,arxiv_edge_031,edge_multihop,test,0.6,0.813081547093945,1.0,0.8043605156979816,641.9770379066467
N8_E10c_T12a,N8,arxiv_edge_032,edge_multihop,test,0.1666666666666666,0.7276935780270014,0.5,0.4647867482312227,641.9770379066467
N8_E10c_T12a,N8,arxiv_edge_033,edge_multihop,test,0.8,0.8313226026616933,0.0,0.5437742008872312,641.9770379066467
N8_E10c_T12a,N8,arxiv_sh_035,single_specific,test,1.0,0.9384659203171608,1.0,0.9794886401057205,641.9770379066467
N8_E10c_T12a,N8,arxiv_sh_036,single_specific,train,1.0,0.9964042147519496,1.0,0.9988014049173164,641.9770379066467
N8_E10c_T12a,N8,arxiv_sh_037,single_specific,test,1.0,0.9713096283651768,1.0,0.9904365427883922,641.9770379066467
N8_E10c_T12a,N8,arxiv_sh_038,single_specific,test,1.0,0.9118376299497708,1.0,0.9706125433165904,641.9770379066467
N8_E10c_T12a,N8,arxiv_sh_039,single_specific,test,1.0,0.9909273390454126,1.0,0.9969757796818044,641.9770379066467
N8_E10c_T12a,N8,arxiv_sh_040,single_specific,train,1.0,0.959898889248642,1.0,0.9866329630828808,641.9770379066467
N8_E10c_T12a,N8,arxiv_sh_041,single_specific,test,0.6666666666666666,0.9999996193870244,1.0,0.888888762017897,641.9770379066467
N8_E10c_T12a,N8,arxiv_sh_042,single_specific,train,1.0,0.874841511116854,1.0,0.958280503705618,641.9770379066467
N8_E10c_T12a,N8,arxiv_sh_043,single_specific,test,1.0,0.9594984545335796,1.0,0.9864994848445264,641.9770379066467
N8_E10c_T12a,N8,arxiv_sh_044,single_specific,train,1.0,0.785242574495734,1.0,0.928414191498578,641.9770379066467
N8_E10c_T12a,N8,arxiv_sh_045,single_specific,train,0.6666666666666666,0.6891869753289025,0.5,0.6186178806651897,641.9770379066467
N8_E10c_T12a,N8,arxiv_sh_046,single_specific,train,0.5,0.9555881540412378,1.0,0.8185293846804126,641.9770379066467
N8_E10c_T12a,N8,arxiv_sh_047,single_specific,train,1.0,0.9381819823706836,1.0,0.9793939941235612,641.9770379066467
N8_E10c_T12a,N8,arxiv_sh_048,single_specific,train,1.0,0.916760628884333,1.0,0.9722535429614444,641.9770379066467
N8_E10c_T12a,N8,arxiv_sh_049,single_specific,test,1.0,0.7401903084677824,1.0,0.9133967694892609,641.9770379066467
N8_E10c_T12a,N8,arxiv_sh_050,single_specific,train,0.8,0.9860119335490444,1.0,0.9286706445163482,641.9770379066467
N8_E10c_T12a,N8,arxiv_sh_051,single_specific,test,1.0,0.8251116971454961,1.0,0.9417038990484988,641.9770379066467
N8_E10c_T12a,N8,arxiv_sh_052,single_specific,test,1.0,0.7749421077791785,1.0,0.9249807025930596,641.9770379066467
N8_E10c_T12a,N8,arxiv_sh_053,single_specific,train,1.0,0.8288183911349375,1.0,0.9429394637116458,641.9770379066467
N8_E10c_T12a,N8,arxiv_sh_054,single_specific,test,0.5,0.0,1.0,0.5,641.9770379066467
N8_E10c_T12a,N8,arxiv_sh_055,single_specific,test,1.0,0.8901193595598208,1.0,0.9633731198532736,641.9770379066467
N8_E10c_T12a,N8,arxiv_sh_056,single_specific,test,1.0,0.8129453728331125,1.0,0.9376484576110374,641.9770379066467
N8_E10c_T12a,N8,arxiv_sh_057,single_specific,train,1.0,0.8028465028142852,1.0,0.9342821676047616,641.9770379066467
N8_E10c_T12a,N8,arxiv_sh_058,single_specific,test,1.0,0.9617736597395184,1.0,0.9872578865798396,641.9770379066467
N8_E10c_T12a,N8,arxiv_sh_059,single_specific,train,1.0,0.9301417418585302,1.0,0.9767139139528432,641.9770379066467
N8_E10c_T12a,N8,arxiv_sh_060,single_specific,train,1.0,0.9760340137345228,1.0,0.9920113379115078,641.9770379066467
N8_E10c_T12a,N8,arxiv_sh_061,single_specific,train,0.0,0.0,1.0,0.3333333333333333,641.9770379066467
N8_E10c_T12a,N8,arxiv_sh_062,single_specific,train,0.5,0.0,0.0,0.1666666666666666,641.9770379066467
N8_E10c_T12a,N8,arxiv_sh_063,single_specific,test,1.0,0.9792774902885056,1.0,0.9930924967628352,641.9770379066467
N8_E10c_T12a,N8,arxiv_sh_064,single_specific,test,1.0,0.8695205399444309,1.0,0.9565068466481436,641.9770379066467
N8_E10c_T12a,N8,arxiv_sh_065,single_specific,train,1.0,0.76603053701408,0.5,0.7553435123380267,641.9770379066467
N8_E10c_T12a,N8,arxiv_sh_066,single_specific,test,1.0,0.9958258123768898,1.0,0.99860860412563,641.9770379066467
N8_E10c_T12a,N8,arxiv_sh_067,single_specific,test,1.0,0.0,0.0,0.3333333333333333,641.9770379066467
N8_E10c_T12a,N8,arxiv_sh_068,single_specific,test,1.0,0.9564212741249256,1.0,0.9854737580416418,641.9770379066467
N8_E10c_T12a,N8,arxiv_sh_069,single_specific,test,0.3333333333333333,0.0,0.0,0.1111111111111111,641.9770379066467
N8_E10c_T12a,N8,arxiv_sh_070,single_specific,test,0.5,0.8776410907480552,0.0,0.4592136969160184,641.9770379066467
N8_E10c_T12a,N8,arxiv_sh_071,single_specific,train,1.0,0.941539328685188,1.0,0.9805131095617292,641.9770379066467
N8_E10c_T12a,N8,arxiv_sh_072,single_specific,test,1.0,0.8775123611228898,0.5,0.7925041203742965,641.9770379066467
N8_E10c_T12a,N8,arxiv_sh_073,single_specific,test,1.0,0.7007904003671012,1.0,0.9002634667890338,641.9770379066467
N8_E10c_T12a,N8,arxiv_sh_074,single_specific,test,0.8,0.9205115306262428,1.0,0.9068371768754142,641.9770379066467
N8_E10c_T12a,N8,arxiv_sh_075,single_specific,train,1.0,0.940102619436948,1.0,0.9800342064789828,641.9770379066467
N8_E10c_T12a,N8,arxiv_sh_076,single_specific,test,0.0,0.0,0.0,0.0,641.9770379066467
N8_E10c_T12a,N8,arxiv_sh_077,single_specific,train,1.0,0.9999996360407154,1.0,0.9999998786802384,641.9770379066467
N8_E10c_T12a,N8,arxiv_sh_078,single_specific,train,1.0,0.9435500689157276,1.0,0.9811833563052424,641.9770379066467
N8_E10c_T12a,N8,arxiv_sh_079,single_specific,test,1.0,0.9684139358366796,1.0,0.98947131194556,641.9770379066467
N8_E10c_T12a,N8,arxiv_sh_080,single_specific,test,1.0,0.9347375717334092,1.0,0.9782458572444698,641.9770379066467
N8_E10c_T12a,N8,arxiv_sh_081,single_specific,train,1.0,0.9653620360804588,1.0,0.9884540120268196,641.9770379066467
N8_E10c_T12a,N8,arxiv_sh_082,single_specific,train,0.6666666666666666,0.0,1.0,0.5555555555555555,641.9770379066467
N8_E10c_T12b,N8,arxiv_sh_000,single_specific,test,0.0,0.0,1.0,0.3333333333333333,647.6895847320557
N8_E10c_T12b,N8,arxiv_sh_001,single_specific,test,1.0,0.8849777999971901,1.0,0.96165926666573,647.6895847320557
N8_E10c_T12b,N8,arxiv_sh_002,single_specific,test,1.0,0.8755027745028773,0.75,0.8751675915009591,647.6895847320557
N8_E10c_T12b,N8,arxiv_sh_003,single_specific,train,1.0,0.695484382627795,1.0,0.8984947942092649,647.6895847320557
N8_E10c_T12b,N8,arxiv_sh_004,single_specific,train,1.0,0.7394378265121841,1.0,0.913145942170728,647.6895847320557
N8_E10c_T12b,N8,arxiv_sh_005,single_specific,train,1.0,0.7931713927568759,1.0,0.9310571309189588,647.6895847320557
N8_E10c_T12b,N8,arxiv_sh_006,single_specific,train,0.5,0.0,1.0,0.5,647.6895847320557
N8_E10c_T12b,N8,arxiv_sh_007,single_specific,train,1.0,0.0,0.0,0.3333333333333333,647.6895847320557
N8_E10c_T12b,N8,arxiv_sh_008,single_specific,train,0.0,0.0,1.0,0.3333333333333333,647.6895847320557
N8_E10c_T12b,N8,arxiv_sh_009,single_specific,train,1.0,0.9448150844406066,1.0,0.9816050281468688,647.6895847320557
N8_E10c_T12b,N8,arxiv_sh_010,single_specific,test,0.5,0.9521517228807224,0.0,0.4840505742935742,647.6895847320557
N8_E10c_T12b,N8,arxiv_sh_011,single_specific,train,0.25,0.8185628286809815,1.0,0.6895209428936605,647.6895847320557
N8_E10c_T12b,N8,arxiv_sh_012,single_specific,train,1.0,1.0,1.0,1.0,647.6895847320557
N8_E10c_T12b,N8,arxiv_sh_013,single_specific,train,1.0,0.9999996003388004,1.0,0.9999998667796,647.6895847320557
N8_E10c_T12b,N8,arxiv_sh_014,single_specific,train,1.0,0.8251711448180329,1.0,0.9417237149393444,647.6895847320557
N8_E10c_T12b,N8,arxiv_sh_015,single_specific,test,1.0,0.6593909728105749,1.0,0.886463657603525,647.6895847320557
N8_E10c_T12b,N8,arxiv_sh_016,single_specific,test,1.0,0.0,1.0,0.6666666666666666,647.6895847320557
N8_E10c_T12b,N8,arxiv_sh_017,single_specific,test,1.0,0.827804352487709,1.0,0.9426014508292364,647.6895847320557
N8_E10c_T12b,N8,arxiv_sh_018,single_specific,test,1.0,0.7136806881331788,1.0,0.9045602293777264,647.6895847320557
N8_E10c_T12b,N8,arxiv_sh_019,single_specific,test,0.3333333333333333,0.9999996647159988,1.0,0.777777666016444,647.6895847320557
N8_E10c_T12b,N8,arxiv_sh_020,single_specific,train,1.0,0.9805711854873538,1.0,0.9935237284957846,647.6895847320557
N8_E10c_T12b,N8,arxiv_sh_021,single_specific,train,1.0,0.8912913722053629,1.0,0.963763790735121,647.6895847320557
N8_E10c_T12b,N8,arxiv_sh_022,single_specific,test,1.0,0.0,0.0,0.3333333333333333,647.6895847320557
N8_E10c_T12b,N8,arxiv_sh_023,single_specific,test,1.0,0.8230375942440293,1.0,0.9410125314146764,647.6895847320557
N8_E10c_T12b,N8,arxiv_sh_024,single_specific,test,1.0,0.9751887449745544,1.0,0.9917295816581848,647.6895847320557
N8_E10c_T12b,N8,arxiv_sh_025,single_specific,train,0.75,0.8549044068966992,1.0,0.8683014689655665,647.6895847320557
N8_E10c_T12b,N8,arxiv_sh_026,single_specific,train,0.5,0.9092652710597524,1.0,0.8030884236865842,647.6895847320557
N8_E10c_T12b,N8,arxiv_sh_027,single_specific,test,1.0,0.0,0.0,0.3333333333333333,647.6895847320557
N8_E10c_T12b,N8,arxiv_sh_028,single_specific,train,0.3333333333333333,0.0,1.0,0.4444444444444444,647.6895847320557
N8_E10c_T12b,N8,arxiv_sh_029,single_specific,test,1.0,0.9684900199521876,1.0,0.989496673317396,647.6895847320557
N8_E10c_T12b,N8,arxiv_sh_030,single_specific,test,1.0,0.9521889081094428,1.0,0.9840629693698144,647.6895847320557
N8_E10c_T12b,N8,arxiv_sh_031,single_specific,test,0.6666666666666666,0.950668663145416,0.0,0.5391117766040275,647.6895847320557
N8_E10c_T12b,N8,arxiv_sh_032,single_specific,test,0.8571428571428571,0.956822954978459,1.0,0.9379886040404388,647.6895847320557
N8_E10c_T12b,N8,arxiv_sh_033,single_specific,train,1.0,0.8563771602582763,0.25,0.7021257200860921,647.6895847320557
N8_E10c_T12b,N8,arxiv_sh_034,single_specific,train,0.6666666666666666,0.9803374601991162,1.0,0.8823347089552609,647.6895847320557
N8_E10c_T12b,N8,arxiv_agg_000,aggregate_cross_paper,train,1.0,0.7802353809011972,1.0,0.9267451269670656,647.6895847320557
N8_E10c_T12b,N8,arxiv_agg_001,aggregate_cross_paper,test,0.3333333333333333,0.0,0.25,0.1944444444444444,647.6895847320557
N8_E10c_T12b,N8,arxiv_agg_002,aggregate_cross_paper,test,0.75,0.0,0.0,0.25,647.6895847320557
N8_E10c_T12b,N8,arxiv_agg_003,aggregate_cross_paper,test,0.6,0.7898022377740238,0.5,0.6299340792580079,647.6895847320557
N8_E10c_T12b,N8,arxiv_agg_004,aggregate_cross_paper,train,1.0,0.5665790858777443,1.0,0.8555263619592481,647.6895847320557
N8_E10c_T12b,N8,arxiv_agg_005,aggregate_cross_paper,train,1.0,0.7981260614340098,1.0,0.93270868714467,647.6895847320557
N8_E10c_T12b,N8,arxiv_agg_006,aggregate_cross_paper,test,0.5,0.7044898343011909,0.5,0.568163278100397,647.6895847320557
N8_E10c_T12b,N8,arxiv_agg_007,aggregate_cross_paper,train,0.8888888888888888,0.7369945385599231,1.0,0.8752944758162706,647.6895847320557
N8_E10c_T12b,N8,arxiv_agg_008,aggregate_cross_paper,test,1.0,0.7705468633034777,1.0,0.9235156211011591,647.6895847320557
N8_E10c_T12b,N8,arxiv_agg_009,aggregate_cross_paper,train,1.0,0.7115713408042991,0.75,0.8205237802680997,647.6895847320557
N8_E10c_T12b,N8,arxiv_agg_010,aggregate_cross_paper,train,0.8,0.6787843616669286,1.0,0.8262614538889762,647.6895847320557
N8_E10c_T12b,N8,arxiv_agg_011,aggregate_cross_paper,train,0.6666666666666666,0.0,0.25,0.3055555555555555,647.6895847320557
N8_E10c_T12b,N8,arxiv_agg_012,aggregate_cross_paper,train,0.625,0.8244859879458423,0.0,0.4831619959819473,647.6895847320557
N8_E10c_T12b,N8,arxiv_agg_013,aggregate_cross_paper,train,1.0,0.6492345524517913,1.0,0.8830781841505971,647.6895847320557
N8_E10c_T12b,N8,arxiv_agg_014,aggregate_cross_paper,test,0.6,0.8788808752119709,0.0,0.4929602917373236,647.6895847320557
N8_E10c_T12b,N8,arxiv_agg_015,aggregate_cross_paper,train,0.75,0.0,0.0,0.25,647.6895847320557
N8_E10c_T12b,N8,arxiv_agg_016,aggregate_cross_paper,train,1.0,0.0,0.5,0.5,647.6895847320557
N8_E10c_T12b,N8,arxiv_agg_017,aggregate_cross_paper,test,1.0,0.6376294497251535,0.25,0.6292098165750512,647.6895847320557
N8_E10c_T12b,N8,arxiv_agg_018,aggregate_cross_paper,train,0.5,0.0,0.25,0.25,647.6895847320557
N8_E10c_T12b,N8,arxiv_agg_019,aggregate_cross_paper,train,0.6,0.6825975303952808,1.0,0.7608658434650936,647.6895847320557
N8_E10c_T12b,N8,arxiv_agg_020,aggregate_cross_paper,test,1.0,0.7432636391343288,1.0,0.9144212130447764,647.6895847320557
N8_E10c_T12b,N8,arxiv_agg_021,aggregate_cross_paper,test,0.6666666666666666,0.0,0.5,0.3888888888888888,647.6895847320557
N8_E10c_T12b,N8,arxiv_agg_022,aggregate_cross_paper,train,0.7142857142857143,0.7626224078016403,0.5,0.6589693740291181,647.6895847320557
N8_E10c_T12b,N8,arxiv_agg_023,aggregate_cross_paper,test,0.5,0.6859138060043373,0.0,0.3953046020014457,647.6895847320557
N8_E10c_T12b,N8,arxiv_agg_024,aggregate_cross_paper,test,0.2,0.900205013264469,1.0,0.700068337754823,647.6895847320557
N8_E10c_T12b,N8,arxiv_agg_025,aggregate_cross_paper,train,0.4,0.0,0.0,0.1333333333333333,647.6895847320557
N8_E10c_T12b,N8,arxiv_agg_026,aggregate_cross_paper,train,1.0,0.9589503010904692,0.0,0.6529834336968231,647.6895847320557
N8_E10c_T12b,N8,arxiv_agg_027,aggregate_cross_paper,train,0.75,0.0,0.0,0.25,647.6895847320557
N8_E10c_T12b,N8,arxiv_agg_028,aggregate_cross_paper,train,1.0,0.0,0.0,0.3333333333333333,647.6895847320557
N8_E10c_T12b,N8,arxiv_agg_029,aggregate_cross_paper,test,1.0,0.5959825059726036,1.0,0.8653275019908678,647.6895847320557
N8_E10c_T12b,N8,arxiv_agg_030,aggregate_cross_paper,train,0.6666666666666666,0.6245544157118831,0.0,0.4304070274595166,647.6895847320557
N8_E10c_T12b,N8,arxiv_agg_031,aggregate_cross_paper,train,0.8,0.7515683842706089,0.75,0.7671894614235363,647.6895847320557
N8_E10c_T12b,N8,arxiv_agg_032,aggregate_cross_paper,test,0.9,0.7103407263576981,0.75,0.7867802421192328,647.6895847320557
N8_E10c_T12b,N8,arxiv_edge_000,edge_multihop,test,1.0,0.5696508984413152,0.0,0.5232169661471051,647.6895847320557
N8_E10c_T12b,N8,arxiv_edge_001,edge_multihop,test,0.625,0.8465138832855156,1.0,0.8238379610951719,647.6895847320557
N8_E10c_T12b,N8,arxiv_edge_002,edge_multihop,test,1.0,0.8521404147200404,0.5,0.7840468049066801,647.6895847320557
N8_E10c_T12b,N8,arxiv_edge_003,edge_multihop,test,0.3333333333333333,0.0,0.0,0.1111111111111111,647.6895847320557
N8_E10c_T12b,N8,arxiv_edge_004,edge_multihop,test,0.4,0.6292960040323452,0.0,0.3430986680107817,647.6895847320557
N8_E10c_T12b,N8,arxiv_edge_005,edge_multihop,train,1.0,0.0,1.0,0.6666666666666666,647.6895847320557
N8_E10c_T12b,N8,arxiv_edge_006,edge_multihop,test,0.6,0.8552479305260823,0.0,0.4850826435086941,647.6895847320557
N8_E10c_T12b,N8,arxiv_edge_007,edge_multihop,test,0.75,0.0,0.0,0.25,647.6895847320557
N8_E10c_T12b,N8,arxiv_edge_008,edge_multihop,test,0.2,0.8065235707038033,1.0,0.6688411902346011,647.6895847320557
N8_E10c_T12b,N8,arxiv_edge_009,edge_multihop,train,0.375,0.7699638016568704,0.75,0.6316546005522902,647.6895847320557
N8_E10c_T12b,N8,arxiv_edge_010,edge_multihop,train,1.0,0.9513312891379396,0.25,0.7337770963793133,647.6895847320557
N8_E10c_T12b,N8,arxiv_edge_011,edge_multihop,test,1.0,0.7541911527205333,0.0,0.5847303842401778,647.6895847320557
N8_E10c_T12b,N8,arxiv_edge_012,edge_multihop,test,0.8,0.7469622462095272,0.0,0.5156540820698424,647.6895847320557
N8_E10c_T12b,N8,arxiv_edge_013,edge_multihop,test,1.0,0.8111452427348304,0.0,0.6037150809116101,647.6895847320557
N8_E10c_T12b,N8,arxiv_edge_014,edge_multihop,test,1.0,0.6817866130058224,0.25,0.6439288710019407,647.6895847320557
N8_E10c_T12b,N8,arxiv_edge_015,edge_multihop,train,1.0,0.8565692701460212,1.0,0.9521897567153405,647.6895847320557
N8_E10c_T12b,N8,arxiv_edge_016,edge_multihop,train,0.875,0.7758841762153234,0.75,0.8002947254051077,647.6895847320557
N8_E10c_T12b,N8,arxiv_edge_017,edge_multihop,train,1.0,0.4502271538488303,0.0,0.4834090512829434,647.6895847320557
N8_E10c_T12b,N8,arxiv_edge_018,edge_multihop,train,0.7142857142857143,0.8055503665338972,0.25,0.5899453602732039,647.6895847320557
N8_E10c_T12b,N8,arxiv_edge_019,edge_multihop,train,0.5,0.857911602040246,1.0,0.7859705340134152,647.6895847320557
N8_E10c_T12b,N8,arxiv_edge_020,edge_multihop,train,1.0,0.8303854464984101,1.0,0.94346181549947,647.6895847320557
N8_E10c_T12b,N8,arxiv_edge_021,edge_multihop,test,0.25,0.7425632332369895,1.0,0.6641877444123298,647.6895847320557
N8_E10c_T12b,N8,arxiv_edge_022,edge_multihop,test,1.0,0.7597980516058024,1.0,0.9199326838686008,647.6895847320557
N8_E10c_T12b,N8,arxiv_edge_023,edge_multihop,train,0.5,0.7642813775517067,0.5,0.5880937925172356,647.6895847320557
N8_E10c_T12b,N8,arxiv_edge_024,edge_multihop,train,1.0,0.0,0.0,0.3333333333333333,647.6895847320557
N8_E10c_T12b,N8,arxiv_edge_025,edge_multihop,train,0.4285714285714285,0.8167181869833331,0.25,0.4984298718515872,647.6895847320557
N8_E10c_T12b,N8,arxiv_edge_026,edge_multihop,test,1.0,0.7828040549601741,1.0,0.9276013516533914,647.6895847320557
N8_E10c_T12b,N8,arxiv_edge_027,edge_multihop,test,0.0,0.0,1.0,0.3333333333333333,647.6895847320557
N8_E10c_T12b,N8,arxiv_edge_028,edge_multihop,test,1.0,0.6494072203551988,0.25,0.6331357401183996,647.6895847320557
N8_E10c_T12b,N8,arxiv_edge_029,edge_multihop,train,0.8,0.0,1.0,0.6,647.6895847320557
N8_E10c_T12b,N8,arxiv_edge_030,edge_multihop,train,0.5,0.8152409929360921,0.75,0.6884136643120308,647.6895847320557
N8_E10c_T12b,N8,arxiv_edge_031,edge_multihop,test,0.6,0.8316878390437393,1.0,0.8105626130145799,647.6895847320557
N8_E10c_T12b,N8,arxiv_edge_032,edge_multihop,test,0.5,0.7427358992979624,0.25,0.4975786330993208,647.6895847320557
N8_E10c_T12b,N8,arxiv_edge_033,edge_multihop,test,0.8,0.8285739947863276,0.25,0.6261913315954426,647.6895847320557
N8_E10c_T12b,N8,arxiv_sh_035,single_specific,test,1.0,0.9384842530495628,1.0,0.979494751016521,647.6895847320557
N8_E10c_T12b,N8,arxiv_sh_036,single_specific,train,1.0,0.9964046512850132,1.0,0.9988015504283376,647.6895847320557
N8_E10c_T12b,N8,arxiv_sh_037,single_specific,test,1.0,0.9712949305865988,1.0,0.9904316435288664,647.6895847320557
N8_E10c_T12b,N8,arxiv_sh_038,single_specific,test,1.0,0.911844620207298,1.0,0.9706148734024328,647.6895847320557
N8_E10c_T12b,N8,arxiv_sh_039,single_specific,test,1.0,0.9909273390454126,1.0,0.9969757796818044,647.6895847320557
N8_E10c_T12b,N8,arxiv_sh_040,single_specific,train,1.0,0.9599075332722656,1.0,0.9866358444240886,647.6895847320557
N8_E10c_T12b,N8,arxiv_sh_041,single_specific,test,0.6666666666666666,0.9608701190879296,1.0,0.8758455952515322,647.6895847320557
N8_E10c_T12b,N8,arxiv_sh_042,single_specific,train,1.0,0.8748327324537906,1.0,0.9582775774845969,647.6895847320557
N8_E10c_T12b,N8,arxiv_sh_043,single_specific,test,1.0,0.95948882529601,1.0,0.98649627509867,647.6895847320557
N8_E10c_T12b,N8,arxiv_sh_044,single_specific,train,1.0,0.7852425865475505,1.0,0.92841419551585,647.6895847320557
N8_E10c_T12b,N8,arxiv_sh_045,single_specific,train,0.6666666666666666,0.6891869753289025,0.5,0.6186178806651897,647.6895847320557
N8_E10c_T12b,N8,arxiv_sh_046,single_specific,train,0.5,0.9051561064868038,1.0,0.8017187021622679,647.6895847320557
N8_E10c_T12b,N8,arxiv_sh_047,single_specific,train,1.0,0.939284677922216,1.0,0.9797615593074052,647.6895847320557
N8_E10c_T12b,N8,arxiv_sh_048,single_specific,train,1.0,0.9167787208303744,1.0,0.9722595736101248,647.6895847320557
N8_E10c_T12b,N8,arxiv_sh_049,single_specific,test,1.0,0.879499818860725,1.0,0.959833272953575,647.6895847320557
N8_E10c_T12b,N8,arxiv_sh_050,single_specific,train,1.0,0.9860119335490444,1.0,0.9953373111830148,647.6895847320557
N8_E10c_T12b,N8,arxiv_sh_051,single_specific,test,1.0,0.8251116971454961,1.0,0.9417038990484988,647.6895847320557
N8_E10c_T12b,N8,arxiv_sh_052,single_specific,test,1.0,0.7053690172839575,1.0,0.9017896724279858,647.6895847320557
N8_E10c_T12b,N8,arxiv_sh_053,single_specific,train,1.0,0.8318395962003319,1.0,0.9439465320667773,647.6895847320557
N8_E10c_T12b,N8,arxiv_sh_054,single_specific,test,0.8,0.8251341736425848,1.0,0.8750447245475282,647.6895847320557
N8_E10c_T12b,N8,arxiv_sh_055,single_specific,test,1.0,0.8901193595598208,1.0,0.9633731198532736,647.6895847320557
N8_E10c_T12b,N8,arxiv_sh_056,single_specific,test,1.0,0.8129369715569034,1.0,0.9376456571856344,647.6895847320557
N8_E10c_T12b,N8,arxiv_sh_057,single_specific,train,1.0,0.8028465028142852,1.0,0.9342821676047616,647.6895847320557
N8_E10c_T12b,N8,arxiv_sh_058,single_specific,test,1.0,0.9618763790696204,1.0,0.98729212635654,647.6895847320557
N8_E10c_T12b,N8,arxiv_sh_059,single_specific,train,1.0,0.9301417418585302,1.0,0.9767139139528432,647.6895847320557
N8_E10c_T12b,N8,arxiv_sh_060,single_specific,train,1.0,0.976028699097128,1.0,0.9920095663657094,647.6895847320557
N8_E10c_T12b,N8,arxiv_sh_061,single_specific,train,0.0,0.0,1.0,0.3333333333333333,647.6895847320557
N8_E10c_T12b,N8,arxiv_sh_062,single_specific,train,0.5,0.0,0.0,0.1666666666666666,647.6895847320557
N8_E10c_T12b,N8,arxiv_sh_063,single_specific,test,1.0,0.9884817532881968,1.0,0.9961605844293988,647.6895847320557
N8_E10c_T12b,N8,arxiv_sh_064,single_specific,test,1.0,0.8695205399444309,1.0,0.9565068466481436,647.6895847320557
N8_E10c_T12b,N8,arxiv_sh_065,single_specific,train,0.3333333333333333,0.7891516312739005,0.5,0.5408283215357447,647.6895847320557
N8_E10c_T12b,N8,arxiv_sh_066,single_specific,test,1.0,0.7975316490663397,1.0,0.93251054968878,647.6895847320557
N8_E10c_T12b,N8,arxiv_sh_067,single_specific,test,1.0,0.7432528992829724,0.0,0.5810842997609909,647.6895847320557
N8_E10c_T12b,N8,arxiv_sh_068,single_specific,test,1.0,0.9999996067237992,1.0,0.999999868907933,647.6895847320557
N8_E10c_T12b,N8,arxiv_sh_069,single_specific,test,0.6666666666666666,0.0,0.0,0.2222222222222222,647.6895847320557
N8_E10c_T12b,N8,arxiv_sh_070,single_specific,test,1.0,0.8776196078577373,0.0,0.6258732026192457,647.6895847320557
N8_E10c_T12b,N8,arxiv_sh_071,single_specific,train,1.0,0.941539328685188,1.0,0.9805131095617292,647.6895847320557
N8_E10c_T12b,N8,arxiv_sh_072,single_specific,test,1.0,0.9093150425342964,0.5,0.8031050141780988,647.6895847320557
N8_E10c_T12b,N8,arxiv_sh_073,single_specific,test,1.0,0.710046813088447,1.0,0.903348937696149,647.6895847320557
N8_E10c_T12b,N8,arxiv_sh_074,single_specific,test,0.75,0.9093952167218244,1.0,0.8864650722406081,647.6895847320557
N8_E10c_T12b,N8,arxiv_sh_075,single_specific,train,1.0,0.940102619436948,1.0,0.9800342064789828,647.6895847320557
N8_E10c_T12b,N8,arxiv_sh_076,single_specific,test,0.0,0.0,0.0,0.0,647.6895847320557
N8_E10c_T12b,N8,arxiv_sh_077,single_specific,train,1.0,0.9999996431275991,1.0,0.999999881042533,647.6895847320557
N8_E10c_T12b,N8,arxiv_sh_078,single_specific,train,1.0,0.9523330704528986,1.0,0.9841110234842996,647.6895847320557
N8_E10c_T12b,N8,arxiv_sh_079,single_specific,test,1.0,0.9684139358366796,1.0,0.98947131194556,647.6895847320557
N8_E10c_T12b,N8,arxiv_sh_080,single_specific,test,1.0,0.9347259935874972,1.0,0.9782419978624992,647.6895847320557
N8_E10c_T12b,N8,arxiv_sh_081,single_specific,train,1.0,0.965375062328958,1.0,0.9884583541096528,647.6895847320557
N8_E10c_T12b,N8,arxiv_sh_082,single_specific,train,0.6666666666666666,0.0,1.0,0.5555555555555555,647.6895847320557
N8_E11a_T12a,N8,arxiv_sh_000,single_specific,test,0.5,0.0,1.0,0.5,2131.3544998168945
N8_E11a_T12a,N8,arxiv_sh_001,single_specific,test,1.0,0.9634093803420046,1.0,0.9878031267806682,2131.3544998168945
N8_E11a_T12a,N8,arxiv_sh_002,single_specific,test,1.0,0.8755027745028773,0.75,0.8751675915009591,2131.3544998168945
N8_E11a_T12a,N8,arxiv_sh_003,single_specific,train,1.0,0.6943193030014898,1.0,0.89810643433383,2131.3544998168945
N8_E11a_T12a,N8,arxiv_sh_004,single_specific,train,1.0,0.7394443861628497,1.0,0.91314812872095,2131.3544998168945
N8_E11a_T12a,N8,arxiv_sh_005,single_specific,train,1.0,0.8365541391361143,1.0,0.9455180463787048,2131.3544998168945
N8_E11a_T12a,N8,arxiv_sh_006,single_specific,train,0.5,0.0,1.0,0.5,2131.3544998168945
N8_E11a_T12a,N8,arxiv_sh_007,single_specific,train,1.0,0.0,0.0,0.3333333333333333,2131.3544998168945
N8_E11a_T12a,N8,arxiv_sh_008,single_specific,train,0.0,0.0,1.0,0.3333333333333333,2131.3544998168945
N8_E11a_T12a,N8,arxiv_sh_009,single_specific,train,1.0,0.9448150844406066,1.0,0.9816050281468688,2131.3544998168945
N8_E11a_T12a,N8,arxiv_sh_010,single_specific,test,0.5,0.0,0.0,0.1666666666666666,2131.3544998168945
N8_E11a_T12a,N8,arxiv_sh_011,single_specific,train,1.0,0.8185628286809815,1.0,0.9395209428936604,2131.3544998168945
N8_E11a_T12a,N8,arxiv_sh_012,single_specific,train,0.5,0.9999996445760472,1.0,0.8333332148586824,2131.3544998168945
N8_E11a_T12a,N8,arxiv_sh_013,single_specific,train,1.0,1.0,1.0,1.0,2131.3544998168945
N8_E11a_T12a,N8,arxiv_sh_014,single_specific,train,1.0,0.8250425468611863,1.0,0.9416808489537288,2131.3544998168945
N8_E11a_T12a,N8,arxiv_sh_015,single_specific,test,1.0,0.6334381819244337,1.0,0.8778127273081445,2131.3544998168945
N8_E11a_T12a,N8,arxiv_sh_016,single_specific,test,0.25,0.884275565670122,1.0,0.7114251885567073,2131.3544998168945
N8_E11a_T12a,N8,arxiv_sh_017,single_specific,test,1.0,0.8278025551986213,1.0,0.9426008517328738,2131.3544998168945
N8_E11a_T12a,N8,arxiv_sh_018,single_specific,test,1.0,0.6923185105607476,1.0,0.8974395035202493,2131.3544998168945
N8_E11a_T12a,N8,arxiv_sh_019,single_specific,test,0.0,0.99999957529186,1.0,0.6666665250972866,2131.3544998168945
N8_E11a_T12a,N8,arxiv_sh_020,single_specific,train,1.0,0.9812092594581532,1.0,0.9937364198193844,2131.3544998168945
N8_E11a_T12a,N8,arxiv_sh_021,single_specific,train,1.0,0.4222806048679441,1.0,0.8074268682893146,2131.3544998168945
N8_E11a_T12a,N8,arxiv_sh_022,single_specific,test,1.0,0.0,0.0,0.3333333333333333,2131.3544998168945
N8_E11a_T12a,N8,arxiv_sh_023,single_specific,test,1.0,0.8288221016969866,1.0,0.942940700565662,2131.3544998168945
N8_E11a_T12a,N8,arxiv_sh_024,single_specific,test,1.0,0.9627833400778432,1.0,0.9875944466926144,2131.3544998168945
N8_E11a_T12a,N8,arxiv_sh_025,single_specific,train,0.5,0.8607644913053165,1.0,0.7869214971017722,2131.3544998168945
N8_E11a_T12a,N8,arxiv_sh_026,single_specific,train,1.0,0.9102588958736711,1.0,0.970086298624557,2131.3544998168945
N8_E11a_T12a,N8,arxiv_sh_027,single_specific,test,1.0,0.0,0.0,0.3333333333333333,2131.3544998168945
N8_E11a_T12a,N8,arxiv_sh_028,single_specific,train,0.0,0.0,1.0,0.3333333333333333,2131.3544998168945
N8_E11a_T12a,N8,arxiv_sh_029,single_specific,test,1.0,0.9684487573319978,1.0,0.989482919110666,2131.3544998168945
N8_E11a_T12a,N8,arxiv_sh_030,single_specific,test,1.0,0.9548962257416792,1.0,0.9849654085805598,2131.3544998168945
N8_E11a_T12a,N8,arxiv_sh_031,single_specific,test,0.6666666666666666,0.9183284766365384,1.0,0.861665047767735,2131.3544998168945
N8_E11a_T12a,N8,arxiv_sh_032,single_specific,test,1.0,0.0,0.0,0.3333333333333333,2131.3544998168945
N8_E11a_T12a,N8,arxiv_sh_033,single_specific,train,1.0,0.8563489982115633,0.5,0.7854496660705211,2131.3544998168945
N8_E11a_T12a,N8,arxiv_sh_034,single_specific,train,1.0,0.9803398705965776,1.0,0.9934466235321926,2131.3544998168945
N8_E11a_T12a,N8,arxiv_agg_000,aggregate_cross_paper,train,1.0,0.7806792915492946,1.0,0.9268930971830982,2131.3544998168945
N8_E11a_T12a,N8,arxiv_agg_001,aggregate_cross_paper,test,1.0,0.0,0.0,0.3333333333333333,2131.3544998168945
N8_E11a_T12a,N8,arxiv_agg_002,aggregate_cross_paper,test,1.0,0.0,0.0,0.3333333333333333,2131.3544998168945
N8_E11a_T12a,N8,arxiv_agg_003,aggregate_cross_paper,test,0.75,0.7898022377740238,1.0,0.8466007459246746,2131.3544998168945
N8_E11a_T12a,N8,arxiv_agg_004,aggregate_cross_paper,train,0.875,0.5665898201959428,0.75,0.7305299400653142,2131.3544998168945
N8_E11a_T12a,N8,arxiv_agg_005,aggregate_cross_paper,train,1.0,0.7981260614340098,1.0,0.93270868714467,2131.3544998168945
N8_E11a_T12a,N8,arxiv_agg_006,aggregate_cross_paper,test,0.8333333333333334,0.7043704388535991,1.0,0.8459012573956443,2131.3544998168945
N8_E11a_T12a,N8,arxiv_agg_007,aggregate_cross_paper,train,0.6666666666666666,0.7391304111088368,0.0,0.4685990259251678,2131.3544998168945
N8_E11a_T12a,N8,arxiv_agg_008,aggregate_cross_paper,test,1.0,0.7705347795596346,1.0,0.9235115931865449,2131.3544998168945
N8_E11a_T12a,N8,arxiv_agg_009,aggregate_cross_paper,train,0.8333333333333334,0.7115514991531541,0.5,0.6816282774954958,2131.3544998168945
N8_E11a_T12a,N8,arxiv_agg_010,aggregate_cross_paper,train,0.8333333333333334,0.714987326331194,1.0,0.8494402198881758,2131.3544998168945
N8_E11a_T12a,N8,arxiv_agg_011,aggregate_cross_paper,train,0.6666666666666666,0.0,0.5,0.3888888888888888,2131.3544998168945
N8_E11a_T12a,N8,arxiv_agg_012,aggregate_cross_paper,train,0.6666666666666666,0.614814795687088,0.0,0.4271604874512515,2131.3544998168945
N8_E11a_T12a,N8,arxiv_agg_013,aggregate_cross_paper,train,1.0,0.6472661729062565,1.0,0.8824220576354188,2131.3544998168945
N8_E11a_T12a,N8,arxiv_agg_014,aggregate_cross_paper,test,1.0,0.893993309385592,0.0,0.6313311031285306,2131.3544998168945
N8_E11a_T12a,N8,arxiv_agg_015,aggregate_cross_paper,train,0.6,0.0,0.5,0.3666666666666667,2131.3544998168945
N8_E11a_T12a,N8,arxiv_agg_016,aggregate_cross_paper,train,0.8333333333333334,0.6566507054385345,0.25,0.5799946795906227,2131.3544998168945
N8_E11a_T12a,N8,arxiv_agg_017,aggregate_cross_paper,test,1.0,0.6376223479594965,0.25,0.6292074493198322,2131.3544998168945
N8_E11a_T12a,N8,arxiv_agg_018,aggregate_cross_paper,train,0.5,0.0,0.5,0.3333333333333333,2131.3544998168945
N8_E11a_T12a,N8,arxiv_agg_019,aggregate_cross_paper,train,0.875,0.7545649136082915,1.0,0.8765216378694305,2131.3544998168945
N8_E11a_T12a,N8,arxiv_agg_020,aggregate_cross_paper,test,1.0,0.5938706279339254,1.0,0.8646235426446417,2131.3544998168945
N8_E11a_T12a,N8,arxiv_agg_021,aggregate_cross_paper,test,0.2857142857142857,0.5478823023363977,0.25,0.3611988626835611,2131.3544998168945
N8_E11a_T12a,N8,arxiv_agg_022,aggregate_cross_paper,train,0.5714285714285714,0.7369483165208713,0.5,0.6027922959831477,2131.3544998168945
N8_E11a_T12a,N8,arxiv_agg_023,aggregate_cross_paper,test,1.0,0.0,0.5,0.5,2131.3544998168945
N8_E11a_T12a,N8,arxiv_agg_024,aggregate_cross_paper,test,0.8333333333333334,0.6777237807293862,1.0,0.8370190380209065,2131.3544998168945
N8_E11a_T12a,N8,arxiv_agg_025,aggregate_cross_paper,train,1.0,0.0,0.0,0.3333333333333333,2131.3544998168945
N8_E11a_T12a,N8,arxiv_agg_026,aggregate_cross_paper,train,1.0,0.0,0.0,0.3333333333333333,2131.3544998168945
N8_E11a_T12a,N8,arxiv_agg_027,aggregate_cross_paper,train,0.875,0.0,0.0,0.2916666666666667,2131.3544998168945
N8_E11a_T12a,N8,arxiv_agg_028,aggregate_cross_paper,train,0.5,0.0,0.0,0.1666666666666666,2131.3544998168945
N8_E11a_T12a,N8,arxiv_agg_029,aggregate_cross_paper,test,1.0,0.7094661819992769,1.0,0.903155393999759,2131.3544998168945
N8_E11a_T12a,N8,arxiv_agg_030,aggregate_cross_paper,train,0.1666666666666666,0.6338285569804549,0.0,0.2668317412157072,2131.3544998168945
N8_E11a_T12a,N8,arxiv_agg_031,aggregate_cross_paper,train,0.8333333333333334,0.7516903389279209,0.75,0.7783412240870847,2131.3544998168945
N8_E11a_T12a,N8,arxiv_agg_032,aggregate_cross_paper,test,1.0,0.6745822372544539,0.5,0.7248607457514846,2131.3544998168945
N8_E11a_T12a,N8,arxiv_edge_000,edge_multihop,test,0.625,0.6234190899476043,1.0,0.7494730299825347,2131.3544998168945
N8_E11a_T12a,N8,arxiv_edge_001,edge_multihop,test,0.8571428571428571,0.8719401577461331,1.0,0.90969433829633,2131.3544998168945
N8_E11a_T12a,N8,arxiv_edge_002,edge_multihop,test,1.0,0.8228443303450672,0.5,0.7742814434483557,2131.3544998168945
N8_E11a_T12a,N8,arxiv_edge_003,edge_multihop,test,0.875,0.4535276155848265,0.0,0.4428425385282755,2131.3544998168945
N8_E11a_T12a,N8,arxiv_edge_004,edge_multihop,test,0.5714285714285714,0.6292960040323452,0.0,0.4002415251536388,2131.3544998168945
N8_E11a_T12a,N8,arxiv_edge_005,edge_multihop,train,1.0,0.0,1.0,0.6666666666666666,2131.3544998168945
N8_E11a_T12a,N8,arxiv_edge_006,edge_multihop,test,0.875,0.8161559010582436,0.25,0.6470519670194146,2131.3544998168945
N8_E11a_T12a,N8,arxiv_edge_007,edge_multihop,test,0.25,0.7727386900861025,0.0,0.3409128966953674,2131.3544998168945
N8_E11a_T12a,N8,arxiv_edge_008,edge_multihop,test,0.0,0.8266434944317586,0.75,0.5255478314772528,2131.3544998168945
N8_E11a_T12a,N8,arxiv_edge_009,edge_multihop,train,0.875,0.7701673938922177,0.75,0.798389131297406,2131.3544998168945
N8_E11a_T12a,N8,arxiv_edge_010,edge_multihop,train,1.0,0.936818748924438,0.25,0.7289395829748128,2131.3544998168945
N8_E11a_T12a,N8,arxiv_edge_011,edge_multihop,test,0.8571428571428571,0.9066340898023454,0.25,0.6712589823150674,2131.3544998168945
N8_E11a_T12a,N8,arxiv_edge_012,edge_multihop,test,0.6,0.6892852648383321,0.0,0.4297617549461107,2131.3544998168945
N8_E11a_T12a,N8,arxiv_edge_013,edge_multihop,test,0.4285714285714285,0.8064444783385484,0.0,0.4116719689699923,2131.3544998168945
N8_E11a_T12a,N8,arxiv_edge_014,edge_multihop,test,1.0,0.6862658560250691,0.25,0.6454219520083564,2131.3544998168945
N8_E11a_T12a,N8,arxiv_edge_015,edge_multihop,train,0.0,0.914125672213241,1.0,0.638041890737747,2131.3544998168945
N8_E11a_T12a,N8,arxiv_edge_016,edge_multihop,train,0.75,0.0,0.0,0.25,2131.3544998168945
N8_E11a_T12a,N8,arxiv_edge_017,edge_multihop,train,0.2,0.0,1.0,0.3999999999999999,2131.3544998168945
N8_E11a_T12a,N8,arxiv_edge_018,edge_multihop,train,1.0,0.7985051375784317,0.0,0.5995017125261439,2131.3544998168945
N8_E11a_T12a,N8,arxiv_edge_019,edge_multihop,train,0.6,0.8619537908554511,1.0,0.8206512636184837,2131.3544998168945
N8_E11a_T12a,N8,arxiv_edge_020,edge_multihop,train,1.0,0.8303854464984101,1.0,0.94346181549947,2131.3544998168945
N8_E11a_T12a,N8,arxiv_edge_021,edge_multihop,test,1.0,0.7993600433291386,1.0,0.9331200144430462,2131.3544998168945
N8_E11a_T12a,N8,arxiv_edge_022,edge_multihop,test,1.0,0.7598027969581949,1.0,0.9199342656527316,2131.3544998168945
N8_E11a_T12a,N8,arxiv_edge_023,edge_multihop,train,0.4,0.7566816619538711,0.25,0.468893887317957,2131.3544998168945
N8_E11a_T12a,N8,arxiv_edge_024,edge_multihop,train,0.2,0.0,0.0,0.0666666666666666,2131.3544998168945
N8_E11a_T12a,N8,arxiv_edge_025,edge_multihop,train,0.875,0.7671347452589776,0.0,0.5473782484196592,2131.3544998168945
N8_E11a_T12a,N8,arxiv_edge_026,edge_multihop,test,1.0,0.7330307826735721,1.0,0.9110102608911906,2131.3544998168945
N8_E11a_T12a,N8,arxiv_edge_027,edge_multihop,test,0.4,0.5995883482041515,0.0,0.3331961160680505,2131.3544998168945
N8_E11a_T12a,N8,arxiv_edge_028,edge_multihop,test,1.0,0.6271071389088478,0.25,0.6257023796362826,2131.3544998168945
N8_E11a_T12a,N8,arxiv_edge_029,edge_multihop,train,0.6,0.0,0.5,0.3666666666666667,2131.3544998168945
N8_E11a_T12a,N8,arxiv_edge_030,edge_multihop,train,0.5,0.8715560148045071,1.0,0.7905186716015024,2131.3544998168945
N8_E11a_T12a,N8,arxiv_edge_031,edge_multihop,test,0.6,0.835448582389873,1.0,0.8118161941299576,2131.3544998168945
N8_E11a_T12a,N8,arxiv_edge_032,edge_multihop,test,0.6,0.7085331517419339,0.5,0.602844383913978,2131.3544998168945
N8_E11a_T12a,N8,arxiv_edge_033,edge_multihop,test,0.5,0.8218698201897813,0.0,0.4406232733965938,2131.3544998168945
N8_E11a_T12a,N8,arxiv_sh_035,single_specific,test,1.0,0.938462199968007,1.0,0.9794873999893356,2131.3544998168945
N8_E11a_T12a,N8,arxiv_sh_036,single_specific,train,1.0,0.9964042147519496,1.0,0.9988014049173164,2131.3544998168945
N8_E11a_T12a,N8,arxiv_sh_037,single_specific,test,1.0,0.9713096283651768,1.0,0.9904365427883922,2131.3544998168945
N8_E11a_T12a,N8,arxiv_sh_038,single_specific,test,1.0,0.9118166809288852,1.0,0.9706055603096284,2131.3544998168945
N8_E11a_T12a,N8,arxiv_sh_039,single_specific,test,1.0,0.9909273390454126,1.0,0.9969757796818044,2131.3544998168945
N8_E11a_T12a,N8,arxiv_sh_040,single_specific,train,1.0,0.958705370382431,1.0,0.9862351234608104,2131.3544998168945
N8_E11a_T12a,N8,arxiv_sh_041,single_specific,test,0.75,1.0,1.0,0.9166666666666666,2131.3544998168945
N8_E11a_T12a,N8,arxiv_sh_042,single_specific,train,1.0,0.8777222477033026,1.0,0.9592407492344344,2131.3544998168945
N8_E11a_T12a,N8,arxiv_sh_043,single_specific,test,1.0,0.9594900100050272,1.0,0.9864966700016756,2131.3544998168945
N8_E11a_T12a,N8,arxiv_sh_044,single_specific,train,1.0,0.8713927482738524,1.0,0.957130916091284,2131.3544998168945
N8_E11a_T12a,N8,arxiv_sh_045,single_specific,train,0.6666666666666666,0.689205553877478,0.5,0.6186240735147148,2131.3544998168945
N8_E11a_T12a,N8,arxiv_sh_046,single_specific,train,0.5,0.955851205408958,1.0,0.8186170684696527,2131.3544998168945
N8_E11a_T12a,N8,arxiv_sh_047,single_specific,train,1.0,0.93894510692781,1.0,0.9796483689759368,2131.3544998168945
N8_E11a_T12a,N8,arxiv_sh_048,single_specific,train,0.6666666666666666,0.9167444626613448,1.0,0.8611370431093371,2131.3544998168945
N8_E11a_T12a,N8,arxiv_sh_049,single_specific,test,1.0,0.7401585911582139,1.0,0.913386197052738,2131.3544998168945
N8_E11a_T12a,N8,arxiv_sh_050,single_specific,train,0.8,0.9859823031640088,1.0,0.9286607677213364,2131.3544998168945
N8_E11a_T12a,N8,arxiv_sh_051,single_specific,test,1.0,0.8251116971454961,1.0,0.9417038990484988,2131.3544998168945
N8_E11a_T12a,N8,arxiv_sh_052,single_specific,test,1.0,0.7242096517438953,1.0,0.9080698839146318,2131.3544998168945
N8_E11a_T12a,N8,arxiv_sh_053,single_specific,train,1.0,0.825773628301275,1.0,0.9419245427670916,2131.3544998168945
N8_E11a_T12a,N8,arxiv_sh_054,single_specific,test,0.8333333333333334,0.8242480552738763,1.0,0.8858604628690699,2131.3544998168945
N8_E11a_T12a,N8,arxiv_sh_055,single_specific,test,1.0,0.9244187065700664,1.0,0.9748062355233554,2131.3544998168945
N8_E11a_T12a,N8,arxiv_sh_056,single_specific,test,0.5,0.0,1.0,0.5,2131.3544998168945
N8_E11a_T12a,N8,arxiv_sh_057,single_specific,train,1.0,0.8034618282640537,1.0,0.934487276088018,2131.3544998168945
N8_E11a_T12a,N8,arxiv_sh_058,single_specific,test,1.0,0.9618763790696204,1.0,0.98729212635654,2131.3544998168945
N8_E11a_T12a,N8,arxiv_sh_059,single_specific,train,1.0,0.9301417418585302,1.0,0.9767139139528432,2131.3544998168945
N8_E11a_T12a,N8,arxiv_sh_060,single_specific,train,1.0,0.9760340137345228,1.0,0.9920113379115076,2131.3544998168945
N8_E11a_T12a,N8,arxiv_sh_061,single_specific,train,1.0,0.0,0.0,0.3333333333333333,2131.3544998168945
N8_E11a_T12a,N8,arxiv_sh_062,single_specific,train,0.6666666666666666,0.0,0.0,0.2222222222222222,2131.3544998168945
N8_E11a_T12a,N8,arxiv_sh_063,single_specific,test,1.0,0.9792919481650108,1.0,0.9930973160550036,2131.3544998168945
N8_E11a_T12a,N8,arxiv_sh_064,single_specific,test,1.0,0.8695270227860067,1.0,0.9565090075953356,2131.3544998168945
N8_E11a_T12a,N8,arxiv_sh_065,single_specific,train,0.6666666666666666,0.7745410596103927,0.5,0.6470692420923531,2131.3544998168945
N8_E11a_T12a,N8,arxiv_sh_066,single_specific,test,1.0,0.7974509530012811,1.0,0.932483651000427,2131.3544998168945
N8_E11a_T12a,N8,arxiv_sh_067,single_specific,test,0.6666666666666666,0.0,0.0,0.2222222222222222,2131.3544998168945
N8_E11a_T12a,N8,arxiv_sh_068,single_specific,test,1.0,0.9564212741249256,1.0,0.9854737580416418,2131.3544998168945
N8_E11a_T12a,N8,arxiv_sh_069,single_specific,test,0.0,0.0,0.0,0.0,2131.3544998168945
N8_E11a_T12a,N8,arxiv_sh_070,single_specific,test,0.6666666666666666,0.877624173068952,0.0,0.5147636132452061,2131.3544998168945
N8_E11a_T12a,N8,arxiv_sh_071,single_specific,train,1.0,0.941539328685188,1.0,0.9805131095617292,2131.3544998168945
N8_E11a_T12a,N8,arxiv_sh_072,single_specific,test,1.0,0.8801831577942932,0.5,0.7933943859314311,2131.3544998168945
N8_E11a_T12a,N8,arxiv_sh_073,single_specific,test,1.0,0.7107145438983512,1.0,0.9035715146327836,2131.3544998168945
N8_E11a_T12a,N8,arxiv_sh_074,single_specific,test,0.75,0.8430024524693325,1.0,0.8643341508231108,2131.3544998168945
N8_E11a_T12a,N8,arxiv_sh_075,single_specific,train,1.0,0.9401149842868296,1.0,0.98003832809561,2131.3544998168945
N8_E11a_T12a,N8,arxiv_sh_076,single_specific,test,0.5,0.0,0.0,0.1666666666666666,2131.3544998168945
N8_E11a_T12a,N8,arxiv_sh_077,single_specific,train,1.0,0.999999621354926,1.0,0.9999998737849752,2131.3544998168945
N8_E11a_T12a,N8,arxiv_sh_078,single_specific,train,1.0,0.9523330704528986,1.0,0.9841110234842996,2131.3544998168945
N8_E11a_T12a,N8,arxiv_sh_079,single_specific,test,0.6666666666666666,0.6640100667560751,1.0,0.7768922444742472,2131.3544998168945
N8_E11a_T12a,N8,arxiv_sh_080,single_specific,test,1.0,0.9347319416767153,1.0,0.978243980558905,2131.3544998168945
N8_E11a_T12a,N8,arxiv_sh_081,single_specific,train,1.0,0.9550617878647586,1.0,0.9850205959549196,2131.3544998168945
N8_E11a_T12a,N8,arxiv_sh_082,single_specific,train,0.6666666666666666,0.0,1.0,0.5555555555555555,2131.3544998168945
N8_E11a_T12b,N8,arxiv_sh_000,single_specific,test,0.5,0.0,1.0,0.5,614.3262729644775
N8_E11a_T12b,N8,arxiv_sh_001,single_specific,test,1.0,0.9634093803420046,1.0,0.9878031267806682,614.3262729644775
N8_E11a_T12b,N8,arxiv_sh_002,single_specific,test,1.0,0.8755027745028773,0.75,0.8751675915009591,614.3262729644775
N8_E11a_T12b,N8,arxiv_sh_003,single_specific,train,1.0,0.6943473221389912,1.0,0.8981157740463304,614.3262729644775
N8_E11a_T12b,N8,arxiv_sh_004,single_specific,train,1.0,0.7394443861628497,1.0,0.91314812872095,614.3262729644775
N8_E11a_T12b,N8,arxiv_sh_005,single_specific,train,1.0,0.7902085395548445,1.0,0.9300695131849482,614.3262729644775
N8_E11a_T12b,N8,arxiv_sh_006,single_specific,train,0.5,0.8715856136175772,1.0,0.7905285378725257,614.3262729644775
N8_E11a_T12b,N8,arxiv_sh_007,single_specific,train,1.0,0.0,0.0,0.3333333333333333,614.3262729644775
N8_E11a_T12b,N8,arxiv_sh_008,single_specific,train,0.0,0.0,1.0,0.3333333333333333,614.3262729644775
N8_E11a_T12b,N8,arxiv_sh_009,single_specific,train,1.0,0.9448150844406066,1.0,0.9816050281468688,614.3262729644775
N8_E11a_T12b,N8,arxiv_sh_010,single_specific,test,0.3333333333333333,0.0,0.0,0.1111111111111111,614.3262729644775
N8_E11a_T12b,N8,arxiv_sh_011,single_specific,train,1.0,0.8204827774855025,1.0,0.9401609258285007,614.3262729644775
N8_E11a_T12b,N8,arxiv_sh_012,single_specific,train,0.5,0.9944356406034804,1.0,0.8314785468678267,614.3262729644775
N8_E11a_T12b,N8,arxiv_sh_013,single_specific,train,1.0,1.0,1.0,1.0,614.3262729644775
N8_E11a_T12b,N8,arxiv_sh_014,single_specific,train,1.0,0.8251332964945753,1.0,0.941711098831525,614.3262729644775
N8_E11a_T12b,N8,arxiv_sh_015,single_specific,test,1.0,0.6074660563345462,1.0,0.8691553521115155,614.3262729644775
N8_E11a_T12b,N8,arxiv_sh_016,single_specific,test,1.0,0.0,1.0,0.6666666666666666,614.3262729644775
N8_E11a_T12b,N8,arxiv_sh_017,single_specific,test,1.0,0.8278025551986213,1.0,0.9426008517328738,614.3262729644775
N8_E11a_T12b,N8,arxiv_sh_018,single_specific,test,1.0,0.7753082993778703,1.0,0.92510276645929,614.3262729644775
N8_E11a_T12b,N8,arxiv_sh_019,single_specific,test,0.0,1.0,1.0,0.6666666666666666,614.3262729644775
N8_E11a_T12b,N8,arxiv_sh_020,single_specific,train,1.0,0.9812092594581532,1.0,0.9937364198193844,614.3262729644775
N8_E11a_T12b,N8,arxiv_sh_021,single_specific,train,1.0,0.4222806048679441,1.0,0.8074268682893146,614.3262729644775
N8_E11a_T12b,N8,arxiv_sh_022,single_specific,test,1.0,0.0,0.0,0.3333333333333333,614.3262729644775
N8_E11a_T12b,N8,arxiv_sh_023,single_specific,test,1.0,0.8288183911349375,1.0,0.9429394637116458,614.3262729644775
N8_E11a_T12b,N8,arxiv_sh_024,single_specific,test,1.0,0.9627985942060482,1.0,0.987599531402016,614.3262729644775
N8_E11a_T12b,N8,arxiv_sh_025,single_specific,train,0.5,0.8607644186135808,1.0,0.7869214728711936,614.3262729644775
N8_E11a_T12b,N8,arxiv_sh_026,single_specific,train,1.0,0.909259762908412,1.0,0.969753254302804,614.3262729644775
N8_E11a_T12b,N8,arxiv_sh_027,single_specific,test,1.0,0.0,0.0,0.3333333333333333,614.3262729644775
N8_E11a_T12b,N8,arxiv_sh_028,single_specific,train,0.0,0.0,1.0,0.3333333333333333,614.3262729644775
N8_E11a_T12b,N8,arxiv_sh_029,single_specific,test,1.0,0.945092804426906,1.0,0.9816976014756352,614.3262729644775
N8_E11a_T12b,N8,arxiv_sh_030,single_specific,test,1.0,0.9508322318642184,1.0,0.9836107439547396,614.3262729644775
N8_E11a_T12b,N8,arxiv_sh_031,single_specific,test,0.6666666666666666,0.9183272934693169,1.0,0.8616646533786612,614.3262729644775
N8_E11a_T12b,N8,arxiv_sh_032,single_specific,test,1.0,0.0,0.0,0.3333333333333333,614.3262729644775
N8_E11a_T12b,N8,arxiv_sh_033,single_specific,train,1.0,0.8563771602582763,0.25,0.7021257200860921,614.3262729644775
N8_E11a_T12b,N8,arxiv_sh_034,single_specific,train,1.0,0.9803398705965776,1.0,0.9934466235321926,614.3262729644775
N8_E11a_T12b,N8,arxiv_agg_000,aggregate_cross_paper,train,1.0,0.7807250261071245,1.0,0.9269083420357082,614.3262729644775
N8_E11a_T12b,N8,arxiv_agg_001,aggregate_cross_paper,test,1.0,0.0,0.0,0.3333333333333333,614.3262729644775
N8_E11a_T12b,N8,arxiv_agg_002,aggregate_cross_paper,test,1.0,0.0,0.0,0.3333333333333333,614.3262729644775
N8_E11a_T12b,N8,arxiv_agg_003,aggregate_cross_paper,test,0.6666666666666666,0.7842914021376768,1.0,0.8169860229347812,614.3262729644775
N8_E11a_T12b,N8,arxiv_agg_004,aggregate_cross_paper,train,1.0,0.5665898201959428,0.75,0.7721966067319809,614.3262729644775
N8_E11a_T12b,N8,arxiv_agg_005,aggregate_cross_paper,train,1.0,0.7981047434426026,1.0,0.9327015811475342,614.3262729644775
N8_E11a_T12b,N8,arxiv_agg_006,aggregate_cross_paper,test,0.8333333333333334,0.7044898343011909,1.0,0.8459410558781748,614.3262729644775
N8_E11a_T12b,N8,arxiv_agg_007,aggregate_cross_paper,train,1.0,0.7391251513435618,0.0,0.5797083837811873,614.3262729644775
N8_E11a_T12b,N8,arxiv_agg_008,aggregate_cross_paper,test,1.0,0.7705177471945437,1.0,0.9235059157315144,614.3262729644775
N8_E11a_T12b,N8,arxiv_agg_009,aggregate_cross_paper,train,0.7142857142857143,0.7925998383533412,0.5,0.6689618508796852,614.3262729644775
N8_E11a_T12b,N8,arxiv_agg_010,aggregate_cross_paper,train,0.8333333333333334,0.7383654765081106,1.0,0.8572329366138147,614.3262729644775
N8_E11a_T12b,N8,arxiv_agg_011,aggregate_cross_paper,train,0.6666666666666666,0.0,0.5,0.3888888888888888,614.3262729644775
N8_E11a_T12b,N8,arxiv_agg_012,aggregate_cross_paper,train,0.8333333333333334,0.614814795687088,0.0,0.4827160430068071,614.3262729644775
N8_E11a_T12b,N8,arxiv_agg_013,aggregate_cross_paper,train,1.0,0.6472901028569015,1.0,0.8824300342856338,614.3262729644775
N8_E11a_T12b,N8,arxiv_agg_014,aggregate_cross_paper,test,1.0,0.0,0.0,0.3333333333333333,614.3262729644775
N8_E11a_T12b,N8,arxiv_agg_015,aggregate_cross_paper,train,1.0,0.0,0.5,0.5,614.3262729644775
N8_E11a_T12b,N8,arxiv_agg_016,aggregate_cross_paper,train,0.875,0.6767863739886147,0.5,0.6839287913295382,614.3262729644775
N8_E11a_T12b,N8,arxiv_agg_017,aggregate_cross_paper,test,1.0,0.6376512095984946,0.25,0.6292170698661649,614.3262729644775
N8_E11a_T12b,N8,arxiv_agg_018,aggregate_cross_paper,train,0.5,0.0,0.5,0.3333333333333333,614.3262729644775
N8_E11a_T12b,N8,arxiv_agg_019,aggregate_cross_paper,train,0.875,0.7545017797898635,1.0,0.8765005932632879,614.3262729644775
N8_E11a_T12b,N8,arxiv_agg_020,aggregate_cross_paper,test,1.0,0.5411474978818475,1.0,0.8470491659606157,614.3262729644775
N8_E11a_T12b,N8,arxiv_agg_021,aggregate_cross_paper,test,0.2857142857142857,0.5478823023363977,0.0,0.2778655293502278,614.3262729644775
N8_E11a_T12b,N8,arxiv_agg_022,aggregate_cross_paper,train,0.6,0.6490084067451208,0.5,0.5830028022483736,614.3262729644775
N8_E11a_T12b,N8,arxiv_agg_023,aggregate_cross_paper,test,1.0,0.0,0.5,0.5,614.3262729644775
N8_E11a_T12b,N8,arxiv_agg_024,aggregate_cross_paper,test,0.5,0.8200311539532397,1.0,0.7733437179844133,614.3262729644775
N8_E11a_T12b,N8,arxiv_agg_025,aggregate_cross_paper,train,1.0,0.0,0.0,0.3333333333333333,614.3262729644775
N8_E11a_T12b,N8,arxiv_agg_026,aggregate_cross_paper,train,1.0,0.0,0.0,0.3333333333333333,614.3262729644775
N8_E11a_T12b,N8,arxiv_agg_027,aggregate_cross_paper,train,0.75,0.0,0.0,0.25,614.3262729644775
N8_E11a_T12b,N8,arxiv_agg_028,aggregate_cross_paper,train,0.5,0.0,0.0,0.1666666666666666,614.3262729644775
N8_E11a_T12b,N8,arxiv_agg_029,aggregate_cross_paper,test,1.0,0.7094661819992769,1.0,0.903155393999759,614.3262729644775
N8_E11a_T12b,N8,arxiv_agg_030,aggregate_cross_paper,train,0.0,0.6331118540393393,0.0,0.2110372846797797,614.3262729644775
N8_E11a_T12b,N8,arxiv_agg_031,aggregate_cross_paper,train,1.0,0.7515683842706089,0.75,0.8338561280902029,614.3262729644775
N8_E11a_T12b,N8,arxiv_agg_032,aggregate_cross_paper,test,0.5714285714285714,0.6682870807463956,0.5,0.5799052173916557,614.3262729644775
N8_E11a_T12b,N8,arxiv_edge_000,edge_multihop,test,0.8333333333333334,0.6875220983579976,1.0,0.8402851438971103,614.3262729644775
N8_E11a_T12b,N8,arxiv_edge_001,edge_multihop,test,0.75,0.8025485782828721,1.0,0.8508495260942907,614.3262729644775
N8_E11a_T12b,N8,arxiv_edge_002,edge_multihop,test,0.2857142857142857,0.8228440161738542,0.75,0.6195194339627133,614.3262729644775
N8_E11a_T12b,N8,arxiv_edge_003,edge_multihop,test,0.8,0.0,0.0,0.2666666666666666,614.3262729644775
N8_E11a_T12b,N8,arxiv_edge_004,edge_multihop,test,0.5714285714285714,0.6292960040323452,0.0,0.4002415251536388,614.3262729644775
N8_E11a_T12b,N8,arxiv_edge_005,edge_multihop,train,1.0,0.0,1.0,0.6666666666666666,614.3262729644775
N8_E11a_T12b,N8,arxiv_edge_006,edge_multihop,test,0.625,0.7307866325726028,0.25,0.5352622108575343,614.3262729644775
N8_E11a_T12b,N8,arxiv_edge_007,edge_multihop,test,0.375,0.7430142733325773,0.0,0.3726714244441924,614.3262729644775
N8_E11a_T12b,N8,arxiv_edge_008,edge_multihop,test,0.4,0.8569313286784697,1.0,0.7523104428928232,614.3262729644775
N8_E11a_T12b,N8,arxiv_edge_009,edge_multihop,train,0.0,0.7344688263210281,0.75,0.4948229421070094,614.3262729644775
N8_E11a_T12b,N8,arxiv_edge_010,edge_multihop,train,1.0,0.9325885837541522,0.25,0.7275295279180507,614.3262729644775
N8_E11a_T12b,N8,arxiv_edge_011,edge_multihop,test,0.6666666666666666,0.8464390403533303,0.25,0.587701902339999,614.3262729644775
N8_E11a_T12b,N8,arxiv_edge_012,edge_multihop,test,1.0,0.7450401215227288,0.0,0.5816800405075763,614.3262729644775
N8_E11a_T12b,N8,arxiv_edge_013,edge_multihop,test,0.4285714285714285,0.8029737305330743,0.0,0.4105150530348342,614.3262729644775
N8_E11a_T12b,N8,arxiv_edge_014,edge_multihop,test,1.0,0.6881953457972682,0.25,0.646065115265756,614.3262729644775
N8_E11a_T12b,N8,arxiv_edge_015,edge_multihop,train,0.6666666666666666,0.9088888656947288,1.0,0.8585185107871318,614.3262729644775
N8_E11a_T12b,N8,arxiv_edge_016,edge_multihop,train,0.75,0.0,0.0,0.25,614.3262729644775
N8_E11a_T12b,N8,arxiv_edge_017,edge_multihop,train,0.25,0.0,1.0,0.4166666666666667,614.3262729644775
N8_E11a_T12b,N8,arxiv_edge_018,edge_multihop,train,0.8888888888888888,0.7985051375784317,0.0,0.5624646754891068,614.3262729644775
N8_E11a_T12b,N8,arxiv_edge_019,edge_multihop,train,0.8333333333333334,0.8619962629563337,1.0,0.8984431987632223,614.3262729644775
N8_E11a_T12b,N8,arxiv_edge_020,edge_multihop,train,1.0,0.8220758936494111,1.0,0.9406919645498036,614.3262729644775
N8_E11a_T12b,N8,arxiv_edge_021,edge_multihop,test,1.0,0.7861556032686888,1.0,0.9287185344228962,614.3262729644775
N8_E11a_T12b,N8,arxiv_edge_022,edge_multihop,test,1.0,0.7598027969581949,1.0,0.9199342656527316,614.3262729644775
N8_E11a_T12b,N8,arxiv_edge_023,edge_multihop,train,0.4,0.7638608950754403,0.25,0.4712869650251468,614.3262729644775
N8_E11a_T12b,N8,arxiv_edge_024,edge_multihop,train,1.0,0.0,0.0,0.3333333333333333,614.3262729644775
N8_E11a_T12b,N8,arxiv_edge_025,edge_multihop,train,0.875,0.7671347452589776,0.0,0.5473782484196592,614.3262729644775
N8_E11a_T12b,N8,arxiv_edge_026,edge_multihop,test,1.0,0.7329822058032424,1.0,0.9109940686010808,614.3262729644775
N8_E11a_T12b,N8,arxiv_edge_027,edge_multihop,test,0.7142857142857143,0.5930839295703418,0.0,0.435789881285352,614.3262729644775
N8_E11a_T12b,N8,arxiv_edge_028,edge_multihop,test,1.0,0.6544431689516284,0.25,0.6348143896505428,614.3262729644775
N8_E11a_T12b,N8,arxiv_edge_029,edge_multihop,train,0.6,0.0,0.5,0.3666666666666667,614.3262729644775
N8_E11a_T12b,N8,arxiv_edge_030,edge_multihop,train,0.5,0.8050742297763577,1.0,0.7683580765921193,614.3262729644775
N8_E11a_T12b,N8,arxiv_edge_031,edge_multihop,test,0.6,0.835448582389873,1.0,0.8118161941299576,614.3262729644775
N8_E11a_T12b,N8,arxiv_edge_032,edge_multihop,test,0.5,0.7130847700593503,0.5,0.5710282566864501,614.3262729644775
N8_E11a_T12b,N8,arxiv_edge_033,edge_multihop,test,0.4,0.8219421980901733,0.25,0.4906473993633911,614.3262729644775
N8_E11a_T12b,N8,arxiv_sh_035,single_specific,test,1.0,0.9384796921156404,1.0,0.9794932307052134,614.3262729644775
N8_E11a_T12b,N8,arxiv_sh_036,single_specific,train,1.0,0.9964042147519496,1.0,0.9988014049173164,614.3262729644775
N8_E11a_T12b,N8,arxiv_sh_037,single_specific,test,1.0,0.9710839752221704,1.0,0.9903613250740568,614.3262729644775
N8_E11a_T12b,N8,arxiv_sh_038,single_specific,test,1.0,0.9118308799550816,1.0,0.9706102933183604,614.3262729644775
N8_E11a_T12b,N8,arxiv_sh_039,single_specific,test,1.0,0.9909273390454126,1.0,0.9969757796818044,614.3262729644775
N8_E11a_T12b,N8,arxiv_sh_040,single_specific,train,1.0,0.7323232740961658,1.0,0.910774424698722,614.3262729644775
N8_E11a_T12b,N8,arxiv_sh_041,single_specific,test,0.75,0.9999996193870244,1.0,0.9166665397956748,614.3262729644775
N8_E11a_T12b,N8,arxiv_sh_042,single_specific,train,1.0,0.9061097673944692,1.0,0.9687032557981564,614.3262729644775
N8_E11a_T12b,N8,arxiv_sh_043,single_specific,test,1.0,0.9595013890021716,1.0,0.986500463000724,614.3262729644775
N8_E11a_T12b,N8,arxiv_sh_044,single_specific,train,1.0,0.7852162175635684,1.0,0.9284054058545228,614.3262729644775
N8_E11a_T12b,N8,arxiv_sh_045,single_specific,train,0.6666666666666666,0.6891869753289025,0.5,0.6186178806651897,614.3262729644775
N8_E11a_T12b,N8,arxiv_sh_046,single_specific,train,0.5,0.9051336509337584,1.0,0.8017112169779196,614.3262729644775
N8_E11a_T12b,N8,arxiv_sh_047,single_specific,train,1.0,0.9381819823706836,1.0,0.9793939941235612,614.3262729644775
N8_E11a_T12b,N8,arxiv_sh_048,single_specific,train,0.6666666666666666,0.9167988944431024,1.0,0.8611551870365896,614.3262729644775
N8_E11a_T12b,N8,arxiv_sh_049,single_specific,test,1.0,0.7401438142396061,1.0,0.913381271413202,614.3262729644775
N8_E11a_T12b,N8,arxiv_sh_050,single_specific,train,1.0,0.986006043117599,1.0,0.9953353477058664,614.3262729644775
N8_E11a_T12b,N8,arxiv_sh_051,single_specific,test,1.0,0.8251033307650136,1.0,0.9417011102550044,614.3262729644775
N8_E11a_T12b,N8,arxiv_sh_052,single_specific,test,1.0,0.6577995766908907,1.0,0.885933192230297,614.3262729644775
N8_E11a_T12b,N8,arxiv_sh_053,single_specific,train,1.0,0.8288173501692752,1.0,0.9429391167230916,614.3262729644775
N8_E11a_T12b,N8,arxiv_sh_054,single_specific,test,0.7142857142857143,0.8300961527721323,1.0,0.8481272890192821,614.3262729644775
N8_E11a_T12b,N8,arxiv_sh_055,single_specific,test,1.0,0.8901082136845476,1.0,0.963369404561516,614.3262729644775
N8_E11a_T12b,N8,arxiv_sh_056,single_specific,test,0.5,0.0,1.0,0.5,614.3262729644775
N8_E11a_T12b,N8,arxiv_sh_057,single_specific,train,1.0,0.8028465028142852,1.0,0.9342821676047616,614.3262729644775
N8_E11a_T12b,N8,arxiv_sh_058,single_specific,test,1.0,0.96690695192666,1.0,0.9889689839755532,614.3262729644775
N8_E11a_T12b,N8,arxiv_sh_059,single_specific,train,1.0,0.930143485519276,1.0,0.976714495173092,614.3262729644775
N8_E11a_T12b,N8,arxiv_sh_060,single_specific,train,1.0,0.9760378611529068,1.0,0.9920126203843022,614.3262729644775
N8_E11a_T12b,N8,arxiv_sh_061,single_specific,train,1.0,0.0,0.0,0.3333333333333333,614.3262729644775
N8_E11a_T12b,N8,arxiv_sh_062,single_specific,train,1.0,0.0,0.0,0.3333333333333333,614.3262729644775
N8_E11a_T12b,N8,arxiv_sh_063,single_specific,test,1.0,0.9792919481650108,1.0,0.9930973160550036,614.3262729644775
N8_E11a_T12b,N8,arxiv_sh_064,single_specific,test,1.0,0.8695342571187347,1.0,0.956511419039578,614.3262729644775
N8_E11a_T12b,N8,arxiv_sh_065,single_specific,train,1.0,0.7891664931207876,0.5,0.7630554977069292,614.3262729644775
N8_E11a_T12b,N8,arxiv_sh_066,single_specific,test,0.6666666666666666,0.928345140054108,1.0,0.8650039355735916,614.3262729644775
N8_E11a_T12b,N8,arxiv_sh_067,single_specific,test,1.0,0.0,0.0,0.3333333333333333,614.3262729644775
N8_E11a_T12b,N8,arxiv_sh_068,single_specific,test,1.0,1.0,1.0,1.0,614.3262729644775
N8_E11a_T12b,N8,arxiv_sh_069,single_specific,test,0.75,0.0,0.0,0.25,614.3262729644775
N8_E11a_T12b,N8,arxiv_sh_070,single_specific,test,0.6666666666666666,0.877648385604624,0.0,0.5147716840904302,614.3262729644775
N8_E11a_T12b,N8,arxiv_sh_071,single_specific,train,1.0,0.941577593386684,1.0,0.980525864462228,614.3262729644775
N8_E11a_T12b,N8,arxiv_sh_072,single_specific,test,1.0,0.9084374085343232,0.5,0.8028124695114411,614.3262729644775
N8_E11a_T12b,N8,arxiv_sh_073,single_specific,test,1.0,0.7245117131669385,1.0,0.908170571055646,614.3262729644775
N8_E11a_T12b,N8,arxiv_sh_074,single_specific,test,0.75,0.8533405075610702,1.0,0.8677801691870234,614.3262729644775
N8_E11a_T12b,N8,arxiv_sh_075,single_specific,train,1.0,0.9401404762072753,1.0,0.9800468254024252,614.3262729644775
N8_E11a_T12b,N8,arxiv_sh_076,single_specific,test,0.5,0.0,0.0,0.1666666666666666,614.3262729644775
N8_E11a_T12b,N8,arxiv_sh_077,single_specific,train,1.0,0.9999999999999998,1.0,1.0,614.3262729644775
N8_E11a_T12b,N8,arxiv_sh_078,single_specific,train,1.0,0.9523330704528986,1.0,0.9841110234842996,614.3262729644775
N8_E11a_T12b,N8,arxiv_sh_079,single_specific,test,1.0,0.9683901806881792,1.0,0.9894633935627264,614.3262729644775
N8_E11a_T12b,N8,arxiv_sh_080,single_specific,test,1.0,0.9347212391227954,1.0,0.9782404130409318,614.3262729644775
N8_E11a_T12b,N8,arxiv_sh_081,single_specific,train,1.0,0.9550652214942756,1.0,0.985021740498092,614.3262729644775
N8_E11a_T12b,N8,arxiv_sh_082,single_specific,train,0.6666666666666666,0.0,1.0,0.5555555555555555,614.3262729644775
N8_E11b_T12a,N8,arxiv_sh_000,single_specific,test,0.0,0.0,1.0,0.3333333333333333,701.8757500648499
N8_E11b_T12a,N8,arxiv_sh_001,single_specific,test,1.0,0.9633759284768766,1.0,0.987791976158959,701.8757500648499
N8_E11b_T12a,N8,arxiv_sh_002,single_specific,test,1.0,0.8587108177364156,0.25,0.7029036059121386,701.8757500648499
N8_E11b_T12a,N8,arxiv_sh_003,single_specific,train,1.0,0.6943473221389912,1.0,0.8981157740463304,701.8757500648499
N8_E11b_T12a,N8,arxiv_sh_004,single_specific,train,0.0,0.9363148232761056,0.0,0.3121049410920352,701.8757500648499
N8_E11b_T12a,N8,arxiv_sh_005,single_specific,train,1.0,0.0,0.0,0.3333333333333333,701.8757500648499
N8_E11b_T12a,N8,arxiv_sh_006,single_specific,train,0.5,0.8716710041616486,1.0,0.7905570013872162,701.8757500648499
N8_E11b_T12a,N8,arxiv_sh_007,single_specific,train,1.0,0.0,0.0,0.3333333333333333,701.8757500648499
N8_E11b_T12a,N8,arxiv_sh_008,single_specific,train,0.75,0.0,1.0,0.5833333333333334,701.8757500648499
N8_E11b_T12a,N8,arxiv_sh_009,single_specific,train,0.6666666666666666,0.9448280252869038,1.0,0.8704982306511901,701.8757500648499
N8_E11b_T12a,N8,arxiv_sh_010,single_specific,test,0.5,0.9521320285621464,0.0,0.4840440095207155,701.8757500648499
N8_E11b_T12a,N8,arxiv_sh_011,single_specific,train,1.0,0.8241365893690201,1.0,0.9413788631230068,701.8757500648499
N8_E11b_T12a,N8,arxiv_sh_012,single_specific,train,0.5,0.9833179651107034,1.0,0.8277726550369011,701.8757500648499
N8_E11b_T12a,N8,arxiv_sh_013,single_specific,train,1.0,1.0,1.0,1.0,701.8757500648499
N8_E11b_T12a,N8,arxiv_sh_014,single_specific,train,1.0,0.8251039082072302,1.0,0.9417013027357434,701.8757500648499
N8_E11b_T12a,N8,arxiv_sh_015,single_specific,test,1.0,0.9576127208322684,1.0,0.9858709069440896,701.8757500648499
N8_E11b_T12a,N8,arxiv_sh_016,single_specific,test,0.6,0.8750743594209522,1.0,0.8250247864736507,701.8757500648499
N8_E11b_T12a,N8,arxiv_sh_017,single_specific,test,1.0,0.827804352487709,1.0,0.9426014508292364,701.8757500648499
N8_E11b_T12a,N8,arxiv_sh_018,single_specific,test,1.0,0.6359026162311605,1.0,0.8786342054103868,701.8757500648499
N8_E11b_T12a,N8,arxiv_sh_019,single_specific,test,0.0,0.9913289003444702,1.0,0.6637763001148235,701.8757500648499
N8_E11b_T12a,N8,arxiv_sh_020,single_specific,train,1.0,0.980765717559839,1.0,0.9935885725199464,701.8757500648499
N8_E11b_T12a,N8,arxiv_sh_021,single_specific,train,1.0,0.4223323900333562,1.0,0.8074441300111187,701.8757500648499
N8_E11b_T12a,N8,arxiv_sh_022,single_specific,test,1.0,0.0,0.0,0.3333333333333333,701.8757500648499
N8_E11b_T12a,N8,arxiv_sh_023,single_specific,test,1.0,0.8227084305963316,1.0,0.9409028101987772,701.8757500648499
N8_E11b_T12a,N8,arxiv_sh_024,single_specific,test,1.0,0.9628040184638482,1.0,0.9876013394879496,701.8757500648499
N8_E11b_T12a,N8,arxiv_sh_025,single_specific,train,0.8,0.8551791098011513,1.0,0.8850597032670504,701.8757500648499
N8_E11b_T12a,N8,arxiv_sh_026,single_specific,train,1.0,0.907539436087645,1.0,0.969179812029215,701.8757500648499
N8_E11b_T12a,N8,arxiv_sh_027,single_specific,test,1.0,0.0,0.0,0.3333333333333333,701.8757500648499
N8_E11b_T12a,N8,arxiv_sh_028,single_specific,train,0.75,0.6997497588183943,1.0,0.8165832529394649,701.8757500648499
N8_E11b_T12a,N8,arxiv_sh_029,single_specific,test,1.0,0.9684900199521876,1.0,0.989496673317396,701.8757500648499
N8_E11b_T12a,N8,arxiv_sh_030,single_specific,test,1.0,0.9508478274518258,1.0,0.983615942483942,701.8757500648499
N8_E11b_T12a,N8,arxiv_sh_031,single_specific,test,0.6666666666666666,0.9183272934693169,1.0,0.8616646533786612,701.8757500648499
N8_E11b_T12a,N8,arxiv_sh_032,single_specific,test,1.0,0.7970043546948554,1.0,0.9323347848982853,701.8757500648499
N8_E11b_T12a,N8,arxiv_sh_033,single_specific,train,0.6666666666666666,0.0,0.0,0.2222222222222222,701.8757500648499
N8_E11b_T12a,N8,arxiv_sh_034,single_specific,train,1.0,0.9803398705965776,1.0,0.9934466235321926,701.8757500648499
N8_E11b_T12a,N8,arxiv_agg_000,aggregate_cross_paper,train,1.0,0.7491395134167158,1.0,0.916379837805572,701.8757500648499
N8_E11b_T12a,N8,arxiv_agg_001,aggregate_cross_paper,test,0.6666666666666666,0.7672320365386404,0.0,0.477966234401769,701.8757500648499
N8_E11b_T12a,N8,arxiv_agg_002,aggregate_cross_paper,test,1.0,0.0,0.0,0.3333333333333333,701.8757500648499
N8_E11b_T12a,N8,arxiv_agg_003,aggregate_cross_paper,test,0.3333333333333333,0.79004092613669,0.0,0.3744580864900078,701.8757500648499
N8_E11b_T12a,N8,arxiv_agg_004,aggregate_cross_paper,train,0.7142857142857143,0.8001279905486411,0.5,0.6714712349447852,701.8757500648499
N8_E11b_T12a,N8,arxiv_agg_005,aggregate_cross_paper,train,1.0,0.7981260614340098,0.25,0.6827086871446699,701.8757500648499
N8_E11b_T12a,N8,arxiv_agg_006,aggregate_cross_paper,test,0.7142857142857143,0.7043614366644371,0.25,0.5562157169833838,701.8757500648499
N8_E11b_T12a,N8,arxiv_agg_007,aggregate_cross_paper,train,1.0,0.7210062093473375,1.0,0.907002069782446,701.8757500648499
N8_E11b_T12a,N8,arxiv_agg_008,aggregate_cross_paper,test,1.0,0.7705461364937388,1.0,0.9235153788312463,701.8757500648499
N8_E11b_T12a,N8,arxiv_agg_009,aggregate_cross_paper,train,1.0,0.6832302367239862,1.0,0.8944100789079954,701.8757500648499
N8_E11b_T12a,N8,arxiv_agg_010,aggregate_cross_paper,train,0.8333333333333334,0.8185047232391668,1.0,0.8839460188575,701.8757500648499
N8_E11b_T12a,N8,arxiv_agg_011,aggregate_cross_paper,train,0.6666666666666666,0.9436604335608472,0.25,0.6201090334091712,701.8757500648499
N8_E11b_T12a,N8,arxiv_agg_012,aggregate_cross_paper,train,0.6666666666666666,0.8541929570455847,0.25,0.5902865412374171,701.8757500648499
N8_E11b_T12a,N8,arxiv_agg_013,aggregate_cross_paper,train,0.4285714285714285,0.9231950458160582,0.75,0.7005888247958288,701.8757500648499
N8_E11b_T12a,N8,arxiv_agg_014,aggregate_cross_paper,test,1.0,0.0,0.0,0.3333333333333333,701.8757500648499
N8_E11b_T12a,N8,arxiv_agg_015,aggregate_cross_paper,train,1.0,0.0,0.0,0.3333333333333333,701.8757500648499
N8_E11b_T12a,N8,arxiv_agg_016,aggregate_cross_paper,train,1.0,0.0,0.25,0.4166666666666667,701.8757500648499
N8_E11b_T12a,N8,arxiv_agg_017,aggregate_cross_paper,test,1.0,0.7378766321596638,0.5,0.7459588773865545,701.8757500648499
N8_E11b_T12a,N8,arxiv_agg_018,aggregate_cross_paper,train,0.625,0.6250942343563199,0.0,0.4166980781187733,701.8757500648499
N8_E11b_T12a,N8,arxiv_agg_019,aggregate_cross_paper,train,0.7,0.6825907202126212,0.0,0.460863573404207,701.8757500648499
N8_E11b_T12a,N8,arxiv_agg_020,aggregate_cross_paper,test,0.5,0.6381054790698601,0.75,0.6293684930232867,701.8757500648499
N8_E11b_T12a,N8,arxiv_agg_021,aggregate_cross_paper,test,0.5,0.5254866084907183,0.5,0.5084955361635727,701.8757500648499
N8_E11b_T12a,N8,arxiv_agg_022,aggregate_cross_paper,train,0.5714285714285714,0.7664766028812912,0.0,0.4459683914366208,701.8757500648499
N8_E11b_T12a,N8,arxiv_agg_023,aggregate_cross_paper,test,1.0,0.0,0.0,0.3333333333333333,701.8757500648499
N8_E11b_T12a,N8,arxiv_agg_024,aggregate_cross_paper,test,0.7142857142857143,0.8827165404608637,1.0,0.8656674182488593,701.8757500648499
N8_E11b_T12a,N8,arxiv_agg_025,aggregate_cross_paper,train,0.6666666666666666,0.709436302256978,0.0,0.4587009896412148,701.8757500648499
N8_E11b_T12a,N8,arxiv_agg_026,aggregate_cross_paper,train,1.0,0.0,0.0,0.3333333333333333,701.8757500648499
N8_E11b_T12a,N8,arxiv_agg_027,aggregate_cross_paper,train,1.0,0.0,0.0,0.3333333333333333,701.8757500648499
N8_E11b_T12a,N8,arxiv_agg_028,aggregate_cross_paper,train,0.75,0.559023902244976,0.0,0.4363413007483253,701.8757500648499
N8_E11b_T12a,N8,arxiv_agg_029,aggregate_cross_paper,test,1.0,0.5973683425186094,1.0,0.8657894475062031,701.8757500648499
N8_E11b_T12a,N8,arxiv_agg_030,aggregate_cross_paper,train,1.0,0.0,0.0,0.3333333333333333,701.8757500648499
N8_E11b_T12a,N8,arxiv_agg_031,aggregate_cross_paper,train,1.0,0.7516254064243549,0.25,0.6672084688081182,701.8757500648499
N8_E11b_T12a,N8,arxiv_agg_032,aggregate_cross_paper,test,0.6,0.8984497414069542,0.75,0.7494832471356515,701.8757500648499
N8_E11b_T12a,N8,arxiv_edge_000,edge_multihop,test,0.875,0.5940135213818852,1.0,0.823004507127295,701.8757500648499
N8_E11b_T12a,N8,arxiv_edge_001,edge_multihop,test,0.625,0.8505937815187753,1.0,0.8251979271729252,701.8757500648499
N8_E11b_T12a,N8,arxiv_edge_002,edge_multihop,test,0.875,0.0,1.0,0.625,701.8757500648499
N8_E11b_T12a,N8,arxiv_edge_003,edge_multihop,test,1.0,0.0,0.0,0.3333333333333333,701.8757500648499
N8_E11b_T12a,N8,arxiv_edge_004,edge_multihop,test,0.8,0.6694454974958505,0.0,0.4898151658319502,701.8757500648499
N8_E11b_T12a,N8,arxiv_edge_005,edge_multihop,train,0.6,0.8036637757444361,1.0,0.8012212585814787,701.8757500648499
N8_E11b_T12a,N8,arxiv_edge_006,edge_multihop,test,1.0,0.0,0.0,0.3333333333333333,701.8757500648499
N8_E11b_T12a,N8,arxiv_edge_007,edge_multihop,test,1.0,0.0,1.0,0.6666666666666666,701.8757500648499
N8_E11b_T12a,N8,arxiv_edge_008,edge_multihop,test,0.6,0.8756708576256973,1.0,0.8252236192085657,701.8757500648499
N8_E11b_T12a,N8,arxiv_edge_009,edge_multihop,train,0.6,0.8511226902988671,1.0,0.8170408967662891,701.8757500648499
N8_E11b_T12a,N8,arxiv_edge_010,edge_multihop,train,0.5,0.0,0.5,0.3333333333333333,701.8757500648499
N8_E11b_T12a,N8,arxiv_edge_011,edge_multihop,test,1.0,0.6334396287191357,0.0,0.544479876239712,701.8757500648499
N8_E11b_T12a,N8,arxiv_edge_012,edge_multihop,test,0.3333333333333333,0.0,0.0,0.1111111111111111,701.8757500648499
N8_E11b_T12a,N8,arxiv_edge_013,edge_multihop,test,0.4285714285714285,0.4210517632811583,0.0,0.2832077306175289,701.8757500648499
N8_E11b_T12a,N8,arxiv_edge_014,edge_multihop,test,0.625,0.5570874044543181,0.75,0.6440291348181061,701.8757500648499
N8_E11b_T12a,N8,arxiv_edge_015,edge_multihop,train,0.0,0.9092850929662476,1.0,0.6364283643220826,701.8757500648499
N8_E11b_T12a,N8,arxiv_edge_016,edge_multihop,train,0.75,0.0,0.0,0.25,701.8757500648499
N8_E11b_T12a,N8,arxiv_edge_017,edge_multihop,train,0.4285714285714285,0.7352447088889258,0.0,0.3879387124867848,701.8757500648499
N8_E11b_T12a,N8,arxiv_edge_018,edge_multihop,train,0.7777777777777778,0.6479719052363275,0.0,0.4752498943380351,701.8757500648499
N8_E11b_T12a,N8,arxiv_edge_019,edge_multihop,train,1.0,0.7975840611789939,0.5,0.7658613537263314,701.8757500648499
N8_E11b_T12a,N8,arxiv_edge_020,edge_multihop,train,1.0,0.896559254724447,0.75,0.8821864182414823,701.8757500648499
N8_E11b_T12a,N8,arxiv_edge_021,edge_multihop,test,0.8888888888888888,0.7760869427715982,1.0,0.8883252772201624,701.8757500648499
N8_E11b_T12a,N8,arxiv_edge_022,edge_multihop,test,1.0,0.7598089579609208,0.0,0.5866029859869736,701.8757500648499
N8_E11b_T12a,N8,arxiv_edge_023,edge_multihop,train,0.3333333333333333,0.7638720581040301,0.25,0.4490684638124544,701.8757500648499
N8_E11b_T12a,N8,arxiv_edge_024,edge_multihop,train,1.0,0.0,0.0,0.3333333333333333,701.8757500648499
N8_E11b_T12a,N8,arxiv_edge_025,edge_multihop,train,0.2,0.7478826217801658,0.0,0.3159608739267219,701.8757500648499
N8_E11b_T12a,N8,arxiv_edge_026,edge_multihop,test,1.0,0.766519771282916,1.0,0.9221732570943052,701.8757500648499
N8_E11b_T12a,N8,arxiv_edge_027,edge_multihop,test,0.5,0.0,0.75,0.4166666666666667,701.8757500648499
N8_E11b_T12a,N8,arxiv_edge_028,edge_multihop,test,0.75,0.0,0.0,0.25,701.8757500648499
N8_E11b_T12a,N8,arxiv_edge_029,edge_multihop,train,0.2857142857142857,0.800507602463122,0.0,0.3620739627258025,701.8757500648499
N8_E11b_T12a,N8,arxiv_edge_030,edge_multihop,train,1.0,0.0,1.0,0.6666666666666666,701.8757500648499
N8_E11b_T12a,N8,arxiv_edge_031,edge_multihop,test,0.8,0.6749429614479662,1.0,0.824980987149322,701.8757500648499
N8_E11b_T12a,N8,arxiv_edge_032,edge_multihop,test,0.3333333333333333,0.8820406290822029,0.0,0.405124654138512,701.8757500648499
N8_E11b_T12a,N8,arxiv_edge_033,edge_multihop,test,1.0,0.5243313221568571,1.0,0.8414437740522857,701.8757500648499
N8_E11b_T12a,N8,arxiv_sh_035,single_specific,test,1.0,0.9384842530495628,1.0,0.979494751016521,701.8757500648499
N8_E11b_T12a,N8,arxiv_sh_036,single_specific,train,1.0,0.9964042147519496,1.0,0.9988014049173164,701.8757500648499
N8_E11b_T12a,N8,arxiv_sh_037,single_specific,test,1.0,0.7229614557351556,1.0,0.9076538185783852,701.8757500648499
N8_E11b_T12a,N8,arxiv_sh_038,single_specific,test,1.0,0.9118376299497708,1.0,0.9706125433165904,701.8757500648499
N8_E11b_T12a,N8,arxiv_sh_039,single_specific,test,1.0,0.9909273390454126,1.0,0.9969757796818044,701.8757500648499
N8_E11b_T12a,N8,arxiv_sh_040,single_specific,train,1.0,0.6143019227241799,1.0,0.8714339742413933,701.8757500648499
N8_E11b_T12a,N8,arxiv_sh_041,single_specific,test,0.75,1.0,1.0,0.9166666666666666,701.8757500648499
N8_E11b_T12a,N8,arxiv_sh_042,single_specific,train,1.0,0.8748327324537906,1.0,0.9582775774845969,701.8757500648499
N8_E11b_T12a,N8,arxiv_sh_043,single_specific,test,1.0,0.959492585596395,1.0,0.9864975285321316,701.8757500648499
N8_E11b_T12a,N8,arxiv_sh_044,single_specific,train,1.0,0.7852447259511619,1.0,0.9284149086503872,701.8757500648499
N8_E11b_T12a,N8,arxiv_sh_045,single_specific,train,0.75,0.5770992893714428,0.0,0.4423664297904809,701.8757500648499
N8_E11b_T12a,N8,arxiv_sh_046,single_specific,train,0.5,0.9051477290611192,1.0,0.8017159096870398,701.8757500648499
N8_E11b_T12a,N8,arxiv_sh_047,single_specific,train,1.0,0.9552446504328076,1.0,0.9850815501442692,701.8757500648499
N8_E11b_T12a,N8,arxiv_sh_048,single_specific,train,1.0,0.9252265257145303,1.0,0.9750755085715102,701.8757500648499
N8_E11b_T12a,N8,arxiv_sh_049,single_specific,test,1.0,0.7401585911582139,1.0,0.913386197052738,701.8757500648499
N8_E11b_T12a,N8,arxiv_sh_050,single_specific,train,1.0,0.986006043117599,1.0,0.9953353477058664,701.8757500648499
N8_E11b_T12a,N8,arxiv_sh_051,single_specific,test,1.0,0.971913845871824,1.0,0.9906379486239412,701.8757500648499
N8_E11b_T12a,N8,arxiv_sh_052,single_specific,test,1.0,0.6576825555250407,1.0,0.8858941851750135,701.8757500648499
N8_E11b_T12a,N8,arxiv_sh_053,single_specific,train,1.0,0.828781574902537,1.0,0.9429271916341788,701.8757500648499
N8_E11b_T12a,N8,arxiv_sh_054,single_specific,test,1.0,0.7723221462158391,1.0,0.9241073820719464,701.8757500648499
N8_E11b_T12a,N8,arxiv_sh_055,single_specific,test,1.0,0.9190863558810588,1.0,0.9730287852936864,701.8757500648499
N8_E11b_T12a,N8,arxiv_sh_056,single_specific,test,0.5,0.7997679884183095,1.0,0.7665893294727698,701.8757500648499
N8_E11b_T12a,N8,arxiv_sh_057,single_specific,train,1.0,0.8029267472026134,1.0,0.9343089157342044,701.8757500648499
N8_E11b_T12a,N8,arxiv_sh_058,single_specific,test,1.0,0.9631384637464976,1.0,0.9877128212488324,701.8757500648499
N8_E11b_T12a,N8,arxiv_sh_059,single_specific,train,1.0,0.9301746625150988,1.0,0.976724887505033,701.8757500648499
N8_E11b_T12a,N8,arxiv_sh_060,single_specific,train,1.0,0.9760340137345228,1.0,0.9920113379115078,701.8757500648499
N8_E11b_T12a,N8,arxiv_sh_061,single_specific,train,0.0,0.0,1.0,0.3333333333333333,701.8757500648499
N8_E11b_T12a,N8,arxiv_sh_062,single_specific,train,1.0,0.0,0.0,0.3333333333333333,701.8757500648499
N8_E11b_T12a,N8,arxiv_sh_063,single_specific,test,0.5,0.0,0.0,0.1666666666666666,701.8757500648499
N8_E11b_T12a,N8,arxiv_sh_064,single_specific,test,1.0,0.8695205399444309,1.0,0.9565068466481436,701.8757500648499
N8_E11b_T12a,N8,arxiv_sh_065,single_specific,train,0.5,0.7914445518604554,0.5,0.5971481839534851,701.8757500648499
N8_E11b_T12a,N8,arxiv_sh_066,single_specific,test,1.0,0.9937355754076632,1.0,0.9979118584692211,701.8757500648499
N8_E11b_T12a,N8,arxiv_sh_067,single_specific,test,1.0,0.0,0.0,0.3333333333333333,701.8757500648499
N8_E11b_T12a,N8,arxiv_sh_068,single_specific,test,1.0,0.9863330124269613,1.0,0.9954443374756536,701.8757500648499
N8_E11b_T12a,N8,arxiv_sh_069,single_specific,test,0.3333333333333333,0.0,0.0,0.1111111111111111,701.8757500648499
N8_E11b_T12a,N8,arxiv_sh_070,single_specific,test,1.0,0.8614398054140792,0.0,0.6204799351380265,701.8757500648499
N8_E11b_T12a,N8,arxiv_sh_071,single_specific,train,1.0,0.941539328685188,1.0,0.9805131095617292,701.8757500648499
N8_E11b_T12a,N8,arxiv_sh_072,single_specific,test,1.0,0.877520938702779,0.5,0.7925069795675931,701.8757500648499
N8_E11b_T12a,N8,arxiv_sh_073,single_specific,test,1.0,0.7186324772096836,1.0,0.9062108257365612,701.8757500648499
N8_E11b_T12a,N8,arxiv_sh_074,single_specific,test,1.0,0.878193163974338,1.0,0.9593977213247794,701.8757500648499
N8_E11b_T12a,N8,arxiv_sh_075,single_specific,train,1.0,0.9002792896249243,1.0,0.966759763208308,701.8757500648499
N8_E11b_T12a,N8,arxiv_sh_076,single_specific,test,0.5,0.0,0.0,0.1666666666666666,701.8757500648499
N8_E11b_T12a,N8,arxiv_sh_077,single_specific,train,1.0,0.9667797397139118,1.0,0.9889265799046372,701.8757500648499
N8_E11b_T12a,N8,arxiv_sh_078,single_specific,train,1.0,0.9523346909828752,1.0,0.9841115636609584,701.8757500648499
N8_E11b_T12a,N8,arxiv_sh_079,single_specific,test,1.0,0.9684139358366796,1.0,0.98947131194556,701.8757500648499
N8_E11b_T12a,N8,arxiv_sh_080,single_specific,test,1.0,0.8986508143570311,1.0,0.9662169381190104,701.8757500648499
N8_E11b_T12a,N8,arxiv_sh_081,single_specific,train,1.0,0.9653532518005492,1.0,0.9884510839335164,701.8757500648499
N8_E11b_T12a,N8,arxiv_sh_082,single_specific,train,1.0,0.809868204020591,1.0,0.9366227346735304,701.8757500648499
N8_E11b_T12b,N8,arxiv_sh_000,single_specific,test,0.0,0.0,1.0,0.3333333333333333,624.2694888114929
N8_E11b_T12b,N8,arxiv_sh_001,single_specific,test,1.0,0.9634083538621852,1.0,0.9878027846207283,624.2694888114929
N8_E11b_T12b,N8,arxiv_sh_002,single_specific,test,1.0,0.8587441312755876,0.25,0.7029147104251958,624.2694888114929
N8_E11b_T12b,N8,arxiv_sh_003,single_specific,train,1.0,0.6943473221389912,1.0,0.8981157740463304,624.2694888114929
N8_E11b_T12b,N8,arxiv_sh_004,single_specific,train,0.0,0.9363148232761056,0.0,0.3121049410920352,624.2694888114929
N8_E11b_T12b,N8,arxiv_sh_005,single_specific,train,1.0,0.0,0.0,0.3333333333333333,624.2694888114929
N8_E11b_T12b,N8,arxiv_sh_006,single_specific,train,0.5,0.8716036109643317,1.0,0.7905345369881106,624.2694888114929
N8_E11b_T12b,N8,arxiv_sh_007,single_specific,train,1.0,0.0,0.0,0.3333333333333333,624.2694888114929
N8_E11b_T12b,N8,arxiv_sh_008,single_specific,train,0.6666666666666666,0.9552511635723084,1.0,0.8739726100796584,624.2694888114929
N8_E11b_T12b,N8,arxiv_sh_009,single_specific,train,1.0,0.9447813719453736,1.0,0.981593790648458,624.2694888114929
N8_E11b_T12b,N8,arxiv_sh_010,single_specific,test,0.5,0.9521517228807224,0.0,0.4840505742935742,624.2694888114929
N8_E11b_T12b,N8,arxiv_sh_011,single_specific,train,1.0,0.9781466891073975,1.0,0.9927155630357992,624.2694888114929
N8_E11b_T12b,N8,arxiv_sh_012,single_specific,train,0.5,0.9833179651107034,1.0,0.8277726550369011,624.2694888114929
N8_E11b_T12b,N8,arxiv_sh_013,single_specific,train,1.0,1.0,1.0,1.0,624.2694888114929
N8_E11b_T12b,N8,arxiv_sh_014,single_specific,train,1.0,0.8251332964945753,1.0,0.941711098831525,624.2694888114929
N8_E11b_T12b,N8,arxiv_sh_015,single_specific,test,1.0,0.957584221920872,1.0,0.9858614073069574,624.2694888114929
N8_E11b_T12b,N8,arxiv_sh_016,single_specific,test,0.8,0.8750384329731871,1.0,0.8916794776577289,624.2694888114929
N8_E11b_T12b,N8,arxiv_sh_017,single_specific,test,1.0,0.8278025551986213,1.0,0.9426008517328738,624.2694888114929
N8_E11b_T12b,N8,arxiv_sh_018,single_specific,test,1.0,0.6359147182229871,1.0,0.8786382394076623,624.2694888114929
N8_E11b_T12b,N8,arxiv_sh_019,single_specific,test,0.0,0.9999996687254664,1.0,0.6666665562418221,624.2694888114929
N8_E11b_T12b,N8,arxiv_sh_020,single_specific,train,1.0,0.9805711854873538,1.0,0.9935237284957846,624.2694888114929
N8_E11b_T12b,N8,arxiv_sh_021,single_specific,train,1.0,0.4222705720644604,1.0,0.8074235240214868,624.2694888114929
N8_E11b_T12b,N8,arxiv_sh_022,single_specific,test,1.0,0.863979846877426,0.0,0.6213266156258087,624.2694888114929
N8_E11b_T12b,N8,arxiv_sh_023,single_specific,test,1.0,0.8299753492552665,1.0,0.9433251164184222,624.2694888114929
N8_E11b_T12b,N8,arxiv_sh_024,single_specific,test,1.0,0.9627833400778432,1.0,0.9875944466926144,624.2694888114929
N8_E11b_T12b,N8,arxiv_sh_025,single_specific,train,0.8,0.854885685016396,1.0,0.8849618950054653,624.2694888114929
N8_E11b_T12b,N8,arxiv_sh_026,single_specific,train,1.0,0.9102637572916706,1.0,0.9700879190972236,624.2694888114929
N8_E11b_T12b,N8,arxiv_sh_027,single_specific,test,1.0,0.0,0.0,0.3333333333333333,624.2694888114929
N8_E11b_T12b,N8,arxiv_sh_028,single_specific,train,0.75,0.6997641982601944,1.0,0.8165880660867315,624.2694888114929
N8_E11b_T12b,N8,arxiv_sh_029,single_specific,test,1.0,0.967636307899372,1.0,0.989212102633124,624.2694888114929
N8_E11b_T12b,N8,arxiv_sh_030,single_specific,test,1.0,0.9521889081094428,1.0,0.9840629693698144,624.2694888114929
N8_E11b_T12b,N8,arxiv_sh_031,single_specific,test,0.6666666666666666,0.9668504686888894,1.0,0.8778390451185186,624.2694888114929
N8_E11b_T12b,N8,arxiv_sh_032,single_specific,test,1.0,0.9568229549784592,1.0,0.9856076516594864,624.2694888114929
N8_E11b_T12b,N8,arxiv_sh_033,single_specific,train,1.0,0.7964955005976555,0.0,0.5988318335325519,624.2694888114929
N8_E11b_T12b,N8,arxiv_sh_034,single_specific,train,1.0,0.9803398705965776,1.0,0.9934466235321926,624.2694888114929
N8_E11b_T12b,N8,arxiv_agg_000,aggregate_cross_paper,train,1.0,0.7491537307993368,1.0,0.9163845769331124,624.2694888114929
N8_E11b_T12b,N8,arxiv_agg_001,aggregate_cross_paper,test,0.5555555555555556,0.7768213694593553,0.0,0.444125641671637,624.2694888114929
N8_E11b_T12b,N8,arxiv_agg_002,aggregate_cross_paper,test,0.5,0.0,0.0,0.1666666666666666,624.2694888114929
N8_E11b_T12b,N8,arxiv_agg_003,aggregate_cross_paper,test,0.2,0.7897484320036914,0.0,0.3299161440012304,624.2694888114929
N8_E11b_T12b,N8,arxiv_agg_004,aggregate_cross_paper,train,1.0,0.8233423873227598,0.5,0.77444746244092,624.2694888114929
N8_E11b_T12b,N8,arxiv_agg_005,aggregate_cross_paper,train,1.0,0.7981269247987988,0.25,0.6827089749329329,624.2694888114929
N8_E11b_T12b,N8,arxiv_agg_006,aggregate_cross_paper,test,0.8571428571428571,0.7045041956629225,0.25,0.6038823509352599,624.2694888114929
N8_E11b_T12b,N8,arxiv_agg_007,aggregate_cross_paper,train,1.0,0.7210672636603234,1.0,0.9070224212201078,624.2694888114929
N8_E11b_T12b,N8,arxiv_agg_008,aggregate_cross_paper,test,1.0,0.7621854177891542,1.0,0.9207284725963848,624.2694888114929
N8_E11b_T12b,N8,arxiv_agg_009,aggregate_cross_paper,train,1.0,0.7228687636680643,1.0,0.9076229212226882,624.2694888114929
N8_E11b_T12b,N8,arxiv_agg_010,aggregate_cross_paper,train,0.8333333333333334,0.8161592386928446,1.0,0.8831641906753926,624.2694888114929
N8_E11b_T12b,N8,arxiv_agg_011,aggregate_cross_paper,train,0.6666666666666666,0.8188793965851352,0.25,0.5785153544172673,624.2694888114929
N8_E11b_T12b,N8,arxiv_agg_012,aggregate_cross_paper,train,0.7142857142857143,0.879570328851512,0.25,0.6146186810457421,624.2694888114929
N8_E11b_T12b,N8,arxiv_agg_013,aggregate_cross_paper,train,1.0,0.9232702969359436,0.75,0.8910900989786478,624.2694888114929
N8_E11b_T12b,N8,arxiv_agg_014,aggregate_cross_paper,test,0.3333333333333333,0.0,0.0,0.1111111111111111,624.2694888114929
N8_E11b_T12b,N8,arxiv_agg_015,aggregate_cross_paper,train,1.0,0.0,0.0,0.3333333333333333,624.2694888114929
N8_E11b_T12b,N8,arxiv_agg_016,aggregate_cross_paper,train,1.0,0.0,0.25,0.4166666666666667,624.2694888114929
N8_E11b_T12b,N8,arxiv_agg_017,aggregate_cross_paper,test,1.0,0.7378430969014791,0.5,0.7459476989671597,624.2694888114929
N8_E11b_T12b,N8,arxiv_agg_018,aggregate_cross_paper,train,0.5,0.6223665182449193,0.0,0.3741221727483064,624.2694888114929
N8_E11b_T12b,N8,arxiv_agg_019,aggregate_cross_paper,train,0.9,0.7206387464484156,0.0,0.5402129154828051,624.2694888114929
N8_E11b_T12b,N8,arxiv_agg_020,aggregate_cross_paper,test,0.375,0.6380734186742936,0.75,0.5876911395580978,624.2694888114929
N8_E11b_T12b,N8,arxiv_agg_021,aggregate_cross_paper,test,1.0,0.5254646339475767,0.5,0.6751548779825255,624.2694888114929
N8_E11b_T12b,N8,arxiv_agg_022,aggregate_cross_paper,train,0.5,0.7312909016195671,0.0,0.4104303005398557,624.2694888114929
N8_E11b_T12b,N8,arxiv_agg_023,aggregate_cross_paper,test,1.0,0.0,0.0,0.3333333333333333,624.2694888114929
N8_E11b_T12b,N8,arxiv_agg_024,aggregate_cross_paper,test,0.8,0.820478826305768,1.0,0.8734929421019227,624.2694888114929
N8_E11b_T12b,N8,arxiv_agg_025,aggregate_cross_paper,train,0.3333333333333333,0.709436302256978,0.0,0.3475898785301037,624.2694888114929
N8_E11b_T12b,N8,arxiv_agg_026,aggregate_cross_paper,train,1.0,0.7992883591596284,0.0,0.5997627863865428,624.2694888114929
N8_E11b_T12b,N8,arxiv_agg_027,aggregate_cross_paper,train,1.0,0.0,0.0,0.3333333333333333,624.2694888114929
N8_E11b_T12b,N8,arxiv_agg_028,aggregate_cross_paper,train,1.0,0.5590912378425135,0.0,0.5196970792808379,624.2694888114929
N8_E11b_T12b,N8,arxiv_agg_029,aggregate_cross_paper,test,1.0,0.5973683425186094,1.0,0.8657894475062031,624.2694888114929
N8_E11b_T12b,N8,arxiv_agg_030,aggregate_cross_paper,train,1.0,0.0,0.0,0.3333333333333333,624.2694888114929
N8_E11b_T12b,N8,arxiv_agg_031,aggregate_cross_paper,train,1.0,0.7516254064243549,0.25,0.6672084688081182,624.2694888114929
N8_E11b_T12b,N8,arxiv_agg_032,aggregate_cross_paper,test,1.0,0.8984497414069542,1.0,0.966149913802318,624.2694888114929
N8_E11b_T12b,N8,arxiv_edge_000,edge_multihop,test,0.6666666666666666,0.6460752457313942,1.0,0.7709139707993536,624.2694888114929
N8_E11b_T12b,N8,arxiv_edge_001,edge_multihop,test,0.4285714285714285,0.8698137360801833,1.0,0.766128388217204,624.2694888114929
N8_E11b_T12b,N8,arxiv_edge_002,edge_multihop,test,0.875,0.0,1.0,0.625,624.2694888114929
N8_E11b_T12b,N8,arxiv_edge_003,edge_multihop,test,1.0,0.0,0.0,0.3333333333333333,624.2694888114929
N8_E11b_T12b,N8,arxiv_edge_004,edge_multihop,test,1.0,0.3905170693425137,0.0,0.4635056897808379,624.2694888114929
N8_E11b_T12b,N8,arxiv_edge_005,edge_multihop,train,0.2857142857142857,0.8036582377925705,1.0,0.6964575078356187,624.2694888114929
N8_E11b_T12b,N8,arxiv_edge_006,edge_multihop,test,1.0,0.0,0.0,0.3333333333333333,624.2694888114929
N8_E11b_T12b,N8,arxiv_edge_007,edge_multihop,test,1.0,0.0,1.0,0.6666666666666666,624.2694888114929
N8_E11b_T12b,N8,arxiv_edge_008,edge_multihop,test,0.6,0.7706495263377834,1.0,0.7902165087792611,624.2694888114929
N8_E11b_T12b,N8,arxiv_edge_009,edge_multihop,train,0.8333333333333334,0.8511464481743466,1.0,0.8948265938358934,624.2694888114929
N8_E11b_T12b,N8,arxiv_edge_010,edge_multihop,train,0.625,0.849519372173486,0.5,0.6581731240578287,624.2694888114929
N8_E11b_T12b,N8,arxiv_edge_011,edge_multihop,test,0.5714285714285714,0.6334457739395154,0.0,0.4016247817893623,624.2694888114929
N8_E11b_T12b,N8,arxiv_edge_012,edge_multihop,test,0.3333333333333333,0.0,0.0,0.1111111111111111,624.2694888114929
N8_E11b_T12b,N8,arxiv_edge_013,edge_multihop,test,0.2857142857142857,0.4189165832892529,0.0,0.2348769563345128,624.2694888114929
N8_E11b_T12b,N8,arxiv_edge_014,edge_multihop,test,0.625,0.5607797855995539,0.75,0.6452599285331847,624.2694888114929
N8_E11b_T12b,N8,arxiv_edge_015,edge_multihop,train,0.6666666666666666,0.9088888656947288,1.0,0.8585185107871318,624.2694888114929
N8_E11b_T12b,N8,arxiv_edge_016,edge_multihop,train,0.75,0.0,0.0,0.25,624.2694888114929
N8_E11b_T12b,N8,arxiv_edge_017,edge_multihop,train,0.375,0.7351165987833056,0.0,0.3700388662611019,624.2694888114929
N8_E11b_T12b,N8,arxiv_edge_018,edge_multihop,train,0.7777777777777778,0.6479175691904758,0.0,0.4752317823227512,624.2694888114929
N8_E11b_T12b,N8,arxiv_edge_019,edge_multihop,train,0.8,0.832126694625146,0.0,0.5440422315417154,624.2694888114929
N8_E11b_T12b,N8,arxiv_edge_020,edge_multihop,train,1.0,0.8965592547244471,0.75,0.8821864182414824,624.2694888114929
N8_E11b_T12b,N8,arxiv_edge_021,edge_multihop,test,1.0,0.8122588016428204,1.0,0.9374196005476068,624.2694888114929
N8_E11b_T12b,N8,arxiv_edge_022,edge_multihop,test,0.7777777777777778,0.7598027969581949,0.0,0.5125268582453243,624.2694888114929
N8_E11b_T12b,N8,arxiv_edge_023,edge_multihop,train,0.4,0.7530668076553191,0.0,0.384355602551773,624.2694888114929
N8_E11b_T12b,N8,arxiv_edge_024,edge_multihop,train,1.0,0.0,0.0,0.3333333333333333,624.2694888114929
N8_E11b_T12b,N8,arxiv_edge_025,edge_multihop,train,0.7142857142857143,0.4993639154234589,0.0,0.4045498765697244,624.2694888114929
N8_E11b_T12b,N8,arxiv_edge_026,edge_multihop,test,0.6,0.8070780219413642,1.0,0.8023593406471213,624.2694888114929
N8_E11b_T12b,N8,arxiv_edge_027,edge_multihop,test,1.0,0.0,0.75,0.5833333333333334,624.2694888114929
N8_E11b_T12b,N8,arxiv_edge_028,edge_multihop,test,0.75,0.0,0.0,0.25,624.2694888114929
N8_E11b_T12b,N8,arxiv_edge_029,edge_multihop,train,0.2857142857142857,0.6817875772705331,0.0,0.3225006209949396,624.2694888114929
N8_E11b_T12b,N8,arxiv_edge_030,edge_multihop,train,0.3333333333333333,0.0,1.0,0.4444444444444444,624.2694888114929
N8_E11b_T12b,N8,arxiv_edge_031,edge_multihop,test,0.6666666666666666,0.7305229311381084,1.0,0.7990631992682583,624.2694888114929
N8_E11b_T12b,N8,arxiv_edge_032,edge_multihop,test,0.4,0.7052198667794447,0.0,0.3684066222598148,624.2694888114929
N8_E11b_T12b,N8,arxiv_edge_033,edge_multihop,test,1.0,0.4741466118004687,0.75,0.7413822039334895,624.2694888114929
N8_E11b_T12b,N8,arxiv_sh_035,single_specific,test,1.0,0.9384659203171608,1.0,0.9794886401057205,624.2694888114929
N8_E11b_T12b,N8,arxiv_sh_036,single_specific,train,1.0,0.9964042147519496,1.0,0.9988014049173164,624.2694888114929
N8_E11b_T12b,N8,arxiv_sh_037,single_specific,test,1.0,0.7229208513593502,1.0,0.90764028378645,624.2694888114929
N8_E11b_T12b,N8,arxiv_sh_038,single_specific,test,1.0,0.9118376299497708,1.0,0.9706125433165904,624.2694888114929
N8_E11b_T12b,N8,arxiv_sh_039,single_specific,test,1.0,0.9909273390454126,1.0,0.9969757796818044,624.2694888114929
N8_E11b_T12b,N8,arxiv_sh_040,single_specific,train,1.0,0.6143729929771885,1.0,0.8714576643257295,624.2694888114929
N8_E11b_T12b,N8,arxiv_sh_041,single_specific,test,0.75,0.9511673792380408,1.0,0.9003891264126803,624.2694888114929
N8_E11b_T12b,N8,arxiv_sh_042,single_specific,train,0.75,0.8809692949611146,1.0,0.8769897649870382,624.2694888114929
N8_E11b_T12b,N8,arxiv_sh_043,single_specific,test,1.0,0.959492585596395,1.0,0.9864975285321316,624.2694888114929
N8_E11b_T12b,N8,arxiv_sh_044,single_specific,train,1.0,0.785242574495734,1.0,0.928414191498578,624.2694888114929
N8_E11b_T12b,N8,arxiv_sh_045,single_specific,train,0.8,0.6125818101534789,0.0,0.4708606033844929,624.2694888114929
N8_E11b_T12b,N8,arxiv_sh_046,single_specific,train,0.5,0.9051645809148754,1.0,0.8017215269716251,624.2694888114929
N8_E11b_T12b,N8,arxiv_sh_047,single_specific,train,1.0,0.9408610723452764,1.0,0.9802870241150922,624.2694888114929
N8_E11b_T12b,N8,arxiv_sh_048,single_specific,train,1.0,0.9212255780753242,1.0,0.9737418593584414,624.2694888114929
N8_E11b_T12b,N8,arxiv_sh_049,single_specific,test,1.0,0.7401438142396061,1.0,0.913381271413202,624.2694888114929
N8_E11b_T12b,N8,arxiv_sh_050,single_specific,train,1.0,0.9860119335490444,1.0,0.9953373111830148,624.2694888114929
N8_E11b_T12b,N8,arxiv_sh_051,single_specific,test,1.0,0.9718996459022028,1.0,0.9906332153007344,624.2694888114929
N8_E11b_T12b,N8,arxiv_sh_052,single_specific,test,1.0,0.649873622944022,1.0,0.8832912076480074,624.2694888114929
N8_E11b_T12b,N8,arxiv_sh_053,single_specific,train,1.0,0.8257940631725559,1.0,0.941931354390852,624.2694888114929
N8_E11b_T12b,N8,arxiv_sh_054,single_specific,test,1.0,0.7723394371331767,1.0,0.9241131457110588,624.2694888114929
N8_E11b_T12b,N8,arxiv_sh_055,single_specific,test,1.0,0.9190813583047128,1.0,0.9730271194349044,624.2694888114929
N8_E11b_T12b,N8,arxiv_sh_056,single_specific,test,1.0,0.0,1.0,0.6666666666666666,624.2694888114929
N8_E11b_T12b,N8,arxiv_sh_057,single_specific,train,1.0,0.8028465028142852,1.0,0.9342821676047616,624.2694888114929
N8_E11b_T12b,N8,arxiv_sh_058,single_specific,test,1.0,0.9617383299149272,1.0,0.9872461099716424,624.2694888114929
N8_E11b_T12b,N8,arxiv_sh_059,single_specific,train,1.0,0.9301417418585302,1.0,0.9767139139528432,624.2694888114929
N8_E11b_T12b,N8,arxiv_sh_060,single_specific,train,1.0,0.9760340137345228,1.0,0.9920113379115078,624.2694888114929
N8_E11b_T12b,N8,arxiv_sh_061,single_specific,train,0.0,0.0,1.0,0.3333333333333333,624.2694888114929
N8_E11b_T12b,N8,arxiv_sh_062,single_specific,train,1.0,0.0,0.0,0.3333333333333333,624.2694888114929
N8_E11b_T12b,N8,arxiv_sh_063,single_specific,test,0.5,0.0,0.0,0.1666666666666666,624.2694888114929
N8_E11b_T12b,N8,arxiv_sh_064,single_specific,test,1.0,0.8695205399444309,1.0,0.9565068466481436,624.2694888114929
N8_E11b_T12b,N8,arxiv_sh_065,single_specific,train,0.5,0.7914445518604554,0.5,0.5971481839534851,624.2694888114929
N8_E11b_T12b,N8,arxiv_sh_066,single_specific,test,1.0,0.993733585705052,1.0,0.9979111952350174,624.2694888114929
N8_E11b_T12b,N8,arxiv_sh_067,single_specific,test,1.0,0.0,0.0,0.3333333333333333,624.2694888114929
N8_E11b_T12b,N8,arxiv_sh_068,single_specific,test,1.0,0.9863393674347404,1.0,0.9954464558115802,624.2694888114929
N8_E11b_T12b,N8,arxiv_sh_069,single_specific,test,0.6666666666666666,0.0,0.0,0.2222222222222222,624.2694888114929
N8_E11b_T12b,N8,arxiv_sh_070,single_specific,test,1.0,0.8613830478547678,0.0,0.6204610159515892,624.2694888114929
N8_E11b_T12b,N8,arxiv_sh_071,single_specific,train,1.0,0.9415526340809356,1.0,0.9805175446936452,624.2694888114929
N8_E11b_T12b,N8,arxiv_sh_072,single_specific,test,1.0,0.8775123611228898,0.5,0.7925041203742965,624.2694888114929
N8_E11b_T12b,N8,arxiv_sh_073,single_specific,test,1.0,0.7242751476465703,1.0,0.90809171588219,624.2694888114929
N8_E11b_T12b,N8,arxiv_sh_074,single_specific,test,1.0,0.9219863667532464,1.0,0.9739954555844156,624.2694888114929
N8_E11b_T12b,N8,arxiv_sh_075,single_specific,train,1.0,0.8491586336425532,1.0,0.9497195445475176,624.2694888114929
N8_E11b_T12b,N8,arxiv_sh_076,single_specific,test,0.5,0.0,0.0,0.1666666666666666,624.2694888114929
N8_E11b_T12b,N8,arxiv_sh_077,single_specific,train,1.0,0.9999999999999998,1.0,1.0,624.2694888114929
N8_E11b_T12b,N8,arxiv_sh_078,single_specific,train,1.0,0.9523330704528986,1.0,0.9841110234842996,624.2694888114929
N8_E11b_T12b,N8,arxiv_sh_079,single_specific,test,1.0,0.9684139358366796,1.0,0.98947131194556,624.2694888114929
N8_E11b_T12b,N8,arxiv_sh_080,single_specific,test,1.0,0.8913430765464533,1.0,0.9637810255154844,624.2694888114929
N8_E11b_T12b,N8,arxiv_sh_081,single_specific,train,1.0,0.96536452617637,1.0,0.98845484205879,624.2694888114929
N8_E11b_T12b,N8,arxiv_sh_082,single_specific,train,1.0,0.8134993476253222,1.0,0.9378331158751072,624.2694888114929
N7_E10b_T12a,N7,arxiv_agg_033,aggregate_cross_paper,train,0.5,0.4994447488637193,0.25,0.4164815829545731,369.3876028060913
N7_E10b_T12a,N7,arxiv_agg_034,aggregate_cross_paper,train,0.75,0.5666073808666261,1.0,0.7722024602888754,369.3876028060913
N7_E10b_T12a,N7,arxiv_agg_035,aggregate_cross_paper,train,0.6,0.623131351469052,0.75,0.657710450489684,369.3876028060913
N7_E10b_T12a,N7,arxiv_agg_036,aggregate_cross_paper,test,1.0,0.7448936111205058,0.0,0.5816312037068353,369.3876028060913
N7_E10b_T12a,N7,arxiv_agg_037,aggregate_cross_paper,test,0.75,0.0,0.5,0.4166666666666667,369.3876028060913
N7_E10b_T12a,N7,arxiv_agg_038,aggregate_cross_paper,test,1.0,0.6203088237368373,1.0,0.8734362745789458,369.3876028060913
N7_E10b_T12a,N7,arxiv_agg_039,aggregate_cross_paper,train,0.6666666666666666,0.8779525551438616,1.0,0.848206407270176,369.3876028060913
N7_E10b_T12a,N7,arxiv_agg_040,aggregate_cross_paper,train,0.8,0.7683821084596903,1.0,0.8561273694865634,369.3876028060913
N7_E10b_T12a,N7,arxiv_agg_041,aggregate_cross_paper,test,0.3333333333333333,0.7234709792960533,0.5,0.5189347708764622,369.3876028060913
N7_E10b_T12a,N7,arxiv_agg_042,aggregate_cross_paper,train,0.6666666666666666,0.7364899918696697,0.75,0.7177188861787788,369.3876028060913
N7_E10b_T12a,N7,arxiv_agg_043,aggregate_cross_paper,test,0.42857142857142855,0.9208298243141266,0.0,0.4498004176285184,369.3876028060913
N7_E10b_T12a,N7,arxiv_agg_044,aggregate_cross_paper,train,0.6666666666666666,0.7315706655033067,0.25,0.5494124440566578,369.3876028060913
N7_E10b_T12a,N7,arxiv_agg_045,aggregate_cross_paper,train,0.5,0.7899615450250765,0.75,0.6799871816750255,369.3876028060913
N7_E10b_T12a,N7,arxiv_agg_046,aggregate_cross_paper,test,1.0,0.7278811676901855,0.25,0.6592937225633951,369.3876028060913
N7_E10b_T12a,N7,arxiv_agg_047,aggregate_cross_paper,train,1.0,0.6276002654631913,0.0,0.5425334218210637,369.3876028060913
N7_E10b_T12a,N7,arxiv_agg_048,aggregate_cross_paper,test,0.8333333333333334,0.702503927178299,1.0,0.8452790868372109,369.3876028060913
N7_E10b_T12a,N7,arxiv_agg_049,aggregate_cross_paper,train,0.8571428571428571,0.626781621002323,1.0,0.8279748260483935,369.3876028060913
N7_E10b_T12a,N7,arxiv_agg_050,aggregate_cross_paper,test,1.0,0.0,0.25,0.4166666666666667,369.3876028060913
N7_E10b_T12a,N7,arxiv_agg_051,aggregate_cross_paper,test,1.0,0.7884490867422834,0.0,0.5961496955807611,369.3876028060913
N7_E10b_T12a,N7,arxiv_agg_052,aggregate_cross_paper,test,1.0,0.7737154130066841,1.0,0.9245718043355614,369.3876028060913
N7_E10b_T12a,N7,arxiv_agg_053,aggregate_cross_paper,train,1.0,0.3126360884489611,0.25,0.5208786961496538,369.3876028060913
N7_E10b_T12a,N7,arxiv_agg_054,aggregate_cross_paper,test,1.0,0.0,0.5,0.5,369.3876028060913
N7_E10b_T12a,N7,arxiv_agg_055,aggregate_cross_paper,train,1.0,0.802362578764078,1.0,0.934120859588026,369.3876028060913
N7_E10b_T12a,N7,arxiv_agg_056,aggregate_cross_paper,test,0.8333333333333334,0.6601432980043795,0.5,0.6644922104459043,369.3876028060913
N7_E10b_T12a,N7,arxiv_agg_057,aggregate_cross_paper,test,1.0,0.7312310386490901,0.0,0.57707701288303,369.3876028060913
N7_E10b_T12a,N7,arxiv_agg_058,aggregate_cross_paper,test,1.0,0.5842764623240736,0.0,0.5280921541080246,369.3876028060913
N7_E10b_T12a,N7,arxiv_agg_059,aggregate_cross_paper,test,1.0,0.7881216482596595,0.5,0.7627072160865532,369.3876028060913
N7_E10b_T12a,N7,arxiv_agg_060,aggregate_cross_paper,test,1.0,0.6754868798850931,0.25,0.6418289599616976,369.3876028060913
N7_E10b_T12a,N7,arxiv_agg_061,aggregate_cross_paper,test,1.0,0.0,0.25,0.4166666666666667,369.3876028060913
N7_E10b_T12a,N7,arxiv_agg_062,aggregate_cross_paper,train,0.6,0.8277294004372803,0.25,0.5592431334790934,369.3876028060913
N7_E10b_T12a,N7,arxiv_agg_063,aggregate_cross_paper,test,1.0,0.6444627164261844,0.75,0.7981542388087282,369.3876028060913
N7_E10b_T12a,N7,arxiv_agg_064,aggregate_cross_paper,test,0.5714285714285714,0.6842137247796345,0.0,0.418547432069402,369.3876028060913
N7_E10b_T12a,N7,arxiv_agg_065,aggregate_cross_paper,train,0.4444444444444444,0.651885919244621,0.0,0.36544345456302185,369.3876028060913
N7_E10b_T12a,N7,arxiv_agg_066,aggregate_cross_paper,train,0.875,0.0,0.0,0.2916666666666667,369.3876028060913
N7_E10b_T12a,N7,arxiv_agg_067,aggregate_cross_paper,test,0.6,0.7778674212169324,0.0,0.4592891404056441,369.3876028060913
N7_E10b_T12a,N7,arxiv_agg_068,aggregate_cross_paper,test,0.7272727272727273,0.9210965290921247,0.5,0.7161230854549506,369.3876028060913
N7_E10b_T12a,N7,arxiv_agg_069,aggregate_cross_paper,train,1.0,0.5615705886517824,1.0,0.8538568628839275,369.3876028060913
N7_E10b_T12a,N7,arxiv_agg_070,aggregate_cross_paper,train,0.75,0.0,0.25,0.3333333333333333,369.3876028060913
N7_E10b_T12a,N7,arxiv_agg_071,aggregate_cross_paper,test,0.875,0.574996521380317,0.75,0.7333321737934391,369.3876028060913
N7_E10b_T12a,N7,arxiv_agg_072,aggregate_cross_paper,train,0.75,0.5402982515291631,0.5,0.5967660838430544,369.3876028060913
N7_E10b_T12a,N7,arxiv_agg_073,aggregate_cross_paper,train,0.6666666666666666,0.7826787938426125,1.0,0.8164484868364265,369.3876028060913
N7_E10b_T12a,N7,arxiv_agg_074,aggregate_cross_paper,test,1.0,0.6872085778448124,1.0,0.8957361926149375,369.3876028060913
N7_E10b_T12a,N7,arxiv_agg_075,aggregate_cross_paper,test,0.5,0.0,0.5,0.3333333333333333,369.3876028060913
N7_E10b_T12a,N7,arxiv_agg_076,aggregate_cross_paper,train,0.75,0.91797136209741,0.0,0.5559904540324699,369.3876028060913
N7_E10b_T12a,N7,arxiv_agg_077,aggregate_cross_paper,train,0.8333333333333334,0.577549572524254,1.0,0.8036276352858623,369.3876028060913
N7_E10b_T12a,N7,arxiv_agg_078,aggregate_cross_paper,test,0.5,0.6871222989945834,0.0,0.39570743299819444,369.3876028060913
N7_E10b_T12a,N7,arxiv_agg_079,aggregate_cross_paper,test,0.125,0.7858638958125428,0.75,0.553621298604181,369.3876028060913
N7_E10b_T12a,N7,arxiv_agg_080,aggregate_cross_paper,train,0.6,0.6903312616778082,0.0,0.4301104205592694,369.3876028060913
N7_E10b_T12a,N7,arxiv_agg_081,aggregate_cross_paper,train,0.6,0.660098093604903,0.5,0.5866993645349677,369.3876028060913
N7_E10b_T12a,N7,arxiv_agg_082,aggregate_cross_paper,test,0.8888888888888888,0.8085411192051232,0.0,0.565810002698004,369.3876028060913
N7_E10b_T12a,N7,arxiv_agg_083,aggregate_cross_paper,train,1.0,0.8322949499774929,1.0,0.9440983166591642,369.3876028060913
N7_E10b_T12a,N7,arxiv_agg_084,aggregate_cross_paper,test,0.2222222222222222,0.706074943949027,0.0,0.30943238872374973,369.3876028060913
N7_E10b_T12a,N7,arxiv_agg_085,aggregate_cross_paper,train,0.5714285714285714,0.7085636898883945,0.25,0.5099974204389887,369.3876028060913
N7_E10b_T12a,N7,arxiv_agg_086,aggregate_cross_paper,test,0.8,0.9691278680050687,0.0,0.589709289335023,369.3876028060913
N7_E10b_T12a,N7,arxiv_agg_087,aggregate_cross_paper,test,0.3333333333333333,0.0,1.0,0.4444444444444444,369.3876028060913
N7_E10b_T12a,N7,arxiv_agg_088,aggregate_cross_paper,train,0.0,0.8468276339084805,0.5,0.4489425446361602,369.3876028060913
N7_E10b_T12a,N7,arxiv_agg_089,aggregate_cross_paper,test,1.0,0.792804043847779,1.0,0.930934681282593,369.3876028060913
N7_E10b_T12a,N7,arxiv_agg_090,aggregate_cross_paper,train,1.0,0.755829517285678,1.0,0.9186098390952261,369.3876028060913
N7_E10b_T12a,N7,arxiv_agg_091,aggregate_cross_paper,test,1.0,0.7188993477338189,1.0,0.9062997825779396,369.3876028060913
N7_E10b_T12a,N7,arxiv_agg_092,aggregate_cross_paper,test,0.25,0.8848881081686714,1.0,0.7116293693895571,369.3876028060913
N7_E10b_T12a,N7,arxiv_agg_093,aggregate_cross_paper,train,0.7142857142857143,0.8545634513606994,1.0,0.8562830552154712,369.3876028060913
N7_E10b_T12a,N7,arxiv_agg_094,aggregate_cross_paper,test,0.5,0.9078316922369101,0.5,0.6359438974123034,369.3876028060913
N7_E10b_T12a,N7,arxiv_agg_095,aggregate_cross_paper,train,0.5555555555555556,0.7355135360617374,0.25,0.5136896972057644,369.3876028060913
N7_E10b_T12a,N7,arxiv_agg_096,aggregate_cross_paper,train,0.875,0.0,0.0,0.2916666666666667,369.3876028060913
N7_E10b_T12a,N7,arxiv_agg_097,aggregate_cross_paper,test,0.7777777777777778,0.8370231229165651,0.25,0.6216003002314476,369.3876028060913
N7_E10b_T12a,N7,arxiv_agg_098,aggregate_cross_paper,test,0.75,0.0,0.0,0.25,369.3876028060913
N7_E10b_T12a,N7,arxiv_agg_099,aggregate_cross_paper,test,1.0,0.7830835560128996,0.5,0.7610278520042999,369.3876028060913
N7_E10b_T12a,N7,arxiv_edge_034,edge_multihop,test,0.2,0.6232405159698575,0.0,0.27441350532328584,369.3876028060913
N7_E10b_T12a,N7,arxiv_edge_035,edge_multihop,test,1.0,0.8518740804093357,1.0,0.9506246934697785,369.3876028060913
N7_E10b_T12a,N7,arxiv_edge_036,edge_multihop,test,0.625,0.6638544903026474,0.25,0.5129514967675491,369.3876028060913
N7_E10b_T12a,N7,arxiv_edge_037,edge_multihop,train,0.5,0.0,0.5,0.3333333333333333,369.3876028060913
N7_E10b_T12a,N7,arxiv_edge_038,edge_multihop,test,1.0,0.8000978368609131,1.0,0.9333659456203044,369.3876028060913
N7_E10b_T12a,N7,arxiv_edge_039,edge_multihop,train,1.0,0.8740240806574725,0.25,0.7080080268858242,369.3876028060913
N7_E10b_T12a,N7,arxiv_edge_040,edge_multihop,test,0.3333333333333333,0.6475334665592959,0.25,0.41028893329754307,369.3876028060913
N7_E10b_T12a,N7,arxiv_edge_041,edge_multihop,test,0.75,0.0,0.0,0.25,369.3876028060913
N7_E10b_T12a,N7,arxiv_edge_042,edge_multihop,test,0.8333333333333334,0.4888756926162314,0.0,0.44073634198318823,369.3876028060913
N7_E10b_T12a,N7,arxiv_edge_043,edge_multihop,test,1.0,0.9171924304452659,0.0,0.6390641434817553,369.3876028060913
N7_E10b_T12a,N7,arxiv_edge_044,edge_multihop,test,0.2,0.8770425207383983,0.75,0.6090141735794661,369.3876028060913
N7_E10b_T12a,N7,arxiv_edge_045,edge_multihop,train,0.75,0.6999477234302547,0.0,0.4833159078100849,369.3876028060913
N7_E10b_T12a,N7,arxiv_edge_046,edge_multihop,test,1.0,0.6827531217387166,0.0,0.5609177072462389,369.3876028060913
N7_E10b_T12a,N7,arxiv_edge_047,edge_multihop,test,1.0,0.5605769599348892,1.0,0.8535256533116297,369.3876028060913
N7_E10b_T12a,N7,arxiv_edge_048,edge_multihop,train,0.5714285714285714,0.7432768234291931,0.0,0.4382351316192548,369.3876028060913
N7_E10b_T12a,N7,arxiv_edge_049,edge_multihop,train,0.6,0.7953587788556504,0.0,0.4651195929518835,369.3876028060913
N7_E10b_T12a,N7,arxiv_edge_050,edge_multihop,test,0.6666666666666666,0.611331118086732,0.5,0.592665928251133,369.3876028060913
N7_E10b_T12a,N7,arxiv_edge_051,edge_multihop,test,1.0,0.8779668980927795,0.25,0.7093222993642598,369.3876028060913
N7_E10b_T12a,N7,arxiv_edge_052,edge_multihop,train,0.875,0.7884630257532093,0.25,0.637821008584403,369.3876028060913
N7_E10b_T12a,N7,arxiv_edge_053,edge_multihop,train,1.0,0.8341007697956064,0.75,0.861366923265202,369.3876028060913
N7_E10b_T12a,N7,arxiv_edge_054,edge_multihop,train,1.0,0.8363358124769286,0.25,0.6954452708256428,369.3876028060913
N7_E10b_T12a,N7,arxiv_edge_055,edge_multihop,train,0.4,0.7141611082900546,0.0,0.3713870360966849,369.3876028060913
N7_E10b_T12a,N7,arxiv_edge_056,edge_multihop,train,0.42857142857142855,0.8738729176878127,0.5,0.6008147820864137,369.3876028060913
N7_E10b_T12a,N7,arxiv_edge_057,edge_multihop,train,0.8333333333333334,0.8764408729380758,0.5,0.7365914020904697,369.3876028060913
N7_E10b_T12a,N7,arxiv_edge_058,edge_multihop,train,0.0,0.9364863487110564,0.5,0.47882878290368547,369.3876028060913
N7_E10b_T12a,N7,arxiv_edge_059,edge_multihop,train,1.0,0.863971628763313,1.0,0.9546572095877709,369.3876028060913
N7_E10b_T12a,N7,arxiv_edge_060,edge_multihop,train,0.5,0.8312367935682329,0.0,0.44374559785607764,369.3876028060913
N7_E10b_T12a,N7,arxiv_edge_061,edge_multihop,test,1.0,0.6829053291766694,1.0,0.8943017763922231,369.3876028060913
N7_E10b_T12a,N7,arxiv_edge_062,edge_multihop,test,0.8,0.5701385821508329,0.75,0.7067128607169444,369.3876028060913
N7_E10b_T12a,N7,arxiv_edge_063,edge_multihop,train,1.0,0.0,0.0,0.3333333333333333,369.3876028060913
N7_E10b_T12a,N7,arxiv_edge_064,edge_multihop,test,0.0,0.7920815255653445,0.0,0.26402717518844815,369.3876028060913
N7_E10b_T12a,N7,arxiv_edge_065,edge_multihop,train,0.5555555555555556,0.0,1.0,0.5185185185185185,369.3876028060913
N7_E10b_T12a,N7,arxiv_edge_066,edge_multihop,train,0.75,0.0,0.0,0.25,369.3876028060913
N7_E10b_T12a,N7,arxiv_edge_067,edge_multihop,train,1.0,0.9092096294943786,0.5,0.8030698764981262,369.3876028060913
N7_E10b_T12a,N7,arxiv_edge_068,edge_multihop,test,0.42857142857142855,0.7533374193170327,0.25,0.47730294929615374,369.3876028060913
N7_E10b_T12a,N7,arxiv_edge_069,edge_multihop,test,0.7777777777777778,0.5419666255862945,1.0,0.7732481344546908,369.3876028060913
N7_E10b_T12a,N7,arxiv_edge_070,edge_multihop,test,0.6666666666666666,0.7696735014290242,0.0,0.47878005603189694,369.3876028060913
N7_E10b_T12a,N7,arxiv_edge_071,edge_multihop,test,1.0,0.8130807372894827,1.0,0.9376935790964942,369.3876028060913
N7_E10b_T12a,N7,arxiv_edge_072,edge_multihop,test,0.6666666666666666,0.7516196396559099,1.0,0.8060954354408588,369.3876028060913
N7_E10b_T12a,N7,arxiv_edge_073,edge_multihop,train,0.6666666666666666,0.7796081866550224,0.0,0.48209161777389636,369.3876028060913
N7_E10b_T12a,N7,arxiv_edge_074,edge_multihop,train,0.7142857142857143,0.8598477612794344,1.0,0.8580444918550496,369.3876028060913
N7_E10b_T12a,N7,arxiv_edge_075,edge_multihop,train,0.375,0.83143606701475,1.0,0.7354786890049168,369.3876028060913
N7_E10b_T12a,N7,arxiv_edge_076,edge_multihop,train,1.0,0.6262543585809306,1.0,0.8754181195269769,369.3876028060913
N7_E10b_T12a,N7,arxiv_edge_077,edge_multihop,test,0.2857142857142857,0.8299053428367378,0.25,0.4552065428503411,369.3876028060913
N7_E10b_T12a,N7,arxiv_edge_078,edge_multihop,train,0.8,0.5325314414060727,0.0,0.44417714713535755,369.3876028060913
N7_E10b_T12a,N7,arxiv_edge_079,edge_multihop,train,1.0,0.881526583870078,1.0,0.960508861290026,369.3876028060913
N7_E10b_T12a,N7,arxiv_edge_080,edge_multihop,test,0.375,0.5868637276565278,0.0,0.32062124255217594,369.3876028060913
N7_E10b_T12a,N7,arxiv_edge_081,edge_multihop,train,1.0,0.806676534097491,0.25,0.6855588446991637,369.3876028060913
N7_E10b_T12a,N7,arxiv_edge_082,edge_multihop,train,1.0,0.7947818675082042,0.25,0.6815939558360681,369.3876028060913
N7_E10b_T12a,N7,arxiv_edge_083,edge_multihop,train,0.75,0.8248138880674176,1.0,0.8582712960224725,369.3876028060913
N7_E10b_T12a,N7,arxiv_edge_084,edge_multihop,test,0.8,0.7858729773942517,1.0,0.8619576591314173,369.3876028060913
N7_E10b_T12a,N7,arxiv_edge_085,edge_multihop,train,0.8,0.7889569815780438,1.0,0.8629856605260146,369.3876028060913
N7_E10b_T12a,N7,arxiv_edge_086,edge_multihop,train,0.8,0.8137189617840981,0.75,0.7879063205946993,369.3876028060913
N7_E10b_T12a,N7,arxiv_edge_087,edge_multihop,train,0.8,0.7154030557405296,1.0,0.8384676852468432,369.3876028060913
N7_E10b_T12a,N7,arxiv_edge_088,edge_multihop,train,0.8,0.7547949014269101,0.75,0.7682649671423034,369.3876028060913
N7_E10b_T12a,N7,arxiv_edge_089,edge_multihop,train,0.75,0.8458465601532139,0.75,0.7819488533844047,369.3876028060913
N7_E10b_T12a,N7,arxiv_edge_090,edge_multihop,train,0.8571428571428571,0.6451163532049929,0.25,0.5840864034492833,369.3876028060913
N7_E10b_T12a,N7,arxiv_edge_091,edge_multihop,test,0.5,0.8043749507450851,0.5,0.6014583169150284,369.3876028060913
N7_E10b_T12a,N7,arxiv_edge_092,edge_multihop,test,0.75,0.5485021215137771,0.0,0.43283404050459234,369.3876028060913
N7_E10b_T12a,N7,arxiv_edge_093,edge_multihop,train,0.5,0.7006517231155086,0.75,0.6502172410385029,369.3876028060913
N7_E10b_T12a,N7,arxiv_edge_094,edge_multihop,test,0.875,0.776448313373833,1.0,0.8838161044579443,369.3876028060913
N7_E10b_T12a,N7,arxiv_edge_095,edge_multihop,test,0.7142857142857143,0.6243683035498608,0.0,0.44621800594519173,369.3876028060913
N7_E10b_T12a,N7,arxiv_edge_096,edge_multihop,test,0.8571428571428571,0.7166003516817813,0.0,0.5245810696082128,369.3876028060913
N7_E10b_T12a,N7,arxiv_edge_097,edge_multihop,test,0.3333333333333333,0.8193503284602279,0.75,0.6342278872645204,369.3876028060913
N7_E10b_T12a,N7,arxiv_edge_098,edge_multihop,train,0.42857142857142855,0.5977689860773062,0.25,0.4254468048829116,369.3876028060913
N7_E10b_T12a,N7,arxiv_edge_099,edge_multihop,train,0.875,0.6932056167884925,0.0,0.5227352055961642,369.3876028060913
N7_E10b_T12a,N7,arxiv_sh_083,single_specific,train,0.6666666666666666,0.8501574576807313,1.0,0.838941374782466,369.3876028060913
N7_E10b_T12a,N7,arxiv_sh_084,single_specific,train,1.0,0.6791338639226824,1.0,0.8930446213075608,369.3876028060913
N7_E10b_T12a,N7,arxiv_sh_085,single_specific,train,0.75,0.9488485084952337,1.0,0.8996161694984113,369.3876028060913
N7_E10b_T12a,N7,arxiv_sh_086,single_specific,train,1.0,0.8843201015131588,1.0,0.9614400338377195,369.3876028060913
N7_E10b_T12a,N7,arxiv_sh_087,single_specific,train,0.5,0.0,0.25,0.25,369.3876028060913
N7_E10b_T12a,N7,arxiv_sh_088,single_specific,train,1.0,0.8676459962655202,1.0,0.9558819987551734,369.3876028060913
N7_E10b_T12a,N7,arxiv_sh_089,single_specific,test,1.0,0.9429740423174804,1.0,0.9809913474391602,369.3876028060913
N7_E10b_T12a,N7,arxiv_sh_090,single_specific,test,1.0,0.9495335452078273,0.75,0.8998445150692757,369.3876028060913
N7_E10b_T12a,N7,arxiv_sh_091,single_specific,test,1.0,0.6553365839462668,1.0,0.8851121946487556,369.3876028060913
N7_E10b_T12a,N7,arxiv_sh_092,single_specific,train,0.75,0.5741864542339539,1.0,0.7747288180779845,369.3876028060913
N7_E10b_T12a,N7,arxiv_sh_093,single_specific,train,1.0,0.8046712421387001,1.0,0.9348904140462334,369.3876028060913
N7_E10b_T12a,N7,arxiv_sh_094,single_specific,train,1.0,0.728430864097653,1.0,0.9094769546992176,369.3876028060913
N7_E10b_T12a,N7,arxiv_sh_095,single_specific,test,1.0,0.9754987919075258,1.0,0.9918329306358419,369.3876028060913
N7_E10b_T12a,N7,arxiv_sh_096,single_specific,test,1.0,0.8640210799278704,1.0,0.9546736933092901,369.3876028060913
N7_E10b_T12a,N7,arxiv_sh_097,single_specific,test,1.0,1.0000000000000002,1.0,1.0,369.3876028060913
N7_E10b_T12a,N7,arxiv_sh_098,single_specific,test,1.0,0.6657011862206794,1.0,0.8885670620735597,369.3876028060913
N7_E10b_T12a,N7,arxiv_sh_099,single_specific,train,1.0,0.8926844497395058,1.0,0.9642281499131685,369.3876028060913
N7_E10b_T12b,N7,arxiv_agg_033,aggregate_cross_paper,train,0.5,0.5098295738158802,0.25,0.41994319127196006,373.8481619358063
N7_E10b_T12b,N7,arxiv_agg_034,aggregate_cross_paper,train,1.0,0.5666658345222811,0.75,0.7722219448407603,373.8481619358063
N7_E10b_T12b,N7,arxiv_agg_035,aggregate_cross_paper,train,0.5454545454545454,0.6945309441624978,0.75,0.6633284965390144,373.8481619358063
N7_E10b_T12b,N7,arxiv_agg_036,aggregate_cross_paper,test,0.6666666666666666,0.8717946902163116,0.0,0.512820452294326,373.8481619358063
N7_E10b_T12b,N7,arxiv_agg_037,aggregate_cross_paper,test,0.75,0.0,0.5,0.4166666666666667,373.8481619358063
N7_E10b_T12b,N7,arxiv_agg_038,aggregate_cross_paper,test,1.0,0.6202613277390707,1.0,0.8734204425796902,373.8481619358063
N7_E10b_T12b,N7,arxiv_agg_039,aggregate_cross_paper,train,0.8333333333333334,0.8779482053188261,1.0,0.9037605128840531,373.8481619358063
N7_E10b_T12b,N7,arxiv_agg_040,aggregate_cross_paper,train,0.8,0.7540595085114403,1.0,0.8513531695038136,373.8481619358063
N7_E10b_T12b,N7,arxiv_agg_041,aggregate_cross_paper,test,0.6,0.7233535540305187,0.5,0.607784518010173,373.8481619358063
N7_E10b_T12b,N7,arxiv_agg_042,aggregate_cross_paper,train,0.8333333333333334,0.7393680597265218,0.75,0.7742337976866184,373.8481619358063
N7_E10b_T12b,N7,arxiv_agg_043,aggregate_cross_paper,test,0.5714285714285714,0.9204115658464187,0.0,0.49728004575833,373.8481619358063
N7_E10b_T12b,N7,arxiv_agg_044,aggregate_cross_paper,train,0.8,0.7315874678785942,0.25,0.5938624892928647,373.8481619358063
N7_E10b_T12b,N7,arxiv_agg_045,aggregate_cross_paper,train,0.5,0.7891265377484636,0.75,0.6797088459161545,373.8481619358063
N7_E10b_T12b,N7,arxiv_agg_046,aggregate_cross_paper,test,0.8571428571428571,0.7278811676901855,0.25,0.6116746749443475,373.8481619358063
N7_E10b_T12b,N7,arxiv_agg_047,aggregate_cross_paper,train,0.875,0.0,0.0,0.2916666666666667,373.8481619358063
N7_E10b_T12b,N7,arxiv_agg_048,aggregate_cross_paper,test,0.75,0.7209828923883763,1.0,0.8236609641294588,373.8481619358063
N7_E10b_T12b,N7,arxiv_agg_049,aggregate_cross_paper,train,0.7142857142857143,0.6267876203931816,1.0,0.7803577782262986,373.8481619358063
N7_E10b_T12b,N7,arxiv_agg_050,aggregate_cross_paper,test,1.0,0.0,0.25,0.4166666666666667,373.8481619358063
N7_E10b_T12b,N7,arxiv_agg_051,aggregate_cross_paper,test,1.0,0.7028662382422133,0.0,0.5676220794140711,373.8481619358063
N7_E10b_T12b,N7,arxiv_agg_052,aggregate_cross_paper,test,1.0,0.7736861422401503,1.0,0.9245620474133834,373.8481619358063
N7_E10b_T12b,N7,arxiv_agg_053,aggregate_cross_paper,train,1.0,0.0,0.25,0.4166666666666667,373.8481619358063
N7_E10b_T12b,N7,arxiv_agg_054,aggregate_cross_paper,test,0.6666666666666666,0.5337188177736301,0.5,0.5667951614800989,373.8481619358063
N7_E10b_T12b,N7,arxiv_agg_055,aggregate_cross_paper,train,1.0,0.802362578764078,1.0,0.934120859588026,373.8481619358063
N7_E10b_T12b,N7,arxiv_agg_056,aggregate_cross_paper,test,0.8,0.6601584972164317,0.5,0.6533861657388106,373.8481619358063
N7_E10b_T12b,N7,arxiv_agg_057,aggregate_cross_paper,test,1.0,0.7312539090604835,0.0,0.5770846363534945,373.8481619358063
N7_E10b_T12b,N7,arxiv_agg_058,aggregate_cross_paper,test,1.0,0.5803149691135213,0.0,0.5267716563711738,373.8481619358063
N7_E10b_T12b,N7,arxiv_agg_059,aggregate_cross_paper,test,0.7272727272727273,0.7879392834221958,0.5,0.6717373368983077,373.8481619358063
N7_E10b_T12b,N7,arxiv_agg_060,aggregate_cross_paper,test,1.0,0.5441029800828291,0.25,0.5980343266942764,373.8481619358063
N7_E10b_T12b,N7,arxiv_agg_061,aggregate_cross_paper,test,1.0,0.0,0.25,0.4166666666666667,373.8481619358063
N7_E10b_T12b,N7,arxiv_agg_062,aggregate_cross_paper,train,1.0,0.828229653793452,0.5,0.776076551264484,373.8481619358063
N7_E10b_T12b,N7,arxiv_agg_063,aggregate_cross_paper,test,1.0,0.6422602826556512,0.75,0.7974200942185504,373.8481619358063
N7_E10b_T12b,N7,arxiv_agg_064,aggregate_cross_paper,test,1.0,0.47065291586693514,0.0,0.49021763862231166,373.8481619358063
N7_E10b_T12b,N7,arxiv_agg_065,aggregate_cross_paper,train,0.42857142857142855,0.7496464298249279,0.0,0.39273928613211884,373.8481619358063
N7_E10b_T12b,N7,arxiv_agg_066,aggregate_cross_paper,train,0.875,0.0,0.0,0.2916666666666667,373.8481619358063
N7_E10b_T12b,N7,arxiv_agg_067,aggregate_cross_paper,test,0.4,0.7686706587525481,0.0,0.3895568862508494,373.8481619358063
N7_E10b_T12b,N7,arxiv_agg_068,aggregate_cross_paper,test,0.5,0.9211164389358851,0.5,0.6403721463119617,373.8481619358063
N7_E10b_T12b,N7,arxiv_agg_069,aggregate_cross_paper,train,1.0,0.7016483672313742,0.75,0.817216122410458,373.8481619358063
N7_E10b_T12b,N7,arxiv_agg_070,aggregate_cross_paper,train,0.8571428571428571,0.0,0.25,0.36904761904761907,373.8481619358063
N7_E10b_T12b,N7,arxiv_agg_071,aggregate_cross_paper,test,0.8,0.5749895477905675,0.75,0.7083298492635226,373.8481619358063
N7_E10b_T12b,N7,arxiv_agg_072,aggregate_cross_paper,train,0.6666666666666666,0.5762494118927183,0.5,0.5809720261864616,373.8481619358063
N7_E10b_T12b,N7,arxiv_agg_073,aggregate_cross_paper,train,0.875,0.7826491830916986,1.0,0.8858830610305661,373.8481619358063
N7_E10b_T12b,N7,arxiv_agg_074,aggregate_cross_paper,test,1.0,0.6801169795210593,1.0,0.8933723265070198,373.8481619358063
N7_E10b_T12b,N7,arxiv_agg_075,aggregate_cross_paper,test,0.75,0.0,0.5,0.4166666666666667,373.8481619358063
N7_E10b_T12b,N7,arxiv_agg_076,aggregate_cross_paper,train,0.75,0.8015435112349402,0.0,0.5171811704116468,373.8481619358063
N7_E10b_T12b,N7,arxiv_agg_077,aggregate_cross_paper,train,0.8333333333333334,0.5482526720792237,1.0,0.7938620018041856,373.8481619358063
N7_E10b_T12b,N7,arxiv_agg_078,aggregate_cross_paper,test,0.5,0.6828664660533678,0.0,0.3942888220177892,373.8481619358063
N7_E10b_T12b,N7,arxiv_agg_079,aggregate_cross_paper,test,0.25,0.7276510796092749,0.75,0.5758836932030916,373.8481619358063
N7_E10b_T12b,N7,arxiv_agg_080,aggregate_cross_paper,train,0.625,0.6946609741309265,0.0,0.43988699137697546,373.8481619358063
N7_E10b_T12b,N7,arxiv_agg_081,aggregate_cross_paper,train,0.8,0.6293373739172662,0.5,0.6431124579724221,373.8481619358063
N7_E10b_T12b,N7,arxiv_agg_082,aggregate_cross_paper,test,0.8571428571428571,0.8085485197817593,0.0,0.5552304589748721,373.8481619358063
N7_E10b_T12b,N7,arxiv_agg_083,aggregate_cross_paper,train,0.75,0.7537797882954343,1.0,0.8345932627651448,373.8481619358063
N7_E10b_T12b,N7,arxiv_agg_084,aggregate_cross_paper,test,0.5,0.7061026131064487,0.0,0.40203420436881626,373.8481619358063
N7_E10b_T12b,N7,arxiv_agg_085,aggregate_cross_paper,train,0.7142857142857143,0.6897909330150516,0.25,0.5513588824335885,373.8481619358063
N7_E10b_T12b,N7,arxiv_agg_086,aggregate_cross_paper,test,0.2,0.9691238522719775,0.0,0.38970795075732584,373.8481619358063
N7_E10b_T12b,N7,arxiv_agg_087,aggregate_cross_paper,test,0.3333333333333333,0.0,1.0,0.4444444444444444,373.8481619358063
N7_E10b_T12b,N7,arxiv_agg_088,aggregate_cross_paper,train,0.6,0.8457466946286227,0.5,0.6485822315428743,373.8481619358063
N7_E10b_T12b,N7,arxiv_agg_089,aggregate_cross_paper,test,1.0,0.7244886208766412,1.0,0.908162873625547,373.8481619358063
N7_E10b_T12b,N7,arxiv_agg_090,aggregate_cross_paper,train,1.0,0.7576779262998364,1.0,0.9192259754332789,373.8481619358063
N7_E10b_T12b,N7,arxiv_agg_091,aggregate_cross_paper,test,0.6666666666666666,0.7339778381051966,1.0,0.8002148349239544,373.8481619358063
N7_E10b_T12b,N7,arxiv_agg_092,aggregate_cross_paper,test,1.0,0.8848881081686714,1.0,0.9616293693895571,373.8481619358063
N7_E10b_T12b,N7,arxiv_agg_093,aggregate_cross_paper,train,0.8571428571428571,0.8545898057975667,0.75,0.8205775543134747,373.8481619358063
N7_E10b_T12b,N7,arxiv_agg_094,aggregate_cross_paper,test,0.18181818181818182,0.9193739348454778,0.5,0.5337307055545532,373.8481619358063
N7_E10b_T12b,N7,arxiv_agg_095,aggregate_cross_paper,train,1.0,0.7002885796817941,0.0,0.5667628598939314,373.8481619358063
N7_E10b_T12b,N7,arxiv_agg_096,aggregate_cross_paper,train,1.0,0.0,0.0,0.3333333333333333,373.8481619358063
N7_E10b_T12b,N7,arxiv_agg_097,aggregate_cross_paper,test,0.7777777777777778,0.8370003782144747,0.25,0.6215927186640842,373.8481619358063
N7_E10b_T12b,N7,arxiv_agg_098,aggregate_cross_paper,test,0.75,0.0,0.0,0.25,373.8481619358063
N7_E10b_T12b,N7,arxiv_agg_099,aggregate_cross_paper,test,1.0,0.0,0.5,0.5,373.8481619358063
N7_E10b_T12b,N7,arxiv_edge_034,edge_multihop,test,0.4,0.0,0.0,0.13333333333333333,373.8481619358063
N7_E10b_T12b,N7,arxiv_edge_035,edge_multihop,test,0.6666666666666666,0.8626717740742761,1.0,0.8431128135803142,373.8481619358063
N7_E10b_T12b,N7,arxiv_edge_036,edge_multihop,test,1.0,0.5467101237134369,0.0,0.5155700412378122,373.8481619358063
N7_E10b_T12b,N7,arxiv_edge_037,edge_multihop,train,0.5,0.0,0.5,0.3333333333333333,373.8481619358063
N7_E10b_T12b,N7,arxiv_edge_038,edge_multihop,test,1.0,0.800026825513834,1.0,0.933342275171278,373.8481619358063
N7_E10b_T12b,N7,arxiv_edge_039,edge_multihop,train,1.0,0.7883471903569882,0.5,0.7627823967856627,373.8481619358063
N7_E10b_T12b,N7,arxiv_edge_040,edge_multihop,test,0.8,0.6355847557741928,0.25,0.5618615852580643,373.8481619358063
N7_E10b_T12b,N7,arxiv_edge_041,edge_multihop,test,0.75,0.0,0.0,0.25,373.8481619358063
N7_E10b_T12b,N7,arxiv_edge_042,edge_multihop,test,0.875,0.4827161664618879,0.0,0.452572055487296,373.8481619358063
N7_E10b_T12b,N7,arxiv_edge_043,edge_multihop,test,1.0,0.0,0.0,0.3333333333333333,373.8481619358063
N7_E10b_T12b,N7,arxiv_edge_044,edge_multihop,test,0.4,0.8770425207383983,0.75,0.6756808402461328,373.8481619358063
N7_E10b_T12b,N7,arxiv_edge_045,edge_multihop,train,0.8,0.7002668141426883,0.0,0.5000889380475627,373.8481619358063
N7_E10b_T12b,N7,arxiv_edge_046,edge_multihop,test,1.0,0.6827531217387166,0.0,0.5609177072462389,373.8481619358063
N7_E10b_T12b,N7,arxiv_edge_047,edge_multihop,test,1.0,0.5755936550035724,1.0,0.8585312183345241,373.8481619358063
N7_E10b_T12b,N7,arxiv_edge_048,edge_multihop,train,0.5714285714285714,0.7432896991799754,0.0,0.4382394235361822,373.8481619358063
N7_E10b_T12b,N7,arxiv_edge_049,edge_multihop,train,0.4,0.6446715706793579,0.0,0.3482238568931193,373.8481619358063
N7_E10b_T12b,N7,arxiv_edge_050,edge_multihop,test,1.0,0.7242411592188259,0.5,0.7414137197396086,373.8481619358063
N7_E10b_T12b,N7,arxiv_edge_051,edge_multihop,test,1.0,0.8819185292007411,0.25,0.7106395097335804,373.8481619358063
N7_E10b_T12b,N7,arxiv_edge_052,edge_multihop,train,0.5714285714285714,0.8168534518107534,0.25,0.5460940077464417,373.8481619358063
N7_E10b_T12b,N7,arxiv_edge_053,edge_multihop,train,1.0,0.825336835755596,0.75,0.858445611918532,373.8481619358063
N7_E10b_T12b,N7,arxiv_edge_054,edge_multihop,train,0.8333333333333334,0.8118099137820805,0.25,0.631714415705138,373.8481619358063
N7_E10b_T12b,N7,arxiv_edge_055,edge_multihop,train,0.6,0.7107863479808146,0.0,0.4369287826602715,373.8481619358063
N7_E10b_T12b,N7,arxiv_edge_056,edge_multihop,train,1.0,0.858927644059832,0.5,0.7863092146866107,373.8481619358063
N7_E10b_T12b,N7,arxiv_edge_057,edge_multihop,train,0.8333333333333334,0.8764107307018505,0.5,0.7365813546783947,373.8481619358063
N7_E10b_T12b,N7,arxiv_edge_058,edge_multihop,train,0.0,0.9357042636020675,0.5,0.4785680878673559,373.8481619358063
N7_E10b_T12b,N7,arxiv_edge_059,edge_multihop,train,1.0,0.8563125591950413,1.0,0.9521041863983472,373.8481619358063
N7_E10b_T12b,N7,arxiv_edge_060,edge_multihop,train,0.3333333333333333,0.8310541250578685,0.0,0.3881291527970672,373.8481619358063
N7_E10b_T12b,N7,arxiv_edge_061,edge_multihop,test,0.8571428571428571,0.6829215731602818,1.0,0.8466881434343797,373.8481619358063
N7_E10b_T12b,N7,arxiv_edge_062,edge_multihop,test,1.0,0.5701193839433802,0.75,0.7733731279811268,373.8481619358063
N7_E10b_T12b,N7,arxiv_edge_063,edge_multihop,train,1.0,0.0,0.0,0.3333333333333333,373.8481619358063
N7_E10b_T12b,N7,arxiv_edge_064,edge_multihop,test,0.6,0.8786631314661459,0.0,0.4928877104887153,373.8481619358063
N7_E10b_T12b,N7,arxiv_edge_065,edge_multihop,train,1.0,0.6426020970799119,1.0,0.8808673656933039,373.8481619358063
N7_E10b_T12b,N7,arxiv_edge_066,edge_multihop,train,1.0,0.0,0.0,0.3333333333333333,373.8481619358063
N7_E10b_T12b,N7,arxiv_edge_067,edge_multihop,train,0.42857142857142855,0.9134190226709545,0.5,0.6139968170807943,373.8481619358063
N7_E10b_T12b,N7,arxiv_edge_068,edge_multihop,test,0.5714285714285714,0.873697480314226,0.25,0.5650420172475991,373.8481619358063
N7_E10b_T12b,N7,arxiv_edge_069,edge_multihop,test,0.75,0.5377314210385906,0.75,0.6792438070128636,373.8481619358063
N7_E10b_T12b,N7,arxiv_edge_070,edge_multihop,test,0.6666666666666666,0.7696735014290242,0.0,0.47878005603189694,373.8481619358063
N7_E10b_T12b,N7,arxiv_edge_071,edge_multihop,test,1.0,0.8342478379748943,1.0,0.9447492793249648,373.8481619358063
N7_E10b_T12b,N7,arxiv_edge_072,edge_multihop,test,1.0,0.751606371559774,1.0,0.917202123853258,373.8481619358063
N7_E10b_T12b,N7,arxiv_edge_073,edge_multihop,train,0.7142857142857143,0.7842968220898199,0.0,0.49952751212517804,373.8481619358063
N7_E10b_T12b,N7,arxiv_edge_074,edge_multihop,train,0.375,0.8597502849665332,1.0,0.744916761655511,373.8481619358063
N7_E10b_T12b,N7,arxiv_edge_075,edge_multihop,train,0.25,0.8315208834015998,1.0,0.6938402944671999,373.8481619358063
N7_E10b_T12b,N7,arxiv_edge_076,edge_multihop,train,1.0,0.6262256890369807,1.0,0.8754085630123268,373.8481619358063
N7_E10b_T12b,N7,arxiv_edge_077,edge_multihop,test,0.375,0.7857237491923793,0.25,0.47024124973079306,373.8481619358063
N7_E10b_T12b,N7,arxiv_edge_078,edge_multihop,train,0.8,0.6102953367487337,0.0,0.4700984455829113,373.8481619358063
N7_E10b_T12b,N7,arxiv_edge_079,edge_multihop,train,0.5,0.8951956641734204,1.0,0.7983985547244735,373.8481619358063
N7_E10b_T12b,N7,arxiv_edge_080,edge_multihop,test,0.75,0.5771461822569134,0.0,0.4423820607523045,373.8481619358063
N7_E10b_T12b,N7,arxiv_edge_081,edge_multihop,train,1.0,0.806694747531818,0.25,0.6855649158439393,373.8481619358063
N7_E10b_T12b,N7,arxiv_edge_082,edge_multihop,train,1.0,0.796708588637138,0.25,0.6822361962123793,373.8481619358063
N7_E10b_T12b,N7,arxiv_edge_083,edge_multihop,train,1.0,0.8233386027119344,1.0,0.9411128675706447,373.8481619358063
N7_E10b_T12b,N7,arxiv_edge_084,edge_multihop,test,0.6,0.7858729773942517,1.0,0.7952909924647505,373.8481619358063
N7_E10b_T12b,N7,arxiv_edge_085,edge_multihop,train,0.6,0.7875350467592034,1.0,0.7958450155864011,373.8481619358063
N7_E10b_T12b,N7,arxiv_edge_086,edge_multihop,train,0.5,0.7246257233580934,1.0,0.7415419077860311,373.8481619358063
N7_E10b_T12b,N7,arxiv_edge_087,edge_multihop,train,1.0,0.7233481865269242,1.0,0.907782728842308,373.8481619358063
N7_E10b_T12b,N7,arxiv_edge_088,edge_multihop,train,0.8,0.6842844075617535,0.75,0.7447614691872512,373.8481619358063
N7_E10b_T12b,N7,arxiv_edge_089,edge_multihop,train,0.8333333333333334,0.8178740107873601,0.75,0.8004024480402312,373.8481619358063
N7_E10b_T12b,N7,arxiv_edge_090,edge_multihop,train,0.625,0.6836496406327415,0.25,0.5195498802109139,373.8481619358063
N7_E10b_T12b,N7,arxiv_edge_091,edge_multihop,test,0.8333333333333334,0.8043451750728633,0.5,0.7125595028020655,373.8481619358063
N7_E10b_T12b,N7,arxiv_edge_092,edge_multihop,test,1.0,0.6688245882018838,0.0,0.5562748627339613,373.8481619358063
N7_E10b_T12b,N7,arxiv_edge_093,edge_multihop,train,0.5,0.6659374115283434,0.75,0.6386458038427811,373.8481619358063
N7_E10b_T12b,N7,arxiv_edge_094,edge_multihop,test,0.8571428571428571,0.7317760116120863,1.0,0.8629729562516477,373.8481619358063
N7_E10b_T12b,N7,arxiv_edge_095,edge_multihop,test,0.8571428571428571,0.6243683035498608,0.25,0.5771703868975727,373.8481619358063
N7_E10b_T12b,N7,arxiv_edge_096,edge_multihop,test,0.75,0.6704754448094908,0.0,0.4734918149364969,373.8481619358063
N7_E10b_T12b,N7,arxiv_edge_097,edge_multihop,test,0.25,0.8162596617612577,0.75,0.6054198872537526,373.8481619358063
N7_E10b_T12b,N7,arxiv_edge_098,edge_multihop,train,0.42857142857142855,0.6309572337925365,0.25,0.4365095541213217,373.8481619358063
N7_E10b_T12b,N7,arxiv_edge_099,edge_multihop,train,0.625,0.6931141741167417,0.0,0.43937139137224723,373.8481619358063
N7_E10b_T12b,N7,arxiv_sh_083,single_specific,train,0.6666666666666666,0.8493971451477554,1.0,0.838687937271474,373.8481619358063
N7_E10b_T12b,N7,arxiv_sh_084,single_specific,train,1.0,0.6791186575975833,1.0,0.8930395525325278,373.8481619358063
N7_E10b_T12b,N7,arxiv_sh_085,single_specific,train,0.5,0.9488442586750684,1.0,0.8162814195583561,373.8481619358063
N7_E10b_T12b,N7,arxiv_sh_086,single_specific,train,1.0,0.8897493178534729,1.0,0.9632497726178243,373.8481619358063
N7_E10b_T12b,N7,arxiv_sh_087,single_specific,train,0.5,0.0,0.25,0.25,373.8481619358063
N7_E10b_T12b,N7,arxiv_sh_088,single_specific,train,1.0,0.8615545686702508,1.0,0.9538515228900836,373.8481619358063
N7_E10b_T12b,N7,arxiv_sh_089,single_specific,test,1.0,0.9429740423174803,1.0,0.98099134743916,373.8481619358063
N7_E10b_T12b,N7,arxiv_sh_090,single_specific,test,1.0,0.9495401611459152,0.5,0.8165133870486384,373.8481619358063
N7_E10b_T12b,N7,arxiv_sh_091,single_specific,test,1.0,0.6443887469665858,1.0,0.8814629156555286,373.8481619358063
N7_E10b_T12b,N7,arxiv_sh_092,single_specific,train,1.0,0.5741864542339539,1.0,0.8580621514113179,373.8481619358063
N7_E10b_T12b,N7,arxiv_sh_093,single_specific,train,1.0,0.9168238207108063,1.0,0.9722746069036021,373.8481619358063
N7_E10b_T12b,N7,arxiv_sh_094,single_specific,train,1.0,0.728430864097653,1.0,0.9094769546992176,373.8481619358063
N7_E10b_T12b,N7,arxiv_sh_095,single_specific,test,1.0,0.9516147562421026,1.0,0.9838715854140342,373.8481619358063
N7_E10b_T12b,N7,arxiv_sh_096,single_specific,test,1.0,0.8640210799278704,1.0,0.9546736933092901,373.8481619358063
N7_E10b_T12b,N7,arxiv_sh_097,single_specific,test,1.0,0.9999996092444031,1.0,0.9999998697481344,373.8481619358063
N7_E10b_T12b,N7,arxiv_sh_098,single_specific,test,1.0,0.6656955266504793,1.0,0.8885651755501597,373.8481619358063
N7_E10b_T12b,N7,arxiv_sh_099,single_specific,train,1.0,0.8971065566259477,1.0,0.9657021855419826,373.8481619358063
N7_E10c_T12a,N7,arxiv_agg_033,aggregate_cross_paper,train,0.5,0.4994064209204128,0.25,0.41646880697347094,382.40183305740356
N7_E10c_T12a,N7,arxiv_agg_034,aggregate_cross_paper,train,0.5,0.6573606014155899,0.75,0.6357868671385299,382.40183305740356
N7_E10c_T12a,N7,arxiv_agg_035,aggregate_cross_paper,train,0.75,0.6680028544295167,0.75,0.7226676181431723,382.40183305740356
N7_E10c_T12a,N7,arxiv_agg_036,aggregate_cross_paper,test,0.5555555555555556,0.8718084054318979,0.0,0.47578798699581776,382.40183305740356
N7_E10c_T12a,N7,arxiv_agg_037,aggregate_cross_paper,test,0.75,0.0,0.5,0.4166666666666667,382.40183305740356
N7_E10c_T12a,N7,arxiv_agg_038,aggregate_cross_paper,test,0.6666666666666666,0.6202613277390707,1.0,0.762309331468579,382.40183305740356
N7_E10c_T12a,N7,arxiv_agg_039,aggregate_cross_paper,train,0.7142857142857143,0.8779481437289088,1.0,0.8640779526715411,382.40183305740356
N7_E10c_T12a,N7,arxiv_agg_040,aggregate_cross_paper,train,0.8,0.7540595085114403,1.0,0.8513531695038136,382.40183305740356
N7_E10c_T12a,N7,arxiv_agg_041,aggregate_cross_paper,test,0.6,0.7234709792960533,0.5,0.6078236597653511,382.40183305740356
N7_E10c_T12a,N7,arxiv_agg_042,aggregate_cross_paper,train,0.8333333333333334,0.7377656757889955,0.75,0.773699669707443,382.40183305740356
N7_E10c_T12a,N7,arxiv_agg_043,aggregate_cross_paper,test,0.42857142857142855,0.9201930168000861,0.0,0.44958814845717154,382.40183305740356
N7_E10c_T12a,N7,arxiv_agg_044,aggregate_cross_paper,train,0.8333333333333334,0.7275555390718251,0.25,0.6036296241350528,382.40183305740356
N7_E10c_T12a,N7,arxiv_agg_045,aggregate_cross_paper,train,0.5,0.726138331092255,0.75,0.6587127770307517,382.40183305740356
N7_E10c_T12a,N7,arxiv_agg_046,aggregate_cross_paper,test,0.6666666666666666,0.7278811676901856,0.25,0.5481826114522841,382.40183305740356
N7_E10c_T12a,N7,arxiv_agg_047,aggregate_cross_paper,train,0.7,0.5781162080155536,0.0,0.4260387360051845,382.40183305740356
N7_E10c_T12a,N7,arxiv_agg_048,aggregate_cross_paper,test,0.75,0.741167500993005,1.0,0.8303891669976684,382.40183305740356
N7_E10c_T12a,N7,arxiv_agg_049,aggregate_cross_paper,train,0.8571428571428571,0.6267876203931816,1.0,0.8279768258453463,382.40183305740356
N7_E10c_T12a,N7,arxiv_agg_050,aggregate_cross_paper,test,1.0,0.0,0.5,0.5,382.40183305740356
N7_E10c_T12a,N7,arxiv_agg_051,aggregate_cross_paper,test,1.0,0.7915225774355924,0.0,0.5971741924785308,382.40183305740356
N7_E10c_T12a,N7,arxiv_agg_052,aggregate_cross_paper,test,1.0,0.7737154130066841,1.0,0.9245718043355614,382.40183305740356
N7_E10c_T12a,N7,arxiv_agg_053,aggregate_cross_paper,train,1.0,0.0,0.25,0.4166666666666667,382.40183305740356
N7_E10c_T12a,N7,arxiv_agg_054,aggregate_cross_paper,test,0.7142857142857143,0.0,0.5,0.4047619047619048,382.40183305740356
N7_E10c_T12a,N7,arxiv_agg_055,aggregate_cross_paper,train,1.0,0.8538336792979266,1.0,0.9512778930993089,382.40183305740356
N7_E10c_T12a,N7,arxiv_agg_056,aggregate_cross_paper,test,0.42857142857142855,0.6601529768414522,0.5,0.5295748018042936,382.40183305740356
N7_E10c_T12a,N7,arxiv_agg_057,aggregate_cross_paper,test,1.0,0.7312383765353853,0.0,0.5770794588451285,382.40183305740356
N7_E10c_T12a,N7,arxiv_agg_058,aggregate_cross_paper,test,0.16666666666666666,0.7125237701941514,0.0,0.293063478953606,382.40183305740356
N7_E10c_T12a,N7,arxiv_agg_059,aggregate_cross_paper,test,1.0,0.7879113618927097,0.5,0.7626371206309033,382.40183305740356
N7_E10c_T12a,N7,arxiv_agg_060,aggregate_cross_paper,test,1.0,0.6754702860479536,0.25,0.6418234286826512,382.40183305740356
N7_E10c_T12a,N7,arxiv_agg_061,aggregate_cross_paper,test,1.0,0.0,0.25,0.4166666666666667,382.40183305740356
N7_E10c_T12a,N7,arxiv_agg_062,aggregate_cross_paper,train,1.0,0.8277200236745224,0.5,0.7759066745581741,382.40183305740356
N7_E10c_T12a,N7,arxiv_agg_063,aggregate_cross_paper,test,1.0,0.6785923215380182,0.75,0.809530773846006,382.40183305740356
N7_E10c_T12a,N7,arxiv_agg_064,aggregate_cross_paper,test,0.14285714285714285,0.6014897147515316,0.0,0.2481156192028915,382.40183305740356
N7_E10c_T12a,N7,arxiv_agg_065,aggregate_cross_paper,train,0.8571428571428571,0.7482967891744513,0.0,0.5351465487724362,382.40183305740356
N7_E10c_T12a,N7,arxiv_agg_066,aggregate_cross_paper,train,0.875,0.0,0.0,0.2916666666666667,382.40183305740356
N7_E10c_T12a,N7,arxiv_agg_067,aggregate_cross_paper,test,0.5,0.7466856487287331,0.0,0.41556188290957774,382.40183305740356
N7_E10c_T12a,N7,arxiv_agg_068,aggregate_cross_paper,test,0.375,0.9210965290921247,0.5,0.5986988430307082,382.40183305740356
N7_E10c_T12a,N7,arxiv_agg_069,aggregate_cross_paper,train,0.8571428571428571,0.5530443044684822,1.0,0.8033957205371131,382.40183305740356
N7_E10c_T12a,N7,arxiv_agg_070,aggregate_cross_paper,train,0.8571428571428571,0.0,0.25,0.36904761904761907,382.40183305740356
N7_E10c_T12a,N7,arxiv_agg_071,aggregate_cross_paper,test,0.8333333333333334,0.7966487388416494,0.75,0.7933273573916609,382.40183305740356
N7_E10c_T12a,N7,arxiv_agg_072,aggregate_cross_paper,train,0.6666666666666666,0.5762790634443633,0.5,0.58098191003701,382.40183305740356
N7_E10c_T12a,N7,arxiv_agg_073,aggregate_cross_paper,train,1.0,0.7826491830916986,1.0,0.9275497276972328,382.40183305740356
N7_E10c_T12a,N7,arxiv_agg_074,aggregate_cross_paper,test,1.0,0.7070623382256036,1.0,0.9023541127418678,382.40183305740356
N7_E10c_T12a,N7,arxiv_agg_075,aggregate_cross_paper,test,0.8571428571428571,0.0,0.5,0.4523809523809524,382.40183305740356
N7_E10c_T12a,N7,arxiv_agg_076,aggregate_cross_paper,train,0.75,0.8015435112349402,0.0,0.5171811704116468,382.40183305740356
N7_E10c_T12a,N7,arxiv_agg_077,aggregate_cross_paper,train,0.8333333333333334,0.548226390053353,1.0,0.7938532411288954,382.40183305740356
N7_E10c_T12a,N7,arxiv_agg_078,aggregate_cross_paper,test,0.6666666666666666,0.6601663930392757,0.0,0.44227768656864747,382.40183305740356
N7_E10c_T12a,N7,arxiv_agg_079,aggregate_cross_paper,test,0.1111111111111111,0.7321295757673215,0.75,0.5310802289594775,382.40183305740356
N7_E10c_T12a,N7,arxiv_agg_080,aggregate_cross_paper,train,0.5555555555555556,0.6839534601032344,0.0,0.41316967188626336,382.40183305740356
N7_E10c_T12a,N7,arxiv_agg_081,aggregate_cross_paper,train,0.8,0.6308129069884768,0.5,0.6436043023294923,382.40183305740356
N7_E10c_T12a,N7,arxiv_agg_082,aggregate_cross_paper,test,1.0,0.7931226940003526,0.0,0.5977075646667842,382.40183305740356
N7_E10c_T12a,N7,arxiv_agg_083,aggregate_cross_paper,train,0.625,0.7537715429226101,1.0,0.79292384764087,382.40183305740356
N7_E10c_T12a,N7,arxiv_agg_084,aggregate_cross_paper,test,1.0,0.7060594641132474,0.0,0.5686864880377491,382.40183305740356
N7_E10c_T12a,N7,arxiv_agg_085,aggregate_cross_paper,train,0.42857142857142855,0.7023235780195298,0.25,0.46029833553031946,382.40183305740356
N7_E10c_T12a,N7,arxiv_agg_086,aggregate_cross_paper,test,0.2,0.9691278680050687,0.0,0.3897092893350229,382.40183305740356
N7_E10c_T12a,N7,arxiv_agg_087,aggregate_cross_paper,test,0.3333333333333333,0.0,1.0,0.4444444444444444,382.40183305740356
N7_E10c_T12a,N7,arxiv_agg_088,aggregate_cross_paper,train,0.6,0.8468184207987014,0.5,0.6489394735995672,382.40183305740356
N7_E10c_T12a,N7,arxiv_agg_089,aggregate_cross_paper,test,0.7272727272727273,0.8675992600200084,1.0,0.8649573290975786,382.40183305740356
N7_E10c_T12a,N7,arxiv_agg_090,aggregate_cross_paper,train,1.0,0.7576791503332302,1.0,0.9192263834444101,382.40183305740356
N7_E10c_T12a,N7,arxiv_agg_091,aggregate_cross_paper,test,1.0,0.7189040305183405,1.0,0.9063013435061135,382.40183305740356
N7_E10c_T12a,N7,arxiv_agg_092,aggregate_cross_paper,test,1.0,0.8848818209064414,1.0,0.9616272736354805,382.40183305740356
N7_E10c_T12a,N7,arxiv_agg_093,aggregate_cross_paper,train,0.6666666666666666,0.8545528841675406,1.0,0.8404065169447357,382.40183305740356
N7_E10c_T12a,N7,arxiv_agg_094,aggregate_cross_paper,test,0.9,0.9137458900829052,0.5,0.771248630027635,382.40183305740356
N7_E10c_T12a,N7,arxiv_agg_095,aggregate_cross_paper,train,0.75,0.7002891137919374,0.25,0.5667630379306458,382.40183305740356
N7_E10c_T12a,N7,arxiv_agg_096,aggregate_cross_paper,train,1.0,0.0,0.0,0.3333333333333333,382.40183305740356
N7_E10c_T12a,N7,arxiv_agg_097,aggregate_cross_paper,test,0.8888888888888888,0.8370343897150918,0.25,0.6586410928679935,382.40183305740356
N7_E10c_T12a,N7,arxiv_agg_098,aggregate_cross_paper,test,1.0,0.0,0.0,0.3333333333333333,382.40183305740356
N7_E10c_T12a,N7,arxiv_agg_099,aggregate_cross_paper,test,1.0,0.0,0.5,0.5,382.40183305740356
N7_E10c_T12a,N7,arxiv_edge_034,edge_multihop,test,0.2,0.7876898040846556,0.0,0.3292299346948852,382.40183305740356
N7_E10c_T12a,N7,arxiv_edge_035,edge_multihop,test,1.0,0.8518740804093357,1.0,0.9506246934697785,382.40183305740356
N7_E10c_T12a,N7,arxiv_edge_036,edge_multihop,test,0.7142857142857143,0.6238627099143529,0.25,0.529382808066689,382.40183305740356
N7_E10c_T12a,N7,arxiv_edge_037,edge_multihop,train,0.5,0.0,0.5,0.3333333333333333,382.40183305740356
N7_E10c_T12a,N7,arxiv_edge_038,edge_multihop,test,0.75,0.800026825513834,1.0,0.8500089418379447,382.40183305740356
N7_E10c_T12a,N7,arxiv_edge_039,edge_multihop,train,1.0,0.8552231142670274,0.5,0.7850743714223425,382.40183305740356
N7_E10c_T12a,N7,arxiv_edge_040,edge_multihop,test,0.8,0.6323225056838201,0.25,0.5607741685612734,382.40183305740356
N7_E10c_T12a,N7,arxiv_edge_041,edge_multihop,test,0.75,0.0,0.0,0.25,382.40183305740356
N7_E10c_T12a,N7,arxiv_edge_042,edge_multihop,test,0.75,0.4720921598854549,0.0,0.40736405329515163,382.40183305740356
N7_E10c_T12a,N7,arxiv_edge_043,edge_multihop,test,1.0,0.0,0.0,0.3333333333333333,382.40183305740356
N7_E10c_T12a,N7,arxiv_edge_044,edge_multihop,test,0.6,0.8771057900990028,0.75,0.7423685966996677,382.40183305740356
N7_E10c_T12a,N7,arxiv_edge_045,edge_multihop,train,0.6,0.7003045030826519,0.0,0.433434834360884,382.40183305740356
N7_E10c_T12a,N7,arxiv_edge_046,edge_multihop,test,1.0,0.6732646593919117,0.0,0.5577548864639706,382.40183305740356
N7_E10c_T12a,N7,arxiv_edge_047,edge_multihop,test,1.0,0.5605769599348892,1.0,0.8535256533116297,382.40183305740356
N7_E10c_T12a,N7,arxiv_edge_048,edge_multihop,train,0.42857142857142855,0.7864679864234265,0.0,0.4050131383316184,382.40183305740356
N7_E10c_T12a,N7,arxiv_edge_049,edge_multihop,train,0.75,0.7876876137501719,0.0,0.512562537916724,382.40183305740356
N7_E10c_T12a,N7,arxiv_edge_050,edge_multihop,test,1.0,0.8274485470677142,0.5,0.7758161823559048,382.40183305740356
N7_E10c_T12a,N7,arxiv_edge_051,edge_multihop,test,1.0,0.8806715634638019,0.25,0.7102238544879339,382.40183305740356
N7_E10c_T12a,N7,arxiv_edge_052,edge_multihop,train,0.8888888888888888,0.7927622223018247,0.25,0.6438837037302378,382.40183305740356
N7_E10c_T12a,N7,arxiv_edge_053,edge_multihop,train,0.5,0.8341007697956064,0.75,0.6947002565985354,382.40183305740356
N7_E10c_T12a,N7,arxiv_edge_054,edge_multihop,train,0.8333333333333334,0.8363223669206771,0.25,0.6398852334180035,382.40183305740356
N7_E10c_T12a,N7,arxiv_edge_055,edge_multihop,train,0.6,0.7534924335207083,0.0,0.4511641445069028,382.40183305740356
N7_E10c_T12a,N7,arxiv_edge_056,edge_multihop,train,0.6666666666666666,0.8573353342187088,0.5,0.6746673336284585,382.40183305740356
N7_E10c_T12a,N7,arxiv_edge_057,edge_multihop,train,0.8333333333333334,0.8764408729380759,0.5,0.7365914020904697,382.40183305740356
N7_E10c_T12a,N7,arxiv_edge_058,edge_multihop,train,0.0,0.9340964717060328,0.5,0.47803215723534426,382.40183305740356
N7_E10c_T12a,N7,arxiv_edge_059,edge_multihop,train,0.4,0.8635489542365172,1.0,0.7545163180788391,382.40183305740356
N7_E10c_T12a,N7,arxiv_edge_060,edge_multihop,train,0.3333333333333333,0.800073926084762,0.0,0.37780241980603174,382.40183305740356
N7_E10c_T12a,N7,arxiv_edge_061,edge_multihop,test,1.0,0.642556785412133,1.0,0.8808522618040443,382.40183305740356
N7_E10c_T12a,N7,arxiv_edge_062,edge_multihop,test,0.8,0.5701420083715185,0.75,0.7067140027905062,382.40183305740356
N7_E10c_T12a,N7,arxiv_edge_063,edge_multihop,train,0.3333333333333333,0.0,0.0,0.1111111111111111,382.40183305740356
N7_E10c_T12a,N7,arxiv_edge_064,edge_multihop,test,0.0,0.7949496261734076,0.0,0.2649832087244692,382.40183305740356
N7_E10c_T12a,N7,arxiv_edge_065,edge_multihop,train,0.5714285714285714,0.0,1.0,0.5238095238095238,382.40183305740356
N7_E10c_T12a,N7,arxiv_edge_066,edge_multihop,train,1.0,0.0,0.0,0.3333333333333333,382.40183305740356
N7_E10c_T12a,N7,arxiv_edge_067,edge_multihop,train,0.42857142857142855,0.9133075179790643,0.5,0.6139596488501643,382.40183305740356
N7_E10c_T12a,N7,arxiv_edge_068,edge_multihop,test,0.16666666666666666,0.8837507928434094,0.25,0.43347248650335873,382.40183305740356
N7_E10c_T12a,N7,arxiv_edge_069,edge_multihop,test,1.0,0.5410415786959837,0.75,0.7636805262319944,382.40183305740356
N7_E10c_T12a,N7,arxiv_edge_070,edge_multihop,test,0.6666666666666666,0.7696735014290242,0.0,0.47878005603189694,382.40183305740356
N7_E10c_T12a,N7,arxiv_edge_071,edge_multihop,test,1.0,0.8414978416327413,1.0,0.9471659472109137,382.40183305740356
N7_E10c_T12a,N7,arxiv_edge_072,edge_multihop,test,0.6666666666666666,0.7516196396559099,1.0,0.8060954354408588,382.40183305740356
N7_E10c_T12a,N7,arxiv_edge_073,edge_multihop,train,0.75,0.7828028321930577,0.0,0.5109342773976859,382.40183305740356
N7_E10c_T12a,N7,arxiv_edge_074,edge_multihop,train,0.375,0.8597328855400899,1.0,0.7449109618466966,382.40183305740356
N7_E10c_T12a,N7,arxiv_edge_075,edge_multihop,train,1.0,0.8315340494164157,1.0,0.9438446831388053,382.40183305740356
N7_E10c_T12a,N7,arxiv_edge_076,edge_multihop,train,1.0,0.6262256890369807,1.0,0.8754085630123268,382.40183305740356
N7_E10c_T12a,N7,arxiv_edge_077,edge_multihop,test,0.6,0.8299053428367378,0.25,0.559968447612246,382.40183305740356
N7_E10c_T12a,N7,arxiv_edge_078,edge_multihop,train,0.8,0.5577163199551894,0.0,0.4525721066517298,382.40183305740356
N7_E10c_T12a,N7,arxiv_edge_079,edge_multihop,train,0.5,0.8761671288032892,1.0,0.7920557096010964,382.40183305740356
N7_E10c_T12a,N7,arxiv_edge_080,edge_multihop,test,0.875,0.5868637276565278,0.0,0.48728790921884263,382.40183305740356
N7_E10c_T12a,N7,arxiv_edge_081,edge_multihop,train,1.0,0.8067141763644939,0.25,0.685571392121498,382.40183305740356
N7_E10c_T12a,N7,arxiv_edge_082,edge_multihop,train,1.0,0.7873635837584009,0.25,0.6791211945861336,382.40183305740356
N7_E10c_T12a,N7,arxiv_edge_083,edge_multihop,train,1.0,0.8260520494742111,1.0,0.9420173498247371,382.40183305740356
N7_E10c_T12a,N7,arxiv_edge_084,edge_multihop,test,0.6,0.7858729773942517,1.0,0.7952909924647505,382.40183305740356
N7_E10c_T12a,N7,arxiv_edge_085,edge_multihop,train,0.8,0.7681033805333995,1.0,0.8560344601777999,382.40183305740356
N7_E10c_T12a,N7,arxiv_edge_086,edge_multihop,train,0.8,0.8199200286080369,1.0,0.873306676202679,382.40183305740356
N7_E10c_T12a,N7,arxiv_edge_087,edge_multihop,train,0.8,0.7344694852140611,1.0,0.8448231617380203,382.40183305740356
N7_E10c_T12a,N7,arxiv_edge_088,edge_multihop,train,0.8,0.6465210339383782,0.75,0.7321736779794593,382.40183305740356
N7_E10c_T12a,N7,arxiv_edge_089,edge_multihop,train,1.0,0.8406427113010507,0.75,0.8635475704336836,382.40183305740356
N7_E10c_T12a,N7,arxiv_edge_090,edge_multihop,train,1.0,0.6744910948987511,0.25,0.641497031632917,382.40183305740356
N7_E10c_T12a,N7,arxiv_edge_091,edge_multihop,test,0.2857142857142857,0.8043471173555022,0.5,0.5300204676899293,382.40183305740356
N7_E10c_T12a,N7,arxiv_edge_092,edge_multihop,test,0.8571428571428571,0.4236685456226214,0.0,0.4269371342551595,382.40183305740356
N7_E10c_T12a,N7,arxiv_edge_093,edge_multihop,train,1.0,0.6810139687962906,0.75,0.8103379895987635,382.40183305740356
N7_E10c_T12a,N7,arxiv_edge_094,edge_multihop,test,0.75,0.7312535326907623,1.0,0.8270845108969208,382.40183305740356
N7_E10c_T12a,N7,arxiv_edge_095,edge_multihop,test,0.7142857142857143,0.6210297795570519,0.0,0.4451051646142554,382.40183305740356
N7_E10c_T12a,N7,arxiv_edge_096,edge_multihop,test,1.0,0.8453957061712045,0.0,0.6151319020570681,382.40183305740356
N7_E10c_T12a,N7,arxiv_edge_097,edge_multihop,test,0.5,0.8645361592187369,0.75,0.7048453864062457,382.40183305740356
N7_E10c_T12a,N7,arxiv_edge_098,edge_multihop,train,0.42857142857142855,0.6309348736394226,0.25,0.43650210073695034,382.40183305740356
N7_E10c_T12a,N7,arxiv_edge_099,edge_multihop,train,0.625,0.6931141741167417,0.0,0.43937139137224723,382.40183305740356
N7_E10c_T12a,N7,arxiv_sh_083,single_specific,train,0.6666666666666666,0.8501323034397336,1.0,0.8389329900354667,382.40183305740356
N7_E10c_T12a,N7,arxiv_sh_084,single_specific,train,1.0,0.6791338639226823,1.0,0.8930446213075607,382.40183305740356
N7_E10c_T12a,N7,arxiv_sh_085,single_specific,train,0.75,0.9488485084952336,1.0,0.8996161694984112,382.40183305740356
N7_E10c_T12a,N7,arxiv_sh_086,single_specific,train,1.0,0.8518956662796424,1.0,0.9506318887598808,382.40183305740356
N7_E10c_T12a,N7,arxiv_sh_087,single_specific,train,0.5,0.0,0.25,0.25,382.40183305740356
N7_E10c_T12a,N7,arxiv_sh_088,single_specific,train,1.0,0.8745259832403237,1.0,0.9581753277467745,382.40183305740356
N7_E10c_T12a,N7,arxiv_sh_089,single_specific,test,0.8,0.8548034168623774,1.0,0.8849344722874591,382.40183305740356
N7_E10c_T12a,N7,arxiv_sh_090,single_specific,test,1.0,0.9495401611459152,0.5,0.8165133870486384,382.40183305740356
N7_E10c_T12a,N7,arxiv_sh_091,single_specific,test,0.6666666666666666,0.6505530538588792,1.0,0.7724065735085152,382.40183305740356
N7_E10c_T12a,N7,arxiv_sh_092,single_specific,train,0.75,0.5741529391378446,1.0,0.7747176463792815,382.40183305740356
N7_E10c_T12a,N7,arxiv_sh_093,single_specific,train,1.0,0.8121929905958009,1.0,0.9373976635319337,382.40183305740356
N7_E10c_T12a,N7,arxiv_sh_094,single_specific,train,1.0,0.7285620620917362,1.0,0.9095206873639121,382.40183305740356
N7_E10c_T12a,N7,arxiv_sh_095,single_specific,test,1.0,0.9516147562421026,1.0,0.9838715854140342,382.40183305740356
N7_E10c_T12a,N7,arxiv_sh_096,single_specific,test,1.0,0.8401574128289183,1.0,0.9467191376096394,382.40183305740356
N7_E10c_T12a,N7,arxiv_sh_097,single_specific,test,1.0,1.0000000000000002,1.0,1.0,382.40183305740356
N7_E10c_T12a,N7,arxiv_sh_098,single_specific,test,1.0,0.6656955266504793,1.0,0.8885651755501597,382.40183305740356
N7_E10c_T12a,N7,arxiv_sh_099,single_specific,train,1.0,0.8978470418916235,1.0,0.9659490139638746,382.40183305740356
N7_E10c_T12b,N7,arxiv_agg_033,aggregate_cross_paper,train,0.5,0.4994447488637193,0.5,0.4998149162879064,367.06627202033997
N7_E10c_T12b,N7,arxiv_agg_034,aggregate_cross_paper,train,0.75,0.6573854605771569,1.0,0.8024618201923857,367.06627202033997
N7_E10c_T12b,N7,arxiv_agg_035,aggregate_cross_paper,train,0.7142857142857143,0.623131351469052,0.75,0.6958056885849221,367.06627202033997
N7_E10c_T12b,N7,arxiv_agg_036,aggregate_cross_paper,test,1.0,0.7449406810898443,0.0,0.5816468936966147,367.06627202033997
N7_E10c_T12b,N7,arxiv_agg_037,aggregate_cross_paper,test,0.75,0.0,0.5,0.4166666666666667,367.06627202033997
N7_E10c_T12b,N7,arxiv_agg_038,aggregate_cross_paper,test,0.7142857142857143,0.6202393297018206,1.0,0.7781750146625116,367.06627202033997
N7_E10c_T12b,N7,arxiv_agg_039,aggregate_cross_paper,train,0.6666666666666666,0.8779525551438616,1.0,0.848206407270176,367.06627202033997
N7_E10c_T12b,N7,arxiv_agg_040,aggregate_cross_paper,train,0.6666666666666666,0.6775469893901391,1.0,0.7814045520189352,367.06627202033997
N7_E10c_T12b,N7,arxiv_agg_041,aggregate_cross_paper,test,0.3333333333333333,0.7234828816759922,0.5,0.5189387383364418,367.06627202033997
N7_E10c_T12b,N7,arxiv_agg_042,aggregate_cross_paper,train,1.0,0.7465501085273663,0.75,0.8321833695091221,367.06627202033997
N7_E10c_T12b,N7,arxiv_agg_043,aggregate_cross_paper,test,0.5714285714285714,0.9163588322818055,0.0,0.4959291345701256,367.06627202033997
N7_E10c_T12b,N7,arxiv_agg_044,aggregate_cross_paper,train,0.8571428571428571,0.7315335899017259,0.25,0.612892149014861,367.06627202033997
N7_E10c_T12b,N7,arxiv_agg_045,aggregate_cross_paper,train,0.8,0.791588296175116,0.75,0.7805294320583721,367.06627202033997
N7_E10c_T12b,N7,arxiv_agg_046,aggregate_cross_paper,test,1.0,0.7278811676901856,0.25,0.6592937225633952,367.06627202033997
N7_E10c_T12b,N7,arxiv_agg_047,aggregate_cross_paper,train,0.875,0.6281841898553732,0.0,0.5010613966184577,367.06627202033997
N7_E10c_T12b,N7,arxiv_agg_048,aggregate_cross_paper,test,0.8333333333333334,0.714907929584934,1.0,0.8494137543060892,367.06627202033997
N7_E10c_T12b,N7,arxiv_agg_049,aggregate_cross_paper,train,0.7142857142857143,0.6267876203931816,1.0,0.7803577782262986,367.06627202033997
N7_E10c_T12b,N7,arxiv_agg_050,aggregate_cross_paper,test,1.0,0.0,0.25,0.4166666666666667,367.06627202033997
N7_E10c_T12b,N7,arxiv_agg_051,aggregate_cross_paper,test,0.6,0.7225648846084446,0.0,0.44085496153614817,367.06627202033997
N7_E10c_T12b,N7,arxiv_agg_052,aggregate_cross_paper,test,1.0,0.7737154130066841,1.0,0.9245718043355614,367.06627202033997
N7_E10c_T12b,N7,arxiv_agg_053,aggregate_cross_paper,train,1.0,0.0,0.25,0.4166666666666667,367.06627202033997
N7_E10c_T12b,N7,arxiv_agg_054,aggregate_cross_paper,test,0.8571428571428571,0.0,0.25,0.36904761904761907,367.06627202033997
N7_E10c_T12b,N7,arxiv_agg_055,aggregate_cross_paper,train,0.7142857142857143,0.802362578764078,1.0,0.8388827643499308,367.06627202033997
N7_E10c_T12b,N7,arxiv_agg_056,aggregate_cross_paper,test,0.8333333333333334,0.6601448955383971,0.5,0.6644927429572435,367.06627202033997
N7_E10c_T12b,N7,arxiv_agg_057,aggregate_cross_paper,test,0.8571428571428571,0.7312310386490901,0.0,0.5294579652639824,367.06627202033997
N7_E10c_T12b,N7,arxiv_agg_058,aggregate_cross_paper,test,0.2857142857142857,0.5842764623240736,0.0,0.28999691601278643,367.06627202033997
N7_E10c_T12b,N7,arxiv_agg_059,aggregate_cross_paper,test,1.0,0.787928186634064,0.5,0.7626427288780214,367.06627202033997
N7_E10c_T12b,N7,arxiv_agg_060,aggregate_cross_paper,test,1.0,0.5440949137208545,0.25,0.5980316379069515,367.06627202033997
N7_E10c_T12b,N7,arxiv_agg_061,aggregate_cross_paper,test,1.0,0.0,0.25,0.4166666666666667,367.06627202033997
N7_E10c_T12b,N7,arxiv_agg_062,aggregate_cross_paper,train,0.8,0.828229653793452,0.75,0.7927432179311507,367.06627202033997
N7_E10c_T12b,N7,arxiv_agg_063,aggregate_cross_paper,test,1.0,0.6661886583307721,0.75,0.8053962194435907,367.06627202033997
N7_E10c_T12b,N7,arxiv_agg_064,aggregate_cross_paper,test,0.42857142857142855,0.5801376949252941,0.0,0.3362363744989076,367.06627202033997
N7_E10c_T12b,N7,arxiv_agg_065,aggregate_cross_paper,train,0.7142857142857143,0.7478122042000013,0.0,0.4873659728285718,367.06627202033997
N7_E10c_T12b,N7,arxiv_agg_066,aggregate_cross_paper,train,1.0,0.0,0.0,0.3333333333333333,367.06627202033997
N7_E10c_T12b,N7,arxiv_agg_067,aggregate_cross_paper,test,0.8,0.7934549346970633,0.0,0.5311516448990211,367.06627202033997
N7_E10c_T12b,N7,arxiv_agg_068,aggregate_cross_paper,test,0.7272727272727273,0.9210965290921247,0.5,0.7161230854549506,367.06627202033997
N7_E10c_T12b,N7,arxiv_agg_069,aggregate_cross_paper,train,1.0,0.635271822899935,1.0,0.8784239409666451,367.06627202033997
N7_E10c_T12b,N7,arxiv_agg_070,aggregate_cross_paper,train,0.875,0.0,0.25,0.375,367.06627202033997
N7_E10c_T12b,N7,arxiv_agg_071,aggregate_cross_paper,test,0.8333333333333334,0.6962334903306657,0.75,0.7598556078879998,367.06627202033997
N7_E10c_T12b,N7,arxiv_agg_072,aggregate_cross_paper,train,0.6666666666666666,0.5692504136185766,0.5,0.5786390267617477,367.06627202033997
N7_E10c_T12b,N7,arxiv_agg_073,aggregate_cross_paper,train,0.875,0.7826491830916986,1.0,0.8858830610305661,367.06627202033997
N7_E10c_T12b,N7,arxiv_agg_074,aggregate_cross_paper,test,1.0,0.6872386008371365,1.0,0.8957462002790454,367.06627202033997
N7_E10c_T12b,N7,arxiv_agg_075,aggregate_cross_paper,test,0.75,0.0,0.5,0.4166666666666667,367.06627202033997
N7_E10c_T12b,N7,arxiv_agg_076,aggregate_cross_paper,train,0.75,0.8779438772436676,0.0,0.5426479590812225,367.06627202033997
N7_E10c_T12b,N7,arxiv_agg_077,aggregate_cross_paper,train,0.8333333333333334,0.5482501593477664,1.0,0.7938611642270333,367.06627202033997
N7_E10c_T12b,N7,arxiv_agg_078,aggregate_cross_paper,test,0.5714285714285714,0.6736109201286453,0.0,0.41501316385240555,367.06627202033997
N7_E10c_T12b,N7,arxiv_agg_079,aggregate_cross_paper,test,0.14285714285714285,0.7320573635703181,0.75,0.5416381688091537,367.06627202033997
N7_E10c_T12b,N7,arxiv_agg_080,aggregate_cross_paper,train,0.6,0.6780637690154904,0.0,0.4260212563384968,367.06627202033997
N7_E10c_T12b,N7,arxiv_agg_081,aggregate_cross_paper,train,0.8,0.6322848987196209,0.5,0.6440949662398737,367.06627202033997
N7_E10c_T12b,N7,arxiv_agg_082,aggregate_cross_paper,test,0.8571428571428571,0.8085411192051232,0.0,0.5552279921159934,367.06627202033997
N7_E10c_T12b,N7,arxiv_agg_083,aggregate_cross_paper,train,0.2857142857142857,0.7537756921763811,1.0,0.6798299926302223,367.06627202033997
N7_E10c_T12b,N7,arxiv_agg_084,aggregate_cross_paper,test,0.5,0.706074943949027,0.0,0.40202498131634234,367.06627202033997
N7_E10c_T12b,N7,arxiv_agg_085,aggregate_cross_paper,train,0.8571428571428571,0.6898234401049453,0.25,0.5989887657492675,367.06627202033997
N7_E10c_T12b,N7,arxiv_agg_086,aggregate_cross_paper,test,0.0,0.9725374083131602,0.0,0.3241791361043867,367.06627202033997
N7_E10c_T12b,N7,arxiv_agg_087,aggregate_cross_paper,test,0.3333333333333333,0.0,1.0,0.4444444444444444,367.06627202033997
N7_E10c_T12b,N7,arxiv_agg_088,aggregate_cross_paper,train,0.0,0.7717871081580235,0.75,0.5072623693860079,367.06627202033997
N7_E10c_T12b,N7,arxiv_agg_089,aggregate_cross_paper,test,1.0,0.7675568720200943,1.0,0.9225189573400314,367.06627202033997
N7_E10c_T12b,N7,arxiv_agg_090,aggregate_cross_paper,train,1.0,0.7576791503332302,1.0,0.9192263834444101,367.06627202033997
N7_E10c_T12b,N7,arxiv_agg_091,aggregate_cross_paper,test,1.0,0.7239363178746748,1.0,0.9079787726248916,367.06627202033997
N7_E10c_T12b,N7,arxiv_agg_092,aggregate_cross_paper,test,1.0,0.8848881081686714,1.0,0.9616293693895571,367.06627202033997
N7_E10c_T12b,N7,arxiv_agg_093,aggregate_cross_paper,train,0.6666666666666666,0.8546069925533265,1.0,0.8404245530733311,367.06627202033997
N7_E10c_T12b,N7,arxiv_agg_094,aggregate_cross_paper,test,0.5833333333333334,0.9135848593988082,0.5,0.6656393975773806,367.06627202033997
N7_E10c_T12b,N7,arxiv_agg_095,aggregate_cross_paper,train,0.7142857142857143,0.6228979434835922,0.25,0.5290612192564356,367.06627202033997
N7_E10c_T12b,N7,arxiv_agg_096,aggregate_cross_paper,train,1.0,0.0,0.0,0.3333333333333333,367.06627202033997
N7_E10c_T12b,N7,arxiv_agg_097,aggregate_cross_paper,test,0.8888888888888888,0.8370343897150918,0.25,0.6586410928679935,367.06627202033997
N7_E10c_T12b,N7,arxiv_agg_098,aggregate_cross_paper,test,1.0,0.0,0.0,0.3333333333333333,367.06627202033997
N7_E10c_T12b,N7,arxiv_agg_099,aggregate_cross_paper,test,1.0,0.0,0.5,0.5,367.06627202033997
N7_E10c_T12b,N7,arxiv_edge_034,edge_multihop,test,0.2,0.0,0.0,0.06666666666666667,367.06627202033997
N7_E10c_T12b,N7,arxiv_edge_035,edge_multihop,test,1.0,0.8518740804093357,1.0,0.9506246934697785,367.06627202033997
N7_E10c_T12b,N7,arxiv_edge_036,edge_multihop,test,0.8333333333333334,0.5453380915967369,0.0,0.45955714164335676,367.06627202033997
N7_E10c_T12b,N7,arxiv_edge_037,edge_multihop,train,0.5,0.0,0.5,0.3333333333333333,367.06627202033997
N7_E10c_T12b,N7,arxiv_edge_038,edge_multihop,test,0.8571428571428571,0.7781279955514749,1.0,0.8784236175647774,367.06627202033997
N7_E10c_T12b,N7,arxiv_edge_039,edge_multihop,train,1.0,0.7905307376223493,0.5,0.7635102458741164,367.06627202033997
N7_E10c_T12b,N7,arxiv_edge_040,edge_multihop,test,0.8,0.6330947913071017,0.25,0.5610315971023673,367.06627202033997
N7_E10c_T12b,N7,arxiv_edge_041,edge_multihop,test,1.0,0.0,0.0,0.3333333333333333,367.06627202033997
N7_E10c_T12b,N7,arxiv_edge_042,edge_multihop,test,0.875,0.48258014406121,0.0,0.45252671468707,367.06627202033997
N7_E10c_T12b,N7,arxiv_edge_043,edge_multihop,test,1.0,0.0,0.0,0.3333333333333333,367.06627202033997
N7_E10c_T12b,N7,arxiv_edge_044,edge_multihop,test,0.2,0.8770425207383983,0.75,0.6090141735794661,367.06627202033997
N7_E10c_T12b,N7,arxiv_edge_045,edge_multihop,train,0.8,0.7002668141426883,0.0,0.5000889380475627,367.06627202033997
N7_E10c_T12b,N7,arxiv_edge_046,edge_multihop,test,1.0,0.6904028537874768,0.0,0.563467617929159,367.06627202033997
N7_E10c_T12b,N7,arxiv_edge_047,edge_multihop,test,0.7142857142857143,0.56064139289356,1.0,0.7583090357264247,367.06627202033997
N7_E10c_T12b,N7,arxiv_edge_048,edge_multihop,train,0.3333333333333333,0.7432666432789485,0.0,0.3588666588707606,367.06627202033997
N7_E10c_T12b,N7,arxiv_edge_049,edge_multihop,train,0.5714285714285714,0.6116854768263719,0.0,0.3943713494183145,367.06627202033997
N7_E10c_T12b,N7,arxiv_edge_050,edge_multihop,test,1.0,0.7235757712752219,0.75,0.8245252570917406,367.06627202033997
N7_E10c_T12b,N7,arxiv_edge_051,edge_multihop,test,1.0,0.8947867185780007,0.25,0.7149289061926668,367.06627202033997
N7_E10c_T12b,N7,arxiv_edge_052,edge_multihop,train,0.7142857142857143,0.8168534518107534,0.25,0.5937130553654892,367.06627202033997
N7_E10c_T12b,N7,arxiv_edge_053,edge_multihop,train,1.0,0.8341007697956064,0.75,0.861366923265202,367.06627202033997
N7_E10c_T12b,N7,arxiv_edge_054,edge_multihop,train,1.0,0.8755262351611526,0.25,0.7085087450537175,367.06627202033997
N7_E10c_T12b,N7,arxiv_edge_055,edge_multihop,train,0.6,0.7534989823190962,0.0,0.4511663274396987,367.06627202033997
N7_E10c_T12b,N7,arxiv_edge_056,edge_multihop,train,0.42857142857142855,0.872169918591205,0.5,0.6002471157208779,367.06627202033997
N7_E10c_T12b,N7,arxiv_edge_057,edge_multihop,train,0.8333333333333334,0.8764408729380759,0.5,0.7365914020904697,367.06627202033997
N7_E10c_T12b,N7,arxiv_edge_058,edge_multihop,train,0.0,0.9364863487110564,0.5,0.47882878290368547,367.06627202033997
N7_E10c_T12b,N7,arxiv_edge_059,edge_multihop,train,1.0,0.8563024020387364,1.0,0.9521008006795788,367.06627202033997
N7_E10c_T12b,N7,arxiv_edge_060,edge_multihop,train,0.3333333333333333,0.831001162468462,0.0,0.38811149860059846,367.06627202033997
N7_E10c_T12b,N7,arxiv_edge_061,edge_multihop,test,1.0,0.6872260094777164,1.0,0.8957420031592388,367.06627202033997
N7_E10c_T12b,N7,arxiv_edge_062,edge_multihop,test,0.8,0.5701193839433802,0.75,0.70670646131446,367.06627202033997
N7_E10c_T12b,N7,arxiv_edge_063,edge_multihop,train,1.0,0.0,0.0,0.3333333333333333,367.06627202033997
N7_E10c_T12b,N7,arxiv_edge_064,edge_multihop,test,0.0,0.8006858273895335,0.0,0.2668952757965112,367.06627202033997
N7_E10c_T12b,N7,arxiv_edge_065,edge_multihop,train,1.0,0.6424795414930609,1.0,0.8808265138310203,367.06627202033997
N7_E10c_T12b,N7,arxiv_edge_066,edge_multihop,train,1.0,0.0,0.0,0.3333333333333333,367.06627202033997
N7_E10c_T12b,N7,arxiv_edge_067,edge_multihop,train,1.0,0.9134017904316635,0.5,0.8044672634772212,367.06627202033997
N7_E10c_T12b,N7,arxiv_edge_068,edge_multihop,test,0.42857142857142855,0.8837289575465969,0.25,0.5207667953726751,367.06627202033997
N7_E10c_T12b,N7,arxiv_edge_069,edge_multihop,test,0.5,0.529261011943183,0.75,0.593087003981061,367.06627202033997
N7_E10c_T12b,N7,arxiv_edge_070,edge_multihop,test,0.5,0.7696735014290242,0.0,0.42322450047634136,367.06627202033997
N7_E10c_T12b,N7,arxiv_edge_071,edge_multihop,test,1.0,0.8271299539189622,1.0,0.9423766513063208,367.06627202033997
N7_E10c_T12b,N7,arxiv_edge_072,edge_multihop,test,1.0,0.7516048999180033,1.0,0.917201633306001,367.06627202033997
N7_E10c_T12b,N7,arxiv_edge_073,edge_multihop,train,0.6666666666666666,0.7796127392164487,0.0,0.48209313529437176,367.06627202033997
N7_E10c_T12b,N7,arxiv_edge_074,edge_multihop,train,0.6666666666666666,0.859653575344435,1.0,0.8421067473370338,367.06627202033997
N7_E10c_T12b,N7,arxiv_edge_075,edge_multihop,train,0.25,0.7489233417750109,1.0,0.6663077805916703,367.06627202033997
N7_E10c_T12b,N7,arxiv_edge_076,edge_multihop,train,1.0,0.6262256890369807,1.0,0.8754085630123268,367.06627202033997
N7_E10c_T12b,N7,arxiv_edge_077,edge_multihop,test,0.42857142857142855,0.8298852517161057,0.25,0.5028188934291781,367.06627202033997
N7_E10c_T12b,N7,arxiv_edge_078,edge_multihop,train,0.8,0.5390488405578858,0.0,0.4463496135192953,367.06627202033997
N7_E10c_T12b,N7,arxiv_edge_079,edge_multihop,train,0.5,0.7037530747458476,1.0,0.7345843582486159,367.06627202033997
N7_E10c_T12b,N7,arxiv_edge_080,edge_multihop,test,0.875,0.5868637276565278,0.0,0.48728790921884263,367.06627202033997
N7_E10c_T12b,N7,arxiv_edge_081,edge_multihop,train,0.8333333333333334,0.7907694917095635,0.25,0.6247009416809656,367.06627202033997
N7_E10c_T12b,N7,arxiv_edge_082,edge_multihop,train,0.6,0.7757934240331718,0.25,0.5419311413443906,367.06627202033997
N7_E10c_T12b,N7,arxiv_edge_083,edge_multihop,train,0.7142857142857143,0.7986211774787906,1.0,0.8376356305881684,367.06627202033997
N7_E10c_T12b,N7,arxiv_edge_084,edge_multihop,test,0.6,0.7858595337997212,1.0,0.7952865112665738,367.06627202033997
N7_E10c_T12b,N7,arxiv_edge_085,edge_multihop,train,0.75,0.7680883132515973,1.0,0.8393627710838657,367.06627202033997
N7_E10c_T12b,N7,arxiv_edge_086,edge_multihop,train,0.8,0.7792422274658035,0.75,0.7764140758219344,367.06627202033997
N7_E10c_T12b,N7,arxiv_edge_087,edge_multihop,train,1.0,0.7734697327157524,1.0,0.9244899109052508,367.06627202033997
N7_E10c_T12b,N7,arxiv_edge_088,edge_multihop,train,0.8,0.6465102026985897,1.0,0.81550340089953,367.06627202033997
N7_E10c_T12b,N7,arxiv_edge_089,edge_multihop,train,1.0,0.8292465723644513,0.5,0.7764155241214837,367.06627202033997
N7_E10c_T12b,N7,arxiv_edge_090,edge_multihop,train,1.0,0.6733291836181988,0.25,0.6411097278727329,367.06627202033997
N7_E10c_T12b,N7,arxiv_edge_091,edge_multihop,test,0.3333333333333333,0.8043915841559576,0.5,0.5459083058297637,367.06627202033997
N7_E10c_T12b,N7,arxiv_edge_092,edge_multihop,test,1.0,0.6428757827871311,0.0,0.5476252609290437,367.06627202033997
N7_E10c_T12b,N7,arxiv_edge_093,edge_multihop,train,0.6,0.7032467644063111,0.75,0.6844155881354371,367.06627202033997
N7_E10c_T12b,N7,arxiv_edge_094,edge_multihop,test,0.8571428571428571,0.7318059623331852,1.0,0.8629829398253475,367.06627202033997
N7_E10c_T12b,N7,arxiv_edge_095,edge_multihop,test,0.5714285714285714,0.6177012459458795,0.0,0.39637660579148365,367.06627202033997
N7_E10c_T12b,N7,arxiv_edge_096,edge_multihop,test,1.0,0.6910932489644331,0.0,0.563697749654811,367.06627202033997
N7_E10c_T12b,N7,arxiv_edge_097,edge_multihop,test,0.3333333333333333,0.8162596617612577,0.5,0.549864331698197,367.06627202033997
N7_E10c_T12b,N7,arxiv_edge_098,edge_multihop,train,0.42857142857142855,0.5946297066868537,0.0,0.34106704508609403,367.06627202033997
N7_E10c_T12b,N7,arxiv_edge_099,edge_multihop,train,0.625,0.7603330826246957,0.0,0.4617776942082319,367.06627202033997
N7_E10c_T12b,N7,arxiv_sh_083,single_specific,train,0.6666666666666666,0.8501323034397336,1.0,0.8389329900354667,367.06627202033997
N7_E10c_T12b,N7,arxiv_sh_084,single_specific,train,1.0,0.6791338639226823,1.0,0.8930446213075607,367.06627202033997
N7_E10c_T12b,N7,arxiv_sh_085,single_specific,train,0.75,0.9488485084952336,1.0,0.8996161694984112,367.06627202033997
N7_E10c_T12b,N7,arxiv_sh_086,single_specific,train,1.0,0.8843201015131588,1.0,0.9614400338377195,367.06627202033997
N7_E10c_T12b,N7,arxiv_sh_087,single_specific,train,0.5,0.0,0.25,0.25,367.06627202033997
N7_E10c_T12b,N7,arxiv_sh_088,single_specific,train,1.0,0.8735881501120554,1.0,0.9578627167040185,367.06627202033997
N7_E10c_T12b,N7,arxiv_sh_089,single_specific,test,1.0,0.8299949746853794,1.0,0.9433316582284599,367.06627202033997
N7_E10c_T12b,N7,arxiv_sh_090,single_specific,test,1.0,0.9495335452078273,0.75,0.8998445150692757,367.06627202033997
N7_E10c_T12b,N7,arxiv_sh_091,single_specific,test,1.0,0.6512535650056531,1.0,0.8837511883352177,367.06627202033997
N7_E10c_T12b,N7,arxiv_sh_092,single_specific,train,0.8,0.5741864542339539,1.0,0.7913954847446513,367.06627202033997
N7_E10c_T12b,N7,arxiv_sh_093,single_specific,train,0.75,0.8121929905958009,1.0,0.8540643301986003,367.06627202033997
N7_E10c_T12b,N7,arxiv_sh_094,single_specific,train,1.0,0.7285260076221192,1.0,0.9095086692073732,367.06627202033997
N7_E10c_T12b,N7,arxiv_sh_095,single_specific,test,1.0,0.9516100307456725,1.0,0.9838700102485575,367.06627202033997
N7_E10c_T12b,N7,arxiv_sh_096,single_specific,test,1.0,0.8640210799278704,1.0,0.9546736933092901,367.06627202033997
N7_E10c_T12b,N7,arxiv_sh_097,single_specific,test,1.0,0.9999995681934385,1.0,0.9999998560644795,367.06627202033997
N7_E10c_T12b,N7,arxiv_sh_098,single_specific,test,1.0,0.6656259047060435,1.0,0.8885419682353479,367.06627202033997
N7_E10c_T12b,N7,arxiv_sh_099,single_specific,train,1.0,0.8971065566259477,1.0,0.9657021855419826,367.06627202033997
N7_E11a_T12a,N7,arxiv_agg_033,aggregate_cross_paper,train,0.5,0.4994447488637193,0.25,0.4164815829545731,361.98774886131287
N7_E11a_T12a,N7,arxiv_agg_034,aggregate_cross_paper,train,1.0,0.7352862654200012,1.0,0.9117620884733336,361.98774886131287
N7_E11a_T12a,N7,arxiv_agg_035,aggregate_cross_paper,train,0.625,0.7731542202211863,0.75,0.7160514067403954,361.98774886131287
N7_E11a_T12a,N7,arxiv_agg_036,aggregate_cross_paper,test,0.8333333333333334,0.0,0.0,0.2777777777777778,361.98774886131287
N7_E11a_T12a,N7,arxiv_agg_037,aggregate_cross_paper,test,0.25,0.0,0.0,0.08333333333333333,361.98774886131287
N7_E11a_T12a,N7,arxiv_agg_038,aggregate_cross_paper,test,1.0,0.6201953336273203,1.0,0.8733984445424401,361.98774886131287
N7_E11a_T12a,N7,arxiv_agg_039,aggregate_cross_paper,train,0.6666666666666666,0.8779482053188261,1.0,0.8482049573284977,361.98774886131287
N7_E11a_T12a,N7,arxiv_agg_040,aggregate_cross_paper,train,1.0,0.6420721909682205,0.0,0.5473573969894069,361.98774886131287
N7_E11a_T12a,N7,arxiv_agg_041,aggregate_cross_paper,test,0.14285714285714285,0.6801858177526583,0.5,0.44101432020326703,361.98774886131287
N7_E11a_T12a,N7,arxiv_agg_042,aggregate_cross_paper,train,0.8333333333333334,0.7365344212293987,0.75,0.7732892515209108,361.98774886131287
N7_E11a_T12a,N7,arxiv_agg_043,aggregate_cross_paper,test,0.6666666666666666,0.8975558185877881,0.0,0.5214074950848183,361.98774886131287
N7_E11a_T12a,N7,arxiv_agg_044,aggregate_cross_paper,train,0.5,0.7315706655033067,0.25,0.49385688850110226,361.98774886131287
N7_E11a_T12a,N7,arxiv_agg_045,aggregate_cross_paper,train,0.6,0.7931062831140471,1.0,0.7977020943713491,361.98774886131287
N7_E11a_T12a,N7,arxiv_agg_046,aggregate_cross_paper,test,1.0,0.7282317471653982,0.25,0.6594105823884661,361.98774886131287
N7_E11a_T12a,N7,arxiv_agg_047,aggregate_cross_paper,train,0.875,0.2419176280532729,0.25,0.455639209351091,361.98774886131287
N7_E11a_T12a,N7,arxiv_agg_048,aggregate_cross_paper,test,1.0,0.7178036486466665,1.0,0.9059345495488889,361.98774886131287
N7_E11a_T12a,N7,arxiv_agg_049,aggregate_cross_paper,train,0.5714285714285714,0.6267876203931816,0.75,0.6494053972739177,361.98774886131287
N7_E11a_T12a,N7,arxiv_agg_050,aggregate_cross_paper,test,0.8,0.6770821088637587,0.5,0.6590273696212529,361.98774886131287
N7_E11a_T12a,N7,arxiv_agg_051,aggregate_cross_paper,test,1.0,0.7659986849001026,0.25,0.6719995616333675,361.98774886131287
N7_E11a_T12a,N7,arxiv_agg_052,aggregate_cross_paper,test,1.0,0.7737275453067088,1.0,0.9245758484355696,361.98774886131287
N7_E11a_T12a,N7,arxiv_agg_053,aggregate_cross_paper,train,0.75,0.0,0.25,0.3333333333333333,361.98774886131287
N7_E11a_T12a,N7,arxiv_agg_054,aggregate_cross_paper,test,1.0,0.5650666034309318,0.75,0.7716888678103105,361.98774886131287
N7_E11a_T12a,N7,arxiv_agg_055,aggregate_cross_paper,train,1.0,0.7459940675098197,1.0,0.9153313558366065,361.98774886131287
N7_E11a_T12a,N7,arxiv_agg_056,aggregate_cross_paper,test,0.5714285714285714,0.6603808564055919,0.5,0.5772698092780545,361.98774886131287
N7_E11a_T12a,N7,arxiv_agg_057,aggregate_cross_paper,test,1.0,0.7250852034832734,0.5,0.7416950678277577,361.98774886131287
N7_E11a_T12a,N7,arxiv_agg_058,aggregate_cross_paper,test,0.5,0.6036340001359994,0.5,0.5345446667119998,361.98774886131287
N7_E11a_T12a,N7,arxiv_agg_059,aggregate_cross_paper,test,1.0,0.6113176197701818,1.0,0.8704392065900607,361.98774886131287
N7_E11a_T12a,N7,arxiv_agg_060,aggregate_cross_paper,test,1.0,0.8073782273524567,0.75,0.8524594091174856,361.98774886131287
N7_E11a_T12a,N7,arxiv_agg_061,aggregate_cross_paper,test,1.0,0.0,0.75,0.5833333333333334,361.98774886131287
N7_E11a_T12a,N7,arxiv_agg_062,aggregate_cross_paper,train,1.0,0.8419917600269217,0.75,0.8639972533423071,361.98774886131287
N7_E11a_T12a,N7,arxiv_agg_063,aggregate_cross_paper,test,1.0,0.6415452994732683,0.75,0.7971817664910894,361.98774886131287
N7_E11a_T12a,N7,arxiv_agg_064,aggregate_cross_paper,test,0.8,0.7213281268217777,0.0,0.5071093756072592,361.98774886131287
N7_E11a_T12a,N7,arxiv_agg_065,aggregate_cross_paper,train,0.625,0.6126454779269283,0.25,0.4958818259756428,361.98774886131287
N7_E11a_T12a,N7,arxiv_agg_066,aggregate_cross_paper,train,1.0,0.0,0.25,0.4166666666666667,361.98774886131287
N7_E11a_T12a,N7,arxiv_agg_067,aggregate_cross_paper,test,1.0,0.0,0.0,0.3333333333333333,361.98774886131287
N7_E11a_T12a,N7,arxiv_agg_068,aggregate_cross_paper,test,0.0,0.9210688014966549,0.5,0.4736896004988849,361.98774886131287
N7_E11a_T12a,N7,arxiv_agg_069,aggregate_cross_paper,train,1.0,0.5505216588138957,1.0,0.8501738862712985,361.98774886131287
N7_E11a_T12a,N7,arxiv_agg_070,aggregate_cross_paper,train,0.8571428571428571,0.0,0.5,0.4523809523809524,361.98774886131287
N7_E11a_T12a,N7,arxiv_agg_071,aggregate_cross_paper,test,1.0,0.6912949559032892,1.0,0.8970983186344297,361.98774886131287
N7_E11a_T12a,N7,arxiv_agg_072,aggregate_cross_paper,train,0.8333333333333334,0.0,0.5,0.4444444444444445,361.98774886131287
N7_E11a_T12a,N7,arxiv_agg_073,aggregate_cross_paper,train,1.0,0.8025338328195449,1.0,0.9341779442731816,361.98774886131287
N7_E11a_T12a,N7,arxiv_agg_074,aggregate_cross_paper,test,1.0,0.6871806916937587,1.0,0.895726897231253,361.98774886131287
N7_E11a_T12a,N7,arxiv_agg_075,aggregate_cross_paper,test,0.75,0.0,0.5,0.4166666666666667,361.98774886131287
N7_E11a_T12a,N7,arxiv_agg_076,aggregate_cross_paper,train,1.0,0.917982163291276,0.0,0.6393273877637586,361.98774886131287
N7_E11a_T12a,N7,arxiv_agg_077,aggregate_cross_paper,train,0.8571428571428571,0.5738488019828994,1.0,0.8103305530419188,361.98774886131287
N7_E11a_T12a,N7,arxiv_agg_078,aggregate_cross_paper,test,0.3333333333333333,0.6748029772229414,0.25,0.41937877018542485,361.98774886131287
N7_E11a_T12a,N7,arxiv_agg_079,aggregate_cross_paper,test,0.25,0.5576118721306582,0.75,0.5192039573768861,361.98774886131287
N7_E11a_T12a,N7,arxiv_agg_080,aggregate_cross_paper,train,0.6,0.49383659345944264,0.75,0.6146121978198141,361.98774886131287
N7_E11a_T12a,N7,arxiv_agg_081,aggregate_cross_paper,train,0.8888888888888888,0.6742890425618121,0.25,0.6043926438169004,361.98774886131287
N7_E11a_T12a,N7,arxiv_agg_082,aggregate_cross_paper,test,0.8,0.8980238497161991,0.0,0.5660079499053997,361.98774886131287
N7_E11a_T12a,N7,arxiv_agg_083,aggregate_cross_paper,train,0.9,0.8323188455201528,1.0,0.9107729485067176,361.98774886131287
N7_E11a_T12a,N7,arxiv_agg_084,aggregate_cross_paper,test,0.125,0.6832774479821592,0.0,0.2694258159940531,361.98774886131287
N7_E11a_T12a,N7,arxiv_agg_085,aggregate_cross_paper,train,0.8571428571428571,0.6897909330150516,0.25,0.5989779300526362,361.98774886131287
N7_E11a_T12a,N7,arxiv_agg_086,aggregate_cross_paper,test,0.8,0.9246275923126164,0.25,0.6582091974375388,361.98774886131287
N7_E11a_T12a,N7,arxiv_agg_087,aggregate_cross_paper,test,0.6666666666666666,0.0,1.0,0.5555555555555555,361.98774886131287
N7_E11a_T12a,N7,arxiv_agg_088,aggregate_cross_paper,train,0.3333333333333333,0.8496084229750956,0.75,0.6443139187694763,361.98774886131287
N7_E11a_T12a,N7,arxiv_agg_089,aggregate_cross_paper,test,0.875,0.9199111010791242,1.0,0.9316370336930414,361.98774886131287
N7_E11a_T12a,N7,arxiv_agg_090,aggregate_cross_paper,train,0.8888888888888888,0.7576466852596201,1.0,0.8821785247161696,361.98774886131287
N7_E11a_T12a,N7,arxiv_agg_091,aggregate_cross_paper,test,1.0,0.7644341478318529,1.0,0.9214780492772844,361.98774886131287
N7_E11a_T12a,N7,arxiv_agg_092,aggregate_cross_paper,test,1.0,0.885978789620446,1.0,0.9619929298734821,361.98774886131287
N7_E11a_T12a,N7,arxiv_agg_093,aggregate_cross_paper,train,0.5714285714285714,0.8965965926580312,0.75,0.7393417213622008,361.98774886131287
N7_E11a_T12a,N7,arxiv_agg_094,aggregate_cross_paper,test,0.8571428571428571,0.8339569452991235,0.5,0.7303666008139936,361.98774886131287
N7_E11a_T12a,N7,arxiv_agg_095,aggregate_cross_paper,train,0.625,0.7355135360617374,0.25,0.5368378453539124,361.98774886131287
N7_E11a_T12a,N7,arxiv_agg_096,aggregate_cross_paper,train,0.7777777777777778,0.0,0.25,0.34259259259259256,361.98774886131287
N7_E11a_T12a,N7,arxiv_agg_097,aggregate_cross_paper,test,0.5,0.9559063456562226,0.0,0.48530211521874084,361.98774886131287
N7_E11a_T12a,N7,arxiv_agg_098,aggregate_cross_paper,test,0.75,0.0,0.0,0.25,361.98774886131287
N7_E11a_T12a,N7,arxiv_agg_099,aggregate_cross_paper,test,1.0,0.0,0.5,0.5,361.98774886131287
N7_E11a_T12a,N7,arxiv_edge_034,edge_multihop,test,0.4,0.7213922312430845,0.0,0.3737974104143615,361.98774886131287
N7_E11a_T12a,N7,arxiv_edge_035,edge_multihop,test,0.5714285714285714,0.8518740804093357,1.0,0.8077675506126356,361.98774886131287
N7_E11a_T12a,N7,arxiv_edge_036,edge_multihop,test,1.0,0.0,0.25,0.4166666666666667,361.98774886131287
N7_E11a_T12a,N7,arxiv_edge_037,edge_multihop,train,1.0,0.0,0.0,0.3333333333333333,361.98774886131287
N7_E11a_T12a,N7,arxiv_edge_038,edge_multihop,test,0.8333333333333334,0.6368385434266971,0.5,0.6567239589200101,361.98774886131287
N7_E11a_T12a,N7,arxiv_edge_039,edge_multihop,train,0.8333333333333334,0.7895598520916639,0.5,0.7076310618083325,361.98774886131287
N7_E11a_T12a,N7,arxiv_edge_040,edge_multihop,test,0.5,0.6330706853204647,0.25,0.4610235617734883,361.98774886131287
N7_E11a_T12a,N7,arxiv_edge_041,edge_multihop,test,0.75,0.0,0.0,0.25,361.98774886131287
N7_E11a_T12a,N7,arxiv_edge_042,edge_multihop,test,1.0,0.0,0.0,0.3333333333333333,361.98774886131287
N7_E11a_T12a,N7,arxiv_edge_043,edge_multihop,test,0.8,0.0,0.5,0.43333333333333335,361.98774886131287
N7_E11a_T12a,N7,arxiv_edge_044,edge_multihop,test,0.5,0.9014902103308244,1.0,0.8004967367769416,361.98774886131287
N7_E11a_T12a,N7,arxiv_edge_045,edge_multihop,train,1.0,0.7716459298490534,0.5,0.7572153099496844,361.98774886131287
N7_E11a_T12a,N7,arxiv_edge_046,edge_multihop,test,0.8,0.6591542560415506,0.0,0.48638475201385023,361.98774886131287
N7_E11a_T12a,N7,arxiv_edge_047,edge_multihop,test,0.16666666666666666,0.5811726874964614,1.0,0.582613118054376,361.98774886131287
N7_E11a_T12a,N7,arxiv_edge_048,edge_multihop,train,1.0,0.0,0.0,0.3333333333333333,361.98774886131287
N7_E11a_T12a,N7,arxiv_edge_049,edge_multihop,train,0.8333333333333334,0.49536608155553646,0.25,0.5262331382962899,361.98774886131287
N7_E11a_T12a,N7,arxiv_edge_050,edge_multihop,test,0.6666666666666666,0.0,0.25,0.3055555555555555,361.98774886131287
N7_E11a_T12a,N7,arxiv_edge_051,edge_multihop,test,1.0,0.4321844701741773,0.25,0.5607281567247258,361.98774886131287
N7_E11a_T12a,N7,arxiv_edge_052,edge_multihop,train,0.7142857142857143,0.6773702727511045,0.25,0.5472186623456062,361.98774886131287
N7_E11a_T12a,N7,arxiv_edge_053,edge_multihop,train,0.6,0.835151716642649,0.75,0.7283839055475497,361.98774886131287
N7_E11a_T12a,N7,arxiv_edge_054,edge_multihop,train,0.8,0.8753831654067668,0.0,0.558461055135589,361.98774886131287
N7_E11a_T12a,N7,arxiv_edge_055,edge_multihop,train,0.5,0.6271247773953591,0.5,0.542374925798453,361.98774886131287
N7_E11a_T12a,N7,arxiv_edge_056,edge_multihop,train,0.42857142857142855,0.8844282455266762,0.5,0.6043332246993682,361.98774886131287
N7_E11a_T12a,N7,arxiv_edge_057,edge_multihop,train,1.0,0.0,0.25,0.4166666666666667,361.98774886131287
N7_E11a_T12a,N7,arxiv_edge_058,edge_multihop,train,0.5,0.8860655763193855,0.5,0.6286885254397951,361.98774886131287
N7_E11a_T12a,N7,arxiv_edge_059,edge_multihop,train,1.0,0.8420604807149646,1.0,0.9473534935716549,361.98774886131287
N7_E11a_T12a,N7,arxiv_edge_060,edge_multihop,train,1.0,0.8312367935682329,0.5,0.777078931189411,361.98774886131287
N7_E11a_T12a,N7,arxiv_edge_061,edge_multihop,test,1.0,0.7459300974242811,1.0,0.9153100324747604,361.98774886131287
N7_E11a_T12a,N7,arxiv_edge_062,edge_multihop,test,0.8333333333333334,0.5700458915403168,0.75,0.7177930749578834,361.98774886131287
N7_E11a_T12a,N7,arxiv_edge_063,edge_multihop,train,1.0,0.0,0.25,0.4166666666666667,361.98774886131287
N7_E11a_T12a,N7,arxiv_edge_064,edge_multihop,test,0.6666666666666666,0.0,0.0,0.2222222222222222,361.98774886131287
N7_E11a_T12a,N7,arxiv_edge_065,edge_multihop,train,0.875,0.7379250973487318,1.0,0.8709750324495773,361.98774886131287
N7_E11a_T12a,N7,arxiv_edge_066,edge_multihop,train,0.875,0.6533953972353552,0.0,0.509465132411785,361.98774886131287
N7_E11a_T12a,N7,arxiv_edge_067,edge_multihop,train,0.6,0.9305996030859537,0.75,0.7601998676953179,361.98774886131287
N7_E11a_T12a,N7,arxiv_edge_068,edge_multihop,test,0.75,0.7078472714833954,0.5,0.6526157571611318,361.98774886131287
N7_E11a_T12a,N7,arxiv_edge_069,edge_multihop,test,1.0,0.441605959022431,1.0,0.8138686530074771,361.98774886131287
N7_E11a_T12a,N7,arxiv_edge_070,edge_multihop,test,0.6666666666666666,0.7581855127768132,0.5,0.6416173931478266,361.98774886131287
N7_E11a_T12a,N7,arxiv_edge_071,edge_multihop,test,1.0,0.7991355501811412,1.0,0.9330451833937138,361.98774886131287
N7_E11a_T12a,N7,arxiv_edge_072,edge_multihop,test,0.6666666666666666,0.7974204875592872,1.0,0.8213623847419846,361.98774886131287
N7_E11a_T12a,N7,arxiv_edge_073,edge_multihop,train,0.8333333333333334,0.763351439615686,0.5,0.6988949243163397,361.98774886131287
N7_E11a_T12a,N7,arxiv_edge_074,edge_multihop,train,0.5714285714285714,0.855476004766561,1.0,0.8089681920650441,361.98774886131287
N7_E11a_T12a,N7,arxiv_edge_075,edge_multihop,train,0.5555555555555556,0.7048946753857406,1.0,0.7534834103137653,361.98774886131287
N7_E11a_T12a,N7,arxiv_edge_076,edge_multihop,train,1.0,0.6443423815021795,1.0,0.8814474605007265,361.98774886131287
N7_E11a_T12a,N7,arxiv_edge_077,edge_multihop,test,1.0,0.7649818338776498,0.0,0.5883272779592166,361.98774886131287
N7_E11a_T12a,N7,arxiv_edge_078,edge_multihop,train,0.6,0.0,0.0,0.19999999999999998,361.98774886131287
N7_E11a_T12a,N7,arxiv_edge_079,edge_multihop,train,0.25,0.8438408640080656,1.0,0.6979469546693552,361.98774886131287
N7_E11a_T12a,N7,arxiv_edge_080,edge_multihop,test,0.42857142857142855,0.5726627634960831,0.5,0.5004113973558372,361.98774886131287
N7_E11a_T12a,N7,arxiv_edge_081,edge_multihop,train,1.0,0.8078416581274541,0.0,0.6026138860424847,361.98774886131287
N7_E11a_T12a,N7,arxiv_edge_082,edge_multihop,train,0.8,0.5322928082038145,0.5,0.6107642694012715,361.98774886131287
N7_E11a_T12a,N7,arxiv_edge_083,edge_multihop,train,0.75,0.7486062483621356,0.5,0.6662020827873786,361.98774886131287
N7_E11a_T12a,N7,arxiv_edge_084,edge_multihop,test,1.0,0.7786420865232623,0.25,0.6762140288410875,361.98774886131287
N7_E11a_T12a,N7,arxiv_edge_085,edge_multihop,train,1.0,0.5932760606050647,1.0,0.8644253535350215,361.98774886131287
N7_E11a_T12a,N7,arxiv_edge_086,edge_multihop,train,0.8,0.7246845374350918,1.0,0.8415615124783639,361.98774886131287
N7_E11a_T12a,N7,arxiv_edge_087,edge_multihop,train,1.0,0.7804077587158167,0.75,0.8434692529052722,361.98774886131287
N7_E11a_T12a,N7,arxiv_edge_088,edge_multihop,train,1.0,0.6465102026985897,0.75,0.7988367342328632,361.98774886131287
N7_E11a_T12a,N7,arxiv_edge_089,edge_multihop,train,0.8333333333333334,0.8501086907675952,1.0,0.8944806747003096,361.98774886131287
N7_E11a_T12a,N7,arxiv_edge_090,edge_multihop,train,0.5714285714285714,0.629261288131071,0.0,0.4002299531865474,361.98774886131287
N7_E11a_T12a,N7,arxiv_edge_091,edge_multihop,test,0.8333333333333334,0.8043382443627789,0.5,0.7125571925653708,361.98774886131287
N7_E11a_T12a,N7,arxiv_edge_092,edge_multihop,test,0.875,0.5952769773576518,0.0,0.49009232578588396,361.98774886131287
N7_E11a_T12a,N7,arxiv_edge_093,edge_multihop,train,0.14285714285714285,0.8724987466170958,0.5,0.5051186298247462,361.98774886131287
N7_E11a_T12a,N7,arxiv_edge_094,edge_multihop,test,1.0,0.7392724657223305,1.0,0.9130908219074435,361.98774886131287
N7_E11a_T12a,N7,arxiv_edge_095,edge_multihop,test,0.4,0.8998405670992052,0.5,0.599946855699735,361.98774886131287
N7_E11a_T12a,N7,arxiv_edge_096,edge_multihop,test,0.5,0.0,0.0,0.16666666666666666,361.98774886131287
N7_E11a_T12a,N7,arxiv_edge_097,edge_multihop,test,0.25,0.7573939812609106,0.25,0.41913132708697026,361.98774886131287
N7_E11a_T12a,N7,arxiv_edge_098,edge_multihop,train,0.42857142857142855,0.5832915424004483,0.5,0.5039543236572923,361.98774886131287
N7_E11a_T12a,N7,arxiv_edge_099,edge_multihop,train,1.0,0.7151579004309254,0.0,0.5717193001436418,361.98774886131287
N7_E11a_T12a,N7,arxiv_sh_083,single_specific,train,0.6666666666666666,0.9147521253226197,1.0,0.8604729306630955,361.98774886131287
N7_E11a_T12a,N7,arxiv_sh_084,single_specific,train,1.0,0.6791338639226824,1.0,0.8930446213075608,361.98774886131287
N7_E11a_T12a,N7,arxiv_sh_085,single_specific,train,0.75,0.9799359057663038,1.0,0.9099786352554347,361.98774886131287
N7_E11a_T12a,N7,arxiv_sh_086,single_specific,train,1.0,0.8900809439986818,1.0,0.9633603146662272,361.98774886131287
N7_E11a_T12a,N7,arxiv_sh_087,single_specific,train,0.5,0.0,0.25,0.25,361.98774886131287
N7_E11a_T12a,N7,arxiv_sh_088,single_specific,train,1.0,0.8615257654680715,1.0,0.9538419218226905,361.98774886131287
N7_E11a_T12a,N7,arxiv_sh_089,single_specific,test,0.8,0.7865706504611808,1.0,0.8621902168203937,361.98774886131287
N7_E11a_T12a,N7,arxiv_sh_090,single_specific,test,1.0,0.9495335452078273,0.5,0.8165111817359424,361.98774886131287
N7_E11a_T12a,N7,arxiv_sh_091,single_specific,test,0.75,0.8241734261545764,1.0,0.8580578087181921,361.98774886131287
N7_E11a_T12a,N7,arxiv_sh_092,single_specific,train,1.0,0.7455389036189998,1.0,0.9151796345396667,361.98774886131287
N7_E11a_T12a,N7,arxiv_sh_093,single_specific,train,1.0,0.976627065699535,1.0,0.992209021899845,361.98774886131287
N7_E11a_T12a,N7,arxiv_sh_094,single_specific,train,1.0,0.7285260076221192,1.0,0.9095086692073732,361.98774886131287
N7_E11a_T12a,N7,arxiv_sh_095,single_specific,test,1.0,0.9516248879567302,1.0,0.9838749626522434,361.98774886131287
N7_E11a_T12a,N7,arxiv_sh_096,single_specific,test,1.0,0.8861775980649267,1.0,0.9620591993549755,361.98774886131287
N7_E11a_T12a,N7,arxiv_sh_097,single_specific,test,1.0,0.9999995742997294,1.0,0.9999998580999098,361.98774886131287
N7_E11a_T12a,N7,arxiv_sh_098,single_specific,test,1.0,0.6538379194989379,1.0,0.8846126398329792,361.98774886131287
N7_E11a_T12a,N7,arxiv_sh_099,single_specific,train,1.0,0.896857265938148,1.0,0.9656190886460493,361.98774886131287
N7_E11a_T12b,N7,arxiv_agg_033,aggregate_cross_paper,train,0.6666666666666666,0.7250018292807461,0.5,0.6305561653158042,428.8232309818268
N7_E11a_T12b,N7,arxiv_agg_034,aggregate_cross_paper,train,0.4,0.6280924413781852,1.0,0.6760308137927283,428.8232309818268
N7_E11a_T12b,N7,arxiv_agg_035,aggregate_cross_paper,train,0.7,0.6680309050631259,0.75,0.7060103016877086,428.8232309818268
N7_E11a_T12b,N7,arxiv_agg_036,aggregate_cross_paper,test,0.875,0.7448936111205058,0.0,0.5399645370401686,428.8232309818268
N7_E11a_T12b,N7,arxiv_agg_037,aggregate_cross_paper,test,1.0,0.0,0.5,0.5,428.8232309818268
N7_E11a_T12b,N7,arxiv_agg_038,aggregate_cross_paper,test,1.0,0.6201953336273203,1.0,0.8733984445424401,428.8232309818268
N7_E11a_T12b,N7,arxiv_agg_039,aggregate_cross_paper,train,1.0,0.8779525551438616,1.0,0.9593175183812872,428.8232309818268
N7_E11a_T12b,N7,arxiv_agg_040,aggregate_cross_paper,train,1.0,0.6055748682985747,1.0,0.8685249560995248,428.8232309818268
N7_E11a_T12b,N7,arxiv_agg_041,aggregate_cross_paper,test,0.2857142857142857,0.6811354894537051,0.5,0.48894992505599694,428.8232309818268
N7_E11a_T12b,N7,arxiv_agg_042,aggregate_cross_paper,train,0.8333333333333334,0.7365344212293987,0.75,0.7732892515209108,428.8232309818268
N7_E11a_T12b,N7,arxiv_agg_043,aggregate_cross_paper,test,0.6666666666666666,0.897573015169709,0.0,0.5214132272787918,428.8232309818268
N7_E11a_T12b,N7,arxiv_agg_044,aggregate_cross_paper,train,0.6,0.7315963131036065,0.25,0.5271987710345355,428.8232309818268
N7_E11a_T12b,N7,arxiv_agg_045,aggregate_cross_paper,train,1.0,0.7679324452484807,0.75,0.8393108150828269,428.8232309818268
N7_E11a_T12b,N7,arxiv_agg_046,aggregate_cross_paper,test,0.8333333333333334,0.7278811676901855,0.5,0.6870715003411729,428.8232309818268
N7_E11a_T12b,N7,arxiv_agg_047,aggregate_cross_paper,train,0.8888888888888888,0.5558403165350537,0.25,0.5649097351413142,428.8232309818268
N7_E11a_T12b,N7,arxiv_agg_048,aggregate_cross_paper,test,0.8,0.7177799034378878,1.0,0.8392599678126293,428.8232309818268
N7_E11a_T12b,N7,arxiv_agg_049,aggregate_cross_paper,train,0.8571428571428571,0.6267600279952309,1.0,0.8279676283793626,428.8232309818268
N7_E11a_T12b,N7,arxiv_agg_050,aggregate_cross_paper,test,0.75,0.0,0.25,0.3333333333333333,428.8232309818268
N7_E11a_T12b,N7,arxiv_agg_051,aggregate_cross_paper,test,0.8,0.7930755769572698,0.25,0.6143585256524232,428.8232309818268
N7_E11a_T12b,N7,arxiv_agg_052,aggregate_cross_paper,test,1.0,0.7749073721059735,1.0,0.9249691240353245,428.8232309818268
N7_E11a_T12b,N7,arxiv_agg_053,aggregate_cross_paper,train,0.8333333333333334,0.0,0.25,0.36111111111111116,428.8232309818268
N7_E11a_T12b,N7,arxiv_agg_054,aggregate_cross_paper,test,1.0,0.5421147210593396,0.75,0.7640382403531132,428.8232309818268
N7_E11a_T12b,N7,arxiv_agg_055,aggregate_cross_paper,train,1.0,0.7459940675098197,1.0,0.9153313558366065,428.8232309818268
N7_E11a_T12b,N7,arxiv_agg_056,aggregate_cross_paper,test,0.42857142857142855,0.6601581636025032,0.5,0.529576530724644,428.8232309818268
N7_E11a_T12b,N7,arxiv_agg_057,aggregate_cross_paper,test,1.0,0.6341958521893117,0.5,0.7113986173964372,428.8232309818268
N7_E11a_T12b,N7,arxiv_agg_058,aggregate_cross_paper,test,0.8333333333333334,0.6397773882210734,0.25,0.5743702405181356,428.8232309818268
N7_E11a_T12b,N7,arxiv_agg_059,aggregate_cross_paper,test,1.0,0.5792556350825628,1.0,0.8597518783608543,428.8232309818268
N7_E11a_T12b,N7,arxiv_agg_060,aggregate_cross_paper,test,0.8888888888888888,0.5639708968710995,0.75,0.7342865952533294,428.8232309818268
N7_E11a_T12b,N7,arxiv_agg_061,aggregate_cross_paper,test,1.0,0.0,0.75,0.5833333333333334,428.8232309818268
N7_E11a_T12b,N7,arxiv_agg_062,aggregate_cross_paper,train,1.0,0.9165767912262425,0.75,0.8888589304087474,428.8232309818268
N7_E11a_T12b,N7,arxiv_agg_063,aggregate_cross_paper,test,0.8571428571428571,0.0,0.75,0.5357142857142857,428.8232309818268
N7_E11a_T12b,N7,arxiv_agg_064,aggregate_cross_paper,test,0.8,0.7215149031528073,0.0,0.5071716343842692,428.8232309818268
N7_E11a_T12b,N7,arxiv_agg_065,aggregate_cross_paper,train,0.8571428571428571,0.6038600160637225,0.0,0.48700095773552654,428.8232309818268
N7_E11a_T12b,N7,arxiv_agg_066,aggregate_cross_paper,train,1.0,0.300678310283842,0.25,0.516892770094614,428.8232309818268
N7_E11a_T12b,N7,arxiv_agg_067,aggregate_cross_paper,test,0.8,0.0,0.0,0.26666666666666666,428.8232309818268
N7_E11a_T12b,N7,arxiv_agg_068,aggregate_cross_paper,test,1.0,0.9210965290921247,0.5,0.8070321763640416,428.8232309818268
N7_E11a_T12b,N7,arxiv_agg_069,aggregate_cross_paper,train,1.0,0.5537612598856052,1.0,0.8512537532952017,428.8232309818268
N7_E11a_T12b,N7,arxiv_agg_070,aggregate_cross_paper,train,0.8333333333333334,0.0,0.5,0.4444444444444445,428.8232309818268
N7_E11a_T12b,N7,arxiv_agg_071,aggregate_cross_paper,test,0.6666666666666666,0.7441179809951447,0.75,0.7202615492206038,428.8232309818268
N7_E11a_T12b,N7,arxiv_agg_072,aggregate_cross_paper,train,0.7142857142857143,0.0,0.5,0.4047619047619048,428.8232309818268
N7_E11a_T12b,N7,arxiv_agg_073,aggregate_cross_paper,train,0.8,0.8162602606912502,1.0,0.8720867535637501,428.8232309818268
N7_E11a_T12b,N7,arxiv_agg_074,aggregate_cross_paper,test,1.0,0.6872386008371365,1.0,0.8957462002790454,428.8232309818268
N7_E11a_T12b,N7,arxiv_agg_075,aggregate_cross_paper,test,0.875,0.0,0.5,0.4583333333333333,428.8232309818268
N7_E11a_T12b,N7,arxiv_agg_076,aggregate_cross_paper,train,0.8,0.8657270183853475,0.0,0.5552423394617825,428.8232309818268
N7_E11a_T12b,N7,arxiv_agg_077,aggregate_cross_paper,train,0.8571428571428571,0.531475304123709,1.0,0.796206053755522,428.8232309818268
N7_E11a_T12b,N7,arxiv_agg_078,aggregate_cross_paper,test,1.0,0.6123291014654534,0.5,0.7041097004884844,428.8232309818268
N7_E11a_T12b,N7,arxiv_agg_079,aggregate_cross_paper,test,0.16666666666666666,0.7531929329403524,0.75,0.556619866535673,428.8232309818268
N7_E11a_T12b,N7,arxiv_agg_080,aggregate_cross_paper,train,0.16666666666666666,0.718314622512662,0.5,0.4616604297264429,428.8232309818268
N7_E11a_T12b,N7,arxiv_agg_081,aggregate_cross_paper,train,0.8,0.627854759832245,0.5,0.6426182532774151,428.8232309818268
N7_E11a_T12b,N7,arxiv_agg_082,aggregate_cross_paper,test,0.9,0.8980238497161991,0.0,0.599341283238733,428.8232309818268
N7_E11a_T12b,N7,arxiv_agg_083,aggregate_cross_paper,train,0.6666666666666666,0.8322949499774929,1.0,0.8329872055480531,428.8232309818268
N7_E11a_T12b,N7,arxiv_agg_084,aggregate_cross_paper,test,0.0,0.6832774479821592,0.0,0.2277591493273864,428.8232309818268
N7_E11a_T12b,N7,arxiv_agg_085,aggregate_cross_paper,train,0.4,0.5777574326930408,0.25,0.40925247756434696,428.8232309818268
N7_E11a_T12b,N7,arxiv_agg_086,aggregate_cross_paper,test,1.0,0.9265022580175534,0.25,0.7255007526725178,428.8232309818268
N7_E11a_T12b,N7,arxiv_agg_087,aggregate_cross_paper,test,0.6666666666666666,0.0,1.0,0.5555555555555555,428.8232309818268
N7_E11a_T12b,N7,arxiv_agg_088,aggregate_cross_paper,train,0.6666666666666666,0.7842191706502611,0.5,0.6502952791056426,428.8232309818268
N7_E11a_T12b,N7,arxiv_agg_089,aggregate_cross_paper,test,0.875,0.8580826497534393,1.0,0.911027549917813,428.8232309818268
N7_E11a_T12b,N7,arxiv_agg_090,aggregate_cross_paper,train,1.0,0.6344719402594052,1.0,0.8781573134198016,428.8232309818268
N7_E11a_T12b,N7,arxiv_agg_091,aggregate_cross_paper,test,1.0,0.7821901304796283,1.0,0.9273967101598761,428.8232309818268
N7_E11a_T12b,N7,arxiv_agg_092,aggregate_cross_paper,test,1.0,0.8848587517977485,1.0,0.9616195839325828,428.8232309818268
N7_E11a_T12b,N7,arxiv_agg_093,aggregate_cross_paper,train,1.0,0.8820579078417192,1.0,0.960685969280573,428.8232309818268
N7_E11a_T12b,N7,arxiv_agg_094,aggregate_cross_paper,test,0.8571428571428571,0.8209565548913151,0.25,0.6426998040113907,428.8232309818268
N7_E11a_T12b,N7,arxiv_agg_095,aggregate_cross_paper,train,1.0,0.7002799936330425,0.25,0.6500933312110142,428.8232309818268
N7_E11a_T12b,N7,arxiv_agg_096,aggregate_cross_paper,train,0.7777777777777778,0.0,0.25,0.34259259259259256,428.8232309818268
N7_E11a_T12b,N7,arxiv_agg_097,aggregate_cross_paper,test,0.5,0.9559342206729275,0.0,0.48531140689097585,428.8232309818268
N7_E11a_T12b,N7,arxiv_agg_098,aggregate_cross_paper,test,1.0,0.0,0.0,0.3333333333333333,428.8232309818268
N7_E11a_T12b,N7,arxiv_agg_099,aggregate_cross_paper,test,1.0,0.0,0.5,0.5,428.8232309818268
N7_E11a_T12b,N7,arxiv_edge_034,edge_multihop,test,0.625,0.45395172233921927,0.0,0.3596505741130731,428.8232309818268
N7_E11a_T12b,N7,arxiv_edge_035,edge_multihop,test,0.5714285714285714,0.8351619304447541,1.0,0.8021968339577752,428.8232309818268
N7_E11a_T12b,N7,arxiv_edge_036,edge_multihop,test,1.0,0.0,0.0,0.3333333333333333,428.8232309818268
N7_E11a_T12b,N7,arxiv_edge_037,edge_multihop,train,0.6666666666666666,0.0,0.0,0.2222222222222222,428.8232309818268
N7_E11a_T12b,N7,arxiv_edge_038,edge_multihop,test,0.8333333333333334,0.5756857091010151,0.5,0.6363396808114495,428.8232309818268
N7_E11a_T12b,N7,arxiv_edge_039,edge_multihop,train,0.4,0.8387559415468449,0.5,0.5795853138489483,428.8232309818268
N7_E11a_T12b,N7,arxiv_edge_040,edge_multihop,test,0.6,0.6140554716085588,0.25,0.48801849053618623,428.8232309818268
N7_E11a_T12b,N7,arxiv_edge_041,edge_multihop,test,0.75,0.40863241542541323,0.0,0.38621080514180445,428.8232309818268
N7_E11a_T12b,N7,arxiv_edge_042,edge_multihop,test,1.0,0.0,0.0,0.3333333333333333,428.8232309818268
N7_E11a_T12b,N7,arxiv_edge_043,edge_multihop,test,0.8,0.0,0.5,0.43333333333333335,428.8232309818268
N7_E11a_T12b,N7,arxiv_edge_044,edge_multihop,test,0.8333333333333334,0.8492858735462671,1.0,0.8942064022932001,428.8232309818268
N7_E11a_T12b,N7,arxiv_edge_045,edge_multihop,train,1.0,0.7104654815734291,0.25,0.6534884938578097,428.8232309818268
N7_E11a_T12b,N7,arxiv_edge_046,edge_multihop,test,0.8,0.6715400094313196,0.0,0.4905133364771066,428.8232309818268
N7_E11a_T12b,N7,arxiv_edge_047,edge_multihop,test,0.25,0.5635945083830259,1.0,0.604531502794342,428.8232309818268
N7_E11a_T12b,N7,arxiv_edge_048,edge_multihop,train,0.3333333333333333,0.606976814434776,0.0,0.3134367159227031,428.8232309818268
N7_E11a_T12b,N7,arxiv_edge_049,edge_multihop,train,0.875,0.4592709366304247,0.25,0.5280903122101416,428.8232309818268
N7_E11a_T12b,N7,arxiv_edge_050,edge_multihop,test,1.0,0.6655392791816642,0.5,0.7218464263938881,428.8232309818268
N7_E11a_T12b,N7,arxiv_edge_051,edge_multihop,test,0.9,0.37338590959867995,0.25,0.50779530319956,428.8232309818268
N7_E11a_T12b,N7,arxiv_edge_052,edge_multihop,train,0.8571428571428571,0.74558191050421,0.5,0.7009082558823557,428.8232309818268
N7_E11a_T12b,N7,arxiv_edge_053,edge_multihop,train,0.5,0.8341586606803298,0.75,0.69471955356011,428.8232309818268
N7_E11a_T12b,N7,arxiv_edge_054,edge_multihop,train,0.7142857142857143,0.8581215195158834,0.25,0.607469077933866,428.8232309818268
N7_E11a_T12b,N7,arxiv_edge_055,edge_multihop,train,0.42857142857142855,0.7712751298582269,0.5,0.5666155194765518,428.8232309818268
N7_E11a_T12b,N7,arxiv_edge_056,edge_multihop,train,1.0,0.8573217136000274,0.5,0.7857739045333424,428.8232309818268
N7_E11a_T12b,N7,arxiv_edge_057,edge_multihop,train,1.0,0.0,0.75,0.5833333333333334,428.8232309818268
N7_E11a_T12b,N7,arxiv_edge_058,edge_multihop,train,0.8,0.9211745314856277,0.25,0.6570581771618759,428.8232309818268
N7_E11a_T12b,N7,arxiv_edge_059,edge_multihop,train,1.0,0.8499943798161474,1.0,0.9499981266053825,428.8232309818268
N7_E11a_T12b,N7,arxiv_edge_060,edge_multihop,train,1.0,0.8309947191556424,0.5,0.7769982397185474,428.8232309818268
N7_E11a_T12b,N7,arxiv_edge_061,edge_multihop,test,1.0,0.7168225459798105,1.0,0.9056075153266034,428.8232309818268
N7_E11a_T12b,N7,arxiv_edge_062,edge_multihop,test,0.8333333333333334,0.5701193839433802,0.75,0.7178175724255712,428.8232309818268
N7_E11a_T12b,N7,arxiv_edge_063,edge_multihop,train,1.0,0.0,0.25,0.4166666666666667,428.8232309818268
N7_E11a_T12b,N7,arxiv_edge_064,edge_multihop,test,0.75,0.0,0.0,0.25,428.8232309818268
N7_E11a_T12b,N7,arxiv_edge_065,edge_multihop,train,1.0,0.0,1.0,0.6666666666666666,428.8232309818268
N7_E11a_T12b,N7,arxiv_edge_066,edge_multihop,train,0.875,0.7017684728398347,0.0,0.5255894909466116,428.8232309818268
N7_E11a_T12b,N7,arxiv_edge_067,edge_multihop,train,0.8,0.9338906068340701,0.25,0.6612968689446901,428.8232309818268
N7_E11a_T12b,N7,arxiv_edge_068,edge_multihop,test,0.3333333333333333,0.8415314472430137,0.5,0.5582882601921156,428.8232309818268
N7_E11a_T12b,N7,arxiv_edge_069,edge_multihop,test,1.0,0.42717786854316525,1.0,0.8090592895143884,428.8232309818268
N7_E11a_T12b,N7,arxiv_edge_070,edge_multihop,test,0.42857142857142855,0.7696735014290242,0.5,0.5660816433334842,428.8232309818268
N7_E11a_T12b,N7,arxiv_edge_071,edge_multihop,test,1.0,0.7620866881330529,1.0,0.9206955627110176,428.8232309818268
N7_E11a_T12b,N7,arxiv_edge_072,edge_multihop,test,0.0,0.7830566212853328,1.0,0.5943522070951109,428.8232309818268
N7_E11a_T12b,N7,arxiv_edge_073,edge_multihop,train,0.42857142857142855,0.8143856795907304,0.5,0.5809857027207196,428.8232309818268
N7_E11a_T12b,N7,arxiv_edge_074,edge_multihop,train,0.8333333333333334,0.8556472485921405,1.0,0.8963268606418247,428.8232309818268
N7_E11a_T12b,N7,arxiv_edge_075,edge_multihop,train,0.7142857142857143,0.8315340494164157,1.0,0.84860658790071,428.8232309818268
N7_E11a_T12b,N7,arxiv_edge_076,edge_multihop,train,1.0,0.626534049555048,1.0,0.8755113498516827,428.8232309818268
N7_E11a_T12b,N7,arxiv_edge_077,edge_multihop,test,0.6,0.8279381441366106,0.5,0.6426460480455368,428.8232309818268
N7_E11a_T12b,N7,arxiv_edge_078,edge_multihop,train,0.5,0.0,0.0,0.16666666666666666,428.8232309818268
N7_E11a_T12b,N7,arxiv_edge_079,edge_multihop,train,0.5,0.8374152808396178,1.0,0.7791384269465392,428.8232309818268
N7_E11a_T12b,N7,arxiv_edge_080,edge_multihop,test,0.8571428571428571,0.5868637276565278,0.5,0.6480021949331283,428.8232309818268
N7_E11a_T12b,N7,arxiv_edge_081,edge_multihop,train,1.0,0.806676534097491,0.25,0.6855588446991637,428.8232309818268
N7_E11a_T12b,N7,arxiv_edge_082,edge_multihop,train,0.8,0.5322928082038145,0.5,0.6107642694012715,428.8232309818268
N7_E11a_T12b,N7,arxiv_edge_083,edge_multihop,train,0.6666666666666666,0.8076115318412617,0.5,0.6580927328359761,428.8232309818268
N7_E11a_T12b,N7,arxiv_edge_084,edge_multihop,test,1.0,0.775017078983376,0.25,0.6750056929944587,428.8232309818268
N7_E11a_T12b,N7,arxiv_edge_085,edge_multihop,train,1.0,0.777040893404286,1.0,0.9256802978014287,428.8232309818268
N7_E11a_T12b,N7,arxiv_edge_086,edge_multihop,train,1.0,0.753700829919694,0.75,0.8345669433065647,428.8232309818268
N7_E11a_T12b,N7,arxiv_edge_087,edge_multihop,train,1.0,0.7502110980482292,0.75,0.8334036993494097,428.8232309818268
N7_E11a_T12b,N7,arxiv_edge_088,edge_multihop,train,0.6,0.6465102026985897,0.5,0.5821700675661966,428.8232309818268
N7_E11a_T12b,N7,arxiv_edge_089,edge_multihop,train,0.8333333333333334,0.9423720280299565,1.0,0.9252351204544299,428.8232309818268
N7_E11a_T12b,N7,arxiv_edge_090,edge_multihop,train,0.8571428571428571,0.6564726670529281,0.25,0.587871841398595,428.8232309818268
N7_E11a_T12b,N7,arxiv_edge_091,edge_multihop,test,0.8333333333333334,0.8043034746192195,0.5,0.712545602650851,428.8232309818268
N7_E11a_T12b,N7,arxiv_edge_092,edge_multihop,test,0.625,0.5952122643966744,0.0,0.40673742146555814,428.8232309818268
N7_E11a_T12b,N7,arxiv_edge_093,edge_multihop,train,1.0,0.6770032248277208,0.5,0.7256677416092403,428.8232309818268
N7_E11a_T12b,N7,arxiv_edge_094,edge_multihop,test,0.8333333333333334,0.7398193390050593,1.0,0.8577175574461308,428.8232309818268
N7_E11a_T12b,N7,arxiv_edge_095,edge_multihop,test,0.6666666666666666,0.8431976547706294,0.5,0.669954773812432,428.8232309818268
N7_E11a_T12b,N7,arxiv_edge_096,edge_multihop,test,0.5,0.0,0.0,0.16666666666666666,428.8232309818268
N7_E11a_T12b,N7,arxiv_edge_097,edge_multihop,test,0.25,0.6807816999687323,0.25,0.39359389998957744,428.8232309818268
N7_E11a_T12b,N7,arxiv_edge_098,edge_multihop,train,0.8333333333333334,0.6237428061436838,1.0,0.8190253798256725,428.8232309818268
N7_E11a_T12b,N7,arxiv_edge_099,edge_multihop,train,0.8333333333333334,0.6510566189356336,0.25,0.5781299840896557,428.8232309818268
N7_E11a_T12b,N7,arxiv_sh_083,single_specific,train,0.6666666666666666,0.9189261336801181,1.0,0.8618642667822615,428.8232309818268
N7_E11a_T12b,N7,arxiv_sh_084,single_specific,train,1.0,0.6791338639226824,1.0,0.8930446213075608,428.8232309818268
N7_E11a_T12b,N7,arxiv_sh_085,single_specific,train,0.75,0.9799328680608603,1.0,0.9099776226869535,428.8232309818268
N7_E11a_T12b,N7,arxiv_sh_086,single_specific,train,1.0,0.8900690497543713,1.0,0.9633563499181238,428.8232309818268
N7_E11a_T12b,N7,arxiv_sh_087,single_specific,train,0.5,0.0,0.25,0.25,428.8232309818268
N7_E11a_T12b,N7,arxiv_sh_088,single_specific,train,1.0,0.8615545686702508,1.0,0.9538515228900836,428.8232309818268
N7_E11a_T12b,N7,arxiv_sh_089,single_specific,test,1.0,0.9381101468126336,1.0,0.9793700489375445,428.8232309818268
N7_E11a_T12b,N7,arxiv_sh_090,single_specific,test,1.0,0.9495335452078273,0.75,0.8998445150692757,428.8232309818268
N7_E11a_T12b,N7,arxiv_sh_091,single_specific,test,1.0,0.7087318960631888,1.0,0.9029106320210629,428.8232309818268
N7_E11a_T12b,N7,arxiv_sh_092,single_specific,train,0.6,0.7621668874114316,1.0,0.7873889624704772,428.8232309818268
N7_E11a_T12b,N7,arxiv_sh_093,single_specific,train,0.6666666666666666,0.862084087318293,1.0,0.8429169179949865,428.8232309818268
N7_E11a_T12b,N7,arxiv_sh_094,single_specific,train,1.0,0.7285652881256807,1.0,0.9095217627085602,428.8232309818268
N7_E11a_T12b,N7,arxiv_sh_095,single_specific,test,0.5,0.9516147562421026,1.0,0.8172049187473674,428.8232309818268
N7_E11a_T12b,N7,arxiv_sh_096,single_specific,test,1.0,0.8401598930159976,1.0,0.9467199643386658,428.8232309818268
N7_E11a_T12b,N7,arxiv_sh_097,single_specific,test,1.0,0.9999995559808565,1.0,0.999999851993619,428.8232309818268
N7_E11a_T12b,N7,arxiv_sh_098,single_specific,test,1.0,0.7798956301596448,1.0,0.9266318767198816,428.8232309818268
N7_E11a_T12b,N7,arxiv_sh_099,single_specific,train,1.0,0.8968146622564964,1.0,0.9656048874188321,428.8232309818268
N7_E11b_T12a,N7,arxiv_agg_033,aggregate_cross_paper,train,0.4,0.9269818339202693,0.0,0.4423272779734231,417.00451397895813
N7_E11b_T12a,N7,arxiv_agg_034,aggregate_cross_paper,train,0.8333333333333334,0.666243400036348,0.0,0.49985891112322706,417.00451397895813
N7_E11b_T12a,N7,arxiv_agg_035,aggregate_cross_paper,train,1.0,0.6945423809623307,0.25,0.6481807936541103,417.00451397895813
N7_E11b_T12a,N7,arxiv_agg_036,aggregate_cross_paper,test,0.4444444444444444,0.8471502342895213,0.0,0.4305315595779886,417.00451397895813
N7_E11b_T12a,N7,arxiv_agg_037,aggregate_cross_paper,test,0.75,0.0,1.0,0.5833333333333334,417.00451397895813
N7_E11b_T12a,N7,arxiv_agg_038,aggregate_cross_paper,test,1.0,0.8060633838249517,0.25,0.6853544612749839,417.00451397895813
N7_E11b_T12a,N7,arxiv_agg_039,aggregate_cross_paper,train,0.7777777777777778,0.6498149954398194,0.5,0.6425309244058658,417.00451397895813
N7_E11b_T12a,N7,arxiv_agg_040,aggregate_cross_paper,train,0.8333333333333334,0.7735306399073896,1.0,0.8689546577469076,417.00451397895813
N7_E11b_T12a,N7,arxiv_agg_041,aggregate_cross_paper,test,0.14285714285714285,0.7309706669437096,0.25,0.3746092699336175,417.00451397895813
N7_E11b_T12a,N7,arxiv_agg_042,aggregate_cross_paper,train,1.0,0.7655656938679659,0.0,0.5885218979559886,417.00451397895813
N7_E11b_T12a,N7,arxiv_agg_043,aggregate_cross_paper,test,0.3333333333333333,0.8658248786274073,0.0,0.3997194039869136,417.00451397895813
N7_E11b_T12a,N7,arxiv_agg_044,aggregate_cross_paper,train,0.75,0.7304433026445181,0.5,0.6601477675481727,417.00451397895813
N7_E11b_T12a,N7,arxiv_agg_045,aggregate_cross_paper,train,1.0,0.7455430347815052,0.5,0.7485143449271684,417.00451397895813
N7_E11b_T12a,N7,arxiv_agg_046,aggregate_cross_paper,test,0.6666666666666666,0.7133111449882588,0.0,0.4599926038849751,417.00451397895813
N7_E11b_T12a,N7,arxiv_agg_047,aggregate_cross_paper,train,0.875,0.0,0.0,0.2916666666666667,417.00451397895813
N7_E11b_T12a,N7,arxiv_agg_048,aggregate_cross_paper,test,0.7142857142857143,0.7256161968287945,0.5,0.6466339703715029,417.00451397895813
N7_E11b_T12a,N7,arxiv_agg_049,aggregate_cross_paper,train,0.2857142857142857,0.6076352034580621,1.0,0.6311164963907826,417.00451397895813
N7_E11b_T12a,N7,arxiv_agg_050,aggregate_cross_paper,test,1.0,0.0,0.0,0.3333333333333333,417.00451397895813
N7_E11b_T12a,N7,arxiv_agg_051,aggregate_cross_paper,test,0.875,0.7610994054985167,0.0,0.5453664684995055,417.00451397895813
N7_E11b_T12a,N7,arxiv_agg_052,aggregate_cross_paper,test,1.0,0.652711428175802,1.0,0.8842371427252673,417.00451397895813
N7_E11b_T12a,N7,arxiv_agg_053,aggregate_cross_paper,train,1.0,0.0,0.0,0.3333333333333333,417.00451397895813
N7_E11b_T12a,N7,arxiv_agg_054,aggregate_cross_paper,test,1.0,0.754443004179687,0.0,0.5848143347265623,417.00451397895813
N7_E11b_T12a,N7,arxiv_agg_055,aggregate_cross_paper,train,0.8,0.9039085926975452,1.0,0.9013028642325152,417.00451397895813
N7_E11b_T12a,N7,arxiv_agg_056,aggregate_cross_paper,test,0.8571428571428571,0.6601432980043795,0.5,0.6724287183824122,417.00451397895813
N7_E11b_T12a,N7,arxiv_agg_057,aggregate_cross_paper,test,0.625,0.7124917739911845,0.0,0.4458305913303948,417.00451397895813
N7_E11b_T12a,N7,arxiv_agg_058,aggregate_cross_paper,test,0.4,0.7835010139528955,0.0,0.39450033798429845,417.00451397895813
N7_E11b_T12a,N7,arxiv_agg_059,aggregate_cross_paper,test,1.0,0.8416612266293834,0.75,0.8638870755431278,417.00451397895813
N7_E11b_T12a,N7,arxiv_agg_060,aggregate_cross_paper,test,0.6363636363636364,0.6625330721413191,0.0,0.4329655695016518,417.00451397895813
N7_E11b_T12a,N7,arxiv_agg_061,aggregate_cross_paper,test,0.4,0.7289480790239632,0.25,0.4596493596746544,417.00451397895813
N7_E11b_T12a,N7,arxiv_agg_062,aggregate_cross_paper,train,0.6,0.9165209359058091,0.0,0.5055069786352697,417.00451397895813
N7_E11b_T12a,N7,arxiv_agg_063,aggregate_cross_paper,test,1.0,0.0,1.0,0.6666666666666666,417.00451397895813
N7_E11b_T12a,N7,arxiv_agg_064,aggregate_cross_paper,test,0.625,0.5692346014498634,0.0,0.39807820048328785,417.00451397895813
N7_E11b_T12a,N7,arxiv_agg_065,aggregate_cross_paper,train,0.0,0.0,0.0,0.0,417.00451397895813
N7_E11b_T12a,N7,arxiv_agg_066,aggregate_cross_paper,train,0.5,0.0,0.25,0.25,417.00451397895813
N7_E11b_T12a,N7,arxiv_agg_067,aggregate_cross_paper,test,0.625,0.8276370500269068,0.0,0.48421235000896895,417.00451397895813
N7_E11b_T12a,N7,arxiv_agg_068,aggregate_cross_paper,test,0.7777777777777778,0.9175436668846043,0.0,0.565107148220794,417.00451397895813
N7_E11b_T12a,N7,arxiv_agg_069,aggregate_cross_paper,train,0.8888888888888888,0.7059191351750748,0.5,0.6982693413546546,417.00451397895813
N7_E11b_T12a,N7,arxiv_agg_070,aggregate_cross_paper,train,0.5,0.9535385335737848,0.25,0.5678461778579282,417.00451397895813
N7_E11b_T12a,N7,arxiv_agg_071,aggregate_cross_paper,test,0.8888888888888888,0.8476986609670697,0.5,0.7455291832853196,417.00451397895813
N7_E11b_T12a,N7,arxiv_agg_072,aggregate_cross_paper,train,0.3333333333333333,0.9711393110691892,0.0,0.4348242148008408,417.00451397895813
N7_E11b_T12a,N7,arxiv_agg_073,aggregate_cross_paper,train,0.8,0.7826491830916986,0.0,0.5275497276972329,417.00451397895813
N7_E11b_T12a,N7,arxiv_agg_074,aggregate_cross_paper,test,1.0,0.6884620874578291,0.5,0.7294873624859429,417.00451397895813
N7_E11b_T12a,N7,arxiv_agg_075,aggregate_cross_paper,test,0.8333333333333334,0.7886484598891407,0.75,0.7906605977408248,417.00451397895813
N7_E11b_T12a,N7,arxiv_agg_076,aggregate_cross_paper,train,1.0,0.8349364422012635,0.0,0.6116454807337545,417.00451397895813
N7_E11b_T12a,N7,arxiv_agg_077,aggregate_cross_paper,train,0.7142857142857143,0.6355102183618653,0.0,0.4499319775491932,417.00451397895813
N7_E11b_T12a,N7,arxiv_agg_078,aggregate_cross_paper,test,0.5,0.7364908596629471,0.0,0.41216361988764905,417.00451397895813
N7_E11b_T12a,N7,arxiv_agg_079,aggregate_cross_paper,test,0.7142857142857143,0.844669341165995,0.5,0.6863183518172363,417.00451397895813
N7_E11b_T12a,N7,arxiv_agg_080,aggregate_cross_paper,train,0.3333333333333333,0.6236708766316491,0.0,0.3190014033216608,417.00451397895813
N7_E11b_T12a,N7,arxiv_agg_081,aggregate_cross_paper,train,0.2222222222222222,0.7679323354213498,0.0,0.33005151921452397,417.00451397895813
N7_E11b_T12a,N7,arxiv_agg_082,aggregate_cross_paper,test,0.5555555555555556,0.8990763555042579,0.0,0.4848773036866045,417.00451397895813
N7_E11b_T12a,N7,arxiv_agg_083,aggregate_cross_paper,train,0.8888888888888888,0.7696758929975451,1.0,0.8861882606288113,417.00451397895813
N7_E11b_T12a,N7,arxiv_agg_084,aggregate_cross_paper,test,0.3333333333333333,0.706074943949027,0.0,0.34646942576078676,417.00451397895813
N7_E11b_T12a,N7,arxiv_agg_085,aggregate_cross_paper,train,0.3333333333333333,0.7595936620256608,0.25,0.4476423317863314,417.00451397895813
N7_E11b_T12a,N7,arxiv_agg_086,aggregate_cross_paper,test,0.4,0.9691358994712509,1.0,0.789711966490417,417.00451397895813
N7_E11b_T12a,N7,arxiv_agg_087,aggregate_cross_paper,test,0.0,0.0,0.25,0.08333333333333333,417.00451397895813
N7_E11b_T12a,N7,arxiv_agg_088,aggregate_cross_paper,train,1.0,0.0,0.0,0.3333333333333333,417.00451397895813
N7_E11b_T12a,N7,arxiv_agg_089,aggregate_cross_paper,test,0.75,0.8337774160300483,0.25,0.6112591386766827,417.00451397895813
N7_E11b_T12a,N7,arxiv_agg_090,aggregate_cross_paper,train,0.5714285714285714,0.8499866502460831,0.5,0.6404717405582182,417.00451397895813
N7_E11b_T12a,N7,arxiv_agg_091,aggregate_cross_paper,test,0.6,0.8420373532869347,0.5,0.6473457844289783,417.00451397895813
N7_E11b_T12a,N7,arxiv_agg_092,aggregate_cross_paper,test,1.0,0.8183410205301062,0.0,0.6061136735100354,417.00451397895813
N7_E11b_T12a,N7,arxiv_agg_093,aggregate_cross_paper,train,1.0,0.8203142123213695,0.5,0.7734380707737899,417.00451397895813
N7_E11b_T12a,N7,arxiv_agg_094,aggregate_cross_paper,test,0.0,0.9078126843033545,0.0,0.30260422810111814,417.00451397895813
N7_E11b_T12a,N7,arxiv_agg_095,aggregate_cross_paper,train,0.5555555555555556,0.737203550744088,0.0,0.4309197020998812,417.00451397895813
N7_E11b_T12a,N7,arxiv_agg_096,aggregate_cross_paper,train,1.0,0.0,0.0,0.3333333333333333,417.00451397895813
N7_E11b_T12a,N7,arxiv_agg_097,aggregate_cross_paper,test,0.3333333333333333,0.9559063456562226,0.25,0.5130798929965187,417.00451397895813
N7_E11b_T12a,N7,arxiv_agg_098,aggregate_cross_paper,test,0.75,0.0,0.0,0.25,417.00451397895813
N7_E11b_T12a,N7,arxiv_agg_099,aggregate_cross_paper,test,1.0,0.0,0.0,0.3333333333333333,417.00451397895813
N7_E11b_T12a,N7,arxiv_edge_034,edge_multihop,test,0.875,0.7083429519152308,0.0,0.5277809839717436,417.00451397895813
N7_E11b_T12a,N7,arxiv_edge_035,edge_multihop,test,0.2857142857142857,0.8350674710237186,1.0,0.7069272522460014,417.00451397895813
N7_E11b_T12a,N7,arxiv_edge_036,edge_multihop,test,0.6666666666666666,0.0,0.75,0.47222222222222215,417.00451397895813
N7_E11b_T12a,N7,arxiv_edge_037,edge_multihop,train,1.0,0.0,0.0,0.3333333333333333,417.00451397895813
N7_E11b_T12a,N7,arxiv_edge_038,edge_multihop,test,0.6666666666666666,0.0,0.0,0.2222222222222222,417.00451397895813
N7_E11b_T12a,N7,arxiv_edge_039,edge_multihop,train,0.3333333333333333,0.799624327847504,0.0,0.3776525537269458,417.00451397895813
N7_E11b_T12a,N7,arxiv_edge_040,edge_multihop,test,0.8571428571428571,0.5567556934272604,0.75,0.7212995168567059,417.00451397895813
N7_E11b_T12a,N7,arxiv_edge_041,edge_multihop,test,1.0,0.0,0.0,0.3333333333333333,417.00451397895813
N7_E11b_T12a,N7,arxiv_edge_042,edge_multihop,test,0.6666666666666666,0.41128794031470806,0.0,0.35931820232712486,417.00451397895813
N7_E11b_T12a,N7,arxiv_edge_043,edge_multihop,test,0.6,0.0,0.0,0.19999999999999998,417.00451397895813
N7_E11b_T12a,N7,arxiv_edge_044,edge_multihop,test,0.75,0.0,0.25,0.3333333333333333,417.00451397895813
N7_E11b_T12a,N7,arxiv_edge_045,edge_multihop,train,1.0,0.0,0.0,0.3333333333333333,417.00451397895813
N7_E11b_T12a,N7,arxiv_edge_046,edge_multihop,test,0.3333333333333333,0.0,0.0,0.1111111111111111,417.00451397895813
N7_E11b_T12a,N7,arxiv_edge_047,edge_multihop,test,0.2857142857142857,0.7507434595099325,1.0,0.6788192484080727,417.00451397895813
N7_E11b_T12a,N7,arxiv_edge_048,edge_multihop,train,0.375,0.6377413100863958,0.0,0.3375804366954653,417.00451397895813
N7_E11b_T12a,N7,arxiv_edge_049,edge_multihop,train,0.6666666666666666,0.0,0.0,0.2222222222222222,417.00451397895813
N7_E11b_T12a,N7,arxiv_edge_050,edge_multihop,test,0.6666666666666666,0.7911519296857118,0.0,0.4859395321174595,417.00451397895813
N7_E11b_T12a,N7,arxiv_edge_051,edge_multihop,test,0.875,0.8758005928891843,0.0,0.5836001976297281,417.00451397895813
N7_E11b_T12a,N7,arxiv_edge_052,edge_multihop,train,1.0,0.7884919486887327,0.0,0.5961639828962443,417.00451397895813
N7_E11b_T12a,N7,arxiv_edge_053,edge_multihop,train,1.0,0.7578773856507873,1.0,0.9192924618835958,417.00451397895813
N7_E11b_T12a,N7,arxiv_edge_054,edge_multihop,train,0.8571428571428571,0.6139938506625859,0.5,0.657045569268481,417.00451397895813
N7_E11b_T12a,N7,arxiv_edge_055,edge_multihop,train,0.6666666666666666,0.6349512286962358,1.0,0.7672059651209674,417.00451397895813
N7_E11b_T12a,N7,arxiv_edge_056,edge_multihop,train,0.8571428571428571,0.8676726197372645,0.0,0.5749384922933739,417.00451397895813
N7_E11b_T12a,N7,arxiv_edge_057,edge_multihop,train,1.0,0.0,0.0,0.3333333333333333,417.00451397895813
N7_E11b_T12a,N7,arxiv_edge_058,edge_multihop,train,0.5,0.7413926666555016,0.0,0.4137975555518339,417.00451397895813
N7_E11b_T12a,N7,arxiv_edge_059,edge_multihop,train,1.0,0.8801612445904549,1.0,0.9600537481968182,417.00451397895813
N7_E11b_T12a,N7,arxiv_edge_060,edge_multihop,train,1.0,0.0,0.0,0.3333333333333333,417.00451397895813
N7_E11b_T12a,N7,arxiv_edge_061,edge_multihop,test,0.8333333333333334,0.7954411440925292,1.0,0.8762581591419542,417.00451397895813
N7_E11b_T12a,N7,arxiv_edge_062,edge_multihop,test,1.0,0.5529966639397481,0.75,0.7676655546465826,417.00451397895813
N7_E11b_T12a,N7,arxiv_edge_063,edge_multihop,train,0.625,0.0,0.0,0.20833333333333334,417.00451397895813
N7_E11b_T12a,N7,arxiv_edge_064,edge_multihop,test,0.6666666666666666,0.0,0.0,0.2222222222222222,417.00451397895813
N7_E11b_T12a,N7,arxiv_edge_065,edge_multihop,train,1.0,0.0,0.0,0.3333333333333333,417.00451397895813
N7_E11b_T12a,N7,arxiv_edge_066,edge_multihop,train,0.75,0.0,0.5,0.4166666666666667,417.00451397895813
N7_E11b_T12a,N7,arxiv_edge_067,edge_multihop,train,0.5714285714285714,0.6306461462710287,0.0,0.40069157256653337,417.00451397895813
N7_E11b_T12a,N7,arxiv_edge_068,edge_multihop,test,0.8,0.8837289575465969,0.0,0.5612429858488657,417.00451397895813
N7_E11b_T12a,N7,arxiv_edge_069,edge_multihop,test,0.8571428571428571,0.7830212071435129,0.0,0.5467213547621234,417.00451397895813
N7_E11b_T12a,N7,arxiv_edge_070,edge_multihop,test,0.8333333333333334,0.6668493445768452,0.0,0.5000608926367262,417.00451397895813
N7_E11b_T12a,N7,arxiv_edge_071,edge_multihop,test,0.6666666666666666,0.6795906934318644,0.5,0.6154191200328437,417.00451397895813
N7_E11b_T12a,N7,arxiv_edge_072,edge_multihop,test,0.4,0.7974031348030223,1.0,0.7324677116010075,417.00451397895813
N7_E11b_T12a,N7,arxiv_edge_073,edge_multihop,train,0.2,0.8094772389446999,0.0,0.3364924129815667,417.00451397895813
N7_E11b_T12a,N7,arxiv_edge_074,edge_multihop,train,0.2857142857142857,0.8556472485921405,0.0,0.38045384476880867,417.00451397895813
N7_E11b_T12a,N7,arxiv_edge_075,edge_multihop,train,0.75,0.8283415612844157,1.0,0.8594471870948053,417.00451397895813
N7_E11b_T12a,N7,arxiv_edge_076,edge_multihop,train,1.0,0.6461003351989602,1.0,0.8820334450663201,417.00451397895813
N7_E11b_T12a,N7,arxiv_edge_077,edge_multihop,test,0.2,0.7090479793252381,0.0,0.3030159931084127,417.00451397895813
N7_E11b_T12a,N7,arxiv_edge_078,edge_multihop,train,0.8,0.763693379697159,0.0,0.5212311265657197,417.00451397895813
N7_E11b_T12a,N7,arxiv_edge_079,edge_multihop,train,0.2,0.8125125449082805,1.0,0.6708375149694268,417.00451397895813
N7_E11b_T12a,N7,arxiv_edge_080,edge_multihop,test,0.8333333333333334,0.6334008286350837,0.0,0.4889113873228057,417.00451397895813
N7_E11b_T12a,N7,arxiv_edge_081,edge_multihop,train,1.0,0.7654036726858804,0.0,0.5884678908952935,417.00451397895813
N7_E11b_T12a,N7,arxiv_edge_082,edge_multihop,train,0.8,0.7387291360455354,0.0,0.5129097120151784,417.00451397895813
N7_E11b_T12a,N7,arxiv_edge_083,edge_multihop,train,0.6666666666666666,0.7920089907364893,0.0,0.48622521913438527,417.00451397895813
N7_E11b_T12a,N7,arxiv_edge_084,edge_multihop,test,1.0,0.0,0.0,0.3333333333333333,417.00451397895813
N7_E11b_T12a,N7,arxiv_edge_085,edge_multihop,train,1.0,0.8281726898963536,1.0,0.9427242299654512,417.00451397895813
N7_E11b_T12a,N7,arxiv_edge_086,edge_multihop,train,1.0,0.7340820519820825,0.75,0.8280273506606942,417.00451397895813
N7_E11b_T12a,N7,arxiv_edge_087,edge_multihop,train,0.4,0.7399922683421328,0.0,0.37999742278071097,417.00451397895813
N7_E11b_T12a,N7,arxiv_edge_088,edge_multihop,train,0.3333333333333333,0.8128149494324198,0.0,0.3820494275885844,417.00451397895813
N7_E11b_T12a,N7,arxiv_edge_089,edge_multihop,train,1.0,0.8490466654679079,0.25,0.699682221822636,417.00451397895813
N7_E11b_T12a,N7,arxiv_edge_090,edge_multihop,train,0.7142857142857143,0.5495154353827182,0.0,0.4212670498894775,417.00451397895813
N7_E11b_T12a,N7,arxiv_edge_091,edge_multihop,test,0.625,0.8043749507450851,0.5,0.643124983581695,417.00451397895813
N7_E11b_T12a,N7,arxiv_edge_092,edge_multihop,test,0.7777777777777778,0.6637020777045214,0.0,0.4804932851607664,417.00451397895813
N7_E11b_T12a,N7,arxiv_edge_093,edge_multihop,train,1.0,0.0,0.0,0.3333333333333333,417.00451397895813
N7_E11b_T12a,N7,arxiv_edge_094,edge_multihop,test,0.4,0.45920576568339405,0.5,0.45306858856113136,417.00451397895813
N7_E11b_T12a,N7,arxiv_edge_095,edge_multihop,test,0.42857142857142855,0.8700808502557568,0.0,0.4328840929423951,417.00451397895813
N7_E11b_T12a,N7,arxiv_edge_096,edge_multihop,test,0.8571428571428571,0.8393855033538096,0.0,0.5655094534988888,417.00451397895813
N7_E11b_T12a,N7,arxiv_edge_097,edge_multihop,test,0.25,0.7741435017222233,0.25,0.42471450057407445,417.00451397895813
N7_E11b_T12a,N7,arxiv_edge_098,edge_multihop,train,0.8,0.0,0.0,0.26666666666666666,417.00451397895813
N7_E11b_T12a,N7,arxiv_edge_099,edge_multihop,train,0.6666666666666666,0.7976094894819716,0.0,0.48809205204954614,417.00451397895813
N7_E11b_T12a,N7,arxiv_sh_083,single_specific,train,1.0,0.0,0.0,0.3333333333333333,417.00451397895813
N7_E11b_T12a,N7,arxiv_sh_084,single_specific,train,1.0,0.6791338639226824,1.0,0.8930446213075608,417.00451397895813
N7_E11b_T12a,N7,arxiv_sh_085,single_specific,train,0.6,0.9799328680608603,1.0,0.8599776226869534,417.00451397895813
N7_E11b_T12a,N7,arxiv_sh_086,single_specific,train,1.0,0.8900809439986818,1.0,0.9633603146662272,417.00451397895813
N7_E11b_T12a,N7,arxiv_sh_087,single_specific,train,1.0,0.0,0.0,0.3333333333333333,417.00451397895813
N7_E11b_T12a,N7,arxiv_sh_088,single_specific,train,1.0,0.8615670124999852,0.25,0.7038556708333283,417.00451397895813
N7_E11b_T12a,N7,arxiv_sh_089,single_specific,test,1.0,0.911703453915146,1.0,0.9705678179717153,417.00451397895813
N7_E11b_T12a,N7,arxiv_sh_090,single_specific,test,1.0,0.9495335452078273,0.0,0.6498445150692758,417.00451397895813
N7_E11b_T12a,N7,arxiv_sh_091,single_specific,test,1.0,0.9264145714600655,1.0,0.9754715238200218,417.00451397895813
N7_E11b_T12a,N7,arxiv_sh_092,single_specific,train,0.8333333333333334,0.5178982678247974,0.5,0.6170772003860435,417.00451397895813
N7_E11b_T12a,N7,arxiv_sh_093,single_specific,train,1.0,0.0,1.0,0.6666666666666666,417.00451397895813
N7_E11b_T12a,N7,arxiv_sh_094,single_specific,train,1.0,0.728406920401862,1.0,0.9094689734672873,417.00451397895813
N7_E11b_T12a,N7,arxiv_sh_095,single_specific,test,1.0,0.9516011586766643,1.0,0.9838670528922214,417.00451397895813
N7_E11b_T12a,N7,arxiv_sh_096,single_specific,test,1.0,0.8516123724211246,1.0,0.9505374574737081,417.00451397895813
N7_E11b_T12a,N7,arxiv_sh_097,single_specific,test,1.0,0.9999995559808565,1.0,0.999999851993619,417.00451397895813
N7_E11b_T12a,N7,arxiv_sh_098,single_specific,test,1.0,0.8000309719565725,1.0,0.9333436573188575,417.00451397895813
N7_E11b_T12a,N7,arxiv_sh_099,single_specific,train,0.75,0.9081917987251616,1.0,0.8860639329083871,417.00451397895813
N7_E11b_T12b,N7,arxiv_agg_033,aggregate_cross_paper,train,0.4,0.9984698555555112,0.25,0.5494899518518371,384.6255040168762
N7_E11b_T12b,N7,arxiv_agg_034,aggregate_cross_paper,train,0.7142857142857143,0.666243400036348,0.0,0.4601763714406874,384.6255040168762
N7_E11b_T12b,N7,arxiv_agg_035,aggregate_cross_paper,train,0.75,0.6945423809623307,0.25,0.5648474603207769,384.6255040168762
N7_E11b_T12b,N7,arxiv_agg_036,aggregate_cross_paper,test,0.375,0.8471502342895213,0.0,0.4073834114298404,384.6255040168762
N7_E11b_T12b,N7,arxiv_agg_037,aggregate_cross_paper,test,0.75,0.0,1.0,0.5833333333333334,384.6255040168762
N7_E11b_T12b,N7,arxiv_agg_038,aggregate_cross_paper,test,1.0,0.8060633838249517,0.25,0.6853544612749839,384.6255040168762
N7_E11b_T12b,N7,arxiv_agg_039,aggregate_cross_paper,train,0.6666666666666666,0.6498277176643207,0.5,0.6054981281103291,384.6255040168762
N7_E11b_T12b,N7,arxiv_agg_040,aggregate_cross_paper,train,0.8,0.7735429758569178,1.0,0.8578476586189726,384.6255040168762
N7_E11b_T12b,N7,arxiv_agg_041,aggregate_cross_paper,test,0.8333333333333334,0.7309698083184791,0.25,0.6047677138839375,384.6255040168762
N7_E11b_T12b,N7,arxiv_agg_042,aggregate_cross_paper,train,0.875,0.7784908053558908,0.0,0.5511636017852969,384.6255040168762
N7_E11b_T12b,N7,arxiv_agg_043,aggregate_cross_paper,test,0.42857142857142855,0.8658336637998163,0.0,0.4314683641237483,384.6255040168762
N7_E11b_T12b,N7,arxiv_agg_044,aggregate_cross_paper,train,1.0,0.7315503783684073,0.5,0.7438501261228024,384.6255040168762
N7_E11b_T12b,N7,arxiv_agg_045,aggregate_cross_paper,train,0.6666666666666666,0.7455430347815052,0.5,0.6374032338160572,384.6255040168762
N7_E11b_T12b,N7,arxiv_agg_046,aggregate_cross_paper,test,0.5714285714285714,0.7035769898382472,0.0,0.4250018537556062,384.6255040168762
N7_E11b_T12b,N7,arxiv_agg_047,aggregate_cross_paper,train,1.0,0.6828751734767319,0.0,0.5609583911589106,384.6255040168762
N7_E11b_T12b,N7,arxiv_agg_048,aggregate_cross_paper,test,1.0,0.7256054690949395,0.5,0.7418684896983132,384.6255040168762
N7_E11b_T12b,N7,arxiv_agg_049,aggregate_cross_paper,train,0.5714285714285714,0.6076602363147052,1.0,0.7263629359144256,384.6255040168762
N7_E11b_T12b,N7,arxiv_agg_050,aggregate_cross_paper,test,0.75,0.0,0.0,0.25,384.6255040168762
N7_E11b_T12b,N7,arxiv_agg_051,aggregate_cross_paper,test,0.75,0.7610994054985167,0.0,0.5036998018328389,384.6255040168762
N7_E11b_T12b,N7,arxiv_agg_052,aggregate_cross_paper,test,1.0,0.6527352062934766,1.0,0.8842450687644922,384.6255040168762
N7_E11b_T12b,N7,arxiv_agg_053,aggregate_cross_paper,train,,0.0,0.0,0.0,384.6255040168762
N7_E11b_T12b,N7,arxiv_agg_054,aggregate_cross_paper,test,0.5714285714285714,0.7544458446438784,0.0,0.4419581386908166,384.6255040168762
N7_E11b_T12b,N7,arxiv_agg_055,aggregate_cross_paper,train,1.0,0.9039172607355727,1.0,0.9679724202451908,384.6255040168762
N7_E11b_T12b,N7,arxiv_agg_056,aggregate_cross_paper,test,0.6666666666666666,0.7209350330890159,0.5,0.6292005665852275,384.6255040168762
N7_E11b_T12b,N7,arxiv_agg_057,aggregate_cross_paper,test,0.75,0.7124917739911845,0.0,0.4874972579970615,384.6255040168762
N7_E11b_T12b,N7,arxiv_agg_058,aggregate_cross_paper,test,0.7,0.8973204947281092,0.0,0.5324401649093696,384.6255040168762
N7_E11b_T12b,N7,arxiv_agg_059,aggregate_cross_paper,test,1.0,0.8416335955844758,0.75,0.8638778651948252,384.6255040168762
N7_E11b_T12b,N7,arxiv_agg_060,aggregate_cross_paper,test,1.0,0.0,0.0,0.3333333333333333,384.6255040168762
N7_E11b_T12b,N7,arxiv_agg_061,aggregate_cross_paper,test,0.625,0.7289480790239632,0.25,0.5346493596746544,384.6255040168762
N7_E11b_T12b,N7,arxiv_agg_062,aggregate_cross_paper,train,1.0,0.8920343501234448,0.0,0.6306781167078149,384.6255040168762
N7_E11b_T12b,N7,arxiv_agg_063,aggregate_cross_paper,test,0.8181818181818182,0.6322411732991898,1.0,0.8168076638270027,384.6255040168762
N7_E11b_T12b,N7,arxiv_agg_064,aggregate_cross_paper,test,0.2857142857142857,0.594159806013109,0.0,0.2932913639091316,384.6255040168762
N7_E11b_T12b,N7,arxiv_agg_065,aggregate_cross_paper,train,0.0,0.0,0.0,0.0,384.6255040168762
N7_E11b_T12b,N7,arxiv_agg_066,aggregate_cross_paper,train,0.75,0.0,0.25,0.3333333333333333,384.6255040168762
N7_E11b_T12b,N7,arxiv_agg_067,aggregate_cross_paper,test,0.8888888888888888,0.6327326115384222,0.0,0.5072071668091037,384.6255040168762
N7_E11b_T12b,N7,arxiv_agg_068,aggregate_cross_paper,test,0.75,0.9175144991740625,0.0,0.5558381663913542,384.6255040168762
N7_E11b_T12b,N7,arxiv_agg_069,aggregate_cross_paper,train,0.875,0.7059623676175875,0.5,0.6936541225391958,384.6255040168762
N7_E11b_T12b,N7,arxiv_agg_070,aggregate_cross_paper,train,0.2,0.95354008774636,0.0,0.38451336258212,384.6255040168762
N7_E11b_T12b,N7,arxiv_agg_071,aggregate_cross_paper,test,1.0,0.742832917630546,0.5,0.7476109725435154,384.6255040168762
N7_E11b_T12b,N7,arxiv_agg_072,aggregate_cross_paper,train,0.0,0.9568866704152647,0.0,0.3189622234717549,384.6255040168762
N7_E11b_T12b,N7,arxiv_agg_073,aggregate_cross_paper,train,1.0,0.7826491830916986,0.0,0.5942163943638995,384.6255040168762
N7_E11b_T12b,N7,arxiv_agg_074,aggregate_cross_paper,test,1.0,0.6885657070912621,0.5,0.729521902363754,384.6255040168762
N7_E11b_T12b,N7,arxiv_agg_075,aggregate_cross_paper,test,1.0,0.6741701276680175,0.75,0.8080567092226726,384.6255040168762
N7_E11b_T12b,N7,arxiv_agg_076,aggregate_cross_paper,train,1.0,0.0,0.0,0.3333333333333333,384.6255040168762
N7_E11b_T12b,N7,arxiv_agg_077,aggregate_cross_paper,train,0.7142857142857143,0.6356482010555112,0.0,0.4499779717804085,384.6255040168762
N7_E11b_T12b,N7,arxiv_agg_078,aggregate_cross_paper,test,0.5,0.74736180684434,0.0,0.4157872689481133,384.6255040168762
N7_E11b_T12b,N7,arxiv_agg_079,aggregate_cross_paper,test,0.7142857142857143,0.844669341165995,0.25,0.6029850184839031,384.6255040168762
N7_E11b_T12b,N7,arxiv_agg_080,aggregate_cross_paper,train,0.4,0.6266916481631006,0.0,0.3422305493877002,384.6255040168762
N7_E11b_T12b,N7,arxiv_agg_081,aggregate_cross_paper,train,0.1111111111111111,0.807008944602479,0.0,0.30604001857119667,384.6255040168762
N7_E11b_T12b,N7,arxiv_agg_082,aggregate_cross_paper,test,0.7777777777777778,0.8994138971598357,0.0,0.5590638916458711,384.6255040168762
N7_E11b_T12b,N7,arxiv_agg_083,aggregate_cross_paper,train,0.8888888888888888,0.8184597594028373,1.0,0.9024495494305754,384.6255040168762
N7_E11b_T12b,N7,arxiv_agg_084,aggregate_cross_paper,test,0.3333333333333333,0.706074943949027,0.0,0.34646942576078676,384.6255040168762
N7_E11b_T12b,N7,arxiv_agg_085,aggregate_cross_paper,train,0.0,0.5318173874667037,0.25,0.2606057958222346,384.6255040168762
N7_E11b_T12b,N7,arxiv_agg_086,aggregate_cross_paper,test,0.4,0.9691358994712509,1.0,0.789711966490417,384.6255040168762
N7_E11b_T12b,N7,arxiv_agg_087,aggregate_cross_paper,test,0.0,0.0,0.25,0.08333333333333333,384.6255040168762
N7_E11b_T12b,N7,arxiv_agg_088,aggregate_cross_paper,train,0.75,0.0,0.0,0.25,384.6255040168762
N7_E11b_T12b,N7,arxiv_agg_089,aggregate_cross_paper,test,1.0,0.7733410241834806,0.25,0.6744470080611601,384.6255040168762
N7_E11b_T12b,N7,arxiv_agg_090,aggregate_cross_paper,train,0.7,0.8535112090962482,0.5,0.6845037363654161,384.6255040168762
N7_E11b_T12b,N7,arxiv_agg_091,aggregate_cross_paper,test,0.6,0.8437295793092957,0.5,0.6479098597697652,384.6255040168762
N7_E11b_T12b,N7,arxiv_agg_092,aggregate_cross_paper,test,0.8,0.81840424683959,0.0,0.5394680822798633,384.6255040168762
N7_E11b_T12b,N7,arxiv_agg_093,aggregate_cross_paper,train,0.8571428571428571,0.8202993246791053,0.25,0.6424807272739875,384.6255040168762
N7_E11b_T12b,N7,arxiv_agg_094,aggregate_cross_paper,test,0.7272727272727273,0.9195149040788239,0.0,0.5489292104505171,384.6255040168762
N7_E11b_T12b,N7,arxiv_agg_095,aggregate_cross_paper,train,1.0,0.7499147017364926,0.0,0.5833049005788308,384.6255040168762
N7_E11b_T12b,N7,arxiv_agg_096,aggregate_cross_paper,train,1.0,0.0,0.0,0.3333333333333333,384.6255040168762
N7_E11b_T12b,N7,arxiv_agg_097,aggregate_cross_paper,test,0.3333333333333333,0.9559063456562226,0.25,0.5130798929965187,384.6255040168762
N7_E11b_T12b,N7,arxiv_agg_098,aggregate_cross_paper,test,1.0,0.0,0.0,0.3333333333333333,384.6255040168762
N7_E11b_T12b,N7,arxiv_agg_099,aggregate_cross_paper,test,1.0,0.5211525165633698,0.0,0.5070508388544566,384.6255040168762
N7_E11b_T12b,N7,arxiv_edge_034,edge_multihop,test,0.875,0.7700900925620543,0.0,0.5483633641873514,384.6255040168762
N7_E11b_T12b,N7,arxiv_edge_035,edge_multihop,test,0.0,0.83515381448073,1.0,0.6117179381602433,384.6255040168762
N7_E11b_T12b,N7,arxiv_edge_036,edge_multihop,test,1.0,0.0,1.0,0.6666666666666666,384.6255040168762
N7_E11b_T12b,N7,arxiv_edge_037,edge_multihop,train,0.75,0.0,0.0,0.25,384.6255040168762
N7_E11b_T12b,N7,arxiv_edge_038,edge_multihop,test,0.6666666666666666,0.0,0.0,0.2222222222222222,384.6255040168762
N7_E11b_T12b,N7,arxiv_edge_039,edge_multihop,train,0.4,0.7994949619309203,0.0,0.39983165397697346,384.6255040168762
N7_E11b_T12b,N7,arxiv_edge_040,edge_multihop,test,0.8888888888888888,0.4927856027399681,0.75,0.7105581638762857,384.6255040168762
N7_E11b_T12b,N7,arxiv_edge_041,edge_multihop,test,0.75,0.0,0.0,0.25,384.6255040168762
N7_E11b_T12b,N7,arxiv_edge_042,edge_multihop,test,0.42857142857142855,0.4351482607956701,0.0,0.28790656312236623,384.6255040168762
N7_E11b_T12b,N7,arxiv_edge_043,edge_multihop,test,0.6,0.0,0.0,0.19999999999999998,384.6255040168762
N7_E11b_T12b,N7,arxiv_edge_044,edge_multihop,test,1.0,0.0,0.25,0.4166666666666667,384.6255040168762
N7_E11b_T12b,N7,arxiv_edge_045,edge_multihop,train,0.6666666666666666,0.0,0.0,0.2222222222222222,384.6255040168762
N7_E11b_T12b,N7,arxiv_edge_046,edge_multihop,test,0.5,0.0,0.0,0.16666666666666666,384.6255040168762
N7_E11b_T12b,N7,arxiv_edge_047,edge_multihop,test,0.16666666666666666,0.750738740283681,1.0,0.6391351356501159,384.6255040168762
N7_E11b_T12b,N7,arxiv_edge_048,edge_multihop,train,0.5,0.6136009170667877,0.0,0.37120030568892926,384.6255040168762
N7_E11b_T12b,N7,arxiv_edge_049,edge_multihop,train,1.0,0.0,0.0,0.3333333333333333,384.6255040168762
N7_E11b_T12b,N7,arxiv_edge_050,edge_multihop,test,0.8,0.7235725984018949,0.25,0.591190866133965,384.6255040168762
N7_E11b_T12b,N7,arxiv_edge_051,edge_multihop,test,1.0,0.8817440321585472,0.0,0.6272480107195157,384.6255040168762
N7_E11b_T12b,N7,arxiv_edge_052,edge_multihop,train,0.6,0.7770293157906796,0.0,0.4590097719302266,384.6255040168762
N7_E11b_T12b,N7,arxiv_edge_053,edge_multihop,train,1.0,0.7619184620187391,1.0,0.9206394873395798,384.6255040168762
N7_E11b_T12b,N7,arxiv_edge_054,edge_multihop,train,0.8571428571428571,0.6026470921942155,0.5,0.6532633164456909,384.6255040168762
N7_E11b_T12b,N7,arxiv_edge_055,edge_multihop,train,0.6666666666666666,0.5925619783267123,1.0,0.753076214997793,384.6255040168762
N7_E11b_T12b,N7,arxiv_edge_056,edge_multihop,train,0.8571428571428571,0.8666825430894535,0.0,0.5746084667441035,384.6255040168762
N7_E11b_T12b,N7,arxiv_edge_057,edge_multihop,train,1.0,0.0,0.0,0.3333333333333333,384.6255040168762
N7_E11b_T12b,N7,arxiv_edge_058,edge_multihop,train,0.5,0.7405383790375512,0.0,0.41351279301251703,384.6255040168762
N7_E11b_T12b,N7,arxiv_edge_059,edge_multihop,train,1.0,0.8223140171736103,1.0,0.9407713390578701,384.6255040168762
N7_E11b_T12b,N7,arxiv_edge_060,edge_multihop,train,1.0,0.0,0.0,0.3333333333333333,384.6255040168762
N7_E11b_T12b,N7,arxiv_edge_061,edge_multihop,test,0.8333333333333334,0.8308268459564828,1.0,0.8880533930966054,384.6255040168762
N7_E11b_T12b,N7,arxiv_edge_062,edge_multihop,test,0.6666666666666666,0.5529926427853765,0.75,0.656553103150681,384.6255040168762
N7_E11b_T12b,N7,arxiv_edge_063,edge_multihop,train,1.0,0.0,0.0,0.3333333333333333,384.6255040168762
N7_E11b_T12b,N7,arxiv_edge_064,edge_multihop,test,0.6666666666666666,0.0,0.0,0.2222222222222222,384.6255040168762
N7_E11b_T12b,N7,arxiv_edge_065,edge_multihop,train,1.0,0.0,0.0,0.3333333333333333,384.6255040168762
N7_E11b_T12b,N7,arxiv_edge_066,edge_multihop,train,0.5,0.0,0.0,0.16666666666666666,384.6255040168762
N7_E11b_T12b,N7,arxiv_edge_067,edge_multihop,train,0.5714285714285714,0.6693402284956699,0.0,0.41358959997474704,384.6255040168762
N7_E11b_T12b,N7,arxiv_edge_068,edge_multihop,test,0.42857142857142855,0.8831341518997907,0.0,0.4372351934904064,384.6255040168762
N7_E11b_T12b,N7,arxiv_edge_069,edge_multihop,test,0.8571428571428571,0.7812399160841795,0.0,0.5461275910756789,384.6255040168762
N7_E11b_T12b,N7,arxiv_edge_070,edge_multihop,test,1.0,0.6668641635038491,0.0,0.5556213878346163,384.6255040168762
N7_E11b_T12b,N7,arxiv_edge_071,edge_multihop,test,0.6666666666666666,0.6934687320967177,0.5,0.6200451329211281,384.6255040168762
N7_E11b_T12b,N7,arxiv_edge_072,edge_multihop,test,0.4,0.7974031348030223,1.0,0.7324677116010075,384.6255040168762
N7_E11b_T12b,N7,arxiv_edge_073,edge_multihop,train,0.14285714285714285,0.0,0.0,0.047619047619047616,384.6255040168762
N7_E11b_T12b,N7,arxiv_edge_074,edge_multihop,train,0.14285714285714285,0.8556472485921405,0.0,0.3328347971497611,384.6255040168762
N7_E11b_T12b,N7,arxiv_edge_075,edge_multihop,train,0.375,0.7094484723818912,1.0,0.6948161574606303,384.6255040168762
N7_E11b_T12b,N7,arxiv_edge_076,edge_multihop,train,1.0,0.6436412246107194,1.0,0.8812137415369065,384.6255040168762
N7_E11b_T12b,N7,arxiv_edge_077,edge_multihop,test,0.2,0.7090479793252381,0.0,0.3030159931084127,384.6255040168762
N7_E11b_T12b,N7,arxiv_edge_078,edge_multihop,train,0.8,0.763748092855055,0.0,0.5212493642850183,384.6255040168762
N7_E11b_T12b,N7,arxiv_edge_079,edge_multihop,train,0.4,0.8125125449082804,1.0,0.7375041816360935,384.6255040168762
N7_E11b_T12b,N7,arxiv_edge_080,edge_multihop,test,0.8333333333333334,0.6024038489034417,0.0,0.4785790607455917,384.6255040168762
N7_E11b_T12b,N7,arxiv_edge_081,edge_multihop,train,1.0,0.8083753137163859,0.0,0.6027917712387953,384.6255040168762
N7_E11b_T12b,N7,arxiv_edge_082,edge_multihop,train,0.5,0.7715141067851182,0.0,0.42383803559503946,384.6255040168762
N7_E11b_T12b,N7,arxiv_edge_083,edge_multihop,train,0.8,0.7765923183945994,0.0,0.5255307727981998,384.6255040168762
N7_E11b_T12b,N7,arxiv_edge_084,edge_multihop,test,0.75,0.0,0.0,0.25,384.6255040168762
N7_E11b_T12b,N7,arxiv_edge_085,edge_multihop,train,0.6,0.7247803082123186,1.0,0.7749267694041061,384.6255040168762
N7_E11b_T12b,N7,arxiv_edge_086,edge_multihop,train,1.0,0.733996547052173,0.75,0.827998849017391,384.6255040168762
N7_E11b_T12b,N7,arxiv_edge_087,edge_multihop,train,0.6,0.7788952180779285,0.0,0.4596317393593095,384.6255040168762
N7_E11b_T12b,N7,arxiv_edge_088,edge_multihop,train,0.6666666666666666,0.8473375014976181,0.0,0.5046680560547615,384.6255040168762
N7_E11b_T12b,N7,arxiv_edge_089,edge_multihop,train,0.8333333333333334,0.8474794356404476,0.75,0.8102709229912604,384.6255040168762
N7_E11b_T12b,N7,arxiv_edge_090,edge_multihop,train,0.7142857142857143,0.4941422959168687,0.0,0.40280933673419433,384.6255040168762
N7_E11b_T12b,N7,arxiv_edge_091,edge_multihop,test,0.14285714285714285,0.8043451750728633,0.5,0.4824007726433354,384.6255040168762
N7_E11b_T12b,N7,arxiv_edge_092,edge_multihop,test,0.7777777777777778,0.5786826350273013,0.0,0.4521534709350264,384.6255040168762
N7_E11b_T12b,N7,arxiv_edge_093,edge_multihop,train,0.75,0.0,0.0,0.25,384.6255040168762
N7_E11b_T12b,N7,arxiv_edge_094,edge_multihop,test,0.4,0.459223273075463,0.5,0.45307442435848766,384.6255040168762
N7_E11b_T12b,N7,arxiv_edge_095,edge_multihop,test,0.42857142857142855,0.8700628217764336,0.0,0.43287808344928735,384.6255040168762
N7_E11b_T12b,N7,arxiv_edge_096,edge_multihop,test,0.42857142857142855,0.8394784295904921,0.0,0.42268328605397354,384.6255040168762
N7_E11b_T12b,N7,arxiv_edge_097,edge_multihop,test,0.25,0.7762153353482669,0.0,0.3420717784494223,384.6255040168762
N7_E11b_T12b,N7,arxiv_edge_098,edge_multihop,train,0.6666666666666666,0.7349500663426061,0.0,0.4672055776697575,384.6255040168762
N7_E11b_T12b,N7,arxiv_edge_099,edge_multihop,train,0.5,0.7976645736158093,0.0,0.4325548578719364,384.6255040168762
N7_E11b_T12b,N7,arxiv_sh_083,single_specific,train,1.0,0.0,0.0,0.3333333333333333,384.6255040168762
N7_E11b_T12b,N7,arxiv_sh_084,single_specific,train,1.0,0.6791338639226824,1.0,0.8930446213075608,384.6255040168762
N7_E11b_T12b,N7,arxiv_sh_085,single_specific,train,0.8,0.9488316273843521,1.0,0.9162772091281174,384.6255040168762
N7_E11b_T12b,N7,arxiv_sh_086,single_specific,train,1.0,0.8900809439986818,1.0,0.9633603146662272,384.6255040168762
N7_E11b_T12b,N7,arxiv_sh_087,single_specific,train,1.0,0.0,0.0,0.3333333333333333,384.6255040168762
N7_E11b_T12b,N7,arxiv_sh_088,single_specific,train,1.0,0.8615545686702508,0.25,0.7038515228900836,384.6255040168762
N7_E11b_T12b,N7,arxiv_sh_089,single_specific,test,1.0,0.9351721506025301,1.0,0.97839071686751,384.6255040168762
N7_E11b_T12b,N7,arxiv_sh_090,single_specific,test,1.0,0.9495329779873763,0.0,0.6498443259957921,384.6255040168762
N7_E11b_T12b,N7,arxiv_sh_091,single_specific,test,1.0,0.7477143422623914,1.0,0.9159047807541305,384.6255040168762
N7_E11b_T12b,N7,arxiv_sh_092,single_specific,train,0.8333333333333334,0.5179245054890848,0.5,0.6170859462741394,384.6255040168762
N7_E11b_T12b,N7,arxiv_sh_093,single_specific,train,1.0,0.0,1.0,0.6666666666666666,384.6255040168762
N7_E11b_T12b,N7,arxiv_sh_094,single_specific,train,1.0,0.7285260076221192,1.0,0.9095086692073732,384.6255040168762
N7_E11b_T12b,N7,arxiv_sh_095,single_specific,test,1.0,0.9516147562421026,1.0,0.9838715854140342,384.6255040168762
N7_E11b_T12b,N7,arxiv_sh_096,single_specific,test,1.0,0.8516123724211246,1.0,0.9505374574737081,384.6255040168762
N7_E11b_T12b,N7,arxiv_sh_097,single_specific,test,1.0,0.9962832631202909,1.0,0.9987610877067636,384.6255040168762
N7_E11b_T12b,N7,arxiv_sh_098,single_specific,test,1.0,0.7799143976639114,1.0,0.9266381325546371,384.6255040168762
N7_E11b_T12b,N7,arxiv_sh_099,single_specific,train,0.75,0.9103394952045349,1.0,0.8867798317348449,384.6255040168762
N8_E10b_T12a,N8,arxiv_agg_033,aggregate_cross_paper,train,1.0,0.0,0.0,0.3333333333333333,664.8744339942932
N8_E10b_T12a,N8,arxiv_agg_034,aggregate_cross_paper,train,0.6666666666666666,0.6672853049148143,1.0,0.7779839905271603,664.8744339942932
N8_E10b_T12a,N8,arxiv_agg_035,aggregate_cross_paper,train,0.8571428571428571,0.5024589830708748,0.75,0.7032006134045773,664.8744339942932
N8_E10b_T12a,N8,arxiv_agg_036,aggregate_cross_paper,test,0.6666666666666666,0.8754920698214219,0.25,0.5973862454960295,664.8744339942932
N8_E10b_T12a,N8,arxiv_agg_037,aggregate_cross_paper,test,1.0,0.0,0.0,0.3333333333333333,664.8744339942932
N8_E10b_T12a,N8,arxiv_agg_038,aggregate_cross_paper,test,1.0,0.5703819730633889,1.0,0.8567939910211296,664.8744339942932
N8_E10b_T12a,N8,arxiv_agg_039,aggregate_cross_paper,train,0.6,0.8692273403971397,0.75,0.7397424467990467,664.8744339942932
N8_E10b_T12a,N8,arxiv_agg_040,aggregate_cross_paper,train,0.6666666666666666,0.0,1.0,0.5555555555555555,664.8744339942932
N8_E10b_T12a,N8,arxiv_agg_041,aggregate_cross_paper,test,1.0,0.5574301241516998,0.5,0.6858100413838999,664.8744339942932
N8_E10b_T12a,N8,arxiv_agg_042,aggregate_cross_paper,train,0.75,0.6339184695636927,0.5,0.6279728231878976,664.8744339942932
N8_E10b_T12a,N8,arxiv_agg_043,aggregate_cross_paper,test,0.5714285714285714,0.4548066899285308,0.0,0.3420784204523674,664.8744339942932
N8_E10b_T12a,N8,arxiv_agg_044,aggregate_cross_paper,train,0.75,0.0,0.0,0.25,664.8744339942932
N8_E10b_T12a,N8,arxiv_agg_045,aggregate_cross_paper,train,0.8,0.0,1.0,0.6,664.8744339942932
N8_E10b_T12a,N8,arxiv_agg_046,aggregate_cross_paper,test,1.0,0.6399557051110779,0.25,0.629985235037026,664.8744339942932
N8_E10b_T12a,N8,arxiv_agg_047,aggregate_cross_paper,train,0.75,0.5623642678942179,0.0,0.4374547559647393,664.8744339942932
N8_E10b_T12a,N8,arxiv_agg_048,aggregate_cross_paper,test,1.0,0.7853568113729896,1.0,0.9284522704576631,664.8744339942932
N8_E10b_T12a,N8,arxiv_agg_049,aggregate_cross_paper,train,0.7142857142857143,0.7014458004989755,0.5,0.6385771715948966,664.8744339942932
N8_E10b_T12a,N8,arxiv_agg_050,aggregate_cross_paper,test,0.6,0.8402729698410921,0.0,0.4800909899470307,664.8744339942932
N8_E10b_T12a,N8,arxiv_agg_051,aggregate_cross_paper,test,1.0,0.0,0.0,0.3333333333333333,664.8744339942932
N8_E10b_T12a,N8,arxiv_agg_052,aggregate_cross_paper,test,1.0,0.8149660109937246,1.0,0.9383220036645749,664.8744339942932
N8_E10b_T12a,N8,arxiv_agg_053,aggregate_cross_paper,train,1.0,0.0,0.5,0.5,664.8744339942932
N8_E10b_T12a,N8,arxiv_agg_054,aggregate_cross_paper,test,1.0,0.6234420321203544,1.0,0.8744806773734514,664.8744339942932
N8_E10b_T12a,N8,arxiv_agg_055,aggregate_cross_paper,train,1.0,0.802362578764078,1.0,0.934120859588026,664.8744339942932
N8_E10b_T12a,N8,arxiv_agg_056,aggregate_cross_paper,test,0.2857142857142857,0.7957975792401065,0.75,0.6105039549847974,664.8744339942932
N8_E10b_T12a,N8,arxiv_agg_057,aggregate_cross_paper,test,1.0,0.7444294328014873,0.0,0.5814764776004958,664.8744339942932
N8_E10b_T12a,N8,arxiv_agg_058,aggregate_cross_paper,test,1.0,0.5948054016509697,0.0,0.5316018005503232,664.8744339942932
N8_E10b_T12a,N8,arxiv_agg_059,aggregate_cross_paper,test,1.0,0.698691535736125,1.0,0.899563845245375,664.8744339942932
N8_E10b_T12a,N8,arxiv_agg_060,aggregate_cross_paper,test,1.0,0.0,0.5,0.5,664.8744339942932
N8_E10b_T12a,N8,arxiv_agg_061,aggregate_cross_paper,test,0.6666666666666666,0.0,1.0,0.5555555555555555,664.8744339942932
N8_E10b_T12a,N8,arxiv_agg_062,aggregate_cross_paper,train,0.8,0.783295430971178,1.0,0.8610984769903927,664.8744339942932
N8_E10b_T12a,N8,arxiv_agg_063,aggregate_cross_paper,test,0.625,0.0,1.0,0.5416666666666666,664.8744339942932
N8_E10b_T12a,N8,arxiv_agg_064,aggregate_cross_paper,test,1.0,0.6743747140648975,0.5,0.7247915713549657,664.8744339942932
N8_E10b_T12a,N8,arxiv_agg_065,aggregate_cross_paper,train,1.0,0.6038600160637225,0.0,0.5346200053545741,664.8744339942932
N8_E10b_T12a,N8,arxiv_agg_066,aggregate_cross_paper,train,1.0,0.0,0.0,0.3333333333333333,664.8744339942932
N8_E10b_T12a,N8,arxiv_agg_067,aggregate_cross_paper,test,0.8,0.0,0.0,0.26666666666666666,664.8744339942932
N8_E10b_T12a,N8,arxiv_agg_068,aggregate_cross_paper,test,1.0,0.9174916004180127,0.0,0.6391638668060042,664.8744339942932
N8_E10b_T12a,N8,arxiv_agg_069,aggregate_cross_paper,train,0.875,0.6076188790794307,1.0,0.8275396263598102,664.8744339942932
N8_E10b_T12a,N8,arxiv_agg_070,aggregate_cross_paper,train,0.6666666666666666,0.8632402444531176,0.5,0.6766356370399281,664.8744339942932
N8_E10b_T12a,N8,arxiv_agg_071,aggregate_cross_paper,test,1.0,0.7636967981957624,1.0,0.9212322660652541,664.8744339942932
N8_E10b_T12a,N8,arxiv_agg_072,aggregate_cross_paper,train,0.5,0.0,0.0,0.16666666666666666,664.8744339942932
N8_E10b_T12a,N8,arxiv_agg_073,aggregate_cross_paper,train,1.0,0.7826491830916986,1.0,0.9275497276972328,664.8744339942932
N8_E10b_T12a,N8,arxiv_agg_074,aggregate_cross_paper,test,0.625,0.6852231648609198,0.75,0.6867410549536399,664.8744339942932
N8_E10b_T12a,N8,arxiv_agg_075,aggregate_cross_paper,test,1.0,0.0,0.0,0.3333333333333333,664.8744339942932
N8_E10b_T12a,N8,arxiv_agg_076,aggregate_cross_paper,train,1.0,0.0,0.0,0.3333333333333333,664.8744339942932
N8_E10b_T12a,N8,arxiv_agg_077,aggregate_cross_paper,train,1.0,0.49247197921830094,1.0,0.8308239930727671,664.8744339942932
N8_E10b_T12a,N8,arxiv_agg_078,aggregate_cross_paper,test,1.0,0.5757985278827494,0.5,0.6919328426275831,664.8744339942932
N8_E10b_T12a,N8,arxiv_agg_079,aggregate_cross_paper,test,0.8888888888888888,0.20736776027470039,0.5,0.5320855497211964,664.8744339942932
N8_E10b_T12a,N8,arxiv_agg_080,aggregate_cross_paper,train,0.5,0.7575515933053593,0.0,0.4191838644351198,664.8744339942932
N8_E10b_T12a,N8,arxiv_agg_081,aggregate_cross_paper,train,1.0,0.726716461409452,0.0,0.5755721538031507,664.8744339942932
N8_E10b_T12a,N8,arxiv_agg_082,aggregate_cross_paper,test,0.7777777777777778,0.0,0.0,0.25925925925925924,664.8744339942932
N8_E10b_T12a,N8,arxiv_agg_083,aggregate_cross_paper,train,1.0,0.8322949499774929,1.0,0.9440983166591642,664.8744339942932
N8_E10b_T12a,N8,arxiv_agg_084,aggregate_cross_paper,test,1.0,0.0,0.0,0.3333333333333333,664.8744339942932
N8_E10b_T12a,N8,arxiv_agg_085,aggregate_cross_paper,train,1.0,0.0,0.0,0.3333333333333333,664.8744339942932
N8_E10b_T12a,N8,arxiv_agg_086,aggregate_cross_paper,test,1.0,0.9246310735382585,0.5,0.8082103578460861,664.8744339942932
N8_E10b_T12a,N8,arxiv_agg_087,aggregate_cross_paper,test,0.6666666666666666,0.7028508748595773,0.0,0.45650584717541465,664.8744339942932
N8_E10b_T12a,N8,arxiv_agg_088,aggregate_cross_paper,train,1.0,0.0,0.75,0.5833333333333334,664.8744339942932
N8_E10b_T12a,N8,arxiv_agg_089,aggregate_cross_paper,test,1.0,0.6965857720536258,0.0,0.5655285906845419,664.8744339942932
N8_E10b_T12a,N8,arxiv_agg_090,aggregate_cross_paper,train,0.7777777777777778,0.42447980744456354,1.0,0.7340858617407804,664.8744339942932
N8_E10b_T12a,N8,arxiv_agg_091,aggregate_cross_paper,test,1.0,0.7191663610164385,1.0,0.9063887870054795,664.8744339942932
N8_E10b_T12a,N8,arxiv_agg_092,aggregate_cross_paper,test,0.6666666666666666,0.884867803889024,1.0,0.8505114901852302,664.8744339942932
N8_E10b_T12a,N8,arxiv_agg_093,aggregate_cross_paper,train,0.8571428571428571,0.8545812124196868,1.0,0.9039080231875146,664.8744339942932
N8_E10b_T12a,N8,arxiv_agg_094,aggregate_cross_paper,test,0.8,0.9195039743815779,0.0,0.573167991460526,664.8744339942932
N8_E10b_T12a,N8,arxiv_agg_095,aggregate_cross_paper,train,0.6,0.6213146611043794,0.25,0.4904382203681264,664.8744339942932
N8_E10b_T12a,N8,arxiv_agg_096,aggregate_cross_paper,train,0.8571428571428571,0.0,0.25,0.36904761904761907,664.8744339942932
N8_E10b_T12a,N8,arxiv_agg_097,aggregate_cross_paper,test,0.8571428571428571,0.0,0.25,0.36904761904761907,664.8744339942932
N8_E10b_T12a,N8,arxiv_agg_098,aggregate_cross_paper,test,0.75,0.0,0.0,0.25,664.8744339942932
N8_E10b_T12a,N8,arxiv_agg_099,aggregate_cross_paper,test,1.0,0.5416274619849633,0.0,0.5138758206616544,664.8744339942932
N8_E10b_T12a,N8,arxiv_edge_034,edge_multihop,test,0.3333333333333333,0.6014928570012574,0.0,0.31160873011153023,664.8744339942932
N8_E10b_T12a,N8,arxiv_edge_035,edge_multihop,test,0.8,0.8818122300744937,1.0,0.8939374100248312,664.8744339942932
N8_E10b_T12a,N8,arxiv_edge_036,edge_multihop,test,0.75,0.6152073684545903,1.0,0.78840245615153,664.8744339942932
N8_E10b_T12a,N8,arxiv_edge_037,edge_multihop,train,0.75,0.0,0.0,0.25,664.8744339942932
N8_E10b_T12a,N8,arxiv_edge_038,edge_multihop,test,0.8333333333333334,0.7861530826225702,1.0,0.8731621386519679,664.8744339942932
N8_E10b_T12a,N8,arxiv_edge_039,edge_multihop,train,0.4,0.0,1.0,0.4666666666666666,664.8744339942932
N8_E10b_T12a,N8,arxiv_edge_040,edge_multihop,test,0.8888888888888888,0.5567348478528513,0.0,0.4818745789139134,664.8744339942932
N8_E10b_T12a,N8,arxiv_edge_041,edge_multihop,test,1.0,0.6090815558470895,1.0,0.8696938519490298,664.8744339942932
N8_E10b_T12a,N8,arxiv_edge_042,edge_multihop,test,0.42857142857142855,0.781060148847633,0.0,0.40321052580635386,664.8744339942932
N8_E10b_T12a,N8,arxiv_edge_043,edge_multihop,test,0.2857142857142857,0.6122261132048822,0.0,0.2993134663063893,664.8744339942932
N8_E10b_T12a,N8,arxiv_edge_044,edge_multihop,test,1.0,0.8737553255115745,1.0,0.9579184418371915,664.8744339942932
N8_E10b_T12a,N8,arxiv_edge_045,edge_multihop,train,0.4,0.7943291340498737,1.0,0.7314430446832912,664.8744339942932
N8_E10b_T12a,N8,arxiv_edge_046,edge_multihop,test,1.0,0.7078393239990532,0.5,0.7359464413330178,664.8744339942932
N8_E10b_T12a,N8,arxiv_edge_047,edge_multihop,test,0.5,0.5454030130013819,1.0,0.681801004333794,664.8744339942932
N8_E10b_T12a,N8,arxiv_edge_048,edge_multihop,train,1.0,0.0,0.0,0.3333333333333333,664.8744339942932
N8_E10b_T12a,N8,arxiv_edge_049,edge_multihop,train,0.625,0.7096749758131864,0.5,0.6115583252710621,664.8744339942932
N8_E10b_T12a,N8,arxiv_edge_050,edge_multihop,test,1.0,0.7524116483771616,0.75,0.8341372161257206,664.8744339942932
N8_E10b_T12a,N8,arxiv_edge_051,edge_multihop,test,1.0,0.8826233193060614,0.0,0.6275411064353538,664.8744339942932
N8_E10b_T12a,N8,arxiv_edge_052,edge_multihop,train,0.6666666666666666,0.8268609284644001,0.25,0.5811758650436889,664.8744339942932
N8_E10b_T12a,N8,arxiv_edge_053,edge_multihop,train,0.6666666666666666,0.7015555662573124,1.0,0.7894074109746597,664.8744339942932
N8_E10b_T12a,N8,arxiv_edge_054,edge_multihop,train,0.8,0.8783235585810693,0.75,0.8094411861936898,664.8744339942932
N8_E10b_T12a,N8,arxiv_edge_055,edge_multihop,train,0.7142857142857143,0.7008438458078347,1.0,0.8050431866978496,664.8744339942932
N8_E10b_T12a,N8,arxiv_edge_056,edge_multihop,train,1.0,0.8739039977223254,0.5,0.7913013325741085,664.8744339942932
N8_E10b_T12a,N8,arxiv_edge_057,edge_multihop,train,0.0,0.0,0.5,0.16666666666666666,664.8744339942932
N8_E10b_T12a,N8,arxiv_edge_058,edge_multihop,train,0.5,0.8026235396964475,1.0,0.7675411798988159,664.8744339942932
N8_E10b_T12a,N8,arxiv_edge_059,edge_multihop,train,1.0,0.8479364599227464,1.0,0.9493121533075821,664.8744339942932
N8_E10b_T12a,N8,arxiv_edge_060,edge_multihop,train,1.0,0.0,0.0,0.3333333333333333,664.8744339942932
N8_E10b_T12a,N8,arxiv_edge_061,edge_multihop,test,1.0,0.7311297738522461,1.0,0.910376591284082,664.8744339942932
N8_E10b_T12a,N8,arxiv_edge_062,edge_multihop,test,0.6,0.0,0.5,0.3666666666666667,664.8744339942932
N8_E10b_T12a,N8,arxiv_edge_063,edge_multihop,train,1.0,0.5863245042894388,1.0,0.8621081680964796,664.8744339942932
N8_E10b_T12a,N8,arxiv_edge_064,edge_multihop,test,0.25,0.8397869243400743,0.75,0.6132623081133581,664.8744339942932
N8_E10b_T12a,N8,arxiv_edge_065,edge_multihop,train,1.0,0.7554008567744784,1.0,0.9184669522581594,664.8744339942932
N8_E10b_T12a,N8,arxiv_edge_066,edge_multihop,train,1.0,0.0,0.25,0.4166666666666667,664.8744339942932
N8_E10b_T12a,N8,arxiv_edge_067,edge_multihop,train,0.8571428571428571,0.7144932622842685,0.75,0.7738787064757086,664.8744339942932
N8_E10b_T12a,N8,arxiv_edge_068,edge_multihop,test,0.8,0.0,0.0,0.26666666666666666,664.8744339942932
N8_E10b_T12a,N8,arxiv_edge_069,edge_multihop,test,0.8333333333333334,0.416082435298394,1.0,0.7498052562105757,664.8744339942932
N8_E10b_T12a,N8,arxiv_edge_070,edge_multihop,test,0.8571428571428571,0.7696735014290242,1.0,0.8756054528572937,664.8744339942932
N8_E10b_T12a,N8,arxiv_edge_071,edge_multihop,test,1.0,0.8342573076362192,1.0,0.9447524358787397,664.8744339942932
N8_E10b_T12a,N8,arxiv_edge_072,edge_multihop,test,1.0,0.7409751875820892,1.0,0.9136583958606964,664.8744339942932
N8_E10b_T12a,N8,arxiv_edge_073,edge_multihop,train,0.6666666666666666,0.8652912330941374,0.25,0.5939859665869346,664.8744339942932
N8_E10b_T12a,N8,arxiv_edge_074,edge_multihop,train,0.75,0.755561675617444,1.0,0.8351872252058147,664.8744339942932
N8_E10b_T12a,N8,arxiv_edge_075,edge_multihop,train,0.5714285714285714,0.7831506439823913,0.75,0.7015264051369875,664.8744339942932
N8_E10b_T12a,N8,arxiv_edge_076,edge_multihop,train,0.8,0.8532765849679943,0.75,0.8010921949893315,664.8744339942932
N8_E10b_T12a,N8,arxiv_edge_077,edge_multihop,test,0.6,0.8246082500407567,1.0,0.8082027500135855,664.8744339942932
N8_E10b_T12a,N8,arxiv_edge_078,edge_multihop,train,0.8,0.7724573791765595,0.5,0.6908191263921865,664.8744339942932
N8_E10b_T12a,N8,arxiv_edge_079,edge_multihop,train,0.4,0.0,1.0,0.4666666666666666,664.8744339942932
N8_E10b_T12a,N8,arxiv_edge_080,edge_multihop,test,0.0,0.7084025248269299,0.5,0.4028008416089766,664.8744339942932
N8_E10b_T12a,N8,arxiv_edge_081,edge_multihop,train,1.0,0.8074532834507998,0.0,0.6024844278169333,664.8744339942932
N8_E10b_T12a,N8,arxiv_edge_082,edge_multihop,train,0.8333333333333334,0.7932081311240671,0.25,0.6255138214858001,664.8744339942932
N8_E10b_T12a,N8,arxiv_edge_083,edge_multihop,train,1.0,0.7912238834437143,1.0,0.9304079611479047,664.8744339942932
N8_E10b_T12a,N8,arxiv_edge_084,edge_multihop,test,0.6,0.7750216669861252,1.0,0.791673888995375,664.8744339942932
N8_E10b_T12a,N8,arxiv_edge_085,edge_multihop,train,0.3333333333333333,0.0,1.0,0.4444444444444444,664.8744339942932
N8_E10b_T12a,N8,arxiv_edge_086,edge_multihop,train,0.6,0.6705064705995035,1.0,0.7568354901998345,664.8744339942932
N8_E10b_T12a,N8,arxiv_edge_087,edge_multihop,train,1.0,0.7394801015336046,1.0,0.9131600338445348,664.8744339942932
N8_E10b_T12a,N8,arxiv_edge_088,edge_multihop,train,1.0,0.7953902652447249,1.0,0.931796755081575,664.8744339942932
N8_E10b_T12a,N8,arxiv_edge_089,edge_multihop,train,0.8,0.8588067566628674,1.0,0.8862689188876226,664.8744339942932
N8_E10b_T12a,N8,arxiv_edge_090,edge_multihop,train,0.8571428571428571,0.8479002853397194,1.0,0.9016810474941922,664.8744339942932
N8_E10b_T12a,N8,arxiv_edge_091,edge_multihop,test,0.5714285714285714,0.7711928298431072,0.5,0.6142071337572262,664.8744339942932
N8_E10b_T12a,N8,arxiv_edge_092,edge_multihop,test,1.0,0.7219695359911537,0.0,0.5739898453303846,664.8744339942932
N8_E10b_T12a,N8,arxiv_edge_093,edge_multihop,train,0.4,0.9153019574971571,0.75,0.6884339858323857,664.8744339942932
N8_E10b_T12a,N8,arxiv_edge_094,edge_multihop,test,0.3333333333333333,0.0,0.0,0.1111111111111111,664.8744339942932
N8_E10b_T12a,N8,arxiv_edge_095,edge_multihop,test,0.5714285714285714,0.8700808502557568,0.5,0.6471698072281095,664.8744339942932
N8_E10b_T12a,N8,arxiv_edge_096,edge_multihop,test,0.0,0.0,0.0,0.0,664.8744339942932
N8_E10b_T12a,N8,arxiv_edge_097,edge_multihop,test,0.8,0.7741640083266405,0.75,0.7747213361088802,664.8744339942932
N8_E10b_T12a,N8,arxiv_edge_098,edge_multihop,train,0.3333333333333333,0.0,0.25,0.19444444444444442,664.8744339942932
N8_E10b_T12a,N8,arxiv_edge_099,edge_multihop,train,0.5,0.0,1.0,0.5,664.8744339942932
N8_E10b_T12a,N8,arxiv_sh_083,single_specific,train,1.0,0.955419783915974,1.0,0.9851399279719913,664.8744339942932
N8_E10b_T12a,N8,arxiv_sh_084,single_specific,train,1.0,0.0,1.0,0.6666666666666666,664.8744339942932
N8_E10b_T12a,N8,arxiv_sh_085,single_specific,train,0.8,0.942536261301394,1.0,0.9141787537671314,664.8744339942932
N8_E10b_T12a,N8,arxiv_sh_086,single_specific,train,1.0,0.8900809439986818,1.0,0.9633603146662272,664.8744339942932
N8_E10b_T12a,N8,arxiv_sh_087,single_specific,train,0.0,0.0,0.0,0.0,664.8744339942932
N8_E10b_T12a,N8,arxiv_sh_088,single_specific,train,1.0,0.8615545686702508,1.0,0.9538515228900836,664.8744339942932
N8_E10b_T12a,N8,arxiv_sh_089,single_specific,test,0.6666666666666666,0.8903741753267548,1.0,0.8523469473311405,664.8744339942932
N8_E10b_T12a,N8,arxiv_sh_090,single_specific,test,0.8,0.9495401611459152,1.0,0.9165133870486385,664.8744339942932
N8_E10b_T12a,N8,arxiv_sh_091,single_specific,test,1.0,0.6668277796249092,1.0,0.888942593208303,664.8744339942932
N8_E10b_T12a,N8,arxiv_sh_092,single_specific,train,0.75,0.7039335961009869,1.0,0.8179778653669957,664.8744339942932
N8_E10b_T12a,N8,arxiv_sh_093,single_specific,train,1.0,0.9118386667207297,1.0,0.9706128889069099,664.8744339942932
N8_E10b_T12a,N8,arxiv_sh_094,single_specific,train,1.0,1.0,1.0,1.0,664.8744339942932
N8_E10b_T12a,N8,arxiv_sh_095,single_specific,test,1.0,0.9516287814543332,1.0,0.9838762604847777,664.8744339942932
N8_E10b_T12a,N8,arxiv_sh_096,single_specific,test,1.0,0.882170308885873,1.0,0.9607234362952909,664.8744339942932
N8_E10b_T12a,N8,arxiv_sh_097,single_specific,test,1.0,1.0000000000000002,1.0,1.0,664.8744339942932
N8_E10b_T12a,N8,arxiv_sh_098,single_specific,test,1.0,0.6635274972897983,1.0,0.8878424990965995,664.8744339942932
N8_E10b_T12a,N8,arxiv_sh_099,single_specific,train,0.6666666666666666,0.8971065566259477,1.0,0.8545910744308715,664.8744339942932
N8_E10b_T12b,N8,arxiv_agg_033,aggregate_cross_paper,train,1.0,0.0,0.0,0.3333333333333333,709.3995010852814
N8_E10b_T12b,N8,arxiv_agg_034,aggregate_cross_paper,train,0.8571428571428571,0.6710121614775739,1.0,0.8427183395401436,709.3995010852814
N8_E10b_T12b,N8,arxiv_agg_035,aggregate_cross_paper,train,1.0,0.4427021803484685,0.75,0.7309007267828228,709.3995010852814
N8_E10b_T12b,N8,arxiv_agg_036,aggregate_cross_paper,test,0.6666666666666666,0.8754717036252568,0.25,0.5973794567639744,709.3995010852814
N8_E10b_T12b,N8,arxiv_agg_037,aggregate_cross_paper,test,1.0,0.0,0.0,0.3333333333333333,709.3995010852814
N8_E10b_T12b,N8,arxiv_agg_038,aggregate_cross_paper,test,1.0,0.5405347988107373,1.0,0.8468449329369124,709.3995010852814
N8_E10b_T12b,N8,arxiv_agg_039,aggregate_cross_paper,train,0.3333333333333333,0.8692260748792409,0.75,0.650853136070858,709.3995010852814
N8_E10b_T12b,N8,arxiv_agg_040,aggregate_cross_paper,train,0.3333333333333333,0.8274114280083608,1.0,0.7202482537805647,709.3995010852814
N8_E10b_T12b,N8,arxiv_agg_041,aggregate_cross_paper,test,0.8333333333333334,0.5580594151522132,0.75,0.7137975828285156,709.3995010852814
N8_E10b_T12b,N8,arxiv_agg_042,aggregate_cross_paper,train,0.75,0.660622035522468,0.5,0.6368740118408227,709.3995010852814
N8_E10b_T12b,N8,arxiv_agg_043,aggregate_cross_paper,test,0.5714285714285714,0.3947995077859571,0.0,0.32207602640484284,709.3995010852814
N8_E10b_T12b,N8,arxiv_agg_044,aggregate_cross_paper,train,0.75,0.0,0.0,0.25,709.3995010852814
N8_E10b_T12b,N8,arxiv_agg_045,aggregate_cross_paper,train,0.8,0.0,1.0,0.6,709.3995010852814
N8_E10b_T12b,N8,arxiv_agg_046,aggregate_cross_paper,test,0.4444444444444444,0.6378993318771687,0.25,0.44411459210720433,709.3995010852814
N8_E10b_T12b,N8,arxiv_agg_047,aggregate_cross_paper,train,0.8333333333333334,0.5437525070363911,0.0,0.45902861345657486,709.3995010852814
N8_E10b_T12b,N8,arxiv_agg_048,aggregate_cross_paper,test,0.8,0.7853971790825087,1.0,0.8617990596941696,709.3995010852814
N8_E10b_T12b,N8,arxiv_agg_049,aggregate_cross_paper,train,1.0,0.5409419680082823,0.5,0.6803139893360942,709.3995010852814
N8_E10b_T12b,N8,arxiv_agg_050,aggregate_cross_paper,test,0.6666666666666666,0.8448536155689034,0.0,0.5038400940785234,709.3995010852814
N8_E10b_T12b,N8,arxiv_agg_051,aggregate_cross_paper,test,0.5,0.0,0.0,0.16666666666666666,709.3995010852814
N8_E10b_T12b,N8,arxiv_agg_052,aggregate_cross_paper,test,1.0,0.8149660109937246,1.0,0.9383220036645749,709.3995010852814
N8_E10b_T12b,N8,arxiv_agg_053,aggregate_cross_paper,train,0.75,0.0,0.5,0.4166666666666667,709.3995010852814
N8_E10b_T12b,N8,arxiv_agg_054,aggregate_cross_paper,test,1.0,0.600764476069658,1.0,0.8669214920232194,709.3995010852814
N8_E10b_T12b,N8,arxiv_agg_055,aggregate_cross_paper,train,0.6666666666666666,0.802362578764078,1.0,0.8230097484769149,709.3995010852814
N8_E10b_T12b,N8,arxiv_agg_056,aggregate_cross_paper,test,0.42857142857142855,0.6678269452866519,0.75,0.6154661246193601,709.3995010852814
N8_E10b_T12b,N8,arxiv_agg_057,aggregate_cross_paper,test,0.8,0.7017570486146291,0.0,0.500585682871543,709.3995010852814
N8_E10b_T12b,N8,arxiv_agg_058,aggregate_cross_paper,test,0.5714285714285714,0.0,0.0,0.19047619047619047,709.3995010852814
N8_E10b_T12b,N8,arxiv_agg_059,aggregate_cross_paper,test,1.0,0.5796706139365407,1.0,0.8598902046455136,709.3995010852814
N8_E10b_T12b,N8,arxiv_agg_060,aggregate_cross_paper,test,0.75,0.0,0.5,0.4166666666666667,709.3995010852814
N8_E10b_T12b,N8,arxiv_agg_061,aggregate_cross_paper,test,1.0,0.0,1.0,0.6666666666666666,709.3995010852814
N8_E10b_T12b,N8,arxiv_agg_062,aggregate_cross_paper,train,1.0,0.7854383380160721,1.0,0.9284794460053574,709.3995010852814
N8_E10b_T12b,N8,arxiv_agg_063,aggregate_cross_paper,test,1.0,0.5838597097539335,1.0,0.8612865699179778,709.3995010852814
N8_E10b_T12b,N8,arxiv_agg_064,aggregate_cross_paper,test,0.8,0.6754843111538372,0.5,0.6584947703846123,709.3995010852814
N8_E10b_T12b,N8,arxiv_agg_065,aggregate_cross_paper,train,1.0,0.6164132561569188,0.0,0.538804418718973,709.3995010852814
N8_E10b_T12b,N8,arxiv_agg_066,aggregate_cross_paper,train,1.0,0.0,0.0,0.3333333333333333,709.3995010852814
N8_E10b_T12b,N8,arxiv_agg_067,aggregate_cross_paper,test,0.8,0.0,0.0,0.26666666666666666,709.3995010852814
N8_E10b_T12b,N8,arxiv_agg_068,aggregate_cross_paper,test,1.0,0.9175247626926188,0.0,0.6391749208975396,709.3995010852814
N8_E10b_T12b,N8,arxiv_agg_069,aggregate_cross_paper,train,0.875,0.6122213389326284,1.0,0.8290737796442095,709.3995010852814
N8_E10b_T12b,N8,arxiv_agg_070,aggregate_cross_paper,train,0.6666666666666666,0.8632402444531176,0.5,0.6766356370399281,709.3995010852814
N8_E10b_T12b,N8,arxiv_agg_071,aggregate_cross_paper,test,1.0,0.7853551169253757,1.0,0.9284517056417919,709.3995010852814
N8_E10b_T12b,N8,arxiv_agg_072,aggregate_cross_paper,train,0.5,0.0,0.0,0.16666666666666666,709.3995010852814
N8_E10b_T12b,N8,arxiv_agg_073,aggregate_cross_paper,train,1.0,0.7826491830916986,1.0,0.9275497276972328,709.3995010852814
N8_E10b_T12b,N8,arxiv_agg_074,aggregate_cross_paper,test,0.5714285714285714,0.6871806916937587,0.75,0.6695364210407767,709.3995010852814
N8_E10b_T12b,N8,arxiv_agg_075,aggregate_cross_paper,test,0.8,0.7480871705542035,0.0,0.5160290568514011,709.3995010852814
N8_E10b_T12b,N8,arxiv_agg_076,aggregate_cross_paper,train,1.0,0.0,0.0,0.3333333333333333,709.3995010852814
N8_E10b_T12b,N8,arxiv_agg_077,aggregate_cross_paper,train,1.0,0.49247197921830094,1.0,0.8308239930727671,709.3995010852814
N8_E10b_T12b,N8,arxiv_agg_078,aggregate_cross_paper,test,1.0,0.5757985278827494,0.5,0.6919328426275831,709.3995010852814
N8_E10b_T12b,N8,arxiv_agg_079,aggregate_cross_paper,test,1.0,0.21270674943756573,0.5,0.5709022498125219,709.3995010852814
N8_E10b_T12b,N8,arxiv_agg_080,aggregate_cross_paper,train,0.2857142857142857,0.7575515933053593,0.0,0.34775529300654834,709.3995010852814
N8_E10b_T12b,N8,arxiv_agg_081,aggregate_cross_paper,train,1.0,0.7276252041063253,0.0,0.5758750680354418,709.3995010852814
N8_E10b_T12b,N8,arxiv_agg_082,aggregate_cross_paper,test,1.0,0.0,0.0,0.3333333333333333,709.3995010852814
N8_E10b_T12b,N8,arxiv_agg_083,aggregate_cross_paper,train,1.0,0.8323003570582564,1.0,0.9441001190194188,709.3995010852814
N8_E10b_T12b,N8,arxiv_agg_084,aggregate_cross_paper,test,1.0,0.0,0.0,0.3333333333333333,709.3995010852814
N8_E10b_T12b,N8,arxiv_agg_085,aggregate_cross_paper,train,1.0,0.0,0.0,0.3333333333333333,709.3995010852814
N8_E10b_T12b,N8,arxiv_agg_086,aggregate_cross_paper,test,1.0,0.9246314470462841,0.25,0.7248771490154281,709.3995010852814
N8_E10b_T12b,N8,arxiv_agg_087,aggregate_cross_paper,test,0.42857142857142855,0.7028508748595773,0.0,0.3771407678103353,709.3995010852814
N8_E10b_T12b,N8,arxiv_agg_088,aggregate_cross_paper,train,0.8571428571428571,0.0,0.75,0.5357142857142857,709.3995010852814
N8_E10b_T12b,N8,arxiv_agg_089,aggregate_cross_paper,test,1.0,0.6965857720536258,0.0,0.5655285906845419,709.3995010852814
N8_E10b_T12b,N8,arxiv_agg_090,aggregate_cross_paper,train,0.875,0.42452114475531144,1.0,0.7665070482517704,709.3995010852814
N8_E10b_T12b,N8,arxiv_agg_091,aggregate_cross_paper,test,1.0,0.7680508767523326,1.0,0.9226836255841109,709.3995010852814
N8_E10b_T12b,N8,arxiv_agg_092,aggregate_cross_paper,test,0.5,0.8848881081686714,1.0,0.7949627027228905,709.3995010852814
N8_E10b_T12b,N8,arxiv_agg_093,aggregate_cross_paper,train,0.8571428571428571,0.8546069925533265,1.0,0.9039166165653946,709.3995010852814
N8_E10b_T12b,N8,arxiv_agg_094,aggregate_cross_paper,test,0.42857142857142855,0.9214003388962501,0.0,0.44999058915589285,709.3995010852814
N8_E10b_T12b,N8,arxiv_agg_095,aggregate_cross_paper,train,0.6,0.6213240620926249,0.25,0.49044135403087497,709.3995010852814
N8_E10b_T12b,N8,arxiv_agg_096,aggregate_cross_paper,train,0.8888888888888888,0.0,0.25,0.3796296296296296,709.3995010852814
N8_E10b_T12b,N8,arxiv_agg_097,aggregate_cross_paper,test,0.8571428571428571,0.0,0.25,0.36904761904761907,709.3995010852814
N8_E10b_T12b,N8,arxiv_agg_098,aggregate_cross_paper,test,0.75,0.0,0.0,0.25,709.3995010852814
N8_E10b_T12b,N8,arxiv_agg_099,aggregate_cross_paper,test,1.0,0.5415395733005073,0.0,0.5138465244335024,709.3995010852814
N8_E10b_T12b,N8,arxiv_edge_034,edge_multihop,test,0.16666666666666666,0.0,0.0,0.05555555555555555,709.3995010852814
N8_E10b_T12b,N8,arxiv_edge_035,edge_multihop,test,0.6666666666666666,0.9633839448998719,1.0,0.8766835371888462,709.3995010852814
N8_E10b_T12b,N8,arxiv_edge_036,edge_multihop,test,0.6666666666666666,0.4582644694245223,1.0,0.708310378697063,709.3995010852814
N8_E10b_T12b,N8,arxiv_edge_037,edge_multihop,train,0.75,0.0,0.0,0.25,709.3995010852814
N8_E10b_T12b,N8,arxiv_edge_038,edge_multihop,test,1.0,0.717871862605472,1.0,0.9059572875351574,709.3995010852814
N8_E10b_T12b,N8,arxiv_edge_039,edge_multihop,train,0.4,0.0,1.0,0.4666666666666666,709.3995010852814
N8_E10b_T12b,N8,arxiv_edge_040,edge_multihop,test,0.8888888888888888,0.5567348478528513,0.0,0.4818745789139134,709.3995010852814
N8_E10b_T12b,N8,arxiv_edge_041,edge_multihop,test,1.0,0.6091425645806517,1.0,0.8697141881935506,709.3995010852814
N8_E10b_T12b,N8,arxiv_edge_042,edge_multihop,test,0.3333333333333333,0.7376204992456296,0.0,0.3569846108596543,709.3995010852814
N8_E10b_T12b,N8,arxiv_edge_043,edge_multihop,test,0.2857142857142857,0.9079853722902366,0.0,0.39789988600150744,709.3995010852814
N8_E10b_T12b,N8,arxiv_edge_044,edge_multihop,test,1.0,0.8835468941462477,1.0,0.9611822980487492,709.3995010852814
N8_E10b_T12b,N8,arxiv_edge_045,edge_multihop,train,1.0,0.8469897552251026,1.0,0.9489965850750343,709.3995010852814
N8_E10b_T12b,N8,arxiv_edge_046,edge_multihop,test,1.0,0.7071629984676698,0.5,0.7357209994892232,709.3995010852814
N8_E10b_T12b,N8,arxiv_edge_047,edge_multihop,test,0.4,0.5488292981312201,1.0,0.64960976604374,709.3995010852814
N8_E10b_T12b,N8,arxiv_edge_048,edge_multihop,train,0.3333333333333333,0.0,0.0,0.1111111111111111,709.3995010852814
N8_E10b_T12b,N8,arxiv_edge_049,edge_multihop,train,0.5714285714285714,0.8349704942718839,0.5,0.635466355233485,709.3995010852814
N8_E10b_T12b,N8,arxiv_edge_050,edge_multihop,test,1.0,0.7524025621230847,0.75,0.8341341873743615,709.3995010852814
N8_E10b_T12b,N8,arxiv_edge_051,edge_multihop,test,1.0,0.4322371746138305,0.5,0.6440790582046102,709.3995010852814
N8_E10b_T12b,N8,arxiv_edge_052,edge_multihop,train,0.625,0.7727153238882645,0.25,0.5492384412960881,709.3995010852814
N8_E10b_T12b,N8,arxiv_edge_053,edge_multihop,train,0.5714285714285714,0.7031989782858837,1.0,0.7582091832381517,709.3995010852814
N8_E10b_T12b,N8,arxiv_edge_054,edge_multihop,train,0.8333333333333334,0.8382649285288056,0.75,0.807199420620713,709.3995010852814
N8_E10b_T12b,N8,arxiv_edge_055,edge_multihop,train,0.6666666666666666,0.6969008057305831,1.0,0.7878558241324166,709.3995010852814
N8_E10b_T12b,N8,arxiv_edge_056,edge_multihop,train,0.7142857142857143,0.8739127475896616,0.5,0.6960661539584586,709.3995010852814
N8_E10b_T12b,N8,arxiv_edge_057,edge_multihop,train,0.0,0.0,0.5,0.16666666666666666,709.3995010852814
N8_E10b_T12b,N8,arxiv_edge_058,edge_multihop,train,0.5,0.843438165528439,1.0,0.7811460551761463,709.3995010852814
N8_E10b_T12b,N8,arxiv_edge_059,edge_multihop,train,1.0,0.8607194020279753,1.0,0.9535731340093251,709.3995010852814
N8_E10b_T12b,N8,arxiv_edge_060,edge_multihop,train,1.0,0.0,0.25,0.4166666666666667,709.3995010852814
N8_E10b_T12b,N8,arxiv_edge_061,edge_multihop,test,1.0,0.6568749339092408,1.0,0.8856249779697469,709.3995010852814
N8_E10b_T12b,N8,arxiv_edge_062,edge_multihop,test,0.75,0.0,0.5,0.4166666666666667,709.3995010852814
N8_E10b_T12b,N8,arxiv_edge_063,edge_multihop,train,0.8888888888888888,0.584968626241448,1.0,0.8246191717101122,709.3995010852814
N8_E10b_T12b,N8,arxiv_edge_064,edge_multihop,test,0.25,0.8070490367835247,0.75,0.6023496789278416,709.3995010852814
N8_E10b_T12b,N8,arxiv_edge_065,edge_multihop,train,0.6666666666666666,0.7554008567744784,1.0,0.8073558411470483,709.3995010852814
N8_E10b_T12b,N8,arxiv_edge_066,edge_multihop,train,1.0,0.0,0.25,0.4166666666666667,709.3995010852814
N8_E10b_T12b,N8,arxiv_edge_067,edge_multihop,train,0.8571428571428571,0.6937428481788528,0.75,0.7669619017739033,709.3995010852814
N8_E10b_T12b,N8,arxiv_edge_068,edge_multihop,test,0.8,0.0,0.0,0.26666666666666666,709.3995010852814
N8_E10b_T12b,N8,arxiv_edge_069,edge_multihop,test,0.8333333333333334,0.4160238416043629,1.0,0.749785724979232,709.3995010852814
N8_E10b_T12b,N8,arxiv_edge_070,edge_multihop,test,0.7142857142857143,0.769677808390249,1.0,0.8279878408919877,709.3995010852814
N8_E10b_T12b,N8,arxiv_edge_071,edge_multihop,test,1.0,0.8271299539189622,1.0,0.9423766513063208,709.3995010852814
N8_E10b_T12b,N8,arxiv_edge_072,edge_multihop,test,1.0,0.7409751875820892,1.0,0.9136583958606964,709.3995010852814
N8_E10b_T12b,N8,arxiv_edge_073,edge_multihop,train,0.6666666666666666,0.8653808758673937,0.25,0.5940158475113534,709.3995010852814
N8_E10b_T12b,N8,arxiv_edge_074,edge_multihop,train,0.625,0.861066007117109,1.0,0.8286886690390363,709.3995010852814
N8_E10b_T12b,N8,arxiv_edge_075,edge_multihop,train,0.625,0.7179974034351103,1.0,0.7809991344783701,709.3995010852814
N8_E10b_T12b,N8,arxiv_edge_076,edge_multihop,train,1.0,0.8329536460897978,0.75,0.8609845486965993,709.3995010852814
N8_E10b_T12b,N8,arxiv_edge_077,edge_multihop,test,1.0,0.0,1.0,0.6666666666666666,709.3995010852814
N8_E10b_T12b,N8,arxiv_edge_078,edge_multihop,train,0.8,0.656192987095098,0.5,0.6520643290316993,709.3995010852814
N8_E10b_T12b,N8,arxiv_edge_079,edge_multihop,train,0.4,0.0,1.0,0.4666666666666666,709.3995010852814
N8_E10b_T12b,N8,arxiv_edge_080,edge_multihop,test,0.1,0.6024038489034417,1.0,0.5674679496344806,709.3995010852814
N8_E10b_T12b,N8,arxiv_edge_081,edge_multihop,train,1.0,0.8056855742684571,0.0,0.6018951914228191,709.3995010852814
N8_E10b_T12b,N8,arxiv_edge_082,edge_multihop,train,0.8333333333333334,0.816089380279256,0.25,0.6331409045375298,709.3995010852814
N8_E10b_T12b,N8,arxiv_edge_083,edge_multihop,train,1.0,0.7430193398339081,1.0,0.914339779944636,709.3995010852814
N8_E10b_T12b,N8,arxiv_edge_084,edge_multihop,test,0.6,0.7858729773942517,1.0,0.7952909924647505,709.3995010852814
N8_E10b_T12b,N8,arxiv_edge_085,edge_multihop,train,0.3333333333333333,0.0,1.0,0.4444444444444444,709.3995010852814
N8_E10b_T12b,N8,arxiv_edge_086,edge_multihop,train,0.6,0.6705064705995035,1.0,0.7568354901998345,709.3995010852814
N8_E10b_T12b,N8,arxiv_edge_087,edge_multihop,train,1.0,0.7328686283750663,1.0,0.9109562094583555,709.3995010852814
N8_E10b_T12b,N8,arxiv_edge_088,edge_multihop,train,1.0,0.7953902652447248,1.0,0.9317967550815749,709.3995010852814
N8_E10b_T12b,N8,arxiv_edge_089,edge_multihop,train,1.0,0.824335421674566,1.0,0.9414451405581886,709.3995010852814
N8_E10b_T12b,N8,arxiv_edge_090,edge_multihop,train,0.8571428571428571,0.8478780278407523,1.0,0.9016736283278698,709.3995010852814
N8_E10b_T12b,N8,arxiv_edge_091,edge_multihop,test,0.25,0.6729150477662822,0.5,0.47430501592209406,709.3995010852814
N8_E10b_T12b,N8,arxiv_edge_092,edge_multihop,test,0.5,0.7269603738740005,0.0,0.4089867912913335,709.3995010852814
N8_E10b_T12b,N8,arxiv_edge_093,edge_multihop,train,0.8,0.915271605545333,0.75,0.8217572018484444,709.3995010852814
N8_E10b_T12b,N8,arxiv_edge_094,edge_multihop,test,1.0,0.0,0.0,0.3333333333333333,709.3995010852814
N8_E10b_T12b,N8,arxiv_edge_095,edge_multihop,test,0.42857142857142855,0.8699989852624576,0.5,0.599523471277962,709.3995010852814
N8_E10b_T12b,N8,arxiv_edge_096,edge_multihop,test,0.0,0.0,0.0,0.0,709.3995010852814
N8_E10b_T12b,N8,arxiv_edge_097,edge_multihop,test,0.25,0.7720230646088647,0.5,0.5073410215362882,709.3995010852814
N8_E10b_T12b,N8,arxiv_edge_098,edge_multihop,train,0.0,0.0,0.25,0.08333333333333333,709.3995010852814
N8_E10b_T12b,N8,arxiv_edge_099,edge_multihop,train,0.5,0.0,1.0,0.5,709.3995010852814
N8_E10b_T12b,N8,arxiv_sh_083,single_specific,train,1.0,0.8478695104068584,1.0,0.9492898368022861,709.3995010852814
N8_E10b_T12b,N8,arxiv_sh_084,single_specific,train,1.0,0.0,1.0,0.6666666666666666,709.3995010852814
N8_E10b_T12b,N8,arxiv_sh_085,single_specific,train,1.0,0.9783014599774134,1.0,0.9927671533258046,709.3995010852814
N8_E10b_T12b,N8,arxiv_sh_086,single_specific,train,1.0,0.8900807470365515,1.0,0.9633602490121839,709.3995010852814
N8_E10b_T12b,N8,arxiv_sh_087,single_specific,train,0.0,0.0,0.0,0.0,709.3995010852814
N8_E10b_T12b,N8,arxiv_sh_088,single_specific,train,1.0,0.8615545686702508,1.0,0.9538515228900836,709.3995010852814
N8_E10b_T12b,N8,arxiv_sh_089,single_specific,test,0.6666666666666666,0.8777214851285943,1.0,0.8481293839317536,709.3995010852814
N8_E10b_T12b,N8,arxiv_sh_090,single_specific,test,0.8,0.9495394673736032,1.0,0.9165131557912011,709.3995010852814
N8_E10b_T12b,N8,arxiv_sh_091,single_specific,test,1.0,0.6731797845351731,1.0,0.891059928178391,709.3995010852814
N8_E10b_T12b,N8,arxiv_sh_092,single_specific,train,0.75,0.7039335961009869,1.0,0.8179778653669957,709.3995010852814
N8_E10b_T12b,N8,arxiv_sh_093,single_specific,train,1.0,0.9691359944609889,1.0,0.989711998153663,709.3995010852814
N8_E10b_T12b,N8,arxiv_sh_094,single_specific,train,1.0,0.9999995240719529,1.0,0.9999998413573176,709.3995010852814
N8_E10b_T12b,N8,arxiv_sh_095,single_specific,test,1.0,0.9650799065383301,1.0,0.98835996884611,709.3995010852814
N8_E10b_T12b,N8,arxiv_sh_096,single_specific,test,1.0,0.882170308885873,1.0,0.9607234362952909,709.3995010852814
N8_E10b_T12b,N8,arxiv_sh_097,single_specific,test,1.0,1.0000000000000002,1.0,1.0,709.3995010852814
N8_E10b_T12b,N8,arxiv_sh_098,single_specific,test,1.0,0.6622838267994271,1.0,0.8874279422664757,709.3995010852814
N8_E10b_T12b,N8,arxiv_sh_099,single_specific,train,0.3333333333333333,0.8949530340228242,1.0,0.7427621224520525,709.3995010852814
N8_E10c_T12a,N8,arxiv_agg_033,aggregate_cross_paper,train,1.0,0.0,0.0,0.3333333333333333,678.5188019275665
N8_E10c_T12a,N8,arxiv_agg_034,aggregate_cross_paper,train,1.0,0.6710121614775739,1.0,0.8903373871591912,678.5188019275665
N8_E10c_T12a,N8,arxiv_agg_035,aggregate_cross_paper,train,0.8333333333333334,0.6555819569718838,1.0,0.8296384301017391,678.5188019275665
N8_E10c_T12a,N8,arxiv_agg_036,aggregate_cross_paper,test,0.6666666666666666,0.8754717036252568,0.25,0.5973794567639744,678.5188019275665
N8_E10c_T12a,N8,arxiv_agg_037,aggregate_cross_paper,test,0.75,0.0,0.0,0.25,678.5188019275665
N8_E10c_T12a,N8,arxiv_agg_038,aggregate_cross_paper,test,1.0,0.5341262586346849,1.0,0.8447087528782283,678.5188019275665
N8_E10c_T12a,N8,arxiv_agg_039,aggregate_cross_paper,train,0.2,0.8692294613388004,0.75,0.6064098204462668,678.5188019275665
N8_E10c_T12a,N8,arxiv_agg_040,aggregate_cross_paper,train,0.3333333333333333,0.0,1.0,0.4444444444444444,678.5188019275665
N8_E10c_T12a,N8,arxiv_agg_041,aggregate_cross_paper,test,0.8333333333333334,0.5909083467066969,0.75,0.7247472266800101,678.5188019275665
N8_E10c_T12a,N8,arxiv_agg_042,aggregate_cross_paper,train,0.75,0.6517126930646099,0.5,0.6339042310215367,678.5188019275665
N8_E10c_T12a,N8,arxiv_agg_043,aggregate_cross_paper,test,0.5714285714285714,0.39480207201602235,0.0,0.32207688114819794,678.5188019275665
N8_E10c_T12a,N8,arxiv_agg_044,aggregate_cross_paper,train,0.75,0.0,0.0,0.25,678.5188019275665
N8_E10c_T12a,N8,arxiv_agg_045,aggregate_cross_paper,train,0.8,0.0,1.0,0.6,678.5188019275665
N8_E10c_T12a,N8,arxiv_agg_046,aggregate_cross_paper,test,1.0,0.6266759495289785,0.25,0.6255586498429929,678.5188019275665
N8_E10c_T12a,N8,arxiv_agg_047,aggregate_cross_paper,train,0.75,0.5437525070363911,0.0,0.431250835678797,678.5188019275665
N8_E10c_T12a,N8,arxiv_agg_048,aggregate_cross_paper,test,1.0,0.7853971790825087,1.0,0.9284657263608361,678.5188019275665
N8_E10c_T12a,N8,arxiv_agg_049,aggregate_cross_paper,train,1.0,0.7014302591020098,0.25,0.6504767530340033,678.5188019275665
N8_E10c_T12a,N8,arxiv_agg_050,aggregate_cross_paper,test,0.6,0.8448536155689034,0.0,0.4816178718563011,678.5188019275665
N8_E10c_T12a,N8,arxiv_agg_051,aggregate_cross_paper,test,0.5,0.0,0.0,0.16666666666666666,678.5188019275665
N8_E10c_T12a,N8,arxiv_agg_052,aggregate_cross_paper,test,1.0,0.8149660109937246,1.0,0.9383220036645749,678.5188019275665
N8_E10c_T12a,N8,arxiv_agg_053,aggregate_cross_paper,train,1.0,0.0,0.5,0.5,678.5188019275665
N8_E10c_T12a,N8,arxiv_agg_054,aggregate_cross_paper,test,1.0,0.6308338102689385,1.0,0.8769446034229795,678.5188019275665
N8_E10c_T12a,N8,arxiv_agg_055,aggregate_cross_paper,train,1.0,0.8024931267687757,1.0,0.9341643755895919,678.5188019275665
N8_E10c_T12a,N8,arxiv_agg_056,aggregate_cross_paper,test,0.42857142857142855,0.8634837583962822,0.75,0.6806850623225703,678.5188019275665
N8_E10c_T12a,N8,arxiv_agg_057,aggregate_cross_paper,test,1.0,0.7100528540524069,0.0,0.570017618017469,678.5188019275665
N8_E10c_T12a,N8,arxiv_agg_058,aggregate_cross_paper,test,1.0,0.5745676936716576,0.0,0.5248558978905525,678.5188019275665
N8_E10c_T12a,N8,arxiv_agg_059,aggregate_cross_paper,test,1.0,0.5855327518963316,1.0,0.8618442506321106,678.5188019275665
N8_E10c_T12a,N8,arxiv_agg_060,aggregate_cross_paper,test,1.0,0.0,0.5,0.5,678.5188019275665
N8_E10c_T12a,N8,arxiv_agg_061,aggregate_cross_paper,test,1.0,0.0,1.0,0.6666666666666666,678.5188019275665
N8_E10c_T12a,N8,arxiv_agg_062,aggregate_cross_paper,train,0.5,0.7860222674969467,1.0,0.7620074224989822,678.5188019275665
N8_E10c_T12a,N8,arxiv_agg_063,aggregate_cross_paper,test,1.0,0.5838597097539335,1.0,0.8612865699179778,678.5188019275665
N8_E10c_T12a,N8,arxiv_agg_064,aggregate_cross_paper,test,0.8,0.6720595636794787,0.5,0.6573531878931597,678.5188019275665
N8_E10c_T12a,N8,arxiv_agg_065,aggregate_cross_paper,train,1.0,0.6128843872206046,0.25,0.6209614624068682,678.5188019275665
N8_E10c_T12a,N8,arxiv_agg_066,aggregate_cross_paper,train,0.75,0.0,0.0,0.25,678.5188019275665
N8_E10c_T12a,N8,arxiv_agg_067,aggregate_cross_paper,test,0.8,0.0,0.25,0.35000000000000003,678.5188019275665
N8_E10c_T12a,N8,arxiv_agg_068,aggregate_cross_paper,test,1.0,0.9175436668846043,0.0,0.6391812222948681,678.5188019275665
N8_E10c_T12a,N8,arxiv_agg_069,aggregate_cross_paper,train,0.875,0.6076242364625428,1.0,0.827541412154181,678.5188019275665
N8_E10c_T12a,N8,arxiv_agg_070,aggregate_cross_paper,train,0.6666666666666666,0.8632402444531176,0.5,0.6766356370399281,678.5188019275665
N8_E10c_T12a,N8,arxiv_agg_071,aggregate_cross_paper,test,0.875,0.8055901363418465,1.0,0.8935300454472822,678.5188019275665
N8_E10c_T12a,N8,arxiv_agg_072,aggregate_cross_paper,train,0.5,0.0,0.0,0.16666666666666666,678.5188019275665
N8_E10c_T12a,N8,arxiv_agg_073,aggregate_cross_paper,train,1.0,0.7826491830916986,1.0,0.9275497276972328,678.5188019275665
N8_E10c_T12a,N8,arxiv_agg_074,aggregate_cross_paper,test,0.6666666666666666,0.6872386008371365,0.75,0.7013017558346011,678.5188019275665
N8_E10c_T12a,N8,arxiv_agg_075,aggregate_cross_paper,test,1.0,0.7480871705542035,0.0,0.5826957235180679,678.5188019275665
N8_E10c_T12a,N8,arxiv_agg_076,aggregate_cross_paper,train,1.0,0.6072856237307821,0.0,0.5357618745769274,678.5188019275665
N8_E10c_T12a,N8,arxiv_agg_077,aggregate_cross_paper,train,1.0,0.4925057785207317,1.0,0.8308352595069106,678.5188019275665
N8_E10c_T12a,N8,arxiv_agg_078,aggregate_cross_paper,test,1.0,0.5734852125350343,0.5,0.6911617375116781,678.5188019275665
N8_E10c_T12a,N8,arxiv_agg_079,aggregate_cross_paper,test,0.8888888888888888,0.23135384260000516,0.5,0.540080910496298,678.5188019275665
N8_E10c_T12a,N8,arxiv_agg_080,aggregate_cross_paper,train,0.75,0.7575515933053593,0.0,0.5025171977684532,678.5188019275665
N8_E10c_T12a,N8,arxiv_agg_081,aggregate_cross_paper,train,1.0,0.727572402436034,0.0,0.575857467478678,678.5188019275665
N8_E10c_T12a,N8,arxiv_agg_082,aggregate_cross_paper,test,0.875,0.0,0.0,0.2916666666666667,678.5188019275665
N8_E10c_T12a,N8,arxiv_agg_083,aggregate_cross_paper,train,1.0,0.8323003570582564,1.0,0.9441001190194188,678.5188019275665
N8_E10c_T12a,N8,arxiv_agg_084,aggregate_cross_paper,test,1.0,0.0,0.0,0.3333333333333333,678.5188019275665
N8_E10c_T12a,N8,arxiv_agg_085,aggregate_cross_paper,train,1.0,0.0,0.0,0.3333333333333333,678.5188019275665
N8_E10c_T12a,N8,arxiv_agg_086,aggregate_cross_paper,test,0.6666666666666666,0.9246314470462841,0.5,0.6970993712376502,678.5188019275665
N8_E10c_T12a,N8,arxiv_agg_087,aggregate_cross_paper,test,0.42857142857142855,0.7249935440162628,0.0,0.38452165752923045,678.5188019275665
N8_E10c_T12a,N8,arxiv_agg_088,aggregate_cross_paper,train,1.0,0.0,0.75,0.5833333333333334,678.5188019275665
N8_E10c_T12a,N8,arxiv_agg_089,aggregate_cross_paper,test,0.6666666666666666,0.4050679752409232,0.0,0.3572448806358633,678.5188019275665
N8_E10c_T12a,N8,arxiv_agg_090,aggregate_cross_paper,train,0.875,0.42452114475531144,1.0,0.7665070482517704,678.5188019275665
N8_E10c_T12a,N8,arxiv_agg_091,aggregate_cross_paper,test,1.0,0.7910110603576708,1.0,0.9303370201192237,678.5188019275665
N8_E10c_T12a,N8,arxiv_agg_092,aggregate_cross_paper,test,0.3333333333333333,0.8849146769152303,1.0,0.739416003416188,678.5188019275665
N8_E10c_T12a,N8,arxiv_agg_093,aggregate_cross_paper,train,0.8571428571428571,0.8545898057975667,1.0,0.9039108876468079,678.5188019275665
N8_E10c_T12a,N8,arxiv_agg_094,aggregate_cross_paper,test,0.8,0.9078126843033545,0.25,0.6526042281011182,678.5188019275665
N8_E10c_T12a,N8,arxiv_agg_095,aggregate_cross_paper,train,0.5,0.6213099606102566,0.25,0.4571033202034189,678.5188019275665
N8_E10c_T12a,N8,arxiv_agg_096,aggregate_cross_paper,train,0.8571428571428571,0.0,0.5,0.4523809523809524,678.5188019275665
N8_E10c_T12a,N8,arxiv_agg_097,aggregate_cross_paper,test,0.8571428571428571,0.0,0.25,0.36904761904761907,678.5188019275665
N8_E10c_T12a,N8,arxiv_agg_098,aggregate_cross_paper,test,1.0,0.0,0.0,0.3333333333333333,678.5188019275665
N8_E10c_T12a,N8,arxiv_agg_099,aggregate_cross_paper,test,1.0,0.0,0.0,0.3333333333333333,678.5188019275665
N8_E10c_T12a,N8,arxiv_edge_034,edge_multihop,test,0.3333333333333333,0.0,0.0,0.1111111111111111,678.5188019275665
N8_E10c_T12a,N8,arxiv_edge_035,edge_multihop,test,0.6,0.8772778288210916,1.0,0.8257592762736973,678.5188019275665
N8_E10c_T12a,N8,arxiv_edge_036,edge_multihop,test,0.8571428571428571,0.46048668909743107,1.0,0.7725431820800961,678.5188019275665
N8_E10c_T12a,N8,arxiv_edge_037,edge_multihop,train,0.75,0.0,0.0,0.25,678.5188019275665
N8_E10c_T12a,N8,arxiv_edge_038,edge_multihop,test,0.6666666666666666,0.7826246094635793,1.0,0.8164304253767486,678.5188019275665
N8_E10c_T12a,N8,arxiv_edge_039,edge_multihop,train,0.4,0.0,1.0,0.4666666666666666,678.5188019275665
N8_E10c_T12a,N8,arxiv_edge_040,edge_multihop,test,0.8888888888888888,0.5567815309880536,0.0,0.4818901399589808,678.5188019275665
N8_E10c_T12a,N8,arxiv_edge_041,edge_multihop,test,0.6666666666666666,0.6090815558470895,1.0,0.7585827408379187,678.5188019275665
N8_E10c_T12a,N8,arxiv_edge_042,edge_multihop,test,0.0,0.7376204992456296,0.0,0.2458734997485432,678.5188019275665
N8_E10c_T12a,N8,arxiv_edge_043,edge_multihop,test,0.2857142857142857,0.7058089641996693,0.0,0.3305077499713183,678.5188019275665
N8_E10c_T12a,N8,arxiv_edge_044,edge_multihop,test,0.5,0.8769315026735995,1.0,0.7923105008911998,678.5188019275665
N8_E10c_T12a,N8,arxiv_edge_045,edge_multihop,train,0.4,0.7292810288377859,1.0,0.7097603429459287,678.5188019275665
N8_E10c_T12a,N8,arxiv_edge_046,edge_multihop,test,1.0,0.7096310463188714,0.25,0.6532103487729571,678.5188019275665
N8_E10c_T12a,N8,arxiv_edge_047,edge_multihop,test,0.4,0.5505959753144067,1.0,0.6501986584381356,678.5188019275665
N8_E10c_T12a,N8,arxiv_edge_048,edge_multihop,train,0.3333333333333333,0.0,0.0,0.1111111111111111,678.5188019275665
N8_E10c_T12a,N8,arxiv_edge_049,edge_multihop,train,0.5555555555555556,0.8349704942718839,0.5,0.6301753499424798,678.5188019275665
N8_E10c_T12a,N8,arxiv_edge_050,edge_multihop,test,1.0,0.7523882517231558,0.5,0.7507960839077187,678.5188019275665
N8_E10c_T12a,N8,arxiv_edge_051,edge_multihop,test,,0.432186014126756,0.0,0.216093007063378,678.5188019275665
N8_E10c_T12a,N8,arxiv_edge_052,edge_multihop,train,0.5,0.7832896165336741,0.25,0.5110965388445581,678.5188019275665
N8_E10c_T12a,N8,arxiv_edge_053,edge_multihop,train,0.8571428571428571,0.6946356685909172,1.0,0.8505928419112582,678.5188019275665
N8_E10c_T12a,N8,arxiv_edge_054,edge_multihop,train,0.8,0.875729108126795,0.25,0.6419097027089317,678.5188019275665
N8_E10c_T12a,N8,arxiv_edge_055,edge_multihop,train,0.6666666666666666,0.6956322606048565,1.0,0.7874329757571744,678.5188019275665
N8_E10c_T12a,N8,arxiv_edge_056,edge_multihop,train,0.8571428571428571,0.8640769849366166,0.5,0.7404066140264912,678.5188019275665
N8_E10c_T12a,N8,arxiv_edge_057,edge_multihop,train,0.0,0.0,0.5,0.16666666666666666,678.5188019275665
N8_E10c_T12a,N8,arxiv_edge_058,edge_multihop,train,0.5,0.8434456170361117,1.0,0.7811485390120372,678.5188019275665
N8_E10c_T12a,N8,arxiv_edge_059,edge_multihop,train,1.0,0.7923321002703462,1.0,0.9307773667567821,678.5188019275665
N8_E10c_T12a,N8,arxiv_edge_060,edge_multihop,train,1.0,0.0,0.0,0.3333333333333333,678.5188019275665
N8_E10c_T12a,N8,arxiv_edge_061,edge_multihop,test,0.8333333333333334,0.7259721075665557,1.0,0.8531018136332964,678.5188019275665
N8_E10c_T12a,N8,arxiv_edge_062,edge_multihop,test,0.3333333333333333,0.0,0.5,0.27777777777777773,678.5188019275665
N8_E10c_T12a,N8,arxiv_edge_063,edge_multihop,train,1.0,0.584968626241448,1.0,0.8616562087471493,678.5188019275665
N8_E10c_T12a,N8,arxiv_edge_064,edge_multihop,test,0.75,0.8495508618284512,0.75,0.7831836206094837,678.5188019275665
N8_E10c_T12a,N8,arxiv_edge_065,edge_multihop,train,0.375,0.7554008567744784,1.0,0.7101336189248261,678.5188019275665
N8_E10c_T12a,N8,arxiv_edge_066,edge_multihop,train,1.0,0.0,0.25,0.4166666666666667,678.5188019275665
N8_E10c_T12a,N8,arxiv_edge_067,edge_multihop,train,0.8,0.7007029904399794,0.75,0.7502343301466597,678.5188019275665
N8_E10c_T12a,N8,arxiv_edge_068,edge_multihop,test,0.42857142857142855,0.7924256995720876,0.0,0.4069990427145054,678.5188019275665
N8_E10c_T12a,N8,arxiv_edge_069,edge_multihop,test,0.8333333333333334,0.4162499696526465,1.0,0.7498611009953265,678.5188019275665
N8_E10c_T12a,N8,arxiv_edge_070,edge_multihop,test,0.7142857142857143,0.769678672264314,1.0,0.8279881288500094,678.5188019275665
N8_E10c_T12a,N8,arxiv_edge_071,edge_multihop,test,1.0,0.8271166729788734,1.0,0.9423722243262911,678.5188019275665
N8_E10c_T12a,N8,arxiv_edge_072,edge_multihop,test,1.0,0.7409877026331653,1.0,0.9136625675443885,678.5188019275665
N8_E10c_T12a,N8,arxiv_edge_073,edge_multihop,train,0.5,0.8653041538764296,0.25,0.5384347179588098,678.5188019275665
N8_E10c_T12a,N8,arxiv_edge_074,edge_multihop,train,0.75,0.8420440245061853,1.0,0.8640146748353951,678.5188019275665
N8_E10c_T12a,N8,arxiv_edge_075,edge_multihop,train,0.625,0.7525383725499494,0.75,0.7091794575166498,678.5188019275665
N8_E10c_T12a,N8,arxiv_edge_076,edge_multihop,train,1.0,0.8725201890628739,0.75,0.8741733963542914,678.5188019275665
N8_E10c_T12a,N8,arxiv_edge_077,edge_multihop,test,0.6666666666666666,0.0,1.0,0.5555555555555555,678.5188019275665
N8_E10c_T12a,N8,arxiv_edge_078,edge_multihop,train,0.6,0.4498705568525813,0.5,0.5166235189508604,678.5188019275665
N8_E10c_T12a,N8,arxiv_edge_079,edge_multihop,train,0.4,0.0,1.0,0.4666666666666666,678.5188019275665
N8_E10c_T12a,N8,arxiv_edge_080,edge_multihop,test,0.3,0.6024038489034417,1.0,0.6341346163011472,678.5188019275665
N8_E10c_T12a,N8,arxiv_edge_081,edge_multihop,train,1.0,0.8056855742684571,0.0,0.6018951914228191,678.5188019275665
N8_E10c_T12a,N8,arxiv_edge_082,edge_multihop,train,0.8,0.7816556873285457,0.25,0.6105518957761819,678.5188019275665
N8_E10c_T12a,N8,arxiv_edge_083,edge_multihop,train,1.0,0.7344701016920164,1.0,0.9114900338973388,678.5188019275665
N8_E10c_T12a,N8,arxiv_edge_084,edge_multihop,test,1.0,0.7750216669861252,1.0,0.9250072223287084,678.5188019275665
N8_E10c_T12a,N8,arxiv_edge_085,edge_multihop,train,0.3333333333333333,0.0,1.0,0.4444444444444444,678.5188019275665
N8_E10c_T12a,N8,arxiv_edge_086,edge_multihop,train,0.5,0.6706088211809157,1.0,0.7235362737269719,678.5188019275665
N8_E10c_T12a,N8,arxiv_edge_087,edge_multihop,train,1.0,0.7328686283750663,1.0,0.9109562094583555,678.5188019275665
N8_E10c_T12a,N8,arxiv_edge_088,edge_multihop,train,1.0,0.7953570084078293,1.0,0.9317856694692764,678.5188019275665
N8_E10c_T12a,N8,arxiv_edge_089,edge_multihop,train,0.8,0.8969758537823577,1.0,0.8989919512607859,678.5188019275665
N8_E10c_T12a,N8,arxiv_edge_090,edge_multihop,train,0.75,0.8478531880862707,1.0,0.8659510626954235,678.5188019275665
N8_E10c_T12a,N8,arxiv_edge_091,edge_multihop,test,0.5714285714285714,0.6729326172108265,0.5,0.581453729546466,678.5188019275665
N8_E10c_T12a,N8,arxiv_edge_092,edge_multihop,test,1.0,0.723711959702546,0.0,0.574570653234182,678.5188019275665
N8_E10c_T12a,N8,arxiv_edge_093,edge_multihop,train,0.2,0.9153477442984136,0.75,0.6217825814328045,678.5188019275665
N8_E10c_T12a,N8,arxiv_edge_094,edge_multihop,test,1.0,0.0,0.0,0.3333333333333333,678.5188019275665
N8_E10c_T12a,N8,arxiv_edge_095,edge_multihop,test,0.3333333333333333,0.8678905531318121,0.5,0.5670746288217151,678.5188019275665
N8_E10c_T12a,N8,arxiv_edge_096,edge_multihop,test,0.0,0.0,0.0,0.0,678.5188019275665
N8_E10c_T12a,N8,arxiv_edge_097,edge_multihop,test,0.6,0.7741435017222233,0.75,0.7080478339074078,678.5188019275665
N8_E10c_T12a,N8,arxiv_edge_098,edge_multihop,train,0.0,0.0,0.25,0.08333333333333333,678.5188019275665
N8_E10c_T12a,N8,arxiv_edge_099,edge_multihop,train,0.5,0.0,1.0,0.5,678.5188019275665
N8_E10c_T12a,N8,arxiv_sh_083,single_specific,train,1.0,0.8501323034397336,1.0,0.9500441011465779,678.5188019275665
N8_E10c_T12a,N8,arxiv_sh_084,single_specific,train,1.0,0.0,1.0,0.6666666666666666,678.5188019275665
N8_E10c_T12a,N8,arxiv_sh_085,single_specific,train,0.8,0.942536261301394,1.0,0.9141787537671314,678.5188019275665
N8_E10c_T12a,N8,arxiv_sh_086,single_specific,train,1.0,0.8900809439986818,1.0,0.9633603146662272,678.5188019275665
N8_E10c_T12a,N8,arxiv_sh_087,single_specific,train,0.0,0.0,0.0,0.0,678.5188019275665
N8_E10c_T12a,N8,arxiv_sh_088,single_specific,train,1.0,0.8615545686702508,1.0,0.9538515228900836,678.5188019275665
N8_E10c_T12a,N8,arxiv_sh_089,single_specific,test,0.6666666666666666,0.8777351205659593,1.0,0.8481339290775419,678.5188019275665
N8_E10c_T12a,N8,arxiv_sh_090,single_specific,test,0.8,0.9495379558332192,1.0,0.9165126519444065,678.5188019275665
N8_E10c_T12a,N8,arxiv_sh_091,single_specific,test,1.0,0.6731351273614777,1.0,0.8910450424538259,678.5188019275665
N8_E10c_T12a,N8,arxiv_sh_092,single_specific,train,0.75,0.7039335961009869,1.0,0.8179778653669957,678.5188019275665
N8_E10c_T12a,N8,arxiv_sh_093,single_specific,train,1.0,0.9691190467828958,1.0,0.989706348927632,678.5188019275665
N8_E10c_T12a,N8,arxiv_sh_094,single_specific,train,1.0,1.0,1.0,1.0,678.5188019275665
N8_E10c_T12a,N8,arxiv_sh_095,single_specific,test,1.0,0.9516147562421026,1.0,0.9838715854140342,678.5188019275665
N8_E10c_T12a,N8,arxiv_sh_096,single_specific,test,1.0,0.882170308885873,1.0,0.9607234362952909,678.5188019275665
N8_E10c_T12a,N8,arxiv_sh_097,single_specific,test,1.0,1.0000000000000002,1.0,1.0,678.5188019275665
N8_E10c_T12a,N8,arxiv_sh_098,single_specific,test,1.0,0.6635296674769084,1.0,0.8878432224923029,678.5188019275665
N8_E10c_T12a,N8,arxiv_sh_099,single_specific,train,0.6666666666666666,0.8929728949055323,1.0,0.853213187190733,678.5188019275665
N8_E10c_T12b,N8,arxiv_agg_033,aggregate_cross_paper,train,1.0,0.0,0.0,0.3333333333333333,541.6359901428223
N8_E10c_T12b,N8,arxiv_agg_034,aggregate_cross_paper,train,0.8333333333333334,0.6709646958235087,1.0,0.8347660097189474,541.6359901428223
N8_E10c_T12b,N8,arxiv_agg_035,aggregate_cross_paper,train,0.8333333333333334,0.66782262932648,1.0,0.8337186542199378,541.6359901428223
N8_E10c_T12b,N8,arxiv_agg_036,aggregate_cross_paper,test,0.5,0.8763323724126606,0.25,0.5421107908042202,541.6359901428223
N8_E10c_T12b,N8,arxiv_agg_037,aggregate_cross_paper,test,0.75,0.0,0.0,0.25,541.6359901428223
N8_E10c_T12b,N8,arxiv_agg_038,aggregate_cross_paper,test,1.0,0.6984304982301532,1.0,0.8994768327433844,541.6359901428223
N8_E10c_T12b,N8,arxiv_agg_039,aggregate_cross_paper,train,0.2,0.8692294613388004,0.75,0.6064098204462668,541.6359901428223
N8_E10c_T12b,N8,arxiv_agg_040,aggregate_cross_paper,train,0.3333333333333333,0.0,1.0,0.4444444444444444,541.6359901428223
N8_E10c_T12b,N8,arxiv_agg_041,aggregate_cross_paper,test,1.0,0.6338117497870921,0.75,0.7946039165956974,541.6359901428223
N8_E10c_T12b,N8,arxiv_agg_042,aggregate_cross_paper,train,0.75,0.660622035522468,0.5,0.6368740118408227,541.6359901428223
N8_E10c_T12b,N8,arxiv_agg_043,aggregate_cross_paper,test,0.6666666666666666,0.4562906637345779,0.25,0.4576524434670815,541.6359901428223
N8_E10c_T12b,N8,arxiv_agg_044,aggregate_cross_paper,train,0.75,0.0,0.0,0.25,541.6359901428223
N8_E10c_T12b,N8,arxiv_agg_045,aggregate_cross_paper,train,0.8,0.0,1.0,0.6,541.6359901428223
N8_E10c_T12b,N8,arxiv_agg_046,aggregate_cross_paper,test,1.0,0.6378903030576512,0.25,0.6292967676858837,541.6359901428223
N8_E10c_T12b,N8,arxiv_agg_047,aggregate_cross_paper,train,0.8333333333333334,0.5454680922550826,0.0,0.45960047519613867,541.6359901428223
N8_E10c_T12b,N8,arxiv_agg_048,aggregate_cross_paper,test,1.0,0.7854178161030417,1.0,0.9284726053676806,541.6359901428223
N8_E10c_T12b,N8,arxiv_agg_049,aggregate_cross_paper,train,1.0,0.5372359889596793,0.25,0.5957453296532265,541.6359901428223
N8_E10c_T12b,N8,arxiv_agg_050,aggregate_cross_paper,test,0.6666666666666666,0.8087044453819024,0.0,0.49179037068285636,541.6359901428223
N8_E10c_T12b,N8,arxiv_agg_051,aggregate_cross_paper,test,1.0,0.0,0.0,0.3333333333333333,541.6359901428223
N8_E10c_T12b,N8,arxiv_agg_052,aggregate_cross_paper,test,1.0,0.8149660109937246,1.0,0.9383220036645749,541.6359901428223
N8_E10c_T12b,N8,arxiv_agg_053,aggregate_cross_paper,train,1.0,0.0,0.5,0.5,541.6359901428223
N8_E10c_T12b,N8,arxiv_agg_054,aggregate_cross_paper,test,1.0,0.6811411443945563,1.0,0.8937137147981854,541.6359901428223
N8_E10c_T12b,N8,arxiv_agg_055,aggregate_cross_paper,train,1.0,0.802362578764078,1.0,0.934120859588026,541.6359901428223
N8_E10c_T12b,N8,arxiv_agg_056,aggregate_cross_paper,test,0.42857142857142855,0.6675880205014149,0.75,0.6153864830242811,541.6359901428223
N8_E10c_T12b,N8,arxiv_agg_057,aggregate_cross_paper,test,0.8,0.7100528540524069,0.0,0.5033509513508023,541.6359901428223
N8_E10c_T12b,N8,arxiv_agg_058,aggregate_cross_paper,test,0.5,0.0,0.0,0.16666666666666666,541.6359901428223
N8_E10c_T12b,N8,arxiv_agg_059,aggregate_cross_paper,test,1.0,0.5805065474797542,0.75,0.7768355158265847,541.6359901428223
N8_E10c_T12b,N8,arxiv_agg_060,aggregate_cross_paper,test,1.0,0.0,0.5,0.5,541.6359901428223
N8_E10c_T12b,N8,arxiv_agg_061,aggregate_cross_paper,test,1.0,0.0,1.0,0.6666666666666666,541.6359901428223
N8_E10c_T12b,N8,arxiv_agg_062,aggregate_cross_paper,train,1.0,0.7853002059021378,1.0,0.9284334019673793,541.6359901428223
N8_E10c_T12b,N8,arxiv_agg_063,aggregate_cross_paper,test,1.0,0.4363523224570028,1.0,0.812117440819001,541.6359901428223
N8_E10c_T12b,N8,arxiv_agg_064,aggregate_cross_paper,test,0.8,0.6744707591239478,0.5,0.6581569197079826,541.6359901428223
N8_E10c_T12b,N8,arxiv_agg_065,aggregate_cross_paper,train,1.0,0.6038600160637225,0.0,0.5346200053545741,541.6359901428223
N8_E10c_T12b,N8,arxiv_agg_066,aggregate_cross_paper,train,0.75,0.0,0.0,0.25,541.6359901428223
N8_E10c_T12b,N8,arxiv_agg_067,aggregate_cross_paper,test,0.8,0.7787513305667889,0.25,0.6095837768555964,541.6359901428223
N8_E10c_T12b,N8,arxiv_agg_068,aggregate_cross_paper,test,1.0,0.9175247626926188,0.0,0.6391749208975396,541.6359901428223
N8_E10c_T12b,N8,arxiv_agg_069,aggregate_cross_paper,train,0.875,0.6056744679957978,1.0,0.8268914893319326,541.6359901428223
N8_E10c_T12b,N8,arxiv_agg_070,aggregate_cross_paper,train,0.6666666666666666,0.8633124109317332,0.5,0.6766596925327999,541.6359901428223
N8_E10c_T12b,N8,arxiv_agg_071,aggregate_cross_paper,test,1.0,0.8055901363418465,1.0,0.935196712113949,541.6359901428223
N8_E10c_T12b,N8,arxiv_agg_072,aggregate_cross_paper,train,0.5,0.0,0.0,0.16666666666666666,541.6359901428223
N8_E10c_T12b,N8,arxiv_agg_073,aggregate_cross_paper,train,1.0,0.7826540782816629,1.0,0.927551359427221,541.6359901428223
N8_E10c_T12b,N8,arxiv_agg_074,aggregate_cross_paper,test,1.0,0.6851881247313449,1.0,0.8950627082437816,541.6359901428223
N8_E10c_T12b,N8,arxiv_agg_075,aggregate_cross_paper,test,0.6,0.7634315470225791,0.0,0.4544771823408597,541.6359901428223
N8_E10c_T12b,N8,arxiv_agg_076,aggregate_cross_paper,train,1.0,0.0,0.0,0.3333333333333333,541.6359901428223
N8_E10c_T12b,N8,arxiv_agg_077,aggregate_cross_paper,train,1.0,0.49247197921830094,1.0,0.8308239930727671,541.6359901428223
N8_E10c_T12b,N8,arxiv_agg_078,aggregate_cross_paper,test,1.0,0.5758305090649051,0.5,0.6919435030216351,541.6359901428223
N8_E10c_T12b,N8,arxiv_agg_079,aggregate_cross_paper,test,0.8888888888888888,0.4180106996153232,0.5,0.6022998628347374,541.6359901428223
N8_E10c_T12b,N8,arxiv_agg_080,aggregate_cross_paper,train,1.0,0.6910665930696654,0.25,0.6470221976898886,541.6359901428223
N8_E10c_T12b,N8,arxiv_agg_081,aggregate_cross_paper,train,1.0,0.7276301045532534,0.0,0.5758767015177512,541.6359901428223
N8_E10c_T12b,N8,arxiv_agg_082,aggregate_cross_paper,test,0.875,0.0,0.0,0.2916666666666667,541.6359901428223
N8_E10c_T12b,N8,arxiv_agg_083,aggregate_cross_paper,train,1.0,0.8322804854821215,1.0,0.9440934951607072,541.6359901428223
N8_E10c_T12b,N8,arxiv_agg_084,aggregate_cross_paper,test,1.0,0.0,0.0,0.3333333333333333,541.6359901428223
N8_E10c_T12b,N8,arxiv_agg_085,aggregate_cross_paper,train,1.0,0.0,0.0,0.3333333333333333,541.6359901428223
N8_E10c_T12b,N8,arxiv_agg_086,aggregate_cross_paper,test,1.0,0.9246402510424666,0.25,0.7248800836808221,541.6359901428223
N8_E10c_T12b,N8,arxiv_agg_087,aggregate_cross_paper,test,0.5555555555555556,0.7028508748595773,0.0,0.4194688101383776,541.6359901428223
N8_E10c_T12b,N8,arxiv_agg_088,aggregate_cross_paper,train,1.0,0.0,0.75,0.5833333333333334,541.6359901428223
N8_E10c_T12b,N8,arxiv_agg_089,aggregate_cross_paper,test,0.6666666666666666,0.4633699194663797,0.0,0.3766788620443488,541.6359901428223
N8_E10c_T12b,N8,arxiv_agg_090,aggregate_cross_paper,train,0.8571428571428571,0.4245416800120229,1.0,0.76056151238496,541.6359901428223
N8_E10c_T12b,N8,arxiv_agg_091,aggregate_cross_paper,test,0.9090909090909091,0.716512670764731,1.0,0.8752011932852133,541.6359901428223
N8_E10c_T12b,N8,arxiv_agg_092,aggregate_cross_paper,test,0.42857142857142855,0.8848775979956419,1.0,0.7711496755223569,541.6359901428223
N8_E10c_T12b,N8,arxiv_agg_093,aggregate_cross_paper,train,0.8571428571428571,0.8545898005241495,1.0,0.9039108858890023,541.6359901428223
N8_E10c_T12b,N8,arxiv_agg_094,aggregate_cross_paper,test,0.7,0.917486253789404,0.0,0.539162084596468,541.6359901428223
N8_E10c_T12b,N8,arxiv_agg_095,aggregate_cross_paper,train,1.0,0.7002890005002526,0.25,0.6500963335000841,541.6359901428223
N8_E10c_T12b,N8,arxiv_agg_096,aggregate_cross_paper,train,0.8571428571428571,0.5828710952853754,0.5,0.6466713174760775,541.6359901428223
N8_E10c_T12b,N8,arxiv_agg_097,aggregate_cross_paper,test,0.8571428571428571,0.0,0.25,0.36904761904761907,541.6359901428223
N8_E10c_T12b,N8,arxiv_agg_098,aggregate_cross_paper,test,1.0,0.0,0.0,0.3333333333333333,541.6359901428223
N8_E10c_T12b,N8,arxiv_agg_099,aggregate_cross_paper,test,1.0,0.0,0.0,0.3333333333333333,541.6359901428223
N8_E10c_T12b,N8,arxiv_edge_034,edge_multihop,test,0.5,0.0,0.0,0.16666666666666666,541.6359901428223
N8_E10c_T12b,N8,arxiv_edge_035,edge_multihop,test,0.6,0.7129176155153811,1.0,0.770972538505127,541.6359901428223
N8_E10c_T12b,N8,arxiv_edge_036,edge_multihop,test,0.6666666666666666,0.45814287461917885,1.0,0.7082698470952818,541.6359901428223
N8_E10c_T12b,N8,arxiv_edge_037,edge_multihop,train,0.75,0.0,0.0,0.25,541.6359901428223
N8_E10c_T12b,N8,arxiv_edge_038,edge_multihop,test,0.8,0.7682807508352911,1.0,0.8560935836117638,541.6359901428223
N8_E10c_T12b,N8,arxiv_edge_039,edge_multihop,train,0.6666666666666666,0.0,1.0,0.5555555555555555,541.6359901428223
N8_E10c_T12b,N8,arxiv_edge_040,edge_multihop,test,0.875,0.5567659699429862,0.0,0.4772553233143288,541.6359901428223
N8_E10c_T12b,N8,arxiv_edge_041,edge_multihop,test,1.0,0.6345835275692088,1.0,0.8781945091897363,541.6359901428223
N8_E10c_T12b,N8,arxiv_edge_042,edge_multihop,test,0.0,0.7375952096218363,0.0,0.24586506987394544,541.6359901428223
N8_E10c_T12b,N8,arxiv_edge_043,edge_multihop,test,0.42857142857142855,0.6122261132048822,0.0,0.3469325139254369,541.6359901428223
N8_E10c_T12b,N8,arxiv_edge_044,edge_multihop,test,1.0,0.8773396734829525,1.0,0.9591132244943176,541.6359901428223
N8_E10c_T12b,N8,arxiv_edge_045,edge_multihop,train,0.6,0.7002668141426883,1.0,0.7667556047142293,541.6359901428223
N8_E10c_T12b,N8,arxiv_edge_046,edge_multihop,test,1.0,0.708408874149181,0.5,0.7361362913830604,541.6359901428223
N8_E10c_T12b,N8,arxiv_edge_047,edge_multihop,test,0.5,0.5488292981312201,1.0,0.6829430993770734,541.6359901428223
N8_E10c_T12b,N8,arxiv_edge_048,edge_multihop,train,1.0,0.0,0.0,0.3333333333333333,541.6359901428223
N8_E10c_T12b,N8,arxiv_edge_049,edge_multihop,train,0.5555555555555556,0.7096749758131864,0.5,0.588410177122914,541.6359901428223
N8_E10c_T12b,N8,arxiv_edge_050,edge_multihop,test,1.0,0.7855891699369689,0.75,0.8451963899789896,541.6359901428223
N8_E10c_T12b,N8,arxiv_edge_051,edge_multihop,test,1.0,0.4322371746138305,0.0,0.4774123915379435,541.6359901428223
N8_E10c_T12b,N8,arxiv_edge_052,edge_multihop,train,0.75,0.7210009936592437,0.25,0.5736669978864146,541.6359901428223
N8_E10c_T12b,N8,arxiv_edge_053,edge_multihop,train,0.8571428571428571,0.6946356685909172,1.0,0.8505928419112582,541.6359901428223
N8_E10c_T12b,N8,arxiv_edge_054,edge_multihop,train,0.8,0.8783457283376589,0.25,0.6427819094458863,541.6359901428223
N8_E10c_T12b,N8,arxiv_edge_055,edge_multihop,train,0.8333333333333334,0.6977014888845284,1.0,0.8436782740726206,541.6359901428223
N8_E10c_T12b,N8,arxiv_edge_056,edge_multihop,train,0.42857142857142855,0.8736435378376507,0.75,0.6840716554696931,541.6359901428223
N8_E10c_T12b,N8,arxiv_edge_057,edge_multihop,train,0.0,0.0,0.5,0.16666666666666666,541.6359901428223
N8_E10c_T12b,N8,arxiv_edge_058,edge_multihop,train,0.5,0.8434456170361117,1.0,0.7811485390120372,541.6359901428223
N8_E10c_T12b,N8,arxiv_edge_059,edge_multihop,train,0.8,0.8607194020279753,1.0,0.8869064673426584,541.6359901428223
N8_E10c_T12b,N8,arxiv_edge_060,edge_multihop,train,0.3333333333333333,0.0,0.0,0.1111111111111111,541.6359901428223
N8_E10c_T12b,N8,arxiv_edge_061,edge_multihop,test,1.0,0.7681053032187667,1.0,0.9227017677395889,541.6359901428223
N8_E10c_T12b,N8,arxiv_edge_062,edge_multihop,test,0.0,0.0,0.5,0.16666666666666666,541.6359901428223
N8_E10c_T12b,N8,arxiv_edge_063,edge_multihop,train,1.0,0.5863245042894388,1.0,0.8621081680964796,541.6359901428223
N8_E10c_T12b,N8,arxiv_edge_064,edge_multihop,test,0.0,0.8539372046731731,0.75,0.5346457348910577,541.6359901428223
N8_E10c_T12b,N8,arxiv_edge_065,edge_multihop,train,0.4444444444444444,0.7554008567744784,1.0,0.7332817670729743,541.6359901428223
N8_E10c_T12b,N8,arxiv_edge_066,edge_multihop,train,1.0,0.0,0.25,0.4166666666666667,541.6359901428223
N8_E10c_T12b,N8,arxiv_edge_067,edge_multihop,train,0.8,0.7007029904399794,0.75,0.7502343301466597,541.6359901428223
N8_E10c_T12b,N8,arxiv_edge_068,edge_multihop,test,0.8,0.0,0.0,0.26666666666666666,541.6359901428223
N8_E10c_T12b,N8,arxiv_edge_069,edge_multihop,test,0.8333333333333334,0.416082435298394,1.0,0.7498052562105757,541.6359901428223
N8_E10c_T12b,N8,arxiv_edge_070,edge_multihop,test,0.7142857142857143,0.7696735014290242,1.0,0.8279864052382462,541.6359901428223
N8_E10c_T12b,N8,arxiv_edge_071,edge_multihop,test,1.0,0.8342495498792815,1.0,0.9447498499597605,541.6359901428223
N8_E10c_T12b,N8,arxiv_edge_072,edge_multihop,test,1.0,0.7409413899160081,1.0,0.9136471299720027,541.6359901428223
N8_E10c_T12b,N8,arxiv_edge_073,edge_multihop,train,0.5,0.8653808758673937,0.25,0.5384602919557979,541.6359901428223
N8_E10c_T12b,N8,arxiv_edge_074,edge_multihop,train,0.75,0.775420426582765,1.0,0.8418068088609217,541.6359901428223
N8_E10c_T12b,N8,arxiv_edge_075,edge_multihop,train,0.5714285714285714,0.76274246302743,0.75,0.6947236781520004,541.6359901428223
N8_E10c_T12b,N8,arxiv_edge_076,edge_multihop,train,1.0,0.8184192764897876,0.75,0.8561397588299292,541.6359901428223
N8_E10c_T12b,N8,arxiv_edge_077,edge_multihop,test,0.6666666666666666,0.0,1.0,0.5555555555555555,541.6359901428223
N8_E10c_T12b,N8,arxiv_edge_078,edge_multihop,train,0.8,0.6292623240557734,0.5,0.6430874413519244,541.6359901428223
N8_E10c_T12b,N8,arxiv_edge_079,edge_multihop,train,0.4,0.0,1.0,0.4666666666666666,541.6359901428223
N8_E10c_T12b,N8,arxiv_edge_080,edge_multihop,test,0.5,0.6023756087795252,0.5,0.5341252029265084,541.6359901428223
N8_E10c_T12b,N8,arxiv_edge_081,edge_multihop,train,1.0,0.8060324767087191,0.0,0.6020108255695731,541.6359901428223
N8_E10c_T12b,N8,arxiv_edge_082,edge_multihop,train,0.8,0.7809246268810623,0.25,0.6103082089603541,541.6359901428223
N8_E10c_T12b,N8,arxiv_edge_083,edge_multihop,train,1.0,0.8627681322369278,1.0,0.954256044078976,541.6359901428223
N8_E10c_T12b,N8,arxiv_edge_084,edge_multihop,test,1.0,0.7750092346663804,1.0,0.9250030782221268,541.6359901428223
N8_E10c_T12b,N8,arxiv_edge_085,edge_multihop,train,0.3333333333333333,0.0,1.0,0.4444444444444444,541.6359901428223
N8_E10c_T12b,N8,arxiv_edge_086,edge_multihop,train,0.5,0.6705497723209515,1.0,0.7235165907736505,541.6359901428223
N8_E10c_T12b,N8,arxiv_edge_087,edge_multihop,train,1.0,0.7153873414658016,1.0,0.9051291138219338,541.6359901428223
N8_E10c_T12b,N8,arxiv_edge_088,edge_multihop,train,1.0,0.7953902652447249,1.0,0.931796755081575,541.6359901428223
N8_E10c_T12b,N8,arxiv_edge_089,edge_multihop,train,0.8,0.9277690729733381,1.0,0.9092563576577793,541.6359901428223
N8_E10c_T12b,N8,arxiv_edge_090,edge_multihop,train,0.8571428571428571,0.8478531880862707,1.0,0.9016653484097094,541.6359901428223
N8_E10c_T12b,N8,arxiv_edge_091,edge_multihop,test,0.42857142857142855,0.668797852333849,0.5,0.5324564269684259,541.6359901428223
N8_E10c_T12b,N8,arxiv_edge_092,edge_multihop,test,1.0,0.7737218840400134,0.0,0.5912406280133378,541.6359901428223
N8_E10c_T12b,N8,arxiv_edge_093,edge_multihop,train,0.2,0.9153062857909858,1.0,0.705102095263662,541.6359901428223
N8_E10c_T12b,N8,arxiv_edge_094,edge_multihop,test,1.0,0.0,0.0,0.3333333333333333,541.6359901428223
N8_E10c_T12b,N8,arxiv_edge_095,edge_multihop,test,0.3333333333333333,0.8700628217764336,0.5,0.5677987183699224,541.6359901428223
N8_E10c_T12b,N8,arxiv_edge_096,edge_multihop,test,0.3333333333333333,0.0,0.0,0.1111111111111111,541.6359901428223
N8_E10c_T12b,N8,arxiv_edge_097,edge_multihop,test,0.4,0.7741977127359528,0.75,0.6413992375786509,541.6359901428223
N8_E10c_T12b,N8,arxiv_edge_098,edge_multihop,train,0.3333333333333333,0.0,0.25,0.19444444444444442,541.6359901428223
N8_E10c_T12b,N8,arxiv_edge_099,edge_multihop,train,0.6,0.0,1.0,0.5333333333333333,541.6359901428223
N8_E10c_T12b,N8,arxiv_sh_083,single_specific,train,1.0,0.9542931333489841,1.0,0.9847643777829947,541.6359901428223
N8_E10c_T12b,N8,arxiv_sh_084,single_specific,train,1.0,0.0,1.0,0.6666666666666666,541.6359901428223
N8_E10c_T12b,N8,arxiv_sh_085,single_specific,train,0.8,0.9425287869294804,1.0,0.9141762623098267,541.6359901428223
N8_E10c_T12b,N8,arxiv_sh_086,single_specific,train,1.0,0.8900690497543713,1.0,0.9633563499181238,541.6359901428223
N8_E10c_T12b,N8,arxiv_sh_087,single_specific,train,0.0,0.0,0.0,0.0,541.6359901428223
N8_E10c_T12b,N8,arxiv_sh_088,single_specific,train,1.0,0.8615596198750058,1.0,0.953853206625002,541.6359901428223
N8_E10c_T12b,N8,arxiv_sh_089,single_specific,test,0.6666666666666666,0.8780692916966096,1.0,0.8482453194544254,541.6359901428223
N8_E10c_T12b,N8,arxiv_sh_090,single_specific,test,0.8,0.9495335452078273,1.0,0.9165111817359425,541.6359901428223
N8_E10c_T12b,N8,arxiv_sh_091,single_specific,test,1.0,0.6713464445692586,1.0,0.8904488148564195,541.6359901428223
N8_E10c_T12b,N8,arxiv_sh_092,single_specific,train,0.75,0.7039335961009869,1.0,0.8179778653669957,541.6359901428223
N8_E10c_T12b,N8,arxiv_sh_093,single_specific,train,1.0,0.9741138968761841,1.0,0.991371298958728,541.6359901428223
N8_E10c_T12b,N8,arxiv_sh_094,single_specific,train,1.0,1.0,1.0,1.0,541.6359901428223
N8_E10c_T12b,N8,arxiv_sh_095,single_specific,test,1.0,0.9650849695251398,1.0,0.9883616565083799,541.6359901428223
N8_E10c_T12b,N8,arxiv_sh_096,single_specific,test,1.0,0.8835662781768034,1.0,0.9611887593922678,541.6359901428223
N8_E10c_T12b,N8,arxiv_sh_097,single_specific,test,1.0,0.999999464358919,1.0,0.9999998214529731,541.6359901428223
N8_E10c_T12b,N8,arxiv_sh_098,single_specific,test,1.0,0.6635274972897983,1.0,0.8878424990965995,541.6359901428223
N8_E10c_T12b,N8,arxiv_sh_099,single_specific,train,,0.8971065566259477,1.0,0.9485532783129739,541.6359901428223
N8_E11a_T12a,N8,arxiv_agg_033,aggregate_cross_paper,train,1.0,0.0,0.0,0.3333333333333333,514.8600482940674
N8_E11a_T12a,N8,arxiv_agg_034,aggregate_cross_paper,train,0.8,0.6987060301170039,0.75,0.749568676705668,514.8600482940674
N8_E11a_T12a,N8,arxiv_agg_035,aggregate_cross_paper,train,0.7777777777777778,0.6933930103466089,0.75,0.740390262708129,514.8600482940674
N8_E11a_T12a,N8,arxiv_agg_036,aggregate_cross_paper,test,0.6666666666666666,0.8754916572091163,0.25,0.5973861079585943,514.8600482940674
N8_E11a_T12a,N8,arxiv_agg_037,aggregate_cross_paper,test,0.2222222222222222,0.7856019229309495,0.0,0.3359413817177239,514.8600482940674
N8_E11a_T12a,N8,arxiv_agg_038,aggregate_cross_paper,test,1.0,0.4615744563244983,1.0,0.8205248187748327,514.8600482940674
N8_E11a_T12a,N8,arxiv_agg_039,aggregate_cross_paper,train,0.8571428571428571,0.7289159925446329,0.25,0.6120196165624967,514.8600482940674
N8_E11a_T12a,N8,arxiv_agg_040,aggregate_cross_paper,train,1.0,0.8563548783054974,0.0,0.6187849594351658,514.8600482940674
N8_E11a_T12a,N8,arxiv_agg_041,aggregate_cross_paper,test,1.0,0.7243205965582749,0.5,0.7414401988527582,514.8600482940674
N8_E11a_T12a,N8,arxiv_agg_042,aggregate_cross_paper,train,0.7777777777777778,0.5816158912393448,0.5,0.6197978896723741,514.8600482940674
N8_E11a_T12a,N8,arxiv_agg_043,aggregate_cross_paper,test,0.6666666666666666,0.8802833224241896,0.0,0.5156499963636187,514.8600482940674
N8_E11a_T12a,N8,arxiv_agg_044,aggregate_cross_paper,train,0.75,0.0,0.0,0.25,514.8600482940674
N8_E11a_T12a,N8,arxiv_agg_045,aggregate_cross_paper,train,0.8,0.0,1.0,0.6,514.8600482940674
N8_E11a_T12a,N8,arxiv_agg_046,aggregate_cross_paper,test,0.8571428571428571,0.0,0.0,0.2857142857142857,514.8600482940674
N8_E11a_T12a,N8,arxiv_agg_047,aggregate_cross_paper,train,1.0,0.6057038696562624,0.0,0.5352346232187541,514.8600482940674
N8_E11a_T12a,N8,arxiv_agg_048,aggregate_cross_paper,test,0.7142857142857143,0.7544193286444876,1.0,0.822901680976734,514.8600482940674
N8_E11a_T12a,N8,arxiv_agg_049,aggregate_cross_paper,train,0.7142857142857143,0.7014458004989755,0.25,0.5552438382615633,514.8600482940674
N8_E11a_T12a,N8,arxiv_agg_050,aggregate_cross_paper,test,0.6666666666666666,0.8355468668644548,0.0,0.5007378445103737,514.8600482940674
N8_E11a_T12a,N8,arxiv_agg_051,aggregate_cross_paper,test,0.8,0.692906551665113,1.0,0.8309688505550378,514.8600482940674
N8_E11a_T12a,N8,arxiv_agg_052,aggregate_cross_paper,test,1.0,0.7949554604522384,1.0,0.9316518201507461,514.8600482940674
N8_E11a_T12a,N8,arxiv_agg_053,aggregate_cross_paper,train,1.0,0.29241771785629417,0.5,0.5974725726187647,514.8600482940674
N8_E11a_T12a,N8,arxiv_agg_054,aggregate_cross_paper,test,0.8,0.57657114120758,0.75,0.7088570470691934,514.8600482940674
N8_E11a_T12a,N8,arxiv_agg_055,aggregate_cross_paper,train,1.0,0.8023471382648608,1.0,0.9341157127549536,514.8600482940674
N8_E11a_T12a,N8,arxiv_agg_056,aggregate_cross_paper,test,0.0,0.6603808564055919,0.0,0.22012695213519728,514.8600482940674
N8_E11a_T12a,N8,arxiv_agg_057,aggregate_cross_paper,test,1.0,0.0,0.0,0.3333333333333333,514.8600482940674
N8_E11a_T12a,N8,arxiv_agg_058,aggregate_cross_paper,test,0.8571428571428571,0.0,0.0,0.2857142857142857,514.8600482940674
N8_E11a_T12a,N8,arxiv_agg_059,aggregate_cross_paper,test,1.0,0.6754379436631226,0.5,0.7251459812210408,514.8600482940674
N8_E11a_T12a,N8,arxiv_agg_060,aggregate_cross_paper,test,1.0,0.0,0.5,0.5,514.8600482940674
N8_E11a_T12a,N8,arxiv_agg_061,aggregate_cross_paper,test,1.0,0.0,0.75,0.5833333333333334,514.8600482940674
N8_E11a_T12a,N8,arxiv_agg_062,aggregate_cross_paper,train,1.0,0.7853002059021378,1.0,0.9284334019673793,514.8600482940674
N8_E11a_T12a,N8,arxiv_agg_063,aggregate_cross_paper,test,0.5833333333333334,0.6165918958188189,0.75,0.6499750763840507,514.8600482940674
N8_E11a_T12a,N8,arxiv_agg_064,aggregate_cross_paper,test,1.0,0.6381635179238452,0.5,0.7127211726412818,514.8600482940674
N8_E11a_T12a,N8,arxiv_agg_065,aggregate_cross_paper,train,0.875,0.6038331542179317,0.25,0.5762777180726438,514.8600482940674
N8_E11a_T12a,N8,arxiv_agg_066,aggregate_cross_paper,train,0.75,0.0,0.0,0.25,514.8600482940674
N8_E11a_T12a,N8,arxiv_agg_067,aggregate_cross_paper,test,1.0,0.8127000301194024,0.0,0.6042333433731342,514.8600482940674
N8_E11a_T12a,N8,arxiv_agg_068,aggregate_cross_paper,test,1.0,0.9221524181133244,0.0,0.6407174727044415,514.8600482940674
N8_E11a_T12a,N8,arxiv_agg_069,aggregate_cross_paper,train,0.875,0.6076188790794307,1.0,0.8275396263598102,514.8600482940674
N8_E11a_T12a,N8,arxiv_agg_070,aggregate_cross_paper,train,0.5,0.0,0.0,0.16666666666666666,514.8600482940674
N8_E11a_T12a,N8,arxiv_agg_071,aggregate_cross_paper,test,1.0,0.7924188854286534,1.0,0.9308062951428845,514.8600482940674
N8_E11a_T12a,N8,arxiv_agg_072,aggregate_cross_paper,train,0.5,0.0,0.0,0.16666666666666666,514.8600482940674
N8_E11a_T12a,N8,arxiv_agg_073,aggregate_cross_paper,train,1.0,0.7827332168959883,1.0,0.9275777389653294,514.8600482940674
N8_E11a_T12a,N8,arxiv_agg_074,aggregate_cross_paper,test,0.375,0.720253363371671,1.0,0.698417787790557,514.8600482940674
N8_E11a_T12a,N8,arxiv_agg_075,aggregate_cross_paper,test,0.4,0.0,0.0,0.13333333333333333,514.8600482940674
N8_E11a_T12a,N8,arxiv_agg_076,aggregate_cross_paper,train,0.6,0.8306873895401344,0.0,0.47689579651337816,514.8600482940674
N8_E11a_T12a,N8,arxiv_agg_077,aggregate_cross_paper,train,1.0,0.48959841201638704,1.0,0.8298661373387958,514.8600482940674
N8_E11a_T12a,N8,arxiv_agg_078,aggregate_cross_paper,test,1.0,0.5758305090649051,0.5,0.6919435030216351,514.8600482940674
N8_E11a_T12a,N8,arxiv_agg_079,aggregate_cross_paper,test,0.5714285714285714,0.0,0.0,0.19047619047619047,514.8600482940674
N8_E11a_T12a,N8,arxiv_agg_080,aggregate_cross_paper,train,1.0,0.0,0.0,0.3333333333333333,514.8600482940674
N8_E11a_T12a,N8,arxiv_agg_081,aggregate_cross_paper,train,0.6363636363636364,0.7832005445553042,0.25,0.5565213936396468,514.8600482940674
N8_E11a_T12a,N8,arxiv_agg_082,aggregate_cross_paper,test,1.0,0.0,0.0,0.3333333333333333,514.8600482940674
N8_E11a_T12a,N8,arxiv_agg_083,aggregate_cross_paper,train,0.6,0.6488878922422319,1.0,0.7496292974140774,514.8600482940674
N8_E11a_T12a,N8,arxiv_agg_084,aggregate_cross_paper,test,1.0,0.9459333926393418,0.0,0.648644464213114,514.8600482940674
N8_E11a_T12a,N8,arxiv_agg_085,aggregate_cross_paper,train,0.8,0.0,0.0,0.26666666666666666,514.8600482940674
N8_E11a_T12a,N8,arxiv_agg_086,aggregate_cross_paper,test,0.5,0.9246440153277068,0.5,0.6415480051092356,514.8600482940674
N8_E11a_T12a,N8,arxiv_agg_087,aggregate_cross_paper,test,0.8,0.0,0.0,0.26666666666666666,514.8600482940674
N8_E11a_T12a,N8,arxiv_agg_088,aggregate_cross_paper,train,0.7142857142857143,0.0,1.0,0.5714285714285715,514.8600482940674
N8_E11a_T12a,N8,arxiv_agg_089,aggregate_cross_paper,test,0.7142857142857143,0.5645011414059721,0.0,0.42626228523056214,514.8600482940674
N8_E11a_T12a,N8,arxiv_agg_090,aggregate_cross_paper,train,0.8571428571428571,0.42456603952003474,1.0,0.7605696322209639,514.8600482940674
N8_E11a_T12a,N8,arxiv_agg_091,aggregate_cross_paper,test,1.0,0.8064559715470226,1.0,0.9354853238490075,514.8600482940674
N8_E11a_T12a,N8,arxiv_agg_092,aggregate_cross_paper,test,0.8,0.8848881081686714,1.0,0.8949627027228905,514.8600482940674
N8_E11a_T12a,N8,arxiv_agg_093,aggregate_cross_paper,train,0.8571428571428571,0.8545785230417741,1.0,0.9039071267282104,514.8600482940674
N8_E11a_T12a,N8,arxiv_agg_094,aggregate_cross_paper,test,0.6363636363636364,0.9251472357874003,0.0,0.5205036240503456,514.8600482940674
N8_E11a_T12a,N8,arxiv_agg_095,aggregate_cross_paper,train,0.8,0.6213240620926249,0.25,0.5571080206975417,514.8600482940674
N8_E11a_T12a,N8,arxiv_agg_096,aggregate_cross_paper,train,0.8,0.0,0.0,0.26666666666666666,514.8600482940674
N8_E11a_T12a,N8,arxiv_agg_097,aggregate_cross_paper,test,0.8333333333333334,0.0,0.25,0.36111111111111116,514.8600482940674
N8_E11a_T12a,N8,arxiv_agg_098,aggregate_cross_paper,test,1.0,0.0,0.0,0.3333333333333333,514.8600482940674
N8_E11a_T12a,N8,arxiv_agg_099,aggregate_cross_paper,test,0.8333333333333334,0.0,0.0,0.2777777777777778,514.8600482940674
N8_E11a_T12a,N8,arxiv_edge_034,edge_multihop,test,0.2,0.6014928570012574,1.0,0.6004976190004191,514.8600482940674
N8_E11a_T12a,N8,arxiv_edge_035,edge_multihop,test,0.6,0.8652663697557995,1.0,0.8217554565852665,514.8600482940674
N8_E11a_T12a,N8,arxiv_edge_036,edge_multihop,test,0.8571428571428571,0.4604731782150892,0.75,0.6892053451193153,514.8600482940674
N8_E11a_T12a,N8,arxiv_edge_037,edge_multihop,train,1.0,0.5951707725689962,0.25,0.6150569241896654,514.8600482940674
N8_E11a_T12a,N8,arxiv_edge_038,edge_multihop,test,0.6,0.7457568944753152,1.0,0.7819189648251051,514.8600482940674
N8_E11a_T12a,N8,arxiv_edge_039,edge_multihop,train,0.4,0.0,1.0,0.4666666666666666,514.8600482940674
N8_E11a_T12a,N8,arxiv_edge_040,edge_multihop,test,0.8333333333333334,0.5465378539788033,0.0,0.4599570624373788,514.8600482940674
N8_E11a_T12a,N8,arxiv_edge_041,edge_multihop,test,0.7142857142857143,0.6428434785716771,1.0,0.7857097309524638,514.8600482940674
N8_E11a_T12a,N8,arxiv_edge_042,edge_multihop,test,0.8333333333333334,0.4405690706899426,0.0,0.42463413467442535,514.8600482940674
N8_E11a_T12a,N8,arxiv_edge_043,edge_multihop,test,0.2857142857142857,0.8176101014541515,0.0,0.36777479572281235,514.8600482940674
N8_E11a_T12a,N8,arxiv_edge_044,edge_multihop,test,0.25,0.8324006130953855,0.5,0.5274668710317951,514.8600482940674
N8_E11a_T12a,N8,arxiv_edge_045,edge_multihop,train,0.6,0.7492132609924868,1.0,0.7830710869974956,514.8600482940674
N8_E11a_T12a,N8,arxiv_edge_046,edge_multihop,test,1.0,0.714174338329797,0.5,0.7380581127765989,514.8600482940674
N8_E11a_T12a,N8,arxiv_edge_047,edge_multihop,test,0.6,0.6976686461427911,1.0,0.7658895487142637,514.8600482940674
N8_E11a_T12a,N8,arxiv_edge_048,edge_multihop,train,0.3333333333333333,0.0,0.25,0.19444444444444442,514.8600482940674
N8_E11a_T12a,N8,arxiv_edge_049,edge_multihop,train,0.75,0.0,0.25,0.3333333333333333,514.8600482940674
N8_E11a_T12a,N8,arxiv_edge_050,edge_multihop,test,0.4,0.8425352046800949,0.0,0.4141784015600316,514.8600482940674
N8_E11a_T12a,N8,arxiv_edge_051,edge_multihop,test,1.0,0.9269520299327533,0.5,0.8089840099775844,514.8600482940674
N8_E11a_T12a,N8,arxiv_edge_052,edge_multihop,train,0.5,0.8268609284644001,0.25,0.5256203094881333,514.8600482940674
N8_E11a_T12a,N8,arxiv_edge_053,edge_multihop,train,0.75,0.6735668367149558,1.0,0.8078556122383186,514.8600482940674
N8_E11a_T12a,N8,arxiv_edge_054,edge_multihop,train,0.75,0.0,0.0,0.25,514.8600482940674
N8_E11a_T12a,N8,arxiv_edge_055,edge_multihop,train,0.8,0.6559158700867808,1.0,0.8186386233622603,514.8600482940674
N8_E11a_T12a,N8,arxiv_edge_056,edge_multihop,train,0.625,0.8736435378376507,0.75,0.7495478459458836,514.8600482940674
N8_E11a_T12a,N8,arxiv_edge_057,edge_multihop,train,0.0,0.0,0.75,0.25,514.8600482940674
N8_E11a_T12a,N8,arxiv_edge_058,edge_multihop,train,0.5,0.8434456170361117,1.0,0.7811485390120372,514.8600482940674
N8_E11a_T12a,N8,arxiv_edge_059,edge_multihop,train,0.5,0.822367966746184,1.0,0.7741226555820613,514.8600482940674
N8_E11a_T12a,N8,arxiv_edge_060,edge_multihop,train,1.0,0.0,0.0,0.3333333333333333,514.8600482940674
N8_E11a_T12a,N8,arxiv_edge_061,edge_multihop,test,1.0,0.0,0.0,0.3333333333333333,514.8600482940674
N8_E11a_T12a,N8,arxiv_edge_062,edge_multihop,test,0.0,0.0,0.5,0.16666666666666666,514.8600482940674
N8_E11a_T12a,N8,arxiv_edge_063,edge_multihop,train,1.0,0.8178977207913695,0.5,0.7726325735971232,514.8600482940674
N8_E11a_T12a,N8,arxiv_edge_064,edge_multihop,test,0.5,0.9007658190720716,0.5,0.6335886063573573,514.8600482940674
N8_E11a_T12a,N8,arxiv_edge_065,edge_multihop,train,0.4444444444444444,0.7554008567744784,1.0,0.7332817670729743,514.8600482940674
N8_E11a_T12a,N8,arxiv_edge_066,edge_multihop,train,1.0,0.0,0.0,0.3333333333333333,514.8600482940674
N8_E11a_T12a,N8,arxiv_edge_067,edge_multihop,train,0.8571428571428571,0.7168163095254825,0.0,0.5246530555561132,514.8600482940674
N8_E11a_T12a,N8,arxiv_edge_068,edge_multihop,test,0.2857142857142857,0.8837289575465969,0.25,0.4731477477536275,514.8600482940674
N8_E11a_T12a,N8,arxiv_edge_069,edge_multihop,test,0.625,0.42442489399454714,1.0,0.6831416313315156,514.8600482940674
N8_E11a_T12a,N8,arxiv_edge_070,edge_multihop,test,0.8333333333333334,0.7696735014290242,0.5,0.7010022782541192,514.8600482940674
N8_E11a_T12a,N8,arxiv_edge_071,edge_multihop,test,1.0,0.8485120150707334,1.0,0.9495040050235778,514.8600482940674
N8_E11a_T12a,N8,arxiv_edge_072,edge_multihop,test,1.0,0.7180997033323282,1.0,0.9060332344441093,514.8600482940674
N8_E11a_T12a,N8,arxiv_edge_073,edge_multihop,train,0.2,0.8171195034329969,0.0,0.33903983447766567,514.8600482940674
N8_E11a_T12a,N8,arxiv_edge_074,edge_multihop,train,0.75,0.8598326355926358,1.0,0.8699442118642119,514.8600482940674
N8_E11a_T12a,N8,arxiv_edge_075,edge_multihop,train,0.7,0.7333370522646758,1.0,0.811112350754892,514.8600482940674
N8_E11a_T12a,N8,arxiv_edge_076,edge_multihop,train,0.0,0.6392969636988369,0.0,0.21309898789961232,514.8600482940674
N8_E11a_T12a,N8,arxiv_edge_077,edge_multihop,test,0.6,0.7649818338776498,0.0,0.4549939446258833,514.8600482940674
N8_E11a_T12a,N8,arxiv_edge_078,edge_multihop,train,0.3333333333333333,0.0,0.5,0.27777777777777773,514.8600482940674
N8_E11a_T12a,N8,arxiv_edge_079,edge_multihop,train,0.4,0.0,1.0,0.4666666666666666,514.8600482940674
N8_E11a_T12a,N8,arxiv_edge_080,edge_multihop,test,0.375,0.6609295322337915,1.0,0.6786431774112639,514.8600482940674
N8_E11a_T12a,N8,arxiv_edge_081,edge_multihop,train,0.4,0.0,0.0,0.13333333333333333,514.8600482940674
N8_E11a_T12a,N8,arxiv_edge_082,edge_multihop,train,0.8,0.515174005140672,0.5,0.6050580017135574,514.8600482940674
N8_E11a_T12a,N8,arxiv_edge_083,edge_multihop,train,0.4,0.7466578900600146,0.5,0.5488859633533382,514.8600482940674
N8_E11a_T12a,N8,arxiv_edge_084,edge_multihop,test,1.0,0.7822552913596685,1.0,0.9274184304532228,514.8600482940674
N8_E11a_T12a,N8,arxiv_edge_085,edge_multihop,train,0.3333333333333333,0.0,1.0,0.4444444444444444,514.8600482940674
N8_E11a_T12a,N8,arxiv_edge_086,edge_multihop,train,0.7142857142857143,0.771490786214743,1.0,0.8285921668334858,514.8600482940674
N8_E11a_T12a,N8,arxiv_edge_087,edge_multihop,train,1.0,0.7153873414658016,1.0,0.9051291138219338,514.8600482940674
N8_E11a_T12a,N8,arxiv_edge_088,edge_multihop,train,1.0,0.7953902652447248,1.0,0.9317967550815749,514.8600482940674
N8_E11a_T12a,N8,arxiv_edge_089,edge_multihop,train,1.0,0.824335421674566,1.0,0.9414451405581886,514.8600482940674
N8_E11a_T12a,N8,arxiv_edge_090,edge_multihop,train,0.75,0.0,0.0,0.25,514.8600482940674
N8_E11a_T12a,N8,arxiv_edge_091,edge_multihop,test,0.2222222222222222,0.7608969589826097,0.75,0.5777063937349439,514.8600482940674
N8_E11a_T12a,N8,arxiv_edge_092,edge_multihop,test,0.75,0.6214924160850744,0.0,0.45716413869502476,514.8600482940674
N8_E11a_T12a,N8,arxiv_edge_093,edge_multihop,train,0.75,0.7246823096840872,1.0,0.8248941032280291,514.8600482940674
N8_E11a_T12a,N8,arxiv_edge_094,edge_multihop,test,0.75,0.7518563121740579,0.0,0.500618770724686,514.8600482940674
N8_E11a_T12a,N8,arxiv_edge_095,edge_multihop,test,0.42857142857142855,0.8700628217764336,0.5,0.599544750115954,514.8600482940674
N8_E11a_T12a,N8,arxiv_edge_096,edge_multihop,test,1.0,0.7570698898663294,0.25,0.6690232966221098,514.8600482940674
N8_E11a_T12a,N8,arxiv_edge_097,edge_multihop,test,0.8,0.7741435017222233,0.75,0.7747145005740744,514.8600482940674
N8_E11a_T12a,N8,arxiv_edge_098,edge_multihop,train,0.0,0.0,0.5,0.16666666666666666,514.8600482940674
N8_E11a_T12a,N8,arxiv_edge_099,edge_multihop,train,0.75,0.0,0.0,0.25,514.8600482940674
N8_E11a_T12a,N8,arxiv_sh_083,single_specific,train,1.0,0.8501480059454134,1.0,0.9500493353151378,514.8600482940674
N8_E11a_T12a,N8,arxiv_sh_084,single_specific,train,1.0,0.6791246221771136,1.0,0.8930415407257045,514.8600482940674
N8_E11a_T12a,N8,arxiv_sh_085,single_specific,train,0.4,0.9425222070952323,1.0,0.7808407356984107,514.8600482940674
N8_E11a_T12a,N8,arxiv_sh_086,single_specific,train,1.0,0.8900807470365515,1.0,0.9633602490121839,514.8600482940674
N8_E11a_T12a,N8,arxiv_sh_087,single_specific,train,0.5,0.0,1.0,0.5,514.8600482940674
N8_E11a_T12a,N8,arxiv_sh_088,single_specific,train,1.0,0.8615837014855838,1.0,0.9538612338285279,514.8600482940674
N8_E11a_T12a,N8,arxiv_sh_089,single_specific,test,0.6666666666666666,0.8780720504963601,1.0,0.8482462390543422,514.8600482940674
N8_E11a_T12a,N8,arxiv_sh_090,single_specific,test,0.8,0.9495401611459152,1.0,0.9165133870486385,514.8600482940674
N8_E11a_T12a,N8,arxiv_sh_091,single_specific,test,1.0,0.6732153751926039,1.0,0.891071791730868,514.8600482940674
N8_E11a_T12a,N8,arxiv_sh_092,single_specific,train,0.5714285714285714,0.659410234532119,1.0,0.7436129353202302,514.8600482940674
N8_E11a_T12a,N8,arxiv_sh_093,single_specific,train,1.0,0.8640819876331284,1.0,0.9546939958777094,514.8600482940674
N8_E11a_T12a,N8,arxiv_sh_094,single_specific,train,1.0,0.7285260076221192,1.0,0.9095086692073732,514.8600482940674
N8_E11a_T12a,N8,arxiv_sh_095,single_specific,test,1.0,0.9554021818277612,1.0,0.9851340606092537,514.8600482940674
N8_E11a_T12a,N8,arxiv_sh_096,single_specific,test,1.0,0.8821565983831324,1.0,0.9607188661277108,514.8600482940674
N8_E11a_T12a,N8,arxiv_sh_097,single_specific,test,0.5,0.0,1.0,0.5,514.8600482940674
N8_E11a_T12a,N8,arxiv_sh_098,single_specific,test,1.0,0.6594405276366151,1.0,0.8864801758788717,514.8600482940674
N8_E11a_T12a,N8,arxiv_sh_099,single_specific,train,1.0,0.8971065566259477,1.0,0.9657021855419826,514.8600482940674
N8_E11a_T12b,N8,arxiv_agg_033,aggregate_cross_paper,train,1.0,0.0,0.0,0.3333333333333333,577.3233411312103
N8_E11a_T12b,N8,arxiv_agg_034,aggregate_cross_paper,train,1.0,0.6987060301170039,0.75,0.8162353433723347,577.3233411312103
N8_E11a_T12b,N8,arxiv_agg_035,aggregate_cross_paper,train,0.6666666666666666,0.6372642201860573,0.75,0.684643628950908,577.3233411312103
N8_E11a_T12b,N8,arxiv_agg_036,aggregate_cross_paper,test,0.6666666666666666,0.8754916572091163,0.25,0.5973861079585943,577.3233411312103
N8_E11a_T12b,N8,arxiv_agg_037,aggregate_cross_paper,test,0.5,0.7856019229309495,0.0,0.42853397431031653,577.3233411312103
N8_E11a_T12b,N8,arxiv_agg_038,aggregate_cross_paper,test,1.0,0.5703928166050268,1.0,0.8567976055350089,577.3233411312103
N8_E11a_T12b,N8,arxiv_agg_039,aggregate_cross_paper,train,1.0,0.7563371096690393,0.25,0.6687790365563465,577.3233411312103
N8_E11a_T12b,N8,arxiv_agg_040,aggregate_cross_paper,train,1.0,0.8699040601153084,0.0,0.6233013533717694,577.3233411312103
N8_E11a_T12b,N8,arxiv_agg_041,aggregate_cross_paper,test,1.0,0.7234709792960533,0.5,0.7411569930986844,577.3233411312103
N8_E11a_T12b,N8,arxiv_agg_042,aggregate_cross_paper,train,1.0,0.5741448878224168,0.5,0.6913816292741389,577.3233411312103
N8_E11a_T12b,N8,arxiv_agg_043,aggregate_cross_paper,test,0.75,0.9146616702544493,0.0,0.5548872234181498,577.3233411312103
N8_E11a_T12b,N8,arxiv_agg_044,aggregate_cross_paper,train,0.75,0.0,0.0,0.25,577.3233411312103
N8_E11a_T12b,N8,arxiv_agg_045,aggregate_cross_paper,train,0.8,0.0,1.0,0.6,577.3233411312103
N8_E11a_T12b,N8,arxiv_agg_046,aggregate_cross_paper,test,0.8571428571428571,0.0,0.0,0.2857142857142857,577.3233411312103
N8_E11a_T12b,N8,arxiv_agg_047,aggregate_cross_paper,train,1.0,0.6039210841508988,0.0,0.5346403613836329,577.3233411312103
N8_E11a_T12b,N8,arxiv_agg_048,aggregate_cross_paper,test,0.7142857142857143,0.7918547497123893,1.0,0.8353801546660345,577.3233411312103
N8_E11a_T12b,N8,arxiv_agg_049,aggregate_cross_paper,train,1.0,0.5088720426806126,0.75,0.7529573475602042,577.3233411312103
N8_E11a_T12b,N8,arxiv_agg_050,aggregate_cross_paper,test,0.6666666666666666,0.8386491164326043,0.0,0.501771927699757,577.3233411312103
N8_E11a_T12b,N8,arxiv_agg_051,aggregate_cross_paper,test,1.0,0.7298155218528765,1.0,0.9099385072842922,577.3233411312103
N8_E11a_T12b,N8,arxiv_agg_052,aggregate_cross_paper,test,0.8571428571428571,0.7949554604522384,1.0,0.8840327725316985,577.3233411312103
N8_E11a_T12b,N8,arxiv_agg_053,aggregate_cross_paper,train,1.0,0.3126360884489611,0.5,0.604212029482987,577.3233411312103
N8_E11a_T12b,N8,arxiv_agg_054,aggregate_cross_paper,test,0.8,0.5765642939545352,0.75,0.7088547646515119,577.3233411312103
N8_E11a_T12b,N8,arxiv_agg_055,aggregate_cross_paper,train,1.0,0.802362578764078,1.0,0.934120859588026,577.3233411312103
N8_E11a_T12b,N8,arxiv_agg_056,aggregate_cross_paper,test,0.0,0.6601432980043795,0.0,0.22004776600145984,577.3233411312103
N8_E11a_T12b,N8,arxiv_agg_057,aggregate_cross_paper,test,0.8571428571428571,0.0,0.0,0.2857142857142857,577.3233411312103
N8_E11a_T12b,N8,arxiv_agg_058,aggregate_cross_paper,test,0.8571428571428571,0.0,0.0,0.2857142857142857,577.3233411312103
N8_E11a_T12b,N8,arxiv_agg_059,aggregate_cross_paper,test,1.0,0.67536980316491,0.5,0.7251232677216367,577.3233411312103
N8_E11a_T12b,N8,arxiv_agg_060,aggregate_cross_paper,test,1.0,0.0,0.5,0.5,577.3233411312103
N8_E11a_T12b,N8,arxiv_agg_061,aggregate_cross_paper,test,1.0,0.0,0.5,0.5,577.3233411312103
N8_E11a_T12b,N8,arxiv_agg_062,aggregate_cross_paper,train,0.7142857142857143,0.7853002059021378,1.0,0.833195306729284,577.3233411312103
N8_E11a_T12b,N8,arxiv_agg_063,aggregate_cross_paper,test,1.0,0.559807008817916,0.75,0.7699356696059719,577.3233411312103
N8_E11a_T12b,N8,arxiv_agg_064,aggregate_cross_paper,test,1.0,0.6236849573696979,0.5,0.7078949857898994,577.3233411312103
N8_E11a_T12b,N8,arxiv_agg_065,aggregate_cross_paper,train,0.625,0.6038600160637225,0.25,0.49295333868790747,577.3233411312103
N8_E11a_T12b,N8,arxiv_agg_066,aggregate_cross_paper,train,0.75,0.0,0.0,0.25,577.3233411312103
N8_E11a_T12b,N8,arxiv_agg_067,aggregate_cross_paper,test,1.0,0.7274676234664734,0.0,0.5758225411554911,577.3233411312103
N8_E11a_T12b,N8,arxiv_agg_068,aggregate_cross_paper,test,1.0,0.9210965290921247,0.0,0.6403655096973749,577.3233411312103
N8_E11a_T12b,N8,arxiv_agg_069,aggregate_cross_paper,train,0.875,0.6122213389326284,1.0,0.8290737796442095,577.3233411312103
N8_E11a_T12b,N8,arxiv_agg_070,aggregate_cross_paper,train,0.75,0.0,0.0,0.25,577.3233411312103
N8_E11a_T12b,N8,arxiv_agg_071,aggregate_cross_paper,test,1.0,0.7924188854286534,1.0,0.9308062951428845,577.3233411312103
N8_E11a_T12b,N8,arxiv_agg_072,aggregate_cross_paper,train,0.5,0.0,0.0,0.16666666666666666,577.3233411312103
N8_E11a_T12b,N8,arxiv_agg_073,aggregate_cross_paper,train,1.0,0.7826540782816629,1.0,0.927551359427221,577.3233411312103
N8_E11a_T12b,N8,arxiv_agg_074,aggregate_cross_paper,test,0.5,0.720253363371671,1.0,0.7400844544572237,577.3233411312103
N8_E11a_T12b,N8,arxiv_agg_075,aggregate_cross_paper,test,1.0,0.7480871705542035,0.0,0.5826957235180679,577.3233411312103
N8_E11a_T12b,N8,arxiv_agg_076,aggregate_cross_paper,train,0.75,0.0,0.0,0.25,577.3233411312103
N8_E11a_T12b,N8,arxiv_agg_077,aggregate_cross_paper,train,1.0,0.49247197921830094,1.0,0.8308239930727671,577.3233411312103
N8_E11a_T12b,N8,arxiv_agg_078,aggregate_cross_paper,test,1.0,0.5734852125350343,0.5,0.6911617375116781,577.3233411312103
N8_E11a_T12b,N8,arxiv_agg_079,aggregate_cross_paper,test,0.5714285714285714,0.0,0.0,0.19047619047619047,577.3233411312103
N8_E11a_T12b,N8,arxiv_agg_080,aggregate_cross_paper,train,1.0,0.0,0.0,0.3333333333333333,577.3233411312103
N8_E11a_T12b,N8,arxiv_agg_081,aggregate_cross_paper,train,0.7142857142857143,0.0,0.25,0.32142857142857145,577.3233411312103
N8_E11a_T12b,N8,arxiv_agg_082,aggregate_cross_paper,test,0.8,0.0,0.0,0.26666666666666666,577.3233411312103
N8_E11a_T12b,N8,arxiv_agg_083,aggregate_cross_paper,train,0.4,0.6488878922422319,1.0,0.6829626307474106,577.3233411312103
N8_E11a_T12b,N8,arxiv_agg_084,aggregate_cross_paper,test,1.0,0.945933392639342,0.0,0.6486444642131141,577.3233411312103
N8_E11a_T12b,N8,arxiv_agg_085,aggregate_cross_paper,train,0.5,0.0,0.0,0.16666666666666666,577.3233411312103
N8_E11a_T12b,N8,arxiv_agg_086,aggregate_cross_paper,test,0.5,0.9246314470462841,0.5,0.6415438156820947,577.3233411312103
N8_E11a_T12b,N8,arxiv_agg_087,aggregate_cross_paper,test,0.8,0.0,0.25,0.35000000000000003,577.3233411312103
N8_E11a_T12b,N8,arxiv_agg_088,aggregate_cross_paper,train,0.7142857142857143,0.8843812005060051,1.0,0.8662223049305732,577.3233411312103
N8_E11a_T12b,N8,arxiv_agg_089,aggregate_cross_paper,test,1.0,0.588865123583672,0.0,0.529621707861224,577.3233411312103
N8_E11a_T12b,N8,arxiv_agg_090,aggregate_cross_paper,train,0.875,0.4245416800120229,1.0,0.7665138933373411,577.3233411312103
N8_E11a_T12b,N8,arxiv_agg_091,aggregate_cross_paper,test,1.0,0.8348108301734117,1.0,0.9449369433911373,577.3233411312103
N8_E11a_T12b,N8,arxiv_agg_092,aggregate_cross_paper,test,1.0,0.8848881081686714,1.0,0.9616293693895571,577.3233411312103
N8_E11a_T12b,N8,arxiv_agg_093,aggregate_cross_paper,train,0.8571428571428571,0.8546069925533265,1.0,0.9039166165653946,577.3233411312103
N8_E11a_T12b,N8,arxiv_agg_094,aggregate_cross_paper,test,0.45454545454545453,0.92517026287056,0.0,0.45990523913867154,577.3233411312103
N8_E11a_T12b,N8,arxiv_agg_095,aggregate_cross_paper,train,0.7142857142857143,0.6452989024654188,0.5,0.6198615389170444,577.3233411312103
N8_E11a_T12b,N8,arxiv_agg_096,aggregate_cross_paper,train,1.0,0.0,0.0,0.3333333333333333,577.3233411312103
N8_E11a_T12b,N8,arxiv_agg_097,aggregate_cross_paper,test,0.6666666666666666,0.0,0.25,0.3055555555555555,577.3233411312103
N8_E11a_T12b,N8,arxiv_agg_098,aggregate_cross_paper,test,0.75,0.0,0.0,0.25,577.3233411312103
N8_E11a_T12b,N8,arxiv_agg_099,aggregate_cross_paper,test,1.0,0.5408690122322181,0.0,0.513623004077406,577.3233411312103
N8_E11a_T12b,N8,arxiv_edge_034,edge_multihop,test,0.4,0.6089018241791058,1.0,0.6696339413930352,577.3233411312103
N8_E11a_T12b,N8,arxiv_edge_035,edge_multihop,test,0.6,0.8518740804093357,1.0,0.8172913601364452,577.3233411312103
N8_E11a_T12b,N8,arxiv_edge_036,edge_multihop,test,0.8571428571428571,0.4605071592630234,0.75,0.6892166721352936,577.3233411312103
N8_E11a_T12b,N8,arxiv_edge_037,edge_multihop,train,1.0,0.5923866112713465,0.25,0.6141288704237822,577.3233411312103
N8_E11a_T12b,N8,arxiv_edge_038,edge_multihop,test,0.6,0.7457587313403558,1.0,0.781919577113452,577.3233411312103
N8_E11a_T12b,N8,arxiv_edge_039,edge_multihop,train,0.4,0.0,1.0,0.4666666666666666,577.3233411312103
N8_E11a_T12b,N8,arxiv_edge_040,edge_multihop,test,0.8571428571428571,0.5465386464192156,0.25,0.5512271678540243,577.3233411312103
N8_E11a_T12b,N8,arxiv_edge_041,edge_multihop,test,1.0,0.6090815558470895,0.75,0.7863605186156964,577.3233411312103
N8_E11a_T12b,N8,arxiv_edge_042,edge_multihop,test,0.8333333333333334,0.41957506607146405,0.0,0.4176361331349325,577.3233411312103
N8_E11a_T12b,N8,arxiv_edge_043,edge_multihop,test,0.2857142857142857,0.6122261132048822,0.0,0.2993134663063893,577.3233411312103
N8_E11a_T12b,N8,arxiv_edge_044,edge_multihop,test,0.4,0.0,0.5,0.3,577.3233411312103
N8_E11a_T12b,N8,arxiv_edge_045,edge_multihop,train,0.4,0.7942669058839612,1.0,0.7314223019613205,577.3233411312103
N8_E11a_T12b,N8,arxiv_edge_046,edge_multihop,test,1.0,0.7140799587962371,0.25,0.6546933195987457,577.3233411312103
N8_E11a_T12b,N8,arxiv_edge_047,edge_multihop,test,0.6,0.6975913932834465,1.0,0.7658637977611488,577.3233411312103
N8_E11a_T12b,N8,arxiv_edge_048,edge_multihop,train,0.3333333333333333,0.0,0.25,0.19444444444444442,577.3233411312103
N8_E11a_T12b,N8,arxiv_edge_049,edge_multihop,train,0.75,0.0,0.25,0.3333333333333333,577.3233411312103
N8_E11a_T12b,N8,arxiv_edge_050,edge_multihop,test,0.2,0.8447223728555738,0.0,0.34824079095185795,577.3233411312103
N8_E11a_T12b,N8,arxiv_edge_051,edge_multihop,test,1.0,0.8992155182694721,0.5,0.799738506089824,577.3233411312103
N8_E11a_T12b,N8,arxiv_edge_052,edge_multihop,train,0.5,0.7489817989569394,0.0,0.4163272663189798,577.3233411312103
N8_E11a_T12b,N8,arxiv_edge_053,edge_multihop,train,1.0,0.7158939799993288,1.0,0.9052979933331096,577.3233411312103
N8_E11a_T12b,N8,arxiv_edge_054,edge_multihop,train,0.75,0.0,0.0,0.25,577.3233411312103
N8_E11a_T12b,N8,arxiv_edge_055,edge_multihop,train,0.8,0.6559158700867808,1.0,0.8186386233622603,577.3233411312103
N8_E11a_T12b,N8,arxiv_edge_056,edge_multihop,train,1.0,0.8739166682013692,0.5,0.791305556067123,577.3233411312103
N8_E11a_T12b,N8,arxiv_edge_057,edge_multihop,train,0.0,0.0,0.5,0.16666666666666666,577.3233411312103
N8_E11a_T12b,N8,arxiv_edge_058,edge_multihop,train,0.5,0.8434456170361117,1.0,0.7811485390120372,577.3233411312103
N8_E11a_T12b,N8,arxiv_edge_059,edge_multihop,train,0.8333333333333334,0.8250802760136354,1.0,0.8861378697823229,577.3233411312103
N8_E11a_T12b,N8,arxiv_edge_060,edge_multihop,train,0.3333333333333333,0.0,0.0,0.1111111111111111,577.3233411312103
N8_E11a_T12b,N8,arxiv_edge_061,edge_multihop,test,1.0,0.0,0.0,0.3333333333333333,577.3233411312103
N8_E11a_T12b,N8,arxiv_edge_062,edge_multihop,test,0.0,0.0,0.5,0.16666666666666666,577.3233411312103
N8_E11a_T12b,N8,arxiv_edge_063,edge_multihop,train,1.0,0.7577553728489678,0.25,0.6692517909496559,577.3233411312103
N8_E11a_T12b,N8,arxiv_edge_064,edge_multihop,test,0.0,0.8006858273895335,0.5,0.4335619424631778,577.3233411312103
N8_E11a_T12b,N8,arxiv_edge_065,edge_multihop,train,0.25,0.7553572124572614,1.0,0.6684524041524206,577.3233411312103
N8_E11a_T12b,N8,arxiv_edge_066,edge_multihop,train,1.0,0.0,0.0,0.3333333333333333,577.3233411312103
N8_E11a_T12b,N8,arxiv_edge_067,edge_multihop,train,1.0,0.9305731441217706,0.0,0.6435243813739235,577.3233411312103
N8_E11a_T12b,N8,arxiv_edge_068,edge_multihop,test,0.5,0.7968126580737009,0.25,0.5156042193579004,577.3233411312103
N8_E11a_T12b,N8,arxiv_edge_069,edge_multihop,test,0.875,0.6126103671115447,1.0,0.8292034557038482,577.3233411312103
N8_E11a_T12b,N8,arxiv_edge_070,edge_multihop,test,0.8333333333333334,0.7696735014290242,0.5,0.7010022782541192,577.3233411312103
N8_E11a_T12b,N8,arxiv_edge_071,edge_multihop,test,1.0,0.8271299539189622,1.0,0.9423766513063208,577.3233411312103
N8_E11a_T12b,N8,arxiv_edge_072,edge_multihop,test,1.0,0.7181749256498896,1.0,0.9060583085499632,577.3233411312103
N8_E11a_T12b,N8,arxiv_edge_073,edge_multihop,train,0.16666666666666666,0.8171742409161733,0.0,0.32794696919427996,577.3233411312103
N8_E11a_T12b,N8,arxiv_edge_074,edge_multihop,train,0.8571428571428571,0.8598555823080064,1.0,0.9056661464836212,577.3233411312103
N8_E11a_T12b,N8,arxiv_edge_075,edge_multihop,train,1.0,0.8208375580459774,1.0,0.9402791860153258,577.3233411312103
N8_E11a_T12b,N8,arxiv_edge_076,edge_multihop,train,0.8571428571428571,0.791741344724293,0.25,0.6329614006223834,577.3233411312103
N8_E11a_T12b,N8,arxiv_edge_077,edge_multihop,test,1.0,0.7802159058936375,0.0,0.5934053019645459,577.3233411312103
N8_E11a_T12b,N8,arxiv_edge_078,edge_multihop,train,0.3333333333333333,0.0,0.5,0.27777777777777773,577.3233411312103
N8_E11a_T12b,N8,arxiv_edge_079,edge_multihop,train,0.4,0.0,1.0,0.4666666666666666,577.3233411312103
N8_E11a_T12b,N8,arxiv_edge_080,edge_multihop,test,1.0,0.6107212393090665,1.0,0.8702404131030222,577.3233411312103
N8_E11a_T12b,N8,arxiv_edge_081,edge_multihop,train,0.42857142857142855,0.6680187418292121,0.0,0.36553005680021355,577.3233411312103
N8_E11a_T12b,N8,arxiv_edge_082,edge_multihop,train,0.8,0.5048087409045426,0.5,0.6016029136348475,577.3233411312103
N8_E11a_T12b,N8,arxiv_edge_083,edge_multihop,train,0.6,0.7466155056395899,0.5,0.6155385018798633,577.3233411312103
N8_E11a_T12b,N8,arxiv_edge_084,edge_multihop,test,0.8333333333333334,0.7750216669861252,1.0,0.8694516667731529,577.3233411312103
N8_E11a_T12b,N8,arxiv_edge_085,edge_multihop,train,0.3333333333333333,0.0,1.0,0.4444444444444444,577.3233411312103
N8_E11a_T12b,N8,arxiv_edge_086,edge_multihop,train,1.0,0.7748409673551562,1.0,0.9249469891183854,577.3233411312103
N8_E11a_T12b,N8,arxiv_edge_087,edge_multihop,train,0.6,0.7533384676413623,1.0,0.784446155880454,577.3233411312103
N8_E11a_T12b,N8,arxiv_edge_088,edge_multihop,train,1.0,0.7953902652447249,1.0,0.931796755081575,577.3233411312103
N8_E11a_T12b,N8,arxiv_edge_089,edge_multihop,train,0.875,0.9277690729733381,1.0,0.9342563576577794,577.3233411312103
N8_E11a_T12b,N8,arxiv_edge_090,edge_multihop,train,0.75,0.0,0.0,0.25,577.3233411312103
N8_E11a_T12b,N8,arxiv_edge_091,edge_multihop,test,0.2857142857142857,0.7840493792783993,0.75,0.6065878883308949,577.3233411312103
N8_E11a_T12b,N8,arxiv_edge_092,edge_multihop,test,0.75,0.6214609408081351,0.0,0.45715364693604504,577.3233411312103
N8_E11a_T12b,N8,arxiv_edge_093,edge_multihop,train,0.5,0.6998449091275867,1.0,0.7332816363758622,577.3233411312103
N8_E11a_T12b,N8,arxiv_edge_094,edge_multihop,test,0.75,0.7091708638422454,0.0,0.4863902879474151,577.3233411312103
N8_E11a_T12b,N8,arxiv_edge_095,edge_multihop,test,0.42857142857142855,0.8700808502557568,0.5,0.5995507596090618,577.3233411312103
N8_E11a_T12b,N8,arxiv_edge_096,edge_multihop,test,1.0,0.777859056897119,0.25,0.6759530189657063,577.3233411312103
N8_E11a_T12b,N8,arxiv_edge_097,edge_multihop,test,0.8,0.7741977127359528,0.75,0.7747325709119842,577.3233411312103
N8_E11a_T12b,N8,arxiv_edge_098,edge_multihop,train,0.0,0.0,0.5,0.16666666666666666,577.3233411312103
N8_E11a_T12b,N8,arxiv_edge_099,edge_multihop,train,0.75,0.0,0.0,0.25,577.3233411312103
N8_E11a_T12b,N8,arxiv_sh_083,single_specific,train,1.0,0.9554454719917386,1.0,0.9851484906639129,577.3233411312103
N8_E11a_T12b,N8,arxiv_sh_084,single_specific,train,1.0,0.699729958330354,1.0,0.8999099861101181,577.3233411312103
N8_E11a_T12b,N8,arxiv_sh_085,single_specific,train,0.4,0.9446294564606674,1.0,0.7815431521535557,577.3233411312103
N8_E11a_T12b,N8,arxiv_sh_086,single_specific,train,1.0,0.8900690497543713,1.0,0.9633563499181238,577.3233411312103
N8_E11a_T12b,N8,arxiv_sh_087,single_specific,train,0.5,0.0,1.0,0.5,577.3233411312103
N8_E11a_T12b,N8,arxiv_sh_088,single_specific,train,1.0,0.8615596198750058,1.0,0.953853206625002,577.3233411312103
N8_E11a_T12b,N8,arxiv_sh_089,single_specific,test,0.6666666666666666,0.8777214851285943,1.0,0.8481293839317536,577.3233411312103
N8_E11a_T12b,N8,arxiv_sh_090,single_specific,test,0.8,0.9495401611459152,1.0,0.9165133870486385,577.3233411312103
N8_E11a_T12b,N8,arxiv_sh_091,single_specific,test,1.0,0.6655560453455592,1.0,0.8885186817818531,577.3233411312103
N8_E11a_T12b,N8,arxiv_sh_092,single_specific,train,0.8,0.7928320668792798,1.0,0.8642773556264266,577.3233411312103
N8_E11a_T12b,N8,arxiv_sh_093,single_specific,train,0.6666666666666666,0.8626675870826565,1.0,0.8431114179164411,577.3233411312103
N8_E11a_T12b,N8,arxiv_sh_094,single_specific,train,1.0,0.7285260076221192,1.0,0.9095086692073732,577.3233411312103
N8_E11a_T12b,N8,arxiv_sh_095,single_specific,test,1.0,0.9516147562421026,1.0,0.9838715854140342,577.3233411312103
N8_E11a_T12b,N8,arxiv_sh_096,single_specific,test,1.0,0.8401574128289183,1.0,0.9467191376096394,577.3233411312103
N8_E11a_T12b,N8,arxiv_sh_097,single_specific,test,0.0,0.0,1.0,0.3333333333333333,577.3233411312103
N8_E11a_T12b,N8,arxiv_sh_098,single_specific,test,1.0,0.7692055254860078,1.0,0.923068508495336,577.3233411312103
N8_E11a_T12b,N8,arxiv_sh_099,single_specific,train,0.3333333333333333,0.8971639059471733,1.0,0.7434990797601689,577.3233411312103
N8_E11b_T12a,N8,arxiv_agg_033,aggregate_cross_paper,train,1.0,0.0,0.0,0.3333333333333333,640.7417728900909
N8_E11b_T12a,N8,arxiv_agg_034,aggregate_cross_paper,train,0.5,0.7942542152092584,0.0,0.4314180717364195,640.7417728900909
N8_E11b_T12a,N8,arxiv_agg_035,aggregate_cross_paper,train,0.7142857142857143,0.7047619162204057,0.25,0.5563492101687068,640.7417728900909
N8_E11b_T12a,N8,arxiv_agg_036,aggregate_cross_paper,test,0.8,0.8331131910954824,0.0,0.5443710636984941,640.7417728900909
N8_E11b_T12a,N8,arxiv_agg_037,aggregate_cross_paper,test,0.2857142857142857,0.7461230477864194,0.0,0.3439457778335684,640.7417728900909
N8_E11b_T12a,N8,arxiv_agg_038,aggregate_cross_paper,test,0.8,0.8060633838249517,1.0,0.8686877946083172,640.7417728900909
N8_E11b_T12a,N8,arxiv_agg_039,aggregate_cross_paper,train,1.0,0.8425093871715186,0.0,0.6141697957238396,640.7417728900909
N8_E11b_T12a,N8,arxiv_agg_040,aggregate_cross_paper,train,0.16666666666666666,0.7200342458752386,0.75,0.5455669708473018,640.7417728900909
N8_E11b_T12a,N8,arxiv_agg_041,aggregate_cross_paper,test,1.0,0.6729157807404974,0.0,0.5576385935801658,640.7417728900909
N8_E11b_T12a,N8,arxiv_agg_042,aggregate_cross_paper,train,0.75,0.7954151880746109,0.25,0.5984717293582036,640.7417728900909
N8_E11b_T12a,N8,arxiv_agg_043,aggregate_cross_paper,test,0.5,0.9201887799208684,0.0,0.4733962599736228,640.7417728900909
N8_E11b_T12a,N8,arxiv_agg_044,aggregate_cross_paper,train,1.0,0.0,0.0,0.3333333333333333,640.7417728900909
N8_E11b_T12a,N8,arxiv_agg_045,aggregate_cross_paper,train,0.7142857142857143,0.7522085317360566,1.0,0.8221647486739236,640.7417728900909
N8_E11b_T12a,N8,arxiv_agg_046,aggregate_cross_paper,test,0.8571428571428571,0.6378993318771687,0.0,0.49834739634000863,640.7417728900909
N8_E11b_T12a,N8,arxiv_agg_047,aggregate_cross_paper,train,0.75,0.0,0.0,0.25,640.7417728900909
N8_E11b_T12a,N8,arxiv_agg_048,aggregate_cross_paper,test,1.0,0.7637497647552755,1.0,0.9212499215850918,640.7417728900909
N8_E11b_T12a,N8,arxiv_agg_049,aggregate_cross_paper,train,1.0,0.6291562381175732,0.75,0.7930520793725244,640.7417728900909
N8_E11b_T12a,N8,arxiv_agg_050,aggregate_cross_paper,test,0.8333333333333334,0.8355831353731512,0.5,0.7229721562354948,640.7417728900909
N8_E11b_T12a,N8,arxiv_agg_051,aggregate_cross_paper,test,0.6,0.6427239470296705,0.75,0.6642413156765569,640.7417728900909
N8_E11b_T12a,N8,arxiv_agg_052,aggregate_cross_paper,test,1.0,0.7319511514204793,0.75,0.8273170504734931,640.7417728900909
N8_E11b_T12a,N8,arxiv_agg_053,aggregate_cross_paper,train,0.5555555555555556,0.719865978499536,0.25,0.5084738446850305,640.7417728900909
N8_E11b_T12a,N8,arxiv_agg_054,aggregate_cross_paper,test,0.6666666666666666,0.7509632701487481,0.5,0.6392099789384716,640.7417728900909
N8_E11b_T12a,N8,arxiv_agg_055,aggregate_cross_paper,train,1.0,0.9039172607355727,1.0,0.9679724202451908,640.7417728900909
N8_E11b_T12a,N8,arxiv_agg_056,aggregate_cross_paper,test,0.3333333333333333,0.6601432980043795,0.75,0.581158877112571,640.7417728900909
N8_E11b_T12a,N8,arxiv_agg_057,aggregate_cross_paper,test,0.0,0.0,0.0,0.0,640.7417728900909
N8_E11b_T12a,N8,arxiv_agg_058,aggregate_cross_paper,test,0.5,0.0,0.0,0.16666666666666666,640.7417728900909
N8_E11b_T12a,N8,arxiv_agg_059,aggregate_cross_paper,test,1.0,0.6511090149604873,0.0,0.5503696716534958,640.7417728900909
N8_E11b_T12a,N8,arxiv_agg_060,aggregate_cross_paper,test,0.625,0.6068278982326841,0.25,0.49394263274422806,640.7417728900909
N8_E11b_T12a,N8,arxiv_agg_061,aggregate_cross_paper,test,1.0,0.7289873695002941,0.5,0.7429957898334313,640.7417728900909
N8_E11b_T12a,N8,arxiv_agg_062,aggregate_cross_paper,train,0.42857142857142855,0.9167768916056502,1.0,0.7817827733923597,640.7417728900909
N8_E11b_T12a,N8,arxiv_agg_063,aggregate_cross_paper,test,0.3,0.7509022220384985,0.75,0.6003007406794995,640.7417728900909
N8_E11b_T12a,N8,arxiv_agg_064,aggregate_cross_paper,test,0.375,0.6182653171148309,0.0,0.33108843903827695,640.7417728900909
N8_E11b_T12a,N8,arxiv_agg_065,aggregate_cross_paper,train,0.8,0.0,0.0,0.26666666666666666,640.7417728900909
N8_E11b_T12a,N8,arxiv_agg_066,aggregate_cross_paper,train,0.75,0.0,0.0,0.25,640.7417728900909
N8_E11b_T12a,N8,arxiv_agg_067,aggregate_cross_paper,test,0.8,0.7833449824791128,0.0,0.5277816608263709,640.7417728900909
N8_E11b_T12a,N8,arxiv_agg_068,aggregate_cross_paper,test,1.0,0.7819196322343224,0.0,0.5939732107447742,640.7417728900909
N8_E11b_T12a,N8,arxiv_agg_069,aggregate_cross_paper,train,0.875,0.705699025890984,0.0,0.5268996752969947,640.7417728900909
N8_E11b_T12a,N8,arxiv_agg_070,aggregate_cross_paper,train,0.6,0.953530904137327,0.25,0.6011769680457757,640.7417728900909
N8_E11b_T12a,N8,arxiv_agg_071,aggregate_cross_paper,test,1.0,0.6792388329279254,0.5,0.7264129443093085,640.7417728900909
N8_E11b_T12a,N8,arxiv_agg_072,aggregate_cross_paper,train,0.5,0.0,0.0,0.16666666666666666,640.7417728900909
N8_E11b_T12a,N8,arxiv_agg_073,aggregate_cross_paper,train,0.42857142857142855,0.7826195593698008,1.0,0.7370636626470765,640.7417728900909
N8_E11b_T12a,N8,arxiv_agg_074,aggregate_cross_paper,test,1.0,0.6885657070912621,1.0,0.8961885690304207,640.7417728900909
N8_E11b_T12a,N8,arxiv_agg_075,aggregate_cross_paper,test,0.5714285714285714,0.767799571128851,0.25,0.5297427141858074,640.7417728900909
N8_E11b_T12a,N8,arxiv_agg_076,aggregate_cross_paper,train,0.8333333333333334,0.0,0.0,0.2777777777777778,640.7417728900909
N8_E11b_T12a,N8,arxiv_agg_077,aggregate_cross_paper,train,0.8,0.5588467280637325,0.75,0.7029489093545775,640.7417728900909
N8_E11b_T12a,N8,arxiv_agg_078,aggregate_cross_paper,test,1.0,0.6704673703181895,0.0,0.5568224567727298,640.7417728900909
N8_E11b_T12a,N8,arxiv_agg_079,aggregate_cross_paper,test,0.25,0.8446693411659949,0.25,0.4482231137219983,640.7417728900909
N8_E11b_T12a,N8,arxiv_agg_080,aggregate_cross_paper,train,1.0,0.0,0.0,0.3333333333333333,640.7417728900909
N8_E11b_T12a,N8,arxiv_agg_081,aggregate_cross_paper,train,0.75,0.0,0.0,0.25,640.7417728900909
N8_E11b_T12a,N8,arxiv_agg_082,aggregate_cross_paper,test,0.8181818181818182,0.9225833512921326,0.0,0.580255056491317,640.7417728900909
N8_E11b_T12a,N8,arxiv_agg_083,aggregate_cross_paper,train,0.75,0.8323003570582564,1.0,0.8607667856860854,640.7417728900909
N8_E11b_T12a,N8,arxiv_agg_084,aggregate_cross_paper,test,1.0,0.0,0.0,0.3333333333333333,640.7417728900909
N8_E11b_T12a,N8,arxiv_agg_085,aggregate_cross_paper,train,0.5714285714285714,0.0,0.0,0.19047619047619047,640.7417728900909
N8_E11b_T12a,N8,arxiv_agg_086,aggregate_cross_paper,test,0.8,0.9691381414082975,0.25,0.6730460471360992,640.7417728900909
N8_E11b_T12a,N8,arxiv_agg_087,aggregate_cross_paper,test,0.2857142857142857,0.7028706758897312,0.0,0.3295283205346723,640.7417728900909
N8_E11b_T12a,N8,arxiv_agg_088,aggregate_cross_paper,train,0.875,0.8297941487040429,1.0,0.9015980495680144,640.7417728900909
N8_E11b_T12a,N8,arxiv_agg_089,aggregate_cross_paper,test,0.6666666666666666,0.9177997513229491,0.5,0.6948221393298719,640.7417728900909
N8_E11b_T12a,N8,arxiv_agg_090,aggregate_cross_paper,train,1.0,0.7684671531305325,1.0,0.9228223843768442,640.7417728900909
N8_E11b_T12a,N8,arxiv_agg_091,aggregate_cross_paper,test,0.5,0.7522689496480108,0.0,0.41742298321600363,640.7417728900909
N8_E11b_T12a,N8,arxiv_agg_092,aggregate_cross_paper,test,1.0,0.8183333047991862,0.5,0.7727777682663954,640.7417728900909
N8_E11b_T12a,N8,arxiv_agg_093,aggregate_cross_paper,train,1.0,0.8957976002416919,1.0,0.9652658667472306,640.7417728900909
N8_E11b_T12a,N8,arxiv_agg_094,aggregate_cross_paper,test,0.2727272727272727,0.9433496337720092,0.0,0.405358968833094,640.7417728900909
N8_E11b_T12a,N8,arxiv_agg_095,aggregate_cross_paper,train,0.875,0.5784883528940729,0.0,0.4844961176313576,640.7417728900909
N8_E11b_T12a,N8,arxiv_agg_096,aggregate_cross_paper,train,1.0,0.8411017559226736,0.0,0.6137005853075578,640.7417728900909
N8_E11b_T12a,N8,arxiv_agg_097,aggregate_cross_paper,test,1.0,0.0,0.25,0.4166666666666667,640.7417728900909
N8_E11b_T12a,N8,arxiv_agg_098,aggregate_cross_paper,test,0.75,0.0,0.0,0.25,640.7417728900909
N8_E11b_T12a,N8,arxiv_agg_099,aggregate_cross_paper,test,1.0,0.0,0.0,0.3333333333333333,640.7417728900909
N8_E11b_T12a,N8,arxiv_edge_034,edge_multihop,test,0.4,0.6450836560759978,0.0,0.3483612186919993,640.7417728900909
N8_E11b_T12a,N8,arxiv_edge_035,edge_multihop,test,1.0,0.8828818983830652,1.0,0.9609606327943551,640.7417728900909
N8_E11b_T12a,N8,arxiv_edge_036,edge_multihop,test,0.3333333333333333,0.0,1.0,0.4444444444444444,640.7417728900909
N8_E11b_T12a,N8,arxiv_edge_037,edge_multihop,train,1.0,0.0,0.0,0.3333333333333333,640.7417728900909
N8_E11b_T12a,N8,arxiv_edge_038,edge_multihop,test,1.0,0.7348913712286032,1.0,0.911630457076201,640.7417728900909
N8_E11b_T12a,N8,arxiv_edge_039,edge_multihop,train,0.8571428571428571,0.5507633118122629,0.5,0.63596872298504,640.7417728900909
N8_E11b_T12a,N8,arxiv_edge_040,edge_multihop,test,0.8,0.0,0.0,0.26666666666666666,640.7417728900909
N8_E11b_T12a,N8,arxiv_edge_041,edge_multihop,test,0.8571428571428571,0.5107237149093636,0.0,0.4559555240174069,640.7417728900909
N8_E11b_T12a,N8,arxiv_edge_042,edge_multihop,test,0.75,0.49517229791484235,0.0,0.41505743263828077,640.7417728900909
N8_E11b_T12a,N8,arxiv_edge_043,edge_multihop,test,0.3333333333333333,0.0,0.75,0.3611111111111111,640.7417728900909
N8_E11b_T12a,N8,arxiv_edge_044,edge_multihop,test,0.4,0.8773208917748616,1.0,0.7591069639249538,640.7417728900909
N8_E11b_T12a,N8,arxiv_edge_045,edge_multihop,train,0.75,0.719417710691162,1.0,0.8231392368970539,640.7417728900909
N8_E11b_T12a,N8,arxiv_edge_046,edge_multihop,test,0.6,0.772623309641002,0.5,0.624207769880334,640.7417728900909
N8_E11b_T12a,N8,arxiv_edge_047,edge_multihop,test,1.0,0.0,0.0,0.3333333333333333,640.7417728900909
N8_E11b_T12a,N8,arxiv_edge_048,edge_multihop,train,0.2857142857142857,0.4603295229224169,0.0,0.24868126954556755,640.7417728900909
N8_E11b_T12a,N8,arxiv_edge_049,edge_multihop,train,0.8333333333333334,0.0,0.25,0.36111111111111116,640.7417728900909
N8_E11b_T12a,N8,arxiv_edge_050,edge_multihop,test,1.0,0.0,0.0,0.3333333333333333,640.7417728900909
N8_E11b_T12a,N8,arxiv_edge_051,edge_multihop,test,0.6666666666666666,0.41414057413962957,0.0,0.3602690802687654,640.7417728900909
N8_E11b_T12a,N8,arxiv_edge_052,edge_multihop,train,0.2,0.635519729345815,0.5,0.4451732431152717,640.7417728900909
N8_E11b_T12a,N8,arxiv_edge_053,edge_multihop,train,0.8,0.679211923867728,1.0,0.826403974622576,640.7417728900909
N8_E11b_T12a,N8,arxiv_edge_054,edge_multihop,train,1.0,0.8079651272843574,0.0,0.6026550424281192,640.7417728900909
N8_E11b_T12a,N8,arxiv_edge_055,edge_multihop,train,0.3333333333333333,0.7146447768496594,1.0,0.6826593700609976,640.7417728900909
N8_E11b_T12a,N8,arxiv_edge_056,edge_multihop,train,0.5714285714285714,0.8647496259626056,0.75,0.728726065797059,640.7417728900909
N8_E11b_T12a,N8,arxiv_edge_057,edge_multihop,train,1.0,0.0,1.0,0.6666666666666666,640.7417728900909
N8_E11b_T12a,N8,arxiv_edge_058,edge_multihop,train,0.6,0.8745766168353746,1.0,0.8248588722784582,640.7417728900909
N8_E11b_T12a,N8,arxiv_edge_059,edge_multihop,train,0.5,0.7131420907549066,0.5,0.5710473635849689,640.7417728900909
N8_E11b_T12a,N8,arxiv_edge_060,edge_multihop,train,0.4,0.0,0.25,0.21666666666666667,640.7417728900909
N8_E11b_T12a,N8,arxiv_edge_061,edge_multihop,test,1.0,0.7682340278885841,1.0,0.9227446759628614,640.7417728900909
N8_E11b_T12a,N8,arxiv_edge_062,edge_multihop,test,1.0,0.0,1.0,0.6666666666666666,640.7417728900909
N8_E11b_T12a,N8,arxiv_edge_063,edge_multihop,train,0.7142857142857143,0.75050821974106,0.5,0.6549313113422581,640.7417728900909
N8_E11b_T12a,N8,arxiv_edge_064,edge_multihop,test,0.5,0.8397767417981337,0.25,0.5299255805993779,640.7417728900909
N8_E11b_T12a,N8,arxiv_edge_065,edge_multihop,train,0.7142857142857143,0.7553572124572614,1.0,0.8232143089143252,640.7417728900909
N8_E11b_T12a,N8,arxiv_edge_066,edge_multihop,train,0.6666666666666666,0.0,0.0,0.2222222222222222,640.7417728900909
N8_E11b_T12a,N8,arxiv_edge_067,edge_multihop,train,1.0,0.9339132961247613,1.0,0.9779710987082537,640.7417728900909
N8_E11b_T12a,N8,arxiv_edge_068,edge_multihop,test,0.3333333333333333,0.8320125660679731,0.75,0.6384486331337688,640.7417728900909
N8_E11b_T12a,N8,arxiv_edge_069,edge_multihop,test,0.8571428571428571,0.7520591547461642,0.5,0.7030673372963404,640.7417728900909
N8_E11b_T12a,N8,arxiv_edge_070,edge_multihop,test,0.8333333333333334,0.7696600775549335,1.0,0.8676644702960891,640.7417728900909
N8_E11b_T12a,N8,arxiv_edge_071,edge_multihop,test,0.8571428571428571,0.6750456243965249,1.0,0.8440628271797941,640.7417728900909
N8_E11b_T12a,N8,arxiv_edge_072,edge_multihop,test,1.0,0.6636017802327342,1.0,0.8878672600775781,640.7417728900909
N8_E11b_T12a,N8,arxiv_edge_073,edge_multihop,train,0.4,0.8171742409161733,0.5,0.5723914136387244,640.7417728900909
N8_E11b_T12a,N8,arxiv_edge_074,edge_multihop,train,0.2,0.8556472485921405,1.0,0.6852157495307134,640.7417728900909
N8_E11b_T12a,N8,arxiv_edge_075,edge_multihop,train,0.5,0.8283415612844157,1.0,0.7761138537614719,640.7417728900909
N8_E11b_T12a,N8,arxiv_edge_076,edge_multihop,train,0.8333333333333334,0.0,0.0,0.2777777777777778,640.7417728900909
N8_E11b_T12a,N8,arxiv_edge_077,edge_multihop,test,0.6,0.8418875121386208,0.0,0.4806291707128736,640.7417728900909
N8_E11b_T12a,N8,arxiv_edge_078,edge_multihop,train,0.6666666666666666,0.0,0.0,0.2222222222222222,640.7417728900909
N8_E11b_T12a,N8,arxiv_edge_079,edge_multihop,train,0.25,0.0,1.0,0.4166666666666667,640.7417728900909
N8_E11b_T12a,N8,arxiv_edge_080,edge_multihop,test,0.6666666666666666,0.0,0.0,0.2222222222222222,640.7417728900909
N8_E11b_T12a,N8,arxiv_edge_081,edge_multihop,train,0.4,0.7330308248518047,0.0,0.3776769416172683,640.7417728900909
N8_E11b_T12a,N8,arxiv_edge_082,edge_multihop,train,0.6,0.48405758777637486,1.0,0.694685862592125,640.7417728900909
N8_E11b_T12a,N8,arxiv_edge_083,edge_multihop,train,1.0,0.7407982109586091,1.0,0.9135994036528697,640.7417728900909
N8_E11b_T12a,N8,arxiv_edge_084,edge_multihop,test,0.7142857142857143,0.7750514762113146,0.0,0.49644573016567634,640.7417728900909
N8_E11b_T12a,N8,arxiv_edge_085,edge_multihop,train,0.3333333333333333,0.0,0.5,0.27777777777777773,640.7417728900909
N8_E11b_T12a,N8,arxiv_edge_086,edge_multihop,train,1.0,0.7763281241383334,1.0,0.9254427080461111,640.7417728900909
N8_E11b_T12a,N8,arxiv_edge_087,edge_multihop,train,1.0,0.74771589894409,1.0,0.91590529964803,640.7417728900909
N8_E11b_T12a,N8,arxiv_edge_088,edge_multihop,train,0.8,0.8662685837282708,1.0,0.8887561945760902,640.7417728900909
N8_E11b_T12a,N8,arxiv_edge_089,edge_multihop,train,0.8333333333333334,0.8593834747105225,1.0,0.8975722693479519,640.7417728900909
N8_E11b_T12a,N8,arxiv_edge_090,edge_multihop,train,1.0,0.7699655120479707,0.0,0.5899885040159902,640.7417728900909
N8_E11b_T12a,N8,arxiv_edge_091,edge_multihop,test,1.0,0.0,0.5,0.5,640.7417728900909
N8_E11b_T12a,N8,arxiv_edge_092,edge_multihop,test,0.7142857142857143,0.5716404921609031,0.0,0.4286420688155392,640.7417728900909
N8_E11b_T12a,N8,arxiv_edge_093,edge_multihop,train,1.0,0.7413974127952292,0.0,0.5804658042650764,640.7417728900909
N8_E11b_T12a,N8,arxiv_edge_094,edge_multihop,test,0.3333333333333333,0.6129139099107859,0.0,0.3154157477480397,640.7417728900909
N8_E11b_T12a,N8,arxiv_edge_095,edge_multihop,test,0.0,0.8700808502557568,0.25,0.37336028341858557,640.7417728900909
N8_E11b_T12a,N8,arxiv_edge_096,edge_multihop,test,1.0,0.7880416330395565,0.0,0.5960138776798521,640.7417728900909
N8_E11b_T12a,N8,arxiv_edge_097,edge_multihop,test,1.0,0.82108011351494,0.0,0.60702670450498,640.7417728900909
N8_E11b_T12a,N8,arxiv_edge_098,edge_multihop,train,0.4,0.7074127004971711,0.0,0.36913756683239035,640.7417728900909
N8_E11b_T12a,N8,arxiv_edge_099,edge_multihop,train,0.8,0.0,0.0,0.26666666666666666,640.7417728900909
N8_E11b_T12a,N8,arxiv_sh_083,single_specific,train,1.0,0.8265008228167603,0.0,0.6088336076055868,640.7417728900909
N8_E11b_T12a,N8,arxiv_sh_084,single_specific,train,1.0,0.0,1.0,0.6666666666666666,640.7417728900909
N8_E11b_T12a,N8,arxiv_sh_085,single_specific,train,0.8333333333333334,0.9799359057663038,1.0,0.9377564130332123,640.7417728900909
N8_E11b_T12a,N8,arxiv_sh_086,single_specific,train,1.0,0.8900807470365515,1.0,0.9633602490121839,640.7417728900909
N8_E11b_T12a,N8,arxiv_sh_087,single_specific,train,0.5,0.0,0.25,0.25,640.7417728900909
N8_E11b_T12a,N8,arxiv_sh_088,single_specific,train,1.0,0.8615670124999852,1.0,0.9538556708333283,640.7417728900909
N8_E11b_T12a,N8,arxiv_sh_089,single_specific,test,0.0,0.0,1.0,0.3333333333333333,640.7417728900909
N8_E11b_T12a,N8,arxiv_sh_090,single_specific,test,1.0,0.9495335452078273,1.0,0.983177848402609,640.7417728900909
N8_E11b_T12a,N8,arxiv_sh_091,single_specific,test,1.0,0.8740760508477695,1.0,0.9580253502825898,640.7417728900909
N8_E11b_T12a,N8,arxiv_sh_092,single_specific,train,0.6,0.730513419511802,1.0,0.776837806503934,640.7417728900909
N8_E11b_T12a,N8,arxiv_sh_093,single_specific,train,1.0,0.8938910649572086,1.0,0.9646303549857361,640.7417728900909
N8_E11b_T12a,N8,arxiv_sh_094,single_specific,train,1.0,0.7285260076221192,1.0,0.9095086692073732,640.7417728900909
N8_E11b_T12a,N8,arxiv_sh_095,single_specific,test,1.0,0.9516147562421026,1.0,0.9838715854140342,640.7417728900909
N8_E11b_T12a,N8,arxiv_sh_096,single_specific,test,1.0,0.882170308885873,1.0,0.9607234362952909,640.7417728900909
N8_E11b_T12a,N8,arxiv_sh_097,single_specific,test,1.0,0.0,0.0,0.3333333333333333,640.7417728900909
N8_E11b_T12a,N8,arxiv_sh_098,single_specific,test,1.0,0.0,0.0,0.3333333333333333,640.7417728900909
N8_E11b_T12a,N8,arxiv_sh_099,single_specific,train,1.0,0.9701143843541642,1.0,0.9900381281180547,640.7417728900909
N8_E11b_T12b,N8,arxiv_agg_033,aggregate_cross_paper,train,1.0,0.0,0.0,0.3333333333333333,619.1253969669342
N8_E11b_T12b,N8,arxiv_agg_034,aggregate_cross_paper,train,1.0,0.8248021968061754,0.0,0.6082673989353918,619.1253969669342
N8_E11b_T12b,N8,arxiv_agg_035,aggregate_cross_paper,train,0.7777777777777778,0.7047619162204057,0.25,0.5775132313327278,619.1253969669342
N8_E11b_T12b,N8,arxiv_agg_036,aggregate_cross_paper,test,0.8,0.8343253718071422,0.0,0.544775123935714,619.1253969669342
N8_E11b_T12b,N8,arxiv_agg_037,aggregate_cross_paper,test,0.5,0.7495019667067462,0.0,0.4165006555689154,619.1253969669342
N8_E11b_T12b,N8,arxiv_agg_038,aggregate_cross_paper,test,0.6,0.8060633838249517,1.0,0.8020211279416506,619.1253969669342
N8_E11b_T12b,N8,arxiv_agg_039,aggregate_cross_paper,train,0.42857142857142855,0.8425177127394466,0.0,0.4236963804369584,619.1253969669342
N8_E11b_T12b,N8,arxiv_agg_040,aggregate_cross_paper,train,0.16666666666666666,0.7297257314513667,0.5,0.4654641327060111,619.1253969669342
N8_E11b_T12b,N8,arxiv_agg_041,aggregate_cross_paper,test,1.0,0.6786872810931985,0.0,0.5595624270310662,619.1253969669342
N8_E11b_T12b,N8,arxiv_agg_042,aggregate_cross_paper,train,0.8571428571428571,0.6598147894051176,0.25,0.5889858821826582,619.1253969669342
N8_E11b_T12b,N8,arxiv_agg_043,aggregate_cross_paper,test,0.5,0.9202119214109108,0.0,0.4734039738036369,619.1253969669342
N8_E11b_T12b,N8,arxiv_agg_044,aggregate_cross_paper,train,1.0,0.0,0.0,0.3333333333333333,619.1253969669342
N8_E11b_T12b,N8,arxiv_agg_045,aggregate_cross_paper,train,0.8,0.7258686961212608,1.0,0.8419562320404204,619.1253969669342
N8_E11b_T12b,N8,arxiv_agg_046,aggregate_cross_paper,test,0.0,0.6378903030576512,0.0,0.21263010101921706,619.1253969669342
N8_E11b_T12b,N8,arxiv_agg_047,aggregate_cross_paper,train,1.0,0.0,0.0,0.3333333333333333,619.1253969669342
N8_E11b_T12b,N8,arxiv_agg_048,aggregate_cross_paper,test,0.6666666666666666,0.7421939889826902,1.0,0.8029535518831189,619.1253969669342
N8_E11b_T12b,N8,arxiv_agg_049,aggregate_cross_paper,train,1.0,0.6261366067826458,0.75,0.7920455355942152,619.1253969669342
N8_E11b_T12b,N8,arxiv_agg_050,aggregate_cross_paper,test,0.6,0.8355468668644548,0.5,0.6451822889548183,619.1253969669342
N8_E11b_T12b,N8,arxiv_agg_051,aggregate_cross_paper,test,0.5714285714285714,0.6429685604649759,0.75,0.6547990439645157,619.1253969669342
N8_E11b_T12b,N8,arxiv_agg_052,aggregate_cross_paper,test,1.0,0.7226052983939265,0.75,0.8242017661313089,619.1253969669342
N8_E11b_T12b,N8,arxiv_agg_053,aggregate_cross_paper,train,0.5555555555555556,0.7198505081756609,0.25,0.5084686879104056,619.1253969669342
N8_E11b_T12b,N8,arxiv_agg_054,aggregate_cross_paper,test,1.0,0.5941674708664809,0.5,0.6980558236221603,619.1253969669342
N8_E11b_T12b,N8,arxiv_agg_055,aggregate_cross_paper,train,1.0,0.9039116947136238,1.0,0.9679705649045413,619.1253969669342
N8_E11b_T12b,N8,arxiv_agg_056,aggregate_cross_paper,test,0.6666666666666666,0.6601569406261074,0.75,0.692274535764258,619.1253969669342
N8_E11b_T12b,N8,arxiv_agg_057,aggregate_cross_paper,test,0.25,0.0,0.0,0.08333333333333333,619.1253969669342
N8_E11b_T12b,N8,arxiv_agg_058,aggregate_cross_paper,test,0.5,0.0,0.0,0.16666666666666666,619.1253969669342
N8_E11b_T12b,N8,arxiv_agg_059,aggregate_cross_paper,test,0.8,0.6511342429186101,0.0,0.4837114143062034,619.1253969669342
N8_E11b_T12b,N8,arxiv_agg_060,aggregate_cross_paper,test,0.6666666666666666,0.7541184225794777,0.25,0.5569283630820481,619.1253969669342
N8_E11b_T12b,N8,arxiv_agg_061,aggregate_cross_paper,test,1.0,0.7289480790239632,0.5,0.7429826930079878,619.1253969669342
N8_E11b_T12b,N8,arxiv_agg_062,aggregate_cross_paper,train,1.0,0.9165209359058091,1.0,0.9721736453019364,619.1253969669342
N8_E11b_T12b,N8,arxiv_agg_063,aggregate_cross_paper,test,0.3333333333333333,0.7664174934472757,0.75,0.6165836089268697,619.1253969669342
N8_E11b_T12b,N8,arxiv_agg_064,aggregate_cross_paper,test,0.375,0.67381653083902,0.0,0.34960551027967335,619.1253969669342
N8_E11b_T12b,N8,arxiv_agg_065,aggregate_cross_paper,train,1.0,0.0,0.0,0.3333333333333333,619.1253969669342
N8_E11b_T12b,N8,arxiv_agg_066,aggregate_cross_paper,train,0.75,0.0,0.0,0.25,619.1253969669342
N8_E11b_T12b,N8,arxiv_agg_067,aggregate_cross_paper,test,0.4,0.7005151344983646,0.0,0.3668383781661215,619.1253969669342
N8_E11b_T12b,N8,arxiv_agg_068,aggregate_cross_paper,test,0.9090909090909091,0.7819196322343224,0.0,0.5636701804417438,619.1253969669342
N8_E11b_T12b,N8,arxiv_agg_069,aggregate_cross_paper,train,0.5,0.656914736168133,0.0,0.3856382453893777,619.1253969669342
N8_E11b_T12b,N8,arxiv_agg_070,aggregate_cross_paper,train,0.8333333333333334,0.953530904137327,0.25,0.6789547458235535,619.1253969669342
N8_E11b_T12b,N8,arxiv_agg_071,aggregate_cross_paper,test,1.0,0.6481067944541165,0.5,0.7160355981513722,619.1253969669342
N8_E11b_T12b,N8,arxiv_agg_072,aggregate_cross_paper,train,0.5,0.0,0.0,0.16666666666666666,619.1253969669342
N8_E11b_T12b,N8,arxiv_agg_073,aggregate_cross_paper,train,0.8571428571428571,0.7826787938426125,1.0,0.8799405503284898,619.1253969669342
N8_E11b_T12b,N8,arxiv_agg_074,aggregate_cross_paper,test,1.0,0.6772638350360083,1.0,0.8924212783453361,619.1253969669342
N8_E11b_T12b,N8,arxiv_agg_075,aggregate_cross_paper,test,0.5714285714285714,0.719822437425556,0.25,0.5137503362847091,619.1253969669342
N8_E11b_T12b,N8,arxiv_agg_076,aggregate_cross_paper,train,0.6666666666666666,0.0,0.0,0.2222222222222222,619.1253969669342
N8_E11b_T12b,N8,arxiv_agg_077,aggregate_cross_paper,train,0.375,0.5588467280637325,1.0,0.6446155760212441,619.1253969669342
N8_E11b_T12b,N8,arxiv_agg_078,aggregate_cross_paper,test,0.8571428571428571,0.6704215635399985,0.0,0.5091881402276185,619.1253969669342
N8_E11b_T12b,N8,arxiv_agg_079,aggregate_cross_paper,test,0.375,0.8620378410839308,0.25,0.4956792803613103,619.1253969669342
N8_E11b_T12b,N8,arxiv_agg_080,aggregate_cross_paper,train,0.5,0.0,0.0,0.16666666666666666,619.1253969669342
N8_E11b_T12b,N8,arxiv_agg_081,aggregate_cross_paper,train,0.75,0.0,0.0,0.25,619.1253969669342
N8_E11b_T12b,N8,arxiv_agg_082,aggregate_cross_paper,test,0.75,0.9253148148532101,0.0,0.5584382716177366,619.1253969669342
N8_E11b_T12b,N8,arxiv_agg_083,aggregate_cross_paper,train,0.75,0.8332690595472237,1.0,0.8610896865157412,619.1253969669342
N8_E11b_T12b,N8,arxiv_agg_084,aggregate_cross_paper,test,1.0,0.0,0.0,0.3333333333333333,619.1253969669342
N8_E11b_T12b,N8,arxiv_agg_085,aggregate_cross_paper,train,0.5714285714285714,0.0,0.0,0.19047619047619047,619.1253969669342
N8_E11b_T12b,N8,arxiv_agg_086,aggregate_cross_paper,test,0.8333333333333334,0.9691238522719775,0.25,0.6841523952017704,619.1253969669342
N8_E11b_T12b,N8,arxiv_agg_087,aggregate_cross_paper,test,1.0,0.7028810273577237,0.0,0.5676270091192412,619.1253969669342
N8_E11b_T12b,N8,arxiv_agg_088,aggregate_cross_paper,train,0.8333333333333334,0.0,1.0,0.6111111111111112,619.1253969669342
N8_E11b_T12b,N8,arxiv_agg_089,aggregate_cross_paper,test,0.6666666666666666,0.9188645570718665,0.5,0.6951770745795111,619.1253969669342
N8_E11b_T12b,N8,arxiv_agg_090,aggregate_cross_paper,train,1.0,0.7674894713956943,1.0,0.9224964904652314,619.1253969669342
N8_E11b_T12b,N8,arxiv_agg_091,aggregate_cross_paper,test,1.0,0.714654548049425,0.0,0.5715515160164749,619.1253969669342
N8_E11b_T12b,N8,arxiv_agg_092,aggregate_cross_paper,test,1.0,0.8183333047991862,0.75,0.8561111015997288,619.1253969669342
N8_E11b_T12b,N8,arxiv_agg_093,aggregate_cross_paper,train,1.0,0.8957976002416919,1.0,0.9652658667472306,619.1253969669342
N8_E11b_T12b,N8,arxiv_agg_094,aggregate_cross_paper,test,0.1111111111111111,0.9428627512768606,0.0,0.3513246207959906,619.1253969669342
N8_E11b_T12b,N8,arxiv_agg_095,aggregate_cross_paper,train,0.5,0.6481512623967897,0.0,0.3827170874655965,619.1253969669342
N8_E11b_T12b,N8,arxiv_agg_096,aggregate_cross_paper,train,1.0,0.0,0.0,0.3333333333333333,619.1253969669342
N8_E11b_T12b,N8,arxiv_agg_097,aggregate_cross_paper,test,0.8333333333333334,0.0,0.25,0.36111111111111116,619.1253969669342
N8_E11b_T12b,N8,arxiv_agg_098,aggregate_cross_paper,test,0.75,0.0,0.0,0.25,619.1253969669342
N8_E11b_T12b,N8,arxiv_agg_099,aggregate_cross_paper,test,1.0,0.0,0.0,0.3333333333333333,619.1253969669342
N8_E11b_T12b,N8,arxiv_edge_034,edge_multihop,test,0.4,0.6452956775969351,0.0,0.3484318925323117,619.1253969669342
N8_E11b_T12b,N8,arxiv_edge_035,edge_multihop,test,0.4,0.8783654031651366,1.0,0.759455134388379,619.1253969669342
N8_E11b_T12b,N8,arxiv_edge_036,edge_multihop,test,0.3333333333333333,0.0,1.0,0.4444444444444444,619.1253969669342
N8_E11b_T12b,N8,arxiv_edge_037,edge_multihop,train,1.0,0.0,0.0,0.3333333333333333,619.1253969669342
N8_E11b_T12b,N8,arxiv_edge_038,edge_multihop,test,0.8,0.7453332601297844,1.0,0.8484444200432616,619.1253969669342
N8_E11b_T12b,N8,arxiv_edge_039,edge_multihop,train,1.0,0.566759698582359,0.0,0.5222532328607863,619.1253969669342
N8_E11b_T12b,N8,arxiv_edge_040,edge_multihop,test,0.8,0.0,0.0,0.26666666666666666,619.1253969669342
N8_E11b_T12b,N8,arxiv_edge_041,edge_multihop,test,0.6666666666666666,0.5105661713002638,0.0,0.39241094598897686,619.1253969669342
N8_E11b_T12b,N8,arxiv_edge_042,edge_multihop,test,1.0,0.5017169977213017,0.0,0.5005723325737672,619.1253969669342
N8_E11b_T12b,N8,arxiv_edge_043,edge_multihop,test,1.0,0.0,0.75,0.5833333333333334,619.1253969669342
N8_E11b_T12b,N8,arxiv_edge_044,edge_multihop,test,0.4,0.8773208917748616,1.0,0.7591069639249538,619.1253969669342
N8_E11b_T12b,N8,arxiv_edge_045,edge_multihop,train,0.4,0.8897012635527259,1.0,0.7632337545175752,619.1253969669342
N8_E11b_T12b,N8,arxiv_edge_046,edge_multihop,test,0.6,0.7973609281223911,0.0,0.46578697604079705,619.1253969669342
N8_E11b_T12b,N8,arxiv_edge_047,edge_multihop,test,1.0,0.0,0.0,0.3333333333333333,619.1253969669342
N8_E11b_T12b,N8,arxiv_edge_048,edge_multihop,train,0.5,0.4603295229224169,0.0,0.32010984097413897,619.1253969669342
N8_E11b_T12b,N8,arxiv_edge_049,edge_multihop,train,1.0,0.0,0.5,0.5,619.1253969669342
N8_E11b_T12b,N8,arxiv_edge_050,edge_multihop,test,0.6666666666666666,0.0,0.0,0.2222222222222222,619.1253969669342
N8_E11b_T12b,N8,arxiv_edge_051,edge_multihop,test,0.8888888888888888,0.414110173080688,0.0,0.4343330206565256,619.1253969669342
N8_E11b_T12b,N8,arxiv_edge_052,edge_multihop,train,0.2,0.635519729345815,0.5,0.4451732431152717,619.1253969669342
N8_E11b_T12b,N8,arxiv_edge_053,edge_multihop,train,1.0,0.6538174135290031,1.0,0.8846058045096677,619.1253969669342
N8_E11b_T12b,N8,arxiv_edge_054,edge_multihop,train,0.8333333333333334,0.8496456951569838,0.0,0.5609930094967724,619.1253969669342
N8_E11b_T12b,N8,arxiv_edge_055,edge_multihop,train,0.5714285714285714,0.7713044367432159,1.0,0.7809110027239291,619.1253969669342
N8_E11b_T12b,N8,arxiv_edge_056,edge_multihop,train,0.75,0.8647589407763223,0.75,0.7882529802587741,619.1253969669342
N8_E11b_T12b,N8,arxiv_edge_057,edge_multihop,train,1.0,0.0,1.0,0.6666666666666666,619.1253969669342
N8_E11b_T12b,N8,arxiv_edge_058,edge_multihop,train,1.0,0.9403639809346951,1.0,0.9801213269782316,619.1253969669342
N8_E11b_T12b,N8,arxiv_edge_059,edge_multihop,train,0.5,0.7131420907549066,0.5,0.5710473635849689,619.1253969669342
N8_E11b_T12b,N8,arxiv_edge_060,edge_multihop,train,0.75,0.0,0.5,0.4166666666666667,619.1253969669342
N8_E11b_T12b,N8,arxiv_edge_061,edge_multihop,test,1.0,0.7272929504822373,1.0,0.9090976501607457,619.1253969669342
N8_E11b_T12b,N8,arxiv_edge_062,edge_multihop,test,1.0,0.0,1.0,0.6666666666666666,619.1253969669342
N8_E11b_T12b,N8,arxiv_edge_063,edge_multihop,train,0.875,0.7802508785907801,0.5,0.7184169595302601,619.1253969669342
N8_E11b_T12b,N8,arxiv_edge_064,edge_multihop,test,0.6,0.9025151221785128,0.25,0.5841717073928376,619.1253969669342
N8_E11b_T12b,N8,arxiv_edge_065,edge_multihop,train,0.7142857142857143,0.7554516259386652,1.0,0.8232457800747932,619.1253969669342
N8_E11b_T12b,N8,arxiv_edge_066,edge_multihop,train,1.0,0.0,0.0,0.3333333333333333,619.1253969669342
N8_E11b_T12b,N8,arxiv_edge_067,edge_multihop,train,1.0,0.9339087280631054,1.0,0.9779695760210352,619.1253969669342
N8_E11b_T12b,N8,arxiv_edge_068,edge_multihop,test,0.25,0.8259887143325118,0.75,0.608662904777504,619.1253969669342
N8_E11b_T12b,N8,arxiv_edge_069,edge_multihop,test,0.8333333333333334,0.7553014447167743,0.5,0.6962115926833693,619.1253969669342
N8_E11b_T12b,N8,arxiv_edge_070,edge_multihop,test,1.0,0.7696932195172242,1.0,0.923231073172408,619.1253969669342
N8_E11b_T12b,N8,arxiv_edge_071,edge_multihop,test,0.8571428571428571,0.6750456243965249,1.0,0.8440628271797941,619.1253969669342
N8_E11b_T12b,N8,arxiv_edge_072,edge_multihop,test,1.0,0.6636977858312479,1.0,0.8878992619437494,619.1253969669342
N8_E11b_T12b,N8,arxiv_edge_073,edge_multihop,train,0.6,0.8171742409161733,0.5,0.6390580803053911,619.1253969669342
N8_E11b_T12b,N8,arxiv_edge_074,edge_multihop,train,0.2,0.859249882837735,1.0,0.6864166276125783,619.1253969669342
N8_E11b_T12b,N8,arxiv_edge_075,edge_multihop,train,0.2857142857142857,0.8283415612844157,1.0,0.7046852823329005,619.1253969669342
N8_E11b_T12b,N8,arxiv_edge_076,edge_multihop,train,0.8,0.0,0.0,0.26666666666666666,619.1253969669342
N8_E11b_T12b,N8,arxiv_edge_077,edge_multihop,test,0.6,0.7590671307174954,0.0,0.45302237690583186,619.1253969669342
N8_E11b_T12b,N8,arxiv_edge_078,edge_multihop,train,0.0,0.0,0.0,0.0,619.1253969669342
N8_E11b_T12b,N8,arxiv_edge_079,edge_multihop,train,0.25,0.0,1.0,0.4166666666666667,619.1253969669342
N8_E11b_T12b,N8,arxiv_edge_080,edge_multihop,test,1.0,0.0,0.0,0.3333333333333333,619.1253969669342
N8_E11b_T12b,N8,arxiv_edge_081,edge_multihop,train,0.4,0.7033240768353344,0.0,0.3677746922784448,619.1253969669342
N8_E11b_T12b,N8,arxiv_edge_082,edge_multihop,train,0.8,0.515174005140672,1.0,0.771724668380224,619.1253969669342
N8_E11b_T12b,N8,arxiv_edge_083,edge_multihop,train,0.6,0.7870279919255875,1.0,0.7956759973085292,619.1253969669342
N8_E11b_T12b,N8,arxiv_edge_084,edge_multihop,test,0.6,0.7858434998937502,0.0,0.4619478332979168,619.1253969669342
N8_E11b_T12b,N8,arxiv_edge_085,edge_multihop,train,0.3333333333333333,0.0,1.0,0.4444444444444444,619.1253969669342
N8_E11b_T12b,N8,arxiv_edge_086,edge_multihop,train,1.0,0.771524204804551,1.0,0.923841401601517,619.1253969669342
N8_E11b_T12b,N8,arxiv_edge_087,edge_multihop,train,1.0,0.7545399030332199,1.0,0.91817996767774,619.1253969669342
N8_E11b_T12b,N8,arxiv_edge_088,edge_multihop,train,1.0,0.7874064043947752,1.0,0.9291354681315918,619.1253969669342
N8_E11b_T12b,N8,arxiv_edge_089,edge_multihop,train,1.0,0.9174964650292369,1.0,0.9724988216764122,619.1253969669342
N8_E11b_T12b,N8,arxiv_edge_090,edge_multihop,train,0.7142857142857143,0.7766410389791071,0.0,0.4969755844216071,619.1253969669342
N8_E11b_T12b,N8,arxiv_edge_091,edge_multihop,test,0.75,0.0,0.5,0.4166666666666667,619.1253969669342
N8_E11b_T12b,N8,arxiv_edge_092,edge_multihop,test,0.7142857142857143,0.5952572652988765,0.0,0.43651432652819694,619.1253969669342
N8_E11b_T12b,N8,arxiv_edge_093,edge_multihop,train,0.6,0.7432420450897692,0.0,0.4477473483632564,619.1253969669342
N8_E11b_T12b,N8,arxiv_edge_094,edge_multihop,test,0.5714285714285714,0.0,0.0,0.19047619047619047,619.1253969669342
N8_E11b_T12b,N8,arxiv_edge_095,edge_multihop,test,0.6666666666666666,0.8811030261909144,0.25,0.5992565642858604,619.1253969669342
N8_E11b_T12b,N8,arxiv_edge_096,edge_multihop,test,1.0,0.8327578854805785,0.0,0.6109192951601928,619.1253969669342
N8_E11b_T12b,N8,arxiv_edge_097,edge_multihop,test,0.3333333333333333,0.7719694980746503,0.0,0.3684342771359945,619.1253969669342
N8_E11b_T12b,N8,arxiv_edge_098,edge_multihop,train,0.5,0.6975048289645839,0.0,0.399168276321528,619.1253969669342
N8_E11b_T12b,N8,arxiv_edge_099,edge_multihop,train,1.0,0.0,0.0,0.3333333333333333,619.1253969669342
N8_E11b_T12b,N8,arxiv_sh_083,single_specific,train,1.0,0.8709457877505278,0.5,0.7903152625835093,619.1253969669342
N8_E11b_T12b,N8,arxiv_sh_084,single_specific,train,1.0,0.0,1.0,0.6666666666666666,619.1253969669342
N8_E11b_T12b,N8,arxiv_sh_085,single_specific,train,0.8333333333333334,0.9799390836457492,1.0,0.937757472326361,619.1253969669342
N8_E11b_T12b,N8,arxiv_sh_086,single_specific,train,1.0,0.8900690497543713,1.0,0.9633563499181238,619.1253969669342
N8_E11b_T12b,N8,arxiv_sh_087,single_specific,train,0.5,0.0,0.25,0.25,619.1253969669342
N8_E11b_T12b,N8,arxiv_sh_088,single_specific,train,1.0,0.8615596198750058,1.0,0.953853206625002,619.1253969669342
N8_E11b_T12b,N8,arxiv_sh_089,single_specific,test,0.0,0.0,1.0,0.3333333333333333,619.1253969669342
N8_E11b_T12b,N8,arxiv_sh_090,single_specific,test,0.8,0.9495394673736032,1.0,0.9165131557912011,619.1253969669342
N8_E11b_T12b,N8,arxiv_sh_091,single_specific,test,1.0,0.8740760508477695,1.0,0.9580253502825898,619.1253969669342
N8_E11b_T12b,N8,arxiv_sh_092,single_specific,train,0.75,0.7267533364412441,1.0,0.8255844454804148,619.1253969669342
N8_E11b_T12b,N8,arxiv_sh_093,single_specific,train,1.0,0.9541262831627862,1.0,0.9847087610542621,619.1253969669342
N8_E11b_T12b,N8,arxiv_sh_094,single_specific,train,1.0,0.7285621484454367,1.0,0.9095207161484788,619.1253969669342
N8_E11b_T12b,N8,arxiv_sh_095,single_specific,test,1.0,0.9516147562421026,1.0,0.9838715854140342,619.1253969669342
N8_E11b_T12b,N8,arxiv_sh_096,single_specific,test,1.0,0.882170308885873,1.0,0.9607234362952909,619.1253969669342
N8_E11b_T12b,N8,arxiv_sh_097,single_specific,test,1.0,0.0,0.0,0.3333333333333333,619.1253969669342
N8_E11b_T12b,N8,arxiv_sh_098,single_specific,test,1.0,0.0,0.0,0.3333333333333333,619.1253969669342
N8_E11b_T12b,N8,arxiv_sh_099,single_specific,train,1.0,0.9103429167484465,1.0,0.9701143055828155,619.1253969669342
