Task_Idx,Node_Idx,Edge_Idx,Text_Idx,task_type,KL,Top1,Top3,Cosine,Accuracy,F1,MAE,MSE,R2,Primary_Metric,Primary_Value,Performance_Band,S_GNN_step1,S_MLP_step1,Final_Score,raw_gnn_score,unclamped_score,scoring_formula,normalized_score,number_of_nodes,avg_text_length,text_vocab_entropy,label_balance_entropy,output_dimension,run_split,degenerate,nan_reason,Predicted_Value,True_Value,sample_idx
M1,N7,E10b,T12a,categorical,1.9348722696304321,0.4532871972318339,0.7820069204152249,0.5178107619285583,0.4532871972318339,,,,0.011358254263675316,final_score,0.0,,0.011358254263675316,0.033173807350928786,0.0,0.011358254263675316,-0.022564089857226136,graph_lift,0.0,962,76.938,7.141466898934765,1.981530023253645,16,train,False,,,,0
M5,N7,E10b,T12a,global_categorical,,,,,,,,,0.19037123024463654,final_score,0.0,,0.0,0.0,0.0,0.0,0.0,graph_lift,0.0,962,76.938,7.141466898934765,,16,train,False,,,,0
M1,N7,E10b,T12a,categorical,1.7626420259475708,0.5017182130584192,0.7663230240549829,0.5542467832565308,0.5017182130584192,,,,0.07133682086507587,final_score,0.0,,0.07133682086507587,0.12585027924564995,0.0,0.07133682086507587,-0.06236169512647277,graph_lift,0.0,970,74.069,7.1297280538273515,1.938480051029979,16,train,False,,,,1
M5,N7,E10b,T12a,global_categorical,,,,,,,,,0.20939227938652039,final_score,0.0,,0.0,0.0,0.0,0.0,0.0,graph_lift,0.0,970,74.069,7.1297280538273515,,16,train,False,,,,1
M1,N7,E10b,T12a,categorical,1.7311357259750366,0.48109965635738833,0.8487972508591065,0.5467808842658997,0.48109965635738833,,,,0.055385573935748056,final_score,0.0,,0.055385573935748056,0.10868280407336339,0.0,0.055385573935748056,-0.059796030393204906,graph_lift,0.0,969,69.989,7.153797856433556,1.9092710339652281,16,train,False,,,,2
M5,N7,E10b,T12a,global_categorical,,,,,,,,,0.20049822330474854,final_score,0.0,,0.0,0.0,0.0,0.0,0.0,graph_lift,0.0,969,69.989,7.153797856433556,,16,train,False,,,,2
M1,N7,E10b,T12a,categorical,1.7011507749557495,0.5241379310344828,0.8137931034482758,0.5664160251617432,0.5241379310344828,,,,0.09445232480458154,final_score,0.0,,0.09445232480458154,0.16305259321608356,0.0,0.09445232480458154,-0.0819648497091446,graph_lift,0.0,965,69.917,7.128457081857102,1.9078331533390003,16,train,False,,,,3
M5,N7,E10b,T12a,global_categorical,,,,,,,,,0.1927253007888794,final_score,0.0,,0.0,0.0,0.0,0.0,0.0,graph_lift,0.0,965,69.917,7.128457081857102,,16,train,False,,,,3
M1,N7,E10b,T12a,categorical,1.7914127111434937,0.4915254237288136,0.8033898305084746,0.5436025261878967,0.4915254237288136,,,,0.01570949830667323,final_score,0.0,,0.01570949830667323,0.0351549901899475,0.0,0.01570949830667323,-0.020154005757984355,graph_lift,0.0,981,69.616,7.1649466236313,1.8300692043804085,16,train,False,,,,4
M5,N7,E10b,T12a,global_categorical,,,,,,,,,0.2140466868877411,final_score,0.0,,0.0,0.0,0.0,0.0,0.0,graph_lift,0.0,981,69.616,7.1649466236313,,16,train,False,,,,4
M1,N7,E10b,T12a,categorical,1.6820294857025146,0.5498281786941581,0.7800687285223368,0.5860888957977295,0.5498281786941581,,,,0.1387409690880551,final_score,0.0,,0.1387409690880551,0.2031617964824013,0.0,0.1387409690880551,-0.08084555573510903,graph_lift,0.0,967,70.535,7.13501214397503,2.0196009763851985,16,train,False,,,,5
M5,N7,E10b,T12a,global_categorical,,,,,,,,,0.19491881132125854,final_score,0.0,,0.0,0.0,0.0,0.0,0.0,graph_lift,0.0,967,70.535,7.13501214397503,,16,train,False,,,,5
M1,N7,E10b,T12a,categorical,1.8994592428207397,0.4452054794520548,0.7157534246575342,0.503045380115509,0.4452054794520548,,,,0.06529492678349857,final_score,0.0,,0.06529492678349857,0.12421188232078872,0.0,0.06529492678349857,-0.06727307021864687,graph_lift,0.0,971,70.191,7.148194392697357,2.0234388805453887,16,train,False,,,,6
M5,N7,E10b,T12a,global_categorical,,,,,,,,,0.17702123522758484,final_score,0.0,,0.0,0.0,0.0,0.0,0.0,graph_lift,0.0,971,70.191,7.148194392697357,,16,train,False,,,,6
M1,N7,E10b,T12a,categorical,1.7484713792800903,0.5034246575342466,0.797945205479452,0.5479946136474609,0.5034246575342466,,,,0.15654661402547332,final_score,0.0,,0.15654661402547332,0.1863539587525227,0.0,0.15654661402547332,-0.03663428962469839,graph_lift,0.0,972,73.941,7.1424797659124994,2.0053821031845356,16,train,False,,,,7
M5,N7,E10b,T12a,global_categorical,,,,,,,,,0.14109040796756744,final_score,0.0,,0.0,0.0,0.0,0.0,0.0,graph_lift,0.0,972,73.941,7.1424797659124994,,16,train,False,,,,7
M1,N7,E10b,T12a,categorical,1.6956675052642822,0.5517241379310345,0.803448275862069,0.5936337113380432,0.5517241379310345,,,,0.13127478988742414,final_score,0.0,,0.13127478988742414,0.18207089671933796,0.0,0.13127478988742414,-0.062103312656529575,graph_lift,0.0,964,71.6,7.140038973690058,1.9604049795123717,16,train,False,,,,8
M5,N7,E10b,T12a,global_categorical,,,,,,,,,0.15058307349681854,final_score,0.0,,0.0,0.0,0.0,0.0,0.0,graph_lift,0.0,964,71.6,7.140038973690058,,16,train,False,,,,8
M1,N7,E10b,T12a,categorical,1.815954566001892,0.47619047619047616,0.7653061224489796,0.5318736433982849,0.47619047619047616,,,,0.11268859616600124,final_score,0.0,,0.11268859616600124,0.13497346920578646,0.0,0.11268859616600124,-0.02576206884582445,graph_lift,0.0,977,70.351,7.132462119219065,1.9817084222976713,16,train,False,,,,9
M5,N7,E10b,T12a,global_categorical,,,,,,,,,0.18901687860488892,final_score,0.0,,0.0,0.0,0.0,0.0,0.0,graph_lift,0.0,977,70.351,7.132462119219065,,16,train,False,,,,9
M1,N7,E10b,T12a,categorical,1.564332127571106,0.5601374570446735,0.8247422680412371,0.612002968788147,0.5601374570446735,,,,0.1717604774034469,final_score,0.0,,0.1717604774034469,0.20990064903610706,0.0,0.1717604774034469,-0.048272627469103095,graph_lift,0.0,967,57.422,7.213133599543529,1.9750384095070497,16,test,False,,,,0
M5,N7,E10b,T12a,global_categorical,,,,,,,,,0.16474369168281555,final_score,0.0,,0.0,0.0,0.0,0.0,0.0,graph_lift,0.0,967,57.422,7.213133599543529,,16,test,False,,,,0
M1,N7,E10b,T12a,categorical,1.8364427089691162,0.4520547945205479,0.8082191780821918,0.5126732587814331,0.4520547945205479,,,,0.007204335777304394,final_score,0.0,,0.007204335777304394,0.018590700615580547,0.0,0.007204335777304394,-0.011602055172513805,graph_lift,0.0,971,63.43,7.211801302439527,1.9568231726956764,16,test,False,,,,1
M5,N7,E10b,T12a,global_categorical,,,,,,,,,0.18746201694011688,final_score,0.0,,0.0,0.0,0.0,0.0,0.0,graph_lift,0.0,971,63.43,7.211801302439527,,16,test,False,,,,1
M1,N7,E10b,T12a,categorical,1.6842702627182007,0.5121107266435986,0.7889273356401384,0.5644381642341614,0.5121107266435986,,,,0.12683310786042779,final_score,0.02449621824627442,,0.12683310786042779,0.10490670720945416,0.02449621824627442,0.12683310786042779,0.02449621824627442,graph_lift,2.449621824627442,963,59.785,7.201816428097779,1.966258303092216,16,test,False,,,,2
M5,N7,E10b,T12a,global_categorical,,,,,,,,,0.19130182266235352,final_score,0.0,,0.0,0.0,0.0,0.0,0.0,graph_lift,0.0,963,59.785,7.201816428097779,,16,test,False,,,,2
M1,N7,E10b,T12a,categorical,1.5140001773834229,0.5625,0.8229166666666666,0.6050078272819519,0.5625,,,,0.2362890781930539,final_score,0.06114902039584209,,0.2362890781930539,0.1865472387013486,0.06114902039584209,0.2362890781930539,0.06114902039584209,graph_lift,6.114902039584209,957,60.623,7.2097113616036435,1.978560088290459,16,test,False,,,,3
M5,N7,E10b,T12a,global_categorical,,,,,,,,,0.14295849204063416,final_score,0.0,,0.0,0.0,0.0,0.0,0.0,graph_lift,0.0,957,60.623,7.2097113616036435,,16,test,False,,,,3
M1,N7,E10b,T12a,categorical,1.8849774599075317,0.4532871972318339,0.8027681660899654,0.5281393527984619,0.4532871972318339,,,,0.08404499008187472,final_score,0.0,,0.08404499008187472,0.15863951378249452,0.0,0.08404499008187472,-0.0886594092812387,graph_lift,0.0,963,62.978,7.179364614782461,1.955313784561953,16,test,False,,,,4
M5,N7,E10b,T12a,global_categorical,,,,,,,,,0.16351337730884552,final_score,0.0,,0.0,0.0,0.0,0.0,0.0,graph_lift,0.0,963,62.978,7.179364614782461,,16,test,False,,,,4
M1,N7,E10b,T12a,categorical,1.8328043222427368,0.5051546391752577,0.7663230240549829,0.5458465814590454,0.5051546391752577,,,,0.07293069956088472,final_score,0.0,,0.07293069956088472,0.07877223823623958,0.0,0.07293069956088472,-0.006341036297224471,graph_lift,0.0,967,61.334,7.18834942950418,1.9166591813142921,16,test,False,,,,5
M5,N7,E10b,T12a,global_categorical,,,,,,,,,0.13863885402679443,final_score,0.0,,0.0,0.0,0.0,0.0,0.0,graph_lift,0.0,967,61.334,7.18834942950418,,16,test,False,,,,5
M1,N7,E10b,T12a,categorical,1.7561869621276855,0.5052264808362369,0.8257839721254355,0.5507532954216003,0.5052264808362369,,,,0.11525996044897635,final_score,0.0,,0.11525996044897635,0.1929205746105056,0.0,0.11525996044897635,-0.09622425218441226,graph_lift,0.0,956,63.848,7.207983939307957,1.9988043776548188,16,test,False,,,,6
M5,N7,E10b,T12a,global_categorical,,,,,,,,,0.1971384584903717,final_score,0.0,,0.0,0.0,0.0,0.0,0.0,graph_lift,0.0,956,63.848,7.207983939307957,,16,test,False,,,,6
M1,N7,E10b,T12a,categorical,1.650585651397705,0.5244755244755245,0.8006993006993007,0.5757550597190857,0.5244755244755245,,,,0.15657067781067813,final_score,0.0045069291332501885,,0.15657067781067813,0.1527521919816378,0.0045069291332501885,0.15657067781067813,0.0045069291332501885,graph_lift,0.4506929133250188,953,62.177,7.1932608618988,1.9454565121371272,16,test,False,,,,7
M5,N7,E10b,T12a,global_categorical,,,,,,,,,0.1934390664100647,final_score,0.0,,0.0,0.0,0.0,0.0,0.0,graph_lift,0.0,953,62.177,7.1932608618988,,16,test,False,,,,7
M1,N7,E10b,T12a,categorical,1.654663324356079,0.5209790209790209,0.7867132867132867,0.5780974626541138,0.5209790209790209,,,,0.2003646565897771,final_score,0.0,,0.2003646565897771,0.2957742099365053,0.0,0.2003646565897771,-0.13548148149775346,graph_lift,0.0,952,64.748,7.177010842874952,2.0524165993573433,16,test,False,,,,8
M5,N7,E10b,T12a,global_categorical,,,,,,,,,0.12383748590946198,final_score,0.0,,0.0,0.0,0.0,0.0,0.0,graph_lift,0.0,952,64.748,7.177010842874952,,16,test,False,,,,8
M1,N7,E10b,T12a,categorical,1.8933082818984985,0.4570446735395189,0.7800687285223368,0.5319225192070007,0.4570446735395189,,,,0.007116421170173304,final_score,0.007116421170173304,,0.007116421170173304,0.0,0.007116421170173304,0.007116421170173304,0.007116421170173304,graph_lift,0.7116421170173304,968,64.026,7.2206672804027825,1.934793749073668,16,test,False,,,,9
M5,N7,E10b,T12a,global_categorical,,,,,,,,,0.17241257429122925,final_score,0.0,,0.0,0.0,0.0,0.0,0.0,graph_lift,0.0,968,64.026,7.2206672804027825,,16,test,False,,,,9
M1,N7,E10b,T12b,categorical,1.8999749422073364,0.44982698961937717,0.7508650519031141,0.5200498104095459,0.44982698961937717,,,,0.029189380747179028,final_score,0.0,,0.029189380747179028,0.0676289591617586,0.0,0.029189380747179028,-0.04122776955837318,graph_lift,0.0,962,17.273,7.15585862999057,1.981530023253645,16,train,False,,,,0
M5,N7,E10b,T12b,global_categorical,,,,,,,,,0.20754587650299072,final_score,0.0,,0.0,0.0,0.0,0.0,0.0,graph_lift,0.0,962,17.273,7.15585862999057,,16,train,False,,,,0
M1,N7,E10b,T12b,categorical,1.793353796005249,0.4948453608247423,0.7663230240549829,0.5456777811050415,0.4948453608247423,,,,0.05515604383946748,final_score,0.0,,0.05515604383946748,0.058481575533351426,0.0,0.05515604383946748,-0.0035320941231370916,graph_lift,0.0,970,17.422,7.144439704509467,1.938480051029979,16,train,False,,,,1
M5,N7,E10b,T12b,global_categorical,,,,,,,,,0.19727957248687744,final_score,0.0,,0.0,0.0,0.0,0.0,0.0,graph_lift,0.0,970,17.422,7.144439704509467,,16,train,False,,,,1
M1,N7,E10b,T12b,categorical,1.816032886505127,0.49828178694158076,0.7628865979381443,0.5368372201919556,0.49828178694158076,,,,0.009060438708992202,final_score,0.0,,0.009060438708992202,0.11708882562678358,0.0,0.009060438708992202,-0.12235476235135583,graph_lift,0.0,969,17.321,7.1787173295422875,1.9092710339652281,16,train,False,,,,2
M5,N7,E10b,T12b,global_categorical,,,,,,,,,0.2464614063501358,final_score,0.0,,0.0,0.0,0.0,0.0,0.0,graph_lift,0.0,969,17.321,7.1787173295422875,,16,train,False,,,,2
M1,N7,E10b,T12b,categorical,1.6630611419677734,0.5413793103448276,0.8379310344827586,0.5899423360824585,0.5413793103448276,,,,0.11472804765755007,final_score,0.007892860792907092,,0.11472804765755007,0.10768513061001384,0.007892860792907092,0.11472804765755007,0.007892860792907092,graph_lift,0.7892860792907093,965,17.134,7.20532735501493,1.9078331533390003,16,train,False,,,,3
M5,N7,E10b,T12b,global_categorical,,,,,,,,,0.16562825441360474,final_score,0.0,,0.0,0.0,0.0,0.0,0.0,graph_lift,0.0,965,17.134,7.20532735501493,,16,train,False,,,,3
M1,N7,E10b,T12b,categorical,1.763263463973999,0.5322033898305085,0.7966101694915254,0.5618100762367249,0.5322033898305085,,,,0.031176061539308075,final_score,0.0,,0.031176061539308075,0.07235656912014421,0.0,0.031176061539308075,-0.04439260410843102,graph_lift,0.0,981,17.473,7.1593385927681155,1.8300692043804085,16,train,False,,,,4
M5,N7,E10b,T12b,global_categorical,,,,,,,,,0.22082370519638062,final_score,0.0,,0.0,0.0,0.0,0.0,0.0,graph_lift,0.0,981,17.473,7.1593385927681155,,16,train,False,,,,4
M1,N7,E10b,T12b,categorical,1.5846434831619263,0.5429553264604811,0.7972508591065293,0.5997142195701599,0.5429553264604811,,,,0.1886060692367768,final_score,0.0,,0.1886060692367768,0.2360694773433546,0.0,0.1886060692367768,-0.06213052980462019,graph_lift,0.0,967,17.484,7.135929587874143,2.0196009763851985,16,train,False,,,,5
M5,N7,E10b,T12b,global_categorical,,,,,,,,,0.1727278232574463,final_score,0.0,,0.0,0.0,0.0,0.0,0.0,graph_lift,0.0,967,17.484,7.135929587874143,,16,train,False,,,,5
M1,N7,E10b,T12b,categorical,1.940997838973999,0.4315068493150685,0.7534246575342466,0.5035238265991211,0.4315068493150685,,,,0.044854190836363106,final_score,0.0,,0.044854190836363106,0.10079708440302293,0.0,0.044854190836363106,-0.06221387030258856,graph_lift,0.0,971,17.201,7.1907063481437525,2.0234388805453887,16,train,False,,,,6
M5,N7,E10b,T12b,global_categorical,,,,,,,,,0.1797233670949936,final_score,0.0,,0.0,0.0,0.0,0.0,0.0,graph_lift,0.0,971,17.201,7.1907063481437525,,16,train,False,,,,6
M1,N7,E10b,T12b,categorical,1.7929693460464478,0.5171232876712328,0.7945205479452054,0.5688453316688538,0.5171232876712328,,,,0.13508102633185626,final_score,0.0,,0.13508102633185626,0.20779620376396968,0.0,0.13508102633185626,-0.09178847384675819,graph_lift,0.0,972,17.364,7.203751177843076,2.0053821031845356,16,train,False,,,,7
M5,N7,E10b,T12b,global_categorical,,,,,,,,,0.09947089850902557,final_score,0.0,,0.0,0.0,0.0,0.0,0.0,graph_lift,0.0,972,17.364,7.203751177843076,,16,train,False,,,,7
M1,N7,E10b,T12b,categorical,1.7573442459106445,0.4827586206896552,0.7551724137931034,0.5460678339004517,0.4827586206896552,,,,0.09967657570279687,final_score,0.0,,0.09967657570279687,0.11350920484203753,0.0,0.09967657570279687,-0.015603804590859676,graph_lift,0.0,964,17.769,7.120862889859291,1.9604049795123717,16,train,False,,,,8
M5,N7,E10b,T12b,global_categorical,,,,,,,,,0.20021532475948334,final_score,0.0,,0.0,0.0,0.0,0.0,0.0,graph_lift,0.0,964,17.769,7.120862889859291,,16,train,False,,,,8
M1,N7,E10b,T12b,categorical,1.8315550088882446,0.54421768707483,0.7551020408163265,0.5694348216056824,0.54421768707483,,,,0.10506588090869229,final_score,0.0,,0.10506588090869229,0.11443405249677752,0.0,0.10506588090869229,-0.010578739634804147,graph_lift,0.0,977,17.37,7.1719851851068945,1.9817084222976713,16,train,False,,,,9
M5,N7,E10b,T12b,global_categorical,,,,,,,,,0.16004130244255066,final_score,0.0,,0.0,0.0,0.0,0.0,0.0,graph_lift,0.0,977,17.37,7.1719851851068945,,16,train,False,,,,9
M1,N7,E10b,T12b,categorical,1.642544150352478,0.570446735395189,0.8041237113402062,0.6047489047050476,0.570446735395189,,,,0.13035091658610076,final_score,0.0,,0.13035091658610076,0.1556723863487205,0.0,0.13035091658610076,-0.02999010023267804,graph_lift,0.0,967,17.394,7.1709450156383285,1.9750384095070497,16,test,False,,,,0
M5,N7,E10b,T12b,global_categorical,,,,,,,,,0.15210658311843872,final_score,0.0,,0.0,0.0,0.0,0.0,0.0,graph_lift,0.0,967,17.394,7.1709450156383285,,16,test,False,,,,0
M1,N7,E10b,T12b,categorical,1.804132103919983,0.4965753424657534,0.8013698630136986,0.5517323613166809,0.4965753424657534,,,,0.024671700153183207,final_score,0.0,,0.024671700153183207,0.09710084103882555,0.0,0.024671700153183207,-0.08021841660476822,graph_lift,0.0,971,17.309,7.1374000358544025,1.9568231726956764,16,test,False,,,,1
M5,N7,E10b,T12b,global_categorical,,,,,,,,,0.1649847775697708,final_score,0.0,,0.0,0.0,0.0,0.0,0.0,graph_lift,0.0,971,17.309,7.1374000358544025,,16,test,False,,,,1
M1,N7,E10b,T12b,categorical,1.6332981586456299,0.5363321799307958,0.7681660899653979,0.5800338983535767,0.5363321799307958,,,,0.15325827326440244,final_score,0.0,,0.15325827326440244,0.162252901330458,0.0,0.15325827326440244,-0.01073668662098653,graph_lift,0.0,963,17.016,7.146291278643223,1.966258303092216,16,test,False,,,,2
M5,N7,E10b,T12b,global_categorical,,,,,,,,,0.16901496052742004,final_score,0.0,,0.0,0.0,0.0,0.0,0.0,graph_lift,0.0,963,17.016,7.146291278643223,,16,test,False,,,,2
M1,N7,E10b,T12b,categorical,1.6904882192611694,0.5347222222222222,0.7777777777777778,0.5710623264312744,0.5347222222222222,,,,0.14726277594652615,final_score,0.0,,0.14726277594652615,0.21969080818596198,0.0,0.14726277594652615,-0.09281965789875862,graph_lift,0.0,957,17.164,7.162518493976714,1.978560088290459,16,test,False,,,,3
M5,N7,E10b,T12b,global_categorical,,,,,,,,,0.221811443567276,final_score,0.0,,0.0,0.0,0.0,0.0,0.0,graph_lift,0.0,957,17.164,7.162518493976714,,16,test,False,,,,3
M1,N7,E10b,T12b,categorical,1.8192856311798096,0.48788927335640137,0.7993079584775087,0.5409482717514038,0.48788927335640137,,,,0.11596617544177967,final_score,0.0,,0.11596617544177967,0.1415865880715057,0.0,0.11596617544177967,-0.02984623990457899,graph_lift,0.0,963,17.647,7.11608008867243,1.955313784561953,16,test,False,,,,4
M5,N7,E10b,T12b,global_categorical,,,,,,,,,0.11452466994524002,final_score,0.0,,0.0,0.0,0.0,0.0,0.0,graph_lift,0.0,963,17.647,7.11608008867243,,16,test,False,,,,4
M1,N7,E10b,T12b,categorical,1.7187230587005615,0.5017182130584192,0.7903780068728522,0.5615020394325256,0.5017182130584192,,,,0.13063532210100604,final_score,0.01243752209590837,,0.13063532210100604,0.1196864022780102,0.01243752209590837,0.13063532210100604,0.01243752209590837,graph_lift,1.2437522095908369,967,17.267,7.171865370016716,1.9166591813142921,16,test,False,,,,5
M5,N7,E10b,T12b,global_categorical,,,,,,,,,0.1419937163591385,final_score,0.0,,0.0,0.0,0.0,0.0,0.0,graph_lift,0.0,967,17.267,7.171865370016716,,16,test,False,,,,5
M1,N7,E10b,T12b,categorical,1.7962586879730225,0.5331010452961672,0.7665505226480837,0.5553084015846252,0.5331010452961672,,,,0.09507244985571739,final_score,0.0,,0.09507244985571739,0.12873565718274915,0.0,0.09507244985571739,-0.038637191576302896,graph_lift,0.0,956,17.143,7.162024452376859,1.9988043776548188,16,test,False,,,,6
M5,N7,E10b,T12b,global_categorical,,,,,,,,,0.1787293553352356,final_score,0.0,,0.0,0.0,0.0,0.0,0.0,graph_lift,0.0,956,17.143,7.162024452376859,,16,test,False,,,,6
M1,N7,E10b,T12b,categorical,1.6082566976547241,0.5174825174825175,0.7972027972027972,0.5770627856254578,0.5174825174825175,,,,0.17820025829522312,final_score,0.0,,0.17820025829522312,0.21184161353490527,0.0,0.17820025829522312,-0.0426834958777312,graph_lift,0.0,953,17.788,7.127688663585711,1.9454565121371272,16,test,False,,,,7
M5,N7,E10b,T12b,global_categorical,,,,,,,,,0.20264720916748047,final_score,0.0,,0.0,0.0,0.0,0.0,0.0,graph_lift,0.0,953,17.788,7.127688663585711,,16,test,False,,,,7
M1,N7,E10b,T12b,categorical,1.6814285516738892,0.5384615384615384,0.7727272727272727,0.5881572365760803,0.5384615384615384,,,,0.18743006313989974,final_score,0.06183752188861385,,0.18743006313989974,0.13387077844353368,0.06183752188861385,0.18743006313989974,0.06183752188861385,graph_lift,6.1837521888613844,952,17.143,7.155143202059193,2.0524165993573433,16,test,False,,,,8
M5,N7,E10b,T12b,global_categorical,,,,,,,,,0.14590716361999512,final_score,0.0,,0.0,0.0,0.0,0.0,0.0,graph_lift,0.0,952,17.143,7.155143202059193,,16,test,False,,,,8
M1,N7,E10b,T12b,categorical,1.8777652978897095,0.4845360824742268,0.7285223367697594,0.5440240502357483,0.4845360824742268,,,,0.015267434181436168,final_score,0.0,,0.015267434181436168,0.019732810002477064,0.0,0.015267434181436168,-0.004555263979662707,graph_lift,0.0,968,17.993,7.166414327032961,1.934793749073668,16,test,False,,,,9
M5,N7,E10b,T12b,global_categorical,,,,,,,,,0.18713244795799255,final_score,0.0,,0.0,0.0,0.0,0.0,0.0,graph_lift,0.0,968,17.993,7.166414327032961,,16,test,False,,,,9
M1,N7,E10b,T12e,categorical,2.012843132019043,0.3771626297577855,0.7024221453287197,0.47860848903656006,0.3771626297577855,,,,-0.028481695302675858,final_score,0.0,,0.0,0.0,0.0,0.0,0.0,graph_lift,0.0,962,0.0,0.0,1.981530023253645,16,train,False,,,,0
M5,N7,E10b,T12e,global_categorical,,,,,,,,,0.08802914619445801,final_score,0.0,,0.0,0.0,0.0,0.0,0.0,graph_lift,0.0,962,0.0,0.0,,16,train,False,,,,0
M1,N7,E10b,T12e,categorical,2.004636287689209,0.3642611683848797,0.738831615120275,0.4840228855609894,0.3642611683848797,,,,-0.05615998002073064,final_score,0.0,,0.0,0.0,0.0,0.0,0.0,graph_lift,0.0,970,0.0,0.0,1.938480051029979,16,train,False,,,,1
M5,N7,E10b,T12e,global_categorical,,,,,,,,,0.10803963989019394,final_score,0.0,,0.0,0.0,0.0,0.0,0.0,graph_lift,0.0,970,0.0,0.0,,16,train,False,,,,1
M1,N7,E10b,T12e,categorical,1.8960403203964233,0.4020618556701031,0.7560137457044673,0.49020916223526,0.4020618556701031,,,,-0.034596556058188455,final_score,0.0,,0.0,0.0,0.0,0.0,0.0,graph_lift,0.0,969,0.0,0.0,1.9092710339652281,16,train,False,,,,2
M5,N7,E10b,T12e,global_categorical,,,,,,,,,0.10161612927913666,final_score,0.0,,0.0,0.0,0.0,0.0,0.0,graph_lift,0.0,969,0.0,0.0,,16,train,False,,,,2
M1,N7,E10b,T12e,categorical,1.9457608461380005,0.3896551724137931,0.7137931034482758,0.49388501048088074,0.3896551724137931,,,,-0.03575716679884833,final_score,0.0,,0.0,0.0,0.0,0.0,0.0,graph_lift,0.0,965,0.0,0.0,1.9078331533390003,16,train,False,,,,3
M5,N7,E10b,T12e,global_categorical,,,,,,,,,0.12119044363498688,final_score,0.0,,0.0,0.0,0.0,0.0,0.0,graph_lift,0.0,965,0.0,0.0,,16,train,False,,,,3
M1,N7,E10b,T12e,categorical,1.9170180559158325,0.4033898305084746,0.7593220338983051,0.49946847558021545,0.4033898305084746,,,,-0.053304297836354486,final_score,0.0,,0.0,0.0,0.0,0.0,0.0,graph_lift,0.0,981,0.0,0.0,1.8300692043804085,16,train,False,,,,4
M5,N7,E10b,T12e,global_categorical,,,,,,,,,0.10204443335533142,final_score,0.0,,0.0,0.0,0.0,0.0,0.0,graph_lift,0.0,981,0.0,0.0,,16,train,False,,,,4
M1,N7,E10b,T12e,categorical,2.0182065963745117,0.40893470790378006,0.6907216494845361,0.4753780961036682,0.40893470790378006,,,,-0.03339364680875567,final_score,0.0,,0.0,0.0,0.0,0.0,0.0,graph_lift,0.0,967,0.0,0.0,2.0196009763851985,16,train,False,,,,5
M5,N7,E10b,T12e,global_categorical,,,,,,,,,0.1388372778892517,final_score,0.0,,0.0,0.0,0.0,0.0,0.0,graph_lift,0.0,967,0.0,0.0,,16,train,False,,,,5
M1,N7,E10b,T12e,categorical,2.124284267425537,0.3698630136986301,0.6986301369863014,0.45353975892066956,0.3698630136986301,,,,-0.04533927336570853,final_score,0.0,,0.0,0.0,0.0,0.0,0.0,graph_lift,0.0,971,0.0,0.0,2.0234388805453887,16,train,False,,,,6
M5,N7,E10b,T12e,global_categorical,,,,,,,,,0.08674231171607971,final_score,0.0,,0.0,0.07554719268748733,0.0,0.0,-0.08172098358066697,graph_lift,0.0,971,0.0,0.0,,16,train,False,,,,6
M1,N7,E10b,T12e,categorical,2.128272771835327,0.3424657534246575,0.6678082191780822,0.4429225027561188,0.3424657534246575,,,,-0.026667527102467226,final_score,0.0,,0.0,0.0,0.0,0.0,0.0,graph_lift,0.0,972,0.0,0.0,2.0053821031845356,16,train,False,,,,7
M5,N7,E10b,T12e,global_categorical,,,,,,,,,0.050838083028793335,final_score,0.4395737280113673,,0.46532572057594673,0.0459507233185203,0.4395737280113673,0.46532572057594673,0.4395737280113673,graph_lift,43.95737280113673,972,0.0,0.0,,16,train,False,,,,7
M1,N7,E10b,T12e,categorical,2.001234531402588,0.3758620689655172,0.6896551724137931,0.4781690537929535,0.3758620689655172,,,,-0.025273460391980196,final_score,0.0,,0.0,0.0,0.0,0.0,0.0,graph_lift,0.0,964,0.0,0.0,1.9604049795123717,16,train,False,,,,8
M5,N7,E10b,T12e,global_categorical,,,,,,,,,0.07466810941696167,final_score,0.05096652553648252,,0.05096652553648252,0.0,0.05096652553648252,0.05096652553648252,0.05096652553648252,graph_lift,5.096652553648251,964,0.0,0.0,,16,train,False,,,,8
M1,N7,E10b,T12e,categorical,2.111361026763916,0.2687074829931973,0.6768707482993197,0.4459605813026428,0.2687074829931973,,,,-0.03165284175039851,final_score,0.0,,0.0,0.0,0.0,0.0,0.0,graph_lift,0.0,977,0.0,0.0,1.9817084222976713,16,train,False,,,,9
M5,N7,E10b,T12e,global_categorical,,,,,,,,,0.07353723049163818,final_score,0.081460580047872,,0.081460580047872,0.0,0.081460580047872,0.081460580047872,0.081460580047872,graph_lift,8.1460580047872,977,0.0,0.0,,16,train,False,,,,9
M1,N7,E10b,T12e,categorical,1.9543092250823975,0.41580756013745707,0.7353951890034365,0.49127599596977234,0.41580756013745707,,,,-0.034713870423316084,final_score,0.0,,0.0,0.0,0.0,0.0,0.0,graph_lift,0.0,967,0.0,0.0,1.9750384095070497,16,test,False,,,,0
M5,N7,E10b,T12e,global_categorical,,,,,,,,,0.08820013701915741,final_score,0.0,,0.0,0.03309915130697878,0.0,0.0,-0.03423220835075236,graph_lift,0.0,967,0.0,0.0,,16,test,False,,,,0
M1,N7,E10b,T12e,categorical,1.9325218200683594,0.4246575342465753,0.7328767123287672,0.4957164525985718,0.4246575342465753,,,,-0.044736829021014834,final_score,0.0,,0.0,0.0,0.0,0.0,0.0,graph_lift,0.0,971,0.0,0.0,1.9568231726956764,16,test,False,,,,1
M5,N7,E10b,T12e,global_categorical,,,,,,,,,0.13544711470603943,final_score,0.0,,0.0,0.0,0.0,0.0,0.0,graph_lift,0.0,971,0.0,0.0,,16,test,False,,,,1
M1,N7,E10b,T12e,categorical,2.048760175704956,0.38408304498269896,0.7231833910034602,0.4706786870956421,0.38408304498269896,,,,-0.06212738394349704,final_score,0.0,,0.0,0.0,0.0,0.0,0.0,graph_lift,0.0,963,0.0,0.0,1.966258303092216,16,test,False,,,,2
M5,N7,E10b,T12e,global_categorical,,,,,,,,,0.12257970124483109,final_score,0.0,,0.0,0.0,0.0,0.0,0.0,graph_lift,0.0,963,0.0,0.0,,16,test,False,,,,2
M1,N7,E10b,T12e,categorical,2.029291868209839,0.3993055555555556,0.6979166666666666,0.4702099561691284,0.3993055555555556,,,,-0.02364078476347342,final_score,0.0,,0.0,0.0,0.0,0.0,0.0,graph_lift,0.0,957,0.0,0.0,1.978560088290459,16,test,False,,,,3
M5,N7,E10b,T12e,global_categorical,,,,,,,,,0.07220950722694397,final_score,0.0,,0.0,0.0,0.0,0.0,0.0,graph_lift,0.0,957,0.0,0.0,,16,test,False,,,,3
M1,N7,E10b,T12e,categorical,2.1033177375793457,0.3356401384083045,0.6747404844290658,0.4502323269844055,0.3356401384083045,,,,-0.022051703968717584,final_score,0.0,,0.0,0.0,0.0,0.0,0.0,graph_lift,0.0,963,0.0,0.0,1.955313784561953,16,test,False,,,,4
M5,N7,E10b,T12e,global_categorical,,,,,,,,,0.06155198812484741,final_score,0.10355881389436054,,0.3283755167237697,0.2507880118784681,0.10355881389436054,0.3283755167237697,0.10355881389436054,graph_lift,10.355881389436055,963,0.0,0.0,,16,test,False,,,,4
M1,N7,E10b,T12e,categorical,2.0251615047454834,0.4020618556701031,0.7079037800687286,0.4738716185092926,0.4020618556701031,,,,-0.02436745220814851,final_score,0.0,,0.0,0.0,0.0,0.0,0.0,graph_lift,0.0,967,0.0,0.0,1.9166591813142921,16,test,False,,,,5
M5,N7,E10b,T12e,global_categorical,,,,,,,,,0.08197526633739471,final_score,0.0,,0.0,0.02946618230282204,0.0,0.0,-0.030360799145296716,graph_lift,0.0,967,0.0,0.0,,16,test,False,,,,5
M1,N7,E10b,T12e,categorical,2.043433427810669,0.34494773519163763,0.686411149825784,0.46089038252830505,0.34494773519163763,,,,-0.029450384764306392,final_score,0.0,,0.0,0.0,0.0,0.0,0.0,graph_lift,0.0,956,0.0,0.0,1.9988043776548188,16,test,False,,,,6
M5,N7,E10b,T12e,global_categorical,,,,,,,,,0.11833300441503525,final_score,0.0,,0.0,0.0,0.0,0.0,0.0,graph_lift,0.0,956,0.0,0.0,,16,test,False,,,,6
M1,N7,E10b,T12e,categorical,2.0074939727783203,0.3811188811188811,0.7062937062937062,0.4757233262062073,0.3811188811188811,,,,-0.025805095174799675,final_score,0.0,,0.0,0.0,0.0,0.0,0.0,graph_lift,0.0,953,0.0,0.0,1.9454565121371272,16,test,False,,,,7
M5,N7,E10b,T12e,global_categorical,,,,,,,,,0.09197261929512024,final_score,0.0,,0.0,0.0,0.0,0.0,0.0,graph_lift,0.0,953,0.0,0.0,,16,test,False,,,,7
M1,N7,E10b,T12e,categorical,2.122913360595703,0.36713286713286714,0.6503496503496503,0.4462100565433502,0.36713286713286714,,,,-0.025922609636760408,final_score,0.0,,0.0,0.0,0.0,0.0,0.0,graph_lift,0.0,952,0.0,0.0,2.0524165993573433,16,test,False,,,,8
M5,N7,E10b,T12e,global_categorical,,,,,,,,,0.08993123471736908,final_score,0.0,,0.0,0.14899524470647804,0.0,0.0,-0.17508156538454095,graph_lift,0.0,952,0.0,0.0,,16,test,False,,,,8
M1,N7,E10b,T12e,categorical,1.966898798942566,0.3642611683848797,0.7216494845360825,0.4860781133174896,0.3642611683848797,,,,-0.03147574637782857,final_score,0.0,,0.0,0.0,0.0,0.0,0.0,graph_lift,0.0,968,0.0,0.0,1.934793749073668,16,test,False,,,,9
M5,N7,E10b,T12e,global_categorical,,,,,,,,,0.10401634126901627,final_score,0.0,,0.0,0.0,0.0,0.0,0.0,graph_lift,0.0,968,0.0,0.0,,16,test,False,,,,9
M1,N7,E10c,T12a,categorical,1.9691479206085205,0.4602076124567474,0.7474048442906575,0.5190508961677551,0.4602076124567474,,,,-0.006155179943430511,final_score,0.0,,0.0,0.033173807350928786,0.0,0.0,-0.0343120693286491,graph_lift,0.0,962,76.938,7.141466898934765,1.981530023253645,16,train,False,,,,0
M5,N7,E10c,T12a,global_categorical,,,,,,,,,0.17509005963802338,final_score,0.0,,0.0,0.0,0.0,0.0,0.0,graph_lift,0.0,962,76.938,7.141466898934765,,16,train,False,,,,0
M1,N7,E10c,T12a,categorical,1.7341738939285278,0.4879725085910653,0.7800687285223368,0.5460498929023743,0.4879725085910653,,,,0.08633552795882149,final_score,0.0,,0.08633552795882149,0.12585027924564995,0.0,0.08633552795882149,-0.04520364229222552,graph_lift,0.0,970,74.069,7.1297280538273515,1.938480051029979,16,train,False,,,,1
M5,N7,E10c,T12a,global_categorical,,,,,,,,,0.21342253684997559,final_score,0.0,,0.0,0.0,0.0,0.0,0.0,graph_lift,0.0,970,74.069,7.1297280538273515,,16,train,False,,,,1
M1,N7,E10c,T12a,categorical,1.764864444732666,0.46735395189003437,0.8041237113402062,0.537476122379303,0.46735395189003437,,,,0.03698109286062701,final_score,0.0,,0.03698109286062701,0.10868280407336339,0.0,0.03698109286062701,-0.0804446627310869,graph_lift,0.0,969,69.989,7.153797856433556,1.9092710339652281,16,train,False,,,,2
M5,N7,E10c,T12a,global_categorical,,,,,,,,,0.2470206767320633,final_score,0.0,,0.0,0.0,0.0,0.0,0.0,graph_lift,0.0,969,69.989,7.153797856433556,,16,train,False,,,,2
M1,N7,E10c,T12a,categorical,1.6764018535614014,0.5241379310344828,0.8172413793103448,0.5783534646034241,0.5241379310344828,,,,0.10762659274800479,final_score,0.0,,0.10762659274800479,0.16305259321608356,0.0,0.10762659274800479,-0.06622399450529474,graph_lift,0.0,965,69.917,7.128457081857102,1.9078331533390003,16,train,False,,,,3
M5,N7,E10c,T12a,global_categorical,,,,,,,,,0.20670132339000702,final_score,0.0,,0.0,0.0,0.0,0.0,0.0,graph_lift,0.0,965,69.917,7.128457081857102,,16,train,False,,,,3
M1,N7,E10c,T12a,categorical,1.8003835678100586,0.5084745762711864,0.8406779661016949,0.5508591532707214,0.5084745762711864,,,,0.010780428641147144,final_score,0.0,,0.010780428641147144,0.0351549901899475,0.0,0.010780428641147144,-0.02526267048175845,graph_lift,0.0,981,69.616,7.1649466236313,1.8300692043804085,16,train,False,,,,4
M5,N7,E10c,T12a,global_categorical,,,,,,,,,0.14205291867256165,final_score,0.0,,0.0,0.0,0.0,0.0,0.0,graph_lift,0.0,981,69.616,7.1649466236313,,16,train,False,,,,4
M1,N7,E10c,T12a,categorical,1.562363624572754,0.5498281786941581,0.8075601374570447,0.5975368022918701,0.5498281786941581,,,,0.20001413328590734,final_score,0.0,,0.20001413328590734,0.2031617964824013,0.0,0.20001413328590734,-0.003950191121106854,graph_lift,0.0,967,70.535,7.13501214397503,2.0196009763851985,16,train,False,,,,5
M5,N7,E10c,T12a,global_categorical,,,,,,,,,0.19655033946037292,final_score,0.0,,0.0,0.0,0.0,0.0,0.0,graph_lift,0.0,967,70.535,7.13501214397503,,16,train,False,,,,5
M1,N7,E10c,T12a,categorical,1.9420132637023926,0.4589041095890411,0.7123287671232876,0.5145586133003235,0.4589041095890411,,,,0.0443545023445141,final_score,0.0,,0.0443545023445141,0.12421188232078872,0.0,0.0443545023445141,-0.09118344764472501,graph_lift,0.0,971,70.191,7.148194392697357,2.0234388805453887,16,train,False,,,,6
M5,N7,E10c,T12a,global_categorical,,,,,,,,,0.16164159774780273,final_score,0.0,,0.0,0.0,0.0,0.0,0.0,graph_lift,0.0,971,70.191,7.148194392697357,,16,train,False,,,,6
M1,N7,E10c,T12a,categorical,1.786450743675232,0.4726027397260274,0.7842465753424658,0.5349488854408264,0.4726027397260274,,,,0.1382255830754967,final_score,0.0,,0.1382255830754967,0.1863539587525227,0.0,0.1382255830754967,-0.05915149000569812,graph_lift,0.0,972,73.941,7.1424797659124994,2.0053821031845356,16,train,False,,,,7
M5,N7,E10c,T12a,global_categorical,,,,,,,,,0.16189610958099365,final_score,0.0,,0.0,0.0,0.0,0.0,0.0,graph_lift,0.0,972,73.941,7.1424797659124994,,16,train,False,,,,7
M1,N7,E10c,T12a,categorical,1.7352193593978882,0.5241379310344828,0.7896551724137931,0.5673231482505798,0.5241379310344828,,,,0.11101157566775333,final_score,0.0,,0.11101157566775333,0.18207089671933796,0.0,0.11101157566775333,-0.0868771153472473,graph_lift,0.0,964,71.6,7.140038973690058,1.9604049795123717,16,train,False,,,,8
M5,N7,E10c,T12a,global_categorical,,,,,,,,,0.15484844148159027,final_score,0.0,,0.0,0.0,0.0,0.0,0.0,graph_lift,0.0,964,71.6,7.140038973690058,,16,train,False,,,,8
M1,N7,E10c,T12a,categorical,1.8360142707824707,0.4897959183673469,0.7585034013605442,0.5349246263504028,0.4897959183673469,,,,0.1028869768588826,final_score,0.0,,0.1028869768588826,0.13497346920578646,0.0,0.1028869768588826,-0.037093073107762414,graph_lift,0.0,977,70.351,7.132462119219065,1.9817084222976713,16,train,False,,,,9
M5,N7,E10c,T12a,global_categorical,,,,,,,,,0.2214059978723526,final_score,0.0,,0.0,0.0,0.0,0.0,0.0,graph_lift,0.0,977,70.351,7.132462119219065,,16,train,False,,,,9
M1,N7,E10c,T12a,categorical,1.5760380029678345,0.5429553264604811,0.8144329896907216,0.6108569502830505,0.5429553264604811,,,,0.1655627300515733,final_score,0.0,,0.1655627300515733,0.20990064903610706,0.0,0.1655627300515733,-0.05611689078144804,graph_lift,0.0,967,57.422,7.213133599543529,1.9750384095070497,16,test,False,,,,0
M5,N7,E10c,T12a,global_categorical,,,,,,,,,0.1868516206741333,final_score,0.0,,0.0,0.0,0.0,0.0,0.0,graph_lift,0.0,967,57.422,7.213133599543529,,16,test,False,,,,0
M1,N7,E10c,T12a,categorical,1.8592627048492432,0.4897260273972603,0.7568493150684932,0.5191651582717896,0.4897260273972603,,,,-0.005132361801731378,final_score,0.0,,0.0,0.018590700615580547,0.0,0.0,-0.018942861685987085,graph_lift,0.0,971,63.43,7.211801302439527,1.9568231726956764,16,test,False,,,,1
M5,N7,E10c,T12a,global_categorical,,,,,,,,,0.19402241706848145,final_score,0.0,,0.0,0.0,0.0,0.0,0.0,graph_lift,0.0,971,63.43,7.211801302439527,,16,test,False,,,,1
M1,N7,E10c,T12a,categorical,1.6610661745071411,0.5155709342560554,0.7958477508650519,0.5684581398963928,0.5155709342560554,,,,0.13886264211033883,final_score,0.0379356377423224,,0.13886264211033883,0.10490670720945416,0.0379356377423224,0.13886264211033883,0.0379356377423224,graph_lift,3.79356377423224,963,59.785,7.201816428097779,1.966258303092216,16,test,False,,,,2
M5,N7,E10c,T12a,global_categorical,,,,,,,,,0.19764836132526398,final_score,0.0,,0.0,0.0,0.0,0.0,0.0,graph_lift,0.0,963,59.785,7.201816428097779,,16,test,False,,,,2
M1,N7,E10c,T12a,categorical,1.5915522575378418,0.5138888888888888,0.8055555555555556,0.5915709733963013,0.5138888888888888,,,,0.19716929979908615,final_score,0.013057993780462155,,0.19716929979908615,0.1865472387013486,0.013057993780462155,0.19716929979908615,0.013057993780462155,graph_lift,1.3057993780462156,957,60.623,7.2097113616036435,1.978560088290459,16,test,False,,,,3
M5,N7,E10c,T12a,global_categorical,,,,,,,,,0.17229199409484863,final_score,0.0,,0.0,0.0,0.0,0.0,0.0,graph_lift,0.0,957,60.623,7.2097113616036435,,16,test,False,,,,3
M1,N7,E10c,T12a,categorical,1.8390196561813354,0.5155709342560554,0.7785467128027682,0.5602534413337708,0.5155709342560554,,,,0.106376961009232,final_score,0.0,,0.106376961009232,0.15863951378249452,0.0,0.106376961009232,-0.062116718849275505,graph_lift,0.0,963,62.978,7.179364614782461,1.955313784561953,16,test,False,,,,4
M5,N7,E10c,T12a,global_categorical,,,,,,,,,0.14069288969039917,final_score,0.0,,0.0,0.0,0.0,0.0,0.0,graph_lift,0.0,963,62.978,7.179364614782461,,16,test,False,,,,4
M1,N7,E10c,T12a,categorical,1.8784502744674683,0.5223367697594502,0.7869415807560137,0.5524108409881592,0.5223367697594502,,,,0.049842081867051746,final_score,0.0,,0.049842081867051746,0.07877223823623958,0.0,0.049842081867051746,-0.03140391287578965,graph_lift,0.0,967,61.334,7.18834942950418,1.9166591813142921,16,test,False,,,,5
M5,N7,E10c,T12a,global_categorical,,,,,,,,,0.13996028900146484,final_score,0.0,,0.0,0.0,0.0,0.0,0.0,graph_lift,0.0,967,61.334,7.18834942950418,,16,test,False,,,,5
M1,N7,E10c,T12a,categorical,1.7391096353530884,0.5331010452961672,0.8048780487804879,0.575907826423645,0.5331010452961672,,,,0.12386324019693662,final_score,0.0,,0.12386324019693662,0.1929205746105056,0.0,0.12386324019693662,-0.08556448379320548,graph_lift,0.0,956,63.848,7.207983939307957,1.9988043776548188,16,test,False,,,,6
M5,N7,E10c,T12a,global_categorical,,,,,,,,,0.12969020009040833,final_score,0.0,,0.0,0.0,0.0,0.0,0.0,graph_lift,0.0,956,63.848,7.207983939307957,,16,test,False,,,,6
M1,N7,E10c,T12a,categorical,1.6590938568115234,0.534965034965035,0.8426573426573427,0.5750928521156311,0.534965034965035,,,,0.15222308262470086,final_score,0.0,,0.15222308262470086,0.1527521919816378,0.0,0.15222308262470086,-0.0006245036598849303,graph_lift,0.0,953,62.177,7.1932608618988,1.9454565121371272,16,test,False,,,,7
M5,N7,E10c,T12a,global_categorical,,,,,,,,,0.18111708760261536,final_score,0.0,,0.0,0.0,0.0,0.0,0.0,graph_lift,0.0,953,62.177,7.1932608618988,,16,test,False,,,,7
M1,N7,E10c,T12a,categorical,1.6629749536514282,0.5664335664335665,0.7867132867132867,0.6059374213218689,0.5664335664335665,,,,0.19634794744275264,final_score,0.0,,0.19634794744275264,0.2957742099365053,0.0,0.19634794744275264,-0.1411852049394387,graph_lift,0.0,952,64.748,7.177010842874952,2.0524165993573433,16,test,False,,,,8
M5,N7,E10c,T12a,global_categorical,,,,,,,,,0.10064087808132172,final_score,0.0,,0.0,0.0,0.0,0.0,0.0,graph_lift,0.0,952,64.748,7.177010842874952,,16,test,False,,,,8
M1,N7,E10c,T12a,categorical,1.9424294233322144,0.436426116838488,0.7560137457044673,0.5056991577148438,0.436426116838488,,,,-0.01864355176280985,final_score,0.0,,0.0,0.0,0.0,0.0,0.0,graph_lift,0.0,968,64.026,7.2206672804027825,1.934793749073668,16,test,False,,,,9
M5,N7,E10c,T12a,global_categorical,,,,,,,,,0.2370327115058899,final_score,0.0,,0.0,0.0,0.0,0.0,0.0,graph_lift,0.0,968,64.026,7.2206672804027825,,16,test,False,,,,9
M1,N7,E10c,T12b,categorical,1.9409184455871582,0.47058823529411764,0.7785467128027682,0.5360389351844788,0.47058823529411764,,,,0.00826895586397458,final_score,0.0,,0.00826895586397458,0.0676289591617586,0.0,0.00826895586397458,-0.06366564457473586,graph_lift,0.0,962,17.273,7.15585862999057,1.981530023253645,16,train,False,,,,0
M5,N7,E10c,T12b,global_categorical,,,,,,,,,0.12852317094802856,final_score,0.0,,0.0,0.0,0.0,0.0,0.0,graph_lift,0.0,962,17.273,7.15585862999057,,16,train,False,,,,0
M1,N7,E10c,T12b,categorical,1.8252930641174316,0.4879725085910653,0.738831615120275,0.5302540063858032,0.4879725085910653,,,,0.03832859267706734,final_score,0.0,,0.03832859267706734,0.058481575533351426,0.0,0.03832859267706734,-0.021404767376379648,graph_lift,0.0,970,17.422,7.144439704509467,1.938480051029979,16,train,False,,,,1
M5,N7,E10c,T12b,global_categorical,,,,,,,,,0.2279854267835617,final_score,0.0,,0.0,0.0,0.0,0.0,0.0,graph_lift,0.0,970,17.422,7.144439704509467,,16,train,False,,,,1
M1,N7,E10c,T12b,categorical,1.7872626781463623,0.44673539518900346,0.7663230240549829,0.5295098423957825,0.44673539518900346,,,,0.024759240180251996,final_score,0.0,,0.024759240180251996,0.11708882562678358,0.0,0.024759240180251996,-0.10457403658083371,graph_lift,0.0,969,17.321,7.1787173295422875,1.9092710339652281,16,train,False,,,,2
M5,N7,E10c,T12b,global_categorical,,,,,,,,,0.22137388586997986,final_score,0.0,,0.0,0.0,0.0,0.0,0.0,graph_lift,0.0,969,17.321,7.1787173295422875,,16,train,False,,,,2
M1,N7,E10c,T12b,categorical,1.6862540245056152,0.5206896551724138,0.8586206896551725,0.5769640803337097,0.5206896551724138,,,,0.1023821044658283,final_score,0.0,,0.1023821044658283,0.10768513061001384,0.0,0.1023821044658283,-0.005942998739683507,graph_lift,0.0,965,17.134,7.20532735501493,1.9078331533390003,16,train,False,,,,3
M5,N7,E10c,T12b,global_categorical,,,,,,,,,0.1595761626958847,final_score,0.0,,0.0,0.0,0.0,0.0,0.0,graph_lift,0.0,965,17.134,7.20532735501493,,16,train,False,,,,3
M1,N7,E10c,T12b,categorical,1.6927632093429565,0.5322033898305085,0.7898305084745763,0.5841849446296692,0.5322033898305085,,,,0.0699123830839431,final_score,0.0,,0.0699123830839431,0.07235656912014421,0.0,0.0699123830839431,-0.0026348335522441407,graph_lift,0.0,981,17.473,7.1593385927681155,1.8300692043804085,16,train,False,,,,4
M5,N7,E10c,T12b,global_categorical,,,,,,,,,0.17639949917793274,final_score,0.0,,0.0,0.0,0.0,0.0,0.0,graph_lift,0.0,981,17.473,7.1593385927681155,,16,train,False,,,,4
M1,N7,E10c,T12b,categorical,1.5161850452423096,0.563573883161512,0.8350515463917526,0.6247771382331848,0.563573883161512,,,,0.22365924948385585,final_score,0.0,,0.22365924948385585,0.2360694773433546,0.0,0.22365924948385585,-0.016245231066747964,graph_lift,0.0,967,17.484,7.135929587874143,2.0196009763851985,16,train,False,,,,5
M5,N7,E10c,T12b,global_categorical,,,,,,,,,0.14398135244846344,final_score,0.0,,0.0,0.0,0.0,0.0,0.0,graph_lift,0.0,967,17.484,7.135929587874143,,16,train,False,,,,5
M1,N7,E10c,T12b,categorical,1.9846504926681519,0.4452054794520548,0.7397260273972602,0.49891355633735657,0.4452054794520548,,,,0.023373140066963227,final_score,0.0,,0.023373140066963227,0.10079708440302293,0.0,0.023373140066963227,-0.08610286176024938,graph_lift,0.0,971,17.201,7.1907063481437525,2.0234388805453887,16,train,False,,,,6
M5,N7,E10c,T12b,global_categorical,,,,,,,,,0.2009933590888977,final_score,0.0,,0.0,0.0,0.0,0.0,0.0,graph_lift,0.0,971,17.201,7.1907063481437525,,16,train,False,,,,6
M1,N7,E10c,T12b,categorical,1.71786367893219,0.5171232876712328,0.8082191780821918,0.5658349394798279,0.5171232876712328,,,,0.17131159153230335,final_score,0.0,,0.17131159153230335,0.20779620376396968,0.0,0.17131159153230335,-0.046054578891207495,graph_lift,0.0,972,17.364,7.203751177843076,2.0053821031845356,16,train,False,,,,7
M5,N7,E10c,T12b,global_categorical,,,,,,,,,0.11742109060287476,final_score,0.0,,0.0,0.0,0.0,0.0,0.0,graph_lift,0.0,972,17.364,7.203751177843076,,16,train,False,,,,7
M1,N7,E10c,T12b,categorical,1.8375879526138306,0.503448275862069,0.7551724137931034,0.549487829208374,0.503448275862069,,,,0.058566053441835075,final_score,0.0,,0.058566053441835075,0.11350920484203753,0.0,0.058566053441835075,-0.061978253694571314,graph_lift,0.0,964,17.769,7.120862889859291,1.9604049795123717,16,train,False,,,,8
M5,N7,E10c,T12b,global_categorical,,,,,,,,,0.18492767214775085,final_score,0.0,,0.0,0.0,0.0,0.0,0.0,graph_lift,0.0,964,17.769,7.120862889859291,,16,train,False,,,,8
M1,N7,E10c,T12b,categorical,1.8756669759750366,0.5068027210884354,0.7244897959183674,0.5433499813079834,0.5068027210884354,,,,0.08351187396196469,final_score,0.0,,0.08351187396196469,0.11443405249677752,0.0,0.08351187396196469,-0.034917985071575154,graph_lift,0.0,977,17.37,7.1719851851068945,1.9817084222976713,16,train,False,,,,9
M5,N7,E10c,T12b,global_categorical,,,,,,,,,0.18142646551132202,final_score,0.0,,0.0,0.0,0.0,0.0,0.0,graph_lift,0.0,977,17.37,7.1719851851068945,,16,train,False,,,,9
M1,N7,E10c,T12b,categorical,1.5913524627685547,0.570446735395189,0.7938144329896907,0.617767333984375,0.570446735395189,,,,0.15745449828907032,final_score,0.0021106877372435062,,0.15745449828907032,0.1556723863487205,0.0021106877372435062,0.15745449828907032,0.0021106877372435062,graph_lift,0.21106877372435062,967,17.394,7.1709450156383285,1.9750384095070497,16,test,False,,,,0
M5,N7,E10c,T12b,global_categorical,,,,,,,,,0.13909518718719482,final_score,0.0,,0.0,0.0,0.0,0.0,0.0,graph_lift,0.0,967,17.394,7.1709450156383285,,16,test,False,,,,0
M1,N7,E10c,T12b,categorical,1.720060110092163,0.4965753424657534,0.7876712328767124,0.5622957348823547,0.4965753424657534,,,,0.07012173073107142,final_score,0.0,,0.07012173073107142,0.09710084103882555,0.0,0.07012173073107142,-0.029880535428557484,graph_lift,0.0,971,17.309,7.1374000358544025,1.9568231726956764,16,test,False,,,,1
M5,N7,E10c,T12b,global_categorical,,,,,,,,,0.17653679847717285,final_score,0.0,,0.0,0.0,0.0,0.0,0.0,graph_lift,0.0,971,17.309,7.1374000358544025,,16,test,False,,,,1
M1,N7,E10c,T12b,categorical,1.6752787828445435,0.5224913494809689,0.7681660899653979,0.5712863802909851,0.5224913494809689,,,,0.13149446273872278,final_score,0.0,,0.13149446273872278,0.162252901330458,0.0,0.13149446273872278,-0.0367156611351849,graph_lift,0.0,963,17.016,7.146291278643223,1.966258303092216,16,test,False,,,,2
M5,N7,E10c,T12b,global_categorical,,,,,,,,,0.23017004132270813,final_score,0.0,,0.0,0.0,0.0,0.0,0.0,graph_lift,0.0,963,17.016,7.146291278643223,,16,test,False,,,,2
M1,N7,E10c,T12b,categorical,1.610656976699829,0.5243055555555556,0.7881944444444444,0.5837204456329346,0.5243055555555556,,,,0.18753224467402974,final_score,0.0,,0.18753224467402974,0.21969080818596198,0.0,0.18753224467402974,-0.04121259091818596,graph_lift,0.0,957,17.164,7.162518493976714,1.978560088290459,16,test,False,,,,3
M5,N7,E10c,T12b,global_categorical,,,,,,,,,0.17703665792942047,final_score,0.0,,0.0,0.0,0.0,0.0,0.0,graph_lift,0.0,957,17.164,7.162518493976714,,16,test,False,,,,3
M1,N7,E10c,T12b,categorical,1.8531020879745483,0.4844290657439446,0.7612456747404844,0.5268468260765076,0.4844290657439446,,,,0.09953397279901921,final_score,0.0,,0.09953397279901921,0.1415865880715057,0.0,0.09953397279901921,-0.04898876775237229,graph_lift,0.0,963,17.647,7.11608008867243,1.955313784561953,16,test,False,,,,4
M5,N7,E10c,T12b,global_categorical,,,,,,,,,0.14340782165527344,final_score,0.0,,0.0,0.0,0.0,0.0,0.0,graph_lift,0.0,963,17.647,7.11608008867243,,16,test,False,,,,4
M1,N7,E10c,T12b,categorical,1.7223554849624634,0.4948453608247423,0.7938144329896907,0.5586689710617065,0.4948453608247423,,,,0.12879796557734802,final_score,0.010350360738396009,,0.12879796557734802,0.1196864022780102,0.010350360738396009,0.12879796557734802,0.010350360738396009,graph_lift,1.035036073839601,967,17.267,7.171865370016716,1.9166591813142921,16,test,False,,,,5
M5,N7,E10c,T12b,global_categorical,,,,,,,,,0.13890284299850464,final_score,0.0,,0.0,0.0,0.0,0.0,0.0,graph_lift,0.0,967,17.267,7.171865370016716,,16,test,False,,,,5
M1,N7,E10c,T12b,categorical,1.7375686168670654,0.5226480836236934,0.7456445993031359,0.57002854347229,0.5226480836236934,,,,0.1246396149207083,final_score,0.0,,0.1246396149207083,0.12873565718274915,0.0,0.1246396149207083,-0.004701262361772112,graph_lift,0.0,956,17.143,7.162024452376859,1.9988043776548188,16,test,False,,,,6
M5,N7,E10c,T12b,global_categorical,,,,,,,,,0.16853919625282288,final_score,0.0,,0.0,0.0,0.0,0.0,0.0,graph_lift,0.0,956,17.143,7.162024452376859,,16,test,False,,,,6
M1,N7,E10c,T12b,categorical,1.6527878046035767,0.5244755244755245,0.7972027972027972,0.5704675316810608,0.5244755244755245,,,,0.15544539350436481,final_score,0.0,,0.15544539350436481,0.21184161353490527,0.0,0.15544539350436481,-0.07155442484533923,graph_lift,0.0,953,17.788,7.127688663585711,1.9454565121371272,16,test,False,,,,7
M5,N7,E10c,T12b,global_categorical,,,,,,,,,0.2009623795747757,final_score,0.0,,0.0,0.0,0.0,0.0,0.0,graph_lift,0.0,953,17.788,7.127688663585711,,16,test,False,,,,7
M1,N7,E10c,T12b,categorical,1.6496076583862305,0.527972027972028,0.7797202797202797,0.5791609883308411,0.527972027972028,,,,0.20280787017986135,final_score,0.07959215555901135,,0.20280787017986135,0.13387077844353368,0.07959215555901135,0.20280787017986135,0.07959215555901135,graph_lift,7.959215555901135,952,17.143,7.155143202059193,2.0524165993573433,16,test,False,,,,8
M5,N7,E10c,T12b,global_categorical,,,,,,,,,0.12588852643966675,final_score,0.0,,0.0,0.0,0.0,0.0,0.0,graph_lift,0.0,952,17.143,7.155143202059193,,16,test,False,,,,8
M1,N7,E10c,T12b,categorical,1.9148921966552734,0.49140893470790376,0.7525773195876289,0.5412201881408691,0.49140893470790376,,,,-0.0042026031325055335,final_score,0.0,,0.0,0.019732810002477064,0.0,0.0,-0.020130032101275293,graph_lift,0.0,968,17.993,7.166414327032961,1.934793749073668,16,test,False,,,,9
M5,N7,E10c,T12b,global_categorical,,,,,,,,,0.18229208886623383,final_score,0.0,,0.0,0.0,0.0,0.0,0.0,graph_lift,0.0,968,17.993,7.166414327032961,,16,test,False,,,,9
M1,N7,E10c,T12e,categorical,2.0309345722198486,0.3771626297577855,0.7024221453287197,0.4801929295063019,0.3771626297577855,,,,-0.03772563408691365,final_score,0.0,,0.0,0.0,0.0,0.0,0.0,graph_lift,0.0,962,0.0,0.0,1.981530023253645,16,train,False,,,,0
M5,N7,E10c,T12e,global_categorical,,,,,,,,,0.07283666729927063,final_score,0.0,,0.0,0.0,0.0,0.0,0.0,graph_lift,0.0,962,0.0,0.0,,16,train,False,,,,0
M1,N7,E10c,T12e,categorical,1.975293517112732,0.3951890034364261,0.738831615120275,0.4874739646911621,0.3951890034364261,,,,-0.04070046787735726,final_score,0.0,,0.0,0.0,0.0,0.0,0.0,graph_lift,0.0,970,0.0,0.0,1.938480051029979,16,train,False,,,,1
M5,N7,E10c,T12e,global_categorical,,,,,,,,,0.09170251339673996,final_score,0.0,,0.0,0.0,0.0,0.0,0.0,graph_lift,0.0,970,0.0,0.0,,16,train,False,,,,1
M1,N7,E10c,T12e,categorical,1.9131991863250732,0.4020618556701031,0.7422680412371134,0.49057310819625854,0.4020618556701031,,,,-0.04395948244507086,final_score,0.0,,0.0,0.0,0.0,0.0,0.0,graph_lift,0.0,969,0.0,0.0,1.9092710339652281,16,train,False,,,,2
M5,N7,E10c,T12e,global_categorical,,,,,,,,,0.09193933755159378,final_score,0.04927430624521455,,0.04927430624521455,0.0,0.04927430624521455,0.04927430624521455,0.04927430624521455,graph_lift,4.927430624521454,969,0.0,0.0,,16,train,False,,,,2
M1,N7,E10c,T12e,categorical,1.9404557943344116,0.41724137931034483,0.7137931034482758,0.4971259832382202,0.41724137931034483,,,,-0.03293323311501983,final_score,0.0,,0.0,0.0,0.0,0.0,0.0,graph_lift,0.0,965,0.0,0.0,1.9078331533390003,16,train,False,,,,3
M5,N7,E10c,T12e,global_categorical,,,,,,,,,0.1075037270784378,final_score,0.0,,0.0,0.0,0.0,0.0,0.0,graph_lift,0.0,965,0.0,0.0,,16,train,False,,,,3
M1,N7,E10c,T12e,categorical,1.903793454170227,0.4033898305084746,0.7593220338983051,0.5036413073539734,0.4033898305084746,,,,-0.046038072257326146,final_score,0.0,,0.0,0.0,0.0,0.0,0.0,graph_lift,0.0,981,0.0,0.0,1.8300692043804085,16,train,False,,,,4
M5,N7,E10c,T12e,global_categorical,,,,,,,,,0.09231219440698624,final_score,0.0,,0.0,0.0,0.0,0.0,0.0,graph_lift,0.0,981,0.0,0.0,,16,train,False,,,,4
M1,N7,E10c,T12e,categorical,2.029376268386841,0.40893470790378006,0.6907216494845361,0.4742155969142914,0.40893470790378006,,,,-0.03911300958228203,final_score,0.0,,0.0,0.0,0.0,0.0,0.0,graph_lift,0.0,967,0.0,0.0,2.0196009763851985,16,train,False,,,,5
M5,N7,E10c,T12e,global_categorical,,,,,,,,,0.13429254293441772,final_score,0.0,,0.0,0.0,0.0,0.0,0.0,graph_lift,0.0,967,0.0,0.0,,16,train,False,,,,5
M1,N7,E10c,T12e,categorical,2.122958183288574,0.363013698630137,0.6917808219178082,0.4528362452983856,0.363013698630137,,,,-0.04468673656202582,final_score,0.0,,0.0,0.0,0.0,0.0,0.0,graph_lift,0.0,971,0.0,0.0,2.0234388805453887,16,train,False,,,,6
M5,N7,E10c,T12e,global_categorical,,,,,,,,,0.0814976841211319,final_score,0.0,,0.0,0.07554719268748733,0.0,0.0,-0.08172098358066697,graph_lift,0.0,971,0.0,0.0,,16,train,False,,,,6
M1,N7,E10c,T12e,categorical,2.1365981101989746,0.3424657534246575,0.6678082191780822,0.44217973947525024,0.3424657534246575,,,,-0.030683678423547134,final_score,0.0,,0.0,0.0,0.0,0.0,0.0,graph_lift,0.0,972,0.0,0.0,2.0053821031845356,16,train,False,,,,7
M5,N7,E10c,T12e,global_categorical,,,,,,,,,0.06972227245569229,final_score,0.23139916182935572,,0.2667169262865178,0.0459507233185203,0.23139916182935572,0.2667169262865178,0.23139916182935572,graph_lift,23.139916182935572,972,0.0,0.0,,16,train,False,,,,7
M1,N7,E10c,T12e,categorical,1.9977045059204102,0.3758620689655172,0.696551724137931,0.47673067450523376,0.3758620689655172,,,,-0.023464893718538438,final_score,0.0,,0.0,0.0,0.0,0.0,0.0,graph_lift,0.0,964,0.0,0.0,1.9604049795123717,16,train,False,,,,8
M5,N7,E10c,T12e,global_categorical,,,,,,,,,0.07653845846652985,final_score,0.027194343934037815,,0.027194343934037815,0.0,0.027194343934037815,0.027194343934037815,0.027194343934037815,graph_lift,2.7194343934037817,964,0.0,0.0,,16,train,False,,,,8
M1,N7,E10c,T12e,categorical,2.114239454269409,0.3401360544217687,0.6768707482993197,0.4477611780166626,0.3401360544217687,,,,-0.03305939126411639,final_score,0.0,,0.0,0.0,0.0,0.0,0.0,graph_lift,0.0,977,0.0,0.0,1.9817084222976713,16,train,False,,,,9
M5,N7,E10c,T12e,global_categorical,,,,,,,,,0.08885292708873749,final_score,0.0,,0.0,0.0,0.0,0.0,0.0,graph_lift,0.0,977,0.0,0.0,,16,train,False,,,,9
M1,N7,E10c,T12e,categorical,1.9561717510223389,0.41580756013745707,0.7353951890034365,0.4915270209312439,0.41580756013745707,,,,-0.035699984208853675,final_score,0.0,,0.0,0.0,0.0,0.0,0.0,graph_lift,0.0,967,0.0,0.0,1.9750384095070497,16,test,False,,,,0
M5,N7,E10c,T12e,global_categorical,,,,,,,,,0.08806057274341583,final_score,0.0,,0.0,0.03309915130697878,0.0,0.0,-0.03423220835075236,graph_lift,0.0,967,0.0,0.0,,16,test,False,,,,0
M1,N7,E10c,T12e,categorical,1.9349931478500366,0.4246575342465753,0.7328767123287672,0.4979289770126343,0.4246575342465753,,,,-0.04607283187404709,final_score,0.0,,0.0,0.0,0.0,0.0,0.0,graph_lift,0.0,971,0.0,0.0,1.9568231726956764,16,test,False,,,,1
M5,N7,E10c,T12e,global_categorical,,,,,,,,,0.1349538266658783,final_score,0.0,,0.0,0.0,0.0,0.0,0.0,graph_lift,0.0,971,0.0,0.0,,16,test,False,,,,1
M1,N7,E10c,T12e,categorical,2.0456483364105225,0.38408304498269896,0.7231833910034602,0.4721422493457794,0.38408304498269896,,,,-0.06051418333334069,final_score,0.0,,0.0,0.0,0.0,0.0,0.0,graph_lift,0.0,963,0.0,0.0,1.966258303092216,16,test,False,,,,2
M5,N7,E10c,T12e,global_categorical,,,,,,,,,0.12404677271842957,final_score,0.0,,0.0,0.0,0.0,0.0,0.0,graph_lift,0.0,963,0.0,0.0,,16,test,False,,,,2
M1,N7,E10c,T12e,categorical,2.0147597789764404,0.3993055555555556,0.6979166666666666,0.47647824883461,0.3993055555555556,,,,-0.01631032627066742,final_score,0.0,,0.0,0.0,0.0,0.0,0.0,graph_lift,0.0,957,0.0,0.0,1.978560088290459,16,test,False,,,,3
M5,N7,E10c,T12e,global_categorical,,,,,,,,,0.08351500332355499,final_score,0.0,,0.0,0.0,0.0,0.0,0.0,graph_lift,0.0,957,0.0,0.0,,16,test,False,,,,3
M1,N7,E10c,T12e,categorical,2.120358467102051,0.3356401384083045,0.6643598615916955,0.4496278464794159,0.3356401384083045,,,,-0.03033225334942613,final_score,0.0,,0.0,0.0,0.0,0.0,0.0,graph_lift,0.0,963,0.0,0.0,1.955313784561953,16,test,False,,,,4
M5,N7,E10c,T12e,global_categorical,,,,,,,,,0.04378550872206688,final_score,0.3623092515966435,,0.5222344465820137,0.2507880118784681,0.3623092515966435,0.5222344465820137,0.3623092515966435,graph_lift,36.23092515966435,963,0.0,0.0,,16,test,False,,,,4
M1,N7,E10c,T12e,categorical,2.0481104850769043,0.4020618556701031,0.7079037800687286,0.4704240560531616,0.4020618556701031,,,,-0.03597552242416269,final_score,0.0,,0.0,0.0,0.0,0.0,0.0,graph_lift,0.0,967,0.0,0.0,1.9166591813142921,16,test,False,,,,5
M5,N7,E10c,T12e,global_categorical,,,,,,,,,0.0882866233587265,final_score,0.0,,0.0,0.02946618230282204,0.0,0.0,-0.030360799145296716,graph_lift,0.0,967,0.0,0.0,,16,test,False,,,,5
M1,N7,E10c,T12e,categorical,2.0695784091949463,0.34494773519163763,0.686411149825784,0.46191108226776123,0.34494773519163763,,,,-0.04262180988895592,final_score,0.0,,0.0,0.0,0.0,0.0,0.0,graph_lift,0.0,956,0.0,0.0,1.9988043776548188,16,test,False,,,,6
M5,N7,E10c,T12e,global_categorical,,,,,,,,,0.11232055723667145,final_score,0.0,,0.0,0.0,0.0,0.0,0.0,graph_lift,0.0,956,0.0,0.0,,16,test,False,,,,6
M1,N7,E10c,T12e,categorical,2.0126869678497314,0.3811188811188811,0.7062937062937062,0.4747944474220276,0.3811188811188811,,,,-0.028458711640525713,final_score,0.0,,0.0,0.0,0.0,0.0,0.0,graph_lift,0.0,953,0.0,0.0,1.9454565121371272,16,test,False,,,,7
M5,N7,E10c,T12e,global_categorical,,,,,,,,,0.0902366042137146,final_score,0.0,,0.0,0.0,0.0,0.0,0.0,graph_lift,0.0,953,0.0,0.0,,16,test,False,,,,7
M1,N7,E10c,T12e,categorical,2.1260030269622803,0.36713286713286714,0.6503496503496503,0.4471870958805084,0.36713286713286714,,,,-0.027415764822798394,final_score,0.0,,0.0,0.0,0.0,0.0,0.0,graph_lift,0.0,952,0.0,0.0,2.0524165993573433,16,test,False,,,,8
M5,N7,E10c,T12e,global_categorical,,,,,,,,,0.09386784583330154,final_score,0.0,,0.0,0.14899524470647804,0.0,0.0,-0.17508156538454095,graph_lift,0.0,952,0.0,0.0,,16,test,False,,,,8
M1,N7,E10c,T12e,categorical,1.9644192457199097,0.38144329896907214,0.7216494845360825,0.48756319284439087,0.38144329896907214,,,,-0.030175412043854655,final_score,0.0,,0.0,0.0,0.0,0.0,0.0,graph_lift,0.0,968,0.0,0.0,1.934793749073668,16,test,False,,,,9
M5,N7,E10c,T12e,global_categorical,,,,,,,,,0.10567468404769897,final_score,0.0,,0.0,0.0,0.0,0.0,0.0,graph_lift,0.0,968,0.0,0.0,,16,test,False,,,,9
M1,N7,E11a,T12a,categorical,1.899126410484314,0.4982698961937716,0.7716262975778547,0.53755784034729,0.4982698961937716,,,,0.029622970273866067,final_score,0.0,,0.029622970273866067,0.033173807350928786,0.0,0.029622970273866067,-0.0036726736450256323,graph_lift,0.0,962,76.938,7.141466898934765,1.981530023253645,16,train,False,,,,0
M5,N7,E11a,T12a,global_categorical,,,,,,,,,0.208166241645813,final_score,0.0,,0.0,0.0,0.0,0.0,0.0,graph_lift,0.0,962,76.938,7.141466898934765,,16,train,False,,,,0
M1,N7,E11a,T12a,categorical,1.719922661781311,0.49828178694158076,0.8144329896907216,0.5603539943695068,0.49828178694158076,,,,0.09384388764755158,final_score,0.0,,0.09384388764755158,0.12585027924564995,0.0,0.09384388764755158,-0.03661431312988164,graph_lift,0.0,970,74.069,7.1297280538273515,1.938480051029979,16,train,False,,,,1
M5,N7,E11a,T12a,global_categorical,,,,,,,,,0.21417483687400818,final_score,0.0,,0.0,0.0,0.0,0.0,0.0,graph_lift,0.0,970,74.069,7.1297280538273515,,16,train,False,,,,1
M1,N7,E11a,T12a,categorical,1.7622147798538208,0.5017182130584192,0.8144329896907216,0.5438475608825684,0.5017182130584192,,,,0.03842692215869303,final_score,0.0,,0.03842692215869303,0.10868280407336339,0.0,0.03842692215869303,-0.07882253616977569,graph_lift,0.0,969,69.989,7.153797856433556,1.9092710339652281,16,train,False,,,,2
M5,N7,E11a,T12a,global_categorical,,,,,,,,,0.2215966284275055,final_score,0.0,,0.0,0.0,0.0,0.0,0.0,graph_lift,0.0,969,69.989,7.153797856433556,,16,train,False,,,,2
M1,N7,E11a,T12a,categorical,1.6921104192733765,0.5137931034482759,0.8172413793103448,0.5688954591751099,0.5137931034482759,,,,0.099264641215562,final_score,0.0,,0.099264641215562,0.16305259321608356,0.0,0.099264641215562,-0.0762150064430397,graph_lift,0.0,965,69.917,7.128457081857102,1.9078331533390003,16,train,False,,,,3
M5,N7,E11a,T12a,global_categorical,,,,,,,,,0.22482076287269592,final_score,0.0,,0.0,0.0,0.0,0.0,0.0,graph_lift,0.0,965,69.917,7.128457081857102,,16,train,False,,,,3
M1,N7,E11a,T12a,categorical,1.800561785697937,0.5016949152542373,0.8067796610169492,0.5516883134841919,0.5016949152542373,,,,0.01068254979287997,final_score,0.0,,0.01068254979287997,0.0351549901899475,0.0,0.01068254979287997,-0.025364115633334083,graph_lift,0.0,981,69.616,7.1649466236313,1.8300692043804085,16,train,False,,,,4
M5,N7,E11a,T12a,global_categorical,,,,,,,,,0.17806099355220795,final_score,0.0,,0.0,0.0,0.0,0.0,0.0,graph_lift,0.0,981,69.616,7.1649466236313,,16,train,False,,,,4
M1,N7,E11a,T12a,categorical,1.6521214246749878,0.5051546391752577,0.7938144329896907,0.572575569152832,0.5051546391752577,,,,0.15405496430593535,final_score,0.0,,0.15405496430593535,0.2031617964824013,0.0,0.15405496430593535,-0.06162710567802412,graph_lift,0.0,967,70.535,7.13501214397503,2.0196009763851985,16,train,False,,,,5
M5,N7,E11a,T12a,global_categorical,,,,,,,,,0.1949392855167389,final_score,0.0,,0.0,0.0,0.0,0.0,0.0,graph_lift,0.0,967,70.535,7.13501214397503,,16,train,False,,,,5
M1,N7,E11a,T12a,categorical,1.7581640481948853,0.523972602739726,0.7876712328767124,0.563578724861145,0.523972602739726,,,,0.13482486268080918,final_score,0.012118205472054413,,0.13482486268080918,0.12421188232078872,0.012118205472054413,0.13482486268080918,0.012118205472054413,graph_lift,1.2118205472054413,971,70.191,7.148194392697357,2.0234388805453887,16,train,False,,,,6
M5,N7,E11a,T12a,global_categorical,,,,,,,,,0.14885446429252625,final_score,0.0,,0.0,0.0,0.0,0.0,0.0,graph_lift,0.0,971,70.191,7.148194392697357,,16,train,False,,,,6
M1,N7,E11a,T12a,categorical,1.744126796722412,0.5342465753424658,0.7808219178082192,0.5723028779029846,0.5342465753424658,,,,0.1586424138047513,final_score,0.0,,0.1586424138047513,0.1863539587525227,0.0,0.1586424138047513,-0.03405847695797084,graph_lift,0.0,972,73.941,7.1424797659124994,2.0053821031845356,16,train,False,,,,7
M5,N7,E11a,T12a,global_categorical,,,,,,,,,0.14628422260284424,final_score,0.0,,0.0,0.0,0.0,0.0,0.0,graph_lift,0.0,972,73.941,7.1424797659124994,,16,train,False,,,,7
M1,N7,E11a,T12a,categorical,1.5669783353805542,0.5551724137931034,0.8551724137931035,0.6058329343795776,0.5551724137931034,,,,0.19720493261140182,final_score,0.01850287003037573,,0.19720493261140182,0.18207089671933796,0.01850287003037573,0.19720493261140182,0.01850287003037573,graph_lift,1.850287003037573,964,71.6,7.140038973690058,1.9604049795123717,16,train,False,,,,8
M5,N7,E11a,T12a,global_categorical,,,,,,,,,0.127414733171463,final_score,0.0,,0.0,0.0,0.0,0.0,0.0,graph_lift,0.0,964,71.6,7.140038973690058,,16,train,False,,,,8
M1,N7,E11a,T12a,categorical,1.7150332927703857,0.5306122448979592,0.7789115646258503,0.5747774839401245,0.5306122448979592,,,,0.1620007045934604,final_score,0.03124440051897507,,0.1620007045934604,0.13497346920578646,0.03124440051897507,0.1620007045934604,0.03124440051897507,graph_lift,3.124440051897507,977,70.351,7.132462119219065,1.9817084222976713,16,train,False,,,,9
M5,N7,E11a,T12a,global_categorical,,,,,,,,,0.19024400413036346,final_score,0.0,,0.0,0.0,0.0,0.0,0.0,graph_lift,0.0,977,70.351,7.132462119219065,,16,train,False,,,,9
M1,N7,E11a,T12a,categorical,1.5520474910736084,0.5601374570446735,0.8247422680412371,0.6074356436729431,0.5601374570446735,,,,0.17826460853170545,final_score,0.0,,0.17826460853170545,0.20990064903610706,0.0,0.17826460853170545,-0.04004058535905234,graph_lift,0.0,967,57.422,7.213133599543529,1.9750384095070497,16,test,False,,,,0
M5,N7,E11a,T12a,global_categorical,,,,,,,,,0.20926469564437866,final_score,0.0,,0.0,0.0,0.0,0.0,0.0,graph_lift,0.0,967,57.422,7.213133599543529,,16,test,False,,,,0
M1,N7,E11a,T12a,categorical,1.7295982837677002,0.4657534246575342,0.8082191780821918,0.533221423625946,0.4657534246575342,,,,0.06496529985992483,final_score,0.04725306686357298,,0.06496529985992483,0.018590700615580547,0.04725306686357298,0.06496529985992483,0.04725306686357298,graph_lift,4.725306686357298,971,63.43,7.211801302439527,1.9568231726956764,16,test,False,,,,1
M5,N7,E11a,T12a,global_categorical,,,,,,,,,0.21519210934638977,final_score,0.0,,0.0,0.0,0.0,0.0,0.0,graph_lift,0.0,971,63.43,7.211801302439527,,16,test,False,,,,1
M1,N7,E11a,T12a,categorical,1.751011848449707,0.5432525951557093,0.7716262975778547,0.5796748399734497,0.5432525951557093,,,,0.09223261533825977,final_score,0.0,,0.09223261533825977,0.10490670720945416,0.0,0.09223261533825977,-0.0141595205474969,graph_lift,0.0,963,59.785,7.201816428097779,1.966258303092216,16,test,False,,,,2
M5,N7,E11a,T12a,global_categorical,,,,,,,,,0.18912865221500397,final_score,0.0,,0.0,0.0,0.0,0.0,0.0,graph_lift,0.0,963,59.785,7.201816428097779,,16,test,False,,,,2
M1,N7,E11a,T12a,categorical,1.5586316585540771,0.5555555555555556,0.8506944444444444,0.5997207164764404,0.5555555555555556,,,,0.21377548064207763,final_score,0.03347243163482538,,0.21377548064207763,0.1865472387013486,0.03347243163482538,0.21377548064207763,0.03347243163482538,graph_lift,3.3472431634825375,957,60.623,7.2097113616036435,1.978560088290459,16,test,False,,,,3
M5,N7,E11a,T12a,global_categorical,,,,,,,,,0.16284537315368652,final_score,0.0,,0.0,0.0,0.0,0.0,0.0,graph_lift,0.0,957,60.623,7.2097113616036435,,16,test,False,,,,3
M1,N7,E11a,T12a,categorical,1.8365492820739746,0.4844290657439446,0.8200692041522492,0.5354635119438171,0.4844290657439446,,,,0.10757735742637142,final_score,0.0,,0.10757735742637142,0.15863951378249452,0.0,0.10757735742637142,-0.06068998626936076,graph_lift,0.0,963,62.978,7.179364614782461,1.955313784561953,16,test,False,,,,4
M5,N7,E11a,T12a,global_categorical,,,,,,,,,0.17524370551109314,final_score,0.0,,0.0,0.0,0.0,0.0,0.0,graph_lift,0.0,963,62.978,7.179364614782461,,16,test,False,,,,4
M1,N7,E11a,T12a,categorical,1.89846670627594,0.4845360824742268,0.7731958762886598,0.5269606709480286,0.4845360824742268,,,,0.0397173917886815,final_score,0.0,,0.0397173917886815,0.07877223823623958,0.0,0.0397173917886815,-0.04239434379700478,graph_lift,0.0,967,61.334,7.18834942950418,1.9166591813142921,16,test,False,,,,5
M5,N7,E11a,T12a,global_categorical,,,,,,,,,0.19760264456272125,final_score,0.0,,0.0,0.0,0.0,0.0,0.0,graph_lift,0.0,967,61.334,7.18834942950418,,16,test,False,,,,5
M1,N7,E11a,T12a,categorical,1.5777509212493896,0.5505226480836237,0.8048780487804879,0.603588879108429,0.5505226480836237,,,,0.2051533111072208,final_score,0.015156793881608002,,0.2051533111072208,0.1929205746105056,0.015156793881608002,0.2051533111072208,0.015156793881608002,graph_lift,1.5156793881608002,956,63.848,7.207983939307957,1.9988043776548188,16,test,False,,,,6
M5,N7,E11a,T12a,global_categorical,,,,,,,,,0.18772348761558533,final_score,0.0,,0.0,0.0,0.0,0.0,0.0,graph_lift,0.0,956,63.848,7.207983939307957,,16,test,False,,,,6
M1,N7,E11a,T12a,categorical,1.6522212028503418,0.5209790209790209,0.8041958041958042,0.5800137519836426,0.5209790209790209,,,,0.15573497509903622,final_score,0.0035205557207340313,,0.15573497509903622,0.1527521919816378,0.0035205557207340313,0.15573497509903622,0.0035205557207340313,graph_lift,0.35205557207340316,953,62.177,7.1932608618988,1.9454565121371272,16,test,False,,,,7
M5,N7,E11a,T12a,global_categorical,,,,,,,,,0.20446830987930298,final_score,0.0,,0.0,0.0,0.0,0.0,0.0,graph_lift,0.0,953,62.177,7.1932608618988,,16,test,False,,,,7
M1,N7,E11a,T12a,categorical,1.5222889184951782,0.5944055944055944,0.8251748251748252,0.622086226940155,0.5944055944055944,,,,0.26433611523470013,final_score,0.0,,0.26433611523470013,0.2957742099365053,0.0,0.26433611523470013,-0.044642066714101175,graph_lift,0.0,952,64.748,7.177010842874952,2.0524165993573433,16,test,False,,,,8
M5,N7,E11a,T12a,global_categorical,,,,,,,,,0.10941420495510101,final_score,0.0,,0.0,0.0,0.0,0.0,0.0,graph_lift,0.0,952,64.748,7.177010842874952,,16,test,False,,,,8
M1,N7,E11a,T12a,categorical,1.8703234195709229,0.46735395189003437,0.7216494845360825,0.5184680819511414,0.46735395189003437,,,,0.0191700870746635,final_score,0.0191700870746635,,0.0191700870746635,0.0,0.0191700870746635,0.0191700870746635,0.0191700870746635,graph_lift,1.91700870746635,968,64.026,7.2206672804027825,1.934793749073668,16,test,False,,,,9
M5,N7,E11a,T12a,global_categorical,,,,,,,,,0.24543261528015137,final_score,0.0,,0.0,0.0,0.0,0.0,0.0,graph_lift,0.0,968,64.026,7.2206672804027825,,16,test,False,,,,9
M1,N7,E11a,T12b,categorical,1.757440209388733,0.47750865051903113,0.7958477508650519,0.5405955910682678,0.47750865051903113,,,,0.10201893225827308,final_score,0.03688442861287972,,0.10201893225827308,0.0676289591617586,0.03688442861287972,0.10201893225827308,0.03688442861287972,graph_lift,3.6884428612879723,962,17.273,7.15585862999057,1.981530023253645,16,train,False,,,,0
M5,N7,E11a,T12b,global_categorical,,,,,,,,,0.17353713512420654,final_score,0.0,,0.0,0.0,0.0,0.0,0.0,graph_lift,0.0,962,17.273,7.15585862999057,,16,train,False,,,,0
M1,N7,E11a,T12b,categorical,1.7769972085952759,0.5120274914089347,0.8109965635738832,0.5407629013061523,0.5120274914089347,,,,0.06377365079154595,final_score,0.005620787783512982,,0.06377365079154595,0.058481575533351426,0.005620787783512982,0.06377365079154595,0.005620787783512982,graph_lift,0.5620787783512983,970,17.422,7.144439704509467,1.938480051029979,16,train,False,,,,1
M5,N7,E11a,T12b,global_categorical,,,,,,,,,0.21770943701267242,final_score,0.0,,0.0,0.0,0.0,0.0,0.0,graph_lift,0.0,970,17.422,7.144439704509467,,16,train,False,,,,1
M1,N7,E11a,T12b,categorical,1.7563105821609497,0.5051546391752577,0.7938144329896907,0.5413091778755188,0.5051546391752577,,,,0.04164865054787692,final_score,0.0,,0.04164865054787692,0.11708882562678358,0.0,0.04164865054787692,-0.08544480721116941,graph_lift,0.0,969,17.321,7.1787173295422875,1.9092710339652281,16,train,False,,,,2
M5,N7,E11a,T12b,global_categorical,,,,,,,,,0.21913889050483704,final_score,0.0,,0.0,0.0,0.0,0.0,0.0,graph_lift,0.0,969,17.321,7.1787173295422875,,16,train,False,,,,2
M1,N7,E11a,T12b,categorical,1.6254278421401978,0.5620689655172414,0.8586206896551725,0.6026461720466614,0.5620689655172414,,,,0.13476076836181483,final_score,0.03034314307718612,,0.13476076836181483,0.10768513061001384,0.03034314307718612,0.13476076836181483,0.03034314307718612,graph_lift,3.034314307718612,965,17.134,7.20532735501493,1.9078331533390003,16,train,False,,,,3
M5,N7,E11a,T12b,global_categorical,,,,,,,,,0.17913460731506348,final_score,0.0,,0.0,0.0,0.0,0.0,0.0,graph_lift,0.0,965,17.134,7.20532735501493,,16,train,False,,,,3
M1,N7,E11a,T12b,categorical,1.7020374536514282,0.5389830508474577,0.8372881355932204,0.5666305422782898,0.5389830508474577,,,,0.06481665791137903,final_score,0.0,,0.06481665791137903,0.07235656912014421,0.0,0.06481665791137903,-0.008128027383984911,graph_lift,0.0,981,17.473,7.1593385927681155,1.8300692043804085,16,train,False,,,,4
M5,N7,E11a,T12b,global_categorical,,,,,,,,,0.23887097835540771,final_score,0.0,,0.0,0.0,0.0,0.0,0.0,graph_lift,0.0,981,17.473,7.1593385927681155,,16,train,False,,,,4
M1,N7,E11a,T12b,categorical,1.5483849048614502,0.6082474226804123,0.8109965635738832,0.6214908957481384,0.6082474226804123,,,,0.20717174047334908,final_score,0.0,,0.20717174047334908,0.2360694773433546,0.0,0.20717174047334908,-0.0378277029297255,graph_lift,0.0,967,17.484,7.135929587874143,2.0196009763851985,16,train,False,,,,5
M5,N7,E11a,T12b,global_categorical,,,,,,,,,0.20020155608654022,final_score,0.0,,0.0,0.0,0.0,0.0,0.0,graph_lift,0.0,967,17.484,7.135929587874143,,16,train,False,,,,5
M1,N7,E11a,T12b,categorical,1.8771839141845703,0.4726027397260274,0.7397260273972602,0.5251410603523254,0.4726027397260274,,,,0.07625639306578846,final_score,0.0,,0.07625639306578846,0.10079708440302293,0.0,0.07625639306578846,-0.027291605611556545,graph_lift,0.0,971,17.201,7.1907063481437525,2.0234388805453887,16,train,False,,,,6
M5,N7,E11a,T12b,global_categorical,,,,,,,,,0.17055059969425201,final_score,0.0,,0.0,0.0,0.0,0.0,0.0,graph_lift,0.0,971,17.201,7.1907063481437525,,16,train,False,,,,6
M1,N7,E11a,T12b,categorical,1.6291285753250122,0.5308219178082192,0.8184931506849316,0.5818753242492676,0.5308219178082192,,,,0.21411697859985246,final_score,0.00797872323499894,,0.21411697859985246,0.20779620376396968,0.00797872323499894,0.21411697859985246,0.00797872323499894,graph_lift,0.797872323499894,972,17.364,7.203751177843076,2.0053821031845356,16,train,False,,,,7
M5,N7,E11a,T12b,global_categorical,,,,,,,,,0.1334417760372162,final_score,0.0,,0.0,0.0,0.0,0.0,0.0,graph_lift,0.0,972,17.364,7.203751177843076,,16,train,False,,,,7
M1,N7,E11a,T12b,categorical,1.6874607801437378,0.5448275862068965,0.7655172413793103,0.5802636742591858,0.5448275862068965,,,,0.13547930575106515,final_score,0.024783225081443518,,0.13547930575106515,0.11350920484203753,0.024783225081443518,0.13547930575106515,0.024783225081443518,graph_lift,2.478322508144352,964,17.769,7.120862889859291,1.9604049795123717,16,train,False,,,,8
M5,N7,E11a,T12b,global_categorical,,,,,,,,,0.18110787868499756,final_score,0.0,,0.0,0.0,0.0,0.0,0.0,graph_lift,0.0,964,17.769,7.120862889859291,,16,train,False,,,,8
M1,N7,E11a,T12b,categorical,1.7879904508590698,0.5068027210884354,0.8095238095238095,0.5467590689659119,0.5068027210884354,,,,0.1263523939085227,final_score,0.013458445918508878,,0.1263523939085227,0.11443405249677752,0.013458445918508878,0.1263523939085227,0.013458445918508878,graph_lift,1.3458445918508877,977,17.37,7.1719851851068945,1.9817084222976713,16,train,False,,,,9
M5,N7,E11a,T12b,global_categorical,,,,,,,,,0.2124651074409485,final_score,0.0,,0.0,0.0,0.0,0.0,0.0,graph_lift,0.0,977,17.37,7.1719851851068945,,16,train,False,,,,9
M1,N7,E11a,T12b,categorical,1.5978144407272339,0.5738831615120275,0.7938144329896907,0.6086140275001526,0.5738831615120275,,,,0.1540331942779637,final_score,0.0,,0.1540331942779637,0.1556723863487205,0.0,0.1540331942779637,-0.0019414171042779762,graph_lift,0.0,967,17.394,7.1709450156383285,1.9750384095070497,16,test,False,,,,0
M5,N7,E11a,T12b,global_categorical,,,,,,,,,0.21546992659568787,final_score,0.0,,0.0,0.0,0.0,0.0,0.0,graph_lift,0.0,967,17.394,7.1709450156383285,,16,test,False,,,,0
M1,N7,E11a,T12b,categorical,1.6583678722381592,0.547945205479452,0.839041095890411,0.5713526010513306,0.547945205479452,,,,0.10347304241625432,final_score,0.007057489548179752,,0.10347304241625432,0.09710084103882555,0.007057489548179752,0.10347304241625432,0.007057489548179752,graph_lift,0.7057489548179752,971,17.309,7.1374000358544025,1.9568231726956764,16,test,False,,,,1
M5,N7,E11a,T12b,global_categorical,,,,,,,,,0.21146884560585022,final_score,0.0,,0.0,0.0,0.0,0.0,0.0,graph_lift,0.0,971,17.309,7.1374000358544025,,16,test,False,,,,1
M1,N7,E11a,T12b,categorical,1.661405086517334,0.5432525951557093,0.7577854671280276,0.5813729763031006,0.5432525951557093,,,,0.13868696813321135,final_score,0.0,,0.13868696813321135,0.162252901330458,0.0,0.13868696813321135,-0.0281301280955465,graph_lift,0.0,963,17.016,7.146291278643223,1.966258303092216,16,test,False,,,,2
M5,N7,E11a,T12b,global_categorical,,,,,,,,,0.18473359942436218,final_score,0.0,,0.0,0.0,0.0,0.0,0.0,graph_lift,0.0,963,17.016,7.146291278643223,,16,test,False,,,,2
M1,N7,E11a,T12b,categorical,1.619739294052124,0.53125,0.7847222222222222,0.5937705636024475,0.53125,,,,0.18295080165631528,final_score,0.0,,0.18295080165631528,0.21969080818596198,0.0,0.18295080165631528,-0.047083908423832234,graph_lift,0.0,957,17.164,7.162518493976714,1.978560088290459,16,test,False,,,,3
M5,N7,E11a,T12b,global_categorical,,,,,,,,,0.1614716798067093,final_score,0.0,,0.0,0.0,0.0,0.0,0.0,graph_lift,0.0,957,17.164,7.162518493976714,,16,test,False,,,,3
M1,N7,E11a,T12b,categorical,1.942284345626831,0.4982698961937716,0.7681660899653979,0.526646614074707,0.4982698961937716,,,,0.05619819461281961,final_score,0.0,,0.05619819461281961,0.1415865880715057,0.0,0.05619819461281961,-0.09947234312993113,graph_lift,0.0,963,17.647,7.11608008867243,1.955313784561953,16,test,False,,,,4
M5,N7,E11a,T12b,global_categorical,,,,,,,,,0.12282919883728027,final_score,0.0,,0.0,0.0,0.0,0.0,0.0,graph_lift,0.0,963,17.647,7.11608008867243,,16,test,False,,,,4
M1,N7,E11a,T12b,categorical,1.7676386833190918,0.4879725085910653,0.7663230240549829,0.5496309399604797,0.4879725085910653,,,,0.10589278117331524,final_score,0.0,,0.10589278117331524,0.1196864022780102,0.0,0.10589278117331524,-0.015668985621020808,graph_lift,0.0,967,17.267,7.171865370016716,1.9166591813142921,16,test,False,,,,5
M5,N7,E11a,T12b,global_categorical,,,,,,,,,0.18194133043289185,final_score,0.0,,0.0,0.0,0.0,0.0,0.0,graph_lift,0.0,967,17.267,7.171865370016716,,16,test,False,,,,5
M1,N7,E11a,T12b,categorical,1.591074824333191,0.554006968641115,0.7839721254355401,0.6034033894538879,0.554006968641115,,,,0.19844096155828206,final_score,0.08000477116983738,,0.19844096155828206,0.12873565718274915,0.08000477116983738,0.19844096155828206,0.08000477116983738,graph_lift,8.000477116983738,956,17.143,7.162024452376859,1.9988043776548188,16,test,False,,,,6
M5,N7,E11a,T12b,global_categorical,,,,,,,,,0.19228363037109375,final_score,0.0,,0.0,0.0,0.0,0.0,0.0,graph_lift,0.0,956,17.143,7.162024452376859,,16,test,False,,,,6
M1,N7,E11a,T12b,categorical,1.5618016719818115,0.5384615384615384,0.7867132867132867,0.5994745492935181,0.5384615384615384,,,,0.20193826105134638,final_score,0.0,,0.20193826105134638,0.21184161353490527,0.0,0.20193826105134638,-0.012565180620580103,graph_lift,0.0,953,17.788,7.127688663585711,1.9454565121371272,16,test,False,,,,7
M5,N7,E11a,T12b,global_categorical,,,,,,,,,0.21549594402313232,final_score,0.0,,0.0,0.0,0.0,0.0,0.0,graph_lift,0.0,953,17.788,7.127688663585711,,16,test,False,,,,7
M1,N7,E11a,T12b,categorical,1.6854759454727173,0.5524475524475524,0.7867132867132867,0.5799433588981628,0.5524475524475524,,,,0.18547409997642383,final_score,0.059579240889895246,,0.18547409997642383,0.13387077844353368,0.059579240889895246,0.18547409997642383,0.059579240889895246,graph_lift,5.957924088989524,952,17.143,7.155143202059193,2.0524165993573433,16,test,False,,,,8
M5,N7,E11a,T12b,global_categorical,,,,,,,,,0.10823626816272736,final_score,0.0,,0.0,0.0,0.0,0.0,0.0,graph_lift,0.0,952,17.143,7.155143202059193,,16,test,False,,,,8
M1,N7,E11a,T12b,categorical,1.8479033708572388,0.5017182130584192,0.7663230240549829,0.554846465587616,0.5017182130584192,,,,0.030927542493500493,final_score,0.01142008281543292,,0.030927542493500493,0.019732810002477064,0.01142008281543292,0.030927542493500493,0.01142008281543292,graph_lift,1.1420082815432921,968,17.993,7.166414327032961,1.934793749073668,16,test,False,,,,9
M5,N7,E11a,T12b,global_categorical,,,,,,,,,0.1663881242275238,final_score,0.0,,0.0,0.0,0.0,0.0,0.0,graph_lift,0.0,968,17.993,7.166414327032961,,16,test,False,,,,9
M1,N7,E11a,T12e,categorical,1.9995418787002563,0.3771626297577855,0.7024221453287197,0.4789373278617859,0.3771626297577855,,,,-0.021685303570401437,final_score,0.0,,0.0,0.0,0.0,0.0,0.0,graph_lift,0.0,962,0.0,0.0,1.981530023253645,16,train,False,,,,0
M5,N7,E11a,T12e,global_categorical,,,,,,,,,0.07777293026447296,final_score,0.0,,0.0,0.0,0.0,0.0,0.0,graph_lift,0.0,962,0.0,0.0,,16,train,False,,,,0
M1,N7,E11a,T12e,categorical,1.9334357976913452,0.3951890034364261,0.738831615120275,0.4884789288043976,0.3951890034364261,,,,-0.018647354846409447,final_score,0.0,,0.0,0.0,0.0,0.0,0.0,graph_lift,0.0,970,0.0,0.0,1.938480051029979,16,train,False,,,,1
M5,N7,E11a,T12e,global_categorical,,,,,,,,,0.08228760212659836,final_score,0.0,,0.0,0.0,0.0,0.0,0.0,graph_lift,0.0,970,0.0,0.0,,16,train,False,,,,1
M1,N7,E11a,T12e,categorical,1.8928545713424683,0.4020618556701031,0.7560137457044673,0.49434521794319153,0.4020618556701031,,,,-0.03285819611135676,final_score,0.0,,0.0,0.0,0.0,0.0,0.0,graph_lift,0.0,969,0.0,0.0,1.9092710339652281,16,train,False,,,,2
M5,N7,E11a,T12e,global_categorical,,,,,,,,,0.10508207976818085,final_score,0.0,,0.0,0.0,0.0,0.0,0.0,graph_lift,0.0,969,0.0,0.0,,16,train,False,,,,2
M1,N7,E11a,T12e,categorical,1.9074256420135498,0.41724137931034483,0.7172413793103448,0.49893492460250854,0.41724137931034483,,,,-0.01535081208539646,final_score,0.0,,0.0,0.0,0.0,0.0,0.0,graph_lift,0.0,965,0.0,0.0,1.9078331533390003,16,train,False,,,,3
M5,N7,E11a,T12e,global_categorical,,,,,,,,,0.08058763295412064,final_score,0.0,,0.0,0.0,0.0,0.0,0.0,graph_lift,0.0,965,0.0,0.0,,16,train,False,,,,3
M1,N7,E11a,T12e,categorical,1.8674813508987427,0.4033898305084746,0.7661016949152543,0.5035789608955383,0.4033898305084746,,,,-0.02608636142941312,final_score,0.0,,0.0,0.0,0.0,0.0,0.0,graph_lift,0.0,981,0.0,0.0,1.8300692043804085,16,train,False,,,,4
M5,N7,E11a,T12e,global_categorical,,,,,,,,,0.11891214549541473,final_score,0.0,,0.0,0.0,0.0,0.0,0.0,graph_lift,0.0,981,0.0,0.0,,16,train,False,,,,4
M1,N7,E11a,T12e,categorical,1.9967124462127686,0.40893470790378006,0.697594501718213,0.48007887601852417,0.40893470790378006,,,,-0.022387941085247443,final_score,0.0,,0.0,0.0,0.0,0.0,0.0,graph_lift,0.0,967,0.0,0.0,2.0196009763851985,16,train,False,,,,5
M5,N7,E11a,T12e,global_categorical,,,,,,,,,0.11520479619503021,final_score,0.0,,0.0,0.0,0.0,0.0,0.0,graph_lift,0.0,967,0.0,0.0,,16,train,False,,,,5
M1,N7,E11a,T12e,categorical,2.063915967941284,0.2636986301369863,0.6917808219178082,0.4524446129798889,0.2636986301369863,,,,-0.01563259709339282,final_score,0.0,,0.0,0.0,0.0,0.0,0.0,graph_lift,0.0,971,0.0,0.0,2.0234388805453887,16,train,False,,,,6
M5,N7,E11a,T12e,global_categorical,,,,,,,,,0.10583153367042542,final_score,0.0,,0.0,0.07554719268748733,0.0,0.0,-0.08172098358066697,graph_lift,0.0,971,0.0,0.0,,16,train,False,,,,6
M1,N7,E11a,T12e,categorical,2.1001529693603516,0.3424657534246575,0.6472602739726028,0.44423961639404297,0.3424657534246575,,,,-0.013102756705223317,final_score,0.0,,0.0,0.0,0.0,0.0,0.0,graph_lift,0.0,972,0.0,0.0,2.0053821031845356,16,train,False,,,,7
M5,N7,E11a,T12e,global_categorical,,,,,,,,,0.07683197408914566,final_score,0.15302359485270417,,0.1919427733029425,0.0459507233185203,0.15302359485270417,0.1919427733029425,0.15302359485270417,graph_lift,15.302359485270417,972,0.0,0.0,,16,train,False,,,,7
M1,N7,E11a,T12e,categorical,1.9869670867919922,0.3758620689655172,0.6862068965517242,0.4799313247203827,0.3758620689655172,,,,-0.017963931101297792,final_score,0.0,,0.0,0.0,0.0,0.0,0.0,graph_lift,0.0,964,0.0,0.0,1.9604049795123717,16,train,False,,,,8
M5,N7,E11a,T12e,global_categorical,,,,,,,,,0.08836435526609421,final_score,0.0,,0.0,0.0,0.0,0.0,0.0,graph_lift,0.0,964,0.0,0.0,,16,train,False,,,,8
M1,N7,E11a,T12e,categorical,2.0905404090881348,0.3401360544217687,0.6768707482993197,0.4520513713359833,0.3401360544217687,,,,-0.02147955091448539,final_score,0.0,,0.0,0.0,0.0,0.0,0.0,graph_lift,0.0,977,0.0,0.0,1.9817084222976713,16,train,False,,,,9
M5,N7,E11a,T12e,global_categorical,,,,,,,,,0.08780725300312042,final_score,0.0,,0.0,0.0,0.0,0.0,0.0,graph_lift,0.0,977,0.0,0.0,,16,train,False,,,,9
M1,N7,E11a,T12e,categorical,1.9342167377471924,0.41580756013745707,0.7353951890034365,0.49319279193878174,0.41580756013745707,,,,-0.024075834815280306,final_score,0.0,,0.0,0.0,0.0,0.0,0.0,graph_lift,0.0,967,0.0,0.0,1.9750384095070497,16,test,False,,,,0
M5,N7,E11a,T12e,global_categorical,,,,,,,,,0.07348346710205078,final_score,0.1003267555620098,,0.13010517640650335,0.03309915130697878,0.1003267555620098,0.13010517640650335,0.1003267555620098,graph_lift,10.03267555620098,967,0.0,0.0,,16,test,False,,,,0
M1,N7,E11a,T12e,categorical,1.8887395858764648,0.4246575342465753,0.7328767123287672,0.5054425001144409,0.4246575342465753,,,,-0.021067780759479682,final_score,0.0,,0.0,0.0,0.0,0.0,0.0,graph_lift,0.0,971,0.0,0.0,1.9568231726956764,16,test,False,,,,1
M5,N7,E11a,T12e,global_categorical,,,,,,,,,0.09420593082904816,final_score,0.02045454122888076,,0.02045454122888076,0.0,0.02045454122888076,0.02045454122888076,0.02045454122888076,graph_lift,2.045454122888076,971,0.0,0.0,,16,test,False,,,,1
M1,N7,E11a,T12e,categorical,1.964007019996643,0.38408304498269896,0.7301038062283737,0.4816107451915741,0.38408304498269896,,,,-0.018189291255957807,final_score,0.0,,0.0,0.0,0.0,0.0,0.0,graph_lift,0.0,963,0.0,0.0,1.966258303092216,16,test,False,,,,2
M5,N7,E11a,T12e,global_categorical,,,,,,,,,0.08502501994371414,final_score,0.0,,0.0,0.0,0.0,0.0,0.0,graph_lift,0.0,963,0.0,0.0,,16,test,False,,,,2
M1,N7,E11a,T12e,categorical,1.999391794204712,0.3993055555555556,0.6979166666666666,0.47328799962997437,0.3993055555555556,,,,-0.008558241605052919,final_score,0.0,,0.0,0.0,0.0,0.0,0.0,graph_lift,0.0,957,0.0,0.0,1.978560088290459,16,test,False,,,,3
M5,N7,E11a,T12e,global_categorical,,,,,,,,,0.0825480967760086,final_score,0.0,,0.0,0.0,0.0,0.0,0.0,graph_lift,0.0,957,0.0,0.0,,16,test,False,,,,3
M1,N7,E11a,T12e,categorical,2.082414388656616,0.3356401384083045,0.6747404844290658,0.44851917028427124,0.3356401384083045,,,,-0.01189425879651873,final_score,0.0,,0.0,0.0,0.0,0.0,0.0,graph_lift,0.0,963,0.0,0.0,1.955313784561953,16,test,False,,,,4
M5,N7,E11a,T12e,global_categorical,,,,,,,,,0.07899360358715057,final_score,0.0,,0.13806133956653738,0.2507880118784681,0.0,0.13806133956653738,-0.15046031577066143,graph_lift,0.0,963,0.0,0.0,,16,test,False,,,,4
M1,N7,E11a,T12e,categorical,2.0304763317108154,0.4020618556701031,0.7079037800687286,0.4738607108592987,0.4020618556701031,,,,-0.027055720646695258,final_score,0.0,,0.0,0.0,0.0,0.0,0.0,graph_lift,0.0,967,0.0,0.0,1.9166591813142921,16,test,False,,,,5
M5,N7,E11a,T12e,global_categorical,,,,,,,,,0.08160972595214844,final_score,0.0,,0.0,0.02946618230282204,0.0,0.0,-0.030360799145296716,graph_lift,0.0,967,0.0,0.0,,16,test,False,,,,5
M1,N7,E11a,T12e,categorical,2.040783405303955,0.34494773519163763,0.686411149825784,0.45583823323249817,0.34494773519163763,,,,-0.028115339510332626,final_score,0.0,,0.0,0.0,0.0,0.0,0.0,graph_lift,0.0,956,0.0,0.0,1.9988043776548188,16,test,False,,,,6
M5,N7,E11a,T12e,global_categorical,,,,,,,,,0.1492134928703308,final_score,0.0,,0.0,0.0,0.0,0.0,0.0,graph_lift,0.0,956,0.0,0.0,,16,test,False,,,,6
M1,N7,E11a,T12e,categorical,2.0131330490112305,0.3811188811188811,0.7097902097902098,0.4711931049823761,0.3811188811188811,,,,-0.028686625605076177,final_score,0.0,,0.0,0.0,0.0,0.0,0.0,graph_lift,0.0,953,0.0,0.0,1.9454565121371272,16,test,False,,,,7
M5,N7,E11a,T12e,global_categorical,,,,,,,,,0.10168430954217911,final_score,0.0,,0.0,0.0,0.0,0.0,0.0,graph_lift,0.0,953,0.0,0.0,,16,test,False,,,,7
M1,N7,E11a,T12e,categorical,2.09684681892395,0.36713286713286714,0.6573426573426573,0.4479482173919678,0.36713286713286714,,,,-0.013325672636606,final_score,0.0,,0.0,0.0,0.0,0.0,0.0,graph_lift,0.0,952,0.0,0.0,2.0524165993573433,16,test,False,,,,8
M5,N7,E11a,T12e,global_categorical,,,,,,,,,0.0749620720744133,final_score,0.0,,0.0,0.14899524470647804,0.0,0.0,-0.17508156538454095,graph_lift,0.0,952,0.0,0.0,,16,test,False,,,,8
M1,N7,E11a,T12e,categorical,1.959120750427246,0.38144329896907214,0.7216494845360825,0.4886283874511719,0.38144329896907214,,,,-0.02739677510045646,final_score,0.0,,0.0,0.0,0.0,0.0,0.0,graph_lift,0.0,968,0.0,0.0,1.934793749073668,16,test,False,,,,9
M5,N7,E11a,T12e,global_categorical,,,,,,,,,0.10460659861564636,final_score,0.0,,0.0,0.0,0.0,0.0,0.0,graph_lift,0.0,968,0.0,0.0,,16,test,False,,,,9
M1,N7,E11b,T12a,categorical,1.953020691871643,0.47058823529411764,0.7197231833910035,0.5176171064376831,0.47058823529411764,,,,0.0020851792991971596,final_score,0.0,,0.0020851792991971596,0.033173807350928786,0.0,0.0020851792991971596,-0.032155343212775224,graph_lift,0.0,962,76.938,7.141466898934765,1.981530023253645,16,train,False,,,,0
M5,N7,E11b,T12a,global_categorical,,,,,,,,,0.20399659872055054,final_score,0.0,,0.0,0.0,0.0,0.0,0.0,graph_lift,0.0,962,76.938,7.141466898934765,,16,train,False,,,,0
M1,N7,E11b,T12a,categorical,1.710923194885254,0.5085910652920962,0.7800687285223368,0.5632246732711792,0.5085910652920962,,,,0.09858531744716215,final_score,0.0,,0.09858531744716215,0.12585027924564995,0.0,0.09858531744716215,-0.031190265410094085,graph_lift,0.0,970,74.069,7.1297280538273515,1.938480051029979,16,train,False,,,,1
M5,N7,E11b,T12a,global_categorical,,,,,,,,,0.20358887314796448,final_score,0.0,,0.0,0.0,0.0,0.0,0.0,graph_lift,0.0,970,74.069,7.1297280538273515,,16,train,False,,,,1
M1,N7,E11b,T12a,categorical,1.6886396408081055,0.5189003436426117,0.8075601374570447,0.5672998428344727,0.5189003436426117,,,,0.07857406415943335,final_score,0.0,,0.07857406415943335,0.10868280407336339,0.0,0.07857406415943335,-0.0337800505269375,graph_lift,0.0,969,69.989,7.153797856433556,1.9092710339652281,16,train,False,,,,2
M5,N7,E11b,T12a,global_categorical,,,,,,,,,0.2054615318775177,final_score,0.0,,0.0,0.0,0.0,0.0,0.0,graph_lift,0.0,969,69.989,7.153797856433556,,16,train,False,,,,2
M1,N7,E11b,T12a,categorical,1.6936081647872925,0.5103448275862069,0.8379310344827586,0.5652655363082886,0.5103448275862069,,,,0.09846740595038206,final_score,0.0,,0.09846740595038206,0.16305259321608356,0.0,0.09846740595038206,-0.07716755765320885,graph_lift,0.0,965,69.917,7.128457081857102,1.9078331533390003,16,train,False,,,,3
M5,N7,E11b,T12a,global_categorical,,,,,,,,,0.2107853889465332,final_score,0.0,,0.0,0.0,0.0,0.0,0.0,graph_lift,0.0,965,69.917,7.128457081857102,,16,train,False,,,,3
M1,N7,E11b,T12a,categorical,1.7534643411636353,0.5322033898305085,0.8067796610169492,0.5720142126083374,0.5322033898305085,,,,0.03656019395699861,final_score,0.0014564036220985907,,0.03656019395699861,0.0351549901899475,0.0014564036220985907,0.03656019395699861,0.0014564036220985907,graph_lift,0.14564036220985907,981,69.616,7.1649466236313,1.8300692043804085,16,train,False,,,,4
M5,N7,E11b,T12a,global_categorical,,,,,,,,,0.10342229902744293,final_score,0.0,,0.0,0.0,0.0,0.0,0.0,graph_lift,0.0,981,69.616,7.1649466236313,,16,train,False,,,,4
M1,N7,E11b,T12a,categorical,1.7105729579925537,0.5395189003436426,0.7903780068728522,0.5708497762680054,0.5395189003436426,,,,0.12412569087711434,final_score,0.0,,0.12412569087711434,0.2031617964824013,0.0,0.12412569087711434,-0.09918714396019968,graph_lift,0.0,967,70.535,7.13501214397503,2.0196009763851985,16,train,False,,,,5
M5,N7,E11b,T12a,global_categorical,,,,,,,,,0.1676592230796814,final_score,0.0,,0.0,0.0,0.0,0.0,0.0,graph_lift,0.0,967,70.535,7.13501214397503,,16,train,False,,,,5
M1,N7,E11b,T12a,categorical,1.919690728187561,0.4417808219178082,0.7294520547945206,0.5035056471824646,0.4417808219178082,,,,0.055339214736140674,final_score,0.0,,0.055339214736140674,0.12421188232078872,0.0,0.055339214736140674,-0.07864078787362028,graph_lift,0.0,971,70.191,7.148194392697357,2.0234388805453887,16,train,False,,,,6
M5,N7,E11b,T12a,global_categorical,,,,,,,,,0.16318030655384064,final_score,0.0,,0.0,0.0,0.0,0.0,0.0,graph_lift,0.0,971,70.191,7.148194392697357,,16,train,False,,,,6
M1,N7,E11b,T12a,categorical,1.7758513689041138,0.4897260273972603,0.815068493150685,0.5478830933570862,0.4897260273972603,,,,0.14333868921008464,final_score,0.0,,0.14333868921008464,0.1863539587525227,0.0,0.14333868921008464,-0.052867300228594864,graph_lift,0.0,972,73.941,7.1424797659124994,2.0053821031845356,16,train,False,,,,7
M5,N7,E11b,T12a,global_categorical,,,,,,,,,0.1312536597251892,final_score,0.0,,0.0,0.0,0.0,0.0,0.0,graph_lift,0.0,972,73.941,7.1424797659124994,,16,train,False,,,,7
M1,N7,E11b,T12a,categorical,1.6787292957305908,0.5517241379310345,0.8068965517241379,0.5956884622573853,0.5517241379310345,,,,0.13995263200741415,final_score,0.0,,0.13995263200741415,0.18207089671933796,0.0,0.13995263200741415,-0.051493784171501064,graph_lift,0.0,964,71.6,7.140038973690058,1.9604049795123717,16,train,False,,,,8
M5,N7,E11b,T12a,global_categorical,,,,,,,,,0.1446155309677124,final_score,0.0,,0.0,0.0,0.0,0.0,0.0,graph_lift,0.0,964,71.6,7.140038973690058,,16,train,False,,,,8
M1,N7,E11b,T12a,categorical,1.8479070663452148,0.47959183673469385,0.7551020408163265,0.5337746143341064,0.47959183673469385,,,,0.09707595742697395,final_score,0.0,,0.09707595742697395,0.13497346920578646,0.0,0.09707595742697395,-0.04381080860493073,graph_lift,0.0,977,70.351,7.132462119219065,1.9817084222976713,16,train,False,,,,9
M5,N7,E11b,T12a,global_categorical,,,,,,,,,0.19699355959892273,final_score,0.0,,0.0,0.0,0.0,0.0,0.0,graph_lift,0.0,977,70.351,7.132462119219065,,16,train,False,,,,9
M1,N7,E11b,T12a,categorical,1.6586641073226929,0.5360824742268041,0.7938144329896907,0.582179844379425,0.5360824742268041,,,,0.12181614619181291,final_score,0.0,,0.12181614619181291,0.20990064903610706,0.0,0.12181614619181291,-0.11148535021176033,graph_lift,0.0,967,57.422,7.213133599543529,1.9750384095070497,16,test,False,,,,0
M5,N7,E11b,T12a,global_categorical,,,,,,,,,0.21210485696792603,final_score,0.0,,0.0,0.0,0.0,0.0,0.0,graph_lift,0.0,967,57.422,7.213133599543529,,16,test,False,,,,0
M1,N7,E11b,T12a,categorical,1.8623113632202148,0.4520547945205479,0.773972602739726,0.5155539512634277,0.4520547945205479,,,,-0.006780471554880041,final_score,0.0,,0.0,0.018590700615580547,0.0,0.0,-0.018942861685987085,graph_lift,0.0,971,63.43,7.211801302439527,1.9568231726956764,16,test,False,,,,1
M5,N7,E11b,T12a,global_categorical,,,,,,,,,0.1842239797115326,final_score,0.0,,0.0,0.0,0.0,0.0,0.0,graph_lift,0.0,971,63.43,7.211801302439527,,16,test,False,,,,1
M1,N7,E11b,T12a,categorical,1.7335301637649536,0.5536332179930796,0.7958477508650519,0.5789936780929565,0.5536332179930796,,,,0.10129550935927889,final_score,0.0,,0.10129550935927889,0.10490670720945416,0.0,0.10129550935927889,-0.00403443739246106,graph_lift,0.0,963,59.785,7.201816428097779,1.966258303092216,16,test,False,,,,2
M5,N7,E11b,T12a,global_categorical,,,,,,,,,0.15597182512283325,final_score,0.0,,0.0,0.0,0.0,0.0,0.0,graph_lift,0.0,963,59.785,7.201816428097779,,16,test,False,,,,2
M1,N7,E11b,T12a,categorical,1.6373666524887085,0.5347222222222222,0.8055555555555556,0.5790602564811707,0.5347222222222222,,,,0.1740590221052274,final_score,0.0,,0.1740590221052274,0.1865472387013486,0.0,0.1740590221052274,-0.015352110399360087,graph_lift,0.0,957,60.623,7.2097113616036435,1.978560088290459,16,test,False,,,,3
M5,N7,E11b,T12a,global_categorical,,,,,,,,,0.2071751058101654,final_score,0.0,,0.0,0.0,0.0,0.0,0.0,graph_lift,0.0,957,60.623,7.2097113616036435,,16,test,False,,,,3
M1,N7,E11b,T12a,categorical,1.9064109325408936,0.4809688581314879,0.7716262975778547,0.5240291357040405,0.4809688581314879,,,,0.07362995792095894,final_score,0.0,,0.07362995792095894,0.15863951378249452,0.0,0.07362995792095894,-0.10103820806193556,graph_lift,0.0,963,62.978,7.179364614782461,1.955313784561953,16,test,False,,,,4
M5,N7,E11b,T12a,global_categorical,,,,,,,,,0.17511624097824097,final_score,0.0,,0.0,0.0,0.0,0.0,0.0,graph_lift,0.0,963,62.978,7.179364614782461,,16,test,False,,,,4
M1,N7,E11b,T12a,categorical,1.8137612342834473,0.5326460481099656,0.7525773195876289,0.5466358065605164,0.5326460481099656,,,,0.08256312216402484,final_score,0.004115034397712164,,0.08256312216402484,0.07877223823623958,0.004115034397712164,0.08256312216402484,0.004115034397712164,graph_lift,0.41150343977121634,967,61.334,7.18834942950418,1.9166591813142921,16,test,False,,,,5
M5,N7,E11b,T12a,global_categorical,,,,,,,,,0.20061612129211426,final_score,0.0,,0.0,0.0,0.0,0.0,0.0,graph_lift,0.0,967,61.334,7.18834942950418,,16,test,False,,,,5
M1,N7,E11b,T12a,categorical,1.6970394849777222,0.519163763066202,0.7804878048780488,0.5732011198997498,0.519163763066202,,,,0.14505757911651096,final_score,0.0,,0.14505757911651096,0.1929205746105056,0.0,0.14505757911651096,-0.05930394703209797,graph_lift,0.0,956,63.848,7.207983939307957,1.9988043776548188,16,test,False,,,,6
M5,N7,E11b,T12a,global_categorical,,,,,,,,,0.19866642355918884,final_score,0.0,,0.0,0.0,0.0,0.0,0.0,graph_lift,0.0,956,63.848,7.207983939307957,,16,test,False,,,,6
M1,N7,E11b,T12a,categorical,1.6741087436676025,0.5244755244755245,0.8286713286713286,0.5726299285888672,0.5244755244755245,,,,0.14455066979988396,final_score,0.0,,0.14455066979988396,0.1527521919816378,0.0,0.14455066979988396,-0.009680192859910121,graph_lift,0.0,953,62.177,7.1932608618988,1.9454565121371272,16,test,False,,,,7
M5,N7,E11b,T12a,global_categorical,,,,,,,,,0.20324906706809998,final_score,0.0,,0.0,0.0,0.0,0.0,0.0,graph_lift,0.0,953,62.177,7.1932608618988,,16,test,False,,,,7
M1,N7,E11b,T12a,categorical,1.552477240562439,0.5384615384615384,0.8076923076923077,0.6048627495765686,0.5384615384615384,,,,0.2497472733261924,final_score,0.0,,0.2497472733261924,0.2957742099365053,0.0,0.2497472733261924,-0.06535820934101685,graph_lift,0.0,952,64.748,7.177010842874952,2.0524165993573433,16,test,False,,,,8
M5,N7,E11b,T12a,global_categorical,,,,,,,,,0.1164957657456398,final_score,0.0,,0.0,0.0,0.0,0.0,0.0,graph_lift,0.0,952,64.748,7.177010842874952,,16,test,False,,,,8
M1,N7,E11b,T12a,categorical,1.981500267982483,0.4879725085910653,0.7766323024054983,0.5433863401412964,0.4879725085910653,,,,-0.039133001917833754,final_score,0.0,,0.0,0.0,0.0,0.0,0.0,graph_lift,0.0,968,64.026,7.2206672804027825,1.934793749073668,16,test,False,,,,9
M5,N7,E11b,T12a,global_categorical,,,,,,,,,0.13034223020076752,final_score,0.0,,0.0,0.0,0.0,0.0,0.0,graph_lift,0.0,968,64.026,7.2206672804027825,,16,test,False,,,,9
M1,N7,E11b,T12b,categorical,1.8565986156463623,0.4671280276816609,0.7785467128027682,0.5276208519935608,0.4671280276816609,,,,0.051352949320636054,final_score,0.0,,0.051352949320636054,0.0676289591617586,0.0,0.051352949320636054,-0.017456580189888472,graph_lift,0.0,962,17.273,7.15585862999057,1.981530023253645,16,train,False,,,,0
M5,N7,E11b,T12b,global_categorical,,,,,,,,,0.16339808702468872,final_score,0.0,,0.0,0.0,0.0,0.0,0.0,graph_lift,0.0,962,17.273,7.15585862999057,,16,train,False,,,,0
M1,N7,E11b,T12b,categorical,1.7873013019561768,0.5051546391752577,0.7903780068728522,0.5566033124923706,0.5051546391752577,,,,0.05834488108577607,final_score,0.0,,0.05834488108577607,0.058481575533351426,0.0,0.05834488108577607,-0.00014518510102741017,graph_lift,0.0,970,17.422,7.144439704509467,1.938480051029979,16,train,False,,,,1
M5,N7,E11b,T12b,global_categorical,,,,,,,,,0.15272556245326996,final_score,0.0,,0.0,0.0,0.0,0.0,0.0,graph_lift,0.0,970,17.422,7.144439704509467,,16,train,False,,,,1
M1,N7,E11b,T12b,categorical,1.7492012977600098,0.49140893470790376,0.8109965635738832,0.5449971556663513,0.49140893470790376,,,,0.04552788620511983,final_score,0.0,,0.04552788620511983,0.11708882562678358,0.0,0.04552788620511983,-0.08105111986204644,graph_lift,0.0,969,17.321,7.1787173295422875,1.9092710339652281,16,train,False,,,,2
M5,N7,E11b,T12b,global_categorical,,,,,,,,,0.2455943524837494,final_score,0.0,,0.0,0.0,0.0,0.0,0.0,graph_lift,0.0,969,17.321,7.1787173295422875,,16,train,False,,,,2
M1,N7,E11b,T12b,categorical,1.7338961362838745,0.5379310344827586,0.8172413793103448,0.5733035206794739,0.5379310344827586,,,,0.07702148602816072,final_score,0.0,,0.07702148602816072,0.10768513061001384,0.0,0.07702148602816072,-0.03436415287219826,graph_lift,0.0,965,17.134,7.20532735501493,1.9078331533390003,16,train,False,,,,3
M5,N7,E11b,T12b,global_categorical,,,,,,,,,0.22234269976615906,final_score,0.0,,0.0,0.0,0.0,0.0,0.0,graph_lift,0.0,965,17.134,7.20532735501493,,16,train,False,,,,3
M1,N7,E11b,T12b,categorical,1.6648284196853638,0.5220338983050847,0.7762711864406779,0.5719874501228333,0.5220338983050847,,,,0.08526111655324586,final_score,0.013911107440131264,,0.08526111655324586,0.07235656912014421,0.013911107440131264,0.08526111655324586,0.013911107440131264,graph_lift,1.3911107440131263,981,17.473,7.1593385927681155,1.8300692043804085,16,train,False,,,,4
M5,N7,E11b,T12b,global_categorical,,,,,,,,,0.20263810455799103,final_score,0.0,,0.0,0.0,0.0,0.0,0.0,graph_lift,0.0,981,17.473,7.1593385927681155,,16,train,False,,,,4
M1,N7,E11b,T12b,categorical,1.5592451095581055,0.5773195876288659,0.7938144329896907,0.6215223670005798,0.5773195876288659,,,,0.20161094758312215,final_score,0.0,,0.20161094758312215,0.2360694773433546,0.0,0.20161094758312215,-0.04510688961660995,graph_lift,0.0,967,17.484,7.135929587874143,2.0196009763851985,16,train,False,,,,5
M5,N7,E11b,T12b,global_categorical,,,,,,,,,0.17189854383468628,final_score,0.0,,0.0,0.0,0.0,0.0,0.0,graph_lift,0.0,967,17.484,7.135929587874143,,16,train,False,,,,5
M1,N7,E11b,T12b,categorical,1.8892420530319214,0.4794520547945205,0.702054794520548,0.5149489641189575,0.4794520547945205,,,,0.07032266936924969,final_score,0.0,,0.07032266936924969,0.10079708440302293,0.0,0.07032266936924969,-0.033890476226427046,graph_lift,0.0,971,17.201,7.1907063481437525,2.0234388805453887,16,train,False,,,,6
M5,N7,E11b,T12b,global_categorical,,,,,,,,,0.21103155612945557,final_score,0.0,,0.0,0.0,0.0,0.0,0.0,graph_lift,0.0,971,17.201,7.1907063481437525,,16,train,False,,,,6
M1,N7,E11b,T12b,categorical,1.7285587787628174,0.5205479452054794,0.7945205479452054,0.5708357691764832,0.5205479452054794,,,,0.16615235461113764,final_score,0.0,,0.16615235461113764,0.20779620376396968,0.0,0.16615235461113764,-0.052567091133232345,graph_lift,0.0,972,17.364,7.203751177843076,2.0053821031845356,16,train,False,,,,7
M5,N7,E11b,T12b,global_categorical,,,,,,,,,0.15018360316753387,final_score,0.0,,0.0,0.0,0.0,0.0,0.0,graph_lift,0.0,972,17.364,7.203751177843076,,16,train,False,,,,7
M1,N7,E11b,T12b,categorical,1.7657231092453003,0.5275862068965518,0.7482758620689656,0.5626482963562012,0.5275862068965518,,,,0.09538391202686591,final_score,0.0,,0.09538391202686591,0.11350920484203753,0.0,0.09538391202686591,-0.02044611508001264,graph_lift,0.0,964,17.769,7.120862889859291,1.9604049795123717,16,train,False,,,,8
M5,N7,E11b,T12b,global_categorical,,,,,,,,,0.17334747314453125,final_score,0.0,,0.0,0.0,0.0,0.0,0.0,graph_lift,0.0,964,17.769,7.120862889859291,,16,train,False,,,,8
M1,N7,E11b,T12b,categorical,1.8888053894042969,0.47959183673469385,0.7278911564625851,0.5242761969566345,0.47959183673469385,,,,0.0770922221139082,final_score,0.0,,0.0770922221139082,0.11443405249677752,0.0,0.0770922221139082,-0.04216719318098377,graph_lift,0.0,977,17.37,7.1719851851068945,1.9817084222976713,16,train,False,,,,9
M5,N7,E11b,T12b,global_categorical,,,,,,,,,0.2300560176372528,final_score,0.0,,0.0,0.0,0.0,0.0,0.0,graph_lift,0.0,977,17.37,7.1719851851068945,,16,train,False,,,,9
M1,N7,E11b,T12b,categorical,1.7591958045959473,0.5429553264604811,0.7628865979381443,0.5893641710281372,0.5429553264604811,,,,0.06858943308007537,final_score,0.0,,0.06858943308007537,0.1556723863487205,0.0,0.06858943308007537,-0.10313881941164575,graph_lift,0.0,967,17.394,7.1709450156383285,1.9750384095070497,16,test,False,,,,0
M5,N7,E11b,T12b,global_categorical,,,,,,,,,0.12901324033737183,final_score,0.0,,0.0,0.0,0.0,0.0,0.0,graph_lift,0.0,967,17.394,7.1709450156383285,,16,test,False,,,,0
M1,N7,E11b,T12b,categorical,1.729170322418213,0.5102739726027398,0.7876712328767124,0.5596082210540771,0.5102739726027398,,,,0.0651966680271906,final_score,0.0,,0.0651966680271906,0.09710084103882555,0.0,0.0651966680271906,-0.03533525609697335,graph_lift,0.0,971,17.309,7.1374000358544025,1.9568231726956764,16,test,False,,,,1
M5,N7,E11b,T12b,global_categorical,,,,,,,,,0.18909993767738342,final_score,0.0,,0.0,0.0,0.0,0.0,0.0,graph_lift,0.0,971,17.309,7.1374000358544025,,16,test,False,,,,1
M1,N7,E11b,T12b,categorical,1.6209055185317993,0.5432525951557093,0.7854671280276817,0.5833883285522461,0.5432525951557093,,,,0.1596828824678137,final_score,0.0,,0.1596828824678137,0.162252901330458,0.0,0.1596828824678137,-0.0030677741131253586,graph_lift,0.0,963,17.016,7.146291278643223,1.966258303092216,16,test,False,,,,2
M5,N7,E11b,T12b,global_categorical,,,,,,,,,0.2322276532649994,final_score,0.0,,0.0,0.0,0.0,0.0,0.0,graph_lift,0.0,963,17.016,7.146291278643223,,16,test,False,,,,2
M1,N7,E11b,T12b,categorical,1.577816367149353,0.5590277777777778,0.7951388888888888,0.5999138951301575,0.5590277777777778,,,,0.2040981230152087,final_score,0.0,,0.2040981230152087,0.21969080818596198,0.0,0.2040981230152087,-0.01998270087592319,graph_lift,0.0,957,17.164,7.162518493976714,1.978560088290459,16,test,False,,,,3
M5,N7,E11b,T12b,global_categorical,,,,,,,,,0.1738515943288803,final_score,0.0,,0.0,0.0,0.0,0.0,0.0,graph_lift,0.0,957,17.164,7.162518493976714,,16,test,False,,,,3
M1,N7,E11b,T12b,categorical,1.8569821119308472,0.49480968858131485,0.7750865051903114,0.5297918319702148,0.49480968858131485,,,,0.09764855919077042,final_score,0.0,,0.09764855919077042,0.1415865880715057,0.0,0.09764855919077042,-0.05118516121739639,graph_lift,0.0,963,17.647,7.11608008867243,1.955313784561953,16,test,False,,,,4
M5,N7,E11b,T12b,global_categorical,,,,,,,,,0.13939273357391357,final_score,0.0,,0.0,0.0,0.0,0.0,0.0,graph_lift,0.0,963,17.647,7.11608008867243,,16,test,False,,,,4
M1,N7,E11b,T12b,categorical,1.7763564586639404,0.5017182130584192,0.7835051546391752,0.5509335398674011,0.5017182130584192,,,,0.10148316795338741,final_score,0.0,,0.10148316795338741,0.1196864022780102,0.0,0.10148316795338741,-0.02067812467253461,graph_lift,0.0,967,17.267,7.171865370016716,1.9166591813142921,16,test,False,,,,5
M5,N7,E11b,T12b,global_categorical,,,,,,,,,0.16202926635742188,final_score,0.0,,0.0,0.0,0.0,0.0,0.0,graph_lift,0.0,967,17.267,7.171865370016716,,16,test,False,,,,5
M1,N7,E11b,T12b,categorical,1.7937883138656616,0.5052264808362369,0.7735191637630662,0.5673327445983887,0.5052264808362369,,,,0.09631696359218778,final_score,0.0,,0.09631696359218778,0.12873565718274915,0.0,0.09631696359218778,-0.03720879186417164,graph_lift,0.0,956,17.143,7.162024452376859,1.9988043776548188,16,test,False,,,,6
M5,N7,E11b,T12b,global_categorical,,,,,,,,,0.13070890307426453,final_score,0.0,,0.0,0.0,0.0,0.0,0.0,graph_lift,0.0,956,17.143,7.162024452376859,,16,test,False,,,,6
M1,N7,E11b,T12b,categorical,1.590531587600708,0.5559440559440559,0.8076923076923077,0.6023679375648499,0.5559440559440559,,,,0.18725760286635074,final_score,0.0,,0.18725760286635074,0.21184161353490527,0.0,0.18725760286635074,-0.0311917136082435,graph_lift,0.0,953,17.788,7.127688663585711,1.9454565121371272,16,test,False,,,,7
M5,N7,E11b,T12b,global_categorical,,,,,,,,,0.1648520529270172,final_score,0.0,,0.0,0.0,0.0,0.0,0.0,graph_lift,0.0,953,17.788,7.127688663585711,,16,test,False,,,,7
M1,N7,E11b,T12b,categorical,1.8377143144607544,0.5524475524475524,0.7937062937062938,0.6032406687736511,0.5524475524475524,,,,0.11190310146834148,final_score,0.0,,0.11190310146834148,0.13387077844353368,0.0,0.11190310146834148,-0.025363047947643963,graph_lift,0.0,952,17.143,7.155143202059193,2.0524165993573433,16,test,False,,,,8
M5,N7,E11b,T12b,global_categorical,,,,,,,,,0.0692635104060173,final_score,0.0,,0.0,0.0,0.0,0.0,0.0,graph_lift,0.0,952,17.143,7.155143202059193,,16,test,False,,,,8
M1,N7,E11b,T12b,categorical,1.8301352262496948,0.4879725085910653,0.7903780068728522,0.5422539114952087,0.4879725085910653,,,,0.04024546862852674,final_score,0.020925579102674556,,0.04024546862852674,0.019732810002477064,0.020925579102674556,0.04024546862852674,0.020925579102674556,graph_lift,2.0925579102674554,968,17.993,7.166414327032961,1.934793749073668,16,test,False,,,,9
M5,N7,E11b,T12b,global_categorical,,,,,,,,,0.18691718578338623,final_score,0.0,,0.0,0.0,0.0,0.0,0.0,graph_lift,0.0,968,17.993,7.166414327032961,,16,test,False,,,,9
M1,N7,E11b,T12e,categorical,1.9928714036941528,0.3771626297577855,0.7024221453287197,0.4784121513366699,0.3771626297577855,,,,-0.01827691004118015,final_score,0.0,,0.0,0.0,0.0,0.0,0.0,graph_lift,0.0,962,0.0,0.0,1.981530023253645,16,train,False,,,,0
M5,N7,E11b,T12e,global_categorical,,,,,,,,,0.08180323243141174,final_score,0.0,,0.0,0.0,0.0,0.0,0.0,graph_lift,0.0,962,0.0,0.0,,16,train,False,,,,0
M1,N7,E11b,T12e,categorical,1.9417667388916016,0.3951890034364261,0.738831615120275,0.48775383830070496,0.3951890034364261,,,,-0.02303660582271938,final_score,0.0,,0.0,0.0,0.0,0.0,0.0,graph_lift,0.0,970,0.0,0.0,1.938480051029979,16,train,False,,,,1
M5,N7,E11b,T12e,global_categorical,,,,,,,,,0.09233231842517853,final_score,0.0,,0.0,0.0,0.0,0.0,0.0,graph_lift,0.0,970,0.0,0.0,,16,train,False,,,,1
M1,N7,E11b,T12e,categorical,1.8819303512573242,0.4020618556701031,0.7560137457044673,0.49482762813568115,0.4020618556701031,,,,-0.026897254675397386,final_score,0.0,,0.0,0.0,0.0,0.0,0.0,graph_lift,0.0,969,0.0,0.0,1.9092710339652281,16,train,False,,,,2
M5,N7,E11b,T12e,global_categorical,,,,,,,,,0.10002325475215912,final_score,0.0,,0.0,0.0,0.0,0.0,0.0,graph_lift,0.0,969,0.0,0.0,,16,train,False,,,,2
M1,N7,E11b,T12e,categorical,1.9142917394638062,0.41724137931034483,0.7,0.4985301196575165,0.41724137931034483,,,,-0.019005703324289636,final_score,0.0,,0.0,0.0,0.0,0.0,0.0,graph_lift,0.0,965,0.0,0.0,1.9078331533390003,16,train,False,,,,3
M5,N7,E11b,T12e,global_categorical,,,,,,,,,0.08832259476184845,final_score,0.0,,0.0,0.0,0.0,0.0,0.0,graph_lift,0.0,965,0.0,0.0,,16,train,False,,,,3
M1,N7,E11b,T12e,categorical,1.8655633926391602,0.4033898305084746,0.7661016949152543,0.507107675075531,0.4033898305084746,,,,-0.025032543864445644,final_score,0.0,,0.0,0.0,0.0,0.0,0.0,graph_lift,0.0,981,0.0,0.0,1.8300692043804085,16,train,False,,,,4
M5,N7,E11b,T12e,global_categorical,,,,,,,,,0.10210002958774567,final_score,0.0,,0.0,0.0,0.0,0.0,0.0,graph_lift,0.0,981,0.0,0.0,,16,train,False,,,,4
M1,N7,E11b,T12e,categorical,2.00764799118042,0.40893470790378006,0.6769759450171822,0.4806094765663147,0.40893470790378006,,,,-0.027987342761824463,final_score,0.0,,0.0,0.0,0.0,0.0,0.0,graph_lift,0.0,967,0.0,0.0,2.0196009763851985,16,train,False,,,,5
M5,N7,E11b,T12e,global_categorical,,,,,,,,,0.12524521350860596,final_score,0.0,,0.0,0.0,0.0,0.0,0.0,graph_lift,0.0,967,0.0,0.0,,16,train,False,,,,5
M1,N7,E11b,T12e,categorical,2.0451414585113525,0.363013698630137,0.6917808219178082,0.46110105514526367,0.363013698630137,,,,-0.0063938115154025255,final_score,0.0,,0.0,0.0,0.0,0.0,0.0,graph_lift,0.0,971,0.0,0.0,2.0234388805453887,16,train,False,,,,6
M5,N7,E11b,T12e,global_categorical,,,,,,,,,0.051778554916381836,final_score,0.08230688842929698,,0.1516360267571087,0.07554719268748733,0.08230688842929698,0.1516360267571087,0.08230688842929698,graph_lift,8.230688842929698,971,0.0,0.0,,16,train,False,,,,6
M1,N7,E11b,T12e,categorical,2.098839044570923,0.3424657534246575,0.6472602739726028,0.44454053044319153,0.3424657534246575,,,,-0.012468924739260201,final_score,0.0,,0.0,0.0,0.0,0.0,0.0,graph_lift,0.0,972,0.0,0.0,2.0053821031845356,16,train,False,,,,7
M5,N7,E11b,T12e,global_categorical,,,,,,,,,0.07356524467468262,final_score,0.18903520029239468,,0.22629961942481808,0.0459507233185203,0.18903520029239468,0.22629961942481808,0.18903520029239468,graph_lift,18.903520029239466,972,0.0,0.0,,16,train,False,,,,7
M1,N7,E11b,T12e,categorical,1.9836480617523193,0.3758620689655172,0.6896551724137931,0.4789082109928131,0.3758620689655172,,,,-0.01626351397614556,final_score,0.0,,0.0,0.0,0.0,0.0,0.0,graph_lift,0.0,964,0.0,0.0,1.9604049795123717,16,train,False,,,,8
M5,N7,E11b,T12e,global_categorical,,,,,,,,,0.09495294839143753,final_score,0.0,,0.0,0.0,0.0,0.0,0.0,graph_lift,0.0,964,0.0,0.0,,16,train,False,,,,8
M1,N7,E11b,T12e,categorical,2.094311475753784,0.3401360544217687,0.6768707482993197,0.45215094089508057,0.3401360544217687,,,,-0.02332208411563741,final_score,0.0,,0.0,0.0,0.0,0.0,0.0,graph_lift,0.0,977,0.0,0.0,1.9817084222976713,16,train,False,,,,9
M5,N7,E11b,T12e,global_categorical,,,,,,,,,0.08373694121837616,final_score,0.0,,0.0,0.0,0.0,0.0,0.0,graph_lift,0.0,977,0.0,0.0,,16,train,False,,,,9
M1,N7,E11b,T12e,categorical,1.941475510597229,0.41580756013745707,0.7353951890034365,0.49218079447746277,0.41580756013745707,,,,-0.027919013406483506,final_score,0.0,,0.0,0.0,0.0,0.0,0.0,graph_lift,0.0,967,0.0,0.0,1.9750384095070497,16,test,False,,,,0
M5,N7,E11b,T12e,global_categorical,,,,,,,,,0.0923849418759346,final_score,0.0,,0.0,0.03309915130697878,0.0,0.0,-0.03423220835075236,graph_lift,0.0,967,0.0,0.0,,16,test,False,,,,0
M1,N7,E11b,T12e,categorical,1.8956379890441895,0.4246575342465753,0.7328767123287672,0.501085102558136,0.4246575342465753,,,,-0.02479713051492438,final_score,0.0,,0.0,0.0,0.0,0.0,0.0,graph_lift,0.0,971,0.0,0.0,1.9568231726956764,16,test,False,,,,1
M5,N7,E11b,T12e,global_categorical,,,,,,,,,0.11780419200658798,final_score,0.0,,0.0,0.0,0.0,0.0,0.0,graph_lift,0.0,971,0.0,0.0,,16,test,False,,,,1
M1,N7,E11b,T12e,categorical,1.963830828666687,0.38408304498269896,0.7301038062283737,0.4818774163722992,0.38408304498269896,,,,-0.018097978013873472,final_score,0.0,,0.0,0.0,0.0,0.0,0.0,graph_lift,0.0,963,0.0,0.0,1.966258303092216,16,test,False,,,,2
M5,N7,E11b,T12e,global_categorical,,,,,,,,,0.08365429937839508,final_score,0.0,,0.0,0.0,0.0,0.0,0.0,graph_lift,0.0,963,0.0,0.0,,16,test,False,,,,2
M1,N7,E11b,T12e,categorical,2.000624418258667,0.3993055555555556,0.6979166666666666,0.47422653436660767,0.3993055555555556,,,,-0.00917999054548213,final_score,0.0,,0.0,0.0,0.0,0.0,0.0,graph_lift,0.0,957,0.0,0.0,1.978560088290459,16,test,False,,,,3
M5,N7,E11b,T12e,global_categorical,,,,,,,,,0.08129434287548065,final_score,0.0,,0.0,0.0,0.0,0.0,0.0,graph_lift,0.0,957,0.0,0.0,,16,test,False,,,,3
M1,N7,E11b,T12e,categorical,2.093416690826416,0.3356401384083045,0.6747404844290658,0.4423503279685974,0.3356401384083045,,,,-0.01724057424041847,final_score,0.0,,0.0,0.0,0.0,0.0,0.0,graph_lift,0.0,963,0.0,0.0,1.955313784561953,16,test,False,,,,4
M5,N7,E11b,T12e,global_categorical,,,,,,,,,0.1097644791007042,final_score,0.0,,0.0,0.2507880118784681,0.0,0.0,-0.3347357167992713,graph_lift,0.0,963,0.0,0.0,,16,test,False,,,,4
M1,N7,E11b,T12e,categorical,2.0206634998321533,0.4020618556701031,0.7079037800687286,0.47411882877349854,0.4020618556701031,,,,-0.022092200425005037,final_score,0.0,,0.0,0.0,0.0,0.0,0.0,graph_lift,0.0,967,0.0,0.0,1.9166591813142921,16,test,False,,,,5
M5,N7,E11b,T12e,global_categorical,,,,,,,,,0.07463900744915009,final_score,0.05099383507932512,,0.07895742374137972,0.02946618230282204,0.05099383507932512,0.07895742374137972,0.05099383507932512,graph_lift,5.099383507932512,967,0.0,0.0,,16,test,False,,,,5
M1,N7,E11b,T12e,categorical,2.022312879562378,0.34494773519163763,0.686411149825784,0.4595401883125305,0.34494773519163763,,,,-0.018810199441468667,final_score,0.0,,0.0,0.0,0.0,0.0,0.0,graph_lift,0.0,956,0.0,0.0,1.9988043776548188,16,test,False,,,,6
M5,N7,E11b,T12e,global_categorical,,,,,,,,,0.1250332146883011,final_score,0.0,,0.0,0.0,0.0,0.0,0.0,graph_lift,0.0,956,0.0,0.0,,16,test,False,,,,6
M1,N7,E11b,T12e,categorical,2.0010032653808594,0.3811188811188811,0.7097902097902098,0.47163593769073486,0.3811188811188811,,,,-0.022488456266745338,final_score,0.0,,0.0,0.0,0.0,0.0,0.0,graph_lift,0.0,953,0.0,0.0,1.9454565121371272,16,test,False,,,,7
M5,N7,E11b,T12e,global_categorical,,,,,,,,,0.09396117925643921,final_score,0.0,,0.0,0.0,0.0,0.0,0.0,graph_lift,0.0,953,0.0,0.0,,16,test,False,,,,7
M1,N7,E11b,T12e,categorical,2.100048542022705,0.36713286713286714,0.6293706293706294,0.4472265839576721,0.36713286713286714,,,,-0.014872972488527925,final_score,0.0,,0.0,0.0,0.0,0.0,0.0,graph_lift,0.0,952,0.0,0.0,2.0524165993573433,16,test,False,,,,8
M5,N7,E11b,T12e,global_categorical,,,,,,,,,0.08752723038196564,final_score,0.0,,0.0,0.14899524470647804,0.0,0.0,-0.17508156538454095,graph_lift,0.0,952,0.0,0.0,,16,test,False,,,,8
M1,N7,E11b,T12e,categorical,1.96592116355896,0.38144329896907214,0.7216494845360825,0.4872105121612549,0.38144329896907214,,,,-0.03096307015293842,final_score,0.0,,0.0,0.0,0.0,0.0,0.0,graph_lift,0.0,968,0.0,0.0,1.934793749073668,16,test,False,,,,9
M5,N7,E11b,T12e,global_categorical,,,,,,,,,0.11065316945314407,final_score,0.0,,0.0,0.0,0.0,0.0,0.0,graph_lift,0.0,968,0.0,0.0,,16,test,False,,,,9
M1,N8,E10a,T12a,categorical,1.8818095922470093,0.43636363636363634,0.6954545454545454,0.5128578543663025,0.43636363636363634,,,,-0.015567444114328755,final_score,0.0,,0.0,0.0,0.0,0.0,0.0,graph_lift,0.0,732,76.938,7.141466898934765,1.95363128533594,16,train,False,,,,0
M5,N8,E10a,T12a,global_categorical,,,,,,,,,0.12265686690807343,final_score,0.16907200509901396,,0.21072668241755713,0.05013030921350383,0.16907200509901396,0.21072668241755713,0.16907200509901396,graph_lift,16.907200509901397,732,76.938,7.141466898934765,,16,train,False,,,,0
M1,N8,E10a,T12a,categorical,1.8626964092254639,0.4008810572687225,0.748898678414097,0.5015317797660828,0.4008810572687225,,,,0.02140098803781365,final_score,0.0,,0.02140098803781365,0.029490763940610343,0.0,0.02140098803781365,-0.008335599087798524,graph_lift,0.0,755,74.069,7.1297280538273515,1.9018771323398453,16,train,False,,,,1
M5,N8,E10a,T12a,global_categorical,,,,,,,,,0.10958422720432281,final_score,0.0,,0.051964746175233306,0.2990082404381236,0.0,0.051964746175233306,-0.35241996912673235,graph_lift,0.0,755,74.069,7.1297280538273515,,16,train,False,,,,1
M1,N8,E10a,T12a,categorical,1.737104058265686,0.4663677130044843,0.7982062780269058,0.5491763353347778,0.4663677130044843,,,,0.006214740663366025,final_score,0.0,,0.006214740663366025,0.01778505640632655,0.0,0.006214740663366025,-0.011779820515281203,graph_lift,0.0,741,69.989,7.153797856433556,1.896024143175973,16,train,False,,,,2
M5,N8,E10a,T12a,global_categorical,,,,,,,,,0.13881579041481018,final_score,0.0,,0.0,0.0,0.0,0.0,0.0,graph_lift,0.0,741,69.989,7.153797856433556,,16,train,False,,,,2
M1,N8,E10a,T12a,categorical,1.5854088068008423,0.48484848484848486,0.8138528138528138,0.56889808177948,0.48484848484848486,,,,0.029781142614323186,final_score,0.026255926454876666,,0.029781142614323186,0.0036202696942865265,0.026255926454876666,0.029781142614323186,0.026255926454876666,graph_lift,2.6255926454876666,767,69.917,7.128457081857102,1.809094080776977,16,train,False,,,,3
M5,N8,E10a,T12a,global_categorical,,,,,,,,,0.1297168880701065,final_score,0.0,,0.0,0.0,0.0,0.0,0.0,graph_lift,0.0,767,69.917,7.128457081857102,,16,train,False,,,,3
M1,N8,E10a,T12a,categorical,1.7246021032333374,0.40454545454545454,0.7954545454545454,0.5338532328605652,0.40454545454545454,,,,-0.02139714309867813,final_score,0.0,,0.0,0.0,0.0,0.0,0.0,graph_lift,0.0,732,69.616,7.1649466236313,1.7198923457931623,16,train,False,,,,4
M5,N8,E10a,T12a,global_categorical,,,,,,,,,0.12581786513328552,final_score,0.0,,0.0,0.0,0.0,0.0,0.0,graph_lift,0.0,732,69.616,7.1649466236313,,16,train,False,,,,4
M1,N8,E10a,T12a,categorical,1.9296391010284424,0.4069264069264069,0.7662337662337663,0.5023645162582397,0.4069264069264069,,,,0.015258603544232141,final_score,0.015258603544232141,,0.015258603544232141,0.0,0.015258603544232141,0.015258603544232141,0.015258603544232141,graph_lift,1.525860354423214,767,70.535,7.13501214397503,1.9650243435173276,16,train,False,,,,5
M5,N8,E10a,T12a,global_categorical,,,,,,,,,0.14642903208732605,final_score,0.0,,0.0,0.0,0.0,0.0,0.0,graph_lift,0.0,767,70.535,7.13501214397503,,16,train,False,,,,5
M1,N8,E10a,T12a,categorical,1.9750800132751465,0.3744493392070485,0.7180616740088106,0.4789837598800659,0.3744493392070485,,,,0.0010564467731558613,final_score,0.0,,0.0010564467731558613,0.0047940938526179755,0.0,0.0010564467731558613,-0.0037556520277609753,graph_lift,0.0,756,70.191,7.148194392697357,1.9658751095184586,16,train,False,,,,6
M5,N8,E10a,T12a,global_categorical,,,,,,,,,0.09775075316429138,final_score,0.16262523395002615,,0.16262523395002615,0.0,0.16262523395002615,0.16262523395002615,0.16262523395002615,graph_lift,16.262523395002614,756,70.191,7.148194392697357,,16,train,False,,,,6
M1,N8,E10a,T12a,categorical,1.9058783054351807,0.40707964601769914,0.7035398230088495,0.5006088018417358,0.40707964601769914,,,,0.009037668278494837,final_score,0.009037668278494837,,0.009037668278494837,0.0,0.009037668278494837,0.009037668278494837,0.009037668278494837,graph_lift,0.9037668278494837,751,73.941,7.1424797659124994,1.927399303365545,16,train,False,,,,7
M5,N8,E10a,T12a,global_categorical,,,,,,,,,0.13511398434638977,final_score,0.0,,0.0,0.0,0.0,0.0,0.0,graph_lift,0.0,751,73.941,7.1424797659124994,,16,train,False,,,,7
M1,N8,E10a,T12a,categorical,1.9854910373687744,0.3721973094170404,0.6905829596412556,0.4813374876976013,0.3721973094170404,,,,-0.017700195774882133,final_score,0.0,,0.0,0.0,0.0,0.0,0.0,graph_lift,0.0,741,71.6,7.140038973690058,1.8973011087345357,16,train,False,,,,8
M5,N8,E10a,T12a,global_categorical,,,,,,,,,0.11911296844482422,final_score,0.0,,0.0,0.0,0.0,0.0,0.0,graph_lift,0.0,741,71.6,7.140038973690058,,16,train,False,,,,8
M1,N8,E10a,T12a,categorical,1.7374789714813232,0.41228070175438597,0.793859649122807,0.5169147849082947,0.41228070175438597,,,,0.04505558677181809,final_score,0.0,,0.04505558677181809,0.04871789439271079,0.0,0.04505558677181809,-0.0038498649341824004,graph_lift,0.0,759,70.351,7.132462119219065,1.9540239092168317,16,train,False,,,,9
M5,N8,E10a,T12a,global_categorical,,,,,,,,,0.12667059898376465,final_score,0.0,,0.0,0.0,0.0,0.0,0.0,graph_lift,0.0,759,70.351,7.132462119219065,,16,train,False,,,,9
M1,N8,E10a,T12a,categorical,1.7258892059326172,0.4789915966386555,0.7521008403361344,0.5521482825279236,0.4789915966386555,,,,0.06926572405054099,final_score,0.03510144174508529,,0.06926572405054099,0.03540712338429042,0.03510144174508529,0.06926572405054099,0.03510144174508529,graph_lift,3.510144174508529,793,57.422,7.213133599543529,1.932282417400738,16,test,False,,,,0
M5,N8,E10a,T12a,global_categorical,,,,,,,,,0.10196992009878159,final_score,0.0,,0.0,0.05007347421478211,0.0,0.0,-0.0527129971166885,graph_lift,0.0,793,57.422,7.213133599543529,,16,test,False,,,,0
M1,N8,E10a,T12a,categorical,1.7013261318206787,0.4560669456066946,0.799163179916318,0.5503273010253906,0.4560669456066946,,,,0.07595428492486356,final_score,0.0426475188851161,,0.07595428492486356,0.034790494302537445,0.0426475188851161,0.07595428492486356,0.0426475188851161,graph_lift,4.2647518885116105,794,63.43,7.211801302439527,1.9271440511019033,16,test,False,,,,1
M5,N8,E10a,T12a,global_categorical,,,,,,,,,0.05753256380558014,final_score,0.18278040228265957,,0.18278040228265957,0.0,0.18278040228265957,0.18278040228265957,0.18278040228265957,graph_lift,18.278040228265958,794,63.43,7.211801302439527,,16,test,False,,,,1
M1,N8,E10a,T12a,categorical,1.8633544445037842,0.4110169491525424,0.7669491525423728,0.4990427494049072,0.4110169491525424,,,,0.004735073873810669,final_score,0.0,,0.004735073873810669,0.01108635535377056,0.0,0.004735073873810669,-0.006422483413333808,graph_lift,0.0,785,59.785,7.201816428097779,1.9085889500040374,16,test,False,,,,2
M5,N8,E10a,T12a,global_categorical,,,,,,,,,0.12419669330120087,final_score,0.0,,0.0,0.040763001056427876,0.0,0.0,-0.042495234338668156,graph_lift,0.0,785,59.785,7.201816428097779,,16,test,False,,,,2
M1,N8,E10a,T12a,categorical,2.009563446044922,0.41350210970464135,0.6877637130801688,0.4904741942882538,0.41350210970464135,,,,-0.03950211699721695,final_score,0.0,,0.0,0.0,0.0,0.0,0.0,graph_lift,0.0,789,60.623,7.2097113616036435,1.9627086303531485,16,test,False,,,,3
M5,N8,E10a,T12a,global_categorical,,,,,,,,,0.1533687561750412,final_score,0.0,,0.0,0.0,0.0,0.0,0.0,graph_lift,0.0,789,60.623,7.2097113616036435,,16,test,False,,,,3
M1,N8,E10a,T12a,categorical,1.7709736824035645,0.5145228215767634,0.7883817427385892,0.5600792765617371,0.5145228215767634,,,,0.04113335963802367,final_score,0.018336712577878975,,0.04113335963802367,0.023222470833160536,0.018336712577878975,0.04113335963802367,0.018336712577878975,graph_lift,1.8336712577878975,801,62.978,7.179364614782461,1.9260115874606982,16,test,False,,,,4
M5,N8,E10a,T12a,global_categorical,,,,,,,,,0.08647549897432327,final_score,0.0,,0.0,0.0,0.0,0.0,0.0,graph_lift,0.0,801,62.978,7.179364614782461,,16,test,False,,,,4
M1,N8,E10a,T12a,categorical,1.7878533601760864,0.453781512605042,0.773109243697479,0.5389731526374817,0.453781512605042,,,,0.01522434573155973,final_score,0.0,,0.01522434573155973,0.05021711834146758,0.0,0.01522434573155973,-0.03684291777169397,graph_lift,0.0,791,61.334,7.18834942950418,1.8884814186358194,16,test,False,,,,5
M5,N8,E10a,T12a,global_categorical,,,,,,,,,0.1688479483127594,final_score,0.0,,0.0,0.0,0.0,0.0,0.0,graph_lift,0.0,791,61.334,7.18834942950418,,16,test,False,,,,5
M1,N8,E10a,T12a,categorical,1.8023508787155151,0.4217391304347826,0.7608695652173914,0.5250912308692932,0.4217391304347826,,,,-0.0063304643130723814,final_score,0.0,,0.0,0.0,0.0,0.0,0.0,graph_lift,0.0,765,63.848,7.207983939307957,1.913201537068758,16,test,False,,,,6
M5,N8,E10a,T12a,global_categorical,,,,,,,,,0.07395153492689133,final_score,0.10865588138888514,,0.22519323903984792,0.13074339664971407,0.10865588138888514,0.22519323903984792,0.10865588138888514,graph_lift,10.865588138888514,765,63.848,7.207983939307957,,16,test,False,,,,6
M1,N8,E10a,T12a,categorical,1.9416744709014893,0.41841004184100417,0.7698744769874477,0.4902157783508301,0.41841004184100417,,,,-0.0846210287730842,final_score,0.0,,0.0,0.0,0.0,0.0,0.0,graph_lift,0.0,795,62.177,7.1932608618988,1.8728130432542331,16,test,False,,,,7
M5,N8,E10a,T12a,global_categorical,,,,,,,,,0.2576220631599426,final_score,0.0,,0.0,0.0,0.0,0.0,0.0,graph_lift,0.0,795,62.177,7.1932608618988,,16,test,False,,,,7
M1,N8,E10a,T12a,categorical,1.8694751262664795,0.4148471615720524,0.7467248908296943,0.5072509050369263,0.4148471615720524,,,,0.08427659473636184,final_score,0.028714750298240735,,0.08427659473636184,0.05720445611130387,0.028714750298240735,0.08427659473636184,0.028714750298240735,graph_lift,2.8714750298240737,761,64.748,7.177010842874952,2.035662243626489,16,test,False,,,,8
M5,N8,E10a,T12a,global_categorical,,,,,,,,,0.11926153302192688,final_score,0.0,,0.0,0.0,0.0,0.0,0.0,graph_lift,0.0,761,64.748,7.177010842874952,,16,test,False,,,,8
M1,N8,E10a,T12a,categorical,2.022827386856079,0.3347457627118644,0.7033898305084746,0.46903908252716064,0.3347457627118644,,,,-0.028811339148675952,final_score,0.0,,0.0,0.0,0.0,0.0,0.0,graph_lift,0.0,785,64.026,7.2206672804027825,1.9297838285291236,16,test,False,,,,9
M5,N8,E10a,T12a,global_categorical,,,,,,,,,0.1566554754972458,final_score,0.0,,0.0,0.0,0.0,0.0,0.0,graph_lift,0.0,785,64.026,7.2206672804027825,,16,test,False,,,,9
M1,N8,E10a,T12b,categorical,1.8763158321380615,0.4409090909090909,0.7227272727272728,0.5128362774848938,0.4409090909090909,,,,-0.012602615927110428,final_score,0.0,,0.0,0.0,0.0,0.0,0.0,graph_lift,0.0,732,17.273,7.15585862999057,1.95363128533594,16,train,False,,,,0
M5,N8,E10a,T12b,global_categorical,,,,,,,,,0.12052923440933228,final_score,0.10320218568814205,,0.2244175878124928,0.1351646939699148,0.10320218568814205,0.2244175878124928,0.10320218568814205,graph_lift,10.320218568814205,732,17.273,7.15585862999057,,16,train,False,,,,0
M1,N8,E10a,T12b,categorical,1.8537012338638306,0.4052863436123348,0.73568281938326,0.5104249715805054,0.4052863436123348,,,,0.026126745567019882,final_score,0.00026834097125067564,,0.026126745567019882,0.025865345327656164,0.00026834097125067564,0.026126745567019882,0.00026834097125067564,graph_lift,0.026834097125067565,755,17.422,7.144439704509467,1.9018771323398453,16,train,False,,,,1
M5,N8,E10a,T12b,global_categorical,,,,,,,,,0.13298603892326355,final_score,0.0,,0.0,0.24742062910164753,0.0,0.0,-0.32876350145806155,graph_lift,0.0,755,17.422,7.144439704509467,,16,train,False,,,,1
M1,N8,E10a,T12b,categorical,1.7964718341827393,0.452914798206278,0.7130044843049327,0.5284218788146973,0.452914798206278,,,,-0.0277491537132879,final_score,0.0,,0.0,0.023680839480091254,0.0,0.0,-0.02425522353518162,graph_lift,0.0,741,17.321,7.1787173295422875,1.896024143175973,16,train,False,,,,2
M5,N8,E10a,T12b,global_categorical,,,,,,,,,0.12916108965873718,final_score,0.0,,0.0,0.0,0.0,0.0,0.0,graph_lift,0.0,741,17.321,7.1787173295422875,,16,train,False,,,,2
M1,N8,E10a,T12b,categorical,1.683577537536621,0.4675324675324675,0.7662337662337663,0.5535076260566711,0.4675324675324675,,,,-0.03029492840469805,final_score,0.0,,0.0,0.0,0.0,0.0,0.0,graph_lift,0.0,767,17.134,7.20532735501493,1.809094080776977,16,train,False,,,,3
M5,N8,E10a,T12b,global_categorical,,,,,,,,,0.10450959950685501,final_score,0.06196001167347129,,0.06196001167347129,0.0,0.06196001167347129,0.06196001167347129,0.06196001167347129,graph_lift,6.196001167347129,767,17.134,7.20532735501493,,16,train,False,,,,3
M1,N8,E10a,T12b,categorical,1.714510440826416,0.44545454545454544,0.7954545454545454,0.5421285033226013,0.44545454545454544,,,,-0.015420297122798132,final_score,0.0,,0.0,0.0,0.0,0.0,0.0,graph_lift,0.0,732,17.473,7.1593385927681155,1.7198923457931623,16,train,False,,,,4
M5,N8,E10a,T12b,global_categorical,,,,,,,,,0.07966677844524384,final_score,0.0,,0.0,0.0,0.0,0.0,0.0,graph_lift,0.0,732,17.473,7.1593385927681155,,16,train,False,,,,4
M1,N8,E10a,T12b,categorical,1.9624125957489014,0.4025974025974026,0.7662337662337663,0.49305203557014465,0.4025974025974026,,,,-0.0014665044109070102,final_score,0.0,,0.0,0.0,0.0,0.0,0.0,graph_lift,0.0,767,17.484,7.135929587874143,1.9650243435173276,16,train,False,,,,5
M5,N8,E10a,T12b,global_categorical,,,,,,,,,0.10071294009685516,final_score,0.0,,0.0,0.0,0.0,0.0,0.0,graph_lift,0.0,767,17.484,7.135929587874143,,16,train,False,,,,5
M1,N8,E10a,T12b,categorical,1.9648714065551758,0.3656387665198238,0.7180616740088106,0.47334423661231995,0.3656387665198238,,,,0.006219688436256199,final_score,0.0027789107908774285,,0.006219688436256199,0.0034503659044230472,0.0027789107908774285,0.006219688436256199,0.0027789107908774285,graph_lift,0.27789107908774285,756,17.201,7.1907063481437525,1.9658751095184586,16,train,False,,,,6
M5,N8,E10a,T12b,global_categorical,,,,,,,,,0.1070818305015564,final_score,0.0,,0.08269123396176993,0.11513238935513659,0.0,0.08269123396176993,-0.036662157144303854,graph_lift,0.0,756,17.201,7.1907063481437525,,16,train,False,,,,6
M1,N8,E10a,T12b,categorical,1.9016691446304321,0.41150442477876104,0.7123893805309734,0.5014336705207825,0.41150442477876104,,,,0.011226207595076088,final_score,0.00634662373023428,,0.011226207595076088,0.004910750550820908,0.00634662373023428,0.011226207595076088,0.00634662373023428,graph_lift,0.634662373023428,751,17.364,7.203751177843076,1.927399303365545,16,train,False,,,,7
M5,N8,E10a,T12b,global_categorical,,,,,,,,,0.1448313146829605,final_score,0.0,,0.0,0.0,0.0,0.0,0.0,graph_lift,0.0,751,17.364,7.203751177843076,,16,train,False,,,,7
M1,N8,E10a,T12b,categorical,1.9525479078292847,0.40358744394618834,0.6905829596412556,0.4959585666656494,0.40358744394618834,,,,-0.0008145946632229784,final_score,0.0,,0.0,0.0,0.0,0.0,0.0,graph_lift,0.0,741,17.769,7.120862889859291,1.8973011087345357,16,train,False,,,,8
M5,N8,E10a,T12b,global_categorical,,,,,,,,,0.1333991140127182,final_score,0.0,,0.0,0.0,0.0,0.0,0.0,graph_lift,0.0,741,17.769,7.120862889859291,,16,train,False,,,,8
M1,N8,E10a,T12b,categorical,1.75278902053833,0.4166666666666667,0.7719298245614035,0.5206958055496216,0.4166666666666667,,,,0.03664095260753386,final_score,0.01559966226628577,,0.03664095260753386,0.021374728893012507,0.01559966226628577,0.03664095260753386,0.01559966226628577,graph_lift,1.559966226628577,759,17.37,7.1719851851068945,1.9540239092168317,16,train,False,,,,9
M5,N8,E10a,T12b,global_categorical,,,,,,,,,0.13286180794239044,final_score,0.0,,0.0,0.0,0.0,0.0,0.0,graph_lift,0.0,759,17.37,7.1719851851068945,,16,train,False,,,,9
M1,N8,E10a,T12b,categorical,1.7179752588272095,0.5084033613445378,0.7605042016806722,0.5602933764457703,0.5084033613445378,,,,0.07353353121472317,final_score,0.044218317218421586,,0.07353353121472317,0.030671454082470517,0.044218317218421586,0.07353353121472317,0.044218317218421586,graph_lift,4.421831721842159,793,17.394,7.1709450156383285,1.932282417400738,16,test,False,,,,0
M5,N8,E10a,T12b,global_categorical,,,,,,,,,0.1360076665878296,final_score,0.0,,0.0,0.0,0.0,0.0,0.0,graph_lift,0.0,793,17.394,7.1709450156383285,,16,test,False,,,,0
M1,N8,E10a,T12b,categorical,1.68855619430542,0.46443514644351463,0.7949790794979079,0.555779218673706,0.46443514644351463,,,,0.08289002474890117,final_score,0.0,,0.08289002474890117,0.09015976308298379,0.0,0.08289002474890117,-0.007990126221188073,graph_lift,0.0,794,17.309,7.1374000358544025,1.9271440511019033,16,test,False,,,,1
M5,N8,E10a,T12b,global_categorical,,,,,,,,,0.05173743888735771,final_score,0.2650970824569599,,0.2650970824569599,0.0,0.2650970824569599,0.2650970824569599,0.2650970824569599,graph_lift,26.50970824569599,794,17.309,7.1374000358544025,,16,test,False,,,,1
M1,N8,E10a,T12b,categorical,1.8286303281784058,0.4194915254237288,0.75,0.5127108693122864,0.4194915254237288,,,,0.023282092184890302,final_score,0.0,,0.023282092184890302,0.027583690890487622,0.0,0.023282092184890302,-0.004423618428959195,graph_lift,0.0,785,17.016,7.146291278643223,1.9085889500040374,16,test,False,,,,2
M5,N8,E10a,T12b,global_categorical,,,,,,,,,0.09846477210521698,final_score,0.07435835997399799,,0.07435835997399799,0.0,0.07435835997399799,0.07435835997399799,0.07435835997399799,graph_lift,7.435835997399799,785,17.016,7.146291278643223,,16,test,False,,,,2
M1,N8,E10a,T12b,categorical,2.0091772079467773,0.39662447257383965,0.7257383966244726,0.4833172559738159,0.39662447257383965,,,,-0.03930236006257415,final_score,0.0,,0.0,0.0,0.0,0.0,0.0,graph_lift,0.0,789,17.164,7.162518493976714,1.9627086303531485,16,test,False,,,,3
M5,N8,E10a,T12b,global_categorical,,,,,,,,,0.16554506123065948,final_score,0.0,,0.0,0.0,0.0,0.0,0.0,graph_lift,0.0,789,17.164,7.162518493976714,,16,test,False,,,,3
M1,N8,E10a,T12b,categorical,1.7162437438964844,0.5020746887966805,0.7676348547717843,0.5660210251808167,0.5020746887966805,,,,0.07076603897642075,final_score,0.05003122562141095,,0.07076603897642075,0.021826836749000766,0.05003122562141095,0.07076603897642075,0.05003122562141095,graph_lift,5.003122562141095,801,17.647,7.11608008867243,1.9260115874606982,16,test,False,,,,4
M5,N8,E10a,T12b,global_categorical,,,,,,,,,0.0965212881565094,final_score,0.0,,0.0,0.0,0.0,0.0,0.0,graph_lift,0.0,801,17.647,7.11608008867243,,16,test,False,,,,4
M1,N8,E10a,T12b,categorical,1.7873164415359497,0.46218487394957986,0.7647058823529411,0.5384649634361267,0.46218487394957986,,,,0.015520066266260901,final_score,0.0,,0.015520066266260901,0.03963199002615925,0.0,0.015520066266260901,-0.025106962653363606,graph_lift,0.0,791,17.267,7.171865370016716,1.8884814186358194,16,test,False,,,,5
M5,N8,E10a,T12b,global_categorical,,,,,,,,,0.14235545694828033,final_score,0.0,,0.0,0.0,0.0,0.0,0.0,graph_lift,0.0,791,17.267,7.171865370016716,,16,test,False,,,,5
M1,N8,E10a,T12b,categorical,1.7580535411834717,0.4391304347826087,0.7608695652173914,0.536855936050415,0.4391304347826087,,,,0.0184026486455251,final_score,0.0028726694460689205,,0.0184026486455251,0.015574720222370053,0.0028726694460689205,0.0184026486455251,0.0028726694460689205,graph_lift,0.28726694460689206,765,17.143,7.162024452376859,1.913201537068758,16,test,False,,,,6
M5,N8,E10a,T12b,global_categorical,,,,,,,,,0.12205254286527634,final_score,0.0,,0.0,0.0,0.0,0.0,0.0,graph_lift,0.0,765,17.143,7.162024452376859,,16,test,False,,,,6
M1,N8,E10a,T12b,categorical,1.8969379663467407,0.401673640167364,0.7907949790794979,0.4927624762058258,0.401673640167364,,,,-0.05963112688831895,final_score,0.0,,0.0,0.0,0.0,0.0,0.0,graph_lift,0.0,795,17.788,7.127688663585711,1.8728130432542331,16,test,False,,,,7
M5,N8,E10a,T12b,global_categorical,,,,,,,,,0.249238520860672,final_score,0.0,,0.0,0.0,0.0,0.0,0.0,graph_lift,0.0,795,17.788,7.127688663585711,,16,test,False,,,,7
M1,N8,E10a,T12b,categorical,1.874091386795044,0.4192139737991266,0.7510917030567685,0.5081881284713745,0.4192139737991266,,,,0.08201540455394829,final_score,0.02888048026522734,,0.08201540455394829,0.054715123328210824,0.02888048026522734,0.08201540455394829,0.02888048026522734,graph_lift,2.888048026522734,761,17.143,7.155143202059193,2.035662243626489,16,test,False,,,,8
M5,N8,E10a,T12b,global_categorical,,,,,,,,,0.13877734541893005,final_score,0.0,,0.0,0.0,0.0,0.0,0.0,graph_lift,0.0,761,17.143,7.155143202059193,,16,test,False,,,,8
M1,N8,E10a,T12b,categorical,2.051783323287964,0.2542372881355932,0.7033898305084746,0.4505344331264496,0.2542372881355932,,,,-0.043538384306532896,final_score,0.0,,0.0,0.0,0.0,0.0,0.0,graph_lift,0.0,785,17.993,7.166414327032961,1.9297838285291236,16,test,False,,,,9
M5,N8,E10a,T12b,global_categorical,,,,,,,,,0.1964220553636551,final_score,0.0,,0.0,0.0,0.0,0.0,0.0,graph_lift,0.0,785,17.993,7.166414327032961,,16,test,False,,,,9
M1,N8,E10a,T12e,categorical,1.934461236000061,0.4409090909090909,0.7318181818181818,0.49476325511932373,0.4409090909090909,,,,-0.043982302362317593,final_score,0.0,,0.0,0.0,0.0,0.0,0.0,graph_lift,0.0,732,0.0,0.0,1.95363128533594,16,train,False,,,,0
M5,N8,E10a,T12e,global_categorical,,,,,,,,,0.16018977761268616,final_score,0.0,,0.0,0.0,0.0,0.0,0.0,graph_lift,0.0,732,0.0,0.0,,16,train,False,,,,0
M1,N8,E10a,T12e,categorical,1.9838870763778687,0.3788546255506608,0.6960352422907489,0.47963541746139526,0.3788546255506608,,,,-0.04226858115326171,final_score,0.0,,0.0,0.0,0.0,0.0,0.0,graph_lift,0.0,755,0.0,0.0,1.9018771323398453,16,train,False,,,,1
M5,N8,E10a,T12e,global_categorical,,,,,,,,,0.11694542318582535,final_score,0.0,,0.0,0.0,0.0,0.0,0.0,graph_lift,0.0,755,0.0,0.0,,16,train,False,,,,1
M1,N8,E10a,T12e,categorical,1.8218963146209717,0.42152466367713004,0.7757847533632287,0.5171431303024292,0.42152466367713004,,,,-0.04229429310182575,final_score,0.0,,0.0,0.0,0.0,0.0,0.0,graph_lift,0.0,741,0.0,0.0,1.896024143175973,16,train,False,,,,2
M5,N8,E10a,T12e,global_categorical,,,,,,,,,0.10503078997135162,final_score,0.0,,0.0,0.06065243961680301,0.0,0.0,-0.06456868807117622,graph_lift,0.0,741,0.0,0.0,,16,train,False,,,,2
M1,N8,E10a,T12e,categorical,1.7049651145935059,0.44155844155844154,0.8095238095238095,0.5431823134422302,0.44155844155844154,,,,-0.04338349003732578,final_score,0.0,,0.0,0.0,0.0,0.0,0.0,graph_lift,0.0,767,0.0,0.0,1.809094080776977,16,train,False,,,,3
M5,N8,E10a,T12e,global_categorical,,,,,,,,,0.09116412699222565,final_score,0.0,,0.18174409792876134,0.21490141079410902,0.0,0.18174409792876134,-0.042233310976759655,graph_lift,0.0,767,0.0,0.0,,16,train,False,,,,3
M1,N8,E10a,T12e,categorical,1.7425459623336792,0.4318181818181818,0.7727272727272727,0.5312562584877014,0.4318181818181818,,,,-0.032024363178895676,final_score,0.0,,0.0,0.0,0.0,0.0,0.0,graph_lift,0.0,732,0.0,0.0,1.7198923457931623,16,train,False,,,,4
M5,N8,E10a,T12e,global_categorical,,,,,,,,,0.08187198638916016,final_score,0.0,,0.0,0.0,0.0,0.0,0.0,graph_lift,0.0,732,0.0,0.0,,16,train,False,,,,4
M1,N8,E10a,T12e,categorical,2.00030517578125,0.38095238095238093,0.6883116883116883,0.47537165880203247,0.38095238095238093,,,,-0.020803975041378653,final_score,0.0,,0.0,0.0,0.0,0.0,0.0,graph_lift,0.0,767,0.0,0.0,1.9650243435173276,16,train,False,,,,5
M5,N8,E10a,T12e,global_categorical,,,,,,,,,0.07335454225540161,final_score,0.08856494998136487,,0.08856494998136487,0.0,0.08856494998136487,0.08856494998136487,0.08856494998136487,graph_lift,8.856494998136487,767,0.0,0.0,,16,train,False,,,,5
M1,N8,E10a,T12e,categorical,2.0384466648101807,0.34801762114537443,0.6916299559471366,0.46099069714546204,0.34801762114537443,,,,-0.030992709109757488,final_score,0.0,,0.0,0.0,0.0,0.0,0.0,graph_lift,0.0,756,0.0,0.0,1.9658751095184586,16,train,False,,,,6
M5,N8,E10a,T12e,global_categorical,,,,,,,,,0.10416676104068756,final_score,0.06323654154622971,,0.10766296593105537,0.04742544554220368,0.06323654154622971,0.10766296593105537,0.06323654154622971,graph_lift,6.323654154622971,756,0.0,0.0,,16,train,False,,,,6
M1,N8,E10a,T12e,categorical,2.0028374195098877,0.4026548672566372,0.6592920353982301,0.4763842523097992,0.4026548672566372,,,,-0.04137624867187584,final_score,0.0,,0.0,0.0,0.0,0.0,0.0,graph_lift,0.0,751,0.0,0.0,1.927399303365545,16,train,False,,,,7
M5,N8,E10a,T12e,global_categorical,,,,,,,,,0.08532188832759857,final_score,0.15681465194603889,,0.15681465194603889,0.0,0.15681465194603889,0.15681465194603889,0.15681465194603889,graph_lift,15.681465194603888,751,0.0,0.0,,16,train,False,,,,7
M1,N8,E10a,T12e,categorical,2.0187292098999023,0.3721973094170404,0.6905829596412556,0.47482019662857056,0.3721973094170404,,,,-0.03473702965102121,final_score,0.0,,0.0,0.0,0.0,0.0,0.0,graph_lift,0.0,741,0.0,0.0,1.8973011087345357,16,train,False,,,,8
M5,N8,E10a,T12e,global_categorical,,,,,,,,,0.09282013773918152,final_score,0.0017030519431243238,,0.06479528254940992,0.06319986325620927,0.0017030519431243238,0.06479528254940992,0.0017030519431243238,graph_lift,0.17030519431243238,741,0.0,0.0,,16,train,False,,,,8
M1,N8,E10a,T12e,categorical,1.9048024415969849,0.29385964912280704,0.7587719298245614,0.49008506536483765,0.29385964912280704,,,,-0.04690789064234524,final_score,0.0,,0.0,0.0,0.0,0.0,0.0,graph_lift,0.0,759,0.0,0.0,1.9540239092168317,16,train,False,,,,9
M5,N8,E10a,T12e,global_categorical,,,,,,,,,0.15488839149475098,final_score,0.0,,0.0,0.0,0.0,0.0,0.0,graph_lift,0.0,759,0.0,0.0,,16,train,False,,,,9
M1,N8,E10a,T12e,categorical,1.9086567163467407,0.4369747899159664,0.7310924369747899,0.5056531429290771,0.4369747899159664,,,,-0.029296771951782485,final_score,0.0,,0.0,0.0,0.0,0.0,0.0,graph_lift,0.0,793,0.0,0.0,1.932282417400738,16,test,False,,,,0
M5,N8,E10a,T12e,global_categorical,,,,,,,,,0.0904143899679184,final_score,0.04730706286689022,,0.04730706286689022,0.0,0.04730706286689022,0.04730706286689022,0.04730706286689022,graph_lift,4.730706286689022,793,0.0,0.0,,16,test,False,,,,0
M1,N8,E10a,T12e,categorical,1.8842216730117798,0.4393305439330544,0.7489539748953975,0.5085452795028687,0.4393305439330544,,,,-0.02338225366604285,final_score,0.0,,0.0,0.0,0.0,0.0,0.0,graph_lift,0.0,794,0.0,0.0,1.9271440511019033,16,test,False,,,,1
M5,N8,E10a,T12e,global_categorical,,,,,,,,,0.14869818091392517,final_score,0.0,,0.0,0.0,0.0,0.0,0.0,graph_lift,0.0,794,0.0,0.0,,16,test,False,,,,1
M1,N8,E10a,T12e,categorical,1.9238625764846802,0.3686440677966102,0.7457627118644068,0.47970205545425415,0.3686440677966102,,,,-0.027583829027889806,final_score,0.0,,0.0,0.0,0.0,0.0,0.0,graph_lift,0.0,785,0.0,0.0,1.9085889500040374,16,test,False,,,,2
M5,N8,E10a,T12e,global_categorical,,,,,,,,,0.12424349784851074,final_score,0.0,,0.0,0.0,0.0,0.0,0.0,graph_lift,0.0,785,0.0,0.0,,16,test,False,,,,2
M1,N8,E10a,T12e,categorical,2.0216586589813232,0.41350210970464135,0.6919831223628692,0.47294872999191284,0.41350210970464135,,,,-0.04575879193613419,final_score,0.0,,0.0,0.0,0.0,0.0,0.0,graph_lift,0.0,789,0.0,0.0,1.9627086303531485,16,test,False,,,,3
M5,N8,E10a,T12e,global_categorical,,,,,,,,,0.15500284731388092,final_score,0.0,,0.0,0.0,0.0,0.0,0.0,graph_lift,0.0,789,0.0,0.0,,16,test,False,,,,3
M1,N8,E10a,T12e,categorical,1.9061700105667114,0.4107883817427386,0.7385892116182573,0.4979008436203003,0.4107883817427386,,,,-0.03206660594419719,final_score,0.0,,0.0,0.0,0.0,0.0,0.0,graph_lift,0.0,801,0.0,0.0,1.9260115874606982,16,test,False,,,,4
M5,N8,E10a,T12e,global_categorical,,,,,,,,,0.10045969486236572,final_score,0.0,,0.0,0.0,0.0,0.0,0.0,graph_lift,0.0,801,0.0,0.0,,16,test,False,,,,4
M1,N8,E10a,T12e,categorical,1.8651992082595825,0.40336134453781514,0.773109243697479,0.5088633894920349,0.40336134453781514,,,,-0.02737890466583015,final_score,0.0,,0.0,0.0,0.0,0.0,0.0,graph_lift,0.0,791,0.0,0.0,1.8884814186358194,16,test,False,,,,5
M5,N8,E10a,T12e,global_categorical,,,,,,,,,0.130022794008255,final_score,0.0,,0.0,0.0,0.0,0.0,0.0,graph_lift,0.0,791,0.0,0.0,,16,test,False,,,,5
M1,N8,E10a,T12e,categorical,1.8417736291885376,0.4217391304347826,0.7565217391304347,0.5116733312606812,0.4217391304347826,,,,-0.028341885078180695,final_score,0.0,,0.0,0.0,0.0,0.0,0.0,graph_lift,0.0,765,0.0,0.0,1.913201537068758,16,test,False,,,,6
M5,N8,E10a,T12e,global_categorical,,,,,,,,,0.10137885808944702,final_score,0.0,,0.0,0.0,0.0,0.0,0.0,graph_lift,0.0,765,0.0,0.0,,16,test,False,,,,6
M1,N8,E10a,T12e,categorical,1.862250804901123,0.48535564853556484,0.7615062761506276,0.5173482298851013,0.48535564853556484,,,,-0.04025487122165905,final_score,0.0,,0.0,0.0,0.0,0.0,0.0,graph_lift,0.0,795,0.0,0.0,1.8728130432542331,16,test,False,,,,7
M5,N8,E10a,T12e,global_categorical,,,,,,,,,0.16895315051078796,final_score,0.0,,0.0,0.0,0.0,0.0,0.0,graph_lift,0.0,795,0.0,0.0,,16,test,False,,,,7
M1,N8,E10a,T12e,categorical,2.08315110206604,0.3231441048034934,0.6855895196506551,0.44522395730018616,0.3231441048034934,,,,-0.02038811527840001,final_score,0.0,,0.0,0.0,0.0,0.0,0.0,graph_lift,0.0,761,0.0,0.0,2.035662243626489,16,test,False,,,,8
M5,N8,E10a,T12e,global_categorical,,,,,,,,,0.10144758224487305,final_score,0.09950412777140422,,0.09950412777140422,0.0,0.09950412777140422,0.09950412777140422,0.09950412777140422,graph_lift,9.950412777140421,761,0.0,0.0,,16,test,False,,,,8
M1,N8,E10a,T12e,categorical,2.0274295806884766,0.3940677966101695,0.7076271186440678,0.4710492789745331,0.3940677966101695,,,,-0.03115202410057094,final_score,0.0,,0.0,0.0,0.0,0.0,0.0,graph_lift,0.0,785,0.0,0.0,1.9297838285291236,16,test,False,,,,9
M5,N8,E10a,T12e,global_categorical,,,,,,,,,0.0857708752155304,final_score,0.0,,0.0,0.0,0.0,0.0,0.0,graph_lift,0.0,785,0.0,0.0,,16,test,False,,,,9
M1,N8,E10b,T12a,categorical,1.8856717348098755,0.39090909090909093,0.7272727272727273,0.5020342469215393,0.39090909090909093,,,,-0.017651747376336013,final_score,0.0,,0.0,0.0,0.0,0.0,0.0,graph_lift,0.0,732,76.938,7.141466898934765,1.95363128533594,16,train,False,,,,0
M5,N8,E10b,T12a,global_categorical,,,,,,,,,0.10545492172241211,final_score,0.2856050470870399,,0.3214178869771331,0.05013030921350383,0.2856050470870399,0.3214178869771331,0.2856050470870399,graph_lift,28.560504708703988,732,76.938,7.141466898934765,,16,train,False,,,,0
M1,N8,E10b,T12a,categorical,1.8597309589385986,0.4008810572687225,0.7268722466960352,0.5059784650802612,0.4008810572687225,,,,0.02295893628960688,final_score,0.0,,0.02295893628960688,0.029490763940610343,0.0,0.02295893628960688,-0.006730309623352984,graph_lift,0.0,755,74.069,7.1297280538273515,1.9018771323398453,16,train,False,,,,1
M5,N8,E10b,T12a,global_categorical,,,,,,,,,0.12270992249250412,final_score,0.0,,0.0,0.2990082404381236,0.0,0.0,-0.4265502930091579,graph_lift,0.0,755,74.069,7.1297280538273515,,16,train,False,,,,1
M1,N8,E10b,T12a,categorical,1.7340143918991089,0.4439461883408072,0.7713004484304933,0.5382492542266846,0.4439461883408072,,,,0.00798231687849349,final_score,0.0,,0.00798231687849349,0.01778505640632655,0.0,0.00798231687849349,-0.009980238634903417,graph_lift,0.0,741,69.989,7.153797856433556,1.896024143175973,16,train,False,,,,2
M5,N8,E10b,T12a,global_categorical,,,,,,,,,0.13979361951351166,final_score,0.0,,0.0,0.0,0.0,0.0,0.0,graph_lift,0.0,741,69.989,7.153797856433556,,16,train,False,,,,2
M1,N8,E10b,T12a,categorical,1.643658995628357,0.48917748917748916,0.8138528138528138,0.5574744343757629,0.48917748917748916,,,,-0.005866132081512321,final_score,0.0,,0.0,0.0036202696942865265,0.0,0.0,-0.003633423667877848,graph_lift,0.0,767,69.917,7.128457081857102,1.809094080776977,16,train,False,,,,3
M5,N8,E10b,T12a,global_categorical,,,,,,,,,0.15784822404384613,final_score,0.0,,0.0,0.0,0.0,0.0,0.0,graph_lift,0.0,767,69.917,7.128457081857102,,16,train,False,,,,3
M1,N8,E10b,T12a,categorical,1.7034598588943481,0.4409090909090909,0.7954545454545454,0.5449556112289429,0.4409090909090909,,,,-0.008875596967796717,final_score,0.0,,0.0,0.0,0.0,0.0,0.0,graph_lift,0.0,732,69.616,7.1649466236313,1.7198923457931623,16,train,False,,,,4
M5,N8,E10b,T12a,global_categorical,,,,,,,,,0.06609950959682465,final_score,0.0,,0.0,0.0,0.0,0.0,0.0,graph_lift,0.0,732,69.616,7.1649466236313,,16,train,False,,,,4
M1,N8,E10b,T12a,categorical,1.974683165550232,0.4155844155844156,0.7662337662337663,0.5003005266189575,0.4155844155844156,,,,-0.007728475548708813,final_score,0.0,,0.0,0.0,0.0,0.0,0.0,graph_lift,0.0,767,70.535,7.13501214397503,1.9650243435173276,16,train,False,,,,5
M5,N8,E10b,T12a,global_categorical,,,,,,,,,0.1415175199508667,final_score,0.0,,0.0,0.0,0.0,0.0,0.0,graph_lift,0.0,767,70.535,7.13501214397503,,16,train,False,,,,5
M1,N8,E10b,T12a,categorical,2.0111844539642334,0.3568281938325991,0.7048458149779736,0.4653841555118561,0.3568281938325991,,,,-0.017204232641043538,final_score,0.0,,0.0,0.0047940938526179755,0.0,0.0,-0.00481718790353321,graph_lift,0.0,756,70.191,7.148194392697357,1.9658751095184586,16,train,False,,,,6
M5,N8,E10b,T12a,global_categorical,,,,,,,,,0.10491175204515457,final_score,0.1012810543049996,,0.1012810543049996,0.0,0.1012810543049996,0.1012810543049996,0.1012810543049996,graph_lift,10.12810543049996,756,70.191,7.148194392697357,,16,train,False,,,,6
M1,N8,E10b,T12a,categorical,1.9589498043060303,0.41150442477876104,0.7123893805309734,0.49136728048324585,0.41150442477876104,,,,-0.018556912097473788,final_score,0.0,,0.0,0.0,0.0,0.0,0.0,graph_lift,0.0,751,73.941,7.1424797659124994,1.927399303365545,16,train,False,,,,7
M5,N8,E10b,T12a,global_categorical,,,,,,,,,0.13897672295570374,final_score,0.0,,0.0,0.0,0.0,0.0,0.0,graph_lift,0.0,751,73.941,7.1424797659124994,,16,train,False,,,,7
M1,N8,E10b,T12a,categorical,1.9433279037475586,0.3811659192825112,0.6995515695067265,0.4881284534931183,0.3811659192825112,,,,0.003911288936649937,final_score,0.003911288936649937,,0.003911288936649937,0.0,0.003911288936649937,0.003911288936649937,0.003911288936649937,graph_lift,0.3911288936649937,741,71.6,7.140038973690058,1.8973011087345357,16,train,False,,,,8
M5,N8,E10b,T12a,global_categorical,,,,,,,,,0.1616298258304596,final_score,0.0,,0.0,0.0,0.0,0.0,0.0,graph_lift,0.0,741,71.6,7.140038973690058,,16,train,False,,,,8
M1,N8,E10b,T12a,categorical,1.7477543354034424,0.42543859649122806,0.8114035087719298,0.5190746784210205,0.42543859649122806,,,,0.0394081161203772,final_score,0.0,,0.0394081161203772,0.04871789439271079,0.0,0.0394081161203772,-0.009786558810953685,graph_lift,0.0,759,70.351,7.132462119219065,1.9540239092168317,16,train,False,,,,9
M5,N8,E10b,T12a,global_categorical,,,,,,,,,0.1268625259399414,final_score,0.0,,0.0,0.0,0.0,0.0,0.0,graph_lift,0.0,759,70.351,7.132462119219065,,16,train,False,,,,9
M1,N8,E10b,T12a,categorical,1.8192546367645264,0.46638655462184875,0.7436974789915967,0.5356621146202087,0.46638655462184875,,,,0.01891577824607016,final_score,0.0,,0.01891577824607016,0.03540712338429042,0.0,0.01891577824607016,-0.01709668974135536,graph_lift,0.0,793,57.422,7.213133599543529,1.932282417400738,16,test,False,,,,0
M5,N8,E10b,T12a,global_categorical,,,,,,,,,0.16971461474895477,final_score,0.0,,0.0,0.05007347421478211,0.0,0.0,-0.0527129971166885,graph_lift,0.0,793,57.422,7.213133599543529,,16,test,False,,,,0
M1,N8,E10b,T12a,categorical,1.6950019598007202,0.4435146443514644,0.803347280334728,0.5516895055770874,0.4435146443514644,,,,0.07938914335623837,final_score,0.04620618507219719,,0.07938914335623837,0.034790494302537445,0.04620618507219719,0.07938914335623837,0.04620618507219719,graph_lift,4.620618507219719,794,63.43,7.211801302439527,1.9271440511019033,16,test,False,,,,1
M5,N8,E10b,T12a,global_categorical,,,,,,,,,0.07446593046188354,final_score,0.0,,0.0,0.0,0.0,0.0,0.0,graph_lift,0.0,794,63.43,7.211801302439527,,16,test,False,,,,1
M1,N8,E10b,T12a,categorical,1.840684175491333,0.3983050847457627,0.7627118644067796,0.5061162710189819,0.3983050847457627,,,,0.016843853210223414,final_score,0.005822043095089987,,0.016843853210223414,0.01108635535377056,0.005822043095089987,0.016843853210223414,0.005822043095089987,graph_lift,0.5822043095089987,785,59.785,7.201816428097779,1.9085889500040374,16,test,False,,,,2
M5,N8,E10b,T12a,global_categorical,,,,,,,,,0.13058391213417053,final_score,0.0,,0.0,0.040763001056427876,0.0,0.0,-0.042495234338668156,graph_lift,0.0,785,59.785,7.201816428097779,,16,test,False,,,,2
M1,N8,E10b,T12a,categorical,2.012953519821167,0.3924050632911392,0.7088607594936709,0.49285027384757996,0.3924050632911392,,,,-0.04125583501396024,final_score,0.0,,0.0,0.0,0.0,0.0,0.0,graph_lift,0.0,789,60.623,7.2097113616036435,1.9627086303531485,16,test,False,,,,3
M5,N8,E10b,T12a,global_categorical,,,,,,,,,0.16804032027721405,final_score,0.0,,0.0,0.0,0.0,0.0,0.0,graph_lift,0.0,789,60.623,7.2097113616036435,,16,test,False,,,,3
M1,N8,E10b,T12a,categorical,1.7649120092391968,0.5186721991701245,0.7634854771784232,0.559171736240387,0.5186721991701245,,,,0.04441538968364778,final_score,0.021696771493672808,,0.04441538968364778,0.023222470833160536,0.021696771493672808,0.04441538968364778,0.021696771493672808,graph_lift,2.169677149367281,801,62.978,7.179364614782461,1.9260115874606982,16,test,False,,,,4
M5,N8,E10b,T12a,global_categorical,,,,,,,,,0.09320151805877686,final_score,0.0,,0.0,0.0,0.0,0.0,0.0,graph_lift,0.0,801,62.978,7.179364614782461,,16,test,False,,,,4
M1,N8,E10b,T12a,categorical,1.767822265625,0.44537815126050423,0.7815126050420168,0.5382670760154724,0.44537815126050423,,,,0.026257751628369852,final_score,0.0,,0.026257751628369852,0.05021711834146758,0.0,0.026257751628369852,-0.02522615134025088,graph_lift,0.0,791,61.334,7.18834942950418,1.8884814186358194,16,test,False,,,,5
M5,N8,E10b,T12a,global_categorical,,,,,,,,,0.12795966863632202,final_score,0.0,,0.0,0.0,0.0,0.0,0.0,graph_lift,0.0,791,61.334,7.18834942950418,,16,test,False,,,,5
M1,N8,E10b,T12a,categorical,1.7817869186401367,0.4260869565217391,0.7565217391304347,0.5292178392410278,0.4260869565217391,,,,0.005151271797318446,final_score,0.005151271797318446,,0.005151271797318446,0.0,0.005151271797318446,0.005151271797318446,0.005151271797318446,graph_lift,0.5151271797318446,765,63.848,7.207983939307957,1.913201537068758,16,test,False,,,,6
M5,N8,E10b,T12a,global_categorical,,,,,,,,,0.0868305116891861,final_score,0.0,,0.0902573208125973,0.13074339664971407,0.0,0.0902573208125973,-0.04657551715002851,graph_lift,0.0,765,63.848,7.207983939307957,,16,test,False,,,,6
M1,N8,E10b,T12a,categorical,1.9490280151367188,0.3807531380753138,0.7866108786610879,0.4833090007305145,0.3807531380753138,,,,-0.08872867742757595,final_score,0.0,,0.0,0.0,0.0,0.0,0.0,graph_lift,0.0,795,62.177,7.1932608618988,1.8728130432542331,16,test,False,,,,7
M5,N8,E10b,T12a,global_categorical,,,,,,,,,0.27397868037223816,final_score,0.0,,0.0,0.0,0.0,0.0,0.0,graph_lift,0.0,795,62.177,7.1932608618988,,16,test,False,,,,7
M1,N8,E10b,T12a,categorical,1.9052839279174805,0.40611353711790393,0.7554585152838428,0.48874631524086,0.40611353711790393,,,,0.06673637799371068,final_score,0.010110274644586277,,0.06673637799371068,0.05720445611130387,0.010110274644586277,0.06673637799371068,0.010110274644586277,graph_lift,1.0110274644586277,761,64.748,7.177010842874952,2.035662243626489,16,test,False,,,,8
M5,N8,E10b,T12a,global_categorical,,,,,,,,,0.1510739028453827,final_score,0.0,,0.0,0.0,0.0,0.0,0.0,graph_lift,0.0,761,64.748,7.177010842874952,,16,test,False,,,,8
M1,N8,E10b,T12a,categorical,2.041065216064453,0.2457627118644068,0.7033898305084746,0.44273868203163147,0.2457627118644068,,,,-0.0380871335922095,final_score,0.0,,0.0,0.0,0.0,0.0,0.0,graph_lift,0.0,785,64.026,7.2206672804027825,1.9297838285291236,16,test,False,,,,9
M5,N8,E10b,T12a,global_categorical,,,,,,,,,0.2011183798313141,final_score,0.0,,0.0,0.0,0.0,0.0,0.0,graph_lift,0.0,785,64.026,7.2206672804027825,,16,test,False,,,,9
M1,N8,E10b,T12b,categorical,1.8545843362808228,0.4318181818181818,0.7318181818181818,0.5119481682777405,0.4318181818181818,,,,-0.0008746108400987662,final_score,0.0,,0.0,0.0,0.0,0.0,0.0,graph_lift,0.0,732,17.273,7.15585862999057,1.95363128533594,16,train,False,,,,0
M5,N8,E10b,T12b,global_categorical,,,,,,,,,0.12669390439987183,final_score,0.05733395628668065,,0.18474912360102178,0.1351646939699148,0.05733395628668065,0.18474912360102178,0.05733395628668065,graph_lift,5.733395628668065,732,17.273,7.15585862999057,,16,train,False,,,,0
M1,N8,E10b,T12b,categorical,1.8507673740386963,0.3964757709251101,0.7444933920704846,0.5021246075630188,0.3964757709251101,,,,0.027668095857113495,final_score,0.0018506173872478617,,0.027668095857113495,0.025865345327656164,0.0018506173872478617,0.027668095857113495,0.0018506173872478617,graph_lift,0.18506173872478618,755,17.422,7.144439704509467,1.9018771323398453,16,train,False,,,,1
M5,N8,E10b,T12b,global_categorical,,,,,,,,,0.11512259393930435,final_score,0.0,,0.004051218404644218,0.24742062910164753,0.0,0.004051218404644218,-0.3233803903055351,graph_lift,0.0,755,17.422,7.144439704509467,,16,train,False,,,,1
M1,N8,E10b,T12b,categorical,1.7648602724075317,0.4260089686098655,0.7713004484304933,0.5303812026977539,0.4260089686098655,,,,-0.009664399306717364,final_score,0.0,,0.0,0.023680839480091254,0.0,0.0,-0.02425522353518162,graph_lift,0.0,741,17.321,7.1787173295422875,1.896024143175973,16,train,False,,,,2
M5,N8,E10b,T12b,global_categorical,,,,,,,,,0.1353496015071869,final_score,0.0,,0.0,0.0,0.0,0.0,0.0,graph_lift,0.0,741,17.321,7.1787173295422875,,16,train,False,,,,2
M1,N8,E10b,T12b,categorical,1.6586757898330688,0.5064935064935064,0.8138528138528138,0.5742620825767517,0.5064935064935064,,,,-0.015055904421452215,final_score,0.0,,0.0,0.0,0.0,0.0,0.0,graph_lift,0.0,767,17.134,7.20532735501493,1.809094080776977,16,train,False,,,,3
M5,N8,E10b,T12b,global_categorical,,,,,,,,,0.12742601335048676,final_score,0.0,,0.0,0.0,0.0,0.0,0.0,graph_lift,0.0,767,17.134,7.20532735501493,,16,train,False,,,,3
M1,N8,E10b,T12b,categorical,1.7189387083053589,0.4863636363636364,0.7954545454545454,0.533563494682312,0.4863636363636364,,,,-0.018042925733924076,final_score,0.0,,0.0,0.0,0.0,0.0,0.0,graph_lift,0.0,732,17.473,7.1593385927681155,1.7198923457931623,16,train,False,,,,4
M5,N8,E10b,T12b,global_categorical,,,,,,,,,0.11277183890342712,final_score,0.0,,0.0,0.0,0.0,0.0,0.0,graph_lift,0.0,732,17.473,7.1593385927681155,,16,train,False,,,,4
M1,N8,E10b,T12b,categorical,1.9713594913482666,0.3939393939393939,0.7705627705627706,0.4930582046508789,0.3939393939393939,,,,-0.006032273614449357,final_score,0.0,,0.0,0.0,0.0,0.0,0.0,graph_lift,0.0,767,17.484,7.135929587874143,1.9650243435173276,16,train,False,,,,5
M5,N8,E10b,T12b,global_categorical,,,,,,,,,0.1140763908624649,final_score,0.0,,0.0,0.0,0.0,0.0,0.0,graph_lift,0.0,767,17.484,7.135929587874143,,16,train,False,,,,5
M1,N8,E10b,T12b,categorical,2.0097336769104004,0.3524229074889868,0.7180616740088106,0.4700724482536316,0.3524229074889868,,,,-0.01647042472600857,final_score,0.0,,0.0,0.0034503659044230472,0.0,0.0,-0.0034623121482096997,graph_lift,0.0,756,17.201,7.1907063481437525,1.9658751095184586,16,train,False,,,,6
M5,N8,E10b,T12b,global_categorical,,,,,,,,,0.10195058584213257,final_score,0.013013564054692454,,0.12664767068618618,0.11513238935513659,0.013013564054692454,0.12664767068618618,0.013013564054692454,graph_lift,1.3013564054692455,756,17.201,7.1907063481437525,,16,train,False,,,,6
M1,N8,E10b,T12b,categorical,1.9105275869369507,0.39823008849557523,0.7079646017699115,0.4921538233757019,0.39823008849557523,,,,0.00662024191395072,final_score,0.0017179276774179622,,0.00662024191395072,0.004910750550820908,0.0017179276774179622,0.00662024191395072,0.0017179276774179622,graph_lift,0.17179276774179622,751,17.364,7.203751177843076,1.927399303365545,16,train,False,,,,7
M5,N8,E10b,T12b,global_categorical,,,,,,,,,0.1761809140443802,final_score,0.0,,0.0,0.0,0.0,0.0,0.0,graph_lift,0.0,751,17.364,7.203751177843076,,16,train,False,,,,7
M1,N8,E10b,T12b,categorical,1.962180495262146,0.39461883408071746,0.7219730941704036,0.48694485425949097,0.39461883408071746,,,,-0.005751965640140355,final_score,0.0,,0.0,0.0,0.0,0.0,0.0,graph_lift,0.0,741,17.769,7.120862889859291,1.8973011087345357,16,train,False,,,,8
M5,N8,E10b,T12b,global_categorical,,,,,,,,,0.17454707622528076,final_score,0.0,,0.0,0.0,0.0,0.0,0.0,graph_lift,0.0,741,17.769,7.120862889859291,,16,train,False,,,,8
M1,N8,E10b,T12b,categorical,1.7266249656677246,0.40789473684210525,0.8070175438596491,0.5199138522148132,0.40789473684210525,,,,0.05102108076144929,final_score,0.030293875238784546,,0.05102108076144929,0.021374728893012507,0.030293875238784546,0.05102108076144929,0.030293875238784546,graph_lift,3.0293875238784547,759,17.37,7.1719851851068945,1.9540239092168317,16,train,False,,,,9
M5,N8,E10b,T12b,global_categorical,,,,,,,,,0.11155462265014648,final_score,0.0,,0.0,0.0,0.0,0.0,0.0,graph_lift,0.0,759,17.37,7.1719851851068945,,16,train,False,,,,9
M1,N8,E10b,T12b,categorical,1.732574224472046,0.47478991596638653,0.7436974789915967,0.549412190914154,0.47478991596638653,,,,0.06566064090751145,final_score,0.03609631323910047,,0.06566064090751145,0.030671454082470517,0.03609631323910047,0.06566064090751145,0.03609631323910047,graph_lift,3.6096313239100475,793,17.394,7.1709450156383285,1.932282417400738,16,test,False,,,,0
M5,N8,E10b,T12b,global_categorical,,,,,,,,,0.0898946076631546,final_score,0.0527839889487998,,0.0527839889487998,0.0,0.0527839889487998,0.0527839889487998,0.0527839889487998,graph_lift,5.27839889487998,793,17.394,7.1709450156383285,,16,test,False,,,,0
M1,N8,E10b,T12b,categorical,1.7371726036071777,0.4393305439330544,0.7949790794979079,0.5371830463409424,0.4393305439330544,,,,0.05648486264103214,final_score,0.0,,0.05648486264103214,0.09015976308298379,0.0,0.05648486264103214,-0.03701188304889514,graph_lift,0.0,794,17.309,7.1374000358544025,1.9271440511019033,16,test,False,,,,1
M5,N8,E10b,T12b,global_categorical,,,,,,,,,0.09374816715717316,final_score,0.0,,0.0,0.0,0.0,0.0,0.0,graph_lift,0.0,794,17.309,7.1374000358544025,,16,test,False,,,,1
M1,N8,E10b,T12b,categorical,1.8697389364242554,0.3813559322033898,0.7711864406779662,0.5016362071037292,0.3813559322033898,,,,0.0013249448935368502,final_score,0.0,,0.0013249448935368502,0.027583690890487622,0.0,0.0013249448935368502,-0.02700360509275821,graph_lift,0.0,785,17.016,7.146291278643223,1.9085889500040374,16,test,False,,,,2
M5,N8,E10b,T12b,global_categorical,,,,,,,,,0.13760414719581604,final_score,0.0,,0.0,0.0,0.0,0.0,0.0,graph_lift,0.0,785,17.016,7.146291278643223,,16,test,False,,,,2
M1,N8,E10b,T12b,categorical,1.954720377922058,0.3881856540084388,0.7088607594936709,0.4935990571975708,0.3881856540084388,,,,-0.011133102062005795,final_score,0.0,,0.0,0.0,0.0,0.0,0.0,graph_lift,0.0,789,17.164,7.162518493976714,1.9627086303531485,16,test,False,,,,3
M5,N8,E10b,T12b,global_categorical,,,,,,,,,0.12468075752258301,final_score,0.1455849556003954,,0.1455849556003954,0.0,0.1455849556003954,0.1455849556003954,0.1455849556003954,graph_lift,14.558495560039539,789,17.164,7.162518493976714,,16,test,False,,,,3
M1,N8,E10b,T12b,categorical,1.7831976413726807,0.4979253112033195,0.7676348547717843,0.5474786758422852,0.4979253112033195,,,,0.03451486186438091,final_score,0.01297114416143964,,0.03451486186438091,0.021826836749000766,0.01297114416143964,0.03451486186438091,0.01297114416143964,graph_lift,1.297114416143964,801,17.647,7.11608008867243,1.9260115874606982,16,test,False,,,,4
M5,N8,E10b,T12b,global_categorical,,,,,,,,,0.10470040142536163,final_score,0.0,,0.0,0.0,0.0,0.0,0.0,graph_lift,0.0,801,17.647,7.11608008867243,,16,test,False,,,,4
M1,N8,E10b,T12b,categorical,1.778847575187683,0.4579831932773109,0.773109243697479,0.5377391576766968,0.4579831932773109,,,,0.020184851113503988,final_score,0.0,,0.020184851113503988,0.03963199002615925,0.0,0.020184851113503988,-0.02024967378201714,graph_lift,0.0,791,17.267,7.171865370016716,1.8884814186358194,16,test,False,,,,5
M5,N8,E10b,T12b,global_categorical,,,,,,,,,0.16747520864009857,final_score,0.0,,0.0,0.0,0.0,0.0,0.0,graph_lift,0.0,791,17.267,7.171865370016716,,16,test,False,,,,5
M1,N8,E10b,T12b,categorical,1.74785578250885,0.47391304347826085,0.7739130434782608,0.5480576753616333,0.47391304347826085,,,,0.02409651050286632,final_score,0.008656614631454038,,0.02409651050286632,0.015574720222370053,0.008656614631454038,0.02409651050286632,0.008656614631454038,graph_lift,0.8656614631454038,765,17.143,7.162024452376859,1.913201537068758,16,test,False,,,,6
M5,N8,E10b,T12b,global_categorical,,,,,,,,,0.10815591365098953,final_score,0.0,,0.0,0.0,0.0,0.0,0.0,graph_lift,0.0,765,17.143,7.162024452376859,,16,test,False,,,,6
M1,N8,E10b,T12b,categorical,1.947533130645752,0.3891213389121339,0.7782426778242678,0.48218896985054016,0.3891213389121339,,,,-0.08789365263467896,final_score,0.0,,0.0,0.0,0.0,0.0,0.0,graph_lift,0.0,795,17.788,7.127688663585711,1.8728130432542331,16,test,False,,,,7
M5,N8,E10b,T12b,global_categorical,,,,,,,,,0.24866992235183716,final_score,0.0,,0.0,0.0,0.0,0.0,0.0,graph_lift,0.0,795,17.788,7.127688663585711,,16,test,False,,,,7
M1,N8,E10b,T12b,categorical,1.8826112747192383,0.3930131004366812,0.7729257641921398,0.49509289860725403,0.3930131004366812,,,,0.07784212479811503,final_score,0.024465642094403352,,0.07784212479811503,0.054715123328210824,0.024465642094403352,0.07784212479811503,0.024465642094403352,graph_lift,2.4465642094403353,761,17.143,7.155143202059193,2.035662243626489,16,test,False,,,,8
M5,N8,E10b,T12b,global_categorical,,,,,,,,,0.11277793347835541,final_score,0.0,,0.0,0.0,0.0,0.0,0.0,graph_lift,0.0,761,17.143,7.155143202059193,,16,test,False,,,,8
M1,N8,E10b,T12b,categorical,2.0672595500946045,0.2542372881355932,0.7033898305084746,0.44371679425239563,0.2542372881355932,,,,-0.05140950470672356,final_score,0.0,,0.0,0.0,0.0,0.0,0.0,graph_lift,0.0,785,17.993,7.166414327032961,1.9297838285291236,16,test,False,,,,9
M5,N8,E10b,T12b,global_categorical,,,,,,,,,0.21902978420257568,final_score,0.0,,0.0,0.0,0.0,0.0,0.0,graph_lift,0.0,785,17.993,7.166414327032961,,16,test,False,,,,9
M1,N8,E10b,T12e,categorical,1.9241209030151367,0.45,0.7318181818181818,0.5015633702278137,0.45,,,,-0.03840187645685811,final_score,0.0,,0.0,0.0,0.0,0.0,0.0,graph_lift,0.0,732,0.0,0.0,1.95363128533594,16,train,False,,,,0
M5,N8,E10b,T12e,global_categorical,,,,,,,,,0.1413114070892334,final_score,0.09068830879927586,,0.09068830879927586,0.0,0.09068830879927586,0.09068830879927586,0.09068830879927586,graph_lift,9.068830879927587,732,0.0,0.0,,16,train,False,,,,0
M1,N8,E10b,T12e,categorical,1.9947768449783325,0.3788546255506608,0.6960352422907489,0.4772129952907562,0.3788546255506608,,,,-0.047989651347454254,final_score,0.0,,0.0,0.0,0.0,0.0,0.0,graph_lift,0.0,755,0.0,0.0,1.9018771323398453,16,train,False,,,,1
M5,N8,E10b,T12e,global_categorical,,,,,,,,,0.12264648079872131,final_score,0.0,,0.0,0.0,0.0,0.0,0.0,graph_lift,0.0,755,0.0,0.0,,16,train,False,,,,1
M1,N8,E10b,T12e,categorical,1.789081335067749,0.4304932735426009,0.7757847533632287,0.5231603980064392,0.4304932735426009,,,,-0.023521125812249633,final_score,0.0,,0.0,0.0,0.0,0.0,0.0,graph_lift,0.0,741,0.0,0.0,1.896024143175973,16,train,False,,,,2
M5,N8,E10b,T12e,global_categorical,,,,,,,,,0.08404722809791565,final_score,0.13766219629033452,,0.18996508785912153,0.06065243961680301,0.13766219629033452,0.18996508785912153,0.13766219629033452,graph_lift,13.766219629033452,741,0.0,0.0,,16,train,False,,,,2
M1,N8,E10b,T12e,categorical,1.6856186389923096,0.4675324675324675,0.8095238095238095,0.549289345741272,0.4675324675324675,,,,-0.031544022104350145,final_score,0.0,,0.0,0.0,0.0,0.0,0.0,graph_lift,0.0,767,0.0,0.0,1.809094080776977,16,train,False,,,,3
M5,N8,E10b,T12e,global_categorical,,,,,,,,,0.07503118366003036,final_score,0.14220646264547032,,0.326547503993028,0.21490141079410902,0.14220646264547032,0.326547503993028,0.14220646264547032,graph_lift,14.220646264547032,767,0.0,0.0,,16,train,False,,,,3
M1,N8,E10b,T12e,categorical,1.7333390712738037,0.4409090909090909,0.7909090909090909,0.5373305678367615,0.4409090909090909,,,,-0.02657158285819783,final_score,0.0,,0.0,0.0,0.0,0.0,0.0,graph_lift,0.0,732,0.0,0.0,1.7198923457931623,16,train,False,,,,4
M5,N8,E10b,T12e,global_categorical,,,,,,,,,0.1005217656493187,final_score,0.0,,0.0,0.0,0.0,0.0,0.0,graph_lift,0.0,732,0.0,0.0,,16,train,False,,,,4
M1,N8,E10b,T12e,categorical,2.0078773498535156,0.38095238095238093,0.6926406926406926,0.4755729138851166,0.38095238095238093,,,,-0.02466817910608765,final_score,0.0,,0.0,0.0,0.0,0.0,0.0,graph_lift,0.0,767,0.0,0.0,1.9650243435173276,16,train,False,,,,5
M5,N8,E10b,T12e,global_categorical,,,,,,,,,0.09414207935333252,final_score,0.0,,0.0,0.0,0.0,0.0,0.0,graph_lift,0.0,767,0.0,0.0,,16,train,False,,,,5
M1,N8,E10b,T12e,categorical,2.047478437423706,0.34801762114537443,0.6916299559471366,0.45735475420951843,0.34801762114537443,,,,-0.03556071777728542,final_score,0.0,,0.0,0.0,0.0,0.0,0.0,graph_lift,0.0,756,0.0,0.0,1.9658751095184586,16,train,False,,,,6
M5,N8,E10b,T12e,global_categorical,,,,,,,,,0.10772156715393066,final_score,0.03126845080878697,,0.07721097613996945,0.04742544554220368,0.03126845080878697,0.07721097613996945,0.03126845080878697,graph_lift,3.126845080878697,756,0.0,0.0,,16,train,False,,,,6
M1,N8,E10b,T12e,categorical,1.987260341644287,0.39823008849557523,0.6769911504424779,0.47755560278892517,0.39823008849557523,,,,-0.03327701729002941,final_score,0.0,,0.0,0.0,0.0,0.0,0.0,graph_lift,0.0,751,0.0,0.0,1.927399303365545,16,train,False,,,,7
M5,N8,E10b,T12e,global_categorical,,,,,,,,,0.11893205344676971,final_score,0.0,,0.0,0.0,0.0,0.0,0.0,graph_lift,0.0,751,0.0,0.0,,16,train,False,,,,7
M1,N8,E10b,T12e,categorical,2.0166780948638916,0.3721973094170404,0.6905829596412556,0.47622331976890564,0.3721973094170404,,,,-0.033685765531696,final_score,0.0,,0.0,0.0,0.0,0.0,0.0,graph_lift,0.0,741,0.0,0.0,1.8973011087345357,16,train,False,,,,8
M5,N8,E10b,T12e,global_categorical,,,,,,,,,0.08583515137434006,final_score,0.07682781193684518,,0.13517216798437207,0.06319986325620927,0.07682781193684518,0.13517216798437207,0.07682781193684518,graph_lift,7.682781193684518,741,0.0,0.0,,16,train,False,,,,8
M1,N8,E10b,T12e,categorical,1.8846169710159302,0.3991228070175439,0.75,0.5010449886322021,0.3991228070175439,,,,-0.035813635822596,final_score,0.0,,0.0,0.0,0.0,0.0,0.0,graph_lift,0.0,759,0.0,0.0,1.9540239092168317,16,train,False,,,,9
M5,N8,E10b,T12e,global_categorical,,,,,,,,,0.1201191321015358,final_score,0.0,,0.0,0.0,0.0,0.0,0.0,graph_lift,0.0,759,0.0,0.0,,16,train,False,,,,9
M1,N8,E10b,T12e,categorical,1.924383282661438,0.4369747899159664,0.7352941176470589,0.5048060417175293,0.4369747899159664,,,,-0.03777782771872262,final_score,0.0,,0.0,0.0,0.0,0.0,0.0,graph_lift,0.0,793,0.0,0.0,1.932282417400738,16,test,False,,,,0
M5,N8,E10b,T12e,global_categorical,,,,,,,,,0.08696861565113068,final_score,0.0836150538373889,,0.0836150538373889,0.0,0.0836150538373889,0.0836150538373889,0.0836150538373889,graph_lift,8.36150538373889,793,0.0,0.0,,16,test,False,,,,0
M1,N8,E10b,T12e,categorical,1.8767889738082886,0.4351464435146444,0.7405857740585774,0.5092566609382629,0.4351464435146444,,,,-0.019345282472166048,final_score,0.0,,0.0,0.0,0.0,0.0,0.0,graph_lift,0.0,794,0.0,0.0,1.9271440511019033,16,test,False,,,,1
M5,N8,E10b,T12e,global_categorical,,,,,,,,,0.12077483534812927,final_score,0.0,,0.0,0.0,0.0,0.0,0.0,graph_lift,0.0,794,0.0,0.0,,16,test,False,,,,1
M1,N8,E10b,T12e,categorical,1.9267853498458862,0.3686440677966102,0.7457627118644068,0.48499155044555664,0.3686440677966102,,,,-0.029144988879248324,final_score,0.0,,0.0,0.0,0.0,0.0,0.0,graph_lift,0.0,785,0.0,0.0,1.9085889500040374,16,test,False,,,,2
M5,N8,E10b,T12e,global_categorical,,,,,,,,,0.0818934440612793,final_score,0.23014109262084115,,0.23014109262084115,0.0,0.23014109262084115,0.23014109262084115,0.23014109262084115,graph_lift,23.014109262084116,785,0.0,0.0,,16,test,False,,,,2
M1,N8,E10b,T12e,categorical,2.0087196826934814,0.41350210970464135,0.70042194092827,0.4736884534358978,0.41350210970464135,,,,-0.039065768988265415,final_score,0.0,,0.0,0.0,0.0,0.0,0.0,graph_lift,0.0,789,0.0,0.0,1.9627086303531485,16,test,False,,,,3
M5,N8,E10b,T12e,global_categorical,,,,,,,,,0.16173380613327026,final_score,0.0,,0.0,0.0,0.0,0.0,0.0,graph_lift,0.0,789,0.0,0.0,,16,test,False,,,,3
M1,N8,E10b,T12e,categorical,1.8984028100967407,0.4107883817427386,0.7385892116182573,0.4991149306297302,0.4107883817427386,,,,-0.027861192137251578,final_score,0.0,,0.0,0.0,0.0,0.0,0.0,graph_lift,0.0,801,0.0,0.0,1.9260115874606982,16,test,False,,,,4
M5,N8,E10b,T12e,global_categorical,,,,,,,,,0.09000812470912933,final_score,0.0,,0.0,0.0,0.0,0.0,0.0,graph_lift,0.0,801,0.0,0.0,,16,test,False,,,,4
M1,N8,E10b,T12e,categorical,1.8783384561538696,0.3949579831932773,0.773109243697479,0.5047392845153809,0.3949579831932773,,,,-0.034616182714749755,final_score,0.0,,0.0,0.0,0.0,0.0,0.0,graph_lift,0.0,791,0.0,0.0,1.8884814186358194,16,test,False,,,,5
M5,N8,E10b,T12e,global_categorical,,,,,,,,,0.14291658997535706,final_score,0.0,,0.0,0.0,0.0,0.0,0.0,graph_lift,0.0,791,0.0,0.0,,16,test,False,,,,5
M1,N8,E10b,T12e,categorical,1.832922339439392,0.43043478260869567,0.7565217391304347,0.5167797207832336,0.43043478260869567,,,,-0.02339982605113855,final_score,0.0,,0.0,0.0,0.0,0.0,0.0,graph_lift,0.0,765,0.0,0.0,1.913201537068758,16,test,False,,,,6
M5,N8,E10b,T12e,global_categorical,,,,,,,,,0.08446050435304642,final_score,0.1150884174136557,,0.1150884174136557,0.0,0.1150884174136557,0.1150884174136557,0.1150884174136557,graph_lift,11.50884174136557,765,0.0,0.0,,16,test,False,,,,6
M1,N8,E10b,T12e,categorical,1.854944109916687,0.48535564853556484,0.7154811715481172,0.526152491569519,0.48535564853556484,,,,-0.036173328236783764,final_score,0.0,,0.0,0.0,0.0,0.0,0.0,graph_lift,0.0,795,0.0,0.0,1.8728130432542331,16,test,False,,,,7
M5,N8,E10b,T12e,global_categorical,,,,,,,,,0.14952361583709717,final_score,0.018336798967304665,,0.018336798967304665,0.0,0.018336798967304665,0.018336798967304665,0.018336798967304665,graph_lift,1.8336798967304664,795,0.0,0.0,,16,test,False,,,,7
M1,N8,E10b,T12e,categorical,2.090298652648926,0.34934497816593885,0.6812227074235808,0.4460696280002594,0.34934497816593885,,,,-0.023889239280528995,final_score,0.0,,0.0,0.0,0.0,0.0,0.0,graph_lift,0.0,761,0.0,0.0,2.035662243626489,16,test,False,,,,8
M5,N8,E10b,T12e,global_categorical,,,,,,,,,0.11646832525730133,final_score,0.0,,0.0,0.0,0.0,0.0,0.0,graph_lift,0.0,761,0.0,0.0,,16,test,False,,,,8
M1,N8,E10b,T12e,categorical,2.0287787914276123,0.3940677966101695,0.7076271186440678,0.47127875685691833,0.3940677966101695,,,,-0.03183824794963175,final_score,0.0,,0.0,0.0,0.0,0.0,0.0,graph_lift,0.0,785,0.0,0.0,1.9297838285291236,16,test,False,,,,9
M5,N8,E10b,T12e,global_categorical,,,,,,,,,0.0777767077088356,final_score,0.0,,0.0,0.0,0.0,0.0,0.0,graph_lift,0.0,785,0.0,0.0,,16,test,False,,,,9
M1,N8,E10c,T12a,categorical,1.8278874158859253,0.42272727272727273,0.7454545454545455,0.5175958275794983,0.42272727272727273,,,,0.013533073697510667,final_score,0.013533073697510667,,0.013533073697510667,0.0,0.013533073697510667,0.013533073697510667,0.013533073697510667,graph_lift,1.3533073697510667,732,76.938,7.141466898934765,1.95363128533594,16,train,False,,,,0
M5,N8,E10c,T12a,global_categorical,,,,,,,,,0.11157140880823135,final_score,0.24416945136237006,,0.2820594704785867,0.05013030921350383,0.24416945136237006,0.2820594704785867,0.24416945136237006,graph_lift,24.416945136237008,732,76.938,7.141466898934765,,16,train,False,,,,0
M1,N8,E10c,T12a,categorical,1.8366838693618774,0.4185022026431718,0.7533039647577092,0.5069378018379211,0.4185022026431718,,,,0.03506711403470664,final_score,0.00574579806858742,,0.03506711403470664,0.029490763940610343,0.00574579806858742,0.03506711403470664,0.00574579806858742,graph_lift,0.574579806858742,755,74.069,7.1297280538273515,1.9018771323398453,16,train,False,,,,1
M5,N8,E10c,T12a,global_categorical,,,,,,,,,0.11272531747817993,final_score,0.0,,0.024790540625466304,0.2990082404381236,0.0,0.024790540625466304,-0.3911853400160435,graph_lift,0.0,755,74.069,7.1297280538273515,,16,train,False,,,,1
M1,N8,E10c,T12a,categorical,1.7495421171188354,0.4260089686098655,0.7623318385650224,0.5363657474517822,0.4260089686098655,,,,-0.0009009729850593118,final_score,0.0,,0.0,0.01778505640632655,0.0,0.0,-0.01810709205996762,graph_lift,0.0,741,69.989,7.153797856433556,1.896024143175973,16,train,False,,,,2
M5,N8,E10c,T12a,global_categorical,,,,,,,,,0.1754617989063263,final_score,0.0,,0.0,0.0,0.0,0.0,0.0,graph_lift,0.0,741,69.989,7.153797856433556,,16,train,False,,,,2
M1,N8,E10c,T12a,categorical,1.6553294658660889,0.47186147186147187,0.8138528138528138,0.5645673871040344,0.47186147186147187,,,,-0.013008037533931649,final_score,0.0,,0.0,0.0036202696942865265,0.0,0.0,-0.003633423667877848,graph_lift,0.0,767,69.917,7.128457081857102,1.809094080776977,16,train,False,,,,3
M5,N8,E10c,T12a,global_categorical,,,,,,,,,0.14179334044456482,final_score,0.0,,0.0,0.0,0.0,0.0,0.0,graph_lift,0.0,767,69.917,7.128457081857102,,16,train,False,,,,3
M1,N8,E10c,T12a,categorical,1.7065304517745972,0.4681818181818182,0.7954545454545454,0.5404269099235535,0.4681818181818182,,,,-0.010694176265979127,final_score,0.0,,0.0,0.0,0.0,0.0,0.0,graph_lift,0.0,732,69.616,7.1649466236313,1.7198923457931623,16,train,False,,,,4
M5,N8,E10c,T12a,global_categorical,,,,,,,,,0.1054084300994873,final_score,0.0,,0.0,0.0,0.0,0.0,0.0,graph_lift,0.0,732,69.616,7.1649466236313,,16,train,False,,,,4
M1,N8,E10c,T12a,categorical,1.994315266609192,0.4155844155844156,0.7748917748917749,0.4897817075252533,0.4155844155844156,,,,-0.01774718440187284,final_score,0.0,,0.0,0.0,0.0,0.0,0.0,graph_lift,0.0,767,70.535,7.13501214397503,1.9650243435173276,16,train,False,,,,5
M5,N8,E10c,T12a,global_categorical,,,,,,,,,0.12721270322799683,final_score,0.0,,0.0,0.0,0.0,0.0,0.0,graph_lift,0.0,767,70.535,7.13501214397503,,16,train,False,,,,5
M1,N8,E10c,T12a,categorical,1.9446929693222046,0.3700440528634361,0.7180616740088106,0.483806312084198,0.3700440528634361,,,,0.016425411675623725,final_score,0.011687348066524883,,0.016425411675623725,0.0047940938526179755,0.011687348066524883,0.016425411675623725,0.011687348066524883,graph_lift,1.1687348066524883,756,70.191,7.148194392697357,1.9658751095184586,16,train,False,,,,6
M5,N8,E10c,T12a,global_categorical,,,,,,,,,0.08859582245349884,final_score,0.2410502865863886,,0.2410502865863886,0.0,0.2410502865863886,0.2410502865863886,0.2410502865863886,graph_lift,24.10502865863886,756,70.191,7.148194392697357,,16,train,False,,,,6
M1,N8,E10c,T12a,categorical,1.936142921447754,0.38495575221238937,0.7168141592920354,0.48910269141197205,0.38495575221238937,,,,-0.006698456690463095,final_score,0.0,,0.0,0.0,0.0,0.0,0.0,graph_lift,0.0,751,73.941,7.1424797659124994,1.927399303365545,16,train,False,,,,7
M5,N8,E10c,T12a,global_categorical,,,,,,,,,0.17746879160404205,final_score,0.0,,0.0,0.0,0.0,0.0,0.0,graph_lift,0.0,751,73.941,7.1424797659124994,,16,train,False,,,,7
M1,N8,E10c,T12a,categorical,1.960529088973999,0.37668161434977576,0.7040358744394619,0.4857034683227539,0.37668161434977576,,,,-0.004905525116493337,final_score,0.0,,0.0,0.0,0.0,0.0,0.0,graph_lift,0.0,741,71.6,7.140038973690058,1.8973011087345357,16,train,False,,,,8
M5,N8,E10c,T12a,global_categorical,,,,,,,,,0.16087767481803894,final_score,0.0,,0.0,0.0,0.0,0.0,0.0,graph_lift,0.0,741,71.6,7.140038973690058,,16,train,False,,,,8
M1,N8,E10c,T12a,categorical,1.727576732635498,0.44298245614035087,0.8070175438596491,0.5310297012329102,0.44298245614035087,,,,0.05049803057997071,final_score,0.0018713020845940289,,0.05049803057997071,0.04871789439271079,0.0018713020845940289,0.05049803057997071,0.0018713020845940289,graph_lift,0.1871302084594029,759,70.351,7.132462119219065,1.9540239092168317,16,train,False,,,,9
M5,N8,E10c,T12a,global_categorical,,,,,,,,,0.1265990138053894,final_score,0.0,,0.0,0.0,0.0,0.0,0.0,graph_lift,0.0,759,70.351,7.132462119219065,,16,train,False,,,,9
M1,N8,E10c,T12a,categorical,1.7282733917236328,0.5126050420168067,0.7647058823529411,0.5639401078224182,0.5126050420168067,,,,0.06797996753454427,final_score,0.033768489214368064,,0.06797996753454427,0.03540712338429042,0.033768489214368064,0.06797996753454427,0.033768489214368064,graph_lift,3.3768489214368063,793,57.422,7.213133599543529,1.932282417400738,16,test,False,,,,0
M5,N8,E10c,T12a,global_categorical,,,,,,,,,0.1258210837841034,final_score,0.0,,0.0,0.05007347421478211,0.0,0.0,-0.0527129971166885,graph_lift,0.0,793,57.422,7.213133599543529,,16,test,False,,,,0
M1,N8,E10c,T12a,categorical,1.721777319908142,0.47280334728033474,0.7949790794979079,0.5451469421386719,0.47280334728033474,,,,0.06484654585481908,final_score,0.03113940691100329,,0.06484654585481908,0.034790494302537445,0.03113940691100329,0.06484654585481908,0.03113940691100329,graph_lift,3.1139406911003293,794,63.43,7.211801302439527,1.9271440511019033,16,test,False,,,,1
M5,N8,E10c,T12a,global_categorical,,,,,,,,,0.06892913579940796,final_score,0.020898133110268644,,0.020898133110268644,0.0,0.020898133110268644,0.020898133110268644,0.020898133110268644,graph_lift,2.0898133110268646,794,63.43,7.211801302439527,,16,test,False,,,,1
M1,N8,E10c,T12a,categorical,1.8247660398483276,0.4194915254237288,0.7457627118644068,0.5078254342079163,0.4194915254237288,,,,0.025346141249085408,final_score,0.014419647228566751,,0.025346141249085408,0.01108635535377056,0.014419647228566751,0.025346141249085408,0.014419647228566751,graph_lift,1.4419647228566752,785,59.785,7.201816428097779,1.9085889500040374,16,test,False,,,,2
M5,N8,E10c,T12a,global_categorical,,,,,,,,,0.1398928165435791,final_score,0.0,,0.0,0.040763001056427876,0.0,0.0,-0.042495234338668156,graph_lift,0.0,785,59.785,7.201816428097779,,16,test,False,,,,2
M1,N8,E10c,T12a,categorical,1.9650849103927612,0.379746835443038,0.7130801687763713,0.49102166295051575,0.379746835443038,,,,-0.016494434314870965,final_score,0.0,,0.0,0.0,0.0,0.0,0.0,graph_lift,0.0,789,60.623,7.2097113616036435,1.9627086303531485,16,test,False,,,,3
M5,N8,E10c,T12a,global_categorical,,,,,,,,,0.14435043931007385,final_score,0.010792126524577039,,0.010792126524577039,0.0,0.010792126524577039,0.010792126524577039,0.010792126524577039,graph_lift,1.079212652457704,789,60.623,7.2097113616036435,,16,test,False,,,,3
M1,N8,E10c,T12a,categorical,1.7493958473205566,0.5020746887966805,0.7842323651452282,0.5547442436218262,0.5020746887966805,,,,0.05281634446849037,final_score,0.030297455409905347,,0.05281634446849037,0.023222470833160536,0.030297455409905347,0.05281634446849037,0.030297455409905347,graph_lift,3.0297455409905347,801,62.978,7.179364614782461,1.9260115874606982,16,test,False,,,,4
M5,N8,E10c,T12a,global_categorical,,,,,,,,,0.0816127359867096,final_score,0.0,,0.0,0.0,0.0,0.0,0.0,graph_lift,0.0,801,62.978,7.179364614782461,,16,test,False,,,,4
M1,N8,E10c,T12a,categorical,1.78665292263031,0.42436974789915966,0.7689075630252101,0.5348813533782959,0.42436974789915966,,,,0.015885567524220878,final_score,0.0,,0.015885567524220878,0.05021711834146758,0.0,0.015885567524220878,-0.03614673572269082,graph_lift,0.0,791,61.334,7.18834942950418,1.8884814186358194,16,test,False,,,,5
M5,N8,E10c,T12a,global_categorical,,,,,,,,,0.1406714767217636,final_score,0.0,,0.0,0.0,0.0,0.0,0.0,graph_lift,0.0,791,61.334,7.18834942950418,,16,test,False,,,,5
M1,N8,E10c,T12a,categorical,1.7635208368301392,0.44782608695652176,0.7956521739130434,0.5364326238632202,0.44782608695652176,,,,0.015350023929081025,final_score,0.015350023929081025,,0.015350023929081025,0.0,0.015350023929081025,0.015350023929081025,0.015350023929081025,graph_lift,1.5350023929081025,765,63.848,7.207983939307957,1.913201537068758,16,test,False,,,,6
M5,N8,E10c,T12a,global_categorical,,,,,,,,,0.17162548005580902,final_score,0.0,,0.0,0.13074339664971407,0.0,0.0,-0.1504082869728033,graph_lift,0.0,765,63.848,7.207983939307957,,16,test,False,,,,6
M1,N8,E10c,T12a,categorical,1.9821054935455322,0.3472803347280335,0.7782426778242678,0.46595996618270874,0.3472803347280335,,,,-0.10720578535875647,final_score,0.0,,0.0,0.0,0.0,0.0,0.0,graph_lift,0.0,795,62.177,7.1932608618988,1.8728130432542331,16,test,False,,,,7
M5,N8,E10c,T12a,global_categorical,,,,,,,,,0.28552645444869995,final_score,0.0,,0.0,0.0,0.0,0.0,0.0,graph_lift,0.0,795,62.177,7.1932608618988,,16,test,False,,,,7
M1,N8,E10c,T12a,categorical,1.9072860479354858,0.3930131004366812,0.74235807860262,0.487306147813797,0.3930131004366812,,,,0.06575572383347983,final_score,0.009070118943185733,,0.06575572383347983,0.05720445611130387,0.009070118943185733,0.06575572383347983,0.009070118943185733,graph_lift,0.9070118943185733,761,64.748,7.177010842874952,2.035662243626489,16,test,False,,,,8
M5,N8,E10c,T12a,global_categorical,,,,,,,,,0.15444731712341309,final_score,0.0,,0.0,0.0,0.0,0.0,0.0,graph_lift,0.0,761,64.748,7.177010842874952,,16,test,False,,,,8
M1,N8,E10c,T12a,categorical,2.0258820056915283,0.288135593220339,0.7033898305084746,0.45860621333122253,0.288135593220339,,,,-0.030364912060551807,final_score,0.0,,0.0,0.0,0.0,0.0,0.0,graph_lift,0.0,785,64.026,7.2206672804027825,1.9297838285291236,16,test,False,,,,9
M5,N8,E10c,T12a,global_categorical,,,,,,,,,0.1932348906993866,final_score,0.0,,0.0,0.0,0.0,0.0,0.0,graph_lift,0.0,785,64.026,7.2206672804027825,,16,test,False,,,,9
M1,N8,E10c,T12b,categorical,1.8921517133712769,0.4409090909090909,0.7318181818181818,0.5067972540855408,0.4409090909090909,,,,-0.0211488432236675,final_score,0.0,,0.0,0.0,0.0,0.0,0.0,graph_lift,0.0,732,17.273,7.15585862999057,1.95363128533594,16,train,False,,,,0
M5,N8,E10c,T12b,global_categorical,,,,,,,,,0.1256842166185379,final_score,0.06484653860643975,,0.19124627003060685,0.1351646939699148,0.06484653860643975,0.19124627003060685,0.06484653860643975,graph_lift,6.484653860643975,732,17.273,7.15585862999057,,16,train,False,,,,0
M1,N8,E10c,T12b,categorical,1.8671928644180298,0.40969162995594716,0.7400881057268722,0.5000341534614563,0.40969162995594716,,,,0.019038709625016748,final_score,0.0,,0.019038709625016748,0.025865345327656164,0.0,0.019038709625016748,-0.007007897388616769,graph_lift,0.0,755,17.422,7.144439704509467,1.9018771323398453,16,train,False,,,,1
M5,N8,E10c,T12b,global_categorical,,,,,,,,,0.13471761345863342,final_score,0.0,,0.0,0.24742062910164753,0.0,0.0,-0.32876350145806155,graph_lift,0.0,755,17.422,7.144439704509467,,16,train,False,,,,1
M1,N8,E10c,T12b,categorical,1.7661981582641602,0.4484304932735426,0.7309417040358744,0.5375906229019165,0.4484304932735426,,,,-0.010429772256138836,final_score,0.0,,0.0,0.023680839480091254,0.0,0.0,-0.02425522353518162,graph_lift,0.0,741,17.321,7.1787173295422875,1.896024143175973,16,train,False,,,,2
M5,N8,E10c,T12b,global_categorical,,,,,,,,,0.14067479968070984,final_score,0.0,,0.0,0.0,0.0,0.0,0.0,graph_lift,0.0,741,17.321,7.1787173295422875,,16,train,False,,,,2
M1,N8,E10c,T12b,categorical,1.7119818925857544,0.49783549783549785,0.7965367965367965,0.5562067627906799,0.49783549783549785,,,,-0.04767746185453792,final_score,0.0,,0.0,0.0,0.0,0.0,0.0,graph_lift,0.0,767,17.134,7.20532735501493,1.809094080776977,16,train,False,,,,3
M5,N8,E10c,T12b,global_categorical,,,,,,,,,0.19835078716278076,final_score,0.0,,0.0,0.0,0.0,0.0,0.0,graph_lift,0.0,767,17.134,7.20532735501493,,16,train,False,,,,3
M1,N8,E10c,T12b,categorical,1.7548562288284302,0.3,0.7954545454545454,0.5204126834869385,0.3,,,,-0.0393151113374568,final_score,0.0,,0.0,0.0,0.0,0.0,0.0,graph_lift,0.0,732,17.473,7.1593385927681155,1.7198923457931623,16,train,False,,,,4
M5,N8,E10c,T12b,global_categorical,,,,,,,,,0.1601867824792862,final_score,0.0,,0.0,0.0,0.0,0.0,0.0,graph_lift,0.0,732,17.473,7.1593385927681155,,16,train,False,,,,4
M1,N8,E10c,T12b,categorical,2.042692184448242,0.4329004329004329,0.7705627705627706,0.4930870532989502,0.4329004329004329,,,,-0.042435049940839464,final_score,0.0,,0.0,0.0,0.0,0.0,0.0,graph_lift,0.0,767,17.484,7.135929587874143,1.9650243435173276,16,train,False,,,,5
M5,N8,E10c,T12b,global_categorical,,,,,,,,,0.12370195984840393,final_score,0.0,,0.0,0.0,0.0,0.0,0.0,graph_lift,0.0,767,17.484,7.135929587874143,,16,train,False,,,,5
M1,N8,E10c,T12b,categorical,1.979638695716858,0.3788546255506608,0.73568281938326,0.4665558934211731,0.3788546255506608,,,,-0.0012492141414957025,final_score,0.0,,0.0,0.0034503659044230472,0.0,0.0,-0.0034623121482096997,graph_lift,0.0,756,17.201,7.1907063481437525,1.9658751095184586,16,train,False,,,,6
M5,N8,E10c,T12b,global_categorical,,,,,,,,,0.06451416015625,final_score,0.375436634574909,,0.447344107139985,0.11513238935513659,0.375436634574909,0.447344107139985,0.375436634574909,graph_lift,37.5436634574909,756,17.201,7.1907063481437525,,16,train,False,,,,6
M1,N8,E10c,T12b,categorical,1.9311034679412842,0.42035398230088494,0.7654867256637168,0.4963887333869934,0.42035398230088494,,,,-0.004078191466543313,final_score,0.0,,0.0,0.004910750550820908,0.0,0.0,-0.004934985031281567,graph_lift,0.0,751,17.364,7.203751177843076,1.927399303365545,16,train,False,,,,7
M5,N8,E10c,T12b,global_categorical,,,,,,,,,0.143589586019516,final_score,0.0,,0.0,0.0,0.0,0.0,0.0,graph_lift,0.0,751,17.364,7.203751177843076,,16,train,False,,,,7
M1,N8,E10c,T12b,categorical,2.0076980590820312,0.3721973094170404,0.6905829596412556,0.4717046618461609,0.3721973094170404,,,,-0.029082846234297133,final_score,0.0,,0.0,0.0,0.0,0.0,0.0,graph_lift,0.0,741,17.769,7.120862889859291,1.8973011087345357,16,train,False,,,,8
M5,N8,E10c,T12b,global_categorical,,,,,,,,,0.14840218424797058,final_score,0.0,,0.0,0.0,0.0,0.0,0.0,graph_lift,0.0,741,17.769,7.120862889859291,,16,train,False,,,,8
M1,N8,E10c,T12b,categorical,1.7514749765396118,0.4342105263157895,0.7894736842105263,0.5210481286048889,0.4342105263157895,,,,0.03736314439819144,final_score,0.016337627871691258,,0.03736314439819144,0.021374728893012507,0.016337627871691258,0.03736314439819144,0.016337627871691258,graph_lift,1.6337627871691258,759,17.37,7.1719851851068945,1.9540239092168317,16,train,False,,,,9
M5,N8,E10c,T12b,global_categorical,,,,,,,,,0.12119786441326141,final_score,0.0,,0.0,0.0,0.0,0.0,0.0,graph_lift,0.0,759,17.37,7.1719851851068945,,16,train,False,,,,9
M1,N8,E10c,T12b,categorical,1.7715269327163696,0.46218487394957986,0.7563025210084033,0.5435017943382263,0.46218487394957986,,,,0.04465428092818702,final_score,0.014425270879112396,,0.04465428092818702,0.030671454082470517,0.014425270879112396,0.04465428092818702,0.014425270879112396,graph_lift,1.4425270879112395,793,17.394,7.1709450156383285,1.932282417400738,16,test,False,,,,0
M5,N8,E10c,T12b,global_categorical,,,,,,,,,0.1264560967683792,final_score,0.0,,0.0,0.0,0.0,0.0,0.0,graph_lift,0.0,793,17.394,7.1709450156383285,,16,test,False,,,,0
M1,N8,E10c,T12b,categorical,1.7081804275512695,0.4686192468619247,0.7949790794979079,0.549746036529541,0.4686192468619247,,,,0.07223147761190507,final_score,0.0,,0.07223147761190507,0.09015976308298379,0.0,0.07223147761190507,-0.019704872068340835,graph_lift,0.0,794,17.309,7.1374000358544025,1.9271440511019033,16,test,False,,,,1
M5,N8,E10c,T12b,global_categorical,,,,,,,,,0.05952342972159386,final_score,0.15450120637385334,,0.15450120637385334,0.0,0.15450120637385334,0.15450120637385334,0.15450120637385334,graph_lift,15.450120637385334,794,17.309,7.1374000358544025,,16,test,False,,,,1
M1,N8,E10c,T12b,categorical,1.829667091369629,0.3813559322033898,0.7754237288135594,0.5056432485580444,0.3813559322033898,,,,0.022728368408031385,final_score,0.0,,0.022728368408031385,0.027583690890487622,0.0,0.022728368408031385,-0.0049930492084223526,graph_lift,0.0,785,17.016,7.146291278643223,1.9085889500040374,16,test,False,,,,2
M5,N8,E10c,T12b,global_categorical,,,,,,,,,0.1196046769618988,final_score,0.0,,0.0,0.0,0.0,0.0,0.0,graph_lift,0.0,785,17.016,7.146291278643223,,16,test,False,,,,2
M1,N8,E10c,T12b,categorical,1.987756371498108,0.3881856540084388,0.7088607594936709,0.48600929975509644,0.3881856540084388,,,,-0.0282218782000907,final_score,0.0,,0.0,0.0,0.0,0.0,0.0,graph_lift,0.0,789,17.164,7.162518493976714,1.9627086303531485,16,test,False,,,,3
M5,N8,E10c,T12b,global_categorical,,,,,,,,,0.15443554520606995,final_score,0.0,,0.0,0.0,0.0,0.0,0.0,graph_lift,0.0,789,17.164,7.162518493976714,,16,test,False,,,,3
M1,N8,E10c,T12b,categorical,1.7067760229110718,0.5145228215767634,0.8008298755186722,0.5657342076301575,0.5145228215767634,,,,0.07589223121480015,final_score,0.05527180308863801,,0.07589223121480015,0.021826836749000766,0.05527180308863801,0.07589223121480015,0.05527180308863801,graph_lift,5.527180308863801,801,17.647,7.11608008867243,1.9260115874606982,16,test,False,,,,4
M5,N8,E10c,T12b,global_categorical,,,,,,,,,0.10858192294836044,final_score,0.0,,0.0,0.0,0.0,0.0,0.0,graph_lift,0.0,801,17.647,7.11608008867243,,16,test,False,,,,4
M1,N8,E10c,T12b,categorical,1.7783156633377075,0.4789915966386555,0.7815126050420168,0.5366412997245789,0.4789915966386555,,,,0.02047781714597119,final_score,0.0,,0.02047781714597119,0.03963199002615925,0.0,0.02047781714597119,-0.01994461777283668,graph_lift,0.0,791,17.267,7.171865370016716,1.8884814186358194,16,test,False,,,,5
M5,N8,E10c,T12b,global_categorical,,,,,,,,,0.15024451911449432,final_score,0.0,,0.0,0.0,0.0,0.0,0.0,graph_lift,0.0,791,17.267,7.171865370016716,,16,test,False,,,,5
M1,N8,E10c,T12b,categorical,1.7330763339996338,0.45652173913043476,0.7956521739130434,0.551399827003479,0.45652173913043476,,,,0.032348561514036644,final_score,0.017039222413564595,,0.032348561514036644,0.015574720222370053,0.017039222413564595,0.032348561514036644,0.017039222413564595,graph_lift,1.7039222413564596,765,17.143,7.162024452376859,1.913201537068758,16,test,False,,,,6
M5,N8,E10c,T12b,global_categorical,,,,,,,,,0.12392126768827438,final_score,0.0,,0.0,0.0,0.0,0.0,0.0,graph_lift,0.0,765,17.143,7.162024452376859,,16,test,False,,,,6
M1,N8,E10c,T12b,categorical,1.8302254676818848,0.4560669456066946,0.7740585774058577,0.5186524391174316,0.4560669456066946,,,,-0.022365497491680264,final_score,0.0,,0.0,0.0,0.0,0.0,0.0,graph_lift,0.0,795,17.788,7.127688663585711,1.8728130432542331,16,test,False,,,,7
M5,N8,E10c,T12b,global_categorical,,,,,,,,,0.20973309874534607,final_score,0.0,,0.0,0.0,0.0,0.0,0.0,graph_lift,0.0,795,17.788,7.127688663585711,,16,test,False,,,,7
M1,N8,E10c,T12b,categorical,1.9268102645874023,0.42358078602620086,0.7510917030567685,0.49651873111724854,0.42358078602620086,,,,0.05619214267744499,final_score,0.0015625124083594104,,0.05619214267744499,0.054715123328210824,0.0015625124083594104,0.05619214267744499,0.0015625124083594104,graph_lift,0.15625124083594102,761,17.143,7.155143202059193,2.035662243626489,16,test,False,,,,8
M5,N8,E10c,T12b,global_categorical,,,,,,,,,0.14955542981624603,final_score,0.0,,0.0,0.0,0.0,0.0,0.0,graph_lift,0.0,761,17.143,7.155143202059193,,16,test,False,,,,8
M1,N8,E10c,T12b,categorical,2.037646770477295,0.288135593220339,0.7033898305084746,0.45847514271736145,0.288135593220339,,,,-0.03634848938349089,final_score,0.0,,0.0,0.0,0.0,0.0,0.0,graph_lift,0.0,785,17.993,7.166414327032961,1.9297838285291236,16,test,False,,,,9
M5,N8,E10c,T12b,global_categorical,,,,,,,,,0.18977874517440796,final_score,0.0,,0.0,0.0,0.0,0.0,0.0,graph_lift,0.0,785,17.993,7.166414327032961,,16,test,False,,,,9
M1,N8,E10c,T12e,categorical,1.9499120712280273,0.45,0.7318181818181818,0.49156296253204346,0.45,,,,-0.0523207131997363,final_score,0.0,,0.0,0.0,0.0,0.0,0.0,graph_lift,0.0,732,0.0,0.0,1.95363128533594,16,train,False,,,,0
M5,N8,E10c,T12e,global_categorical,,,,,,,,,0.17303994297981262,final_score,0.0,,0.0,0.0,0.0,0.0,0.0,graph_lift,0.0,732,0.0,0.0,,16,train,False,,,,0
M1,N8,E10c,T12e,categorical,1.9972639083862305,0.3788546255506608,0.6960352422907489,0.4764414429664612,0.3788546255506608,,,,-0.0492962993961521,final_score,0.0,,0.0,0.0,0.0,0.0,0.0,graph_lift,0.0,755,0.0,0.0,1.9018771323398453,16,train,False,,,,1
M5,N8,E10c,T12e,global_categorical,,,,,,,,,0.1132333055138588,final_score,0.02039583366232993,,0.02039583366232993,0.0,0.02039583366232993,0.02039583366232993,0.02039583366232993,graph_lift,2.0395833662329927,755,0.0,0.0,,16,train,False,,,,1
M1,N8,E10c,T12e,categorical,1.796297550201416,0.4304932735426009,0.7757847533632287,0.5221102833747864,0.4304932735426009,,,,-0.027649410961900545,final_score,0.0,,0.0,0.0,0.0,0.0,0.0,graph_lift,0.0,741,0.0,0.0,1.896024143175973,16,train,False,,,,2
M5,N8,E10c,T12e,global_categorical,,,,,,,,,0.08516958355903625,final_score,0.12614665240830739,,0.17914798980705368,0.06065243961680301,0.12614665240830739,0.17914798980705368,0.12614665240830739,graph_lift,12.614665240830739,741,0.0,0.0,,16,train,False,,,,2
M1,N8,E10c,T12e,categorical,1.6880079507827759,0.4675324675324675,0.8095238095238095,0.548738420009613,0.4675324675324675,,,,-0.033006229784085406,final_score,0.0,,0.0,0.0,0.0,0.0,0.0,graph_lift,0.0,767,0.0,0.0,1.809094080776977,16,train,False,,,,3
M5,N8,E10c,T12e,global_categorical,,,,,,,,,0.0809907615184784,final_score,0.07407362609712313,,0.27305651014032506,0.21490141079410902,0.07407362609712313,0.27305651014032506,0.07407362609712313,graph_lift,7.4073626097123135,767,0.0,0.0,,16,train,False,,,,3
M1,N8,E10c,T12e,categorical,1.7294880151748657,0.4409090909090909,0.7909090909090909,0.5367775559425354,0.4409090909090909,,,,-0.02429080049118726,final_score,0.0,,0.0,0.0,0.0,0.0,0.0,graph_lift,0.0,732,0.0,0.0,1.7198923457931623,16,train,False,,,,4
M5,N8,E10c,T12e,global_categorical,,,,,,,,,0.0924573540687561,final_score,0.0,,0.0,0.0,0.0,0.0,0.0,graph_lift,0.0,732,0.0,0.0,,16,train,False,,,,4
M1,N8,E10c,T12e,categorical,1.9969154596328735,0.38095238095238093,0.6883116883116883,0.47652748227119446,0.38095238095238093,,,,-0.019074130881068907,final_score,0.0,,0.0,0.0,0.0,0.0,0.0,graph_lift,0.0,767,0.0,0.0,1.9650243435173276,16,train,False,,,,5
M5,N8,E10c,T12e,global_categorical,,,,,,,,,0.08310729265213013,final_score,0.0,,0.0,0.0,0.0,0.0,0.0,graph_lift,0.0,767,0.0,0.0,,16,train,False,,,,5
M1,N8,E10c,T12e,categorical,2.0405378341674805,0.34801762114537443,0.6916299559471366,0.45932474732398987,0.34801762114537443,,,,-0.0320503798027123,final_score,0.0,,0.0,0.0,0.0,0.0,0.0,graph_lift,0.0,756,0.0,0.0,1.9658751095184586,16,train,False,,,,6
M5,N8,E10c,T12e,global_categorical,,,,,,,,,0.10702890157699585,final_score,0.03749753765874562,,0.08314464577074773,0.04742544554220368,0.03749753765874562,0.08314464577074773,0.03749753765874562,graph_lift,3.7497537658745617,756,0.0,0.0,,16,train,False,,,,6
M1,N8,E10c,T12e,categorical,1.989075779914856,0.39823008849557523,0.6769911504424779,0.4802370071411133,0.39823008849557523,,,,-0.03422093062524856,final_score,0.0,,0.0,0.0,0.0,0.0,0.0,graph_lift,0.0,751,0.0,0.0,1.927399303365545,16,train,False,,,,7
M5,N8,E10c,T12e,global_categorical,,,,,,,,,0.09609028697013855,final_score,0.05039698895982369,,0.05039698895982369,0.0,0.05039698895982369,0.05039698895982369,0.05039698895982369,graph_lift,5.039698895982369,751,0.0,0.0,,16,train,False,,,,7
M1,N8,E10c,T12e,categorical,2.036363363265991,0.3721973094170404,0.6905829596412556,0.4752258062362671,0.3721973094170404,,,,-0.04377571255112689,final_score,0.0,,0.0,0.0,0.0,0.0,0.0,graph_lift,0.0,741,0.0,0.0,1.8973011087345357,16,train,False,,,,8
M5,N8,E10c,T12e,global_categorical,,,,,,,,,0.10360423475503922,final_score,0.0,,0.0,0.06319986325620927,0.0,0.0,-0.06746355041736513,graph_lift,0.0,741,0.0,0.0,,16,train,False,,,,8
M1,N8,E10c,T12e,categorical,1.881842851638794,0.3991228070175439,0.7587719298245614,0.49993056058883667,0.3991228070175439,,,,-0.03428899236111316,final_score,0.0,,0.0,0.0,0.0,0.0,0.0,graph_lift,0.0,759,0.0,0.0,1.9540239092168317,16,train,False,,,,9
M5,N8,E10c,T12e,global_categorical,,,,,,,,,0.09941643476486206,final_score,0.010145831491127442,,0.010145831491127442,0.0,0.010145831491127442,0.010145831491127442,0.010145831491127442,graph_lift,1.0145831491127442,759,0.0,0.0,,16,train,False,,,,9
M1,N8,E10c,T12e,categorical,1.9314852952957153,0.4369747899159664,0.7352941176470589,0.5038940906524658,0.4369747899159664,,,,-0.04160778341150051,final_score,0.0,,0.0,0.0,0.0,0.0,0.0,graph_lift,0.0,793,0.0,0.0,1.932282417400738,16,test,False,,,,0
M5,N8,E10c,T12e,global_categorical,,,,,,,,,0.09960513561964035,final_score,0.0,,0.0,0.0,0.0,0.0,0.0,graph_lift,0.0,793,0.0,0.0,,16,test,False,,,,0
M1,N8,E10c,T12e,categorical,1.8985692262649536,0.41841004184100417,0.7489539748953975,0.5040720701217651,0.41841004184100417,,,,-0.03117490494982178,final_score,0.0,,0.0,0.0,0.0,0.0,0.0,graph_lift,0.0,794,0.0,0.0,1.9271440511019033,16,test,False,,,,1
M5,N8,E10c,T12e,global_categorical,,,,,,,,,0.15617817640304565,final_score,0.0,,0.0,0.0,0.0,0.0,0.0,graph_lift,0.0,794,0.0,0.0,,16,test,False,,,,1
M1,N8,E10c,T12e,categorical,1.9321885108947754,0.3686440677966102,0.7457627118644068,0.4833258390426636,0.3686440677966102,,,,-0.03203095548674173,final_score,0.0,,0.0,0.0,0.0,0.0,0.0,graph_lift,0.0,785,0.0,0.0,1.9085889500040374,16,test,False,,,,2
M5,N8,E10c,T12e,global_categorical,,,,,,,,,0.10863495618104935,final_score,0.0,,0.0,0.0,0.0,0.0,0.0,graph_lift,0.0,785,0.0,0.0,,16,test,False,,,,2
M1,N8,E10c,T12e,categorical,1.992409110069275,0.41350210970464135,0.70042194092827,0.4822016954421997,0.41350210970464135,,,,-0.030628619553692893,final_score,0.0,,0.0,0.0,0.0,0.0,0.0,graph_lift,0.0,789,0.0,0.0,1.9627086303531485,16,test,False,,,,3
M5,N8,E10c,T12e,global_categorical,,,,,,,,,0.1259443312883377,final_score,0.13692590943624347,,0.13692590943624347,0.0,0.13692590943624347,0.13692590943624347,0.13692590943624347,graph_lift,13.692590943624348,789,0.0,0.0,,16,test,False,,,,3
M1,N8,E10c,T12e,categorical,1.911497712135315,0.4107883817427386,0.7385892116182573,0.4964883327484131,0.4107883817427386,,,,-0.03495125462060389,final_score,0.0,,0.0,0.0,0.0,0.0,0.0,graph_lift,0.0,801,0.0,0.0,1.9260115874606982,16,test,False,,,,4
M5,N8,E10c,T12e,global_categorical,,,,,,,,,0.12493645399808884,final_score,0.0,,0.0,0.0,0.0,0.0,0.0,graph_lift,0.0,801,0.0,0.0,,16,test,False,,,,4
M1,N8,E10c,T12e,categorical,1.8788492679595947,0.3949579831932773,0.7647058823529411,0.5068033933639526,0.3949579831932773,,,,-0.034897565712182166,final_score,0.0,,0.0,0.0,0.0,0.0,0.0,graph_lift,0.0,791,0.0,0.0,1.8884814186358194,16,test,False,,,,5
M5,N8,E10c,T12e,global_categorical,,,,,,,,,0.1401270031929016,final_score,0.0,,0.0,0.0,0.0,0.0,0.0,graph_lift,0.0,791,0.0,0.0,,16,test,False,,,,5
M1,N8,E10c,T12e,categorical,1.8423802852630615,0.43043478260869567,0.7565217391304347,0.5150004029273987,0.43043478260869567,,,,-0.028680596404562886,final_score,0.0,,0.0,0.0,0.0,0.0,0.0,graph_lift,0.0,765,0.0,0.0,1.913201537068758,16,test,False,,,,6
M5,N8,E10c,T12e,global_categorical,,,,,,,,,0.10320090502500534,final_score,0.0,,0.0,0.0,0.0,0.0,0.0,graph_lift,0.0,765,0.0,0.0,,16,test,False,,,,6
M1,N8,E10c,T12e,categorical,1.8515534400939941,0.48535564853556484,0.7615062761506276,0.5217669010162354,0.48535564853556484,,,,-0.03427931197723133,final_score,0.0,,0.0,0.0,0.0,0.0,0.0,graph_lift,0.0,795,0.0,0.0,1.8728130432542331,16,test,False,,,,7
M5,N8,E10c,T12e,global_categorical,,,,,,,,,0.15330404043197632,final_score,0.0,,0.0,0.0,0.0,0.0,0.0,graph_lift,0.0,795,0.0,0.0,,16,test,False,,,,7
M1,N8,E10c,T12e,categorical,2.093092918395996,0.34934497816593885,0.6768558951965066,0.4453040361404419,0.34934497816593885,,,,-0.025257899054047073,final_score,0.0,,0.0,0.0,0.0,0.0,0.0,graph_lift,0.0,761,0.0,0.0,2.035662243626489,16,test,False,,,,8
M5,N8,E10c,T12e,global_categorical,,,,,,,,,0.10395084321498871,final_score,0.07728402039359605,,0.07728402039359605,0.0,0.07728402039359605,0.07728402039359605,0.07728402039359605,graph_lift,7.728402039359605,761,0.0,0.0,,16,test,False,,,,8
M1,N8,E10c,T12e,categorical,2.029726028442383,0.3940677966101695,0.6822033898305084,0.4686572849750519,0.3940677966101695,,,,-0.03231993315861392,final_score,0.0,,0.0,0.0,0.0,0.0,0.0,graph_lift,0.0,785,0.0,0.0,1.9297838285291236,16,test,False,,,,9
M5,N8,E10c,T12e,global_categorical,,,,,,,,,0.07990428805351257,final_score,0.0,,0.0,0.0,0.0,0.0,0.0,graph_lift,0.0,785,0.0,0.0,,16,test,False,,,,9
M1,N8,E11a,T12a,categorical,2.0251824855804443,0.39545454545454545,0.7363636363636363,0.46540403366088867,0.39545454545454545,,,,-0.09294231798149122,final_score,0.0,,0.0,0.0,0.0,0.0,0.0,graph_lift,0.0,732,76.938,7.141466898934765,1.95363128533594,16,train,False,,,,0
M5,N8,E11a,T12a,global_categorical,,,,,,,,,0.2585516571998596,final_score,0.0,,0.0,0.05013030921350383,0.0,0.0,-0.05277598569546494,graph_lift,0.0,732,76.938,7.141466898934765,,16,train,False,,,,0
M1,N8,E11a,T12a,categorical,1.8898507356643677,0.3964757709251101,0.7533039647577092,0.4932434558868408,0.3964757709251101,,,,0.007135004642132015,final_score,0.0,,0.007135004642132015,0.029490763940610343,0.0,0.007135004642132015,-0.023035081447808376,graph_lift,0.0,755,74.069,7.1297280538273515,1.9018771323398453,16,train,False,,,,1
M5,N8,E11a,T12a,global_categorical,,,,,,,,,0.12860698997974396,final_score,0.0,,0.0,0.2990082404381236,0.0,0.0,-0.4265502930091579,graph_lift,0.0,755,74.069,7.1297280538273515,,16,train,False,,,,1
M1,N8,E11a,T12a,categorical,1.7746949195861816,0.4663677130044843,0.8161434977578476,0.5438374876976013,0.4663677130044843,,,,-0.015290704711506287,final_score,0.0,,0.0,0.01778505640632655,0.0,0.0,-0.01810709205996762,graph_lift,0.0,741,69.989,7.153797856433556,1.896024143175973,16,train,False,,,,2
M5,N8,E11a,T12a,global_categorical,,,,,,,,,0.21995875239372253,final_score,0.0,,0.0,0.0,0.0,0.0,0.0,graph_lift,0.0,741,69.989,7.153797856433556,,16,train,False,,,,2
M1,N8,E11a,T12a,categorical,1.6968896389007568,0.47186147186147187,0.8225108225108225,0.5490050911903381,0.47186147186147187,,,,-0.03844152559857861,final_score,0.0,,0.0,0.0036202696942865265,0.0,0.0,-0.003633423667877848,graph_lift,0.0,767,69.917,7.128457081857102,1.809094080776977,16,train,False,,,,3
M5,N8,E11a,T12a,global_categorical,,,,,,,,,0.21491578221321106,final_score,0.0,,0.0,0.0,0.0,0.0,0.0,graph_lift,0.0,767,69.917,7.128457081857102,,16,train,False,,,,3
M1,N8,E11a,T12a,categorical,1.8019942045211792,0.4863636363636364,0.8181818181818182,0.5447120666503906,0.4863636363636364,,,,-0.06723263676170643,final_score,0.0,,0.0,0.0,0.0,0.0,0.0,graph_lift,0.0,732,69.616,7.1649466236313,1.7198923457931623,16,train,False,,,,4
M5,N8,E11a,T12a,global_categorical,,,,,,,,,0.2935313880443573,final_score,0.0,,0.0,0.0,0.0,0.0,0.0,graph_lift,0.0,732,69.616,7.1649466236313,,16,train,False,,,,4
M1,N8,E11a,T12a,categorical,2.013057231903076,0.3939393939393939,0.7229437229437229,0.465762197971344,0.3939393939393939,,,,-0.027311689493714875,final_score,0.0,,0.0,0.0,0.0,0.0,0.0,graph_lift,0.0,767,70.535,7.13501214397503,1.9650243435173276,16,train,False,,,,5
M5,N8,E11a,T12a,global_categorical,,,,,,,,,0.18767516314983368,final_score,0.0,,0.0,0.0,0.0,0.0,0.0,graph_lift,0.0,767,70.535,7.13501214397503,,16,train,False,,,,5
M1,N8,E11a,T12a,categorical,1.9700355529785156,0.3700440528634361,0.7312775330396476,0.475504070520401,0.3700440528634361,,,,0.0036078435852255897,final_score,0.0,,0.0036078435852255897,0.0047940938526179755,0.0,0.0036078435852255897,-0.0011919646578310314,graph_lift,0.0,756,70.191,7.148194392697357,1.9658751095184586,16,train,False,,,,6
M5,N8,E11a,T12a,global_categorical,,,,,,,,,0.15144729614257812,final_score,0.0,,0.0,0.0,0.0,0.0,0.0,graph_lift,0.0,756,70.191,7.148194392697357,,16,train,False,,,,6
M1,N8,E11a,T12a,categorical,2.07239031791687,0.3893805309734513,0.6991150442477876,0.4516369700431824,0.3893805309734513,,,,-0.0775404022500299,final_score,0.0,,0.0,0.0,0.0,0.0,0.0,graph_lift,0.0,751,73.941,7.1424797659124994,1.927399303365545,16,train,False,,,,7
M5,N8,E11a,T12a,global_categorical,,,,,,,,,0.2662796974182129,final_score,0.0,,0.0,0.0,0.0,0.0,0.0,graph_lift,0.0,751,73.941,7.1424797659124994,,16,train,False,,,,7
M1,N8,E11a,T12a,categorical,2.082756996154785,0.3991031390134529,0.6591928251121076,0.46247032284736633,0.3991031390134529,,,,-0.06755566186430162,final_score,0.0,,0.0,0.0,0.0,0.0,0.0,graph_lift,0.0,741,71.6,7.140038973690058,1.8973011087345357,16,train,False,,,,8
M5,N8,E11a,T12a,global_categorical,,,,,,,,,0.24565348029136658,final_score,0.0,,0.0,0.0,0.0,0.0,0.0,graph_lift,0.0,741,71.6,7.140038973690058,,16,train,False,,,,8
M1,N8,E11a,T12a,categorical,1.765445351600647,0.40350877192982454,0.793859649122807,0.5196138024330139,0.40350877192982454,,,,0.02968482658642735,final_score,0.0,,0.02968482658642735,0.04871789439271079,0.0,0.02968482658642735,-0.0200078059853054,graph_lift,0.0,759,70.351,7.132462119219065,1.9540239092168317,16,train,False,,,,9
M5,N8,E11a,T12a,global_categorical,,,,,,,,,0.16013896465301514,final_score,0.0,,0.0,0.0,0.0,0.0,0.0,graph_lift,0.0,759,70.351,7.132462119219065,,16,train,False,,,,9
M1,N8,E11a,T12a,categorical,1.890264630317688,0.42016806722689076,0.7478991596638656,0.5070858597755432,0.42016806722689076,,,,-0.019378385059666936,final_score,0.0,,0.0,0.03540712338429042,0.0,0.0,-0.03670680578579111,graph_lift,0.0,793,57.422,7.213133599543529,1.932282417400738,16,test,False,,,,0
M5,N8,E11a,T12a,global_categorical,,,,,,,,,0.22880488634109497,final_score,0.0,,0.0,0.05007347421478211,0.0,0.0,-0.0527129971166885,graph_lift,0.0,793,57.422,7.213133599543529,,16,test,False,,,,0
M1,N8,E11a,T12a,categorical,1.7646291255950928,0.5188284518828452,0.7866108786610879,0.5531160235404968,0.5188284518828452,,,,0.041572342371220206,final_score,0.00702629639332259,,0.041572342371220206,0.034790494302537445,0.00702629639332259,0.041572342371220206,0.00702629639332259,graph_lift,0.702629639332259,794,63.43,7.211801302439527,1.9271440511019033,16,test,False,,,,1
M5,N8,E11a,T12a,global_categorical,,,,,,,,,0.1784898340702057,final_score,0.0,,0.0,0.0,0.0,0.0,0.0,graph_lift,0.0,794,63.43,7.211801302439527,,16,test,False,,,,1
M1,N8,E11a,T12a,categorical,1.9910595417022705,0.423728813559322,0.7203389830508474,0.47529762983322144,0.423728813559322,,,,-0.0634754486322946,final_score,0.0,,0.0,0.01108635535377056,0.0,0.0,-0.011210640498075597,graph_lift,0.0,785,59.785,7.201816428097779,1.9085889500040374,16,test,False,,,,2
M5,N8,E11a,T12a,global_categorical,,,,,,,,,0.27127373218536377,final_score,0.0,,0.0,0.040763001056427876,0.0,0.0,-0.042495234338668156,graph_lift,0.0,785,59.785,7.201816428097779,,16,test,False,,,,2
M1,N8,E11a,T12a,categorical,1.9354435205459595,0.41350210970464135,0.7426160337552743,0.4919555187225342,0.41350210970464135,,,,-0.0011615742524968553,final_score,0.0,,0.0,0.0,0.0,0.0,0.0,graph_lift,0.0,789,60.623,7.2097113616036435,1.9627086303531485,16,test,False,,,,3
M5,N8,E11a,T12a,global_categorical,,,,,,,,,0.17086100578308105,final_score,0.0,,0.0,0.0,0.0,0.0,0.0,graph_lift,0.0,789,60.623,7.2097113616036435,,16,test,False,,,,3
M1,N8,E11a,T12a,categorical,1.7973878383636475,0.46473029045643155,0.7759336099585062,0.5298886895179749,0.46473029045643155,,,,0.02683181258628009,final_score,0.0036951523200970953,,0.02683181258628009,0.023222470833160536,0.0036951523200970953,0.02683181258628009,0.0036951523200970953,graph_lift,0.36951523200970954,801,62.978,7.179364614782461,1.9260115874606982,16,test,False,,,,4
M5,N8,E11a,T12a,global_categorical,,,,,,,,,0.14134404063224792,final_score,0.0,,0.0,0.0,0.0,0.0,0.0,graph_lift,0.0,801,62.978,7.179364614782461,,16,test,False,,,,4
M1,N8,E11a,T12a,categorical,1.802505373954773,0.44537815126050423,0.7983193277310925,0.5367579460144043,0.44537815126050423,,,,0.007153795442753741,final_score,0.0,,0.007153795442753741,0.05021711834146758,0.0,0.007153795442753741,-0.04534017587631785,graph_lift,0.0,791,61.334,7.18834942950418,1.8884814186358194,16,test,False,,,,5
M5,N8,E11a,T12a,global_categorical,,,,,,,,,0.18420325219631195,final_score,0.0,,0.0,0.0,0.0,0.0,0.0,graph_lift,0.0,791,61.334,7.18834942950418,,16,test,False,,,,5
M1,N8,E11a,T12a,categorical,1.7270567417144775,0.5,0.7782608695652173,0.5497497916221619,0.5,,,,0.035709523181575054,final_score,0.035709523181575054,,0.035709523181575054,0.0,0.035709523181575054,0.035709523181575054,0.035709523181575054,graph_lift,3.5709523181575054,765,63.848,7.207983939307957,1.913201537068758,16,test,False,,,,6
M5,N8,E11a,T12a,global_categorical,,,,,,,,,0.14616568386554718,final_score,0.0,,0.0,0.13074339664971407,0.0,0.0,-0.1504082869728033,graph_lift,0.0,765,63.848,7.207983939307957,,16,test,False,,,,6
M1,N8,E11a,T12a,categorical,2.023291826248169,0.39330543933054396,0.7615062761506276,0.46283143758773804,0.39330543933054396,,,,-0.13021258360322863,final_score,0.0,,0.0,0.0,0.0,0.0,0.0,graph_lift,0.0,795,62.177,7.1932608618988,1.8728130432542331,16,test,False,,,,7
M5,N8,E11a,T12a,global_categorical,,,,,,,,,0.29130175709724426,final_score,0.0,,0.0,0.0,0.0,0.0,0.0,graph_lift,0.0,795,62.177,7.1932608618988,,16,test,False,,,,7
M1,N8,E11a,T12a,categorical,1.9506494998931885,0.42358078602620086,0.7816593886462883,0.48879772424697876,0.42358078602620086,,,,0.044515027580123046,final_score,0.0,,0.044515027580123046,0.05720445611130387,0.0,0.044515027580123046,-0.0134593641361959,graph_lift,0.0,761,64.748,7.177010842874952,2.035662243626489,16,test,False,,,,8
M5,N8,E11a,T12a,global_categorical,,,,,,,,,0.19224637746810913,final_score,0.0,,0.0,0.0,0.0,0.0,0.0,graph_lift,0.0,761,64.748,7.177010842874952,,16,test,False,,,,8
M1,N8,E11a,T12a,categorical,1.9520610570907593,0.3389830508474576,0.7203389830508474,0.4773094058036804,0.3389830508474576,,,,0.007180490091681313,final_score,0.007180490091681313,,0.007180490091681313,0.0,0.007180490091681313,0.007180490091681313,0.007180490091681313,graph_lift,0.7180490091681313,785,64.026,7.2206672804027825,1.9297838285291236,16,test,False,,,,9
M5,N8,E11a,T12a,global_categorical,,,,,,,,,0.15837985277175903,final_score,0.0,,0.0,0.0,0.0,0.0,0.0,graph_lift,0.0,785,64.026,7.2206672804027825,,16,test,False,,,,9
M1,N8,E11a,T12b,categorical,1.9394282102584839,0.37727272727272726,0.75,0.48567283153533936,0.37727272727272726,,,,-0.04666280529312106,final_score,0.0,,0.0,0.0,0.0,0.0,0.0,graph_lift,0.0,732,17.273,7.15585862999057,1.95363128533594,16,train,False,,,,0
M5,N8,E11a,T12b,global_categorical,,,,,,,,,0.18553578853607178,final_score,0.0,,0.0,0.1351646939699148,0.0,0.0,-0.15628951897254387,graph_lift,0.0,732,17.273,7.15585862999057,,16,train,False,,,,0
M1,N8,E11a,T12b,categorical,1.965230941772461,0.3964757709251101,0.762114537444934,0.4778904914855957,0.3964757709251101,,,,-0.032467237565919405,final_score,0.0,,0.0,0.025865345327656164,0.0,0.0,-0.026552125215539252,graph_lift,0.0,755,17.422,7.144439704509467,1.9018771323398453,16,train,False,,,,1
M5,N8,E11a,T12b,global_categorical,,,,,,,,,0.1854775995016098,final_score,0.0,,0.0,0.24742062910164753,0.0,0.0,-0.32876350145806155,graph_lift,0.0,755,17.422,7.144439704509467,,16,train,False,,,,1
M1,N8,E11a,T12b,categorical,1.7739933729171753,0.47085201793721976,0.8161434977578476,0.5378022193908691,0.47085201793721976,,,,-0.01488938497554737,final_score,0.0,,0.0,0.023680839480091254,0.0,0.0,-0.02425522353518162,graph_lift,0.0,741,17.321,7.1787173295422875,1.896024143175973,16,train,False,,,,2
M5,N8,E11a,T12b,global_categorical,,,,,,,,,0.20671874284744263,final_score,0.0,,0.0,0.0,0.0,0.0,0.0,graph_lift,0.0,741,17.321,7.1787173295422875,,16,train,False,,,,2
M1,N8,E11a,T12b,categorical,1.7349673509597778,0.45021645021645024,0.8571428571428571,0.538243293762207,0.45021645021645024,,,,-0.06174387386239499,final_score,0.0,,0.0,0.0,0.0,0.0,0.0,graph_lift,0.0,767,17.134,7.20532735501493,1.809094080776977,16,train,False,,,,3
M5,N8,E11a,T12b,global_categorical,,,,,,,,,0.21919997036457062,final_score,0.0,,0.0,0.0,0.0,0.0,0.0,graph_lift,0.0,767,17.134,7.20532735501493,,16,train,False,,,,3
M1,N8,E11a,T12b,categorical,1.6745597124099731,0.45,0.8136363636363636,0.5594794750213623,0.45,,,,0.008240540138426011,final_score,0.008240540138426011,,0.008240540138426011,0.0,0.008240540138426011,0.008240540138426011,0.008240540138426011,graph_lift,0.8240540138426011,732,17.473,7.1593385927681155,1.7198923457931623,16,train,False,,,,4
M5,N8,E11a,T12b,global_categorical,,,,,,,,,0.18338891863822937,final_score,0.0,,0.0,0.0,0.0,0.0,0.0,graph_lift,0.0,732,17.473,7.1593385927681155,,16,train,False,,,,4
M1,N8,E11a,T12b,categorical,2.035125494003296,0.3852813852813853,0.7012987012987013,0.4627741575241089,0.3852813852813853,,,,-0.03857367748633922,final_score,0.0,,0.0,0.0,0.0,0.0,0.0,graph_lift,0.0,767,17.484,7.135929587874143,1.9650243435173276,16,train,False,,,,5
M5,N8,E11a,T12b,global_categorical,,,,,,,,,0.1616763323545456,final_score,0.0,,0.0,0.0,0.0,0.0,0.0,graph_lift,0.0,767,17.484,7.135929587874143,,16,train,False,,,,5
M1,N8,E11a,T12b,categorical,1.9621995687484741,0.3656387665198238,0.7444933920704846,0.478874534368515,0.3656387665198238,,,,0.00757103188542263,final_score,0.004134933012884312,,0.00757103188542263,0.0034503659044230472,0.004134933012884312,0.00757103188542263,0.004134933012884312,graph_lift,0.4134933012884312,756,17.201,7.1907063481437525,1.9658751095184586,16,train,False,,,,6
M5,N8,E11a,T12b,global_categorical,,,,,,,,,0.16213104128837585,final_score,0.0,,0.0,0.11513238935513659,0.0,0.0,-0.13011255917846484,graph_lift,0.0,756,17.201,7.1907063481437525,,16,train,False,,,,6
M1,N8,E11a,T12b,categorical,2.1954784393310547,0.3805309734513274,0.6637168141592921,0.41847413778305054,0.3805309734513274,,,,-0.14154002929052112,final_score,0.0,,0.0,0.004910750550820908,0.0,0.0,-0.004934985031281567,graph_lift,0.0,751,17.364,7.203751177843076,1.927399303365545,16,train,False,,,,7
M5,N8,E11a,T12b,global_categorical,,,,,,,,,0.29998064041137695,final_score,0.0,,0.0,0.0,0.0,0.0,0.0,graph_lift,0.0,751,17.364,7.203751177843076,,16,train,False,,,,7
M1,N8,E11a,T12b,categorical,2.0842442512512207,0.37668161434977576,0.672645739910314,0.45741626620292664,0.37668161434977576,,,,-0.06831799845259989,final_score,0.0,,0.0,0.0,0.0,0.0,0.0,graph_lift,0.0,741,17.769,7.120862889859291,1.8973011087345357,16,train,False,,,,8
M5,N8,E11a,T12b,global_categorical,,,,,,,,,0.2662012577056885,final_score,0.0,,0.0,0.0,0.0,0.0,0.0,graph_lift,0.0,741,17.769,7.120862889859291,,16,train,False,,,,8
M1,N8,E11a,T12b,categorical,1.77114999294281,0.41228070175438597,0.7982456140350878,0.5280590653419495,0.41228070175438597,,,,0.026549468114610786,final_score,0.005287763737947203,,0.026549468114610786,0.021374728893012507,0.005287763737947203,0.026549468114610786,0.005287763737947203,graph_lift,0.5287763737947203,759,17.37,7.1719851851068945,1.9540239092168317,16,train,False,,,,9
M5,N8,E11a,T12b,global_categorical,,,,,,,,,0.17216840386390686,final_score,0.0,,0.0,0.0,0.0,0.0,0.0,graph_lift,0.0,759,17.37,7.1719851851068945,,16,train,False,,,,9
M1,N8,E11a,T12b,categorical,1.8488893508911133,0.46218487394957986,0.7394957983193278,0.5292369723320007,0.46218487394957986,,,,0.002934406986815019,final_score,0.0,,0.002934406986815019,0.030671454082470517,0.0,0.002934406986815019,-0.02861470160192246,graph_lift,0.0,793,17.394,7.1709450156383285,1.932282417400738,16,test,False,,,,0
M5,N8,E11a,T12b,global_categorical,,,,,,,,,0.2110418677330017,final_score,0.0,,0.0,0.0,0.0,0.0,0.0,graph_lift,0.0,793,17.394,7.1709450156383285,,16,test,False,,,,0
M1,N8,E11a,T12b,categorical,1.815931797027588,0.4560669456066946,0.7573221757322176,0.532425582408905,0.4560669456066946,,,,0.013708225392958018,final_score,0.0,,0.013708225392958018,0.09015976308298379,0.0,0.013708225392958018,-0.0840274309576382,graph_lift,0.0,794,17.309,7.1374000358544025,1.9271440511019033,16,test,False,,,,1
M5,N8,E11a,T12b,global_categorical,,,,,,,,,0.24713192880153656,final_score,0.0,,0.0,0.0,0.0,0.0,0.0,graph_lift,0.0,794,17.309,7.1374000358544025,,16,test,False,,,,1
M1,N8,E11a,T12b,categorical,1.985422134399414,0.4067796610169492,0.7372881355932204,0.4779202938079834,0.4067796610169492,,,,-0.06046439860707764,final_score,0.0,,0.0,0.027583690890487622,0.0,0.0,-0.02836613355009164,graph_lift,0.0,785,17.016,7.146291278643223,1.9085889500040374,16,test,False,,,,2
M5,N8,E11a,T12b,global_categorical,,,,,,,,,0.21044966578483582,final_score,0.0,,0.0,0.0,0.0,0.0,0.0,graph_lift,0.0,785,17.016,7.146291278643223,,16,test,False,,,,2
M1,N8,E11a,T12b,categorical,1.9064161777496338,0.41350210970464135,0.7046413502109705,0.5035656690597534,0.41350210970464135,,,,0.013853566377317716,final_score,0.013853566377317716,,0.013853566377317716,0.0,0.013853566377317716,0.013853566377317716,0.013853566377317716,graph_lift,1.3853566377317716,789,17.164,7.162518493976714,1.9627086303531485,16,test,False,,,,3
M5,N8,E11a,T12b,global_categorical,,,,,,,,,0.14206074178218842,final_score,0.026483016232201353,,0.026483016232201353,0.0,0.026483016232201353,0.026483016232201353,0.026483016232201353,graph_lift,2.6483016232201355,789,17.164,7.162518493976714,,16,test,False,,,,3
M1,N8,E11a,T12b,categorical,1.8917008638381958,0.46887966804979253,0.7925311203319502,0.5167160630226135,0.46887966804979253,,,,-0.024232516093911194,final_score,0.0,,0.0,0.021826836749000766,0.0,0.0,-0.02231387812405154,graph_lift,0.0,801,17.647,7.11608008867243,1.9260115874606982,16,test,False,,,,4
M5,N8,E11a,T12b,global_categorical,,,,,,,,,0.24469676613807678,final_score,0.0,,0.0,0.0,0.0,0.0,0.0,graph_lift,0.0,801,17.647,7.11608008867243,,16,test,False,,,,4
M1,N8,E11a,T12b,categorical,1.9039585590362549,0.47478991596638653,0.7647058823529411,0.5115759372711182,0.47478991596638653,,,,-0.04872813331338799,final_score,0.0,,0.0,0.03963199002615925,0.0,0.0,-0.041267503305570094,graph_lift,0.0,791,17.267,7.171865370016716,1.8884814186358194,16,test,False,,,,5
M5,N8,E11a,T12b,global_categorical,,,,,,,,,0.28293943405151367,final_score,0.0,,0.0,0.0,0.0,0.0,0.0,graph_lift,0.0,791,17.267,7.171865370016716,,16,test,False,,,,5
M1,N8,E11a,T12b,categorical,1.7347369194030762,0.47391304347826085,0.7869565217391304,0.5487511157989502,0.47391304347826085,,,,0.031421328145488814,final_score,0.016097319165450853,,0.031421328145488814,0.015574720222370053,0.016097319165450853,0.031421328145488814,0.016097319165450853,graph_lift,1.6097319165450854,765,17.143,7.162024452376859,1.913201537068758,16,test,False,,,,6
M5,N8,E11a,T12b,global_categorical,,,,,,,,,0.1531800627708435,final_score,0.0,,0.0,0.0,0.0,0.0,0.0,graph_lift,0.0,765,17.143,7.162024452376859,,16,test,False,,,,6
M1,N8,E11a,T12b,categorical,1.9787400960922241,0.3514644351464435,0.7698744769874477,0.465725302696228,0.3514644351464435,,,,-0.10532589183850471,final_score,0.0,,0.0,0.0,0.0,0.0,0.0,graph_lift,0.0,795,17.788,7.127688663585711,1.8728130432542331,16,test,False,,,,7
M5,N8,E11a,T12b,global_categorical,,,,,,,,,0.30499032139778137,final_score,0.0,,0.0,0.0,0.0,0.0,0.0,graph_lift,0.0,795,17.788,7.127688663585711,,16,test,False,,,,7
M1,N8,E11a,T12b,categorical,1.9336742162704468,0.4410480349344978,0.7641921397379913,0.4981423020362854,0.4410480349344978,,,,0.05282999309501446,final_score,0.0,,0.05282999309501446,0.054715123328210824,0.0,0.05282999309501446,-0.0019942456287184384,graph_lift,0.0,761,17.143,7.155143202059193,2.035662243626489,16,test,False,,,,8
M5,N8,E11a,T12b,global_categorical,,,,,,,,,0.20918911695480347,final_score,0.0,,0.0,0.0,0.0,0.0,0.0,graph_lift,0.0,761,17.143,7.155143202059193,,16,test,False,,,,8
M1,N8,E11a,T12b,categorical,1.9766476154327393,0.3008474576271186,0.7288135593220338,0.4691925048828125,0.3008474576271186,,,,-0.005324252606930369,final_score,0.0,,0.0,0.0,0.0,0.0,0.0,graph_lift,0.0,785,17.993,7.166414327032961,1.9297838285291236,16,test,False,,,,9
M5,N8,E11a,T12b,global_categorical,,,,,,,,,0.19874818623065948,final_score,0.0,,0.0,0.0,0.0,0.0,0.0,graph_lift,0.0,785,17.993,7.166414327032961,,16,test,False,,,,9
M1,N8,E11a,T12e,categorical,1.9367692470550537,0.43636363636363634,0.7318181818181818,0.4893084466457367,0.43636363636363634,,,,-0.045227853604084656,final_score,0.0,,0.0,0.0,0.0,0.0,0.0,graph_lift,0.0,732,0.0,0.0,1.95363128533594,16,train,False,,,,0
M5,N8,E11a,T12e,global_categorical,,,,,,,,,0.16148483753204346,final_score,0.0,,0.0,0.0,0.0,0.0,0.0,graph_lift,0.0,732,0.0,0.0,,16,train,False,,,,0
M1,N8,E11a,T12e,categorical,1.9941967725753784,0.3788546255506608,0.6960352422907489,0.4773128628730774,0.3788546255506608,,,,-0.04768495514842286,final_score,0.0,,0.0,0.0,0.0,0.0,0.0,graph_lift,0.0,755,0.0,0.0,1.9018771323398453,16,train,False,,,,1
M5,N8,E11a,T12e,global_categorical,,,,,,,,,0.1356019675731659,final_score,0.0,,0.0,0.0,0.0,0.0,0.0,graph_lift,0.0,755,0.0,0.0,,16,train,False,,,,1
M1,N8,E11a,T12e,categorical,1.8315041065216064,0.42152466367713004,0.7757847533632287,0.51717209815979,0.42152466367713004,,,,-0.04779087029700002,final_score,0.0,,0.0,0.0,0.0,0.0,0.0,graph_lift,0.0,741,0.0,0.0,1.896024143175973,16,train,False,,,,2
M5,N8,E11a,T12e,global_categorical,,,,,,,,,0.10465797781944275,final_score,0.0,,0.0,0.06065243961680301,0.0,0.0,-0.06456868807117622,graph_lift,0.0,741,0.0,0.0,,16,train,False,,,,2
M1,N8,E11a,T12e,categorical,1.6803054809570312,0.4675324675324675,0.8095238095238095,0.5495874285697937,0.4675324675324675,,,,-0.028292578653287714,final_score,0.0,,0.0,0.0,0.0,0.0,0.0,graph_lift,0.0,767,0.0,0.0,1.809094080776977,16,train,False,,,,3
M5,N8,E11a,T12e,global_categorical,,,,,,,,,0.09639309346675873,final_score,0.0,,0.13481080496930364,0.21490141079410902,0.0,0.13481080496930364,-0.10201343745352436,graph_lift,0.0,767,0.0,0.0,,16,train,False,,,,3
M1,N8,E11a,T12e,categorical,1.7240544557571411,0.4409090909090909,0.7954545454545454,0.5384947061538696,0.4409090909090909,,,,-0.021072795833172897,final_score,0.0,,0.0,0.0,0.0,0.0,0.0,graph_lift,0.0,732,0.0,0.0,1.7198923457931623,16,train,False,,,,4
M5,N8,E11a,T12e,global_categorical,,,,,,,,,0.06735356152057648,final_score,0.0,,0.0,0.0,0.0,0.0,0.0,graph_lift,0.0,732,0.0,0.0,,16,train,False,,,,4
M1,N8,E11a,T12e,categorical,2.01314640045166,0.38095238095238093,0.6666666666666666,0.47480782866477966,0.38095238095238093,,,,-0.02735713009563434,final_score,0.0,,0.0,0.0,0.0,0.0,0.0,graph_lift,0.0,767,0.0,0.0,1.9650243435173276,16,train,False,,,,5
M5,N8,E11a,T12e,global_categorical,,,,,,,,,0.08955170214176178,final_score,0.0,,0.0,0.0,0.0,0.0,0.0,graph_lift,0.0,767,0.0,0.0,,16,train,False,,,,5
M1,N8,E11a,T12e,categorical,2.0342671871185303,0.34801762114537443,0.6916299559471366,0.4593934118747711,0.34801762114537443,,,,-0.02887886362582437,final_score,0.0,,0.0,0.0,0.0,0.0,0.0,graph_lift,0.0,756,0.0,0.0,1.9658751095184586,16,train,False,,,,6
M5,N8,E11a,T12e,global_categorical,,,,,,,,,0.1238657683134079,final_score,0.0,,0.0,0.04742544554220368,0.0,0.0,-0.0497865970912882,graph_lift,0.0,756,0.0,0.0,,16,train,False,,,,6
M1,N8,E11a,T12e,categorical,1.9707051515579224,0.41150442477876104,0.6814159292035398,0.48630577325820923,0.41150442477876104,,,,-0.02466910901784769,final_score,0.0,,0.0,0.0,0.0,0.0,0.0,graph_lift,0.0,751,0.0,0.0,1.927399303365545,16,train,False,,,,7
M5,N8,E11a,T12e,global_categorical,,,,,,,,,0.08912244439125061,final_score,0.1192560225000416,,0.1192560225000416,0.0,0.1192560225000416,0.1192560225000416,0.1192560225000416,graph_lift,11.92560225000416,751,0.0,0.0,,16,train,False,,,,7
M1,N8,E11a,T12e,categorical,2.0224337577819824,0.3721973094170404,0.6905829596412556,0.4756137728691101,0.3721973094170404,,,,-0.03663592676013261,final_score,0.0,,0.0,0.0,0.0,0.0,0.0,graph_lift,0.0,741,0.0,0.0,1.8973011087345357,16,train,False,,,,8
M5,N8,E11a,T12e,global_categorical,,,,,,,,,0.09139445424079895,final_score,0.017036529354347543,,0.07915968628500165,0.06319986325620927,0.017036529354347543,0.07915968628500165,0.017036529354347543,graph_lift,1.7036529354347543,741,0.0,0.0,,16,train,False,,,,8
M1,N8,E11a,T12e,categorical,1.8921204805374146,0.3991228070175439,0.7587719298245614,0.500433087348938,0.3991228070175439,,,,-0.03993771362480247,final_score,0.0,,0.0,0.0,0.0,0.0,0.0,graph_lift,0.0,759,0.0,0.0,1.9540239092168317,16,train,False,,,,9
M5,N8,E11a,T12e,global_categorical,,,,,,,,,0.13009388744831085,final_score,0.0,,0.0,0.0,0.0,0.0,0.0,graph_lift,0.0,759,0.0,0.0,,16,train,False,,,,9
M1,N8,E11a,T12e,categorical,1.9273362159729004,0.4369747899159664,0.726890756302521,0.5036619305610657,0.4369747899159664,,,,-0.039370260052103756,final_score,0.0,,0.0,0.0,0.0,0.0,0.0,graph_lift,0.0,793,0.0,0.0,1.932282417400738,16,test,False,,,,0
M5,N8,E11a,T12e,global_categorical,,,,,,,,,0.11383642256259918,final_score,0.0,,0.0,0.0,0.0,0.0,0.0,graph_lift,0.0,793,0.0,0.0,,16,test,False,,,,0
M1,N8,E11a,T12e,categorical,1.9010889530181885,0.4351464435146444,0.7447698744769874,0.5033650994300842,0.4351464435146444,,,,-0.03254342500769458,final_score,0.0,,0.0,0.0,0.0,0.0,0.0,graph_lift,0.0,794,0.0,0.0,1.9271440511019033,16,test,False,,,,1
M5,N8,E11a,T12e,global_categorical,,,,,,,,,0.1341770738363266,final_score,0.0,,0.0,0.0,0.0,0.0,0.0,graph_lift,0.0,794,0.0,0.0,,16,test,False,,,,1
M1,N8,E11a,T12e,categorical,1.9298009872436523,0.3686440677966102,0.7457627118644068,0.4825402498245239,0.3686440677966102,,,,-0.030755740058009406,final_score,0.0,,0.0,0.0,0.0,0.0,0.0,graph_lift,0.0,785,0.0,0.0,1.9085889500040374,16,test,False,,,,2
M5,N8,E11a,T12e,global_categorical,,,,,,,,,0.10460387170314789,final_score,0.01664628591324208,,0.01664628591324208,0.0,0.01664628591324208,0.01664628591324208,0.01664628591324208,graph_lift,1.664628591324208,785,0.0,0.0,,16,test,False,,,,2
M1,N8,E11a,T12e,categorical,1.997137188911438,0.41350210970464135,0.6877637130801688,0.48345208168029785,0.41350210970464135,,,,-0.0330743264980804,final_score,0.0,,0.0,0.0,0.0,0.0,0.0,graph_lift,0.0,789,0.0,0.0,1.9627086303531485,16,test,False,,,,3
M5,N8,E11a,T12e,global_categorical,,,,,,,,,0.11927225440740585,final_score,0.18264846500722975,,0.18264846500722975,0.0,0.18264846500722975,0.18264846500722975,0.18264846500722975,graph_lift,18.264846500722975,789,0.0,0.0,,16,test,False,,,,3
M1,N8,E11a,T12e,categorical,1.8908919095993042,0.4107883817427386,0.7385892116182573,0.5038026571273804,0.4107883817427386,,,,-0.023794546427492902,final_score,0.0,,0.0,0.0,0.0,0.0,0.0,graph_lift,0.0,801,0.0,0.0,1.9260115874606982,16,test,False,,,,4
M5,N8,E11a,T12e,global_categorical,,,,,,,,,0.10485535860061646,final_score,0.0,,0.0,0.0,0.0,0.0,0.0,graph_lift,0.0,801,0.0,0.0,,16,test,False,,,,4
M1,N8,E11a,T12e,categorical,1.8711241483688354,0.42857142857142855,0.7647058823529411,0.5113738179206848,0.42857142857142855,,,,-0.030642424786903932,final_score,0.0,,0.0,0.0,0.0,0.0,0.0,graph_lift,0.0,791,0.0,0.0,1.8884814186358194,16,test,False,,,,5
M5,N8,E11a,T12e,global_categorical,,,,,,,,,0.143332377076149,final_score,0.0,,0.0,0.0,0.0,0.0,0.0,graph_lift,0.0,791,0.0,0.0,,16,test,False,,,,5
M1,N8,E11a,T12e,categorical,1.8333104848861694,0.4217391304347826,0.7565217391304347,0.5155494809150696,0.4217391304347826,,,,-0.02361652128947367,final_score,0.0,,0.0,0.0,0.0,0.0,0.0,graph_lift,0.0,765,0.0,0.0,1.913201537068758,16,test,False,,,,6
M5,N8,E11a,T12e,global_categorical,,,,,,,,,0.09322623163461685,final_score,0.02324793338302722,,0.02324793338302722,0.0,0.02324793338302722,0.02324793338302722,0.02324793338302722,graph_lift,2.324793338302722,765,0.0,0.0,,16,test,False,,,,6
M1,N8,E11a,T12e,categorical,1.8577510118484497,0.48535564853556484,0.7112970711297071,0.5257319211959839,0.48535564853556484,,,,-0.037741308933994855,final_score,0.0,,0.0,0.0,0.0,0.0,0.0,graph_lift,0.0,795,0.0,0.0,1.8728130432542331,16,test,False,,,,7
M5,N8,E11a,T12e,global_categorical,,,,,,,,,0.14402808248996735,final_score,0.054416469905725955,,0.054416469905725955,0.0,0.054416469905725955,0.054416469905725955,0.054416469905725955,graph_lift,5.441646990572595,795,0.0,0.0,,16,test,False,,,,7
M1,N8,E11a,T12e,categorical,2.076622724533081,0.34934497816593885,0.6855895196506551,0.4493246376514435,0.34934497816593885,,,,-0.017190332811423126,final_score,0.0,,0.0,0.0,0.0,0.0,0.0,graph_lift,0.0,761,0.0,0.0,2.035662243626489,16,test,False,,,,8
M5,N8,E11a,T12e,global_categorical,,,,,,,,,0.0991094559431076,final_score,0.12025842311189568,,0.12025842311189568,0.0,0.12025842311189568,0.12025842311189568,0.12025842311189568,graph_lift,12.025842311189567,761,0.0,0.0,,16,test,False,,,,8
M1,N8,E11a,T12e,categorical,2.014899969100952,0.3940677966101695,0.7033898305084746,0.4748489260673523,0.3940677966101695,,,,-0.02477942875317396,final_score,0.0,,0.0,0.0,0.0,0.0,0.0,graph_lift,0.0,785,0.0,0.0,1.9297838285291236,16,test,False,,,,9
M5,N8,E11a,T12e,global_categorical,,,,,,,,,0.0831427276134491,final_score,0.0,,0.0,0.0,0.0,0.0,0.0,graph_lift,0.0,785,0.0,0.0,,16,test,False,,,,9
M1,N8,E11b,T12a,categorical,1.849937081336975,0.39545454545454545,0.7454545454545455,0.5057766437530518,0.39545454545454545,,,,0.0016334104185667941,final_score,0.0016334104185667941,,0.0016334104185667941,0.0,0.0016334104185667941,0.0016334104185667941,0.0016334104185667941,graph_lift,0.16334104185667941,732,76.938,7.141466898934765,1.95363128533594,16,train,False,,,,0
M5,N8,E11b,T12a,global_categorical,,,,,,,,,0.16747701168060303,final_score,0.0,,0.0,0.05013030921350383,0.0,0.0,-0.05277598569546494,graph_lift,0.0,732,76.938,7.141466898934765,,16,train,False,,,,0
M1,N8,E11b,T12a,categorical,1.8713972568511963,0.4185022026431718,0.7092511013215859,0.5152676701545715,0.4185022026431718,,,,0.016829838756099336,final_score,0.0,,0.016829838756099336,0.029490763940610343,0.0,0.016829838756099336,-0.013045651410715921,graph_lift,0.0,755,74.069,7.1297280538273515,1.9018771323398453,16,train,False,,,,1
M5,N8,E11b,T12a,global_categorical,,,,,,,,,0.14637920260429382,final_score,0.0,,0.0,0.2990082404381236,0.0,0.0,-0.4265502930091579,graph_lift,0.0,755,74.069,7.1297280538273515,,16,train,False,,,,1
M1,N8,E11b,T12a,categorical,1.87591552734375,0.2914798206278027,0.7757847533632287,0.46262773871421814,0.2914798206278027,,,,-0.07319833979208101,final_score,0.0,,0.0,0.01778505640632655,0.0,0.0,-0.01810709205996762,graph_lift,0.0,741,69.989,7.153797856433556,1.896024143175973,16,train,False,,,,2
M5,N8,E11b,T12a,global_categorical,,,,,,,,,0.24840331077575684,final_score,0.0,,0.0,0.0,0.0,0.0,0.0,graph_lift,0.0,741,69.989,7.153797856433556,,16,train,False,,,,2
M1,N8,E11b,T12a,categorical,1.6574621200561523,0.4675324675324675,0.8051948051948052,0.5714699625968933,0.4675324675324675,,,,-0.014313158543218796,final_score,0.0,,0.0,0.0036202696942865265,0.0,0.0,-0.003633423667877848,graph_lift,0.0,767,69.917,7.128457081857102,1.809094080776977,16,train,False,,,,3
M5,N8,E11b,T12a,global_categorical,,,,,,,,,0.13348013162612915,final_score,0.0,,0.0,0.0,0.0,0.0,0.0,graph_lift,0.0,767,69.917,7.128457081857102,,16,train,False,,,,3
M1,N8,E11b,T12a,categorical,1.7250688076019287,0.45454545454545453,0.7954545454545454,0.5352567434310913,0.45454545454545453,,,,-0.021673511943956614,final_score,0.0,,0.0,0.0,0.0,0.0,0.0,graph_lift,0.0,732,69.616,7.1649466236313,1.7198923457931623,16,train,False,,,,4
M5,N8,E11b,T12a,global_categorical,,,,,,,,,0.10917309671640396,final_score,0.0,,0.0,0.0,0.0,0.0,0.0,graph_lift,0.0,732,69.616,7.1649466236313,,16,train,False,,,,4
M1,N8,E11b,T12a,categorical,2.0447065830230713,0.4069264069264069,0.7619047619047619,0.4808333218097687,0.4069264069264069,,,,-0.04346305928515326,final_score,0.0,,0.0,0.0,0.0,0.0,0.0,graph_lift,0.0,767,70.535,7.13501214397503,1.9650243435173276,16,train,False,,,,5
M5,N8,E11b,T12a,global_categorical,,,,,,,,,0.10998764634132385,final_score,0.0,,0.0,0.0,0.0,0.0,0.0,graph_lift,0.0,767,70.535,7.13501214397503,,16,train,False,,,,5
M1,N8,E11b,T12a,categorical,1.9615893363952637,0.36123348017621143,0.7092511013215859,0.47913187742233276,0.36123348017621143,,,,0.007879663661399583,final_score,0.0031004335783399776,,0.007879663661399583,0.0047940938526179755,0.0031004335783399776,0.007879663661399583,0.0031004335783399776,graph_lift,0.3100433578339978,756,70.191,7.148194392697357,1.9658751095184586,16,train,False,,,,6
M5,N8,E11b,T12a,global_categorical,,,,,,,,,0.09444858133792877,final_score,0.19091305037134582,,0.19091305037134582,0.0,0.19091305037134582,0.19091305037134582,0.19091305037134582,graph_lift,19.091305037134582,756,70.191,7.148194392697357,,16,train,False,,,,6
M1,N8,E11b,T12a,categorical,1.997617244720459,0.3805309734513274,0.7345132743362832,0.47911199927330017,0.3805309734513274,,,,-0.038662041463239705,final_score,0.0,,0.0,0.0,0.0,0.0,0.0,graph_lift,0.0,751,73.941,7.1424797659124994,1.927399303365545,16,train,False,,,,7
M5,N8,E11b,T12a,global_categorical,,,,,,,,,0.1832180768251419,final_score,0.0,,0.0,0.0,0.0,0.0,0.0,graph_lift,0.0,751,73.941,7.1424797659124994,,16,train,False,,,,7
M1,N8,E11b,T12a,categorical,1.9958975315093994,0.3721973094170404,0.6905829596412556,0.48071321845054626,0.3721973094170404,,,,-0.02303423710575836,final_score,0.0,,0.0,0.0,0.0,0.0,0.0,graph_lift,0.0,741,71.6,7.140038973690058,1.8973011087345357,16,train,False,,,,8
M5,N8,E11b,T12a,global_categorical,,,,,,,,,0.08447474241256714,final_score,0.14887890134741727,,0.14887890134741727,0.0,0.14887890134741727,0.14887890134741727,0.14887890134741727,graph_lift,14.887890134741728,741,71.6,7.140038973690058,,16,train,False,,,,8
M1,N8,E11b,T12a,categorical,1.7726277112960815,0.40789473684210525,0.8201754385964912,0.5077036619186401,0.40789473684210525,,,,0.025737305807504884,final_score,0.0,,0.025737305807504884,0.04871789439271079,0.0,0.025737305807504884,-0.024157490664176138,graph_lift,0.0,759,70.351,7.132462119219065,1.9540239092168317,16,train,False,,,,9
M5,N8,E11b,T12a,global_categorical,,,,,,,,,0.18159085512161255,final_score,0.0,,0.0,0.0,0.0,0.0,0.0,graph_lift,0.0,759,70.351,7.132462119219065,,16,train,False,,,,9
M1,N8,E11b,T12a,categorical,1.8884990215301514,0.46218487394957986,0.7563025210084033,0.5222459435462952,0.46218487394957986,,,,-0.018426203322263746,final_score,0.0,,0.0,0.03540712338429042,0.0,0.0,-0.03670680578579111,graph_lift,0.0,793,57.422,7.213133599543529,1.932282417400738,16,test,False,,,,0
M5,N8,E11b,T12a,global_categorical,,,,,,,,,0.22897809743881226,final_score,0.0,,0.0,0.05007347421478211,0.0,0.0,-0.0527129971166885,graph_lift,0.0,793,57.422,7.213133599543529,,16,test,False,,,,0
M1,N8,E11b,T12a,categorical,1.7644957304000854,0.42677824267782427,0.7866108786610879,0.5304673910140991,0.42677824267782427,,,,0.04164481505456674,final_score,0.007101381318324615,,0.04164481505456674,0.034790494302537445,0.007101381318324615,0.04164481505456674,0.007101381318324615,graph_lift,0.7101381318324615,794,63.43,7.211801302439527,1.9271440511019033,16,test,False,,,,1
M5,N8,E11b,T12a,global_categorical,,,,,,,,,0.16420422494411469,final_score,0.0,,0.0,0.0,0.0,0.0,0.0,graph_lift,0.0,794,63.43,7.211801302439527,,16,test,False,,,,1
M1,N8,E11b,T12a,categorical,1.8388018608093262,0.3601694915254237,0.7711864406779662,0.5005639791488647,0.3601694915254237,,,,0.017849217223689595,final_score,0.00683867788308084,,0.017849217223689595,0.01108635535377056,0.00683867788308084,0.017849217223689595,0.00683867788308084,graph_lift,0.683867788308084,785,59.785,7.201816428097779,1.9085889500040374,16,test,False,,,,2
M5,N8,E11b,T12a,global_categorical,,,,,,,,,0.1416819840669632,final_score,0.0,,0.0,0.040763001056427876,0.0,0.0,-0.042495234338668156,graph_lift,0.0,785,59.785,7.201816428097779,,16,test,False,,,,2
M1,N8,E11b,T12a,categorical,1.9968894720077515,0.41350210970464135,0.6835443037974683,0.47943997383117676,0.41350210970464135,,,,-0.03294623960734411,final_score,0.0,,0.0,0.0,0.0,0.0,0.0,graph_lift,0.0,789,60.623,7.2097113616036435,1.9627086303531485,16,test,False,,,,3
M5,N8,E11b,T12a,global_categorical,,,,,,,,,0.14428506791591644,final_score,0.011240105055918177,,0.011240105055918177,0.0,0.011240105055918177,0.011240105055918177,0.011240105055918177,graph_lift,1.1240105055918177,789,60.623,7.2097113616036435,,16,test,False,,,,3
M1,N8,E11b,T12a,categorical,1.7756730318069458,0.48132780082987553,0.7759336099585062,0.5410078167915344,0.48132780082987553,,,,0.038588980757239155,final_score,0.015731842170023883,,0.038588980757239155,0.023222470833160536,0.015731842170023883,0.038588980757239155,0.015731842170023883,graph_lift,1.5731842170023884,801,62.978,7.179364614782461,1.9260115874606982,16,test,False,,,,4
M5,N8,E11b,T12a,global_categorical,,,,,,,,,0.12228469550609589,final_score,0.0,,0.0,0.0,0.0,0.0,0.0,graph_lift,0.0,801,62.978,7.179364614782461,,16,test,False,,,,4
M1,N8,E11b,T12a,categorical,1.8300217390060425,0.453781512605042,0.7857142857142857,0.5253275036811829,0.453781512605042,,,,-0.00800260590036972,final_score,0.0,,0.0,0.05021711834146758,0.0,0.0,-0.05287220828172572,graph_lift,0.0,791,61.334,7.18834942950418,1.8884814186358194,16,test,False,,,,5
M5,N8,E11b,T12a,global_categorical,,,,,,,,,0.18302245438098907,final_score,0.0,,0.0,0.0,0.0,0.0,0.0,graph_lift,0.0,791,61.334,7.18834942950418,,16,test,False,,,,5
M1,N8,E11b,T12a,categorical,1.7634508609771729,0.4608695652173913,0.7565217391304347,0.5371394157409668,0.4608695652173913,,,,0.015389140197744622,final_score,0.015389140197744622,,0.015389140197744622,0.0,0.015389140197744622,0.015389140197744622,0.015389140197744622,graph_lift,1.5389140197744622,765,63.848,7.207983939307957,1.913201537068758,16,test,False,,,,6
M5,N8,E11b,T12a,global_categorical,,,,,,,,,0.12278147786855698,final_score,0.0,,0.0,0.13074339664971407,0.0,0.0,-0.1504082869728033,graph_lift,0.0,765,63.848,7.207983939307957,,16,test,False,,,,6
M1,N8,E11b,T12a,categorical,2.031632423400879,0.3723849372384937,0.7489539748953975,0.47012922167778015,0.3723849372384937,,,,-0.13487158970617785,final_score,0.0,,0.0,0.0,0.0,0.0,0.0,graph_lift,0.0,795,62.177,7.1932608618988,1.8728130432542331,16,test,False,,,,7
M5,N8,E11b,T12a,global_categorical,,,,,,,,,0.28418296575546265,final_score,0.0,,0.0,0.0,0.0,0.0,0.0,graph_lift,0.0,795,62.177,7.1932608618988,,16,test,False,,,,7
M1,N8,E11b,T12a,categorical,1.9009969234466553,0.36681222707423583,0.7554585152838428,0.48816385865211487,0.36681222707423583,,,,0.06883626907275409,final_score,0.012337577364306504,,0.06883626907275409,0.05720445611130387,0.012337577364306504,0.06883626907275409,0.012337577364306504,graph_lift,1.2337577364306505,761,64.748,7.177010842874952,2.035662243626489,16,test,False,,,,8
M5,N8,E11b,T12a,global_categorical,,,,,,,,,0.14251630008220673,final_score,0.0,,0.0,0.0,0.0,0.0,0.0,graph_lift,0.0,761,64.748,7.177010842874952,,16,test,False,,,,8
M1,N8,E11b,T12a,categorical,2.0320281982421875,0.2542372881355932,0.7033898305084746,0.45024871826171875,0.2542372881355932,,,,-0.03349086754702468,final_score,0.0,,0.0,0.0,0.0,0.0,0.0,graph_lift,0.0,785,64.026,7.2206672804027825,1.9297838285291236,16,test,False,,,,9
M5,N8,E11b,T12a,global_categorical,,,,,,,,,0.19454726576805115,final_score,0.0,,0.0,0.0,0.0,0.0,0.0,graph_lift,0.0,785,64.026,7.2206672804027825,,16,test,False,,,,9
M1,N8,E11b,T12b,categorical,1.8938970565795898,0.37727272727272726,0.759090909090909,0.5021296739578247,0.37727272727272726,,,,-0.022090754855108363,final_score,0.0,,0.0,0.0,0.0,0.0,0.0,graph_lift,0.0,732,17.273,7.15585862999057,1.95363128533594,16,train,False,,,,0
M5,N8,E11b,T12b,global_categorical,,,,,,,,,0.18004220724105835,final_score,0.0,,0.0,0.1351646939699148,0.0,0.0,-0.15628951897254387,graph_lift,0.0,732,17.273,7.15585862999057,,16,train,False,,,,0
M1,N8,E11b,T12b,categorical,1.8618742227554321,0.40969162995594716,0.7400881057268722,0.515647292137146,0.40969162995594716,,,,0.02183295881975078,final_score,0.0,,0.02183295881975078,0.025865345327656164,0.0,0.02183295881975078,-0.004139454939380738,graph_lift,0.0,755,17.422,7.144439704509467,1.9018771323398453,16,train,False,,,,1
M5,N8,E11b,T12b,global_categorical,,,,,,,,,0.15126216411590576,final_score,0.0,,0.0,0.24742062910164753,0.0,0.0,-0.32876350145806155,graph_lift,0.0,755,17.422,7.144439704509467,,16,train,False,,,,1
M1,N8,E11b,T12b,categorical,1.7457621097564697,0.42152466367713004,0.757847533632287,0.5225816965103149,0.42152466367713004,,,,0.001261503102907735,final_score,0.0,,0.001261503102907735,0.023680839480091254,0.0,0.001261503102907735,-0.022963122392522534,graph_lift,0.0,741,17.321,7.1787173295422875,1.896024143175973,16,train,False,,,,2
M5,N8,E11b,T12b,global_categorical,,,,,,,,,0.17224158346652985,final_score,0.0,,0.0,0.0,0.0,0.0,0.0,graph_lift,0.0,741,17.321,7.1787173295422875,,16,train,False,,,,2
M1,N8,E11b,T12b,categorical,1.5624178647994995,0.4935064935064935,0.8441558441558441,0.5813953876495361,0.4935064935064935,,,,0.043850869369215006,final_score,0.043850869369215006,,0.043850869369215006,0.0,0.043850869369215006,0.043850869369215006,0.043850869369215006,graph_lift,4.385086936921501,767,17.134,7.20532735501493,1.809094080776977,16,train,False,,,,3
M5,N8,E11b,T12b,global_categorical,,,,,,,,,0.09498390555381775,final_score,0.14745916090638994,,0.14745916090638994,0.0,0.14745916090638994,0.14745916090638994,0.14745916090638994,graph_lift,14.745916090638994,767,17.134,7.20532735501493,,16,train,False,,,,3
M1,N8,E11b,T12b,categorical,1.721570372581482,0.4409090909090909,0.7954545454545454,0.5373080372810364,0.4409090909090909,,,,-0.01960156715265904,final_score,0.0,,0.0,0.0,0.0,0.0,0.0,graph_lift,0.0,732,17.473,7.1593385927681155,1.7198923457931623,16,train,False,,,,4
M5,N8,E11b,T12b,global_categorical,,,,,,,,,0.09360866993665695,final_score,0.0,,0.0,0.0,0.0,0.0,0.0,graph_lift,0.0,732,17.473,7.1593385927681155,,16,train,False,,,,4
M1,N8,E11b,T12b,categorical,1.989018440246582,0.42857142857142855,0.7402597402597403,0.48916202783584595,0.42857142857142855,,,,-0.015044075361283049,final_score,0.0,,0.0,0.0,0.0,0.0,0.0,graph_lift,0.0,767,17.484,7.135929587874143,1.9650243435173276,16,train,False,,,,5
M5,N8,E11b,T12b,global_categorical,,,,,,,,,0.12193229794502258,final_score,0.0,,0.0,0.0,0.0,0.0,0.0,graph_lift,0.0,767,17.484,7.135929587874143,,16,train,False,,,,5
M1,N8,E11b,T12b,categorical,1.9678993225097656,0.3832599118942731,0.7092511013215859,0.47471752762794495,0.3832599118942731,,,,0.004688292785550385,final_score,0.0012422129704064606,,0.004688292785550385,0.0034503659044230472,0.0012422129704064606,0.004688292785550385,0.0012422129704064606,graph_lift,0.12422129704064606,756,17.201,7.1907063481437525,1.9658751095184586,16,train,False,,,,6
M5,N8,E11b,T12b,global_categorical,,,,,,,,,0.1340213418006897,final_score,0.0,,0.0,0.11513238935513659,0.0,0.0,-0.13011255917846484,graph_lift,0.0,756,17.201,7.1907063481437525,,16,train,False,,,,6
M1,N8,E11b,T12b,categorical,2.101698398590088,0.39823008849557523,0.6991150442477876,0.46979427337646484,0.39823008849557523,,,,-0.09277908404879853,final_score,0.0,,0.0,0.004910750550820908,0.0,0.0,-0.004934985031281567,graph_lift,0.0,751,17.364,7.203751177843076,1.927399303365545,16,train,False,,,,7
M5,N8,E11b,T12b,global_categorical,,,,,,,,,0.10831033438444138,final_score,0.0,,0.0,0.0,0.0,0.0,0.0,graph_lift,0.0,751,17.364,7.203751177843076,,16,train,False,,,,7
M1,N8,E11b,T12b,categorical,2.0068769454956055,0.3721973094170404,0.6905829596412556,0.4788249135017395,0.3721973094170404,,,,-0.028661975832218634,final_score,0.0,,0.0,0.0,0.0,0.0,0.0,graph_lift,0.0,741,17.769,7.120862889859291,1.8973011087345357,16,train,False,,,,8
M5,N8,E11b,T12b,global_categorical,,,,,,,,,0.08334864675998688,final_score,0.16022482252621242,,0.16022482252621242,0.0,0.16022482252621242,0.16022482252621242,0.16022482252621242,graph_lift,16.02248225262124,741,17.769,7.120862889859291,,16,train,False,,,,8
M1,N8,E11b,T12b,categorical,1.8427034616470337,0.4342105263157895,0.7894736842105263,0.4954456388950348,0.4342105263157895,,,,-0.01277735820962933,final_score,0.0,,0.0,0.021374728893012507,0.0,0.0,-0.02184158689140956,graph_lift,0.0,759,17.37,7.1719851851068945,1.9540239092168317,16,train,False,,,,9
M5,N8,E11b,T12b,global_categorical,,,,,,,,,0.18182313442230225,final_score,0.0,,0.0,0.0,0.0,0.0,0.0,graph_lift,0.0,759,17.37,7.1719851851068945,,16,train,False,,,,9
M1,N8,E11b,T12b,categorical,1.8073291778564453,0.5,0.7310924369747899,0.5388607978820801,0.5,,,,0.025346911892072277,final_score,0.0,,0.025346911892072277,0.030671454082470517,0.0,0.025346911892072277,-0.0054930211359433675,graph_lift,0.0,793,17.394,7.1709450156383285,1.932282417400738,16,test,False,,,,0
M5,N8,E11b,T12b,global_categorical,,,,,,,,,0.18725517392158508,final_score,0.0,,0.0,0.0,0.0,0.0,0.0,graph_lift,0.0,793,17.394,7.1709450156383285,,16,test,False,,,,0
M1,N8,E11b,T12b,categorical,1.716982364654541,0.4769874476987448,0.7907949790794979,0.5471586585044861,0.4769874476987448,,,,0.06745084652948774,final_score,0.0,,0.06745084652948774,0.09015976308298379,0.0,0.06745084652948774,-0.024959235294368786,graph_lift,0.0,794,17.309,7.1374000358544025,1.9271440511019033,16,test,False,,,,1
M5,N8,E11b,T12b,global_categorical,,,,,,,,,0.12071024626493454,final_score,0.0,,0.0,0.0,0.0,0.0,0.0,graph_lift,0.0,794,17.309,7.1374000358544025,,16,test,False,,,,1
M1,N8,E11b,T12b,categorical,1.8844232559204102,0.3771186440677966,0.7796610169491526,0.48657116293907166,0.3771186440677966,,,,-0.006518289599261928,final_score,0.0,,0.0,0.027583690890487622,0.0,0.0,-0.02836613355009164,graph_lift,0.0,785,17.016,7.146291278643223,1.9085889500040374,16,test,False,,,,2
M5,N8,E11b,T12b,global_categorical,,,,,,,,,0.1740969717502594,final_score,0.0,,0.0,0.0,0.0,0.0,0.0,graph_lift,0.0,785,17.016,7.146291278643223,,16,test,False,,,,2
M1,N8,E11b,T12b,categorical,2.00148344039917,0.41350210970464135,0.6835443037974683,0.48262467980384827,0.41350210970464135,,,,-0.035322541174640065,final_score,0.0,,0.0,0.0,0.0,0.0,0.0,graph_lift,0.0,789,17.164,7.162518493976714,1.9627086303531485,16,test,False,,,,3
M5,N8,E11b,T12b,global_categorical,,,,,,,,,0.13333715498447418,final_score,0.0862642041973352,,0.0862642041973352,0.0,0.0862642041973352,0.0862642041973352,0.0862642041973352,graph_lift,8.62642041973352,789,17.164,7.162518493976714,,16,test,False,,,,3
M1,N8,E11b,T12b,categorical,1.7558019161224365,0.46887966804979253,0.7551867219917012,0.5406084060668945,0.46887966804979253,,,,0.04934789621325586,final_score,0.028135161030985255,,0.04934789621325586,0.021826836749000766,0.028135161030985255,0.04934789621325586,0.028135161030985255,graph_lift,2.8135161030985256,801,17.647,7.11608008867243,1.9260115874606982,16,test,False,,,,4
M5,N8,E11b,T12b,global_categorical,,,,,,,,,0.10737891495227814,final_score,0.0,,0.0,0.0,0.0,0.0,0.0,graph_lift,0.0,801,17.647,7.11608008867243,,16,test,False,,,,4
M1,N8,E11b,T12b,categorical,1.780202031135559,0.46638655462184875,0.7857142857142857,0.5404008030891418,0.46638655462184875,,,,0.01943880477769122,final_score,0.0,,0.01943880477769122,0.03963199002615925,0.0,0.01943880477769122,-0.02102650758745917,graph_lift,0.0,791,17.267,7.171865370016716,1.8884814186358194,16,test,False,,,,5
M5,N8,E11b,T12b,global_categorical,,,,,,,,,0.16059225797653198,final_score,0.0,,0.0,0.0,0.0,0.0,0.0,graph_lift,0.0,791,17.267,7.171865370016716,,16,test,False,,,,5
M1,N8,E11b,T12b,categorical,1.8273475170135498,0.43478260869565216,0.7565217391304347,0.5243251919746399,0.43478260869565216,,,,-0.02028711933869798,final_score,0.0,,0.0,0.015574720222370053,0.0,0.0,-0.015821129894072,graph_lift,0.0,765,17.143,7.162024452376859,1.913201537068758,16,test,False,,,,6
M5,N8,E11b,T12b,global_categorical,,,,,,,,,0.10381747782230377,final_score,0.0,,0.0,0.0,0.0,0.0,0.0,graph_lift,0.0,765,17.143,7.162024452376859,,16,test,False,,,,6
M1,N8,E11b,T12b,categorical,1.8591362237930298,0.41422594142259417,0.7949790794979079,0.5121902823448181,0.41422594142259417,,,,-0.03851506386295589,final_score,0.0,,0.0,0.0,0.0,0.0,0.0,graph_lift,0.0,795,17.788,7.127688663585711,1.8728130432542331,16,test,False,,,,7
M5,N8,E11b,T12b,global_categorical,,,,,,,,,0.24569915235042572,final_score,0.0,,0.0,0.0,0.0,0.0,0.0,graph_lift,0.0,795,17.788,7.127688663585711,,16,test,False,,,,7
M1,N8,E11b,T12b,categorical,1.9928638935089111,0.3930131004366812,0.7467248908296943,0.4701767861843109,0.3930131004366812,,,,0.023837148351961823,final_score,0.0,,0.023837148351961823,0.054715123328210824,0.0,0.023837148351961823,-0.032665258630780035,graph_lift,0.0,761,17.143,7.155143202059193,2.035662243626489,16,test,False,,,,8
M5,N8,E11b,T12b,global_categorical,,,,,,,,,0.18192923069000244,final_score,0.0,,0.0,0.0,0.0,0.0,0.0,graph_lift,0.0,761,17.143,7.155143202059193,,16,test,False,,,,8
M1,N8,E11b,T12b,categorical,2.0403997898101807,0.2542372881355932,0.7033898305084746,0.4509883224964142,0.2542372881355932,,,,-0.03774869119933366,final_score,0.0,,0.0,0.0,0.0,0.0,0.0,graph_lift,0.0,785,17.993,7.166414327032961,1.9297838285291236,16,test,False,,,,9
M5,N8,E11b,T12b,global_categorical,,,,,,,,,0.1992729902267456,final_score,0.0,,0.0,0.0,0.0,0.0,0.0,graph_lift,0.0,785,17.993,7.166414327032961,,16,test,False,,,,9
M1,N8,E11b,T12e,categorical,1.9367380142211914,0.43636363636363634,0.7318181818181818,0.48977985978126526,0.43636363636363634,,,,-0.04521100969078984,final_score,0.0,,0.0,0.0,0.0,0.0,0.0,graph_lift,0.0,732,0.0,0.0,1.95363128533594,16,train,False,,,,0
M5,N8,E11b,T12e,global_categorical,,,,,,,,,0.16208995878696442,final_score,0.0,,0.0,0.0,0.0,0.0,0.0,graph_lift,0.0,732,0.0,0.0,,16,train,False,,,,0
M1,N8,E11b,T12e,categorical,2.007934331893921,0.3788546255506608,0.6960352422907489,0.47585082054138184,0.3788546255506608,,,,-0.05490217267318642,final_score,0.0,,0.0,0.0,0.0,0.0,0.0,graph_lift,0.0,755,0.0,0.0,1.9018771323398453,16,train,False,,,,1
M5,N8,E11b,T12e,global_categorical,,,,,,,,,0.13283565640449524,final_score,0.0,,0.0,0.0,0.0,0.0,0.0,graph_lift,0.0,755,0.0,0.0,,16,train,False,,,,1
M1,N8,E11b,T12e,categorical,1.8390077352523804,0.42152466367713004,0.7757847533632287,0.5165791511535645,0.42152466367713004,,,,-0.05208364486632511,final_score,0.0,,0.0,0.0,0.0,0.0,0.0,graph_lift,0.0,741,0.0,0.0,1.896024143175973,16,train,False,,,,2
M5,N8,E11b,T12e,global_categorical,,,,,,,,,0.12647172808647156,final_score,0.0,,0.0,0.06065243961680301,0.0,0.0,-0.06456868807117622,graph_lift,0.0,741,0.0,0.0,,16,train,False,,,,2
M1,N8,E11b,T12e,categorical,1.6814091205596924,0.4675324675324675,0.8095238095238095,0.550683319568634,0.4675324675324675,,,,-0.028967978573475106,final_score,0.0,,0.0,0.0,0.0,0.0,0.0,graph_lift,0.0,767,0.0,0.0,1.809094080776977,16,train,False,,,,3
M5,N8,E11b,T12e,global_categorical,,,,,,,,,0.09315735101699829,final_score,0.0,,0.1638536471974173,0.21490141079410902,0.0,0.1638536471974173,-0.06502083215857686,graph_lift,0.0,767,0.0,0.0,,16,train,False,,,,3
M1,N8,E11b,T12e,categorical,1.7327256202697754,0.4409090909090909,0.7954545454545454,0.5381720662117004,0.4409090909090909,,,,-0.026208294203672766,final_score,0.0,,0.0,0.0,0.0,0.0,0.0,graph_lift,0.0,732,0.0,0.0,1.7198923457931623,16,train,False,,,,4
M5,N8,E11b,T12e,global_categorical,,,,,,,,,0.08882105350494385,final_score,0.0,,0.0,0.0,0.0,0.0,0.0,graph_lift,0.0,732,0.0,0.0,,16,train,False,,,,4
M1,N8,E11b,T12e,categorical,2.016144037246704,0.38095238095238093,0.6753246753246753,0.4745658338069916,0.38095238095238093,,,,-0.028886941220491513,final_score,0.0,,0.0,0.0,0.0,0.0,0.0,graph_lift,0.0,767,0.0,0.0,1.9650243435173276,16,train,False,,,,5
M5,N8,E11b,T12e,global_categorical,,,,,,,,,0.08623147010803223,final_score,0.0,,0.0,0.0,0.0,0.0,0.0,graph_lift,0.0,767,0.0,0.0,,16,train,False,,,,5
M1,N8,E11b,T12e,categorical,2.037156581878662,0.34801762114537443,0.6916299559471366,0.4615200161933899,0.34801762114537443,,,,-0.03034022386581059,final_score,0.0,,0.0,0.0,0.0,0.0,0.0,graph_lift,0.0,756,0.0,0.0,1.9658751095184586,16,train,False,,,,6
M5,N8,E11b,T12e,global_categorical,,,,,,,,,0.11671920120716095,final_score,0.0,,0.00013339395844082504,0.04742544554220368,0.0,0.00013339395844082504,-0.04964656190158408,graph_lift,0.0,756,0.0,0.0,,16,train,False,,,,6
M1,N8,E11b,T12e,categorical,1.9798167943954468,0.41150442477876104,0.6814159292035398,0.48498407006263733,0.41150442477876104,,,,-0.029406719856927444,final_score,0.0,,0.0,0.0,0.0,0.0,0.0,graph_lift,0.0,751,0.0,0.0,1.927399303365545,16,train,False,,,,7
M5,N8,E11b,T12e,global_categorical,,,,,,,,,0.10560943931341171,final_score,0.0,,0.0,0.0,0.0,0.0,0.0,graph_lift,0.0,751,0.0,0.0,,16,train,False,,,,7
M1,N8,E11b,T12e,categorical,2.025101661682129,0.3721973094170404,0.6905829596412556,0.4758572280406952,0.3721973094170404,,,,-0.03800333469648587,final_score,0.0,,0.0,0.0,0.0,0.0,0.0,graph_lift,0.0,741,0.0,0.0,1.8973011087345357,16,train,False,,,,8
M5,N8,E11b,T12e,global_categorical,,,,,,,,,0.08722524344921112,final_score,0.06187712656120774,,0.12116636388006152,0.06319986325620927,0.06187712656120774,0.12116636388006152,0.06187712656120774,graph_lift,6.187712656120774,741,0.0,0.0,,16,train,False,,,,8
M1,N8,E11b,T12e,categorical,1.879058599472046,0.3991228070175439,0.7587719298245614,0.5000600814819336,0.3991228070175439,,,,-0.03275868436179996,final_score,0.0,,0.0,0.0,0.0,0.0,0.0,graph_lift,0.0,759,0.0,0.0,1.9540239092168317,16,train,False,,,,9
M5,N8,E11b,T12e,global_categorical,,,,,,,,,0.10879921168088913,final_score,0.0,,0.0,0.0,0.0,0.0,0.0,graph_lift,0.0,759,0.0,0.0,,16,train,False,,,,9
M1,N8,E11b,T12e,categorical,1.9285614490509033,0.4369747899159664,0.726890756302521,0.5045537948608398,0.4369747899159664,,,,-0.04003097875224082,final_score,0.0,,0.0,0.0,0.0,0.0,0.0,graph_lift,0.0,793,0.0,0.0,1.932282417400738,16,test,False,,,,0
M5,N8,E11b,T12e,global_categorical,,,,,,,,,0.1009242981672287,final_score,0.0,,0.0,0.0,0.0,0.0,0.0,graph_lift,0.0,793,0.0,0.0,,16,test,False,,,,0
M1,N8,E11b,T12e,categorical,1.895605206489563,0.4351464435146444,0.7447698744769874,0.5051262974739075,0.4351464435146444,,,,-0.029565040453627622,final_score,0.0,,0.0,0.0,0.0,0.0,0.0,graph_lift,0.0,794,0.0,0.0,1.9271440511019033,16,test,False,,,,1
M5,N8,E11b,T12e,global_categorical,,,,,,,,,0.1298070102930069,final_score,0.0,,0.0,0.0,0.0,0.0,0.0,graph_lift,0.0,794,0.0,0.0,,16,test,False,,,,1
M1,N8,E11b,T12e,categorical,1.937039852142334,0.3686440677966102,0.7457627118644068,0.4812372922897339,0.3686440677966102,,,,-0.03462220594656662,final_score,0.0,,0.0,0.0,0.0,0.0,0.0,graph_lift,0.0,785,0.0,0.0,1.9085889500040374,16,test,False,,,,2
M5,N8,E11b,T12e,global_categorical,,,,,,,,,0.10839041322469711,final_score,0.0,,0.0,0.0,0.0,0.0,0.0,graph_lift,0.0,785,0.0,0.0,,16,test,False,,,,2
M1,N8,E11b,T12e,categorical,2.0098721981048584,0.41350210970464135,0.6835443037974683,0.4792300760746002,0.41350210970464135,,,,-0.03966184261551442,final_score,0.0,,0.0,0.0,0.0,0.0,0.0,graph_lift,0.0,789,0.0,0.0,1.9627086303531485,16,test,False,,,,3
M5,N8,E11b,T12e,global_categorical,,,,,,,,,0.14665834605693817,final_score,0.0,,0.0,0.0,0.0,0.0,0.0,graph_lift,0.0,789,0.0,0.0,,16,test,False,,,,3
M1,N8,E11b,T12e,categorical,1.8933149576187134,0.4107883817427386,0.7385892116182573,0.5030660033226013,0.4107883817427386,,,,-0.025106467148675593,final_score,0.0,,0.0,0.0,0.0,0.0,0.0,graph_lift,0.0,801,0.0,0.0,1.9260115874606982,16,test,False,,,,4
M5,N8,E11b,T12e,global_categorical,,,,,,,,,0.11873921751976013,final_score,0.0,,0.0,0.0,0.0,0.0,0.0,graph_lift,0.0,801,0.0,0.0,,16,test,False,,,,4
M1,N8,E11b,T12e,categorical,1.8630489110946655,0.42857142857142855,0.7647058823529411,0.5123400092124939,0.42857142857142855,,,,-0.02619446870525266,final_score,0.0,,0.0,0.0,0.0,0.0,0.0,graph_lift,0.0,791,0.0,0.0,1.8884814186358194,16,test,False,,,,5
M5,N8,E11b,T12e,global_categorical,,,,,,,,,0.12771418690681458,final_score,0.0,,0.0,0.0,0.0,0.0,0.0,graph_lift,0.0,791,0.0,0.0,,16,test,False,,,,5
M1,N8,E11b,T12e,categorical,1.839492678642273,0.4217391304347826,0.7565217391304347,0.5147139430046082,0.4217391304347826,,,,-0.027068309747507513,final_score,0.0,,0.0,0.0,0.0,0.0,0.0,graph_lift,0.0,765,0.0,0.0,1.913201537068758,16,test,False,,,,6
M5,N8,E11b,T12e,global_categorical,,,,,,,,,0.09537777304649353,final_score,0.0007057531016330523,,0.0007057531016330523,0.0,0.0007057531016330523,0.0007057531016330523,0.0007057531016330523,graph_lift,0.07057531016330523,765,0.0,0.0,,16,test,False,,,,6
M1,N8,E11b,T12e,categorical,1.8500335216522217,0.48535564853556484,0.7615062761506276,0.5252384543418884,0.48535564853556484,,,,-0.033430307098966106,final_score,0.0,,0.0,0.0,0.0,0.0,0.0,graph_lift,0.0,795,0.0,0.0,1.8728130432542331,16,test,False,,,,7
M5,N8,E11b,T12e,global_categorical,,,,,,,,,0.1423032581806183,final_score,0.06574041056389802,,0.06574041056389802,0.0,0.06574041056389802,0.06574041056389802,0.06574041056389802,graph_lift,6.574041056389802,795,0.0,0.0,,16,test,False,,,,7
M1,N8,E11b,T12e,categorical,2.079681634902954,0.34934497816593885,0.6855895196506551,0.44806280732154846,0.34934497816593885,,,,-0.01868869769153636,final_score,0.0,,0.0,0.0,0.0,0.0,0.0,graph_lift,0.0,761,0.0,0.0,2.035662243626489,16,test,False,,,,8
M5,N8,E11b,T12e,global_categorical,,,,,,,,,0.11019094288349152,final_score,0.02189399660556449,,0.02189399660556449,0.0,0.02189399660556449,0.02189399660556449,0.02189399660556449,graph_lift,2.189399660556449,761,0.0,0.0,,16,test,False,,,,8
M1,N8,E11b,T12e,categorical,2.006775379180908,0.3940677966101695,0.7033898305084746,0.47480496764183044,0.3940677966101695,,,,-0.020647287847228135,final_score,0.0,,0.0,0.0,0.0,0.0,0.0,graph_lift,0.0,785,0.0,0.0,1.9297838285291236,16,test,False,,,,9
M5,N8,E11b,T12e,global_categorical,,,,,,,,,0.08021167665719986,final_score,0.0,,0.0,0.0,0.0,0.0,0.0,graph_lift,0.0,785,0.0,0.0,,16,test,False,,,,9
M1,N9,E10b,T12a,categorical,1.9202407598495483,0.46853146853146854,0.7692307692307693,0.5125451683998108,0.46853146853146854,,,,0.03897067367996532,final_score,0.0,,0.03897067367996532,0.08602975354339049,0.0,0.03897067367996532,-0.05148863439030921,graph_lift,0.0,953,76.938,7.141466898934765,1.9812314267786069,16,train,False,,,,0
M5,N9,E10b,T12a,global_categorical,,,,,,,,,0.18340900540351868,final_score,0.0,,0.0,0.0,0.0,0.0,0.0,graph_lift,0.0,953,76.938,7.141466898934765,,16,train,False,,,,0
M1,N9,E10b,T12a,categorical,1.8354613780975342,0.5189003436426117,0.7560137457044673,0.5299830436706543,0.5189003436426117,,,,0.06969745162666152,final_score,0.0,,0.06969745162666152,0.0759036075414059,0.0,0.06969745162666152,-0.00671591834509024,graph_lift,0.0,967,74.069,7.1297280538273515,1.9411498884281326,16,train,False,,,,1
M5,N9,E10b,T12a,global_categorical,,,,,,,,,0.23555289208889008,final_score,0.0,,0.0,0.0,0.0,0.0,0.0,graph_lift,0.0,967,74.069,7.1297280538273515,,16,train,False,,,,1
M1,N9,E10b,T12a,categorical,1.7818922996520996,0.5069444444444444,0.75,0.5403924584388733,0.5069444444444444,,,,0.04361014343761149,final_score,0.01939568908490544,,0.04361014343761149,0.02469339985881691,0.01939568908490544,0.04361014343761149,0.01939568908490544,graph_lift,1.939568908490544,958,69.989,7.153797856433556,1.909383040763451,16,train,False,,,,2
M5,N9,E10b,T12a,global_categorical,,,,,,,,,0.2584788203239441,final_score,0.0,,0.0,0.0,0.0,0.0,0.0,graph_lift,0.0,958,69.989,7.153797856433556,,16,train,False,,,,2
M1,N9,E10b,T12a,categorical,1.8230061531066895,0.5,0.7708333333333334,0.5491132736206055,0.5,,,,0.04735482719202522,final_score,0.0,,0.04735482719202522,0.07940967159408074,0.0,0.04735482719202522,-0.034819879606557705,graph_lift,0.0,958,69.917,7.128457081857102,1.9086983947692548,16,train,False,,,,3
M5,N9,E10b,T12a,global_categorical,,,,,,,,,0.20436730980873108,final_score,0.0,,0.0,0.0,0.0,0.0,0.0,graph_lift,0.0,958,69.917,7.128457081857102,,16,train,False,,,,3
M1,N9,E10b,T12a,categorical,1.8087849617004395,0.4623287671232877,0.791095890410959,0.5286442041397095,0.4623287671232877,,,,-0.006117890810664939,final_score,0.0,,0.0,0.03077025034764047,0.0,0.0,-0.03174711708826215,graph_lift,0.0,971,69.616,7.1649466236313,1.8371513741815135,16,train,False,,,,4
M5,N9,E10b,T12a,global_categorical,,,,,,,,,0.24886128306388855,final_score,0.0,,0.0,0.0,0.0,0.0,0.0,graph_lift,0.0,971,69.616,7.1649466236313,,16,train,False,,,,4
M1,N9,E10b,T12a,categorical,1.7459683418273926,0.519163763066202,0.8013937282229965,0.5568385124206543,0.519163763066202,,,,0.166667360272581,final_score,0.0,,0.166667360272581,0.17043947682760763,0.0,0.166667360272581,-0.004547126399652383,graph_lift,0.0,956,70.535,7.13501214397503,2.0184376273338986,16,train,False,,,,5
M5,N9,E10b,T12a,global_categorical,,,,,,,,,0.1552298367023468,final_score,0.0,,0.0,0.0,0.0,0.0,0.0,graph_lift,0.0,956,70.535,7.13501214397503,,16,train,False,,,,5
M1,N9,E10b,T12a,categorical,1.97783625125885,0.4913494809688581,0.698961937716263,0.5377593636512756,0.4913494809688581,,,,-0.004580303504239547,final_score,0.0,,0.0,0.08606838564012265,0.0,0.0,-0.09417376999307045,graph_lift,0.0,962,70.191,7.148194392697357,2.026957711366874,16,train,False,,,,6
M5,N9,E10b,T12a,global_categorical,,,,,,,,,0.220699742436409,final_score,0.0,,0.0,0.0,0.0,0.0,0.0,graph_lift,0.0,962,70.191,7.148194392697357,,16,train,False,,,,6
M1,N9,E10b,T12a,categorical,1.824853777885437,0.4793103448275862,0.7448275862068966,0.5414948463439941,0.4793103448275862,,,,0.09466738866038282,final_score,0.0,,0.09466738866038282,0.1078895424792925,0.0,0.09466738866038282,-0.014821207068523537,graph_lift,0.0,966,73.941,7.1424797659124994,2.0074965506602593,16,train,False,,,,7
M5,N9,E10b,T12a,global_categorical,,,,,,,,,0.14973938465118408,final_score,0.0,,0.0,0.0,0.0,0.0,0.0,graph_lift,0.0,966,73.941,7.1424797659124994,,16,train,False,,,,7
M1,N9,E10b,T12a,categorical,1.7024322748184204,0.49480968858131485,0.7785467128027682,0.564506471157074,0.49480968858131485,,,,0.15868495209468347,final_score,0.0,,0.15868495209468347,0.1984700565679337,0.0,0.15868495209468347,-0.04963645438234613,graph_lift,0.0,961,71.6,7.140038973690058,1.9601972938078505,16,train,False,,,,8
M5,N9,E10b,T12a,global_categorical,,,,,,,,,0.12211398780345917,final_score,0.0,,0.0,0.0,0.0,0.0,0.0,graph_lift,0.0,961,71.6,7.140038973690058,,16,train,False,,,,8
M1,N9,E10b,T12a,categorical,1.6943708658218384,0.5308219178082192,0.773972602739726,0.571463406085968,0.5308219178082192,,,,0.11669253395265167,final_score,0.0,,0.11669253395265167,0.14269316095692142,0.0,0.11669253395265167,-0.030328262671147608,graph_lift,0.0,973,70.351,7.132462119219065,1.9794327786456045,16,train,False,,,,9
M5,N9,E10b,T12a,global_categorical,,,,,,,,,0.20775175094604492,final_score,0.0,,0.0,0.0,0.0,0.0,0.0,graph_lift,0.0,973,70.351,7.132462119219065,,16,train,False,,,,9
M1,N9,E10b,T12a,categorical,1.7009068727493286,0.5298245614035088,0.7859649122807018,0.5715535283088684,0.5298245614035088,,,,0.13257789183296853,final_score,0.0,,0.13257789183296853,0.1941405547350421,0.0,0.13257789183296853,-0.07639379703718982,graph_lift,0.0,949,57.422,7.213133599543529,1.9736195659985436,16,test,False,,,,0
M5,N9,E10b,T12a,global_categorical,,,,,,,,,0.23791919648647308,final_score,0.0,,0.0,0.0,0.0,0.0,0.0,graph_lift,0.0,949,57.422,7.213133599543529,,16,test,False,,,,0
M1,N9,E10b,T12a,categorical,1.5120487213134766,0.5644599303135889,0.8222996515679443,0.6179761290550232,0.5644599303135889,,,,0.23321396868371136,final_score,0.048079183036666716,,0.23321396868371136,0.1944854890742197,0.048079183036666716,0.23321396868371136,0.048079183036666716,graph_lift,4.807918303666671,956,63.43,7.211801302439527,1.9600037058888597,16,test,False,,,,1
M5,N9,E10b,T12a,global_categorical,,,,,,,,,0.16358017921447754,final_score,0.0,,0.0,0.0,0.0,0.0,0.0,graph_lift,0.0,956,63.43,7.211801302439527,,16,test,False,,,,1
M1,N9,E10b,T12a,categorical,1.6527043581008911,0.5699300699300699,0.7692307692307693,0.5958352088928223,0.5699300699300699,,,,0.1711434069926453,final_score,0.0,,0.1711434069926453,0.2143057973649869,0.0,0.1711434069926453,-0.05493535554619878,graph_lift,0.0,951,59.785,7.201816428097779,1.9697772059344498,16,test,False,,,,2
M5,N9,E10b,T12a,global_categorical,,,,,,,,,0.18122519552707672,final_score,0.0,,0.0,0.0,0.0,0.0,0.0,graph_lift,0.0,951,59.785,7.201816428097779,,16,test,False,,,,2
M1,N9,E10b,T12a,categorical,1.56331205368042,0.5633802816901409,0.8274647887323944,0.6089744567871094,0.5633802816901409,,,,0.16405548632297784,final_score,0.0,,0.16405548632297784,0.1776164972830746,0.0,0.16405548632297784,-0.016489886914432223,graph_lift,0.0,946,60.623,7.2097113616036435,1.9791895352021542,16,test,False,,,,3
M5,N9,E10b,T12a,global_categorical,,,,,,,,,0.18067863583564758,final_score,0.0,,0.0,0.0,0.0,0.0,0.0,graph_lift,0.0,946,60.623,7.2097113616036435,,16,test,False,,,,3
M1,N9,E10b,T12a,categorical,1.8191783428192139,0.4982456140350877,0.7929824561403509,0.5558319687843323,0.4982456140350877,,,,0.10586345070395853,final_score,0.012938921518331339,,0.10586345070395853,0.09414263332981065,0.012938921518331339,0.10586345070395853,0.012938921518331339,graph_lift,1.2938921518331339,950,62.978,7.179364614782461,1.9647653129427232,16,test,False,,,,4
M5,N9,E10b,T12a,global_categorical,,,,,,,,,0.15897907316684723,final_score,0.0,,0.0,0.0,0.0,0.0,0.0,graph_lift,0.0,950,62.978,7.179364614782461,,16,test,False,,,,4
M1,N9,E10b,T12a,categorical,1.7818622589111328,0.5017421602787456,0.759581881533101,0.5529263019561768,0.5017421602787456,,,,0.10218673220516172,final_score,0.02400496973475338,,0.10218673220516172,0.08010467271453303,0.02400496973475338,0.10218673220516172,0.02400496973475338,graph_lift,2.400496973475338,955,61.334,7.18834942950418,1.9212877490936302,16,test,False,,,,5
M5,N9,E10b,T12a,global_categorical,,,,,,,,,0.1994388997554779,final_score,0.0,,0.0,0.0,0.0,0.0,0.0,graph_lift,0.0,955,61.334,7.18834942950418,,16,test,False,,,,5
M1,N9,E10b,T12a,categorical,1.5346131324768066,0.5403508771929825,0.8,0.5982819199562073,0.5403508771929825,,,,0.19757513917440694,final_score,0.0,,0.19757513917440694,0.24719590753224863,0.0,0.19757513917440694,-0.0659145836935887,graph_lift,0.0,947,63.848,7.207983939307957,1.9979083012999057,16,test,False,,,,6
M5,N9,E10b,T12a,global_categorical,,,,,,,,,0.14458981156349182,final_score,0.0,,0.0,0.0,0.0,0.0,0.0,graph_lift,0.0,947,63.848,7.207983939307957,,16,test,False,,,,6
M1,N9,E10b,T12a,categorical,1.5540515184402466,0.5492957746478874,0.8204225352112676,0.6088666915893555,0.5492957746478874,,,,0.17189491039431448,final_score,0.0,,0.17189491039431448,0.20841382665389085,0.0,0.17189491039431448,-0.04613384807519753,graph_lift,0.0,944,62.177,7.1932608618988,1.9474753979041846,16,test,False,,,,7
M5,N9,E10b,T12a,global_categorical,,,,,,,,,0.18383873999118805,final_score,0.0,,0.0,0.0,0.0,0.0,0.0,graph_lift,0.0,944,62.177,7.1932608618988,,16,test,False,,,,7
M1,N9,E10b,T12a,categorical,1.963346004486084,0.4574468085106383,0.75177304964539,0.49955815076828003,0.4574468085106383,,,,0.06318322500118512,final_score,0.0,,0.06318322500118512,0.07696424331683815,0.0,0.06318322500118512,-0.01493010234530217,graph_lift,0.0,938,64.748,7.177010842874952,2.0533227104037968,16,test,False,,,,8
M5,N9,E10b,T12a,global_categorical,,,,,,,,,0.16424810886383057,final_score,0.0,,0.0,0.0,0.0,0.0,0.0,graph_lift,0.0,938,64.748,7.177010842874952,,16,test,False,,,,8
M1,N9,E10b,T12a,categorical,1.7676265239715576,0.5087719298245614,0.7508771929824561,0.5510961413383484,0.5087719298245614,,,,0.07908026586064965,final_score,0.0,,0.07908026586064965,0.08493225730508702,0.0,0.07908026586064965,-0.00639514559567253,graph_lift,0.0,949,64.026,7.2206672804027825,1.9474508691109282,16,test,False,,,,9
M5,N9,E10b,T12a,global_categorical,,,,,,,,,0.23046839237213135,final_score,0.0,,0.0,0.0,0.0,0.0,0.0,graph_lift,0.0,949,64.026,7.2206672804027825,,16,test,False,,,,9
M1,N9,E10b,T12b,categorical,1.8562549352645874,0.4755244755244755,0.7797202797202797,0.5242941975593567,0.4755244755244755,,,,0.07099384114810292,final_score,0.0,,0.07099384114810292,0.10454497294821707,0.0,0.07099384114810292,-0.03746824886402021,graph_lift,0.0,953,17.273,7.15585862999057,1.9812314267786069,16,train,False,,,,0
M5,N9,E10b,T12b,global_categorical,,,,,,,,,0.18424563109874725,final_score,0.0,,0.0,0.0,0.0,0.0,0.0,graph_lift,0.0,953,17.273,7.15585862999057,,16,train,False,,,,0
M1,N9,E10b,T12b,categorical,1.8719346523284912,0.4742268041237113,0.7594501718213058,0.5282573699951172,0.4742268041237113,,,,0.051211018443591105,final_score,0.0,,0.051211018443591105,0.0923760352806553,0.0,0.051211018443591105,-0.045354704632323405,graph_lift,0.0,967,17.422,7.144439704509467,1.9411498884281326,16,train,False,,,,1
M5,N9,E10b,T12b,global_categorical,,,,,,,,,0.17727166414260864,final_score,0.0,,0.0,0.0,0.0,0.0,0.0,graph_lift,0.0,967,17.422,7.144439704509467,,16,train,False,,,,1
M1,N9,E10b,T12b,categorical,1.8192975521087646,0.5104166666666666,0.7534722222222222,0.5431317090988159,0.5104166666666666,,,,0.02353374620567472,final_score,0.0,,0.02353374620567472,0.04544033738357112,0.0,0.02353374620567472,-0.022949420592371216,graph_lift,0.0,958,17.321,7.1787173295422875,1.909383040763451,16,train,False,,,,2
M5,N9,E10b,T12b,global_categorical,,,,,,,,,0.24692480266094208,final_score,0.0,,0.0,0.0,0.0,0.0,0.0,graph_lift,0.0,958,17.321,7.1787173295422875,,16,train,False,,,,2
M1,N9,E10b,T12b,categorical,1.7702627182006836,0.4930555555555556,0.7743055555555556,0.5505838990211487,0.4930555555555556,,,,0.07491684587321412,final_score,0.0,,0.07491684587321412,0.09563915106929222,0.0,0.07491684587321412,-0.02291375751236865,graph_lift,0.0,958,17.134,7.20532735501493,1.9086983947692548,16,train,False,,,,3
M5,N9,E10b,T12b,global_categorical,,,,,,,,,0.19503256678581238,final_score,0.0,,0.0,0.0,0.0,0.0,0.0,graph_lift,0.0,958,17.134,7.20532735501493,,16,train,False,,,,3
M1,N9,E10b,T12b,categorical,1.8384482860565186,0.4554794520547945,0.8253424657534246,0.5122801065444946,0.4554794520547945,,,,-0.02261779082043147,final_score,0.0,,0.0,0.030873844880267454,0.0,0.0,-0.03185740547519645,graph_lift,0.0,971,17.473,7.1593385927681155,1.8371513741815135,16,train,False,,,,4
M5,N9,E10b,T12b,global_categorical,,,,,,,,,0.2618481516838074,final_score,0.0,,0.0,0.0,0.0,0.0,0.0,graph_lift,0.0,971,17.473,7.1593385927681155,,16,train,False,,,,4
M1,N9,E10b,T12b,categorical,1.7470873594284058,0.5296167247386759,0.7874564459930313,0.5619048476219177,0.5296167247386759,,,,0.1661333006357355,final_score,0.0,,0.1661333006357355,0.18362297977972974,0.0,0.1661333006357355,-0.02142353191087529,graph_lift,0.0,956,17.484,7.135929587874143,2.0184376273338986,16,train,False,,,,5
M5,N9,E10b,T12b,global_categorical,,,,,,,,,0.17735008895397186,final_score,0.0,,0.0,0.0,0.0,0.0,0.0,graph_lift,0.0,956,17.484,7.135929587874143,,16,train,False,,,,5
M1,N9,E10b,T12b,categorical,1.8959225416183472,0.46366782006920415,0.7335640138408305,0.5237137675285339,0.46366782006920415,,,,0.03702516587094096,final_score,0.0,,0.03702516587094096,0.091526797870227,0.0,0.03702516587094096,-0.059992558802522196,graph_lift,0.0,962,17.201,7.1907063481437525,2.026957711366874,16,train,False,,,,6
M5,N9,E10b,T12b,global_categorical,,,,,,,,,0.24523434042930603,final_score,0.0,,0.0,0.0,0.0,0.0,0.0,graph_lift,0.0,962,17.201,7.1907063481437525,,16,train,False,,,,6
M1,N9,E10b,T12b,categorical,1.8731218576431274,0.5206896551724138,0.7931034482758621,0.557025671005249,0.5206896551724138,,,,0.07072099690263856,final_score,0.0,,0.07072099690263856,0.10066915285328126,0.0,0.07072099690263856,-0.03330048785233862,graph_lift,0.0,966,17.364,7.203751177843076,2.0074965506602593,16,train,False,,,,7
M5,N9,E10b,T12b,global_categorical,,,,,,,,,0.12924396991729736,final_score,0.0,,0.0,0.0,0.0,0.0,0.0,graph_lift,0.0,966,17.364,7.203751177843076,,16,train,False,,,,7
M1,N9,E10b,T12b,categorical,1.6922422647476196,0.5259515570934256,0.7958477508650519,0.5748619437217712,0.5259515570934256,,,,0.16372069843655412,final_score,0.0,,0.16372069843655412,0.170000834951051,0.0,0.16372069843655412,-0.007566437147110277,graph_lift,0.0,961,17.769,7.120862889859291,1.9601972938078505,16,train,False,,,,8
M5,N9,E10b,T12b,global_categorical,,,,,,,,,0.1430286467075348,final_score,0.0,,0.0,0.0,0.0,0.0,0.0,graph_lift,0.0,961,17.769,7.120862889859291,,16,train,False,,,,8
M1,N9,E10b,T12b,categorical,1.6495001316070557,0.5376712328767124,0.7945205479452054,0.5920734405517578,0.5376712328767124,,,,0.14008445706104988,final_score,0.015735360029794483,,0.14008445706104988,0.1263370560939988,0.015735360029794483,0.14008445706104988,0.015735360029794483,graph_lift,1.5735360029794483,973,17.37,7.1719851851068945,1.9794327786456045,16,train,False,,,,9
M5,N9,E10b,T12b,global_categorical,,,,,,,,,0.22937263548374176,final_score,0.0,,0.0,0.0,0.0,0.0,0.0,graph_lift,0.0,973,17.37,7.1719851851068945,,16,train,False,,,,9
M1,N9,E10b,T12b,categorical,1.6681305170059204,0.543859649122807,0.7929824561403509,0.5776029825210571,0.543859649122807,,,,0.14929303025679563,final_score,0.0,,0.14929303025679563,0.18788904687549657,0.0,0.14929303025679563,-0.047525546195636446,graph_lift,0.0,949,17.394,7.1709450156383285,1.9736195659985436,16,test,False,,,,0
M5,N9,E10b,T12b,global_categorical,,,,,,,,,0.2095930278301239,final_score,0.0,,0.0,0.0,0.0,0.0,0.0,graph_lift,0.0,949,17.394,7.1709450156383285,,16,test,False,,,,0
M1,N9,E10b,T12b,categorical,1.5638569593429565,0.5470383275261324,0.8292682926829268,0.5971125960350037,0.5470383275261324,,,,0.20694112771122386,final_score,0.0,,0.20694112771122386,0.21425005556797594,0.0,0.20694112771122386,-0.009301849664189675,graph_lift,0.0,956,17.309,7.1374000358544025,1.9600037058888597,16,test,False,,,,1
M5,N9,E10b,T12b,global_categorical,,,,,,,,,0.22089186310768127,final_score,0.0,,0.0,0.0,0.0,0.0,0.0,graph_lift,0.0,956,17.309,7.1374000358544025,,16,test,False,,,,1
M1,N9,E10b,T12b,categorical,1.698846459388733,0.548951048951049,0.8006993006993007,0.590218186378479,0.548951048951049,,,,0.14800240941908194,final_score,0.0,,0.14800240941908194,0.19739994226898305,0.0,0.14800240941908194,-0.06154688424711799,graph_lift,0.0,951,17.016,7.146291278643223,1.9697772059344498,16,test,False,,,,2
M5,N9,E10b,T12b,global_categorical,,,,,,,,,0.15809589624404907,final_score,0.0,,0.0,0.0,0.0,0.0,0.0,graph_lift,0.0,951,17.016,7.146291278643223,,16,test,False,,,,2
M1,N9,E10b,T12b,categorical,1.523412823677063,0.5774647887323944,0.8204225352112676,0.6252579689025879,0.5774647887323944,,,,0.1853906824238073,final_score,0.0,,0.1853906824238073,0.19694002860115,0.0,0.1853906824238073,-0.014381673335336225,graph_lift,0.0,946,17.164,7.162518493976714,1.9791895352021542,16,test,False,,,,3
M5,N9,E10b,T12b,global_categorical,,,,,,,,,0.16337522864341736,final_score,0.0,,0.0,0.0,0.0,0.0,0.0,graph_lift,0.0,946,17.164,7.162518493976714,,16,test,False,,,,3
M1,N9,E10b,T12b,categorical,1.8199231624603271,0.5017543859649123,0.7789473684210526,0.554706871509552,0.5017543859649123,,,,0.10549735607681288,final_score,0.03278308264823257,,0.10549735607681288,0.07517886848761024,0.03278308264823257,0.10549735607681288,0.03278308264823257,graph_lift,3.278308264823257,950,17.647,7.11608008867243,1.9647653129427232,16,test,False,,,,4
M5,N9,E10b,T12b,global_categorical,,,,,,,,,0.17543047666549683,final_score,0.0,,0.0,0.0,0.0,0.0,0.0,graph_lift,0.0,950,17.647,7.11608008867243,,16,test,False,,,,4
M1,N9,E10b,T12b,categorical,1.757627010345459,0.5156794425087108,0.8048780487804879,0.5543643236160278,0.5156794425087108,,,,0.11439794169235606,final_score,0.002844009024769892,,0.11439794169235606,0.11187209792370112,0.002844009024769892,0.11439794169235606,0.002844009024769892,graph_lift,0.2844009024769892,955,17.267,7.171865370016716,1.9212877490936302,16,test,False,,,,5
M5,N9,E10b,T12b,global_categorical,,,,,,,,,0.17250829935073853,final_score,0.0,,0.0,0.0,0.0,0.0,0.0,graph_lift,0.0,955,17.267,7.171865370016716,,16,test,False,,,,5
M1,N9,E10b,T12b,categorical,1.5761330127716064,0.5333333333333333,0.7789473684210526,0.5944824814796448,0.5333333333333333,,,,0.17586506269427138,final_score,0.0,,0.17586506269427138,0.23067700227610655,0.0,0.17586506269427138,-0.07124697915440054,graph_lift,0.0,947,17.143,7.162024452376859,1.9979083012999057,16,test,False,,,,6
M5,N9,E10b,T12b,global_categorical,,,,,,,,,0.11940541863441467,final_score,0.0,,0.0,0.0,0.0,0.0,0.0,graph_lift,0.0,947,17.143,7.162024452376859,,16,test,False,,,,6
M1,N9,E10b,T12b,categorical,1.53446364402771,0.5809859154929577,0.8380281690140845,0.6237149238586426,0.5809859154929577,,,,0.18233273107208803,final_score,0.0,,0.18233273107208803,0.2073114560991176,0.0,0.18233273107208803,-0.031511399047231485,graph_lift,0.0,944,17.788,7.127688663585711,1.9474753979041846,16,test,False,,,,7
M5,N9,E10b,T12b,global_categorical,,,,,,,,,0.19372349977493286,final_score,0.0,,0.0,0.0,0.0,0.0,0.0,graph_lift,0.0,944,17.788,7.127688663585711,,16,test,False,,,,7
M1,N9,E10b,T12b,categorical,1.84722900390625,0.4716312056737589,0.7730496453900709,0.5213421583175659,0.4716312056737589,,,,0.11858882174162655,final_score,0.05524192383403924,,0.11858882174162655,0.06705091970704624,0.05524192383403924,0.11858882174162655,0.05524192383403924,graph_lift,5.524192383403924,938,17.143,7.155143202059193,2.0533227104037968,16,test,False,,,,8
M5,N9,E10b,T12b,global_categorical,,,,,,,,,0.17575682699680328,final_score,0.0,,0.0,0.0,0.0,0.0,0.0,graph_lift,0.0,938,17.143,7.155143202059193,,16,test,False,,,,8
M1,N9,E10b,T12b,categorical,1.737910270690918,0.5298245614035088,0.7824561403508772,0.5610320568084717,0.5298245614035088,,,,0.09456217454999061,final_score,0.0,,0.09456217454999061,0.1008125999292615,0.0,0.09456217454999061,-0.006951193242675753,graph_lift,0.0,949,17.993,7.166414327032961,1.9474508691109282,16,test,False,,,,9
M5,N9,E10b,T12b,global_categorical,,,,,,,,,0.21812370419502258,final_score,0.0,,0.0,0.0,0.0,0.0,0.0,graph_lift,0.0,949,17.993,7.166414327032961,,16,test,False,,,,9
M1,N9,E10b,T12e,categorical,2.089045286178589,0.35664335664335667,0.6853146853146853,0.46022236347198486,0.35664335664335667,,,,-0.04551146325708255,final_score,0.0,,0.0,0.0,0.0,0.0,0.0,graph_lift,0.0,953,0.0,0.0,1.9812314267786069,16,train,False,,,,0
M5,N9,E10b,T12e,global_categorical,,,,,,,,,0.10467077791690826,final_score,0.0,,0.0,0.0,0.0,0.0,0.0,graph_lift,0.0,953,0.0,0.0,,16,train,False,,,,0
M1,N9,E10b,T12e,categorical,2.069072723388672,0.4020618556701031,0.7079037800687286,0.4553854465484619,0.4020618556701031,,,,-0.048708315030635774,final_score,0.0,,0.0,0.0,0.0,0.0,0.0,graph_lift,0.0,967,0.0,0.0,1.9411498884281326,16,train,False,,,,1
M5,N9,E10b,T12e,global_categorical,,,,,,,,,0.14076447486877441,final_score,0.0,,0.0,0.2559029377735169,0.0,0.0,-0.34391069494053045,graph_lift,0.0,967,0.0,0.0,,16,train,False,,,,1
M1,N9,E10b,T12e,categorical,2.0675973892211914,0.3819444444444444,0.7256944444444444,0.4802999496459961,0.3819444444444444,,,,-0.10973542607119802,final_score,0.0,,0.0,0.0,0.0,0.0,0.0,graph_lift,0.0,958,0.0,0.0,1.909383040763451,16,train,False,,,,2
M5,N9,E10b,T12e,global_categorical,,,,,,,,,0.11757790297269821,final_score,0.0,,0.0,0.0,0.0,0.0,0.0,graph_lift,0.0,958,0.0,0.0,,16,train,False,,,,2
M1,N9,E10b,T12e,categorical,1.9678361415863037,0.3958333333333333,0.6944444444444444,0.4885220527648926,0.3958333333333333,,,,-0.02832877315518778,final_score,0.0,,0.0,0.0,0.0,0.0,0.0,graph_lift,0.0,958,0.0,0.0,1.9086983947692548,16,train,False,,,,3
M5,N9,E10b,T12e,global_categorical,,,,,,,,,0.06508652865886688,final_score,0.20215005131912717,,0.20215005131912717,0.0,0.20215005131912717,0.20215005131912717,0.20215005131912717,graph_lift,20.215005131912715,958,0.0,0.0,,16,train,False,,,,3
M1,N9,E10b,T12e,categorical,1.9152965545654297,0.4452054794520548,0.7431506849315068,0.5075148344039917,0.4452054794520548,,,,-0.06536384818227048,final_score,0.0,,0.0,0.0,0.0,0.0,0.0,graph_lift,0.0,971,0.0,0.0,1.8371513741815135,16,train,False,,,,4
M5,N9,E10b,T12e,global_categorical,,,,,,,,,0.12241604924201965,final_score,0.0,,0.0,0.0,0.0,0.0,0.0,graph_lift,0.0,971,0.0,0.0,,16,train,False,,,,4
M1,N9,E10b,T12e,categorical,2.2673416137695312,0.33797909407665505,0.6445993031358885,0.4316776990890503,0.33797909407665505,,,,-0.08217869940973799,final_score,0.0,,0.0,0.0,0.0,0.0,0.0,graph_lift,0.0,956,0.0,0.0,2.0184376273338986,16,train,False,,,,5
M5,N9,E10b,T12e,global_categorical,,,,,,,,,0.06650935113430023,final_score,0.1961741178182541,,0.1961741178182541,0.0,0.1961741178182541,0.1961741178182541,0.1961741178182541,graph_lift,19.61741178182541,956,0.0,0.0,,16,train,False,,,,5
M1,N9,E10b,T12e,categorical,2.0391833782196045,0.356401384083045,0.7162629757785467,0.4607822597026825,0.356401384083045,,,,-0.03573964730622503,final_score,0.0,,0.0,0.0,0.0,0.0,0.0,graph_lift,0.0,962,0.0,0.0,2.026957711366874,16,train,False,,,,6
M5,N9,E10b,T12e,global_categorical,,,,,,,,,0.09367704391479492,final_score,0.0,,0.0,0.0,0.0,0.0,0.0,graph_lift,0.0,962,0.0,0.0,,16,train,False,,,,6
M1,N9,E10b,T12e,categorical,2.1262829303741455,0.36551724137931035,0.6724137931034483,0.4579821825027466,0.36551724137931035,,,,-0.05487542058291872,final_score,0.0,,0.0,0.0,0.0,0.0,0.0,graph_lift,0.0,966,0.0,0.0,2.0074965506602593,16,train,False,,,,7
M5,N9,E10b,T12e,global_categorical,,,,,,,,,0.10099051147699356,final_score,0.0,,0.0,0.0,0.0,0.0,0.0,graph_lift,0.0,966,0.0,0.0,,16,train,False,,,,7
M1,N9,E10b,T12e,categorical,2.087380886077881,0.356401384083045,0.6747404844290658,0.45805326104164124,0.356401384083045,,,,-0.03155050410169702,final_score,0.0,,0.0,0.0,0.0,0.0,0.0,graph_lift,0.0,961,0.0,0.0,1.9601972938078505,16,train,False,,,,8
M5,N9,E10b,T12e,global_categorical,,,,,,,,,0.10029801726341248,final_score,0.0,,0.0,0.0,0.0,0.0,0.0,graph_lift,0.0,961,0.0,0.0,,16,train,False,,,,8
M1,N9,E10b,T12e,categorical,1.9956470727920532,0.3424657534246575,0.708904109589041,0.4762212038040161,0.3424657534246575,,,,-0.0403684396518198,final_score,0.0,,0.0,0.0,0.0,0.0,0.0,graph_lift,0.0,973,0.0,0.0,1.9794327786456045,16,train,False,,,,9
M5,N9,E10b,T12e,global_categorical,,,,,,,,,0.09692280739545822,final_score,0.021564930925747294,,0.021564930925747294,0.0,0.021564930925747294,0.021564930925747294,0.021564930925747294,graph_lift,2.1564930925747294,973,0.0,0.0,,16,train,False,,,,9
M1,N9,E10b,T12e,categorical,2.021312952041626,0.38596491228070173,0.6807017543859649,0.47114288806915283,0.38596491228070173,,,,-0.030821659355948272,final_score,0.0,,0.0,0.0,0.0,0.0,0.0,graph_lift,0.0,949,0.0,0.0,1.9736195659985436,16,test,False,,,,0
M5,N9,E10b,T12e,global_categorical,,,,,,,,,0.1229739785194397,final_score,0.0,,0.0,0.16808701317623384,0.0,0.0,-0.20204879096549275,graph_lift,0.0,949,0.0,0.0,,16,test,False,,,,0
M1,N9,E10b,T12e,categorical,2.0089340209960938,0.3902439024390244,0.7038327526132404,0.47471410036087036,0.3902439024390244,,,,-0.018765205700729704,final_score,0.0,,0.0,0.0,0.0,0.0,0.0,graph_lift,0.0,956,0.0,0.0,1.9600037058888597,16,test,False,,,,1
M5,N9,E10b,T12e,global_categorical,,,,,,,,,0.07603231817483902,final_score,0.0,,0.0,0.0,0.0,0.0,0.0,graph_lift,0.0,956,0.0,0.0,,16,test,False,,,,1
M1,N9,E10b,T12e,categorical,2.0649895668029785,0.3531468531468531,0.7062937062937062,0.4614974856376648,0.3531468531468531,,,,-0.03562401888576994,final_score,0.0,,0.0,0.0,0.0,0.0,0.0,graph_lift,0.0,951,0.0,0.0,1.9697772059344498,16,test,False,,,,2
M5,N9,E10b,T12e,global_categorical,,,,,,,,,0.05689731240272522,final_score,0.11055272226404186,,0.11351372936601827,0.003329041727479894,0.11055272226404186,0.11351372936601827,0.11055272226404186,graph_lift,11.055272226404186,951,0.0,0.0,,16,test,False,,,,2
M1,N9,E10b,T12e,categorical,1.9279539585113525,0.38380281690140844,0.7147887323943662,0.49354812502861023,0.38380281690140844,,,,-0.030928268665100456,final_score,0.0,,0.0,0.0,0.0,0.0,0.0,graph_lift,0.0,946,0.0,0.0,1.9791895352021542,16,test,False,,,,3
M5,N9,E10b,T12e,global_categorical,,,,,,,,,0.12206138670444489,final_score,0.0,,0.0,0.0,0.0,0.0,0.0,graph_lift,0.0,946,0.0,0.0,,16,test,False,,,,3
M1,N9,E10b,T12e,categorical,2.1590969562530518,0.3684210526315789,0.6736842105263158,0.45590701699256897,0.3684210526315789,,,,-0.06120853752038369,final_score,0.0,,0.0,0.0,0.0,0.0,0.0,graph_lift,0.0,950,0.0,0.0,1.9647653129427232,16,test,False,,,,4
M5,N9,E10b,T12e,global_categorical,,,,,,,,,0.09525370597839355,final_score,0.0,,0.0,0.025277420116807506,0.0,0.0,-0.02593293788252722,graph_lift,0.0,950,0.0,0.0,,16,test,False,,,,4
M1,N9,E10b,T12e,categorical,2.026496171951294,0.39372822299651566,0.6898954703832753,0.4688551127910614,0.39372822299651566,,,,-0.021075022339015703,final_score,0.0,,0.0,0.0,0.0,0.0,0.0,graph_lift,0.0,955,0.0,0.0,1.9212877490936302,16,test,False,,,,5
M5,N9,E10b,T12e,global_categorical,,,,,,,,,0.09083283692598343,final_score,0.0,,0.0,0.09851899254196712,0.0,0.0,-0.10928571065492307,graph_lift,0.0,955,0.0,0.0,,16,test,False,,,,5
M1,N9,E10b,T12e,categorical,2.0085666179656982,0.38596491228070173,0.7087719298245614,0.47616758942604065,0.38596491228070173,,,,-0.05024757669569713,final_score,0.0,,0.0,0.0,0.0,0.0,0.0,graph_lift,0.0,947,0.0,0.0,1.9979083012999057,16,test,False,,,,6
M5,N9,E10b,T12e,global_categorical,,,,,,,,,0.17245712876319885,final_score,0.0,,0.0,0.0,0.0,0.0,0.0,graph_lift,0.0,947,0.0,0.0,,16,test,False,,,,6
M1,N9,E10b,T12e,categorical,1.917824149131775,0.4014084507042254,0.7429577464788732,0.4915052056312561,0.4014084507042254,,,,-0.021948007642155876,final_score,0.0,,0.0,0.0,0.0,0.0,0.0,graph_lift,0.0,944,0.0,0.0,1.9474753979041846,16,test,False,,,,7
M5,N9,E10b,T12e,global_categorical,,,,,,,,,0.11463811248540878,final_score,0.0,,0.0,0.0,0.0,0.0,0.0,graph_lift,0.0,944,0.0,0.0,,16,test,False,,,,7
M1,N9,E10b,T12e,categorical,2.162062644958496,0.3404255319148936,0.6702127659574468,0.43817389011383057,0.3404255319148936,,,,-0.03163503899451303,final_score,0.0,,0.0,0.0,0.0,0.0,0.0,graph_lift,0.0,938,0.0,0.0,2.0533227104037968,16,test,False,,,,8
M5,N9,E10b,T12e,global_categorical,,,,,,,,,0.12463492155075073,final_score,0.0,,0.0,0.1841349808907087,0.0,0.0,-0.22569294745806773,graph_lift,0.0,938,0.0,0.0,,16,test,False,,,,8
M1,N9,E10b,T12e,categorical,1.973710298538208,0.3824561403508772,0.7333333333333333,0.486311674118042,0.3824561403508772,,,,-0.02828780519916685,final_score,0.0,,0.0,0.0,0.0,0.0,0.0,graph_lift,0.0,949,0.0,0.0,1.9474508691109282,16,test,False,,,,9
M5,N9,E10b,T12e,global_categorical,,,,,,,,,0.11869506537914276,final_score,0.0,,0.0,0.0,0.0,0.0,0.0,graph_lift,0.0,949,0.0,0.0,,16,test,False,,,,9
M1,N9,E10c,T12a,categorical,1.939055323600769,0.479020979020979,0.7552447552447552,0.5094772577285767,0.479020979020979,,,,0.029554457306715576,final_score,0.0,,0.029554457306715576,0.08602975354339049,0.0,0.029554457306715576,-0.06179117586773221,graph_lift,0.0,953,76.938,7.141466898934765,1.9812314267786069,16,train,False,,,,0
M5,N9,E10c,T12a,global_categorical,,,,,,,,,0.18372145295143127,final_score,0.0,,0.0,0.0,0.0,0.0,0.0,graph_lift,0.0,953,76.938,7.141466898934765,,16,train,False,,,,0
M1,N9,E10c,T12a,categorical,1.8297077417373657,0.5085910652920962,0.7869415807560137,0.5323943495750427,0.5085910652920962,,,,0.07261369323842726,final_score,0.0,,0.07261369323842726,0.0759036075414059,0.0,0.07261369323842726,-0.003560141917907182,graph_lift,0.0,967,74.069,7.1297280538273515,1.9411498884281326,16,train,False,,,,1
M5,N9,E10c,T12a,global_categorical,,,,,,,,,0.20304672420024872,final_score,0.0,,0.0,0.0,0.0,0.0,0.0,graph_lift,0.0,967,74.069,7.1297280538273515,,16,train,False,,,,1
M1,N9,E10c,T12a,categorical,1.8498075008392334,0.5034722222222222,0.7395833333333334,0.5314227342605591,0.5034722222222222,,,,0.007158230902000073,final_score,0.0,,0.007158230902000073,0.02469339985881691,0.0,0.007158230902000073,-0.017979134924626255,graph_lift,0.0,958,69.989,7.153797856433556,1.909383040763451,16,train,False,,,,2
M5,N9,E10c,T12a,global_categorical,,,,,,,,,0.28292617201805115,final_score,0.0,,0.0,0.0,0.0,0.0,0.0,graph_lift,0.0,958,69.989,7.153797856433556,,16,train,False,,,,2
M1,N9,E10c,T12a,categorical,1.829691767692566,0.4791666666666667,0.7604166666666666,0.5348845720291138,0.4791666666666667,,,,0.04386110242980379,final_score,0.0,,0.04386110242980379,0.07940967159408074,0.0,0.04386110242980379,-0.03861497135846771,graph_lift,0.0,958,69.917,7.128457081857102,1.9086983947692548,16,train,False,,,,3
M5,N9,E10c,T12a,global_categorical,,,,,,,,,0.24848908185958862,final_score,0.0,,0.0,0.0,0.0,0.0,0.0,graph_lift,0.0,958,69.917,7.128457081857102,,16,train,False,,,,3
M1,N9,E10c,T12a,categorical,1.7654674053192139,0.4554794520547945,0.8013698630136986,0.531838595867157,0.4554794520547945,,,,0.017977081308337306,final_score,0.0,,0.017977081308337306,0.03077025034764047,0.0,0.017977081308337306,-0.013199315274723853,graph_lift,0.0,971,69.616,7.1649466236313,1.8371513741815135,16,train,False,,,,4
M5,N9,E10c,T12a,global_categorical,,,,,,,,,0.23803691565990448,final_score,0.0,,0.0,0.0,0.0,0.0,0.0,graph_lift,0.0,971,69.616,7.1649466236313,,16,train,False,,,,4
M1,N9,E10c,T12a,categorical,1.7892309427261353,0.5226480836236934,0.7839721254355401,0.5700919032096863,0.5226480836236934,,,,0.1460185937813392,final_score,0.0,,0.1460185937813392,0.17043947682760763,0.0,0.1460185937813392,-0.029438337968251526,graph_lift,0.0,956,70.535,7.13501214397503,2.0184376273338986,16,train,False,,,,5
M5,N9,E10c,T12a,global_categorical,,,,,,,,,0.14418165385723114,final_score,0.0,,0.0,0.0,0.0,0.0,0.0,graph_lift,0.0,956,70.535,7.13501214397503,,16,train,False,,,,5
M1,N9,E10c,T12a,categorical,1.9568473100662231,0.4463667820069204,0.71280276816609,0.5185546278953552,0.4463667820069204,,,,0.006080361215269892,final_score,0.0,,0.006080361215269892,0.08606838564012265,0.0,0.006080361215269892,-0.08752079823923894,graph_lift,0.0,962,70.191,7.148194392697357,2.026957711366874,16,train,False,,,,6
M5,N9,E10c,T12a,global_categorical,,,,,,,,,0.2267480343580246,final_score,0.0,,0.0,0.0,0.0,0.0,0.0,graph_lift,0.0,962,70.191,7.148194392697357,,16,train,False,,,,6
M1,N9,E10c,T12a,categorical,1.8406559228897095,0.496551724137931,0.7517241379310344,0.5504417419433594,0.496551724137931,,,,0.08682771470194162,final_score,0.0,,0.08682771470194162,0.1078895424792925,0.0,0.08682771470194162,-0.02360899101652107,graph_lift,0.0,966,73.941,7.1424797659124994,2.0074965506602593,16,train,False,,,,7
M5,N9,E10c,T12a,global_categorical,,,,,,,,,0.16652756929397583,final_score,0.0,,0.0,0.0,0.0,0.0,0.0,graph_lift,0.0,966,73.941,7.1424797659124994,,16,train,False,,,,7
M1,N9,E10c,T12a,categorical,1.8061679601669312,0.49480968858131485,0.754325259515571,0.5595819354057312,0.49480968858131485,,,,0.10742041872795205,final_score,0.0,,0.10742041872795205,0.1984700565679337,0.0,0.10742041872795205,-0.11359480526718285,graph_lift,0.0,961,71.6,7.140038973690058,1.9601972938078505,16,train,False,,,,8
M5,N9,E10c,T12a,global_categorical,,,,,,,,,0.12458562850952148,final_score,0.0,,0.0,0.0,0.0,0.0,0.0,graph_lift,0.0,961,71.6,7.140038973690058,,16,train,False,,,,8
M1,N9,E10c,T12a,categorical,1.6593397855758667,0.547945205479452,0.773972602739726,0.5725218653678894,0.547945205479452,,,,0.1349548778131695,final_score,0.0,,0.1349548778131695,0.14269316095692142,0.0,0.1349548778131695,-0.009026270165288012,graph_lift,0.0,973,70.351,7.132462119219065,1.9794327786456045,16,train,False,,,,9
M5,N9,E10c,T12a,global_categorical,,,,,,,,,0.20823357999324799,final_score,0.0,,0.0,0.0,0.0,0.0,0.0,graph_lift,0.0,973,70.351,7.132462119219065,,16,train,False,,,,9
M1,N9,E10c,T12a,categorical,1.6346640586853027,0.5333333333333333,0.7789473684210526,0.5798168778419495,0.5333333333333333,,,,0.1663601163409545,final_score,0.0,,0.1663601163409545,0.1941405547350421,0.0,0.1663601163409545,-0.03447305675613656,graph_lift,0.0,949,57.422,7.213133599543529,1.9736195659985436,16,test,False,,,,0
M5,N9,E10c,T12a,global_categorical,,,,,,,,,0.24621526896953583,final_score,0.0,,0.0,0.0,0.0,0.0,0.0,graph_lift,0.0,949,57.422,7.213133599543529,,16,test,False,,,,0
M1,N9,E10c,T12a,categorical,1.61867356300354,0.5365853658536586,0.8292682926829268,0.5882668495178223,0.5365853658536586,,,,0.1791426343933471,final_score,0.0,,0.1791426343933471,0.1944854890742197,0.0,0.1791426343933471,-0.019047272858236913,graph_lift,0.0,956,63.43,7.211801302439527,1.9600037058888597,16,test,False,,,,1
M5,N9,E10c,T12a,global_categorical,,,,,,,,,0.20454803109169006,final_score,0.0,,0.0,0.0,0.0,0.0,0.0,graph_lift,0.0,956,63.43,7.211801302439527,,16,test,False,,,,1
M1,N9,E10c,T12a,categorical,1.6691967248916626,0.5769230769230769,0.7937062937062938,0.5960065126419067,0.5769230769230769,,,,0.1628722133466105,final_score,0.0,,0.1628722133466105,0.2143057973649869,0.0,0.1628722133466105,-0.0654625983568182,graph_lift,0.0,951,59.785,7.201816428097779,1.9697772059344498,16,test,False,,,,2
M5,N9,E10c,T12a,global_categorical,,,,,,,,,0.17177677154541016,final_score,0.0,,0.0,0.0,0.0,0.0,0.0,graph_lift,0.0,951,59.785,7.201816428097779,,16,test,False,,,,2
M1,N9,E10c,T12a,categorical,1.6527321338653564,0.5492957746478874,0.7852112676056338,0.5908041000366211,0.5492957746478874,,,,0.11624020828918513,final_score,0.0,,0.11624020828918513,0.1776164972830746,0.0,0.11624020828918513,-0.07463219871400552,graph_lift,0.0,946,60.623,7.2097113616036435,1.9791895352021542,16,test,False,,,,3
M5,N9,E10c,T12a,global_categorical,,,,,,,,,0.19992969930171967,final_score,0.0,,0.0,0.0,0.0,0.0,0.0,graph_lift,0.0,946,60.623,7.2097113616036435,,16,test,False,,,,3
M1,N9,E10c,T12a,categorical,1.81563138961792,0.49122807017543857,0.7684210526315789,0.5591012239456177,0.49122807017543857,,,,0.10760676847704209,final_score,0.014863416297781845,,0.10760676847704209,0.09414263332981065,0.014863416297781845,0.10760676847704209,0.014863416297781845,graph_lift,1.4863416297781846,950,62.978,7.179364614782461,1.9647653129427232,16,test,False,,,,4
M5,N9,E10c,T12a,global_categorical,,,,,,,,,0.18427014350891113,final_score,0.0,,0.0,0.0,0.0,0.0,0.0,graph_lift,0.0,950,62.978,7.179364614782461,,16,test,False,,,,4
M1,N9,E10c,T12a,categorical,1.7716200351715088,0.5121951219512195,0.7735191637630662,0.5497675538063049,0.5121951219512195,,,,0.10734739577813768,final_score,0.029615024944191867,,0.10734739577813768,0.08010467271453303,0.029615024944191867,0.10734739577813768,0.029615024944191867,graph_lift,2.961502494419187,955,61.334,7.18834942950418,1.9212877490936302,16,test,False,,,,5
M5,N9,E10c,T12a,global_categorical,,,,,,,,,0.18360356986522675,final_score,0.0,,0.0,0.0,0.0,0.0,0.0,graph_lift,0.0,955,61.334,7.18834942950418,,16,test,False,,,,5
M1,N9,E10c,T12a,categorical,1.602514386177063,0.512280701754386,0.7543859649122807,0.5741032958030701,0.512280701754386,,,,0.16207063208931705,final_score,0.0,,0.16207063208931705,0.24719590753224863,0.0,0.16207063208931705,-0.11307759388486345,graph_lift,0.0,947,63.848,7.207983939307957,1.9979083012999057,16,test,False,,,,6
M5,N9,E10c,T12a,global_categorical,,,,,,,,,0.1497199833393097,final_score,0.0,,0.0,0.0,0.0,0.0,0.0,graph_lift,0.0,947,63.848,7.207983939307957,,16,test,False,,,,6
M1,N9,E10c,T12a,categorical,1.5975853204727173,0.5316901408450704,0.8485915492957746,0.5970872044563293,0.5316901408450704,,,,0.14869714481903595,final_score,0.0,,0.14869714481903595,0.20841382665389085,0.0,0.14869714481903595,-0.075439268453145,graph_lift,0.0,944,62.177,7.1932608618988,1.9474753979041846,16,test,False,,,,7
M5,N9,E10c,T12a,global_categorical,,,,,,,,,0.20603956282138824,final_score,0.0,,0.0,0.0,0.0,0.0,0.0,graph_lift,0.0,944,62.177,7.1932608618988,,16,test,False,,,,7
M1,N9,E10c,T12a,categorical,1.9735630750656128,0.44680851063829785,0.7375886524822695,0.49264395236968994,0.44680851063829785,,,,0.0583080976004513,final_score,0.0,,0.0583080976004513,0.07696424331683815,0.0,0.0583080976004513,-0.020211725906941976,graph_lift,0.0,938,64.748,7.177010842874952,2.0533227104037968,16,test,False,,,,8
M5,N9,E10c,T12a,global_categorical,,,,,,,,,0.21141557395458221,final_score,0.0,,0.0,0.0,0.0,0.0,0.0,graph_lift,0.0,938,64.748,7.177010842874952,,16,test,False,,,,8
M1,N9,E10c,T12a,categorical,1.7204669713974,0.512280701754386,0.7824561403508772,0.561890721321106,0.512280701754386,,,,0.10365000518823242,final_score,0.020455040659635583,,0.10365000518823242,0.08493225730508702,0.020455040659635583,0.10365000518823242,0.020455040659635583,graph_lift,2.0455040659635584,949,64.026,7.2206672804027825,1.9474508691109282,16,test,False,,,,9
M5,N9,E10c,T12a,global_categorical,,,,,,,,,0.22508694231510162,final_score,0.0,,0.0,0.0,0.0,0.0,0.0,graph_lift,0.0,949,64.026,7.2206672804027825,,16,test,False,,,,9
M1,N9,E10c,T12b,categorical,1.878421425819397,0.46153846153846156,0.7692307692307693,0.5214996933937073,0.46153846153846156,,,,0.059900132268351,final_score,0.0,,0.059900132268351,0.10454497294821707,0.0,0.059900132268351,-0.04985715567073847,graph_lift,0.0,953,17.273,7.15585862999057,1.9812314267786069,16,train,False,,,,0
M5,N9,E10c,T12b,global_categorical,,,,,,,,,0.22438450157642365,final_score,0.0,,0.0,0.0,0.0,0.0,0.0,graph_lift,0.0,953,17.273,7.15585862999057,,16,train,False,,,,0
M1,N9,E10c,T12b,categorical,1.8090811967849731,0.5120274914089347,0.7731958762886598,0.5427069664001465,0.5120274914089347,,,,0.08306823656681228,final_score,0.0,,0.08306823656681228,0.0923760352806553,0.0,0.08306823656681228,-0.010255126655587123,graph_lift,0.0,967,17.422,7.144439704509467,1.9411498884281326,16,train,False,,,,1
M5,N9,E10c,T12b,global_categorical,,,,,,,,,0.20025181770324707,final_score,0.0,,0.0,0.0,0.0,0.0,0.0,graph_lift,0.0,967,17.422,7.144439704509467,,16,train,False,,,,1
M1,N9,E10c,T12b,categorical,1.8366317749023438,0.4965277777777778,0.7326388888888888,0.5351260304450989,0.4965277777777778,,,,0.014230013861245117,final_score,0.0,,0.014230013861245117,0.04544033738357112,0.0,0.014230013861245117,-0.03269604273532691,graph_lift,0.0,958,17.321,7.1787173295422875,1.909383040763451,16,train,False,,,,2
M5,N9,E10c,T12b,global_categorical,,,,,,,,,0.24229088425636292,final_score,0.0,,0.0,0.0,0.0,0.0,0.0,graph_lift,0.0,958,17.321,7.1787173295422875,,16,train,False,,,,2
M1,N9,E10c,T12b,categorical,1.7918518781661987,0.5,0.8055555555555556,0.5415723323822021,0.5,,,,0.06363502863576287,final_score,0.0,,0.06363502863576287,0.09563915106929222,0.0,0.06363502863576287,-0.035388664238804865,graph_lift,0.0,958,17.134,7.20532735501493,1.9086983947692548,16,train,False,,,,3
M5,N9,E10c,T12b,global_categorical,,,,,,,,,0.21414770185947418,final_score,0.0,,0.0,0.0,0.0,0.0,0.0,graph_lift,0.0,958,17.134,7.20532735501493,,16,train,False,,,,3
M1,N9,E10c,T12b,categorical,1.841253399848938,0.4383561643835616,0.8013698630136986,0.5143463015556335,0.4383561643835616,,,,-0.024178103534073347,final_score,0.0,,0.0,0.030873844880267454,0.0,0.0,-0.03185740547519645,graph_lift,0.0,971,17.473,7.1593385927681155,1.8371513741815135,16,train,False,,,,4
M5,N9,E10c,T12b,global_categorical,,,,,,,,,0.2610536217689514,final_score,0.0,,0.0,0.0,0.0,0.0,0.0,graph_lift,0.0,971,17.473,7.1593385927681155,,16,train,False,,,,4
M1,N9,E10c,T12b,categorical,1.772791862487793,0.5121951219512195,0.7839721254355401,0.553654134273529,0.5121951219512195,,,,0.15386479922240348,final_score,0.0,,0.15386479922240348,0.18362297977972974,0.0,0.15386479922240348,-0.03645151666480896,graph_lift,0.0,956,17.484,7.135929587874143,2.0184376273338986,16,train,False,,,,5
M5,N9,E10c,T12b,global_categorical,,,,,,,,,0.16461065411567688,final_score,0.0,,0.0,0.0,0.0,0.0,0.0,graph_lift,0.0,956,17.484,7.135929587874143,,16,train,False,,,,5
M1,N9,E10c,T12b,categorical,1.9103724956512451,0.5051903114186851,0.7335640138408305,0.5344803333282471,0.5051903114186851,,,,0.029685781675524936,final_score,0.0,,0.029685781675524936,0.091526797870227,0.0,0.029685781675524936,-0.06807137078972224,graph_lift,0.0,962,17.201,7.1907063481437525,2.026957711366874,16,train,False,,,,6
M5,N9,E10c,T12b,global_categorical,,,,,,,,,0.23276907205581665,final_score,0.0,,0.0,0.0,0.0,0.0,0.0,graph_lift,0.0,962,17.201,7.1907063481437525,,16,train,False,,,,6
M1,N9,E10c,T12b,categorical,1.8577367067337036,0.4793103448275862,0.7724137931034483,0.5347945690155029,0.4793103448275862,,,,0.07835372067614033,final_score,0.0,,0.07835372067614033,0.10066915285328126,0.0,0.07835372067614033,-0.024813373463103673,graph_lift,0.0,966,17.364,7.203751177843076,2.0074965506602593,16,train,False,,,,7
M5,N9,E10c,T12b,global_categorical,,,,,,,,,0.2050991803407669,final_score,0.0,,0.0,0.0,0.0,0.0,0.0,graph_lift,0.0,966,17.364,7.203751177843076,,16,train,False,,,,7
M1,N9,E10c,T12b,categorical,1.699121356010437,0.5640138408304498,0.7785467128027682,0.6019999384880066,0.5640138408304498,,,,0.16032114304798883,final_score,0.0,,0.16032114304798883,0.170000834951051,0.0,0.16032114304798883,-0.011662291133137843,graph_lift,0.0,961,17.769,7.120862889859291,1.9601972938078505,16,train,False,,,,8
M5,N9,E10c,T12b,global_categorical,,,,,,,,,0.10773011296987534,final_score,0.0,,0.0,0.0,0.0,0.0,0.0,graph_lift,0.0,961,17.769,7.120862889859291,,16,train,False,,,,8
M1,N9,E10c,T12b,categorical,1.699993371963501,0.541095890410959,0.75,0.5814262628555298,0.541095890410959,,,,0.11376139251175577,final_score,0.0,,0.11376139251175577,0.1263370560939988,0.0,0.11376139251175577,-0.014394182184286487,graph_lift,0.0,973,17.37,7.1719851851068945,1.9794327786456045,16,train,False,,,,9
M5,N9,E10c,T12b,global_categorical,,,,,,,,,0.2077152580022812,final_score,0.0,,0.0,0.0,0.0,0.0,0.0,graph_lift,0.0,973,17.37,7.1719851851068945,,16,train,False,,,,9
M1,N9,E10c,T12b,categorical,1.6384162902832031,0.5508771929824562,0.7929824561403509,0.5833122134208679,0.5508771929824562,,,,0.16444660230438612,final_score,0.0,,0.16444660230438612,0.18788904687549657,0.0,0.16444660230438612,-0.028866061319476527,graph_lift,0.0,949,17.394,7.1709450156383285,1.9736195659985436,16,test,False,,,,0
M5,N9,E10c,T12b,global_categorical,,,,,,,,,0.2131921797990799,final_score,0.0,,0.0,0.0,0.0,0.0,0.0,graph_lift,0.0,949,17.394,7.1709450156383285,,16,test,False,,,,0
M1,N9,E10c,T12b,categorical,1.541805624961853,0.5818815331010453,0.818815331010453,0.612932562828064,0.5818815331010453,,,,0.21812369080932104,final_score,0.004929857480480177,,0.21812369080932104,0.21425005556797594,0.004929857480480177,0.21812369080932104,0.004929857480480177,graph_lift,0.49298574804801765,956,17.309,7.1374000358544025,1.9600037058888597,16,test,False,,,,1
M5,N9,E10c,T12b,global_categorical,,,,,,,,,0.21606120467185974,final_score,0.0,,0.0,0.0,0.0,0.0,0.0,graph_lift,0.0,956,17.309,7.1374000358544025,,16,test,False,,,,1
M1,N9,E10c,T12b,categorical,1.6892979145050049,0.5314685314685315,0.7692307692307693,0.5836330056190491,0.5314685314685315,,,,0.1527911726556621,final_score,0.0,,0.1527911726556621,0.19739994226898305,0.0,0.1527911726556621,-0.0555803219593975,graph_lift,0.0,951,17.016,7.146291278643223,1.9697772059344498,16,test,False,,,,2
M5,N9,E10c,T12b,global_categorical,,,,,,,,,0.18802893161773682,final_score,0.0,,0.0,0.0,0.0,0.0,0.0,graph_lift,0.0,951,17.016,7.146291278643223,,16,test,False,,,,2
M1,N9,E10c,T12b,categorical,1.5611727237701416,0.5704225352112676,0.8133802816901409,0.6117520332336426,0.5704225352112676,,,,0.16519945188024288,final_score,0.0,,0.16519945188024288,0.19694002860115,0.0,0.16519945188024288,-0.039524540945078145,graph_lift,0.0,946,17.164,7.162518493976714,1.9791895352021542,16,test,False,,,,3
M5,N9,E10c,T12b,global_categorical,,,,,,,,,0.21206894516944885,final_score,0.0,,0.0,0.0,0.0,0.0,0.0,graph_lift,0.0,946,17.164,7.162518493976714,,16,test,False,,,,3
M1,N9,E10c,T12b,categorical,1.9113876819610596,0.48771929824561405,0.7473684210526316,0.5269076228141785,0.48771929824561405,,,,0.06054203056837504,final_score,0.0,,0.06054203056837504,0.07517886848761024,0.0,0.06054203056837504,-0.01582666898549248,graph_lift,0.0,950,17.647,7.11608008867243,1.9647653129427232,16,test,False,,,,4
M5,N9,E10c,T12b,global_categorical,,,,,,,,,0.16422683000564575,final_score,0.0,,0.0,0.0,0.0,0.0,0.0,graph_lift,0.0,950,17.647,7.11608008867243,,16,test,False,,,,4
M1,N9,E10c,T12b,categorical,1.8145020008087158,0.47735191637630664,0.7804878048780488,0.5346820950508118,0.47735191637630664,,,,0.08574078040771616,final_score,0.0,,0.08574078040771616,0.11187209792370112,0.0,0.08574078040771616,-0.0294229214676109,graph_lift,0.0,955,17.267,7.171865370016716,1.9212877490936302,16,test,False,,,,5
M5,N9,E10c,T12b,global_categorical,,,,,,,,,0.17871950566768646,final_score,0.0,,0.0,0.0,0.0,0.0,0.0,graph_lift,0.0,955,17.267,7.171865370016716,,16,test,False,,,,5
M1,N9,E10c,T12b,categorical,1.587154507637024,0.5228070175438596,0.8035087719298246,0.5844197869300842,0.5228070175438596,,,,0.1701021213276982,final_score,0.0,,0.1701021213276982,0.23067700227610655,0.0,0.1701021213276982,-0.07873790479112702,graph_lift,0.0,947,17.143,7.162024452376859,1.9979083012999057,16,test,False,,,,6
M5,N9,E10c,T12b,global_categorical,,,,,,,,,0.14142507314682007,final_score,0.0,,0.0,0.0,0.0,0.0,0.0,graph_lift,0.0,947,17.143,7.162024452376859,,16,test,False,,,,6
M1,N9,E10c,T12b,categorical,1.5478918552398682,0.5845070422535211,0.8450704225352113,0.615355908870697,0.5845070422535211,,,,0.17517722845536077,final_score,0.0,,0.17517722845536077,0.2073114560991176,0.0,0.17517722845536077,-0.040538276844044936,graph_lift,0.0,944,17.788,7.127688663585711,1.9474753979041846,16,test,False,,,,7
M5,N9,E10c,T12b,global_categorical,,,,,,,,,0.18026138842105865,final_score,0.0,,0.0,0.0,0.0,0.0,0.0,graph_lift,0.0,944,17.788,7.127688663585711,,16,test,False,,,,7
M1,N9,E10c,T12b,categorical,1.8849939107894897,0.4397163120567376,0.7411347517730497,0.5154682993888855,0.4397163120567376,,,,0.10056915041770509,final_score,0.03592718125638094,,0.10056915041770509,0.06705091970704624,0.03592718125638094,0.10056915041770509,0.03592718125638094,graph_lift,3.592718125638094,938,17.143,7.155143202059193,2.0533227104037968,16,test,False,,,,8
M5,N9,E10c,T12b,global_categorical,,,,,,,,,0.19629718363285065,final_score,0.0,,0.0,0.0,0.0,0.0,0.0,graph_lift,0.0,938,17.143,7.155143202059193,,16,test,False,,,,8
M1,N9,E10c,T12b,categorical,1.6647670269012451,0.5684210526315789,0.775438596491228,0.5838472843170166,0.5684210526315789,,,,0.1326692953710925,final_score,0.03542831609887423,,0.1326692953710925,0.1008125999292615,0.03542831609887423,0.1326692953710925,0.03542831609887423,graph_lift,3.542831609887423,949,17.993,7.166414327032961,1.9474508691109282,16,test,False,,,,9
M5,N9,E10c,T12b,global_categorical,,,,,,,,,0.21193821728229523,final_score,0.0,,0.0,0.0,0.0,0.0,0.0,graph_lift,0.0,949,17.993,7.166414327032961,,16,test,False,,,,9
M1,N9,E10c,T12e,categorical,2.1055376529693604,0.35664335664335667,0.6853146853146853,0.46021756529808044,0.35664335664335667,,,,-0.05376552529674927,final_score,0.0,,0.0,0.0,0.0,0.0,0.0,graph_lift,0.0,953,0.0,0.0,1.9812314267786069,16,train,False,,,,0
M5,N9,E10c,T12e,global_categorical,,,,,,,,,0.10098843276500702,final_score,0.029091084129397045,,0.029091084129397045,0.0,0.029091084129397045,0.029091084129397045,0.029091084129397045,graph_lift,2.9091084129397045,953,0.0,0.0,,16,train,False,,,,0
M1,N9,E10c,T12e,categorical,2.037787914276123,0.4020618556701031,0.711340206185567,0.46129292249679565,0.4020618556701031,,,,-0.03285162334473091,final_score,0.0,,0.0,0.0,0.0,0.0,0.0,graph_lift,0.0,967,0.0,0.0,1.9411498884281326,16,train,False,,,,1
M5,N9,E10c,T12e,global_categorical,,,,,,,,,0.11408161371946335,final_score,0.0,,0.0,0.2559029377735169,0.0,0.0,-0.34391069494053045,graph_lift,0.0,967,0.0,0.0,,16,train,False,,,,1
M1,N9,E10c,T12e,categorical,2.017923355102539,0.3819444444444444,0.7430555555555556,0.48532921075820923,0.3819444444444444,,,,-0.08307408429447904,final_score,0.0,,0.0,0.0,0.0,0.0,0.0,graph_lift,0.0,958,0.0,0.0,1.909383040763451,16,train,False,,,,2
M5,N9,E10c,T12e,global_categorical,,,,,,,,,0.10910336673259735,final_score,0.0,,0.0,0.0,0.0,0.0,0.0,graph_lift,0.0,958,0.0,0.0,,16,train,False,,,,2
M1,N9,E10c,T12e,categorical,1.9855741262435913,0.3958333333333333,0.6944444444444444,0.48812517523765564,0.3958333333333333,,,,-0.03759804678337453,final_score,0.0,,0.0,0.0,0.0,0.0,0.0,graph_lift,0.0,958,0.0,0.0,1.9086983947692548,16,train,False,,,,3
M5,N9,E10c,T12e,global_categorical,,,,,,,,,0.06861775368452072,final_score,0.1588632489108271,,0.1588632489108271,0.0,0.1588632489108271,0.1588632489108271,0.1588632489108271,graph_lift,15.88632489108271,958,0.0,0.0,,16,train,False,,,,3
M1,N9,E10c,T12e,categorical,1.900300145149231,0.4452054794520548,0.75,0.5102748870849609,0.4452054794520548,,,,-0.05702222108538235,final_score,0.0,,0.0,0.0,0.0,0.0,0.0,graph_lift,0.0,971,0.0,0.0,1.8371513741815135,16,train,False,,,,4
M5,N9,E10c,T12e,global_categorical,,,,,,,,,0.11125020682811737,final_score,0.0,,0.0,0.0,0.0,0.0,0.0,graph_lift,0.0,971,0.0,0.0,,16,train,False,,,,4
M1,N9,E10c,T12e,categorical,2.223578691482544,0.33797909407665505,0.6376306620209059,0.4361814558506012,0.33797909407665505,,,,-0.061291044891257584,final_score,0.0,,0.0,0.0,0.0,0.0,0.0,graph_lift,0.0,956,0.0,0.0,2.0184376273338986,16,train,False,,,,5
M5,N9,E10c,T12e,global_categorical,,,,,,,,,0.09477019309997559,final_score,0.0,,0.0,0.0,0.0,0.0,0.0,graph_lift,0.0,956,0.0,0.0,,16,train,False,,,,5
M1,N9,E10c,T12e,categorical,2.0412967205047607,0.356401384083045,0.7162629757785467,0.4642449617385864,0.356401384083045,,,,-0.03681309392480925,final_score,0.0,,0.0,0.0,0.0,0.0,0.0,graph_lift,0.0,962,0.0,0.0,2.026957711366874,16,train,False,,,,6
M5,N9,E10c,T12e,global_categorical,,,,,,,,,0.09052520990371704,final_score,0.0,,0.0,0.0,0.0,0.0,0.0,graph_lift,0.0,962,0.0,0.0,,16,train,False,,,,6
M1,N9,E10c,T12e,categorical,2.1538820266723633,0.36551724137931035,0.6724137931034483,0.458161860704422,0.36551724137931035,,,,-0.06856764994804321,final_score,0.0,,0.0,0.0,0.0,0.0,0.0,graph_lift,0.0,966,0.0,0.0,2.0074965506602593,16,train,False,,,,7
M5,N9,E10c,T12e,global_categorical,,,,,,,,,0.09030099213123322,final_score,0.0777655557134887,,0.0777655557134887,0.0,0.0777655557134887,0.0777655557134887,0.0777655557134887,graph_lift,7.77655557134887,966,0.0,0.0,,16,train,False,,,,7
M1,N9,E10c,T12e,categorical,2.1169233322143555,0.356401384083045,0.657439446366782,0.4561430811882019,0.356401384083045,,,,-0.04614993633498243,final_score,0.0,,0.0,0.0,0.0,0.0,0.0,graph_lift,0.0,961,0.0,0.0,1.9601972938078505,16,train,False,,,,8
M5,N9,E10c,T12e,global_categorical,,,,,,,,,0.09303490817546844,final_score,0.0,,0.0,0.0,0.0,0.0,0.0,graph_lift,0.0,961,0.0,0.0,,16,train,False,,,,8
M1,N9,E10c,T12e,categorical,2.074554443359375,0.3424657534246575,0.7157534246575342,0.47365623712539673,0.3424657534246575,,,,-0.08150434386247918,final_score,0.0,,0.0,0.0,0.0,0.0,0.0,graph_lift,0.0,973,0.0,0.0,1.9794327786456045,16,train,False,,,,9
M5,N9,E10c,T12e,global_categorical,,,,,,,,,0.08219946920871735,final_score,0.1701969279021622,,0.1701969279021622,0.0,0.1701969279021622,0.1701969279021622,0.1701969279021622,graph_lift,17.01969279021622,973,0.0,0.0,,16,train,False,,,,9
M1,N9,E10c,T12e,categorical,2.034942865371704,0.38596491228070173,0.7052631578947368,0.4688742160797119,0.38596491228070173,,,,-0.03777258469160372,final_score,0.0,,0.0,0.0,0.0,0.0,0.0,graph_lift,0.0,949,0.0,0.0,1.9736195659985436,16,test,False,,,,0
M5,N9,E10c,T12e,global_categorical,,,,,,,,,0.12005908787250519,final_score,0.0,,0.0,0.16808701317623384,0.0,0.0,-0.20204879096549275,graph_lift,0.0,949,0.0,0.0,,16,test,False,,,,0
M1,N9,E10c,T12e,categorical,1.9918313026428223,0.3902439024390244,0.7003484320557491,0.47765401005744934,0.3902439024390244,,,,-0.010092071903073485,final_score,0.0,,0.0,0.0,0.0,0.0,0.0,graph_lift,0.0,956,0.0,0.0,1.9600037058888597,16,test,False,,,,1
M5,N9,E10c,T12e,global_categorical,,,,,,,,,0.07337353378534317,final_score,0.0,,0.0,0.0,0.0,0.0,0.0,graph_lift,0.0,956,0.0,0.0,,16,test,False,,,,1
M1,N9,E10c,T12e,categorical,2.039381504058838,0.3531468531468531,0.7062937062937062,0.46388810873031616,0.3531468531468531,,,,-0.022781168728797097,final_score,0.0,,0.0,0.0,0.0,0.0,0.0,graph_lift,0.0,951,0.0,0.0,1.9697772059344498,16,test,False,,,,2
M5,N9,E10c,T12e,global_categorical,,,,,,,,,0.051800742745399475,final_score,0.1902248511585333,,0.19292062641890276,0.003329041727479894,0.1902248511585333,0.19292062641890276,0.1902248511585333,graph_lift,19.02248511585333,951,0.0,0.0,,16,test,False,,,,2
M1,N9,E10c,T12e,categorical,1.955964207649231,0.38380281690140844,0.7147887323943662,0.48947155475616455,0.38380281690140844,,,,-0.04590606393106311,final_score,0.0,,0.0,0.0,0.0,0.0,0.0,graph_lift,0.0,946,0.0,0.0,1.9791895352021542,16,test,False,,,,3
M5,N9,E10c,T12e,global_categorical,,,,,,,,,0.1485794186592102,final_score,0.0,,0.0,0.0,0.0,0.0,0.0,graph_lift,0.0,946,0.0,0.0,,16,test,False,,,,3
M1,N9,E10c,T12e,categorical,2.135725498199463,0.3684210526315789,0.6736842105263158,0.4561319053173065,0.3684210526315789,,,,-0.04972129230771816,final_score,0.0,,0.0,0.0,0.0,0.0,0.0,graph_lift,0.0,950,0.0,0.0,1.9647653129427232,16,test,False,,,,4
M5,N9,E10c,T12e,global_categorical,,,,,,,,,0.07694965600967407,final_score,0.11747261031199303,,0.13978062590572626,0.025277420116807506,0.11747261031199303,0.13978062590572626,0.11747261031199303,graph_lift,11.747261031199303,950,0.0,0.0,,16,test,False,,,,4
M1,N9,E10c,T12e,categorical,2.0197882652282715,0.39372822299651566,0.6898954703832753,0.47431355714797974,0.39372822299651566,,,,-0.01769515791720533,final_score,0.0,,0.0,0.0,0.0,0.0,0.0,graph_lift,0.0,955,0.0,0.0,1.9212877490936302,16,test,False,,,,5
M5,N9,E10c,T12e,global_categorical,,,,,,,,,0.06129956990480423,final_score,0.09084320137659398,,0.18041241323965201,0.09851899254196712,0.09084320137659398,0.18041241323965201,0.09084320137659398,graph_lift,9.084320137659398,955,0.0,0.0,,16,test,False,,,,5
M1,N9,E10c,T12e,categorical,2.0041615962982178,0.38596491228070173,0.7087719298245614,0.4763088822364807,0.38596491228070173,,,,-0.04794425901792154,final_score,0.0,,0.0,0.0,0.0,0.0,0.0,graph_lift,0.0,947,0.0,0.0,1.9979083012999057,16,test,False,,,,6
M5,N9,E10c,T12e,global_categorical,,,,,,,,,0.16691845655441284,final_score,0.0,,0.0,0.0,0.0,0.0,0.0,graph_lift,0.0,947,0.0,0.0,,16,test,False,,,,6
M1,N9,E10c,T12e,categorical,1.917820930480957,0.4014084507042254,0.7429577464788732,0.4951755404472351,0.4014084507042254,,,,-0.021946289840543365,final_score,0.0,,0.0,0.0,0.0,0.0,0.0,graph_lift,0.0,944,0.0,0.0,1.9474753979041846,16,test,False,,,,7
M5,N9,E10c,T12e,global_categorical,,,,,,,,,0.11972401291131973,final_score,0.0,,0.0,0.0,0.0,0.0,0.0,graph_lift,0.0,944,0.0,0.0,,16,test,False,,,,7
M1,N9,E10c,T12e,categorical,2.1536014080047607,0.3404255319148936,0.6312056737588653,0.4419155716896057,0.3404255319148936,,,,-0.027597769251749726,final_score,0.0,,0.0,0.0,0.0,0.0,0.0,graph_lift,0.0,938,0.0,0.0,2.0533227104037968,16,test,False,,,,8
M5,N9,E10c,T12e,global_categorical,,,,,,,,,0.10498110949993134,final_score,0.0,,0.11527849183149064,0.1841349808907087,0.0,0.11527849183149064,-0.08439691302660718,graph_lift,0.0,938,0.0,0.0,,16,test,False,,,,8
M1,N9,E10c,T12e,categorical,1.9949510097503662,0.4105263157894737,0.7333333333333333,0.48756468296051025,0.4105263157894737,,,,-0.03935402601256999,final_score,0.0,,0.0,0.0,0.0,0.0,0.0,graph_lift,0.0,949,0.0,0.0,1.9474508691109282,16,test,False,,,,9
M5,N9,E10c,T12e,global_categorical,,,,,,,,,0.11109812557697296,final_score,0.0,,0.0,0.0,0.0,0.0,0.0,graph_lift,0.0,949,0.0,0.0,,16,test,False,,,,9
M1,N9,E11a,T12a,categorical,1.8498530387878418,0.4825174825174825,0.7832167832167832,0.5335731506347656,0.4825174825174825,,,,0.07419780270483656,final_score,0.0,,0.07419780270483656,0.08602975354339049,0.0,0.07419780270483656,-0.01294566303927887,graph_lift,0.0,953,76.938,7.141466898934765,1.9812314267786069,16,train,False,,,,0
M5,N9,E11a,T12a,global_categorical,,,,,,,,,0.19148769974708557,final_score,0.0,,0.0,0.0,0.0,0.0,0.0,graph_lift,0.0,953,76.938,7.141466898934765,,16,train,False,,,,0
M1,N9,E11a,T12a,categorical,1.7752301692962646,0.5120274914089347,0.8281786941580757,0.5509076118469238,0.5120274914089347,,,,0.10022560688059523,final_score,0.026319764407346846,,0.10022560688059523,0.0759036075414059,0.026319764407346846,0.10022560688059523,0.026319764407346846,graph_lift,2.6319764407346846,967,74.069,7.1297280538273515,1.9411498884281326,16,train,False,,,,1
M5,N9,E11a,T12a,global_categorical,,,,,,,,,0.14437325298786163,final_score,0.0,,0.0,0.0,0.0,0.0,0.0,graph_lift,0.0,967,74.069,7.1297280538273515,,16,train,False,,,,1
M1,N9,E11a,T12a,categorical,1.7286784648895264,0.5520833333333334,0.7777777777777778,0.5655589699745178,0.5520833333333334,,,,0.07217146312460632,final_score,0.04868014146414737,,0.07217146312460632,0.02469339985881691,0.04868014146414737,0.07217146312460632,0.04868014146414737,graph_lift,4.868014146414737,958,69.989,7.153797856433556,1.909383040763451,16,train,False,,,,2
M5,N9,E11a,T12a,global_categorical,,,,,,,,,0.23803311586380005,final_score,0.0,,0.0,0.0,0.0,0.0,0.0,graph_lift,0.0,958,69.989,7.153797856433556,,16,train,False,,,,2
M1,N9,E11a,T12a,categorical,1.7540888786315918,0.5,0.7569444444444444,0.547667920589447,0.5,,,,0.08336880917886003,final_score,0.004300650856972251,,0.08336880917886003,0.07940967159408074,0.004300650856972251,0.08336880917886003,0.004300650856972251,graph_lift,0.43006508569722507,958,69.917,7.128457081857102,1.9086983947692548,16,train,False,,,,3
M5,N9,E11a,T12a,global_categorical,,,,,,,,,0.2871909439563751,final_score,0.0,,0.0,0.0,0.0,0.0,0.0,graph_lift,0.0,958,69.917,7.128457081857102,,16,train,False,,,,3
M1,N9,E11a,T12a,categorical,1.7056093215942383,0.5136986301369864,0.815068493150685,0.5535264015197754,0.5136986301369864,,,,0.05127249198915451,final_score,0.02115312870747903,,0.05127249198915451,0.03077025034764047,0.02115312870747903,0.05127249198915451,0.02115312870747903,graph_lift,2.115312870747903,971,69.616,7.1649466236313,1.8371513741815135,16,train,False,,,,4
M5,N9,E11a,T12a,global_categorical,,,,,,,,,0.21833717823028564,final_score,0.0,,0.0,0.0,0.0,0.0,0.0,graph_lift,0.0,971,69.616,7.1649466236313,,16,train,False,,,,4
M1,N9,E11a,T12a,categorical,1.8527286052703857,0.5296167247386759,0.7317073170731707,0.5602245330810547,0.5296167247386759,,,,0.11571183861461798,final_score,0.0,,0.11571183861461798,0.17043947682760763,0.0,0.11571183861461798,-0.06597184495195248,graph_lift,0.0,956,70.535,7.13501214397503,2.0184376273338986,16,train,False,,,,5
M5,N9,E11a,T12a,global_categorical,,,,,,,,,0.1452939510345459,final_score,0.0,,0.0,0.0,0.0,0.0,0.0,graph_lift,0.0,956,70.535,7.13501214397503,,16,train,False,,,,5
M1,N9,E11a,T12a,categorical,1.872848391532898,0.5190311418685121,0.740484429065744,0.5480009913444519,0.5190311418685121,,,,0.048745010355804586,final_score,0.0,,0.048745010355804586,0.08606838564012265,0.0,0.048745010355804586,-0.04083825824370848,graph_lift,0.0,962,70.191,7.148194392697357,2.026957711366874,16,train,False,,,,6
M5,N9,E11a,T12a,global_categorical,,,,,,,,,0.19600176811218262,final_score,0.0,,0.0,0.0,0.0,0.0,0.0,graph_lift,0.0,962,70.191,7.148194392697357,,16,train,False,,,,6
M1,N9,E11a,T12a,categorical,1.7711176872253418,0.496551724137931,0.7275862068965517,0.5492631196975708,0.496551724137931,,,,0.1213264775950843,final_score,0.015061963462612933,,0.1213264775950843,0.1078895424792925,0.015061963462612933,0.1213264775950843,0.015061963462612933,graph_lift,1.5061963462612933,966,73.941,7.1424797659124994,2.0074965506602593,16,train,False,,,,7
M5,N9,E11a,T12a,global_categorical,,,,,,,,,0.18803671002388,final_score,0.0,,0.0,0.0,0.0,0.0,0.0,graph_lift,0.0,966,73.941,7.1424797659124994,,16,train,False,,,,7
M1,N9,E11a,T12a,categorical,1.7417932748794556,0.4913494809688581,0.7750865051903114,0.554887056350708,0.4913494809688581,,,,0.1392333583818649,final_score,0.0,,0.1392333583818649,0.1984700565679337,0.0,0.1392333583818649,-0.0739045355341605,graph_lift,0.0,961,71.6,7.140038973690058,1.9601972938078505,16,train,False,,,,8
M5,N9,E11a,T12a,global_categorical,,,,,,,,,0.17436954379081726,final_score,0.0,,0.0,0.0,0.0,0.0,0.0,graph_lift,0.0,961,71.6,7.140038973690058,,16,train,False,,,,8
M1,N9,E11a,T12a,categorical,1.6963807344436646,0.5376712328767124,0.773972602739726,0.5854853987693787,0.5376712328767124,,,,0.11564474814184333,final_score,0.0,,0.11564474814184333,0.14269316095692142,0.0,0.11564474814184333,-0.031550445631892285,graph_lift,0.0,973,70.351,7.132462119219065,1.9794327786456045,16,train,False,,,,9
M5,N9,E11a,T12a,global_categorical,,,,,,,,,0.23069456219673157,final_score,0.0,,0.0,0.0,0.0,0.0,0.0,graph_lift,0.0,973,70.351,7.132462119219065,,16,train,False,,,,9
M1,N9,E11a,T12a,categorical,1.5281310081481934,0.5824561403508772,0.8210526315789474,0.6208488345146179,0.5824561403508772,,,,0.2206894766612012,final_score,0.03294485419529965,,0.2206894766612012,0.1941405547350421,0.03294485419529965,0.2206894766612012,0.03294485419529965,graph_lift,3.294485419529965,949,57.422,7.213133599543529,1.9736195659985436,16,test,False,,,,0
M5,N9,E11a,T12a,global_categorical,,,,,,,,,0.20242175459861755,final_score,0.0,,0.0,0.0,0.0,0.0,0.0,graph_lift,0.0,949,57.422,7.213133599543529,,16,test,False,,,,0
M1,N9,E11a,T12a,categorical,1.5912293195724487,0.5505226480836237,0.8118466898954704,0.6005750298500061,0.5505226480836237,,,,0.1930601340943423,final_score,0.0,,0.1930601340943423,0.1944854890742197,0.0,0.1930601340943423,-0.0017694963412133028,graph_lift,0.0,956,63.43,7.211801302439527,1.9600037058888597,16,test,False,,,,1
M5,N9,E11a,T12a,global_categorical,,,,,,,,,0.17587462067604065,final_score,0.0,,0.0,0.0,0.0,0.0,0.0,graph_lift,0.0,956,63.43,7.211801302439527,,16,test,False,,,,1
M1,N9,E11a,T12a,categorical,1.5432775020599365,0.5594405594405595,0.8321678321678322,0.608453094959259,0.5594405594405595,,,,0.22602260371595528,final_score,0.014912680164462563,,0.22602260371595528,0.2143057973649869,0.014912680164462563,0.22602260371595528,0.014912680164462563,graph_lift,1.4912680164462562,951,59.785,7.201816428097779,1.9697772059344498,16,test,False,,,,2
M5,N9,E11a,T12a,global_categorical,,,,,,,,,0.16558682918548584,final_score,0.0,,0.0,0.0,0.0,0.0,0.0,graph_lift,0.0,951,59.785,7.201816428097779,,16,test,False,,,,2
M1,N9,E11a,T12a,categorical,1.564131259918213,0.573943661971831,0.8274647887323944,0.6039218902587891,0.573943661971831,,,,0.16361741342084368,final_score,0.0,,0.16361741342084368,0.1776164972830746,0.0,0.16361741342084368,-0.017022573794320848,graph_lift,0.0,946,60.623,7.2097113616036435,1.9791895352021542,16,test,False,,,,3
M5,N9,E11a,T12a,global_categorical,,,,,,,,,0.18780790269374847,final_score,0.0,,0.0,0.0,0.0,0.0,0.0,graph_lift,0.0,946,60.623,7.2097113616036435,,16,test,False,,,,3
M1,N9,E11a,T12a,categorical,1.838766098022461,0.5087719298245614,0.7649122807017544,0.5529617071151733,0.5087719298245614,,,,0.09623594093476862,final_score,0.0023108578480215713,,0.09623594093476862,0.09414263332981065,0.0023108578480215713,0.09623594093476862,0.0023108578480215713,graph_lift,0.23108578480215713,950,62.978,7.179364614782461,1.9647653129427232,16,test,False,,,,4
M5,N9,E11a,T12a,global_categorical,,,,,,,,,0.1830548793077469,final_score,0.0,,0.0,0.0,0.0,0.0,0.0,graph_lift,0.0,950,62.978,7.179364614782461,,16,test,False,,,,4
M1,N9,E11a,T12a,categorical,1.8036811351776123,0.49825783972125437,0.7735191637630662,0.5437848567962646,0.49825783972125437,,,,0.0911930111321646,final_score,0.012053913188528,,0.0911930111321646,0.08010467271453303,0.012053913188528,0.0911930111321646,0.012053913188528,graph_lift,1.2053913188528,955,61.334,7.18834942950418,1.9212877490936302,16,test,False,,,,5
M5,N9,E11a,T12a,global_categorical,,,,,,,,,0.20535892248153687,final_score,0.0,,0.0,0.0,0.0,0.0,0.0,graph_lift,0.0,955,61.334,7.18834942950418,,16,test,False,,,,5
M1,N9,E11a,T12a,categorical,1.6230400800704956,0.5508771929824562,0.7684210526315789,0.5934944748878479,0.5508771929824562,,,,0.1513380720304962,final_score,0.0,,0.1513380720304962,0.24719590753224863,0.0,0.1513380720304962,-0.1273343708686849,graph_lift,0.0,947,63.848,7.207983939307957,1.9979083012999057,16,test,False,,,,6
M5,N9,E11a,T12a,global_categorical,,,,,,,,,0.13981673121452332,final_score,0.0,,0.0,0.0,0.0,0.0,0.0,graph_lift,0.0,947,63.848,7.207983939307957,,16,test,False,,,,6
M1,N9,E11a,T12a,categorical,1.4631527662277222,0.6126760563380281,0.8838028169014085,0.6410278677940369,0.6126760563380281,,,,0.22033199150123384,final_score,0.015056054853717037,,0.22033199150123384,0.20841382665389085,0.015056054853717037,0.22033199150123384,0.015056054853717037,graph_lift,1.5056054853717038,944,62.177,7.1932608618988,1.9474753979041846,16,test,False,,,,7
M5,N9,E11a,T12a,global_categorical,,,,,,,,,0.17001478374004364,final_score,0.0,,0.0,0.0,0.0,0.0,0.0,graph_lift,0.0,944,62.177,7.1932608618988,,16,test,False,,,,7
M1,N9,E11a,T12a,categorical,1.854445457458496,0.4645390070921986,0.75177304964539,0.5261157155036926,0.4645390070921986,,,,0.11514547772189876,final_score,0.04136484868393518,,0.11514547772189876,0.07696424331683815,0.04136484868393518,0.11514547772189876,0.04136484868393518,graph_lift,4.136484868393518,938,64.748,7.177010842874952,2.0533227104037968,16,test,False,,,,8
M5,N9,E11a,T12a,global_categorical,,,,,,,,,0.1846822202205658,final_score,0.0,,0.0,0.0,0.0,0.0,0.0,graph_lift,0.0,938,64.748,7.177010842874952,,16,test,False,,,,8
M1,N9,E11a,T12a,categorical,1.7017571926116943,0.519298245614035,0.7649122807017544,0.5695295333862305,0.519298245614035,,,,0.11339768973031228,final_score,0.031107459149847597,,0.11339768973031228,0.08493225730508702,0.031107459149847597,0.11339768973031228,0.031107459149847597,graph_lift,3.1107459149847596,949,64.026,7.2206672804027825,1.9474508691109282,16,test,False,,,,9
M5,N9,E11a,T12a,global_categorical,,,,,,,,,0.22325000166893005,final_score,0.0,,0.0,0.0,0.0,0.0,0.0,graph_lift,0.0,949,64.026,7.2206672804027825,,16,test,False,,,,9
M1,N9,E11a,T12b,categorical,1.9031692743301392,0.46853146853146854,0.7587412587412588,0.5255029797554016,0.46853146853146854,,,,0.047514499960695455,final_score,0.0,,0.047514499960695455,0.10454497294821707,0.0,0.047514499960695455,-0.06368881882911538,graph_lift,0.0,953,17.273,7.15585862999057,1.9812314267786069,16,train,False,,,,0
M5,N9,E11a,T12b,global_categorical,,,,,,,,,0.23251451551914215,final_score,0.0,,0.0,0.0,0.0,0.0,0.0,graph_lift,0.0,953,17.273,7.15585862999057,,16,train,False,,,,0
M1,N9,E11a,T12b,categorical,1.8541085720062256,0.4948453608247423,0.7800687285223368,0.5476114153862,0.4948453608247423,,,,0.06024613708546778,final_score,0.0,,0.06024613708546778,0.0923760352806553,0.0,0.06024613708546778,-0.03540001084603658,graph_lift,0.0,967,17.422,7.144439704509467,1.9411498884281326,16,train,False,,,,1
M5,N9,E11a,T12b,global_categorical,,,,,,,,,0.151342511177063,final_score,0.0,,0.0,0.0,0.0,0.0,0.0,graph_lift,0.0,967,17.422,7.144439704509467,,16,train,False,,,,1
M1,N9,E11a,T12b,categorical,1.7395191192626953,0.5381944444444444,0.7777777777777778,0.5644038319587708,0.5381944444444444,,,,0.06635300471437033,final_score,0.021908182536729045,,0.06635300471437033,0.04544033738357112,0.021908182536729045,0.06635300471437033,0.021908182536729045,graph_lift,2.1908182536729046,958,17.321,7.1787173295422875,1.909383040763451,16,train,False,,,,2
M5,N9,E11a,T12b,global_categorical,,,,,,,,,0.27041590213775635,final_score,0.0,,0.0,0.0,0.0,0.0,0.0,graph_lift,0.0,958,17.321,7.1787173295422875,,16,train,False,,,,2
M1,N9,E11a,T12b,categorical,1.672494649887085,0.5243055555555556,0.8159722222222222,0.5603854656219482,0.5243055555555556,,,,0.12600732389786584,final_score,0.033579707552002215,,0.12600732389786584,0.09563915106929222,0.033579707552002215,0.12600732389786584,0.033579707552002215,graph_lift,3.3579707552002214,958,17.134,7.20532735501493,1.9086983947692548,16,train,False,,,,3
M5,N9,E11a,T12b,global_categorical,,,,,,,,,0.2221989929676056,final_score,0.0,,0.0,0.0,0.0,0.0,0.0,graph_lift,0.0,958,17.134,7.20532735501493,,16,train,False,,,,3
M1,N9,E11a,T12b,categorical,1.7320924997329712,0.5,0.815068493150685,0.5434280633926392,0.5,,,,0.03654148897084475,final_score,0.005848200526459917,,0.03654148897084475,0.030873844880267454,0.005848200526459917,0.03654148897084475,0.005848200526459917,graph_lift,0.5848200526459917,971,17.473,7.1593385927681155,1.8371513741815135,16,train,False,,,,4
M5,N9,E11a,T12b,global_categorical,,,,,,,,,0.21083316206932068,final_score,0.0,,0.0,0.0,0.0,0.0,0.0,graph_lift,0.0,971,17.473,7.1593385927681155,,16,train,False,,,,4
M1,N9,E11a,T12b,categorical,1.7392603158950806,0.5331010452961672,0.7421602787456446,0.5760226249694824,0.5331010452961672,,,,0.16986907900773618,final_score,0.0,,0.16986907900773618,0.18362297977972974,0.0,0.16986907900773618,-0.016847486432534035,graph_lift,0.0,956,17.484,7.135929587874143,2.0184376273338986,16,train,False,,,,5
M5,N9,E11a,T12b,global_categorical,,,,,,,,,0.13113512098789215,final_score,0.0,,0.0,0.0,0.0,0.0,0.0,graph_lift,0.0,956,17.484,7.135929587874143,,16,train,False,,,,5
M1,N9,E11a,T12b,categorical,1.8007360696792603,0.5086505190311419,0.7439446366782007,0.5563173890113831,0.5086505190311419,,,,0.08537220611033236,final_score,0.0,,0.08537220611033236,0.091526797870227,0.0,0.08537220611033236,-0.0067746541620227856,graph_lift,0.0,962,17.201,7.1907063481437525,2.026957711366874,16,train,False,,,,6
M5,N9,E11a,T12b,global_categorical,,,,,,,,,0.25291112065315247,final_score,0.0,,0.0,0.0,0.0,0.0,0.0,graph_lift,0.0,962,17.201,7.1907063481437525,,16,train,False,,,,6
M1,N9,E11a,T12b,categorical,1.7214767932891846,0.46206896551724136,0.8137931034482758,0.539703905582428,0.46206896551724136,,,,0.14595396726219312,final_score,0.05035389873769558,,0.14595396726219312,0.10066915285328126,0.05035389873769558,0.14595396726219312,0.05035389873769558,graph_lift,5.035389873769558,966,17.364,7.203751177843076,2.0074965506602593,16,train,False,,,,7
M5,N9,E11a,T12b,global_categorical,,,,,,,,,0.14845165610313416,final_score,0.0,,0.0,0.0,0.0,0.0,0.0,graph_lift,0.0,966,17.364,7.203751177843076,,16,train,False,,,,7
M1,N9,E11a,T12b,categorical,1.7430007457733154,0.5017301038062284,0.8235294117647058,0.5496672987937927,0.5017301038062284,,,,0.13863668148704777,final_score,0.0,,0.13863668148704777,0.170000834951051,0.0,0.13863668148704777,-0.03778817471720413,graph_lift,0.0,961,17.769,7.120862889859291,1.9601972938078505,16,train,False,,,,8
M5,N9,E11a,T12b,global_categorical,,,,,,,,,0.17227546870708466,final_score,0.0,,0.0,0.0,0.0,0.0,0.0,graph_lift,0.0,961,17.769,7.120862889859291,,16,train,False,,,,8
M1,N9,E11a,T12b,categorical,1.7186245918273926,0.5513698630136986,0.7602739726027398,0.5727009177207947,0.5513698630136986,,,,0.1040486016573442,final_score,0.0,,0.1040486016573442,0.1263370560939988,0.0,0.1040486016573442,-0.025511502567576755,graph_lift,0.0,973,17.37,7.1719851851068945,1.9794327786456045,16,train,False,,,,9
M5,N9,E11a,T12b,global_categorical,,,,,,,,,0.21071884036064148,final_score,0.0,,0.0,0.0,0.0,0.0,0.0,graph_lift,0.0,973,17.37,7.1719851851068945,,16,train,False,,,,9
M1,N9,E11a,T12b,categorical,1.5932800769805908,0.5859649122807018,0.7684210526315789,0.6068680882453918,0.5859649122807018,,,,0.1874649622315655,final_score,0.0,,0.1874649622315655,0.18788904687549657,0.0,0.1874649622315655,-0.0005222003745909958,graph_lift,0.0,949,17.394,7.1709450156383285,1.9736195659985436,16,test,False,,,,0
M5,N9,E11a,T12b,global_categorical,,,,,,,,,0.2225852757692337,final_score,0.0,,0.0,0.0,0.0,0.0,0.0,graph_lift,0.0,949,17.394,7.1709450156383285,,16,test,False,,,,0
M1,N9,E11a,T12b,categorical,1.5055146217346191,0.5470383275261324,0.8327526132404182,0.6126516461372375,0.5470383275261324,,,,0.23652750245431964,final_score,0.02835182750467371,,0.23652750245431964,0.21425005556797594,0.02835182750467371,0.23652750245431964,0.02835182750467371,graph_lift,2.835182750467371,956,17.309,7.1374000358544025,1.9600037058888597,16,test,False,,,,1
M5,N9,E11a,T12b,global_categorical,,,,,,,,,0.17313925921916962,final_score,0.0,,0.0,0.0,0.0,0.0,0.0,graph_lift,0.0,956,17.309,7.1374000358544025,,16,test,False,,,,1
M1,N9,E11a,T12b,categorical,1.6390540599822998,0.5804195804195804,0.7832167832167832,0.5999765396118164,0.5804195804195804,,,,0.1779891989270208,final_score,0.0,,0.1779891989270208,0.19739994226898305,0.0,0.1779891989270208,-0.0241848267452624,graph_lift,0.0,951,17.016,7.146291278643223,1.9697772059344498,16,test,False,,,,2
M5,N9,E11a,T12b,global_categorical,,,,,,,,,0.19442886114120483,final_score,0.0,,0.0,0.0,0.0,0.0,0.0,graph_lift,0.0,951,17.016,7.146291278643223,,16,test,False,,,,2
M1,N9,E11a,T12b,categorical,1.5258060693740845,0.5704225352112676,0.8345070422535211,0.6173267364501953,0.5704225352112676,,,,0.18411093954915725,final_score,0.0,,0.18411093954915725,0.19694002860115,0.0,0.18411093954915725,-0.01597525652990246,graph_lift,0.0,946,17.164,7.162518493976714,1.9791895352021542,16,test,False,,,,3
M5,N9,E11a,T12b,global_categorical,,,,,,,,,0.17892971634864807,final_score,0.0,,0.0,0.0,0.0,0.0,0.0,graph_lift,0.0,946,17.164,7.162518493976714,,16,test,False,,,,3
M1,N9,E11a,T12b,categorical,1.9052760601043701,0.4982456140350877,0.8,0.5487760901451111,0.4982456140350877,,,,0.0635459432968053,final_score,0.0,,0.0635459432968053,0.07517886848761024,0.0,0.0635459432968053,-0.012578567675871816,graph_lift,0.0,950,17.647,7.11608008867243,1.9647653129427232,16,test,False,,,,4
M5,N9,E11a,T12b,global_categorical,,,,,,,,,0.13895156979560852,final_score,0.0,,0.0,0.0,0.0,0.0,0.0,graph_lift,0.0,950,17.647,7.11608008867243,,16,test,False,,,,4
M1,N9,E11a,T12b,categorical,1.7641793489456177,0.5087108013937283,0.8222996515679443,0.5510465502738953,0.5087108013937283,,,,0.11109646072196144,final_score,0.0,,0.11109646072196144,0.11187209792370112,0.0,0.11109646072196144,-0.0008733395268027976,graph_lift,0.0,955,17.267,7.171865370016716,1.9212877490936302,16,test,False,,,,5
M5,N9,E11a,T12b,global_categorical,,,,,,,,,0.22758153080940247,final_score,0.0,,0.0,0.0,0.0,0.0,0.0,graph_lift,0.0,955,17.267,7.171865370016716,,16,test,False,,,,5
M1,N9,E11a,T12b,categorical,1.5509053468704224,0.5614035087719298,0.7719298245614035,0.599972665309906,0.5614035087719298,,,,0.18905620077216967,final_score,0.0,,0.18905620077216967,0.23067700227610655,0.0,0.18905620077216967,-0.054100555458598674,graph_lift,0.0,947,17.143,7.162024452376859,1.9979083012999057,16,test,False,,,,6
M5,N9,E11a,T12b,global_categorical,,,,,,,,,0.1583867371082306,final_score,0.0,,0.0,0.0,0.0,0.0,0.0,graph_lift,0.0,947,17.143,7.162024452376859,,16,test,False,,,,6
M1,N9,E11a,T12b,categorical,1.4455671310424805,0.6232394366197183,0.8556338028169014,0.644391655921936,0.6232394366197183,,,,0.22970282833745093,final_score,0.02824737712007748,,0.22970282833745093,0.2073114560991176,0.02824737712007748,0.22970282833745093,0.02824737712007748,graph_lift,2.824737712007748,944,17.788,7.127688663585711,1.9474753979041846,16,test,False,,,,7
M5,N9,E11a,T12b,global_categorical,,,,,,,,,0.18787029385566711,final_score,0.0,,0.0,0.0,0.0,0.0,0.0,graph_lift,0.0,944,17.788,7.127688663585711,,16,test,False,,,,7
M1,N9,E11a,T12b,categorical,1.9593466520309448,0.475177304964539,0.7198581560283688,0.5203909277915955,0.475177304964539,,,,0.06509151217041698,final_score,0.0,,0.06509151217041698,0.06705091970704624,0.0,0.06509151217041698,-0.0021002298818001888,graph_lift,0.0,938,17.143,7.155143202059193,2.0533227104037968,16,test,False,,,,8
M5,N9,E11a,T12b,global_categorical,,,,,,,,,0.20311586558818817,final_score,0.0,,0.0,0.0,0.0,0.0,0.0,graph_lift,0.0,938,17.143,7.155143202059193,,16,test,False,,,,8
M1,N9,E11a,T12b,categorical,1.6728835105895996,0.5473684210526316,0.8035087719298246,0.5830333232879639,0.5473684210526316,,,,0.12844066279948096,final_score,0.030725589424458105,,0.12844066279948096,0.1008125999292615,0.030725589424458105,0.12844066279948096,0.030725589424458105,graph_lift,3.0725589424458106,949,17.993,7.166414327032961,1.9474508691109282,16,test,False,,,,9
M5,N9,E11a,T12b,global_categorical,,,,,,,,,0.2080254703760147,final_score,0.0,,0.0,0.0,0.0,0.0,0.0,graph_lift,0.0,949,17.993,7.166414327032961,,16,test,False,,,,9
M1,N9,E11a,T12e,categorical,2.068033218383789,0.35664335664335667,0.6853146853146853,0.4624978303909302,0.35664335664335667,,,,-0.034995573966034144,final_score,0.0,,0.0,0.0,0.0,0.0,0.0,graph_lift,0.0,953,0.0,0.0,1.9812314267786069,16,train,False,,,,0
M5,N9,E11a,T12e,global_categorical,,,,,,,,,0.10750138014554977,final_score,0.0,,0.0,0.0,0.0,0.0,0.0,graph_lift,0.0,953,0.0,0.0,,16,train,False,,,,0
M1,N9,E11a,T12e,categorical,2.004312753677368,0.3711340206185567,0.711340206185567,0.4631318747997284,0.3711340206185567,,,,-0.015884757003253425,final_score,0.0,,0.0,0.0,0.0,0.0,0.0,graph_lift,0.0,967,0.0,0.0,1.9411498884281326,16,train,False,,,,1
M5,N9,E11a,T12e,global_categorical,,,,,,,,,0.10233022272586823,final_score,0.0,,0.0,0.2559029377735169,0.0,0.0,-0.34391069494053045,graph_lift,0.0,967,0.0,0.0,,16,train,False,,,,1
M1,N9,E11a,T12e,categorical,1.9142227172851562,0.3819444444444444,0.7465277777777778,0.491403728723526,0.3819444444444444,,,,-0.027415145088084847,final_score,0.0,,0.0,0.0,0.0,0.0,0.0,graph_lift,0.0,958,0.0,0.0,1.909383040763451,16,train,False,,,,2
M5,N9,E11a,T12e,global_categorical,,,,,,,,,0.08435477316379547,final_score,0.10008902213948816,,0.10008902213948816,0.0,0.10008902213948816,0.10008902213948816,0.10008902213948816,graph_lift,10.008902213948815,958,0.0,0.0,,16,train,False,,,,2
M1,N9,E11a,T12e,categorical,1.964311122894287,0.3958333333333333,0.6979166666666666,0.4884510040283203,0.3958333333333333,,,,-0.02648672402309815,final_score,0.0,,0.0,0.0,0.0,0.0,0.0,graph_lift,0.0,958,0.0,0.0,1.9086983947692548,16,train,False,,,,3
M5,N9,E11a,T12e,global_categorical,,,,,,,,,0.09214740246534348,final_score,0.0,,0.0,0.0,0.0,0.0,0.0,graph_lift,0.0,958,0.0,0.0,,16,train,False,,,,3
M1,N9,E11a,T12e,categorical,1.831468105316162,0.4452054794520548,0.75,0.519513726234436,0.4452054794520548,,,,-0.018735146799614855,final_score,0.0,,0.0,0.0,0.0,0.0,0.0,graph_lift,0.0,971,0.0,0.0,1.8371513741815135,16,train,False,,,,4
M5,N9,E11a,T12e,global_categorical,,,,,,,,,0.1037091314792633,final_score,0.0,,0.0,0.0,0.0,0.0,0.0,graph_lift,0.0,971,0.0,0.0,,16,train,False,,,,4
M1,N9,E11a,T12e,categorical,2.1379611492156982,0.33797909407665505,0.6341463414634146,0.43881115317344666,0.33797909407665505,,,,-0.020426728012557183,final_score,0.0,,0.0,0.0,0.0,0.0,0.0,graph_lift,0.0,956,0.0,0.0,2.0184376273338986,16,train,False,,,,5
M5,N9,E11a,T12e,global_categorical,,,,,,,,,0.10787272453308105,final_score,0.0,,0.0,0.0,0.0,0.0,0.0,graph_lift,0.0,956,0.0,0.0,,16,train,False,,,,5
M1,N9,E11a,T12e,categorical,2.0131802558898926,0.356401384083045,0.7197231833910035,0.46598711609840393,0.356401384083045,,,,-0.022532188380817386,final_score,0.0,,0.0,0.0,0.0,0.0,0.0,graph_lift,0.0,962,0.0,0.0,2.026957711366874,16,train,False,,,,6
M5,N9,E11a,T12e,global_categorical,,,,,,,,,0.08378039300441742,final_score,0.0,,0.0,0.0,0.0,0.0,0.0,graph_lift,0.0,962,0.0,0.0,,16,train,False,,,,6
M1,N9,E11a,T12e,categorical,2.100022315979004,0.36551724137931035,0.6551724137931034,0.45863163471221924,0.36551724137931035,,,,-0.04184716509571085,final_score,0.0,,0.0,0.0,0.0,0.0,0.0,graph_lift,0.0,966,0.0,0.0,2.0074965506602593,16,train,False,,,,7
M5,N9,E11a,T12e,global_categorical,,,,,,,,,0.10773053020238876,final_score,0.0,,0.0,0.0,0.0,0.0,0.0,graph_lift,0.0,966,0.0,0.0,,16,train,False,,,,7
M1,N9,E11a,T12e,categorical,2.0494072437286377,0.356401384083045,0.6782006920415224,0.46178725361824036,0.356401384083045,,,,-0.012784561755067037,final_score,0.0,,0.0,0.0,0.0,0.0,0.0,graph_lift,0.0,961,0.0,0.0,1.9601972938078505,16,train,False,,,,8
M5,N9,E11a,T12e,global_categorical,,,,,,,,,0.07153666019439697,final_score,0.05399771812318588,,0.05399771812318588,0.0,0.05399771812318588,0.05399771812318588,0.05399771812318588,graph_lift,5.399771812318588,961,0.0,0.0,,16,train,False,,,,8
M1,N9,E11a,T12e,categorical,1.9572256803512573,0.3424657534246575,0.7157534246575342,0.4772592782974243,0.3424657534246575,,,,-0.020338628072378073,final_score,0.0,,0.0,0.0,0.0,0.0,0.0,graph_lift,0.0,973,0.0,0.0,1.9794327786456045,16,train,False,,,,9
M5,N9,E11a,T12e,global_categorical,,,,,,,,,0.09273228794336319,final_score,0.06386819575833132,,0.06386819575833132,0.0,0.06386819575833132,0.06386819575833132,0.06386819575833132,graph_lift,6.386819575833131,973,0.0,0.0,,16,train,False,,,,9
M1,N9,E11a,T12e,categorical,2.006289482116699,0.38596491228070173,0.6807017543859649,0.4730938971042633,0.38596491228070173,,,,-0.023159958109218115,final_score,0.0,,0.0,0.0,0.0,0.0,0.0,graph_lift,0.0,949,0.0,0.0,1.9736195659985436,16,test,False,,,,0
M5,N9,E11a,T12e,global_categorical,,,,,,,,,0.10132564604282379,final_score,0.0,,0.10984868269733881,0.16808701317623384,0.0,0.10984868269733881,-0.07000531474000457,graph_lift,0.0,949,0.0,0.0,,16,test,False,,,,0
M1,N9,E11a,T12e,categorical,1.997714638710022,0.3902439024390244,0.7003484320557491,0.4778333008289337,0.3902439024390244,,,,-0.01307564891047397,final_score,0.0,,0.0,0.0,0.0,0.0,0.0,graph_lift,0.0,956,0.0,0.0,1.9600037058888597,16,test,False,,,,1
M5,N9,E11a,T12e,global_categorical,,,,,,,,,0.055695369839668274,final_score,0.0,,0.0,0.0,0.0,0.0,0.0,graph_lift,0.0,956,0.0,0.0,,16,test,False,,,,1
M1,N9,E11a,T12e,categorical,2.0128278732299805,0.3531468531468531,0.7062937062937062,0.46277907490730286,0.3531468531468531,,,,-0.009464076569694502,final_score,0.0,,0.0,0.0,0.0,0.0,0.0,graph_lift,0.0,951,0.0,0.0,1.9697772059344498,16,test,False,,,,2
M5,N9,E11a,T12e,global_categorical,,,,,,,,,0.07443812489509583,final_score,0.0,,0.0,0.003329041727479894,0.0,0.0,-0.0033401612637032744,graph_lift,0.0,951,0.0,0.0,,16,test,False,,,,2
M1,N9,E11a,T12e,categorical,1.9073967933654785,0.38380281690140844,0.7323943661971831,0.4938723146915436,0.38380281690140844,,,,-0.019935764630278907,final_score,0.0,,0.0,0.0,0.0,0.0,0.0,graph_lift,0.0,946,0.0,0.0,1.9791895352021542,16,test,False,,,,3
M5,N9,E11a,T12e,global_categorical,,,,,,,,,0.09854540228843689,final_score,0.0,,0.0,0.0,0.0,0.0,0.0,graph_lift,0.0,946,0.0,0.0,,16,test,False,,,,3
M1,N9,E11a,T12e,categorical,2.097621202468872,0.3684210526315789,0.6736842105263158,0.45511719584465027,0.3684210526315789,,,,-0.030992783788597267,final_score,0.0,,0.0,0.0,0.0,0.0,0.0,graph_lift,0.0,950,0.0,0.0,1.9647653129427232,16,test,False,,,,4
M5,N9,E11a,T12e,global_categorical,,,,,,,,,0.08294862508773804,final_score,0.04867107440106874,,0.07271821532270403,0.025277420116807506,0.04867107440106874,0.07271821532270403,0.04867107440106874,graph_lift,4.867107440106874,950,0.0,0.0,,16,test,False,,,,4
M1,N9,E11a,T12e,categorical,2.0071775913238525,0.39372822299651566,0.7142857142857143,0.47379109263420105,0.39372822299651566,,,,-0.01134122282684702,final_score,0.0,,0.0,0.0,0.0,0.0,0.0,graph_lift,0.0,955,0.0,0.0,1.9212877490936302,16,test,False,,,,5
M5,N9,E11a,T12e,global_categorical,,,,,,,,,0.06625571846961975,final_score,0.017336712347597934,,0.11414770945508983,0.09851899254196712,0.017336712347597934,0.11414770945508983,0.017336712347597934,graph_lift,1.7336712347597933,955,0.0,0.0,,16,test,False,,,,5
M1,N9,E11a,T12e,categorical,1.9840087890625,0.38596491228070173,0.7087719298245614,0.48145055770874023,0.38596491228070173,,,,-0.037406712218658544,final_score,0.0,,0.0,0.0,0.0,0.0,0.0,graph_lift,0.0,947,0.0,0.0,1.9979083012999057,16,test,False,,,,6
M5,N9,E11a,T12e,global_categorical,,,,,,,,,0.1503351330757141,final_score,0.0,,0.0,0.0,0.0,0.0,0.0,graph_lift,0.0,947,0.0,0.0,,16,test,False,,,,6
M1,N9,E11a,T12e,categorical,1.9185614585876465,0.4084507042253521,0.7429577464788732,0.4937945008277893,0.4084507042253521,,,,-0.0223409261309806,final_score,0.0,,0.0,0.0,0.0,0.0,0.0,graph_lift,0.0,944,0.0,0.0,1.9474753979041846,16,test,False,,,,7
M5,N9,E11a,T12e,global_categorical,,,,,,,,,0.10294105857610703,final_score,0.0,,0.0,0.0,0.0,0.0,0.0,graph_lift,0.0,944,0.0,0.0,,16,test,False,,,,7
M1,N9,E11a,T12e,categorical,2.1596503257751465,0.3404255319148936,0.6702127659574468,0.4400351643562317,0.3404255319148936,,,,-0.030484056177049634,final_score,0.0,,0.0,0.0,0.0,0.0,0.0,graph_lift,0.0,938,0.0,0.0,2.0533227104037968,16,test,False,,,,8
M5,N9,E11a,T12e,global_categorical,,,,,,,,,0.10703320056200027,final_score,0.0,,0.09798462717354532,0.1841349808907087,0.0,0.09798462717354532,-0.10559388097214509,graph_lift,0.0,938,0.0,0.0,,16,test,False,,,,8
M1,N9,E11a,T12e,categorical,1.9657241106033325,0.4105263157894737,0.7228070175438597,0.4889161288738251,0.4105263157894737,,,,-0.024127065948570614,final_score,0.0,,0.0,0.0,0.0,0.0,0.0,graph_lift,0.0,949,0.0,0.0,1.9474508691109282,16,test,False,,,,9
M5,N9,E11a,T12e,global_categorical,,,,,,,,,0.10457750409841537,final_score,0.0,,0.0,0.0,0.0,0.0,0.0,graph_lift,0.0,949,0.0,0.0,,16,test,False,,,,9
M1,N9,E11b,T12a,categorical,1.8939781188964844,0.43356643356643354,0.7797202797202797,0.5050655603408813,0.43356643356643354,,,,0.052114413832466955,final_score,0.0,,0.052114413832466955,0.08602975354339049,0.0,0.052114413832466955,-0.037107706560919926,graph_lift,0.0,953,76.938,7.141466898934765,1.9812314267786069,16,train,False,,,,0
M5,N9,E11b,T12a,global_categorical,,,,,,,,,0.22927820682525635,final_score,0.0,,0.0,0.0,0.0,0.0,0.0,graph_lift,0.0,953,76.938,7.141466898934765,,16,train,False,,,,0
M1,N9,E11b,T12a,categorical,1.7359974384307861,0.5154639175257731,0.8006872852233677,0.5551722049713135,0.5154639175257731,,,,0.12011068153221327,final_score,0.04783816315221483,,0.12011068153221327,0.0759036075414059,0.04783816315221483,0.12011068153221327,0.04783816315221483,graph_lift,4.7838163152214825,967,74.069,7.1297280538273515,1.9411498884281326,16,train,False,,,,1
M5,N9,E11b,T12a,global_categorical,,,,,,,,,0.16892319917678833,final_score,0.0,,0.0,0.0,0.0,0.0,0.0,graph_lift,0.0,967,74.069,7.1297280538273515,,16,train,False,,,,1
M1,N9,E11b,T12a,categorical,1.765472650527954,0.5381944444444444,0.75,0.568491518497467,0.5381944444444444,,,,0.052423056212319796,final_score,0.02843173249262212,,0.052423056212319796,0.02469339985881691,0.02843173249262212,0.052423056212319796,0.02843173249262212,graph_lift,2.843173249262212,958,69.989,7.153797856433556,1.909383040763451,16,train,False,,,,2
M5,N9,E11b,T12a,global_categorical,,,,,,,,,0.20633508265018463,final_score,0.0,,0.0,0.0,0.0,0.0,0.0,graph_lift,0.0,958,69.989,7.153797856433556,,16,train,False,,,,2
M1,N9,E11b,T12a,categorical,1.8373709917068481,0.4895833333333333,0.7430555555555556,0.5281422138214111,0.4895833333333333,,,,0.03984819734345346,final_score,0.0,,0.03984819734345346,0.07940967159408074,0.0,0.03984819734345346,-0.04297402767540623,graph_lift,0.0,958,69.917,7.128457081857102,1.9086983947692548,16,train,False,,,,3
M5,N9,E11b,T12a,global_categorical,,,,,,,,,0.2731667757034302,final_score,0.0,,0.0,0.0,0.0,0.0,0.0,graph_lift,0.0,958,69.917,7.128457081857102,,16,train,False,,,,3
M1,N9,E11b,T12a,categorical,1.821747064590454,0.4794520547945205,0.797945205479452,0.5230625867843628,0.4794520547945205,,,,-0.01332788425316589,final_score,0.0,,0.0,0.03077025034764047,0.0,0.0,-0.03174711708826215,graph_lift,0.0,971,69.616,7.1649466236313,1.8371513741815135,16,train,False,,,,4
M5,N9,E11b,T12a,global_categorical,,,,,,,,,0.24782221019268036,final_score,0.0,,0.0,0.0,0.0,0.0,0.0,graph_lift,0.0,971,69.616,7.1649466236313,,16,train,False,,,,4
M1,N9,E11b,T12a,categorical,1.670824646949768,0.578397212543554,0.7770034843205574,0.602442741394043,0.578397212543554,,,,0.20253269015426068,final_score,0.03868700646930821,,0.20253269015426068,0.17043947682760763,0.03868700646930821,0.20253269015426068,0.03868700646930821,graph_lift,3.8687006469308214,956,70.535,7.13501214397503,2.0184376273338986,16,train,False,,,,5
M5,N9,E11b,T12a,global_categorical,,,,,,,,,0.09384989738464355,final_score,0.0,,0.0,0.0,0.0,0.0,0.0,graph_lift,0.0,956,70.535,7.13501214397503,,16,train,False,,,,5
M1,N9,E11b,T12a,categorical,1.889020323753357,0.4809688581314879,0.7335640138408305,0.5173540711402893,0.4809688581314879,,,,0.04053095006086471,final_score,0.0,,0.04053095006086471,0.08606838564012265,0.0,0.04053095006086471,-0.04982586756357323,graph_lift,0.0,962,70.191,7.148194392697357,2.026957711366874,16,train,False,,,,6
M5,N9,E11b,T12a,global_categorical,,,,,,,,,0.1852128803730011,final_score,0.0,,0.0,0.0,0.0,0.0,0.0,graph_lift,0.0,962,70.191,7.148194392697357,,16,train,False,,,,6
M1,N9,E11b,T12a,categorical,1.7773737907409668,0.4793103448275862,0.8,0.5408105254173279,0.4793103448275862,,,,0.11822274689512069,final_score,0.011582875560662663,,0.11822274689512069,0.1078895424792925,0.011582875560662663,0.11822274689512069,0.011582875560662663,graph_lift,1.1582875560662664,966,73.941,7.1424797659124994,2.0074965506602593,16,train,False,,,,7
M5,N9,E11b,T12a,global_categorical,,,,,,,,,0.19902701675891876,final_score,0.0,,0.0,0.0,0.0,0.0,0.0,graph_lift,0.0,966,73.941,7.1424797659124994,,16,train,False,,,,7
M1,N9,E11b,T12a,categorical,1.7111238241195679,0.5190311418685121,0.7820069204152249,0.5783218741416931,0.5190311418685121,,,,0.15438975515060427,final_score,0.0,,0.15438975515060427,0.1984700565679337,0.0,0.15438975515060427,-0.054995202335900585,graph_lift,0.0,961,71.6,7.140038973690058,1.9601972938078505,16,train,False,,,,8
M5,N9,E11b,T12a,global_categorical,,,,,,,,,0.13800545036792755,final_score,0.0,,0.0,0.0,0.0,0.0,0.0,graph_lift,0.0,961,71.6,7.140038973690058,,16,train,False,,,,8
M1,N9,E11b,T12a,categorical,1.695379376411438,0.5068493150684932,0.7705479452054794,0.5705551505088806,0.5068493150684932,,,,0.11616676134205939,final_score,0.0,,0.11616676134205939,0.14269316095692142,0.0,0.11616676134205939,-0.030941546721440664,graph_lift,0.0,973,70.351,7.132462119219065,1.9794327786456045,16,train,False,,,,9
M5,N9,E11b,T12a,global_categorical,,,,,,,,,0.20942574739456177,final_score,0.0,,0.0,0.0,0.0,0.0,0.0,graph_lift,0.0,973,70.351,7.132462119219065,,16,train,False,,,,9
M1,N9,E11b,T12a,categorical,1.7190836668014526,0.5543859649122806,0.8,0.5708022713661194,0.5543859649122806,,,,0.12330815292079422,final_score,0.0,,0.12330815292079422,0.1941405547350421,0.0,0.12330815292079422,-0.0878967197449165,graph_lift,0.0,949,57.422,7.213133599543529,1.9736195659985436,16,test,False,,,,0
M5,N9,E11b,T12a,global_categorical,,,,,,,,,0.26122766733169556,final_score,0.0,,0.0,0.0,0.0,0.0,0.0,graph_lift,0.0,949,57.422,7.213133599543529,,16,test,False,,,,0
M1,N9,E11b,T12a,categorical,1.5923272371292114,0.5644599303135889,0.8257839721254355,0.5949583053588867,0.5644599303135889,,,,0.19250332194580777,final_score,0.0,,0.19250332194580777,0.1944854890742197,0.0,0.19250332194580777,-0.0024607466427064312,graph_lift,0.0,956,63.43,7.211801302439527,1.9600037058888597,16,test,False,,,,1
M5,N9,E11b,T12a,global_categorical,,,,,,,,,0.20636025071144104,final_score,0.0,,0.0,0.0,0.0,0.0,0.0,graph_lift,0.0,956,63.43,7.211801302439527,,16,test,False,,,,1
M1,N9,E11b,T12a,categorical,1.6713389158248901,0.541958041958042,0.7727272727272727,0.5864722728729248,0.541958041958042,,,,0.1617978641664306,final_score,0.0,,0.1617978641664306,0.2143057973649869,0.0,0.1617978641664306,-0.06682998680970077,graph_lift,0.0,951,59.785,7.201816428097779,1.9697772059344498,16,test,False,,,,2
M5,N9,E11b,T12a,global_categorical,,,,,,,,,0.17389455437660217,final_score,0.0,,0.0,0.0,0.0,0.0,0.0,graph_lift,0.0,951,59.785,7.201816428097779,,16,test,False,,,,2
M1,N9,E11b,T12a,categorical,1.6259069442749023,0.5669014084507042,0.8169014084507042,0.6127289533615112,0.5669014084507042,,,,0.1305843377675382,final_score,0.0,,0.1305843377675382,0.1776164972830746,0.0,0.1305843377675382,-0.05719005714506102,graph_lift,0.0,946,60.623,7.2097113616036435,1.9791895352021542,16,test,False,,,,3
M5,N9,E11b,T12a,global_categorical,,,,,,,,,0.15171340107917786,final_score,0.0,,0.0,0.0,0.0,0.0,0.0,graph_lift,0.0,946,60.623,7.2097113616036435,,16,test,False,,,,3
M1,N9,E11b,T12a,categorical,1.8470700979232788,0.5017543859649123,0.7719298245614035,0.5439960956573486,0.5017543859649123,,,,0.09215448056456466,final_score,0.0,,0.09215448056456466,0.09414263332981065,0.0,0.09215448056456466,-0.0021947746283216556,graph_lift,0.0,950,62.978,7.179364614782461,1.9647653129427232,16,test,False,,,,4
M5,N9,E11b,T12a,global_categorical,,,,,,,,,0.16136112809181213,final_score,0.0,,0.0,0.0,0.0,0.0,0.0,graph_lift,0.0,950,62.978,7.179364614782461,,16,test,False,,,,4
M1,N9,E11b,T12a,categorical,1.8663619756698608,0.4634146341463415,0.7456445993031359,0.5254894495010376,0.4634146341463415,,,,0.05961053443583797,final_score,0.0,,0.05961053443583797,0.08010467271453303,0.0,0.05961053443583797,-0.022278772019824825,graph_lift,0.0,955,61.334,7.18834942950418,1.9212877490936302,16,test,False,,,,5
M5,N9,E11b,T12a,global_categorical,,,,,,,,,0.23163551092147827,final_score,0.0,,0.0,0.0,0.0,0.0,0.0,graph_lift,0.0,955,61.334,7.18834942950418,,16,test,False,,,,5
M1,N9,E11b,T12a,categorical,1.5411266088485718,0.5614035087719298,0.8,0.6130260229110718,0.5614035087719298,,,,0.19416937789034505,final_score,0.0,,0.19416937789034505,0.24719590753224863,0.0,0.19416937789034505,-0.07043868407792314,graph_lift,0.0,947,63.848,7.207983939307957,1.9979083012999057,16,test,False,,,,6
M5,N9,E11b,T12a,global_categorical,,,,,,,,,0.1447765827178955,final_score,0.0,,0.0,0.0,0.0,0.0,0.0,graph_lift,0.0,947,63.848,7.207983939307957,,16,test,False,,,,6
M1,N9,E11b,T12a,categorical,1.4891189336776733,0.6091549295774648,0.8873239436619719,0.6341208815574646,0.6091549295774648,,,,0.2064954430731425,final_score,0.0,,0.2064954430731425,0.20841382665389085,0.0,0.2064954430731425,-0.0024234677731158113,graph_lift,0.0,944,62.177,7.1932608618988,1.9474753979041846,16,test,False,,,,7
M5,N9,E11b,T12a,global_categorical,,,,,,,,,0.17661136388778687,final_score,0.0,,0.0,0.0,0.0,0.0,0.0,graph_lift,0.0,944,62.177,7.1932608618988,,16,test,False,,,,7
M1,N9,E11b,T12a,categorical,1.928581953048706,0.44680851063829785,0.7127659574468085,0.51303631067276,0.44680851063829785,,,,0.079771009670631,final_score,0.0030407991602391256,,0.079771009670631,0.07696424331683815,0.0030407991602391256,0.079771009670631,0.0030407991602391256,graph_lift,0.30407991602391254,938,64.748,7.177010842874952,2.0533227104037968,16,test,False,,,,8
M5,N9,E11b,T12a,global_categorical,,,,,,,,,0.21909746527671814,final_score,0.0,,0.0,0.0,0.0,0.0,0.0,graph_lift,0.0,938,64.748,7.177010842874952,,16,test,False,,,,8
M1,N9,E11b,T12a,categorical,1.7780882120132446,0.4982456140350877,0.775438596491228,0.5620284676551819,0.4982456140350877,,,,0.0736298324479866,final_score,0.0,,0.0736298324479866,0.08493225730508702,0.0,0.0736298324479866,-0.012351462443440863,graph_lift,0.0,949,64.026,7.2206672804027825,1.9474508691109282,16,test,False,,,,9
M5,N9,E11b,T12a,global_categorical,,,,,,,,,0.20186084508895874,final_score,0.0,,0.0,0.0,0.0,0.0,0.0,graph_lift,0.0,949,64.026,7.2206672804027825,,16,test,False,,,,9
M1,N9,E11b,T12b,categorical,1.8793330192565918,0.45454545454545453,0.7692307692307693,0.5153820514678955,0.45454545454545453,,,,0.05944385772436911,final_score,0.0,,0.05944385772436911,0.10454497294821707,0.0,0.05944385772436911,-0.05036670057271322,graph_lift,0.0,953,17.273,7.15585862999057,1.9812314267786069,16,train,False,,,,0
M5,N9,E11b,T12b,global_categorical,,,,,,,,,0.2081839144229889,final_score,0.0,,0.0,0.0,0.0,0.0,0.0,graph_lift,0.0,953,17.273,7.15585862999057,,16,train,False,,,,0
M1,N9,E11b,T12b,categorical,1.732469081878662,0.49828178694158076,0.8178694158075601,0.5517411231994629,0.49828178694158076,,,,0.12189904820303299,final_score,0.0325278023388318,,0.12189904820303299,0.0923760352806553,0.0325278023388318,0.12189904820303299,0.0325278023388318,graph_lift,3.25278023388318,967,17.422,7.144439704509467,1.9411498884281326,16,train,False,,,,1
M5,N9,E11b,T12b,global_categorical,,,,,,,,,0.18102499842643738,final_score,0.0,,0.0,0.0,0.0,0.0,0.0,graph_lift,0.0,967,17.422,7.144439704509467,,16,train,False,,,,1
M1,N9,E11b,T12b,categorical,1.801373839378357,0.5104166666666666,0.7638888888888888,0.5534424185752869,0.5104166666666666,,,,0.03315392351950508,final_score,0.0,,0.03315392351950508,0.04544033738357112,0.0,0.03315392351950508,-0.012871289606339768,graph_lift,0.0,958,17.321,7.1787173295422875,1.909383040763451,16,train,False,,,,2
M5,N9,E11b,T12b,global_categorical,,,,,,,,,0.24226363003253937,final_score,0.0,,0.0,0.0,0.0,0.0,0.0,graph_lift,0.0,958,17.321,7.1787173295422875,,16,train,False,,,,2
M1,N9,E11b,T12b,categorical,1.772240400314331,0.5069444444444444,0.7847222222222222,0.5388274788856506,0.5069444444444444,,,,0.07388335807782787,final_score,0.0,,0.07388335807782787,0.09563915106929222,0.0,0.07388335807782787,-0.024056540060516576,graph_lift,0.0,958,17.134,7.20532735501493,1.9086983947692548,16,train,False,,,,3
M5,N9,E11b,T12b,global_categorical,,,,,,,,,0.2347087264060974,final_score,0.0,,0.0,0.0,0.0,0.0,0.0,graph_lift,0.0,958,17.134,7.20532735501493,,16,train,False,,,,3
M1,N9,E11b,T12b,categorical,1.81209135055542,0.4623287671232877,0.7842465753424658,0.5201272368431091,0.4623287671232877,,,,-0.007957013501006971,final_score,0.0,,0.0,0.030873844880267454,0.0,0.0,-0.03185740547519645,graph_lift,0.0,971,17.473,7.1593385927681155,1.8371513741815135,16,train,False,,,,4
M5,N9,E11b,T12b,global_categorical,,,,,,,,,0.23518779873847961,final_score,0.0,,0.0,0.0,0.0,0.0,0.0,graph_lift,0.0,971,17.473,7.1593385927681155,,16,train,False,,,,4
M1,N9,E11b,T12b,categorical,1.7124449014663696,0.578397212543554,0.7665505226480837,0.5834589600563049,0.578397212543554,,,,0.1826677829323411,final_score,0.0,,0.1826677829323411,0.18362297977972974,0.0,0.1826677829323411,-0.0011700437711131616,graph_lift,0.0,956,17.484,7.135929587874143,2.0184376273338986,16,train,False,,,,5
M5,N9,E11b,T12b,global_categorical,,,,,,,,,0.1385437399148941,final_score,0.0,,0.0,0.0,0.0,0.0,0.0,graph_lift,0.0,956,17.484,7.135929587874143,,16,train,False,,,,5
M1,N9,E11b,T12b,categorical,1.952373743057251,0.4602076124567474,0.7231833910034602,0.5093711614608765,0.4602076124567474,,,,0.00835254531388574,final_score,0.0,,0.00835254531388574,0.091526797870227,0.0,0.00835254531388574,-0.09155388663237646,graph_lift,0.0,962,17.201,7.1907063481437525,2.026957711366874,16,train,False,,,,6
M5,N9,E11b,T12b,global_categorical,,,,,,,,,0.19084416329860687,final_score,0.0,,0.0,0.0,0.0,0.0,0.0,graph_lift,0.0,962,17.201,7.1907063481437525,,16,train,False,,,,6
M1,N9,E11b,T12b,categorical,1.9209401607513428,0.496551724137931,0.7517241379310344,0.5337689518928528,0.496551724137931,,,,0.04699773962784881,final_score,0.0,,0.04699773962784881,0.10066915285328126,0.0,0.04699773962784881,-0.0596792753142119,graph_lift,0.0,966,17.364,7.203751177843076,2.0074965506602593,16,train,False,,,,7
M5,N9,E11b,T12b,global_categorical,,,,,,,,,0.17423442006111145,final_score,0.0,,0.0,0.0,0.0,0.0,0.0,graph_lift,0.0,966,17.364,7.203751177843076,,16,train,False,,,,7
M1,N9,E11b,T12b,categorical,1.7119160890579224,0.5121107266435986,0.8166089965397924,0.5560455322265625,0.5121107266435986,,,,0.15399821529212854,final_score,0.0,,0.15399821529212854,0.170000834951051,0.0,0.15399821529212854,-0.019280284044597463,graph_lift,0.0,961,17.769,7.120862889859291,1.9601972938078505,16,train,False,,,,8
M5,N9,E11b,T12b,global_categorical,,,,,,,,,0.18372470140457153,final_score,0.0,,0.0,0.0,0.0,0.0,0.0,graph_lift,0.0,961,17.769,7.120862889859291,,16,train,False,,,,8
M1,N9,E11b,T12b,categorical,1.6988396644592285,0.547945205479452,0.791095890410959,0.5842702984809875,0.547945205479452,,,,0.1143628436877484,final_score,0.0,,0.1143628436877484,0.1263370560939988,0.0,0.1143628436877484,-0.013705757454603375,graph_lift,0.0,973,17.37,7.1719851851068945,1.9794327786456045,16,train,False,,,,9
M5,N9,E11b,T12b,global_categorical,,,,,,,,,0.22388595342636108,final_score,0.0,,0.0,0.0,0.0,0.0,0.0,graph_lift,0.0,973,17.37,7.1719851851068945,,16,train,False,,,,9
M1,N9,E11b,T12b,categorical,1.6741958856582642,0.5368421052631579,0.8070175438596491,0.5754698514938354,0.5368421052631579,,,,0.14619987721968664,final_score,0.0,,0.14619987721968664,0.18788904687549657,0.0,0.14619987721968664,-0.05133432752681841,graph_lift,0.0,949,17.394,7.1709450156383285,1.9736195659985436,16,test,False,,,,0
M5,N9,E11b,T12b,global_categorical,,,,,,,,,0.2626488208770752,final_score,0.0,,0.0,0.0,0.0,0.0,0.0,graph_lift,0.0,949,17.394,7.1709450156383285,,16,test,False,,,,0
M1,N9,E11b,T12b,categorical,1.650984764099121,0.5331010452961672,0.794425087108014,0.5821768045425415,0.5331010452961672,,,,0.1627570645743558,final_score,0.0,,0.1627570645743558,0.21425005556797594,0.0,0.1627570645743558,-0.06553355982842815,graph_lift,0.0,956,17.309,7.1374000358544025,1.9600037058888597,16,test,False,,,,1
M5,N9,E11b,T12b,global_categorical,,,,,,,,,0.2322935163974762,final_score,0.0,,0.0,0.0,0.0,0.0,0.0,graph_lift,0.0,956,17.309,7.1374000358544025,,16,test,False,,,,1
M1,N9,E11b,T12b,categorical,1.7003824710845947,0.534965034965035,0.7587412587412588,0.5844712257385254,0.534965034965035,,,,0.14723207387172732,final_score,0.0,,0.14723207387172732,0.19739994226898305,0.0,0.14723207387172732,-0.06250668426200011,graph_lift,0.0,951,17.016,7.146291278643223,1.9697772059344498,16,test,False,,,,2
M5,N9,E11b,T12b,global_categorical,,,,,,,,,0.1613861322402954,final_score,0.0,,0.0,0.0,0.0,0.0,0.0,graph_lift,0.0,951,17.016,7.146291278643223,,16,test,False,,,,2
M1,N9,E11b,T12b,categorical,1.5728914737701416,0.5880281690140845,0.8098591549295775,0.6146951913833618,0.5880281690140845,,,,0.15893312470092213,final_score,0.0,,0.15893312470092213,0.19694002860115,0.0,0.15893312470092213,-0.04732760348398844,graph_lift,0.0,946,17.164,7.162518493976714,1.9791895352021542,16,test,False,,,,3
M5,N9,E11b,T12b,global_categorical,,,,,,,,,0.18366441130638123,final_score,0.0,,0.0,0.0,0.0,0.0,0.0,graph_lift,0.0,946,17.164,7.162518493976714,,16,test,False,,,,3
M1,N9,E11b,T12b,categorical,1.859209418296814,0.519298245614035,0.7403508771929824,0.5538283586502075,0.519298245614035,,,,0.08618791706683049,final_score,0.011903976027469006,,0.08618791706683049,0.07517886848761024,0.011903976027469006,0.08618791706683049,0.011903976027469006,graph_lift,1.1903976027469005,950,17.647,7.11608008867243,1.9647653129427232,16,test,False,,,,4
M5,N9,E11b,T12b,global_categorical,,,,,,,,,0.14738008379936218,final_score,0.0,,0.0,0.0,0.0,0.0,0.0,graph_lift,0.0,950,17.647,7.11608008867243,,16,test,False,,,,4
M1,N9,E11b,T12b,categorical,1.8063428401947021,0.5017421602787456,0.7386759581881533,0.551545262336731,0.5017421602787456,,,,0.08985186652803745,final_score,0.0,,0.08985186652803745,0.11187209792370112,0.0,0.08985186652803745,-0.02479398670414919,graph_lift,0.0,955,17.267,7.171865370016716,1.9212877490936302,16,test,False,,,,5
M5,N9,E11b,T12b,global_categorical,,,,,,,,,0.1568918228149414,final_score,0.0,,0.0,0.0,0.0,0.0,0.0,graph_lift,0.0,955,17.267,7.171865370016716,,16,test,False,,,,5
M1,N9,E11b,T12b,categorical,1.5567348003387451,0.5543859649122806,0.7859649122807018,0.6019058227539062,0.5543859649122806,,,,0.18600804778233582,final_score,0.0,,0.18600804778233582,0.23067700227610655,0.0,0.18600804778233582,-0.05806267929845796,graph_lift,0.0,947,17.143,7.162024452376859,1.9979083012999057,16,test,False,,,,6
M5,N9,E11b,T12b,global_categorical,,,,,,,,,0.17665556073188782,final_score,0.0,,0.0,0.0,0.0,0.0,0.0,graph_lift,0.0,947,17.143,7.162024452376859,,16,test,False,,,,6
M1,N9,E11b,T12b,categorical,1.5512531995773315,0.5809859154929577,0.8204225352112676,0.6181710362434387,0.5809859154929577,,,,0.1733860767140425,final_score,0.0,,0.1733860767140425,0.2073114560991176,0.0,0.1733860767140425,-0.04279786764436593,graph_lift,0.0,944,17.788,7.127688663585711,1.9474753979041846,16,test,False,,,,7
M5,N9,E11b,T12b,global_categorical,,,,,,,,,0.23989878594875336,final_score,0.0,,0.0,0.0,0.0,0.0,0.0,graph_lift,0.0,944,17.788,7.127688663585711,,16,test,False,,,,7
M1,N9,E11b,T12b,categorical,1.939954400062561,0.450354609929078,0.6843971631205674,0.5096951127052307,0.450354609929078,,,,0.07434460848976077,final_score,0.007817885173780594,,0.07434460848976077,0.06705091970704624,0.007817885173780594,0.07434460848976077,0.007817885173780594,graph_lift,0.7817885173780594,938,17.143,7.155143202059193,2.0533227104037968,16,test,False,,,,8
M5,N9,E11b,T12b,global_categorical,,,,,,,,,0.22842751443386078,final_score,0.0,,0.0,0.0,0.0,0.0,0.0,graph_lift,0.0,938,17.143,7.155143202059193,,16,test,False,,,,8
M1,N9,E11b,T12b,categorical,1.8024358749389648,0.543859649122807,0.7473684210526316,0.5686386227607727,0.543859649122807,,,,0.06094488311972324,final_score,0.0,,0.06094488311972324,0.1008125999292615,0.0,0.06094488311972324,-0.04433749494977565,graph_lift,0.0,949,17.993,7.166414327032961,1.9474508691109282,16,test,False,,,,9
M5,N9,E11b,T12b,global_categorical,,,,,,,,,0.1987139880657196,final_score,0.0,,0.0,0.0,0.0,0.0,0.0,graph_lift,0.0,949,17.993,7.166414327032961,,16,test,False,,,,9
M1,N9,E11b,T12e,categorical,2.059375047683716,0.35664335664335667,0.6853146853146853,0.4620878994464874,0.35664335664335667,,,,-0.030662354274113346,final_score,0.0,,0.0,0.0,0.0,0.0,0.0,graph_lift,0.0,953,0.0,0.0,1.9812314267786069,16,train,False,,,,0
M5,N9,E11b,T12e,global_categorical,,,,,,,,,0.11627618968486786,final_score,0.0,,0.0,0.0,0.0,0.0,0.0,graph_lift,0.0,953,0.0,0.0,,16,train,False,,,,0
M1,N9,E11b,T12e,categorical,2.008967876434326,0.3711340206185567,0.711340206185567,0.4612589180469513,0.3711340206185567,,,,-0.018244263512918746,final_score,0.0,,0.0,0.0,0.0,0.0,0.0,graph_lift,0.0,967,0.0,0.0,1.9411498884281326,16,train,False,,,,1
M5,N9,E11b,T12e,global_categorical,,,,,,,,,0.11185073852539062,final_score,0.0,,0.0,0.2559029377735169,0.0,0.0,-0.34391069494053045,graph_lift,0.0,967,0.0,0.0,,16,train,False,,,,1
M1,N9,E11b,T12e,categorical,1.9337577819824219,0.3819444444444444,0.7465277777777778,0.48436906933784485,0.3819444444444444,,,,-0.03790014307134526,final_score,0.0,,0.0,0.0,0.0,0.0,0.0,graph_lift,0.0,958,0.0,0.0,1.909383040763451,16,train,False,,,,2
M5,N9,E11b,T12e,global_categorical,,,,,,,,,0.13237757980823517,final_score,0.0,,0.0,0.0,0.0,0.0,0.0,graph_lift,0.0,958,0.0,0.0,,16,train,False,,,,2
M1,N9,E11b,T12e,categorical,1.948793649673462,0.3958333333333333,0.6979166666666666,0.48976707458496094,0.3958333333333333,,,,-0.018377743111613443,final_score,0.0,,0.0,0.0,0.0,0.0,0.0,graph_lift,0.0,958,0.0,0.0,1.9086983947692548,16,train,False,,,,3
M5,N9,E11b,T12e,global_categorical,,,,,,,,,0.07549890875816345,final_score,0.07451201163489277,,0.07451201163489277,0.0,0.07451201163489277,0.07451201163489277,0.07451201163489277,graph_lift,7.4512011634892765,958,0.0,0.0,,16,train,False,,,,3
M1,N9,E11b,T12e,categorical,1.8222336769104004,0.4452054794520548,0.75,0.5221450924873352,0.4452054794520548,,,,-0.013598555489928943,final_score,0.0,,0.0,0.0,0.0,0.0,0.0,graph_lift,0.0,971,0.0,0.0,1.8371513741815135,16,train,False,,,,4
M5,N9,E11b,T12e,global_categorical,,,,,,,,,0.0684645026922226,final_score,0.19544388244829372,,0.19544388244829372,0.0,0.19544388244829372,0.19544388244829372,0.19544388244829372,graph_lift,19.54438824482937,971,0.0,0.0,,16,train,False,,,,4
M1,N9,E11b,T12e,categorical,2.1437065601348877,0.33797909407665505,0.6341463414634146,0.4375280737876892,0.33797909407665505,,,,-0.02316894128805247,final_score,0.0,,0.0,0.0,0.0,0.0,0.0,graph_lift,0.0,956,0.0,0.0,2.0184376273338986,16,train,False,,,,5
M5,N9,E11b,T12e,global_categorical,,,,,,,,,0.12012268602848053,final_score,0.0,,0.0,0.0,0.0,0.0,0.0,graph_lift,0.0,956,0.0,0.0,,16,train,False,,,,5
M1,N9,E11b,T12e,categorical,2.01120924949646,0.356401384083045,0.7197231833910035,0.46532121300697327,0.356401384083045,,,,-0.021531148724114324,final_score,0.0,,0.0,0.0,0.0,0.0,0.0,graph_lift,0.0,962,0.0,0.0,2.026957711366874,16,train,False,,,,6
M5,N9,E11b,T12e,global_categorical,,,,,,,,,0.09139960259199142,final_score,0.0,,0.0,0.0,0.0,0.0,0.0,graph_lift,0.0,962,0.0,0.0,,16,train,False,,,,6
M1,N9,E11b,T12e,categorical,2.12188982963562,0.36551724137931035,0.6724137931034483,0.458120197057724,0.36551724137931035,,,,-0.052695865507021766,final_score,0.0,,0.0,0.0,0.0,0.0,0.0,graph_lift,0.0,966,0.0,0.0,2.0074965506602593,16,train,False,,,,7
M5,N9,E11b,T12e,global_categorical,,,,,,,,,0.1100410521030426,final_score,0.0,,0.0,0.0,0.0,0.0,0.0,graph_lift,0.0,966,0.0,0.0,,16,train,False,,,,7
M1,N9,E11b,T12e,categorical,2.0457353591918945,0.356401384083045,0.6678200692041523,0.46201422810554504,0.356401384083045,,,,-0.010970004383493048,final_score,0.0,,0.0,0.0,0.0,0.0,0.0,graph_lift,0.0,961,0.0,0.0,1.9601972938078505,16,train,False,,,,8
M5,N9,E11b,T12e,global_categorical,,,,,,,,,0.07062508910894394,final_score,0.0660523531115696,,0.0660523531115696,0.0,0.0660523531115696,0.0660523531115696,0.0660523531115696,graph_lift,6.605235311156959,961,0.0,0.0,,16,train,False,,,,8
M1,N9,E11b,T12e,categorical,1.963297963142395,0.3424657534246575,0.7157534246575342,0.4760228991508484,0.3424657534246575,,,,-0.02350426954601903,final_score,0.0,,0.0,0.0,0.0,0.0,0.0,graph_lift,0.0,973,0.0,0.0,1.9794327786456045,16,train,False,,,,9
M5,N9,E11b,T12e,global_categorical,,,,,,,,,0.10675376653671265,final_score,0.0,,0.0,0.0,0.0,0.0,0.0,graph_lift,0.0,973,0.0,0.0,,16,train,False,,,,9
M1,N9,E11b,T12e,categorical,2.012941837310791,0.38596491228070173,0.6807017543859649,0.47111913561820984,0.38596491228070173,,,,-0.026552526044945957,final_score,0.0,,0.0,0.0,0.0,0.0,0.0,graph_lift,0.0,949,0.0,0.0,1.9736195659985436,16,test,False,,,,0
M5,N9,E11b,T12e,global_categorical,,,,,,,,,0.11450426280498505,final_score,0.0,,0.0,0.16808701317623384,0.0,0.0,-0.20204879096549275,graph_lift,0.0,949,0.0,0.0,,16,test,False,,,,0
M1,N9,E11b,T12e,categorical,2.0039803981781006,0.3902439024390244,0.7003484320557491,0.47615504264831543,0.3902439024390244,,,,-0.016253134157864002,final_score,0.0,,0.0,0.0,0.0,0.0,0.0,graph_lift,0.0,956,0.0,0.0,1.9600037058888597,16,test,False,,,,1
M5,N9,E11b,T12e,global_categorical,,,,,,,,,0.08033306896686554,final_score,0.0,,0.0,0.0,0.0,0.0,0.0,graph_lift,0.0,956,0.0,0.0,,16,test,False,,,,1
M1,N9,E11b,T12e,categorical,2.01240873336792,0.3531468531468531,0.7062937062937062,0.461929589509964,0.3531468531468531,,,,-0.009253873163650006,final_score,0.0,,0.0,0.0,0.0,0.0,0.0,graph_lift,0.0,951,0.0,0.0,1.9697772059344498,16,test,False,,,,2
M5,N9,E11b,T12e,global_categorical,,,,,,,,,0.07781364023685455,final_score,0.0,,0.0,0.003329041727479894,0.0,0.0,-0.0033401612637032744,graph_lift,0.0,951,0.0,0.0,,16,test,False,,,,2
M1,N9,E11b,T12e,categorical,1.9030402898788452,0.38380281690140844,0.7323943661971831,0.4945319890975952,0.38380281690140844,,,,-0.017606232678767597,final_score,0.0,,0.0,0.0,0.0,0.0,0.0,graph_lift,0.0,946,0.0,0.0,1.9791895352021542,16,test,False,,,,3
M5,N9,E11b,T12e,global_categorical,,,,,,,,,0.08878977596759796,final_score,0.0,,0.0,0.0,0.0,0.0,0.0,graph_lift,0.0,946,0.0,0.0,,16,test,False,,,,3
M1,N9,E11b,T12e,categorical,2.102512836456299,0.3684210526315789,0.6736842105263158,0.4551171064376831,0.3684210526315789,,,,-0.03339702972839942,final_score,0.0,,0.0,0.0,0.0,0.0,0.0,graph_lift,0.0,950,0.0,0.0,1.9647653129427232,16,test,False,,,,4
M5,N9,E11b,T12e,global_categorical,,,,,,,,,0.09567141532897949,final_score,0.0,,0.0,0.025277420116807506,0.0,0.0,-0.02593293788252722,graph_lift,0.0,950,0.0,0.0,,16,test,False,,,,4
M1,N9,E11b,T12e,categorical,2.006442070007324,0.39372822299651566,0.7142857142857143,0.4741765856742859,0.39372822299651566,,,,-0.010970575720289366,final_score,0.0,,0.0,0.0,0.0,0.0,0.0,graph_lift,0.0,955,0.0,0.0,1.9212877490936302,16,test,False,,,,5
M5,N9,E11b,T12e,global_categorical,,,,,,,,,0.06875196099281311,final_score,0.0,,0.08077244452697056,0.09851899254196712,0.0,0.08077244452697056,-0.019685992126487174,graph_lift,0.0,955,0.0,0.0,,16,test,False,,,,5
M1,N9,E11b,T12e,categorical,1.9755752086639404,0.38596491228070173,0.7087719298245614,0.4826527237892151,0.38596491228070173,,,,-0.03299693779351376,final_score,0.0,,0.0,0.0,0.0,0.0,0.0,graph_lift,0.0,947,0.0,0.0,1.9979083012999057,16,test,False,,,,6
M5,N9,E11b,T12e,global_categorical,,,,,,,,,0.13876208662986755,final_score,0.0,,0.0,0.0,0.0,0.0,0.0,graph_lift,0.0,947,0.0,0.0,,16,test,False,,,,6
M1,N9,E11b,T12e,categorical,1.9118504524230957,0.4084507042253521,0.7429577464788732,0.4938061237335205,0.4084507042253521,,,,-0.01876480673414882,final_score,0.0,,0.0,0.0,0.0,0.0,0.0,graph_lift,0.0,944,0.0,0.0,1.9474753979041846,16,test,False,,,,7
M5,N9,E11b,T12e,global_categorical,,,,,,,,,0.08920858800411224,final_score,0.0,,0.0,0.0,0.0,0.0,0.0,graph_lift,0.0,944,0.0,0.0,,16,test,False,,,,7
M1,N9,E11b,T12e,categorical,2.1603405475616455,0.3404255319148936,0.6702127659574468,0.43897512555122375,0.3404255319148936,,,,-0.030813395271252375,final_score,0.0,,0.0,0.0,0.0,0.0,0.0,graph_lift,0.0,938,0.0,0.0,2.0533227104037968,16,test,False,,,,8
M5,N9,E11b,T12e,global_categorical,,,,,,,,,0.11279180645942688,final_score,0.0,,0.049454348547344755,0.1841349808907087,0.0,0.049454348547344755,-0.16507710122245411,graph_lift,0.0,938,0.0,0.0,,16,test,False,,,,8
M1,N9,E11b,T12e,categorical,1.9687750339508057,0.4105263157894737,0.7228070175438597,0.48679783940315247,0.4105263157894737,,,,-0.02571656184205673,final_score,0.0,,0.0,0.0,0.0,0.0,0.0,graph_lift,0.0,949,0.0,0.0,1.9474508691109282,16,test,False,,,,9
M5,N9,E11b,T12e,global_categorical,,,,,,,,,0.11352811753749847,final_score,0.0,,0.0,0.0,0.0,0.0,0.0,graph_lift,0.0,949,0.0,0.0,,16,test,False,,,,9
M3,N7,E10b,T12a,edge_categorical,,,,,0.967280163599182,0.7142857142857143,,,0.4387232524513148,final_score,0.09142737835532443,,0.4387232524513148,0.3822433846480252,0.09142737835532443,0.4387232524513148,0.09142737835532443,graph_lift,9.142737835532442,962,76.938,7.141466898934765,0.20684603855932426,2,train,False,,,,0
M3,N7,E10b,T12a,edge_categorical,,,,,0.9514066496163683,0.6885245901639344,,,0.4458239579010749,final_score,0.07719490982536314,,0.4458239579010749,0.3994657723506383,0.07719490982536314,0.4458239579010749,0.07719490982536314,graph_lift,7.719490982536314,970,74.069,7.1297280538273515,0.26138352562016626,2,train,False,,,,1
M3,N7,E10b,T12a,edge_categorical,,,,,0.9820224719101124,0.9384615384615385,,,0.8752927745752805,final_score,0.8752927745752805,,0.8752927745752805,0.0,0.8752927745752805,0.8752927745752805,0.8752927745752805,graph_lift,87.52927745752805,969,69.989,7.153797856433556,0.3829604307655954,2,train,False,,,,2
M3,N7,E10b,T12a,edge_categorical,,,,,0.9348958333333334,0.6753246753246753,,,0.3906025054785902,final_score,0.37832681599448187,,0.3906025054785902,0.019746210388253416,0.37832681599448187,0.3906025054785902,0.37832681599448187,graph_lift,37.832681599448186,965,69.917,7.128457081857102,0.28006596666289946,2,train,False,,,,3
M3,N7,E10b,T12a,edge_categorical,,,,,0.9519450800915332,0.7469879518072289,,,0.355207973962807,final_score,0.1771964231935244,,0.355207973962807,0.216347565551664,0.1771964231935244,0.355207973962807,0.1771964231935244,graph_lift,17.71964231935244,981,69.616,7.1649466236313,0.32281187076980966,2,train,False,,,,4
M3,N7,E10b,T12a,edge_categorical,,,,,0.9778393351800554,0.9069767441860465,,,0.6876838774848772,final_score,0.0,,0.6876838774848772,0.724471891534762,0.0,0.6876838774848772,-0.1335181889601151,graph_lift,0.0,967,70.535,7.13501214397503,0.4177021224022041,2,train,False,,,,5
M3,N7,E10b,T12a,edge_categorical,,,,,0.9861111111111112,0.9425287356321839,,,0.7310202489155144,final_score,0.0,,0.7310202489155144,0.8054090653243765,0.0,0.7310202489155144,-0.38228305204898533,graph_lift,0.0,971,70.191,7.148194392697357,0.37838858446845064,2,train,False,,,,6
M3,N7,E10b,T12a,edge_categorical,,,,,0.94579945799458,0.375,,,0.05891659874363886,final_score,0.0,,0.05891659874363886,0.35738291137736977,0.0,0.05891659874363886,-0.464454366243911,graph_lift,0.0,972,73.941,7.1424797659124994,0.27397775766270616,2,train,False,,,,7
M3,N7,E10b,T12a,edge_categorical,,,,,0.963963963963964,0.6923076923076923,,,-0.1216112815040935,final_score,0.0,,0.0,0.08330458955460918,0.0,0.0,-0.09087488450949519,graph_lift,0.0,964,71.6,7.140038973690058,0.2543374917848983,2,train,False,,,,8
M3,N7,E10b,T12a,edge_categorical,,,,,0.9836512261580381,0.875,,,0.8068944557546848,final_score,0.4332534391370724,,0.8068944557546848,0.65927354909522,0.4332534391370724,0.8068944557546848,0.4332534391370724,graph_lift,43.32534391370724,977,70.351,7.132462119219065,0.28322367231257417,2,train,False,,,,9
M3,N7,E10b,T12a,edge_categorical,,,,,0.9042553191489362,0.775,,,0.08687849467051179,final_score,0.0,,0.08687849467051179,0.11527172065425151,0.0,0.08687849467051179,-0.03209259458139662,graph_lift,0.0,967,57.422,7.213133599543529,0.5402041423868609,2,test,False,,,,0
M3,N7,E10b,T12a,edge_categorical,,,,,0.9558823529411765,0.8378378378378378,,,0.6050795904364312,final_score,0.5050402715465382,,0.6050795904364312,0.20211607760993655,0.5050402715465382,0.6050795904364312,0.5050402715465382,graph_lift,50.50402715465382,971,63.43,7.211801302439527,0.3933633105797765,2,test,False,,,,1
M3,N7,E10b,T12a,edge_categorical,,,,,0.9007936507936508,0.6835443037974683,,,-0.3125081145190325,final_score,0.0,,0.0,0.0,0.0,0.0,0.0,graph_lift,0.0,963,59.785,7.201816428097779,0.39356800913181245,2,test,False,,,,2
M3,N7,E10b,T12a,edge_categorical,,,,,0.9641434262948207,0.8695652173913043,,,0.6900070395042772,final_score,0.0,,0.6900070395042772,0.690504168505522,0.0,0.6900070395042772,-0.0016062542711617646,graph_lift,0.0,957,60.623,7.2097113616036435,0.43073549930482224,2,test,False,,,,3
M3,N7,E10b,T12a,edge_categorical,,,,,0.9732441471571907,0.9565217391304348,,,0.7170033340474724,final_score,0.0,,0.7170033340474724,0.784878217418838,0.0,0.7170033340474724,-0.3155184126728659,graph_lift,0.0,963,62.978,7.179364614782461,0.5968178150239344,2,test,False,,,,4
M3,N7,E10b,T12a,edge_categorical,,,,,0.9693877551020408,0.88,,,0.691951199258789,final_score,0.0,,0.691951199258789,0.7394791020204858,0.0,0.691951199258789,-0.18243412766615807,graph_lift,0.0,967,61.334,7.18834942950418,0.4573600325080801,2,test,False,,,,5
M3,N7,E10b,T12a,edge_categorical,,,,,0.8566037735849057,0.5365853658536586,,,-0.2658301894045205,final_score,0.0,,0.0,0.0,0.0,0.0,0.0,graph_lift,0.0,956,63.848,7.207983939307957,0.4836149897791582,2,test,False,,,,6
M3,N7,E10b,T12a,edge_categorical,,,,,0.9393939393939394,0.8085106382978723,,,0.550784997553331,final_score,0.550784997553331,,0.550784997553331,0.0,0.550784997553331,0.550784997553331,0.550784997553331,graph_lift,55.0784997553331,953,62.177,7.1932608618988,0.434464158224144,2,test,False,,,,7
M3,N7,E10b,T12a,edge_categorical,,,,,0.972972972972973,0.9230769230769231,,,0.6703629193377476,final_score,0.10875906649848877,,0.6703629193377476,0.6301369604208227,0.10875906649848877,0.6703629193377476,0.10875906649848877,graph_lift,10.875906649848876,952,64.748,7.177010842874952,0.4824123954986495,2,test,False,,,,8
M3,N7,E10b,T12a,edge_categorical,,,,,0.971830985915493,0.9315068493150684,,,0.829295789372388,final_score,0.29561708212990134,,0.829295789372388,0.757654244166249,0.29561708212990134,0.829295789372388,0.29561708212990134,graph_lift,29.561708212990133,968,64.026,7.2206672804027825,0.524714867078516,2,test,False,,,,9
M3,N7,E10b,T12b,edge_categorical,,,,,0.967280163599182,0.68,,,0.2705499676470986,final_score,0.2705499676470986,,0.2705499676470986,0.0,0.2705499676470986,0.2705499676470986,0.2705499676470986,graph_lift,27.05499676470986,962,17.273,7.15585862999057,0.20684603855932426,2,train,False,,,,0
M3,N7,E10b,T12b,edge_categorical,,,,,0.948849104859335,0.6,,,0.19469537382797253,final_score,0.0,,0.19469537382797253,0.2508894375041273,0.0,0.19469537382797253,-0.07501437903762619,graph_lift,0.0,970,17.422,7.144439704509467,0.26138352562016626,2,train,False,,,,1
M3,N7,E10b,T12b,edge_categorical,,,,,0.9797752808988764,0.9302325581395349,,,0.8279414761932219,final_score,0.0,,0.8279414761932219,0.8465417633208973,0.0,0.8279414761932219,-0.12120748635063827,graph_lift,0.0,969,17.321,7.1787173295422875,0.3829604307655954,2,train,False,,,,2
M3,N7,E10b,T12b,edge_categorical,,,,,0.9140625,0.6024096385542169,,,0.4900354351265208,final_score,0.4176001983533243,,0.4900354351265208,0.12437373187352285,0.4176001983533243,0.4900354351265208,0.4176001983533243,graph_lift,41.76001983533243,965,17.134,7.20532735501493,0.28006596666289946,2,train,False,,,,3
M3,N7,E10b,T12b,edge_categorical,,,,,0.9565217391304348,0.759493670886076,,,0.05902549609685981,final_score,0.0,,0.05902549609685981,0.27466895556956394,0.0,0.05902549609685981,-0.297303501799013,graph_lift,0.0,981,17.473,7.1593385927681155,0.32281187076980966,2,train,False,,,,4
M3,N7,E10b,T12b,edge_categorical,,,,,0.9390581717451524,0.7843137254901961,,,0.5283630346523364,final_score,0.0,,0.5283630346523364,0.7365012978801875,0.0,0.5283630346523364,-0.7899024228711795,graph_lift,0.0,967,17.484,7.135929587874143,0.4177021224022041,2,train,False,,,,5
M3,N7,E10b,T12b,edge_categorical,,,,,0.9861111111111112,0.9425287356321839,,,0.781400892820258,final_score,0.781400892820258,,0.781400892820258,0.0,0.781400892820258,0.781400892820258,0.781400892820258,graph_lift,78.1400892820258,971,17.201,7.1907063481437525,0.37838858446845064,2,train,False,,,,6
M3,N7,E10b,T12b,edge_categorical,,,,,0.94579945799458,0.5238095238095238,,,0.12051189715823596,final_score,0.0,,0.12051189715823596,0.1499830793128919,0.0,0.12051189715823596,-0.034671288814854435,graph_lift,0.0,972,17.364,7.203751177843076,0.27397775766270616,2,train,False,,,,7
M3,N7,E10b,T12b,edge_categorical,,,,,0.9572072072072072,0.6666666666666666,,,0.26376229970163967,final_score,0.26376229970163967,,0.26376229970163967,0.0,0.26376229970163967,0.26376229970163967,0.26376229970163967,graph_lift,26.376229970163966,964,17.769,7.120862889859291,0.2543374917848983,2,train,False,,,,8
M3,N7,E10b,T12b,edge_categorical,,,,,0.9863760217983651,0.8936170212765957,,,0.6715978626193759,final_score,0.20302235806037255,,0.6715978626193759,0.587940589423083,0.20302235806037255,0.6715978626193759,0.20302235806037255,graph_lift,20.302235806037256,977,17.37,7.1719851851068945,0.28322367231257417,2,train,False,,,,9
M3,N7,E10b,T12b,edge_categorical,,,,,0.9148936170212766,0.7894736842105263,,,0.1412484789868096,final_score,0.08998139209143909,,0.1412484789868096,0.05633630614784291,0.08998139209143909,0.1412484789868096,0.08998139209143909,graph_lift,8.99813920914391,967,17.394,7.1709450156383285,0.5402041423868609,2,test,False,,,,0
M3,N7,E10b,T12b,edge_categorical,,,,,0.9595588235294118,0.8450704225352113,,,0.3551935033286511,final_score,0.20957176905720204,,0.3551935033286511,0.18423144388169943,0.20957176905720204,0.3551935033286511,0.20957176905720204,graph_lift,20.957176905720203,971,17.309,7.1374000358544025,0.3933633105797765,2,test,False,,,,1
M3,N7,E10b,T12b,edge_categorical,,,,,0.8968253968253969,0.6829268292682927,,,0.12933375525601276,final_score,0.12933375525601276,,0.12933375525601276,0.0,0.12933375525601276,0.12933375525601276,0.12933375525601276,graph_lift,12.933375525601276,963,17.016,7.146291278643223,0.39356800913181245,2,test,False,,,,2
M3,N7,E10b,T12b,edge_categorical,,,,,0.9561752988047809,0.8493150684931506,,,0.4911523632323682,final_score,0.0,,0.4911523632323682,0.6559201042945895,0.0,0.4911523632323682,-0.4788647727424615,graph_lift,0.0,957,17.164,7.162518493976714,0.43073549930482224,2,test,False,,,,3
M3,N7,E10b,T12b,edge_categorical,,,,,0.9498327759197325,0.918918918918919,,,0.6209205520941454,final_score,0.0,,0.6209205520941454,0.71746594235564,0.0,0.6209205520941454,-0.3417123976714381,graph_lift,0.0,963,17.647,7.11608008867243,0.5968178150239344,2,test,False,,,,4
M3,N7,E10b,T12b,edge_categorical,,,,,0.95578231292517,0.8266666666666667,,,0.3376691829911216,final_score,0.0,,0.3376691829911216,0.6979495358289621,0.0,0.3376691829911216,-1.1927819870319076,graph_lift,0.0,967,17.267,7.171865370016716,0.4573600325080801,2,test,False,,,,5
M3,N7,E10b,T12b,edge_categorical,,,,,0.8754716981132076,0.6451612903225806,,,-0.011198253537612057,final_score,0.0,,0.0,0.0,0.0,0.0,0.0,graph_lift,0.0,956,17.143,7.162024452376859,0.4836149897791582,2,test,False,,,,6
M3,N7,E10b,T12b,edge_categorical,,,,,0.9562289562289562,0.8505747126436781,,,0.6040350090260855,final_score,0.0,,0.6040350090260855,0.6118043624900849,0.0,0.6040350090260855,-0.020014015391403968,graph_lift,0.0,953,17.788,7.127688663585711,0.434464158224144,2,test,False,,,,7
M3,N7,E10b,T12b,edge_categorical,,,,,0.9459459459459459,0.8571428571428571,,,0.5329169496425877,final_score,0.0,,0.5329169496425877,0.6695136386502998,0.0,0.5329169496425877,-0.4133202001131111,graph_lift,0.0,952,17.143,7.155143202059193,0.4824123954986495,2,test,False,,,,8
M3,N7,E10b,T12b,edge_categorical,,,,,0.9577464788732394,0.9006622516556292,,,0.7868644071782208,final_score,0.08109173176207854,,0.7868644071782208,0.7680556371198146,0.08109173176207854,0.7868644071782208,0.08109173176207854,graph_lift,8.109173176207854,968,17.993,7.166414327032961,0.524714867078516,2,test,False,,,,9
M3,N7,E10b,T12e,edge_categorical,,,,,0.9447852760736196,0.0,,,-2.1380397348445106,final_score,0.0,,0.0,0.0,0.0,0.0,0.0,graph_lift,0.0,962,0.0,0.0,0.20684603855932426,2,train,False,,,,0
M3,N7,E10b,T12e,edge_categorical,,,,,0.9232736572890026,0.0,,,-1.4243939504316279,final_score,0.0,,0.0,0.0,0.0,0.0,0.0,graph_lift,0.0,970,0.0,0.0,0.26138352562016626,2,train,False,,,,1
M3,N7,E10b,T12e,edge_categorical,,,,,0.8561797752808988,0.0,,,-0.6008853799144724,final_score,0.0,,0.0,0.0,0.0,0.0,0.0,graph_lift,0.0,969,0.0,0.0,0.3829604307655954,2,train,False,,,,2
M3,N7,E10b,T12e,edge_categorical,,,,,0.90625,0.0,,,-1.2214545011332523,final_score,0.0,,0.0,0.0,0.0,0.0,0.0,graph_lift,0.0,965,0.0,0.0,0.28006596666289946,2,train,False,,,,3
M3,N7,E10b,T12e,edge_categorical,,,,,0.8993135011441648,0.0,,,-1.0991892799414873,final_score,0.0,,0.0,0.0,0.0,0.0,0.0,graph_lift,0.0,981,0.0,0.0,0.32281187076980966,2,train,False,,,,4
M3,N7,E10b,T12e,edge_categorical,,,,,0.8753462603878116,0.0,,,-0.8265007309112198,final_score,0.0,,0.0,0.0,0.0,0.0,0.0,graph_lift,0.0,967,0.0,0.0,0.4177021224022041,2,train,False,,,,5
M3,N7,E10b,T12e,edge_categorical,,,,,0.875,0.0,,,-0.7217482519177019,final_score,0.0,,0.0,0.0,0.0,0.0,0.0,graph_lift,0.0,971,0.0,0.0,0.37838858446845064,2,train,False,,,,6
M3,N7,E10b,T12e,edge_categorical,,,,,0.9295392953929539,0.0,,,-1.6834920063753285,final_score,0.0,,0.0,0.0,0.0,0.0,0.0,graph_lift,0.0,972,0.0,0.0,0.27397775766270616,2,train,False,,,,7
M3,N7,E10b,T12e,edge_categorical,,,,,0.9301801801801802,0.0,,,-1.6427076922730603,final_score,0.0,,0.0,0.0,0.0,0.0,0.0,graph_lift,0.0,964,0.0,0.0,0.2543374917848983,2,train,False,,,,8
M3,N7,E10b,T12e,edge_categorical,,,,,0.9346049046321526,0.0,,,-1.824951473141864,final_score,0.0,,0.0,0.0,0.0,0.0,0.0,graph_lift,0.0,977,0.0,0.0,0.28322367231257417,2,train,False,,,,9
M3,N7,E10b,T12e,edge_categorical,,,,,0.7872340425531915,0.0,,,-0.3334973581712337,final_score,0.0,,0.0,0.0,0.0,0.0,0.0,graph_lift,0.0,967,0.0,0.0,0.5402041423868609,2,test,False,,,,0
M3,N7,E10b,T12e,edge_categorical,,,,,0.8602941176470589,0.0,,,-0.7123035336397123,final_score,0.0,,0.0,0.0,0.0,0.0,0.0,graph_lift,0.0,971,0.0,0.0,0.3933633105797765,2,test,False,,,,1
M3,N7,E10b,T12e,edge_categorical,,,,,0.8452380952380952,0.0,,,-0.596607668597124,final_score,0.0,,0.0,0.0,0.0,0.0,0.0,graph_lift,0.0,963,0.0,0.0,0.39356800913181245,2,test,False,,,,2
M3,N7,E10b,T12e,edge_categorical,,,,,0.8645418326693227,0.0,,,-0.6651460155509188,final_score,0.0,,0.0,0.0,0.0,0.0,0.0,graph_lift,0.0,957,0.0,0.0,0.43073549930482224,2,test,False,,,,3
M3,N7,E10b,T12e,edge_categorical,,,,,0.6889632107023411,0.0,,,-0.10870119109352427,final_score,0.0,,0.0,0.0,0.0,0.0,0.0,graph_lift,0.0,963,0.0,0.0,0.5968178150239344,2,test,False,,,,4
M3,N7,E10b,T12e,edge_categorical,,,,,0.8673469387755102,0.0,,,-0.728876570871454,final_score,0.0,,0.0,0.0,0.0,0.0,0.0,graph_lift,0.0,967,0.0,0.0,0.4573600325080801,2,test,False,,,,5
M3,N7,E10b,T12e,edge_categorical,,,,,0.8226415094339623,0.0,,,-0.44404140928602365,final_score,0.0,,0.0,0.0,0.0,0.0,0.0,graph_lift,0.0,956,0.0,0.0,0.4836149897791582,2,test,False,,,,6
M3,N7,E10b,T12e,edge_categorical,,,,,0.8585858585858586,0.0,,,-0.6519186311796767,final_score,0.0,,0.0,0.0,0.0,0.0,0.0,graph_lift,0.0,953,0.0,0.0,0.434464158224144,2,test,False,,,,7
M3,N7,E10b,T12e,edge_categorical,,,,,0.8258258258258259,0.0,,,-0.47742891088827877,final_score,0.0,,0.0,0.0,0.0,0.0,0.0,graph_lift,0.0,952,0.0,0.0,0.4824123954986495,2,test,False,,,,8
M3,N7,E10b,T12e,edge_categorical,,,,,0.8056338028169014,0.0,,,-0.3828327974442238,final_score,0.0,,0.0,0.0,0.0,0.0,0.0,graph_lift,0.0,968,0.0,0.0,0.524714867078516,2,test,False,,,,9
M3,N8,E10b,T12a,edge_categorical,,,,,0.8333333333333334,0.0,,,-0.5313579923001026,final_score,0.0,,0.0,0.0,0.0,0.0,0.0,graph_lift,0.0,732,76.938,7.141466898934765,0.3829604307655954,2,train,False,,,,0
M3,N8,E10b,T12a,edge_categorical,,,,,0.6,0.0,,,-0.02484411303042089,final_score,0.0,,0.0,0.0,0.0,0.0,0.0,graph_lift,0.0,755,74.069,7.1297280538273515,0.525321319513595,2,train,False,,,,1
M3,N8,E10b,T12a,edge_categorical,,,,,0.8,0.0,,,-0.3792679200567264,final_score,0.0,,0.0,0.0,0.0,0.0,0.0,graph_lift,0.0,741,69.989,7.153797856433556,0.5341593666851499,2,train,False,,,,2
M3,N8,E10b,T12a,edge_categorical,,,,,0.75,0.0,,,0.06100541780475066,final_score,0.06100541780475066,,0.06100541780475066,0.0,0.06100541780475066,0.06100541780475066,0.06100541780475066,graph_lift,6.100541780475066,767,69.917,7.128457081857102,0.4777184128184193,2,train,False,,,,3
M3,N8,E10b,T12a,edge_categorical,,,,,0.5714285714285714,0.0,,,-0.013250763812881816,final_score,0.0,,0.0,0.0,0.0,0.0,0.0,graph_lift,0.0,732,69.616,7.1649466236313,0.48691270946260223,2,train,False,,,,4
M3,N8,E10b,T12a,edge_categorical,,,,,0.8333333333333334,0.0,,,-0.48343569852613855,final_score,0.0,,0.0,0.0,0.0,0.0,0.0,graph_lift,0.0,767,70.535,7.13501214397503,0.443237908469039,2,train,False,,,,5
M3,N8,E10b,T12a,edge_categorical,,,,,0.9,0.6666666666666666,,,-0.2871372560030274,final_score,0.0,,0.0,0.04500513656090099,0.0,0.0,-0.04712605091804352,graph_lift,0.0,756,70.191,7.148194392697357,0.48257756517501205,2,train,False,,,,6
M3,N8,E10b,T12a,edge_categorical,,,,,0.7777777777777778,0.0,,,-0.2794417052576932,final_score,0.0,,0.0,0.5703019520595487,0.0,0.0,-1.327215598937472,graph_lift,0.0,751,73.941,7.1424797659124994,0.45969301996650175,2,train,False,,,,7
M3,N8,E10b,T12a,edge_categorical,,,,,0.8181818181818182,0.0,,,-0.44565351274631837,final_score,0.0,,0.0,0.0,0.0,0.0,0.0,graph_lift,0.0,741,71.6,7.140038973690058,0.2145591551744051,2,train,False,,,,8
M3,N8,E10b,T12a,edge_categorical,,,,,0.7142857142857143,0.0,,,-0.14020035344615622,final_score,0.0,,0.0,0.0,0.0,0.0,0.0,graph_lift,0.0,759,70.351,7.132462119219065,0.5235863374792598,2,train,False,,,,9
M3,N8,E10b,T12a,edge_categorical,,,,,0.8,0.0,,,-0.3108799139431704,final_score,0.0,,0.0,0.0,0.0,0.0,0.0,graph_lift,0.0,793,57.422,7.213133599543529,0.5167535907994583,2,test,False,,,,0
M3,N8,E10b,T12a,edge_categorical,,,,,0.5555555555555556,0.0,,,-0.007702272590715431,final_score,0.0,,0.0,0.0,0.0,0.0,0.0,graph_lift,0.0,794,63.43,7.211801302439527,0.5799151714161009,2,test,False,,,,1
M3,N8,E10b,T12a,edge_categorical,,,,,0.7692307692307693,0.0,,,-1.2830663217290952,final_score,0.0,,0.0,0.0,0.0,0.0,0.0,graph_lift,0.0,785,59.785,7.201816428097779,0.36502313423358723,2,test,False,,,,2
M3,N8,E10b,T12a,edge_categorical,,,,,0.8666666666666667,0.0,,,-0.7287528305163526,final_score,0.0,,0.0,0.0,0.0,0.0,0.0,graph_lift,0.0,789,60.623,7.2097113616036435,0.4505612088643047,2,test,False,,,,3
M3,N8,E10b,T12a,edge_categorical,,,,,0.8461538461538461,0.0,,,-0.549000841237949,final_score,0.0,,0.0,0.0,0.0,0.0,0.0,graph_lift,0.0,801,62.978,7.179364614782461,0.4570445330355596,2,test,False,,,,4
M3,N8,E10b,T12a,edge_categorical,,,,,0.5833333333333334,0.0,,,-0.018551109060762405,final_score,0.0,,0.0,0.0,0.0,0.0,0.0,graph_lift,0.0,791,61.334,7.18834942950418,0.5835274717758099,2,test,False,,,,5
M3,N8,E10b,T12a,edge_categorical,,,,,0.7333333333333333,0.0,,,-0.16671520277252005,final_score,0.0,,0.0,0.0,0.0,0.0,0.0,graph_lift,0.0,765,63.848,7.207983939307957,0.6316943984304564,2,test,False,,,,6
M3,N8,E10b,T12a,edge_categorical,,,,,0.9333333333333333,0.0,,,-0.6308188825062564,final_score,0.0,,0.0,0.0,0.0,0.0,0.0,graph_lift,0.0,795,62.177,7.1932608618988,0.5566602457557224,2,test,False,,,,7
M3,N8,E10b,T12a,edge_categorical,,,,,0.7647058823529411,0.0,,,-0.21974567748677587,final_score,0.0,,0.0,0.0,0.0,0.0,0.0,graph_lift,0.0,761,64.748,7.177010842874952,0.44565090460275564,2,test,False,,,,8
M3,N8,E10b,T12a,edge_categorical,,,,,0.5454545454545454,0.0,,,-1.2740571250966162,final_score,0.0,,0.0,0.0,0.0,0.0,0.0,graph_lift,0.0,785,64.026,7.2206672804027825,0.5084497473934533,2,test,False,,,,9
M3,N8,E10b,T12b,edge_categorical,,,,,0.8333333333333334,0.0,,,-0.5234590354720812,final_score,0.0,,0.0,0.0,0.0,0.0,0.0,graph_lift,0.0,732,17.273,7.15585862999057,0.3829604307655954,2,train,False,,,,0
M3,N8,E10b,T12b,edge_categorical,,,,,0.6,0.0,,,-0.02275904939670581,final_score,0.0,,0.0,0.0,0.0,0.0,0.0,graph_lift,0.0,755,17.422,7.144439704509467,0.525321319513595,2,train,False,,,,1
M3,N8,E10b,T12b,edge_categorical,,,,,0.8,0.0,,,-0.35978275100690427,final_score,0.0,,0.0,0.0,0.0,0.0,0.0,graph_lift,0.0,741,17.321,7.1787173295422875,0.5341593666851499,2,train,False,,,,2
M3,N8,E10b,T12b,edge_categorical,,,,,0.75,0.0,,,-0.13191903197916366,final_score,0.0,,0.0,0.0,0.0,0.0,0.0,graph_lift,0.0,767,17.134,7.20532735501493,0.4777184128184193,2,train,False,,,,3
M3,N8,E10b,T12b,edge_categorical,,,,,0.5714285714285714,0.0,,,-0.00945184976296698,final_score,0.0,,0.0,0.0,0.0,0.0,0.0,graph_lift,0.0,732,17.473,7.1593385927681155,0.48691270946260223,2,train,False,,,,4
M3,N8,E10b,T12b,edge_categorical,,,,,0.8333333333333334,0.0,,,-0.5014961753735678,final_score,0.0,,0.0,0.0,0.0,0.0,0.0,graph_lift,0.0,767,17.484,7.135929587874143,0.443237908469039,2,train,False,,,,5
M3,N8,E10b,T12b,edge_categorical,,,,,0.7,0.4,,,-0.32190404572525955,final_score,0.0,,0.0,0.0,0.0,0.0,0.0,graph_lift,0.0,756,17.201,7.1907063481437525,0.48257756517501205,2,train,False,,,,6
M3,N8,E10b,T12b,edge_categorical,,,,,0.7777777777777778,0.0,,,-0.3005343360514461,final_score,0.0,,0.0,0.0,0.0,0.0,0.0,graph_lift,0.0,751,17.364,7.203751177843076,0.45969301996650175,2,train,False,,,,7
M3,N8,E10b,T12b,edge_categorical,,,,,0.8181818181818182,0.0,,,-0.43559911570213505,final_score,0.0,,0.0,0.0,0.0,0.0,0.0,graph_lift,0.0,741,17.769,7.120862889859291,0.2145591551744051,2,train,False,,,,8
M3,N8,E10b,T12b,edge_categorical,,,,,0.7142857142857143,0.0,,,-0.1337432088063688,final_score,0.0,,0.0,0.0,0.0,0.0,0.0,graph_lift,0.0,759,17.37,7.1719851851068945,0.5235863374792598,2,train,False,,,,9
M3,N8,E10b,T12b,edge_categorical,,,,,0.8,0.0,,,-0.3279174451180591,final_score,0.0,,0.0,0.0,0.0,0.0,0.0,graph_lift,0.0,793,17.394,7.1709450156383285,0.5167535907994583,2,test,False,,,,0
M3,N8,E10b,T12b,edge_categorical,,,,,0.5555555555555556,0.0,,,-0.006063588233696571,final_score,0.0,,0.0,0.0,0.0,0.0,0.0,graph_lift,0.0,794,17.309,7.1374000358544025,0.5799151714161009,2,test,False,,,,1
M3,N8,E10b,T12b,edge_categorical,,,,,0.7692307692307693,0.0,,,-1.2573914995445814,final_score,0.0,,0.0,0.0,0.0,0.0,0.0,graph_lift,0.0,785,17.016,7.146291278643223,0.36502313423358723,2,test,False,,,,2
M3,N8,E10b,T12b,edge_categorical,,,,,0.8666666666666667,0.0,,,-0.6750896895134026,final_score,0.0,,0.0,0.0,0.0,0.0,0.0,graph_lift,0.0,789,17.164,7.162518493976714,0.4505612088643047,2,test,False,,,,3
M3,N8,E10b,T12b,edge_categorical,,,,,0.8461538461538461,0.0,,,-0.5928291101487471,final_score,0.0,,0.0,0.0,0.0,0.0,0.0,graph_lift,0.0,801,17.647,7.11608008867243,0.4570445330355596,2,test,False,,,,4
M3,N8,E10b,T12b,edge_categorical,,,,,0.5833333333333334,0.0,,,-0.019615269920109313,final_score,0.0,,0.0,0.0,0.0,0.0,0.0,graph_lift,0.0,791,17.267,7.171865370016716,0.5835274717758099,2,test,False,,,,5
M3,N8,E10b,T12b,edge_categorical,,,,,0.6666666666666666,0.5454545454545454,,,-0.05024052993313499,final_score,0.0,,0.0,0.0,0.0,0.0,0.0,graph_lift,0.0,765,17.143,7.162024452376859,0.6316943984304564,2,test,False,,,,6
M3,N8,E10b,T12b,edge_categorical,,,,,0.9333333333333333,0.0,,,-1.2185243025083103,final_score,0.0,,0.0,0.0,0.0,0.0,0.0,graph_lift,0.0,795,17.788,7.127688663585711,0.5566602457557224,2,test,False,,,,7
M3,N8,E10b,T12b,edge_categorical,,,,,0.7647058823529411,0.0,,,-0.2572993227458975,final_score,0.0,,0.0,0.0,0.0,0.0,0.0,graph_lift,0.0,761,17.143,7.155143202059193,0.44565090460275564,2,test,False,,,,8
M3,N8,E10b,T12b,edge_categorical,,,,,0.7272727272727273,0.0,,,-1.2311965099409172,final_score,0.0,,0.0,0.0,0.0,0.0,0.0,graph_lift,0.0,785,17.993,7.166414327032961,0.5084497473934533,2,test,False,,,,9
M3,N8,E10b,T12e,edge_categorical,,,,,0.8333333333333334,0.0,,,-0.5298814950022865,final_score,0.0,,0.0,0.0,0.0,0.0,0.0,graph_lift,0.0,732,0.0,0.0,0.3829604307655954,2,train,False,,,,0
M3,N8,E10b,T12e,edge_categorical,,,,,0.6,0.0,,,-0.02100368318427215,final_score,0.0,,0.0,0.0,0.0,0.0,0.0,graph_lift,0.0,755,0.0,0.0,0.525321319513595,2,train,False,,,,1
M3,N8,E10b,T12e,edge_categorical,,,,,0.8,0.0,,,-0.3591844800249282,final_score,0.0,,0.0,0.0,0.0,0.0,0.0,graph_lift,0.0,741,0.0,0.0,0.5341593666851499,2,train,False,,,,2
M3,N8,E10b,T12e,edge_categorical,,,,,0.75,0.0,,,-0.20908688013608656,final_score,0.0,,0.0,0.0,0.0,0.0,0.0,graph_lift,0.0,767,0.0,0.0,0.4777184128184193,2,train,False,,,,3
M3,N8,E10b,T12e,edge_categorical,,,,,0.5714285714285714,0.0,,,-0.01136798362123237,final_score,0.0,,0.0,0.0,0.0,0.0,0.0,graph_lift,0.0,732,0.0,0.0,0.48691270946260223,2,train,False,,,,4
M3,N8,E10b,T12e,edge_categorical,,,,,0.8333333333333334,0.0,,,-0.5109944605633874,final_score,0.0,,0.0,0.0,0.0,0.0,0.0,graph_lift,0.0,767,0.0,0.0,0.443237908469039,2,train,False,,,,5
M3,N8,E10b,T12e,edge_categorical,,,,,0.8,0.0,,,-0.358671744390904,final_score,0.0,,0.0,0.0,0.0,0.0,0.0,graph_lift,0.0,756,0.0,0.0,0.48257756517501205,2,train,False,,,,6
M3,N8,E10b,T12e,edge_categorical,,,,,0.7777777777777778,0.0,,,-0.28659622936242823,final_score,0.0,,0.0,0.0,0.0,0.0,0.0,graph_lift,0.0,751,0.0,0.0,0.45969301996650175,2,train,False,,,,7
M3,N8,E10b,T12e,edge_categorical,,,,,0.8181818181818182,0.0,,,-0.3848593360707806,final_score,0.0,,0.0,0.0,0.0,0.0,0.0,graph_lift,0.0,741,0.0,0.0,0.2145591551744051,2,train,False,,,,8
M3,N8,E10b,T12e,edge_categorical,,,,,0.7142857142857143,0.0,,,-0.1496172445043189,final_score,0.0,,0.0,0.0,0.0,0.0,0.0,graph_lift,0.0,759,0.0,0.0,0.5235863374792598,2,train,False,,,,9
M3,N8,E10b,T12e,edge_categorical,,,,,0.8,0.0,,,-0.3271633856921532,final_score,0.0,,0.0,0.0,0.0,0.0,0.0,graph_lift,0.0,793,0.0,0.0,0.5167535907994583,2,test,False,,,,0
M3,N8,E10b,T12e,edge_categorical,,,,,0.5555555555555556,0.0,,,-0.0030495049629259974,final_score,0.0,,0.0,0.0,0.0,0.0,0.0,graph_lift,0.0,794,0.0,0.0,0.5799151714161009,2,test,False,,,,1
M3,N8,E10b,T12e,edge_categorical,,,,,0.9230769230769231,0.0,,,-1.5138998018562306,final_score,0.0,,0.0,0.0,0.0,0.0,0.0,graph_lift,0.0,785,0.0,0.0,0.36502313423358723,2,test,False,,,,2
M3,N8,E10b,T12e,edge_categorical,,,,,0.8666666666666667,0.0,,,-0.6779455149558049,final_score,0.0,,0.0,0.0,0.0,0.0,0.0,graph_lift,0.0,789,0.0,0.0,0.4505612088643047,2,test,False,,,,3
M3,N8,E10b,T12e,edge_categorical,,,,,0.8461538461538461,0.0,,,-0.5301299860714301,final_score,0.0,,0.0,0.0,0.0,0.0,0.0,graph_lift,0.0,801,0.0,0.0,0.4570445330355596,2,test,False,,,,4
M3,N8,E10b,T12e,edge_categorical,,,,,0.5833333333333334,0.0,,,-0.017460203949956066,final_score,0.0,,0.0,0.0,0.0,0.0,0.0,graph_lift,0.0,791,0.0,0.0,0.5835274717758099,2,test,False,,,,5
M3,N8,E10b,T12e,edge_categorical,,,,,0.7333333333333333,0.0,,,-0.1634565444591538,final_score,0.0,,0.0,0.0,0.0,0.0,0.0,graph_lift,0.0,765,0.0,0.0,0.6316943984304564,2,test,True,loss_plateau,,,6
M3,N8,E10b,T12e,edge_categorical,,,,,0.9333333333333333,0.0,,,-1.7305269689072968,final_score,0.0,,0.0,0.0,0.0,0.0,0.0,graph_lift,0.0,795,0.0,0.0,0.5566602457557224,2,test,False,,,,7
M3,N8,E10b,T12e,edge_categorical,,,,,0.7647058823529411,0.0,,,-0.25556681096946465,final_score,0.0,,0.0,0.0,0.0,0.0,0.0,graph_lift,0.0,761,0.0,0.0,0.44565090460275564,2,test,False,,,,8
M3,N8,E10b,T12e,edge_categorical,,,,,0.9090909090909091,0.0,,,-1.1967945501105044,final_score,0.0,,0.0,0.0,0.0,0.0,0.0,graph_lift,0.0,785,0.0,0.0,0.5084497473934533,2,test,False,,,,9
M4,N7,E10b,T12a,edge_scalar,,,,,,,0.24150490760803223,0.15985789895057678,0.4685593247413635,final_score,0.0,,0.4685593247413635,0.497165322303772,0.0,0.4685593247413635,-0.0568894685097472,graph_lift,0.0,962,76.938,7.141466898934765,1.20476192471484,1,train,False,,,,0
M4,N7,E10b,T12a,edge_scalar,,,,,,,0.26335784792900085,0.14641809463500977,0.6372134685516357,final_score,0.0,,0.6372134685516357,0.6698180437088013,0.0,0.6372134685516357,-0.09874729535011428,graph_lift,0.0,970,74.069,7.1297280538273515,1.4476925949536714,1,train,False,,,,1
M4,N7,E10b,T12a,edge_scalar,,,,,,,0.2665468156337738,0.15748997032642365,0.44486522674560547,final_score,0.02095097814856236,,0.44486522674560547,0.43298572301864624,0.02095097814856236,0.44486522674560547,0.02095097814856236,graph_lift,2.095097814856236,969,69.989,7.153797856433556,1.356922804883424,1,train,False,,,,2
M4,N7,E10b,T12a,edge_scalar,,,,,,,0.19981293380260468,0.1109924241900444,0.5183036923408508,final_score,0.014854246628644931,,0.5183036923408508,0.5110405683517456,0.014854246628644931,0.5183036923408508,0.014854246628644931,graph_lift,1.4854246628644932,965,69.917,7.128457081857102,1.377340939197053,1,train,False,,,,3
M4,N7,E10b,T12a,edge_scalar,,,,,,,0.16833429038524628,0.0990995317697525,0.8027080297470093,final_score,0.18824752735058037,,0.8027080297470093,0.7569555044174194,0.18824752735058037,0.8027080297470093,0.18824752735058037,graph_lift,18.824752735058038,981,69.616,7.1649466236313,1.1449042043884765,1,train,False,,,,4
M4,N7,E10b,T12a,edge_scalar,,,,,,,0.2246035486459732,0.13484571874141693,0.4887024164199829,final_score,0.0,,0.4887024164199829,0.5506778955459595,0.0,0.4887024164199829,-0.13793107107713148,graph_lift,0.0,967,70.535,7.13501214397503,1.305871330931845,1,train,False,,,,5
M4,N7,E10b,T12a,edge_scalar,,,,,,,0.19956029951572418,0.12986840307712555,0.5524446964263916,final_score,0.10433631683841026,,0.5524446964263916,0.5003087520599365,0.10433631683841026,0.5524446964263916,0.10433631683841026,graph_lift,10.433631683841025,971,70.191,7.148194392697357,1.1716772494411414,1,train,False,,,,6
M4,N7,E10b,T12a,edge_scalar,,,,,,,0.242110013961792,0.16210219264030457,0.5690616369247437,final_score,0.0,,0.5690616369247437,0.6349226236343384,0.0,0.5690616369247437,-0.180402815877663,graph_lift,0.0,972,73.941,7.1424797659124994,1.3586719274154682,1,train,False,,,,7
M4,N7,E10b,T12a,edge_scalar,,,,,,,0.19599540531635284,0.11961803585290909,0.6945123076438904,final_score,0.14049796194079986,,0.6945123076438904,0.6445759534835815,0.14049796194079986,0.6945123076438904,0.14049796194079986,graph_lift,14.049796194079986,964,71.6,7.140038973690058,1.245996297127321,1,train,False,,,,8
M4,N7,E10b,T12a,edge_scalar,,,,,,,0.2366211861371994,0.16703687608242035,0.6574528217315674,final_score,0.10241684180013044,,0.6574528217315674,0.6183671951293945,0.10241684180013044,0.6574528217315674,0.10241684180013044,graph_lift,10.241684180013044,977,70.351,7.132462119219065,1.4210478629698395,1,train,False,,,,9
M4,N7,E10b,T12a,edge_scalar,,,,,,,0.24989615380764008,0.3811871409416199,0.4212992787361145,final_score,0.009979550018838863,,0.4212992787361145,0.4154658913612366,0.009979550018838863,0.4212992787361145,0.009979550018838863,graph_lift,0.9979550018838863,967,57.422,7.213133599543529,1.0611808949606776,1,test,False,,,,0
M4,N7,E10b,T12a,edge_scalar,,,,,,,0.2591414749622345,0.29218485951423645,0.3870307207107544,final_score,0.0,,0.3870307207107544,0.4685429334640503,0.0,0.3870307207107544,-0.15337497210187553,graph_lift,0.0,971,63.43,7.211801302439527,1.2395717015753238,1,test,False,,,,1
M4,N7,E10b,T12a,edge_scalar,,,,,,,0.2069637030363083,0.13617666065692902,0.5254548788070679,final_score,0.08508788633022442,,0.5254548788070679,0.48132163286209106,0.08508788633022442,0.5254548788070679,0.08508788633022442,graph_lift,8.508788633022442,963,59.785,7.201816428097779,1.0849150399567764,1,test,False,,,,2
M4,N7,E10b,T12a,edge_scalar,,,,,,,0.16454249620437622,0.10507915169000626,0.6669974327087402,final_score,0.0,,0.6669974327087402,0.6772351861000061,0.0,0.6669974327087402,-0.031718926445427086,graph_lift,0.0,957,60.623,7.2097113616036435,1.1481008587855888,1,test,False,,,,3
M4,N7,E10b,T12a,edge_scalar,,,,,,,0.2183132916688919,0.15288609266281128,0.6033042669296265,final_score,0.0,,0.6033042669296265,0.7508218288421631,0.0,0.6033042669296265,-0.5920163922348342,graph_lift,0.0,963,62.978,7.179364614782461,1.4413966257895656,1,test,False,,,,4
M4,N7,E10b,T12a,edge_scalar,,,,,,,0.20253370702266693,0.11337115615606308,0.5548046827316284,final_score,0.030716467549132254,,0.5548046827316284,0.5406965017318726,0.030716467549132254,0.5548046827316284,0.030716467549132254,graph_lift,3.0716467549132256,967,61.334,7.18834942950418,1.306514923192381,1,test,False,,,,5
M4,N7,E10b,T12a,edge_scalar,,,,,,,0.3028191924095154,0.2693181037902832,0.4614906311035156,final_score,0.0,,0.4614906311035156,0.49956727027893066,0.0,0.4614906311035156,-0.07608742776804019,graph_lift,0.0,956,63.848,7.207983939307957,1.4412366700304138,1,test,False,,,,6
M4,N7,E10b,T12a,edge_scalar,,,,,,,0.15954798460006714,0.13568221032619476,0.6524901390075684,final_score,0.15939160419323192,,0.6524901390075684,0.586597204208374,0.15939160419323192,0.6524901390075684,0.15939160419323192,graph_lift,15.939160419323192,953,62.177,7.1932608618988,0.9259292690914546,1,test,False,,,,7
M4,N7,E10b,T12a,edge_scalar,,,,,,,0.266410768032074,0.169851154088974,0.38927143812179565,final_score,0.18269185133886798,,0.38927143812179565,0.2527560591697693,0.18269185133886798,0.38927143812179565,0.18269185133886798,graph_lift,18.269185133886797,952,64.748,7.177010842874952,1.2358716939133743,1,test,False,,,,8
M4,N7,E10b,T12a,edge_scalar,,,,,,,0.2171017974615097,0.13703615963459015,0.6630194783210754,final_score,0.01114076774135998,,0.6630194783210754,0.6592229604721069,0.01114076774135998,0.6630194783210754,0.01114076774135998,graph_lift,1.114076774135998,968,64.026,7.2206672804027825,1.4926726249736841,1,test,False,,,,9
M4,N7,E10b,T12b,edge_scalar,,,,,,,0.23584119975566864,0.1613570898771286,0.4635753035545349,final_score,0.09765842916172202,,0.4635753035545349,0.4055192470550537,0.09765842916172202,0.4635753035545349,0.09765842916172202,graph_lift,9.765842916172202,962,17.273,7.15585862999057,1.20476192471484,1,train,False,,,,0
M4,N7,E10b,T12b,edge_scalar,,,,,,,0.23616281151771545,0.1277197301387787,0.6835432648658752,final_score,0.2545950555523108,,0.6835432648658752,0.5754566192626953,0.2545950555523108,0.6835432648658752,0.2545950555523108,graph_lift,25.459505555231082,970,17.422,7.144439704509467,1.4476925949536714,1,train,False,,,,1
M4,N7,E10b,T12b,edge_scalar,,,,,,,0.2360990345478058,0.14823396503925323,0.47749167680740356,final_score,0.012161380511974264,,0.47749167680740356,0.47105902433395386,0.012161380511974264,0.47749167680740356,0.012161380511974264,graph_lift,1.2161380511974265,969,17.321,7.1787173295422875,1.356922804883424,1,train,False,,,,2
M4,N7,E10b,T12b,edge_scalar,,,,,,,0.1889401227235794,0.10227242857217789,0.556147575378418,final_score,0.0,,0.556147575378418,0.5590381622314453,0.0,0.556147575378418,-0.006555185971772258,graph_lift,0.0,965,17.134,7.20532735501493,1.377340939197053,1,train,False,,,,3
M4,N7,E10b,T12b,edge_scalar,,,,,,,0.18486355245113373,0.1405005007982254,0.7202850580215454,final_score,0.0282651459619741,,0.7202850580215454,0.712148904800415,0.0282651459619741,0.7202850580215454,0.0282651459619741,graph_lift,2.82651459619741,981,17.473,7.1593385927681155,1.1449042043884765,1,train,False,,,,4
M4,N7,E10b,T12b,edge_scalar,,,,,,,0.2038925290107727,0.10906204581260681,0.5864670276641846,final_score,0.03348725062737573,,0.5864670276641846,0.5721391439437866,0.03348725062737573,0.5864670276641846,0.03348725062737573,graph_lift,3.3487250627375733,967,17.484,7.135929587874143,1.305871330931845,1,train,False,,,,5
M4,N7,E10b,T12b,edge_scalar,,,,,,,0.22531691193580627,0.13891775906085968,0.5212586522102356,final_score,0.12833657369549423,,0.5212586522102356,0.4507727026939392,0.12833657369549423,0.5212586522102356,0.12833657369549423,graph_lift,12.833657369549423,971,17.201,7.1907063481437525,1.1716772494411414,1,train,False,,,,6
M4,N7,E10b,T12b,edge_scalar,,,,,,,0.23310698568820953,0.1533624678850174,0.5922956466674805,final_score,0.11067888356665387,,0.5922956466674805,0.5415555238723755,0.11067888356665387,0.5922956466674805,0.11067888356665387,graph_lift,11.067888356665387,972,17.364,7.203751177843076,1.3586719274154682,1,train,False,,,,7
M4,N7,E10b,T12b,edge_scalar,,,,,,,0.20561407506465912,0.13745836913585663,0.6489505767822266,final_score,0.0,,0.6489505767822266,0.6572204232215881,0.0,0.6489505767822266,-0.024125843543787245,graph_lift,0.0,964,17.769,7.120862889859291,1.245996297127321,1,train,False,,,,8
M4,N7,E10b,T12b,edge_scalar,,,,,,,0.23510266840457916,0.17601197957992554,0.6390473246574402,final_score,0.06754234012838695,,0.6390473246574402,0.6129018068313599,0.06754234012838695,0.6390473246574402,0.06754234012838695,graph_lift,6.754234012838695,977,17.37,7.1719851851068945,1.4210478629698395,1,train,False,,,,9
M4,N7,E10b,T12b,edge_scalar,,,,,,,0.2628856301307678,0.39243632555007935,0.4042212963104248,final_score,0.02377568941178125,,0.4042212963104248,0.38971126079559326,0.02377568941178125,0.4042212963104248,0.02377568941178125,graph_lift,2.377568941178125,967,17.394,7.1709450156383285,1.0611808949606776,1,test,False,,,,0
M4,N7,E10b,T12b,edge_scalar,,,,,,,0.293404757976532,0.3318316638469696,0.30385643243789673,final_score,0.00809837561138464,,0.30385643243789673,0.2981727719306946,0.00809837561138464,0.30385643243789673,0.00809837561138464,graph_lift,0.8098375611384641,971,17.309,7.1374000358544025,1.2395717015753238,1,test,False,,,,1
M4,N7,E10b,T12b,edge_scalar,,,,,,,0.18292371928691864,0.1056428775191307,0.631858229637146,final_score,0.2893120781854128,,0.631858229637146,0.48199236392974854,0.2893120781854128,0.631858229637146,0.2893120781854128,graph_lift,28.93120781854128,963,17.016,7.146291278643223,1.0849150399567764,1,test,False,,,,2
M4,N7,E10b,T12b,edge_scalar,,,,,,,0.17625634372234344,0.10670854896306992,0.6618337631225586,final_score,0.0,,0.6618337631225586,0.6806371212005615,0.0,0.6618337631225586,-0.0588777197546855,graph_lift,0.0,957,17.164,7.162518493976714,1.1481008587855888,1,test,False,,,,3
M4,N7,E10b,T12b,edge_scalar,,,,,,,0.18617190420627594,0.1028071790933609,0.733244776725769,final_score,0.0,,0.733244776725769,0.7416483163833618,0.0,0.733244776725769,-0.03252752039372262,graph_lift,0.0,963,17.647,7.11608008867243,1.4413966257895656,1,test,False,,,,4
M4,N7,E10b,T12b,edge_scalar,,,,,,,0.21047747135162354,0.12357517331838608,0.5147347450256348,final_score,0.00497658369427284,,0.5147347450256348,0.5123077034950256,0.00497658369427284,0.5147347450256348,0.00497658369427284,graph_lift,0.49765836942728403,967,17.267,7.171865370016716,1.306514923192381,1,test,False,,,,5
M4,N7,E10b,T12b,edge_scalar,,,,,,,0.2933574616909027,0.2537498474121094,0.4926198720932007,final_score,0.0,,0.4926198720932007,0.4979313015937805,0.0,0.4926198720932007,-0.010579089111590865,graph_lift,0.0,956,17.143,7.162024452376859,1.4412366700304138,1,test,False,,,,6
M4,N7,E10b,T12b,edge_scalar,,,,,,,0.1895834505558014,0.1602504700422287,0.5895657539367676,final_score,0.018005050911989236,,0.5895657539367676,0.5820403695106506,0.018005050911989236,0.5895657539367676,0.018005050911989236,graph_lift,1.8005050911989235,953,17.788,7.127688663585711,0.9259292690914546,1,test,False,,,,7
M4,N7,E10b,T12b,edge_scalar,,,,,,,0.24802589416503906,0.16176851093769073,0.4183339476585388,final_score,0.21660402701588813,,0.4183339476585388,0.25750696659088135,0.21660402701588813,0.4183339476585388,0.21660402701588813,graph_lift,21.66040270158881,952,17.143,7.155143202059193,1.2358716939133743,1,test,False,,,,8
M4,N7,E10b,T12b,edge_scalar,,,,,,,0.24615538120269775,0.1522476226091385,0.6256135702133179,final_score,0.021555445267245087,,0.6256135702133179,0.6173657178878784,0.021555445267245087,0.6256135702133179,0.021555445267245087,graph_lift,2.155544526724509,968,17.993,7.166414327032961,1.4926726249736841,1,test,False,,,,9
M4,N7,E10b,T12e,edge_scalar,,,,,,,0.43256890773773193,0.30096256732940674,-0.0005371570587158203,final_score,0.0,,0.0,0.0,0.0,0.0,0.0,graph_lift,0.0,962,0.0,0.0,1.20476192471484,1,train,False,,,,0
M4,N7,E10b,T12e,edge_scalar,,,,,,,0.5170953273773193,0.40365955233573914,-0.00016486644744873047,final_score,0.0,,0.0,0.0,0.0,0.0,0.0,graph_lift,0.0,970,0.0,0.0,1.4476925949536714,1,train,False,,,,1
M4,N7,E10b,T12e,edge_scalar,,,,,,,0.4385542571544647,0.2840867042541504,-0.001374363899230957,final_score,0.0,,0.0,0.0,0.0,0.0,0.0,graph_lift,0.0,969,0.0,0.0,1.356922804883424,1,train,False,,,,2
M4,N7,E10b,T12e,edge_scalar,,,,,,,0.4168957769870758,0.2379707545042038,-0.03276991844177246,final_score,0.0,,0.0,0.0,0.0,0.0,0.0,graph_lift,0.0,965,0.0,0.0,1.377340939197053,1,train,False,,,,3
M4,N7,E10b,T12e,edge_scalar,,,,,,,0.5066763162612915,0.5024383664131165,-0.0002777576446533203,final_score,0.0,,0.0,0.0,0.0,0.0,0.0,graph_lift,0.0,981,0.0,0.0,1.1449042043884765,1,train,False,,,,4
M4,N7,E10b,T12e,edge_scalar,,,,,,,0.4284220337867737,0.26373377442359924,-5.245208740234375e-06,final_score,0.0,,0.0,0.0,0.0,0.0,0.0,graph_lift,0.0,967,0.0,0.0,1.305871330931845,1,train,False,,,,5
M4,N7,E10b,T12e,edge_scalar,,,,,,,0.4403320252895355,0.2920190989971161,-0.006362557411193848,final_score,0.0,,0.0,0.0,0.0,0.0,0.0,graph_lift,0.0,971,0.0,0.0,1.1716772494411414,1,train,False,,,,6
M4,N7,E10b,T12e,edge_scalar,,,,,,,0.5060220956802368,0.37696561217308044,-0.0021390914916992188,final_score,0.0,,0.0,0.0,0.0,0.0,0.0,graph_lift,0.0,972,0.0,0.0,1.3586719274154682,1,train,False,,,,7
M4,N7,E10b,T12e,edge_scalar,,,,,,,0.48626723885536194,0.3931110203266144,-0.00395047664642334,final_score,0.0,,0.0,0.0,0.0,0.0,0.0,graph_lift,0.0,964,0.0,0.0,1.245996297127321,1,train,False,,,,8
M4,N7,E10b,T12e,edge_scalar,,,,,,,0.5675686597824097,0.48795953392982483,-0.0006722211837768555,final_score,0.0,,0.0,0.0,0.0,0.0,0.0,graph_lift,0.0,977,0.0,0.0,1.4210478629698395,1,train,False,,,,9
M4,N7,E10b,T12e,edge_scalar,,,,,,,0.531990110874176,0.658698558807373,-5.7220458984375e-06,final_score,0.0,,0.0,0.0,0.0,0.0,0.0,graph_lift,0.0,967,0.0,0.0,1.0611808949606776,1,test,False,,,,0
M4,N7,E10b,T12e,edge_scalar,,,,,,,0.4890086352825165,0.47697359323501587,-0.0006341934204101562,final_score,0.0,,0.0,0.0,0.0,0.0,0.0,graph_lift,0.0,971,0.0,0.0,1.2395717015753238,1,test,False,,,,1
M4,N7,E10b,T12e,edge_scalar,,,,,,,0.4131031334400177,0.29005923867225647,-0.010791420936584473,final_score,0.0,,0.0,0.0,0.0,0.0,0.0,graph_lift,0.0,963,0.0,0.0,1.0849150399567764,1,test,False,,,,2
M4,N7,E10b,T12e,edge_scalar,,,,,,,0.44285133481025696,0.31620630621910095,-0.0020781755447387695,final_score,0.0,,0.0,0.0,0.0,0.0,0.0,graph_lift,0.0,957,0.0,0.0,1.1481008587855888,1,test,False,,,,3
M4,N7,E10b,T12e,edge_scalar,,,,,,,0.5826656222343445,0.427267462015152,-0.10863697528839111,final_score,0.0,,0.0,0.0,0.0,0.0,0.0,graph_lift,0.0,963,0.0,0.0,1.4413966257895656,1,test,False,,,,4
M4,N7,E10b,T12e,edge_scalar,,,,,,,0.433009535074234,0.2551041543483734,-0.0017641782760620117,final_score,0.0,,0.0,0.0,0.0,0.0,0.0,graph_lift,0.0,967,0.0,0.0,1.306514923192381,1,test,False,,,,5
M4,N7,E10b,T12e,edge_scalar,,,,,,,0.5287352204322815,0.5033518671989441,-0.00646662712097168,final_score,0.0,,0.0,0.0,0.0,0.0,0.0,graph_lift,0.0,956,0.0,0.0,1.4412366700304138,1,test,False,,,,6
M4,N7,E10b,T12e,edge_scalar,,,,,,,0.43222543597221375,0.39123207330703735,-0.0020253658294677734,final_score,0.0,,0.0,0.0,0.0,0.0,0.0,graph_lift,0.0,953,0.0,0.0,0.9259292690914546,1,test,False,,,,7
M4,N7,E10b,T12e,edge_scalar,,,,,,,0.450273334980011,0.27875012159347534,-0.0022933483123779297,final_score,0.0,,0.0,0.0,0.0,0.0,0.0,graph_lift,0.0,952,0.0,0.0,1.2358716939133743,1,test,False,,,,8
M4,N7,E10b,T12e,edge_scalar,,,,,,,0.5265965461730957,0.4066592752933502,-5.960464477539062e-07,final_score,0.0,,0.0,0.0,0.0,0.0,0.0,graph_lift,0.0,968,0.0,0.0,1.4926726249736841,1,test,False,,,,9
M4,N8,E10b,T12a,edge_scalar,,,,,,,0.4548579752445221,0.41746068000793457,-0.4283982515335083,final_score,0.0,,0.0,0.0,0.0,0.0,0.0,graph_lift,0.0,732,76.938,7.141466898934765,1.5865659700240946,1,train,False,,,,0
M4,N8,E10b,T12a,edge_scalar,,,,,,,0.22998590767383575,0.07827278971672058,-0.11284518241882324,final_score,0.0,,0.0,0.0,0.0,0.0,0.0,graph_lift,0.0,755,74.069,7.1297280538273515,1.4634381354634924,1,train,False,,,,1
M4,N8,E10b,T12a,edge_scalar,,,,,,,0.23614616692066193,0.09227347373962402,-0.17110061645507812,final_score,0.0,,0.0,0.0,0.0,0.0,0.0,graph_lift,0.0,741,69.989,7.153797856433556,1.3641955006517206,1,train,False,,,,2
M4,N8,E10b,T12a,edge_scalar,,,,,,,0.3759656250476837,0.3738245666027069,-0.21563780307769775,final_score,0.0,,0.0,0.0,0.0,0.0,0.0,graph_lift,0.0,767,69.917,7.128457081857102,1.5651258757887203,1,train,False,,,,3
M4,N8,E10b,T12a,edge_scalar,,,,,,,0.6140899658203125,0.6051077842712402,-0.4905409812927246,final_score,0.0,,0.0,0.0,0.0,0.0,0.0,graph_lift,0.0,732,69.616,7.1649466236313,1.9795624449481368,1,train,False,,,,4
M4,N8,E10b,T12a,edge_scalar,,,,,,,0.3747725188732147,0.6329643130302429,-0.15517747402191162,final_score,0.0,,0.0,0.0,0.0,0.0,0.0,graph_lift,0.0,767,70.535,7.13501214397503,0.850303301953019,1,train,False,,,,5
M4,N8,E10b,T12a,edge_scalar,,,,,,,0.3273867070674896,0.35641568899154663,-0.17576706409454346,final_score,0.0,,0.0,0.0,0.0,0.0,0.0,graph_lift,0.0,756,70.191,7.148194392697357,1.1687777363066538,1,train,False,,,,6
M4,N8,E10b,T12a,edge_scalar,,,,,,,0.33328473567962646,0.2740776240825653,-0.2261343002319336,final_score,0.0,,0.0,0.0,0.0,0.0,0.0,graph_lift,0.0,751,73.941,7.1424797659124994,1.429862218753659,1,train,False,,,,7
M4,N8,E10b,T12a,edge_scalar,,,,,,,0.35764938592910767,0.2993767559528351,-0.3156939744949341,final_score,0.0,,0.0,0.0,0.0,0.0,0.0,graph_lift,0.0,741,71.6,7.140038973690058,1.860530870107483,1,train,False,,,,8
M4,N8,E10b,T12a,edge_scalar,,,,,,,0.24531473219394684,0.17124685645103455,-0.0386199951171875,final_score,0.0,,0.0,0.0,0.0,0.0,0.0,graph_lift,0.0,759,70.351,7.132462119219065,1.063439588886592,1,train,False,,,,9
M4,N8,E10b,T12a,edge_scalar,,,,,,,0.5286145806312561,1.4524576663970947,-0.15057432651519775,final_score,0.0,,0.0,0.0,0.0,0.0,0.0,graph_lift,0.0,793,57.422,7.213133599543529,1.1733471983851287,1,test,False,,,,0
M4,N8,E10b,T12a,edge_scalar,,,,,,,0.1956826001405716,0.07878394424915314,0.05126744508743286,final_score,0.05126744508743286,,0.05126744508743286,0.0,0.05126744508743286,0.05126744508743286,0.05126744508743286,graph_lift,5.126744508743286,794,63.43,7.211801302439527,1.2972958306188194,1,test,False,,,,1
M4,N8,E10b,T12a,edge_scalar,,,,,,,0.130292609333992,0.03905593603849411,-0.13518261909484863,final_score,0.0,,0.0,0.07294875383377075,0.0,0.0,-0.07868901976610938,graph_lift,0.0,785,59.785,7.201816428097779,1.0647355677652148,1,test,False,,,,2
M4,N8,E10b,T12a,edge_scalar,,,,,,,0.4424276351928711,0.31888899207115173,-0.7288334369659424,final_score,0.0,,0.0,0.0,0.0,0.0,0.0,graph_lift,0.0,789,60.623,7.2097113616036435,1.4726748723634269,1,test,False,,,,3
M4,N8,E10b,T12a,edge_scalar,,,,,,,0.14972230792045593,0.06499292701482773,-0.03915214538574219,final_score,0.0,,0.0,0.0,0.0,0.0,0.0,graph_lift,0.0,801,62.978,7.179364614782461,0.5332555753446774,1,test,False,,,,4
M4,N8,E10b,T12a,edge_scalar,,,,,,,0.26108673214912415,0.12964074313640594,-3.4989681243896484,final_score,0.0,,0.0,0.0,0.0,0.0,0.0,graph_lift,0.0,791,61.334,7.18834942950418,1.3479457504985457,1,test,False,,,,5
M4,N8,E10b,T12a,edge_scalar,,,,,,,0.32751286029815674,0.5219828486442566,0.09195071458816528,final_score,0.09195071458816528,,0.09195071458816528,0.0,0.09195071458816528,0.09195071458816528,0.09195071458816528,graph_lift,9.195071458816528,765,63.848,7.207983939307957,1.110979204923232,1,test,False,,,,6
M4,N8,E10b,T12a,edge_scalar,,,,,,,0.17636632919311523,0.05295274406671524,-0.6017439365386963,final_score,0.0,,0.0,0.0,0.0,0.0,0.0,graph_lift,0.0,795,62.177,7.1932608618988,1.2489557128198214,1,test,False,,,,7
M4,N8,E10b,T12a,edge_scalar,,,,,,,0.4888918697834015,1.254540205001831,-0.08102083206176758,final_score,0.0,,0.0,0.0,0.0,0.0,0.0,graph_lift,0.0,761,64.748,7.177010842874952,1.2173726195477903,1,test,False,,,,8
M4,N8,E10b,T12a,edge_scalar,,,,,,,0.2946256101131439,0.2732316851615906,-0.4584345817565918,final_score,0.0,,0.0,0.0,0.0,0.0,0.0,graph_lift,0.0,785,64.026,7.2206672804027825,0.882084655640708,1,test,False,,,,9
M4,N8,E10b,T12b,edge_scalar,,,,,,,0.4908839464187622,0.5206282138824463,-0.7813999652862549,final_score,0.0,,0.0,0.0,0.0,0.0,0.0,graph_lift,0.0,732,17.273,7.15585862999057,1.5865659700240946,1,train,False,,,,0
M4,N8,E10b,T12b,edge_scalar,,,,,,,0.22090646624565125,0.07749330997467041,-0.10176289081573486,final_score,0.0,,0.0,0.0,0.0,0.0,0.0,graph_lift,0.0,755,17.422,7.144439704509467,1.4634381354634924,1,train,False,,,,1
M4,N8,E10b,T12b,edge_scalar,,,,,,,0.2372581511735916,0.1020946055650711,-0.29574668407440186,final_score,0.0,,0.0,0.014538288116455078,0.0,0.0,-0.014752768109749872,graph_lift,0.0,741,17.321,7.1787173295422875,1.3641955006517206,1,train,False,,,,2
M4,N8,E10b,T12b,edge_scalar,,,,,,,0.4147004187107086,0.37585750222206116,-0.22224867343902588,final_score,0.0,,0.0,0.0,0.0,0.0,0.0,graph_lift,0.0,767,17.134,7.20532735501493,1.5651258757887203,1,train,False,,,,3
M4,N8,E10b,T12b,edge_scalar,,,,,,,0.6033583283424377,0.5696738362312317,-0.4032576084136963,final_score,0.0,,0.0,0.0,0.0,0.0,0.0,graph_lift,0.0,732,17.473,7.1593385927681155,1.9795624449481368,1,train,False,,,,4
M4,N8,E10b,T12b,edge_scalar,,,,,,,0.40595588088035583,0.6002660393714905,-0.09550225734710693,final_score,0.0,,0.0,0.0,0.0,0.0,0.0,graph_lift,0.0,767,17.484,7.135929587874143,0.850303301953019,1,train,False,,,,5
M4,N8,E10b,T12b,edge_scalar,,,,,,,0.30822598934173584,0.3669043183326721,-0.21036756038665771,final_score,0.0,,0.0,0.0,0.0,0.0,0.0,graph_lift,0.0,756,17.201,7.1907063481437525,1.1687777363066538,1,train,False,,,,6
M4,N8,E10b,T12b,edge_scalar,,,,,,,0.311880499124527,0.23850615322589874,-0.06699907779693604,final_score,0.0,,0.0,0.0,0.0,0.0,0.0,graph_lift,0.0,751,17.364,7.203751177843076,1.429862218753659,1,train,False,,,,7
M4,N8,E10b,T12b,edge_scalar,,,,,,,0.38279321789741516,0.34429702162742615,-0.5131086111068726,final_score,0.0,,0.0,0.0,0.0,0.0,0.0,graph_lift,0.0,741,17.769,7.120862889859291,1.860530870107483,1,train,False,,,,8
M4,N8,E10b,T12b,edge_scalar,,,,,,,0.18253077566623688,0.17308378219604492,-0.049761056900024414,final_score,0.0,,0.0,0.006680846214294434,0.0,0.0,-0.0067257801169267805,graph_lift,0.0,759,17.37,7.1719851851068945,1.063439588886592,1,train,False,,,,9
M4,N8,E10b,T12b,edge_scalar,,,,,,,0.48319607973098755,1.3591901063919067,-0.07669174671173096,final_score,0.0,,0.0,0.0,0.0,0.0,0.0,graph_lift,0.0,793,17.394,7.1709450156383285,1.1733471983851287,1,test,False,,,,0
M4,N8,E10b,T12b,edge_scalar,,,,,,,0.2179926484823227,0.09737727046012878,-0.1726372241973877,final_score,0.0,,0.0,0.0,0.0,0.0,0.0,graph_lift,0.0,794,17.309,7.1374000358544025,1.2972958306188194,1,test,False,,,,1
M4,N8,E10b,T12b,edge_scalar,,,,,,,0.12219337373971939,0.04269762709736824,-0.24103045463562012,final_score,0.0,,0.0,4.3332576751708984e-05,0.0,0.0,-4.3334454545286564e-05,graph_lift,0.0,785,17.016,7.146291278643223,1.0647355677652148,1,test,False,,,,2
M4,N8,E10b,T12b,edge_scalar,,,,,,,0.4369170069694519,0.2883380353450775,-0.5632036924362183,final_score,0.0,,0.0,0.0,0.0,0.0,0.0,graph_lift,0.0,789,17.164,7.162518493976714,1.4726748723634269,1,test,False,,,,3
M4,N8,E10b,T12b,edge_scalar,,,,,,,0.14050021767616272,0.06391475349664688,-0.021913647651672363,final_score,0.0,,0.0,0.0,0.0,0.0,0.0,graph_lift,0.0,801,17.647,7.11608008867243,0.5332555753446774,1,test,False,,,,4
M4,N8,E10b,T12b,edge_scalar,,,,,,,0.23824743926525116,0.12052444368600845,-3.1826019287109375,final_score,0.0,,0.0,0.0,0.0,0.0,0.0,graph_lift,0.0,791,17.267,7.171865370016716,1.3479457504985457,1,test,False,,,,5
M4,N8,E10b,T12b,edge_scalar,,,,,,,0.333001971244812,0.5460975766181946,0.05000036954879761,final_score,0.05000036954879761,,0.05000036954879761,0.0,0.05000036954879761,0.05000036954879761,0.05000036954879761,graph_lift,5.000036954879761,765,17.143,7.162024452376859,1.110979204923232,1,test,False,,,,6
M4,N8,E10b,T12b,edge_scalar,,,,,,,0.10519178211688995,0.038205791264772415,-0.1556699275970459,final_score,0.0,,0.0,0.0,0.0,0.0,0.0,graph_lift,0.0,795,17.788,7.127688663585711,1.2489557128198214,1,test,False,,,,7
M4,N8,E10b,T12b,edge_scalar,,,,,,,0.3897891342639923,0.6587053537368774,0.43240219354629517,final_score,0.43240219354629517,,0.43240219354629517,0.0,0.43240219354629517,0.43240219354629517,0.43240219354629517,graph_lift,43.24021935462952,761,17.143,7.155143202059193,1.2173726195477903,1,test,False,,,,8
M4,N8,E10b,T12b,edge_scalar,,,,,,,0.29783403873443604,0.27559077739715576,-0.4710268974304199,final_score,0.0,,0.0,0.0,0.0,0.0,0.0,graph_lift,0.0,785,17.993,7.166414327032961,0.882084655640708,1,test,False,,,,9
M4,N8,E10b,T12e,edge_scalar,,,,,,,0.44622084498405457,0.4121498167514801,-0.4102264642715454,final_score,0.0,,0.0,0.0,0.0,0.0,0.0,graph_lift,0.0,732,0.0,0.0,1.5865659700240946,1,train,False,,,,0
M4,N8,E10b,T12e,edge_scalar,,,,,,,0.39848560094833374,0.1624072790145874,-1.3090293407440186,final_score,0.0,,0.0,0.0,0.0,0.0,0.0,graph_lift,0.0,755,0.0,0.0,1.4634381354634924,1,train,False,,,,1
M4,N8,E10b,T12e,edge_scalar,,,,,,,0.3950371742248535,0.21169884502887726,-1.686802864074707,final_score,0.0,,0.0,0.0,0.0,0.0,0.0,graph_lift,0.0,741,0.0,0.0,1.3641955006517206,1,train,False,,,,2
M4,N8,E10b,T12e,edge_scalar,,,,,,,0.39818134903907776,0.3429795205593109,-0.1153329610824585,final_score,0.0,,0.0,0.0,0.0,0.0,0.0,graph_lift,0.0,767,0.0,0.0,1.5651258757887203,1,train,False,,,,3
M4,N8,E10b,T12e,edge_scalar,,,,,,,0.6091126799583435,0.4174332320690155,-0.02824878692626953,final_score,0.0,,0.0,0.0,0.0,0.0,0.0,graph_lift,0.0,732,0.0,0.0,1.9795624449481368,1,train,False,,,,4
M4,N8,E10b,T12e,edge_scalar,,,,,,,0.4242440164089203,0.5728535056114197,-0.045473575592041016,final_score,0.0,,0.0,0.0,0.0,0.0,0.0,graph_lift,0.0,767,0.0,0.0,0.850303301953019,1,train,False,,,,5
M4,N8,E10b,T12e,edge_scalar,,,,,,,0.3485240638256073,0.32721734046936035,-0.07944560050964355,final_score,0.0,,0.0,0.0,0.0,0.0,0.0,graph_lift,0.0,756,0.0,0.0,1.1687777363066538,1,train,True,loss_plateau,,,6
M4,N8,E10b,T12e,edge_scalar,,,,,,,0.4382643699645996,0.23132294416427612,-0.03486371040344238,final_score,0.0,,0.0,0.0,0.0,0.0,0.0,graph_lift,0.0,751,0.0,0.0,1.429862218753659,1,train,False,,,,7
M4,N8,E10b,T12e,edge_scalar,,,,,,,0.5464807748794556,0.370675265789032,-0.6290351152420044,final_score,0.0,,0.0,0.0,0.0,0.0,0.0,graph_lift,0.0,741,0.0,0.0,1.860530870107483,1,train,False,,,,8
M4,N8,E10b,T12e,edge_scalar,,,,,,,0.3739011883735657,0.18065769970417023,-0.09569716453552246,final_score,0.0,,0.0,0.0,0.0,0.0,0.0,graph_lift,0.0,759,0.0,0.0,1.063439588886592,1,train,False,,,,9
M4,N8,E10b,T12e,edge_scalar,,,,,,,0.6408113837242126,1.263887643814087,-0.0011973381042480469,final_score,0.0,,0.0,0.0,0.0,0.0,0.0,graph_lift,0.0,793,0.0,0.0,1.1733471983851287,1,test,False,,,,0
M4,N8,E10b,T12e,edge_scalar,,,,,,,0.2803369462490082,0.08806059509515762,-0.060443878173828125,final_score,0.0,,0.0,0.0,0.0,0.0,0.0,graph_lift,0.0,794,0.0,0.0,1.2972958306188194,1,test,False,,,,1
M4,N8,E10b,T12e,edge_scalar,,,,,,,0.12485252320766449,0.03454349935054779,-0.004026174545288086,final_score,0.0,,0.0,0.0,0.0,0.0,0.0,graph_lift,0.0,785,0.0,0.0,1.0647355677652148,1,test,False,,,,2
M4,N8,E10b,T12e,edge_scalar,,,,,,,0.3870651423931122,0.2019406259059906,-0.09480643272399902,final_score,0.0,,0.0,0.0,0.0,0.0,0.0,graph_lift,0.0,789,0.0,0.0,1.4726748723634269,1,test,False,,,,3
M4,N8,E10b,T12e,edge_scalar,,,,,,,0.40432819724082947,0.16710512340068817,-1.6717932224273682,final_score,0.0,,0.0,0.0,0.0,0.0,0.0,graph_lift,0.0,801,0.0,0.0,0.5332555753446774,1,test,True,loss_plateau,,,4
M4,N8,E10b,T12e,edge_scalar,,,,,,,0.40828344225883484,0.19551099836826324,-5.784886837005615,final_score,0.0,,0.0,0.0,0.0,0.0,0.0,graph_lift,0.0,791,0.0,0.0,1.3479457504985457,1,test,False,,,,5
M4,N8,E10b,T12e,edge_scalar,,,,,,,0.5897711515426636,0.6357981562614441,-0.10604405403137207,final_score,0.0,,0.0,0.0,0.0,0.0,0.0,graph_lift,0.0,765,0.0,0.0,1.110979204923232,1,test,False,,,,6
M4,N8,E10b,T12e,edge_scalar,,,,,,,0.21256448328495026,0.048897139728069305,-0.4790678024291992,final_score,0.0,,0.0,0.0,0.0,0.0,0.0,graph_lift,0.0,795,0.0,0.0,1.2489557128198214,1,test,False,,,,7
M4,N8,E10b,T12e,edge_scalar,,,,,,,0.5798764228820801,1.1930233240127563,-0.028012633323669434,final_score,0.0,,0.0,0.0,0.0,0.0,0.0,graph_lift,0.0,761,0.0,0.0,1.2173726195477903,1,test,False,,,,8
M4,N8,E10b,T12e,edge_scalar,,,,,,,0.29341408610343933,0.272769033908844,-0.45596516132354736,final_score,0.0,,0.0,0.0,0.0,0.0,0.0,graph_lift,0.0,785,0.0,0.0,0.882084655640708,1,test,False,,,,9
