Task_Idx,Node_Idx,Edge_Idx,Text_Idx,task_type,KL,Top1,Top3,Cosine,Accuracy,F1,MAE,MSE,R2,S_GNN_step1,S_MLP_step1,Final_Score,raw_gnn_score,unclamped_score,scoring_formula,number_of_nodes,avg_text_length,text_vocab_entropy,label_balance_entropy,output_dimension,run_split,degenerate,nan_reason,Predicted_Value,True_Value,sample_idx
M1,N7,E10b,T12a,categorical,0.993992030620575,0.7233333333333334,0.8766666666666667,0.7527979612350464,0.7233333333333334,,,,0.5664061969591534,0.5664061969591534,0.5915835400350147,0.0,0.5664061969591534,-0.061646249708005904,graph_lift,1000.0,130.415,7.250427333922261,2.3655266638301,18.0,train,False,,,,0
M5,N7,E10b,T12a,global_categorical,,,,,,,,,0.1164044961333274,0.0,0.0,0.0,0.0,0.0,graph_lift,1000.0,130.415,7.250427333922261,,18.0,train,False,,,,0
M1,N7,E10b,T12a,categorical,1.119541049003601,0.7033333333333334,0.8733333333333333,0.7294038534164429,0.7033333333333334,,,,0.5239773537578698,0.5239773537578698,0.5474069945493412,0.0,0.5239773537578698,-0.05176757154729302,graph_lift,1000.0,130.661,7.272168341507912,2.4031174329209217,18.0,train,False,,,,1
M5,N7,E10b,T12a,global_categorical,,,,,,,,,0.0963779762387275,0.0,0.0,0.0,0.0,0.0,graph_lift,1000.0,130.661,7.272168341507912,,18.0,train,False,,,,1
M1,N7,E10b,T12a,categorical,1.1375691890716553,0.71,0.87,0.7292373776435852,0.71,,,,0.5163299977855285,0.5163299977855285,0.5366248512151912,0.0,0.5163299977855285,-0.04379788921111881,graph_lift,1000.0,134.048,7.247702458283311,2.3920726910571597,18.0,train,False,,,,2
M5,N7,E10b,T12a,global_categorical,,,,,,,,,0.0912751406431198,0.0,0.0,0.0,0.0,0.0,graph_lift,1000.0,134.048,7.247702458283311,,18.0,train,False,,,,2
M1,N7,E10b,T12a,categorical,1.045487880706787,0.72,0.88,0.7499345541000366,0.72,,,,0.5439134806486945,0.5439134806486945,0.548561961835681,0.0,0.5439134806486945,-0.010297052516638977,graph_lift,1000.0,135.502,7.265949791697949,2.3726144625127072,18.0,train,False,,,,3
M5,N7,E10b,T12a,global_categorical,,,,,,,,,0.085342913866043,0.204430478829485,0.0689179576302158,0.1455430510230479,0.204430478829485,0.14554305102304796,graph_lift,1000.0,135.502,7.265949791697949,,18.0,train,False,,,,3
M1,N7,E10b,T12a,categorical,1.0780857801437378,0.6966666666666667,0.8733333333333333,0.7302886843681335,0.6966666666666667,,,,0.5520208070378039,0.5520208070378039,0.5717214670432651,0.0,0.5520208070378039,-0.045999643898685445,graph_lift,1000.0,130.462,7.251963988434811,2.402910732768787,18.0,train,False,,,,4
M5,N7,E10b,T12a,global_categorical,,,,,,,,,0.0754924118518829,0.245075836484184,0.2975244252398267,0.0,0.245075836484184,-0.07466250876202887,graph_lift,1000.0,130.462,7.251963988434811,,18.0,train,False,,,,4
M1,N7,E10b,T12a,categorical,1.0615395307540894,0.7,0.86,0.736038088798523,0.7,,,,0.5482941992489692,0.5482941992489692,0.5531889898204978,0.0,0.5482941992489692,-0.010954946185328341,graph_lift,1000.0,127.871,7.266763744180336,2.362344106964197,18.0,train,False,,,,5
M5,N7,E10b,T12a,global_categorical,,,,,,,,,0.0993900746107101,0.2077603662048484,0.0550520583344112,0.1616049955104084,0.2077603662048484,0.16160499551040844,graph_lift,1000.0,127.871,7.266763744180336,,18.0,train,False,,,,5
M1,N7,E10b,T12a,categorical,1.2031357288360596,0.6933333333333334,0.8666666666666667,0.7110903859138489,0.6933333333333334,,,,0.4881718700963875,0.4881718700963875,0.474984684933731,0.0251177152060639,0.4881718700963875,0.02511771520606397,graph_lift,1000.0,130.484,7.277705975503222,2.384797051128486,18.0,train,False,,,,6
M5,N7,E10b,T12a,global_categorical,,,,,,,,,0.1112001836299896,0.0,0.086393338255855,0.0,0.0,-0.09456294691516753,graph_lift,1000.0,130.484,7.277705975503222,,18.0,train,False,,,,6
M1,N7,E10b,T12a,categorical,1.0316357612609863,0.74,0.87,0.7558267116546631,0.74,,,,0.5522555145145107,0.5522555145145107,0.5580503607203794,0.0,0.5522555145145107,-0.013112005737382871,graph_lift,1000.0,130.496,7.275616620089293,2.38816630064099,18.0,train,False,,,,7
M5,N7,E10b,T12a,global_categorical,,,,,,,,,0.1114970296621322,0.0847258987068016,0.0375179203139296,0.0490481634819317,0.0847258987068016,0.0490481634819317,graph_lift,1000.0,130.496,7.275616620089293,,18.0,train,False,,,,7
M1,N7,E10b,T12a,categorical,0.9517493844032288,0.7533333333333333,0.9,0.7684271931648254,0.7533333333333333,,,,0.5854577782740191,0.5854577782740191,0.5610808049390199,0.0555386358338975,0.5854577782740191,0.05553863583389755,graph_lift,1000.0,132.112,7.27290147341245,2.3342164789814053,18.0,train,False,,,,8
M5,N7,E10b,T12a,global_categorical,,,,,,,,,0.0721820518374443,0.1925397293322168,0.0,0.1925397293322168,0.1925397293322168,0.1925397293322168,graph_lift,1000.0,132.112,7.27290147341245,,18.0,train,False,,,,8
M1,N7,E10b,T12a,categorical,1.192775011062622,0.7066666666666667,0.8666666666666667,0.7264195084571838,0.7066666666666667,,,,0.5019988923357106,0.5019988923357106,0.5106289052811123,0.0,0.5019988923357106,-0.0176349053684077,graph_lift,1000.0,133.045,7.287921745518222,2.3981303281711464,18.0,train,False,,,,9
M5,N7,E10b,T12a,global_categorical,,,,,,,,,0.1044136434793472,0.0932499534951432,0.1981795330103604,0.0,0.0932499534951432,-0.13086418198972338,graph_lift,1000.0,133.045,7.287921745518222,,18.0,train,False,,,,9
M1,N7,E10b,T12a,categorical,1.027174472808838,0.6933333333333334,0.87,0.7324991226196289,0.6933333333333334,,,,0.5690744242411,0.5690744242411,0.571110681692597,0.0,0.5690744242411,-0.004747745780969944,graph_lift,1000.0,131.982,7.264667586894771,2.416162934373314,18.0,test,False,,,,0
M5,N7,E10b,T12a,global_categorical,,,,,,,,,0.0792479664087295,0.2612477332633416,0.2828952636915617,0.0,0.2612477332633416,-0.030187404059912867,graph_lift,1000.0,131.982,7.264667586894771,,18.0,test,False,,,,0
M1,N7,E10b,T12a,categorical,1.0231648683547974,0.7266666666666667,0.8766666666666667,0.7545544505119324,0.7266666666666667,,,,0.5610047694442712,0.5610047694442712,0.5745141212666864,0.0,0.5610047694442712,-0.031750411700226126,graph_lift,1000.0,130.454,7.271147626033245,2.3198012076256393,18.0,test,False,,,,1
M5,N7,E10b,T12a,global_categorical,,,,,,,,,0.0806097537279129,0.2711994791076552,0.2431496472888984,0.0370612654381146,0.2711994791076552,0.03706126543811458,graph_lift,1000.0,130.454,7.271147626033245,,18.0,test,False,,,,1
M1,N7,E10b,T12a,categorical,1.0490944385528564,0.7133333333333334,0.8733333333333333,0.7376786470413208,0.7133333333333334,,,,0.555762116693115,0.555762116693115,0.5528435827057241,0.0065268748798258,0.555762116693115,0.006526874879825879,graph_lift,1000.0,127.922,7.276562610250561,2.375907371809314,18.0,test,False,,,,2
M5,N7,E10b,T12a,global_categorical,,,,,,,,,0.0650609210133552,0.3352909237212654,0.2262798497899341,0.1408921221732879,0.3352909237212654,0.14089212217328795,graph_lift,1000.0,127.922,7.276562610250561,,18.0,test,False,,,,2
M1,N7,E10b,T12a,categorical,1.1906046867370603,0.68,0.8266666666666667,0.7084751129150391,0.68,,,,0.4818830013151112,0.4818830013151112,0.4976704451988878,0.0,0.4818830013151112,-0.03142845913182902,graph_lift,1000.0,132.339,7.274006898134298,2.336384477949194,18.0,test,False,,,,3
M5,N7,E10b,T12a,global_categorical,,,,,,,,,0.0872772485017776,0.3286366023154339,0.1848546787292703,0.1763880866813073,0.3286366023154339,0.17638808668130734,graph_lift,1000.0,132.339,7.274006898134298,,18.0,test,False,,,,3
M1,N7,E10b,T12a,categorical,1.1924794912338257,0.6766666666666666,0.8633333333333333,0.7242719531059265,0.6766666666666666,,,,0.5027974285119274,0.5027974285119274,0.4977624389182513,0.0100251155704711,0.5027974285119274,0.010025115570471269,graph_lift,1000.0,130.608,7.258476203377782,2.4126476269556356,18.0,test,False,,,,4
M5,N7,E10b,T12a,global_categorical,,,,,,,,,0.078566737473011,0.4039764449420359,0.5000537520879097,0.0,0.4039764449420359,-0.192175273936185,graph_lift,1000.0,130.608,7.258476203377782,,18.0,test,False,,,,4
M1,N7,E10b,T12a,categorical,1.0456310510635376,0.7233333333333334,0.8733333333333333,0.7551364898681641,0.7233333333333334,,,,0.5392583109887126,0.5392583109887126,0.5402766160965539,0.0,0.5392583109887126,-0.0022150387461151184,graph_lift,1000.0,131.854,7.278653773902583,2.3035439206879165,18.0,test,False,,,,5
M5,N7,E10b,T12a,global_categorical,,,,,,,,,0.0944617018103599,0.2947429053948814,0.3537748706127371,0.0,0.2947429053948814,-0.0913489162419737,graph_lift,1000.0,131.854,7.278653773902583,,18.0,test,False,,,,5
M1,N7,E10b,T12a,categorical,1.1584701538085938,0.7166666666666667,0.88,0.7302234172821045,0.7166666666666667,,,,0.504359746241382,0.504359746241382,0.5296354200124334,0.0,0.504359746241382,-0.05373634590368062,graph_lift,1000.0,132.714,7.258674973740295,2.328731242370615,18.0,test,False,,,,6
M5,N7,E10b,T12a,global_categorical,,,,,,,,,0.087320365011692,0.291996964029036,0.3286671147486594,0.0,0.291996964029036,-0.05462290247541564,graph_lift,1000.0,132.714,7.258674973740295,,18.0,test,False,,,,6
M1,N7,E10b,T12a,categorical,0.9289430975914,0.75,0.9033333333333332,0.775742769241333,0.75,,,,0.5867817502507758,0.5867817502507758,0.5996388320849746,0.0,0.5867817502507758,-0.03211370848265586,graph_lift,1000.0,130.706,7.2825358636763,2.3471716805067393,18.0,test,False,,,,7
M5,N7,E10b,T12a,global_categorical,,,,,,,,,0.0868906080722808,0.2532837462985962,0.2709353613102164,0.0,0.2532837462985962,-0.024211316905099495,graph_lift,1000.0,130.706,7.2825358636763,,18.0,test,False,,,,7
M1,N7,E10b,T12a,categorical,0.9458449482917786,0.73,0.89,0.7660353779792786,0.73,,,,0.5902609734566935,0.5902609734566935,0.6010872013825138,0.0,0.5902609734566935,-0.02713933461984884,graph_lift,1000.0,127.803,7.253026078944124,2.3731727407972665,18.0,test,False,,,,8
M5,N7,E10b,T12a,global_categorical,,,,,,,,,0.0682849735021591,0.0202589793563957,0.2574905650373165,0.0,0.0202589793563957,-0.31949975920890944,graph_lift,1000.0,127.803,7.253026078944124,,18.0,test,False,,,,8
M1,N7,E10b,T12a,categorical,0.9107667207717896,0.7466666666666667,0.9066666666666666,0.7745174765586853,0.7466666666666667,,,,0.6213097136509264,0.6213097136509264,0.6024190630601396,0.0475139747297397,0.6213097136509264,0.0475139747297397,graph_lift,1000.0,130.588,7.279779620448249,2.4133423140396397,18.0,test,False,,,,9
M5,N7,E10b,T12a,global_categorical,,,,,,,,,0.0789307802915573,0.3942521277403548,0.5230088371097313,0.0,0.3942521277403548,-0.26993520925878645,graph_lift,1000.0,130.588,7.279779620448249,,18.0,test,False,,,,9
M1,N7,E10b,T12b,categorical,1.3080865144729614,0.6466666666666666,0.8333333333333334,0.6775804162025452,0.6466666666666666,,,,0.4293935781354542,0.4293935781354542,0.4350292589117941,0.0,0.4293935781354542,-0.009975172812462591,graph_lift,1000.0,9.425,6.852855578519548,2.3655266638301,18.0,train,False,,,,0
M5,N7,E10b,T12b,global_categorical,,,,,,,,,0.1242249682545661,0.0,0.0,0.0,0.0,0.0,graph_lift,1000.0,9.425,6.852855578519548,,18.0,train,False,,,,0
M1,N7,E10b,T12b,categorical,1.4112335443496704,0.5666666666666667,0.7966666666666666,0.6396364569664001,0.5666666666666667,,,,0.3999513144029868,0.3999513144029868,0.4075573576108486,0.0,0.3999513144029868,-0.012838446566217446,graph_lift,1000.0,9.227,6.852973240061511,2.4031174329209217,18.0,train,False,,,,1
M5,N7,E10b,T12b,global_categorical,,,,,,,,,0.0926836133003234,0.0,0.0,0.0,0.0,0.0,graph_lift,1000.0,9.227,6.852973240061511,,18.0,train,False,,,,1
M1,N7,E10b,T12b,categorical,1.4442358016967771,0.5666666666666667,0.7666666666666667,0.6278257369995117,0.5666666666666667,,,,0.3859419116425843,0.3859419116425843,0.3768441531030283,0.0145994915796082,0.3859419116425843,0.01459949157960822,graph_lift,1000.0,9.632,6.887551451372585,2.3920726910571597,18.0,train,False,,,,2
M5,N7,E10b,T12b,global_categorical,,,,,,,,,0.107165977358818,0.0,0.0,0.0,0.0,0.0,graph_lift,1000.0,9.632,6.887551451372585,,18.0,train,False,,,,2
M1,N7,E10b,T12b,categorical,1.3530592918395996,0.6433333333333333,0.8266666666666667,0.6727544069290161,0.6433333333333333,,,,0.4097376783297171,0.4097376783297171,0.4109310177817386,0.0,0.4097376783297171,-0.002025805954894661,graph_lift,1000.0,9.658,6.8808180940594985,2.3726144625127072,18.0,train,False,,,,3
M5,N7,E10b,T12b,global_categorical,,,,,,,,,0.1165240779519081,0.0,0.0,0.0,0.0,0.0,graph_lift,1000.0,9.658,6.8808180940594985,,18.0,train,False,,,,3
M1,N7,E10b,T12b,categorical,1.4045143127441406,0.6066666666666667,0.8066666666666666,0.6500256061553955,0.6066666666666667,,,,0.4163792440244862,0.4163792440244862,0.4137934124573389,0.0044111267633257,0.4163792440244862,0.0044111267633256904,graph_lift,1000.0,9.535,6.864133388500625,2.402910732768787,18.0,train,False,,,,4
M5,N7,E10b,T12b,global_categorical,,,,,,,,,0.0775087103247642,0.2249128505535632,0.2004785955237505,0.0305611017954161,0.2249128505535632,0.03056110179541608,graph_lift,1000.0,9.535,6.864133388500625,,18.0,train,False,,,,4
M1,N7,E10b,T12b,categorical,1.4222743511199951,0.59,0.7733333333333333,0.6429271697998047,0.59,,,,0.3947944672764117,0.3947944672764117,0.4311750371567759,0.0,0.3947944672764117,-0.06395740738683296,graph_lift,1000.0,9.5,6.861655491347335,2.362344106964197,18.0,train,False,,,,5
M5,N7,E10b,T12b,global_categorical,,,,,,,,,0.1762470453977584,0.0,0.0,0.0,0.0,0.0,graph_lift,1000.0,9.5,6.861655491347335,,18.0,train,False,,,,5
M1,N7,E10b,T12b,categorical,1.6183080673217771,0.5266666666666666,0.7666666666666667,0.5917169451713562,0.5266666666666666,,,,0.3115526750863902,0.3115526750863902,0.3372984309651858,0.0,0.3115526750863902,-0.03884969808701797,graph_lift,1000.0,9.451,6.875119364490252,2.384797051128486,18.0,train,False,,,,6
M5,N7,E10b,T12b,global_categorical,,,,,,,,,0.1292286664247512,0.0,0.0,0.0,0.0,0.0,graph_lift,1000.0,9.451,6.875119364490252,,18.0,train,False,,,,6
M1,N7,E10b,T12b,categorical,1.4359214305877686,0.6066666666666667,0.8033333333333333,0.657085657119751,0.6066666666666667,,,,0.3767898159969772,0.3767898159969772,0.3875778732265857,0.0,0.3767898159969772,-0.017615394281140846,graph_lift,1000.0,9.412,6.878890695937181,2.38816630064099,18.0,train,False,,,,7
M5,N7,E10b,T12b,global_categorical,,,,,,,,,0.1531463414430618,0.0,0.0,0.0,0.0,0.0,graph_lift,1000.0,9.412,6.878890695937181,,18.0,train,False,,,,7
M1,N7,E10b,T12b,categorical,1.3711713552474976,0.65,0.8166666666666667,0.6709569096565247,0.65,,,,0.4027750971879948,0.4027750971879948,0.4218863731221471,0.0,0.4027750971879948,-0.03305799248733197,graph_lift,1000.0,9.363,6.896828922973426,2.3342164789814053,18.0,train,False,,,,8
M5,N7,E10b,T12b,global_categorical,,,,,,,,,0.1030545532703399,0.0,0.0,0.0,0.0,0.0,graph_lift,1000.0,9.363,6.896828922973426,,18.0,train,False,,,,8
M1,N7,E10b,T12b,categorical,1.4546245336532593,0.5866666666666667,0.7966666666666666,0.6349697113037109,0.5866666666666667,,,,0.3926728941636964,0.3926728941636964,0.3601696153414901,0.0507998363340526,0.3926728941636964,0.05079983633405268,graph_lift,1000.0,9.685,6.909502139474991,2.3981303281711464,18.0,train,False,,,,9
M5,N7,E10b,T12b,global_categorical,,,,,,,,,0.1039618700742721,0.0971732487888517,0.157936251951182,0.0,0.0971732487888517,-0.07215962366641107,graph_lift,1000.0,9.685,6.909502139474991,,18.0,train,False,,,,9
M1,N7,E10b,T12b,categorical,1.3801584243774414,0.6166666666666667,0.82,0.6593576073646545,0.6166666666666667,,,,0.4209887810809432,0.4209887810809432,0.3896067565816685,0.0514127979587857,0.4209887810809432,0.05141279795878588,graph_lift,1000.0,9.655,6.8951997132854554,2.416162934373314,18.0,test,False,,,,0
M5,N7,E10b,T12b,global_categorical,,,,,,,,,0.0951381549239158,0.1131188497545579,0.0599363059934916,0.0565733408280078,0.1131188497545579,0.05657334082800787,graph_lift,1000.0,9.655,6.8951997132854554,,18.0,test,False,,,,0
M1,N7,E10b,T12b,categorical,1.2987239360809326,0.6433333333333333,0.8066666666666666,0.6885285377502441,0.6433333333333333,,,,0.4427744377061066,0.4427744377061066,0.4345119284990139,0.0146112882366578,0.4427744377061066,0.014611288236657874,graph_lift,1000.0,9.541,6.878433327200048,2.3198012076256393,18.0,test,False,,,,1
M5,N7,E10b,T12b,global_categorical,,,,,,,,,0.0780575275421142,0.294274401032408,0.2827622006004057,0.0160507441766722,0.294274401032408,0.0160507441766723,graph_lift,1000.0,9.541,6.878433327200048,,18.0,test,False,,,,1
M1,N7,E10b,T12b,categorical,1.47548246383667,0.61,0.7866666666666666,0.6454346776008606,0.61,,,,0.3752085713251903,0.3752085713251903,0.3691615966862919,0.0095856159154777,0.3752085713251903,0.009585615915477694,graph_lift,1000.0,9.519,6.886130191552894,2.375907371809314,18.0,test,False,,,,2
M5,N7,E10b,T12b,global_categorical,,,,,,,,,0.0938580930233001,0.041078340990673,0.0,0.041078340990673,0.041078340990673,0.041078340990673,graph_lift,1000.0,9.519,6.886130191552894,,18.0,test,False,,,,2
M1,N7,E10b,T12b,categorical,1.5175418853759766,0.5866666666666667,0.7533333333333333,0.6308718919754028,0.5866666666666667,,,,0.3396092842922737,0.3396092842922737,0.3440046899200716,0.0,0.3396092842922737,-0.006700361359690725,graph_lift,1000.0,9.671,6.858582396381095,2.336384477949194,18.0,test,False,,,,3
M5,N7,E10b,T12b,global_categorical,,,,,,,,,0.1012138873338699,0.2214316965784529,0.0,0.2214316965784529,0.2214316965784529,0.2214316965784529,graph_lift,1000.0,9.671,6.858582396381095,,18.0,test,False,,,,3
M1,N7,E10b,T12b,categorical,1.4897408485412598,0.5766666666666667,0.7866666666666666,0.6275210380554199,0.5766666666666667,,,,0.3788547402745301,0.3788547402745301,0.3820305458580202,0.0,0.3788547402745301,-0.005139097996193956,graph_lift,1000.0,9.52,6.868505380018929,2.4126476269556356,18.0,test,False,,,,4
M5,N7,E10b,T12b,global_categorical,,,,,,,,,0.1313221901655197,0.0037626461536791,0.0921483743017315,0.0,0.0037626461536791,-0.09735701919360563,graph_lift,1000.0,9.52,6.868505380018929,,18.0,test,False,,,,4
M1,N7,E10b,T12b,categorical,1.4351205825805664,0.6333333333333333,0.8,0.6628543138504028,0.6333333333333333,,,,0.3676356208666934,0.3676356208666934,0.3838913437342276,0.0,0.3676356208666934,-0.026384506535032298,graph_lift,1000.0,9.579,6.883039653188572,2.3035439206879165,18.0,test,False,,,,5
M5,N7,E10b,T12b,global_categorical,,,,,,,,,0.0992946475744247,0.2586598238642179,0.1845713754878445,0.090858287468996,0.2586598238642179,0.09085828746899595,graph_lift,1000.0,9.579,6.883039653188572,,18.0,test,False,,,,5
M1,N7,E10b,T12b,categorical,1.4947171211242676,0.6066666666666667,0.8166666666666667,0.6564384698867798,0.6066666666666667,,,,0.3604997406949167,0.3604997406949167,0.3766996059850991,0.0,0.3604997406949167,-0.025990462136295606,graph_lift,1000.0,9.551,6.8896720417104,2.328731242370615,18.0,test,False,,,,6
M5,N7,E10b,T12b,global_categorical,,,,,,,,,0.0783813744783401,0.3644752734735903,0.3307168301022175,0.0504397015937642,0.3644752734735903,0.05043970159376436,graph_lift,1000.0,9.551,6.8896720417104,,18.0,test,False,,,,6
M1,N7,E10b,T12b,categorical,1.3683773279190063,0.6466666666666666,0.8333333333333334,0.6722944974899292,0.6466666666666666,,,,0.3913098880079003,0.3913098880079003,0.3709343269523502,0.0323901969675696,0.3913098880079003,0.03239019696756958,graph_lift,1000.0,9.62,6.853939635154054,2.3471716805067393,18.0,test,False,,,,7
M5,N7,E10b,T12b,global_categorical,,,,,,,,,0.1343353688716888,0.0,0.0,0.0,0.0,0.0,graph_lift,1000.0,9.62,6.853939635154054,,18.0,test,False,,,,7
M1,N7,E10b,T12b,categorical,1.3376424312591553,0.6266666666666667,0.8166666666666667,0.6700932383537292,0.6266666666666667,,,,0.4205347158471564,0.4205347158471564,0.4258030467761791,0.0,0.4205347158471564,-0.009175128672215533,graph_lift,1000.0,9.792,6.878597052824216,2.3731727407972665,18.0,test,False,,,,8
M5,N7,E10b,T12b,global_categorical,,,,,,,,,0.059164922684431,0.1511118952793972,0.1519799203982482,0.0,0.1511118952793972,-0.0010235902895821168,graph_lift,1000.0,9.792,6.878597052824216,,18.0,test,False,,,,8
M1,N7,E10b,T12b,categorical,1.3964177370071411,0.63,0.83,0.6629969477653503,0.63,,,,0.4193794812757444,0.4193794812757444,0.4034086943781256,0.0267700631020278,0.4193794812757444,0.026770063102027966,graph_lift,1000.0,9.479,6.864568844075899,2.4133423140396397,18.0,test,False,,,,9
M5,N7,E10b,T12b,global_categorical,,,,,,,,,0.0869293957948684,0.3328674017278084,0.2914633767008429,0.058435970231399,0.3328674017278084,0.05843597023139898,graph_lift,1000.0,9.479,6.864568844075899,,18.0,test,False,,,,9
M1,N7,E10b,T12e,categorical,2.33203387260437,0.24,0.5866666666666667,0.3670239746570587,0.24,,,,-0.0172671820504517,0.0,0.0,0.0,0.0,0.0,graph_lift,1000.0,0.0,0.0,2.3655266638301,18.0,train,False,,,,0
M5,N7,E10b,T12e,global_categorical,,,,,,,,,0.0966817140579223,0.0,0.0,0.0,0.0,0.0,graph_lift,1000.0,0.0,0.0,,18.0,train,False,,,,0
M1,N7,E10b,T12e,categorical,2.3789541721343994,0.21,0.54,0.3493720889091491,0.21,,,,-0.0115181056700641,0.0,0.0,0.0,0.0,0.0,graph_lift,1000.0,0.0,0.0,2.4031174329209217,18.0,train,False,,,,1
M5,N7,E10b,T12e,global_categorical,,,,,,,,,0.1045257747173309,0.0,0.0,0.0,0.0,0.0,graph_lift,1000.0,0.0,0.0,,18.0,train,False,,,,1
M1,N7,E10b,T12e,categorical,2.4128165245056152,0.2333333333333333,0.5633333333333334,0.3522907495498657,0.2333333333333333,,,,-0.0258778303714775,0.0,0.0,0.0,0.0,0.0,graph_lift,1000.0,0.0,0.0,2.3920726910571597,18.0,train,False,,,,2
M5,N7,E10b,T12e,global_categorical,,,,,,,,,0.1319830268621444,0.0,0.0,0.0,0.0,0.0,graph_lift,1000.0,0.0,0.0,,18.0,train,False,,,,2
M1,N7,E10b,T12e,categorical,2.335243225097656,0.2,0.57,0.3621674478054046,0.2,,,,-0.0187330019798313,0.0,0.0,0.0,0.0,0.0,graph_lift,1000.0,0.0,0.0,2.3726144625127072,18.0,train,False,,,,3
M5,N7,E10b,T12e,global_categorical,,,,,,,,,0.1044939830899238,0.0259035656722764,0.0,0.0259035656722764,0.0259035656722764,0.0259035656722764,graph_lift,1000.0,0.0,0.0,,18.0,train,False,,,,3
M1,N7,E10b,T12e,categorical,2.428684949874878,0.2,0.5233333333333333,0.338602602481842,0.2,,,,-0.0091964537070461,0.0,0.0,0.0,0.0,0.0,graph_lift,1000.0,0.0,0.0,2.402910732768787,18.0,train,False,,,,4
M5,N7,E10b,T12e,global_categorical,,,,,,,,,0.0919007956981659,0.0809919882411949,0.0275802628743805,0.0549266158713463,0.0809919882411949,0.05492661587134625,graph_lift,1000.0,0.0,0.0,,18.0,train,False,,,,4
M1,N7,E10b,T12e,categorical,2.4107561111450195,0.2066666666666666,0.56,0.3454256057739258,0.2066666666666666,,,,-0.0258238727264417,0.0,0.0,0.0,0.0,0.0,graph_lift,1000.0,0.0,0.0,2.362344106964197,18.0,train,False,,,,5
M5,N7,E10b,T12e,global_categorical,,,,,,,,,0.1417040526866912,0.0,0.0,0.0,0.0,0.0,graph_lift,1000.0,0.0,0.0,,18.0,train,False,,,,5
M1,N7,E10b,T12e,categorical,2.4177587032318115,0.1933333333333333,0.5466666666666666,0.3383821845054626,0.1933333333333333,,,,-0.0285430598732108,0.0,0.0,0.0,0.0,0.0,graph_lift,1000.0,0.0,0.0,2.384797051128486,18.0,train,False,,,,6
M5,N7,E10b,T12e,global_categorical,,,,,,,,,0.1026987731456756,0.0,0.0,0.0,0.0,0.0,graph_lift,1000.0,0.0,0.0,,18.0,train,False,,,,6
M1,N7,E10b,T12e,categorical,2.365138053894043,0.2266666666666666,0.56,0.3558546602725982,0.2266666666666666,,,,-0.0265033650840968,0.0,0.0,0.0,0.0,0.0,graph_lift,1000.0,0.0,0.0,2.38816630064099,18.0,train,False,,,,7
M5,N7,E10b,T12e,global_categorical,,,,,,,,,0.143810361623764,0.0,0.0,0.0,0.0,0.0,graph_lift,1000.0,0.0,0.0,,18.0,train,False,,,,7
M1,N7,E10b,T12e,categorical,2.341500997543335,0.2566666666666666,0.5433333333333333,0.3620195388793945,0.2566666666666666,,,,-0.0198599358607971,0.0,0.0,0.0,0.0,0.0,graph_lift,1000.0,0.0,0.0,2.3342164789814053,18.0,train,False,,,,8
M5,N7,E10b,T12e,global_categorical,,,,,,,,,0.115994818508625,0.0,0.0,0.0,0.0,0.0,graph_lift,1000.0,0.0,0.0,,18.0,train,False,,,,8
M1,N7,E10b,T12e,categorical,2.45906662940979,0.1966666666666666,0.5133333333333333,0.3331103920936584,0.1966666666666666,,,,-0.0266964082456433,0.0,0.0,0.0,0.0,0.0,graph_lift,1000.0,0.0,0.0,2.3981303281711464,18.0,train,False,,,,9
M5,N7,E10b,T12e,global_categorical,,,,,,,,,0.1173437535762786,0.0,0.0,0.0,0.0,0.0,graph_lift,1000.0,0.0,0.0,,18.0,train,False,,,,9
M1,N7,E10b,T12e,categorical,2.440248966217041,0.2033333333333333,0.54,0.3398511707782745,0.2033333333333333,,,,-0.0237459523653857,0.0,0.0,0.0,0.0,0.0,graph_lift,1000.0,0.0,0.0,2.416162934373314,18.0,test,False,,,,0
M5,N7,E10b,T12e,global_categorical,,,,,,,,,0.1402589827775955,0.0,0.0,0.0,0.0,0.0,graph_lift,1000.0,0.0,0.0,,18.0,test,False,,,,0
M1,N7,E10b,T12e,categorical,2.397778034210205,0.25,0.5466666666666666,0.3529387414455414,0.25,,,,-0.0287815596618739,0.0,0.0,0.0,0.0,0.0,graph_lift,1000.0,0.0,0.0,2.3198012076256393,18.0,test,False,,,,1
M5,N7,E10b,T12e,global_categorical,,,,,,,,,0.1137083396315574,0.0,0.0279794391407809,0.0,0.0,-0.028784822325207227,graph_lift,1000.0,0.0,0.0,,18.0,test,False,,,,1
M1,N7,E10b,T12e,categorical,2.394886016845703,0.19,0.5066666666666667,0.3361133337020874,0.19,,,,-0.0141118617726063,0.0,0.0,0.0,0.0,0.0,graph_lift,1000.0,0.0,0.0,2.375907371809314,18.0,test,False,,,,2
M5,N7,E10b,T12e,global_categorical,,,,,,,,,0.1140324398875236,0.0,0.0866787713454196,0.0,0.0,-0.09490502205133967,graph_lift,1000.0,0.0,0.0,,18.0,test,False,,,,2
M1,N7,E10b,T12e,categorical,2.3646247386932373,0.24,0.5866666666666667,0.3656829297542572,0.24,,,,-0.0290168219850759,0.0,0.0,0.0,0.0,0.0,graph_lift,1000.0,0.0,0.0,2.336384477949194,18.0,test,False,,,,3
M5,N7,E10b,T12e,global_categorical,,,,,,,,,0.1524735987186432,0.0,0.0,0.0,0.0,0.0,graph_lift,1000.0,0.0,0.0,,18.0,test,False,,,,3
M1,N7,E10b,T12e,categorical,2.4666223526000977,0.2,0.5433333333333333,0.3381627798080444,0.2,,,,-0.0284545835116496,0.0,0.0,0.0,0.0,0.0,graph_lift,1000.0,0.0,0.0,2.4126476269556356,18.0,test,False,,,,4
M5,N7,E10b,T12e,global_categorical,,,,,,,,,0.1550826877355575,0.0,0.0,0.0,0.0,0.0,graph_lift,1000.0,0.0,0.0,,18.0,test,False,,,,4
M1,N7,E10b,T12e,categorical,2.338695526123047,0.23,0.5666666666666667,0.3616212010383606,0.23,,,,-0.0305111427267699,0.0,0.0,0.0,0.0,0.0,graph_lift,1000.0,0.0,0.0,2.3035439206879165,18.0,test,False,,,,5
M5,N7,E10b,T12e,global_categorical,,,,,,,,,0.1186174675822258,0.1143944164334061,0.1866872410585947,0.0,0.1143944164334061,-0.08888686895713249,graph_lift,1000.0,0.0,0.0,,18.0,test,False,,,,5
M1,N7,E10b,T12e,categorical,2.3942933082580566,0.1566666666666666,0.5066666666666667,0.3347300589084625,0.1566666666666666,,,,-0.0243752000931722,0.0,0.0,0.0,0.0,0.0,graph_lift,1000.0,0.0,0.0,2.328731242370615,18.0,test,False,,,,6
M5,N7,E10b,T12e,global_categorical,,,,,,,,,0.123208463191986,0.0010123527820491,0.0,0.0010123527820491,0.0010123527820491,0.0010123527820491,graph_lift,1000.0,0.0,0.0,,18.0,test,False,,,,6
M1,N7,E10b,T12e,categorical,2.299537897109986,0.29,0.59,0.3727933764457702,0.29,,,,-0.0228948131480035,0.0,0.0,0.0,0.0,0.0,graph_lift,1000.0,0.0,0.0,2.3471716805067393,18.0,test,False,,,,7
M5,N7,E10b,T12e,global_categorical,,,,,,,,,0.1285185664892196,0.0,0.0,0.0,0.0,0.0,graph_lift,1000.0,0.0,0.0,,18.0,test,False,,,,7
M1,N7,E10b,T12e,categorical,2.3343169689178467,0.2133333333333333,0.5666666666666667,0.3558607399463653,0.2133333333333333,,,,-0.0112236706841919,0.0,0.0,0.0,0.0,0.0,graph_lift,1000.0,0.0,0.0,2.3731727407972665,18.0,test,False,,,,8
M5,N7,E10b,T12e,global_categorical,,,,,,,,,0.0561719760298728,0.1940541775953737,0.0,0.1940541775953737,0.1940541775953737,0.1940541775953737,graph_lift,1000.0,0.0,0.0,,18.0,test,False,,,,8
M1,N7,E10b,T12e,categorical,2.4449214935302734,0.1533333333333333,0.5266666666666666,0.3377983570098877,0.1533333333333333,,,,-0.0165808735794992,0.0,0.0,0.0,0.0,0.0,graph_lift,1000.0,0.0,0.0,2.4133423140396397,18.0,test,False,,,,9
M5,N7,E10b,T12e,global_categorical,,,,,,,,,0.1397971510887146,0.0,0.0788934698063511,0.0,0.0,-0.08565075506495969,graph_lift,1000.0,0.0,0.0,,18.0,test,False,,,,9
M1,N7,E10c,T12a,categorical,1.02507221698761,0.7066666666666667,0.8633333333333333,0.7501705884933472,0.7066666666666667,,,,0.5528485516623447,0.5528485516623447,0.5915835400350147,0.0,0.5528485516623447,-0.09484188853698707,graph_lift,1000.0,130.415,7.250427333922261,2.3655266638301,18.0,train,False,,,,0
M5,N7,E10c,T12a,global_categorical,,,,,,,,,0.1140479668974876,0.0,0.0,0.0,0.0,0.0,graph_lift,1000.0,130.415,7.250427333922261,,18.0,train,False,,,,0
M1,N7,E10c,T12a,categorical,1.070961594581604,0.7033333333333334,0.88,0.7300384640693665,0.7033333333333334,,,,0.5446330487486599,0.5446330487486599,0.5474069945493412,0.0,0.5446330487486599,-0.00612900722564007,graph_lift,1000.0,130.661,7.272168341507912,2.4031174329209217,18.0,train,False,,,,1
M5,N7,E10c,T12a,global_categorical,,,,,,,,,0.0878045558929443,0.0,0.0,0.0,0.0,0.0,graph_lift,1000.0,130.661,7.272168341507912,,18.0,train,False,,,,1
M1,N7,E10c,T12a,categorical,1.079486846923828,0.7066666666666667,0.8633333333333333,0.7289021015167236,0.7066666666666667,,,,0.5410253349388252,0.5410253349388252,0.5366248512151912,0.0094965898261358,0.5410253349388252,0.00949658982613584,graph_lift,1000.0,134.048,7.247702458283311,2.3920726910571597,18.0,train,False,,,,2
M5,N7,E10c,T12a,global_categorical,,,,,,,,,0.0970190614461898,0.0,0.0,0.0,0.0,0.0,graph_lift,1000.0,134.048,7.247702458283311,,18.0,train,False,,,,2
M1,N7,E10c,T12a,categorical,1.0599440336227417,0.7233333333333334,0.8666666666666667,0.7468656301498413,0.7233333333333334,,,,0.5376070781524402,0.5376070781524402,0.548561961835681,0.0,0.5376070781524402,-0.024266638513197776,graph_lift,1000.0,135.502,7.265949791697949,2.3726144625127072,18.0,train,False,,,,3
M5,N7,E10c,T12a,global_categorical,,,,,,,,,0.09151641279459,0.1468809136219985,0.0689179576302158,0.083733712437791,0.1468809136219985,0.08373371243779107,graph_lift,1000.0,135.502,7.265949791697949,,18.0,train,False,,,,3
M1,N7,E10c,T12a,categorical,1.0779670476913452,0.6933333333333334,0.8666666666666667,0.7351053953170776,0.6933333333333334,,,,0.552070136253465,0.552070136253465,0.5717214670432651,0.0,0.552070136253465,-0.04588446367865297,graph_lift,1000.0,130.462,7.251963988434811,2.402910732768787,18.0,train,False,,,,4
M5,N7,E10c,T12a,global_categorical,,,,,,,,,0.0825804322957992,0.1741956278202311,0.2975244252398267,0.0,0.1741956278202311,-0.17556311116112516,graph_lift,1000.0,130.462,7.251963988434811,,18.0,train,False,,,,4
M1,N7,E10c,T12a,categorical,1.0306240320205688,0.7033333333333334,0.8733333333333333,0.7442182302474976,0.7033333333333334,,,,0.5614493601277667,0.5614493601277667,0.5531889898204978,0.018487392027225,0.5614493601277667,0.018487392027225037,graph_lift,1000.0,127.871,7.266763744180336,2.362344106964197,18.0,train,False,,,,5
M5,N7,E10c,T12a,global_categorical,,,,,,,,,0.1147166118025779,0.0855923302134084,0.0550520583344112,0.0323195284442507,0.0855923302134084,0.03231952844425075,graph_lift,1000.0,127.871,7.266763744180336,,18.0,train,False,,,,5
M1,N7,E10c,T12a,categorical,1.1463056802749634,0.6966666666666667,0.8733333333333333,0.7196274399757385,0.6966666666666667,,,,0.5123480805145793,0.5123480805145793,0.474984684933731,0.0711662965034307,0.5123480805145793,0.07116629650343077,graph_lift,1000.0,130.484,7.277705975503222,2.384797051128486,18.0,train,False,,,,6
M5,N7,E10c,T12a,global_categorical,,,,,,,,,0.1133311912417411,0.0,0.086393338255855,0.0,0.0,-0.09456294691516753,graph_lift,1000.0,130.484,7.277705975503222,,18.0,train,False,,,,6
M1,N7,E10c,T12a,categorical,1.0091785192489624,0.7233333333333334,0.8866666666666667,0.7529349327087402,0.7233333333333334,,,,0.5620022892761725,0.5620022892761725,0.5580503607203794,0.0089420336720598,0.5620022892761725,0.008942033672059849,graph_lift,1000.0,130.496,7.275616620089293,2.38816630064099,18.0,train,False,,,,7
M5,N7,E10c,T12a,global_categorical,,,,,,,,,0.1061104983091354,0.1289436922941426,0.0375179203139296,0.0949895836086975,0.1289436922941426,0.09498958360869747,graph_lift,1000.0,130.496,7.275616620089293,,18.0,train,False,,,,7
M1,N7,E10c,T12a,categorical,0.980996072292328,0.75,0.9066666666666666,0.7629094123840332,0.75,,,,0.5727191282456182,0.5727191282456182,0.5610808049390199,0.0265158676985666,0.5727191282456182,0.02651586769856663,graph_lift,1000.0,132.112,7.27290147341245,2.3342164789814053,18.0,train,False,,,,8
M5,N7,E10c,T12a,global_categorical,,,,,,,,,0.0892522931098938,0.0015844809380967,0.0,0.0015844809380967,0.0015844809380967,0.0015844809380967,graph_lift,1000.0,132.112,7.27290147341245,,18.0,train,False,,,,8
M1,N7,E10c,T12a,categorical,1.2407920360565186,0.6866666666666666,0.8666666666666667,0.7130953073501587,0.6866666666666666,,,,0.481951103077336,0.481951103077336,0.5106289052811123,0.0,0.481951103077336,-0.0586013406048222,graph_lift,1000.0,133.045,7.287921745518222,2.3981303281711464,18.0,train,False,,,,9
M5,N7,E10c,T12a,global_categorical,,,,,,,,,0.0957754030823707,0.1682662504144998,0.1981795330103604,0.0,0.1682662504144998,-0.03730670870521332,graph_lift,1000.0,133.045,7.287921745518222,,18.0,train,False,,,,9
M1,N7,E10c,T12a,categorical,1.005460262298584,0.6933333333333334,0.8833333333333333,0.739274263381958,0.6933333333333334,,,,0.5781840666801978,0.5781840666801978,0.571110681692597,0.0164923319039878,0.5781840666801978,0.01649233190398788,graph_lift,1000.0,131.982,7.264667586894771,2.416162934373314,18.0,test,False,,,,0
M5,N7,E10c,T12a,global_categorical,,,,,,,,,0.079175591468811,0.2619224149409001,0.2828952636915617,0.0,0.2619224149409001,-0.029246562864201853,graph_lift,1000.0,131.982,7.264667586894771,,18.0,test,False,,,,0
M1,N7,E10c,T12a,categorical,1.0200413465499878,0.74,0.8733333333333333,0.7562111616134644,0.74,,,,0.5623449153715633,0.5623449153715633,0.5745141212666864,0.0,0.5623449153715633,-0.02860072802263453,graph_lift,1000.0,130.454,7.271147626033245,2.3198012076256393,18.0,test,False,,,,1
M5,N7,E10c,T12a,global_categorical,,,,,,,,,0.0936638414859771,0.1531762186723954,0.2431496472888984,0.0,0.1531762186723954,-0.11887875627488396,graph_lift,1000.0,130.454,7.271147626033245,,18.0,test,False,,,,1
M1,N7,E10c,T12a,categorical,1.066696047782898,0.7066666666666667,0.8833333333333333,0.7357197999954224,0.7066666666666667,,,,0.548308728636731,0.548308728636731,0.5528435827057241,0.0,0.548308728636731,-0.01014153860618467,graph_lift,1000.0,127.922,7.276562610250561,2.375907371809314,18.0,test,False,,,,2
M5,N7,E10c,T12a,global_categorical,,,,,,,,,0.0764056295156478,0.219385237300649,0.2262798497899341,0.0,0.219385237300649,-0.008910989958595768,graph_lift,1000.0,127.922,7.276562610250561,,18.0,test,False,,,,2
M1,N7,E10c,T12a,categorical,1.171817421913147,0.6833333333333333,0.8333333333333334,0.7121212482452393,0.6833333333333333,,,,0.4900586656127361,0.4900586656127361,0.4976704451988878,0.0,0.4900586656127361,-0.015152959871464188,graph_lift,1000.0,132.339,7.274006898134298,2.336384477949194,18.0,test,False,,,,3
M5,N7,E10c,T12a,global_categorical,,,,,,,,,0.0934764742851257,0.2809502538527236,0.1848546787292703,0.117887660783785,0.2809502538527236,0.11788766078378508,graph_lift,1000.0,132.339,7.274006898134298,,18.0,test,False,,,,3
M1,N7,E10c,T12a,categorical,1.2054328918457031,0.7,0.84,0.7189238667488098,0.7,,,,0.4973964892070708,0.4973964892070708,0.4977624389182513,0.0,0.4973964892070708,-0.0007286386752760507,graph_lift,1000.0,130.608,7.258476203377782,2.4126476269556356,18.0,test,False,,,,4
M5,N7,E10c,T12a,global_categorical,,,,,,,,,0.0838625133037567,0.3638015918304965,0.5000537520879097,0.0,0.3638015918304965,-0.2725336190169219,graph_lift,1000.0,130.608,7.258476203377782,,18.0,test,False,,,,4
M1,N7,E10c,T12a,categorical,1.030252456665039,0.7366666666666667,0.8866666666666667,0.7576864361763,0.7366666666666667,,,,0.5460346702453919,0.5460346702453919,0.5402766160965539,0.0125250408189968,0.5460346702453919,0.012525040818996823,graph_lift,1000.0,131.854,7.278653773902583,2.3035439206879165,18.0,test,False,,,,5
M5,N7,E10c,T12a,global_categorical,,,,,,,,,0.0954961031675338,0.2870199988429686,0.3537748706127371,0.0,0.2870199988429686,-0.10329971512105089,graph_lift,1000.0,131.854,7.278653773902583,,18.0,test,False,,,,5
M1,N7,E10c,T12a,categorical,1.1268696784973145,0.7233333333333334,0.86,0.7412393689155579,0.7233333333333334,,,,0.5178796904494429,0.5178796904494429,0.5296354200124334,0.0,0.5178796904494429,-0.02499280358929486,graph_lift,1000.0,132.714,7.258674973740295,2.328731242370615,18.0,test,False,,,,6
M5,N7,E10c,T12a,global_categorical,,,,,,,,,0.0719026997685432,0.4170050740875746,0.3286671147486594,0.1315859259685189,0.4170050740875746,0.13158592596851904,graph_lift,1000.0,132.714,7.258674973740295,,18.0,test,False,,,,6
M1,N7,E10c,T12a,categorical,0.8904873728752136,0.7666666666666667,0.8866666666666667,0.786696195602417,0.7666666666666667,,,,0.6038878583940861,0.6038878583940861,0.5996388320849746,0.0106129831003323,0.6038878583940861,0.010612983100332391,graph_lift,1000.0,130.706,7.2825358636763,2.3471716805067393,18.0,test,False,,,,7
M5,N7,E10c,T12a,global_categorical,,,,,,,,,0.0898618176579475,0.2277499108243974,0.2709353613102164,0.0,0.2277499108243974,-0.05923404893622108,graph_lift,1000.0,130.706,7.2825358636763,,18.0,test,False,,,,7
M1,N7,E10c,T12a,categorical,0.9258890748023988,0.7333333333333333,0.89,0.7668958306312561,0.7333333333333333,,,,0.5989058271744909,0.5989058271744909,0.6010872013825138,0.0,0.5989058271744909,-0.005468298373937583,graph_lift,1000.0,127.803,7.253026078944124,2.3731727407972665,18.0,test,False,,,,8
M5,N7,E10c,T12a,global_categorical,,,,,,,,,0.0635184198617935,0.0886486687573386,0.2574905650373165,0.0,0.0886486687573386,-0.2273936038111939,graph_lift,1000.0,127.803,7.253026078944124,,18.0,test,False,,,,8
M1,N7,E10c,T12a,categorical,0.9247528314590454,0.7333333333333333,0.89,0.7688256502151489,0.7333333333333333,,,,0.615494391423731,0.615494391423731,0.6024190630601396,0.0328872115052367,0.615494391423731,0.032887211505236734,graph_lift,1000.0,130.588,7.279779620448249,2.4133423140396397,18.0,test,False,,,,9
M5,N7,E10c,T12a,global_categorical,,,,,,,,,0.0723650604486465,0.4446402122113953,0.5230088371097313,0.0,0.4446402122113953,-0.16429785496123467,graph_lift,1000.0,130.588,7.279779620448249,,18.0,test,False,,,,9
M1,N7,E10c,T12b,categorical,1.36363685131073,0.63,0.7966666666666666,0.6698963642120361,0.63,,,,0.4051617127634564,0.4051617127634564,0.4350292589117941,0.0,0.4051617127634564,-0.05286565122082072,graph_lift,1000.0,9.425,6.852855578519548,2.3655266638301,18.0,train,False,,,,0
M5,N7,E10c,T12b,global_categorical,,,,,,,,,0.1164350286126136,0.0,0.0,0.0,0.0,0.0,graph_lift,1000.0,9.425,6.852855578519548,,18.0,train,False,,,,0
M1,N7,E10c,T12b,categorical,1.4361581802368164,0.59,0.7733333333333333,0.6397387981414795,0.59,,,,0.3893535031960087,0.3893535031960087,0.4075573576108486,0.0,0.3893535031960087,-0.03072677945906962,graph_lift,1000.0,9.227,6.852973240061511,2.4031174329209217,18.0,train,False,,,,1
M5,N7,E10c,T12b,global_categorical,,,,,,,,,0.0920268893241882,0.0,0.0,0.0,0.0,0.0,graph_lift,1000.0,9.227,6.852973240061511,,18.0,train,False,,,,1
M1,N7,E10c,T12b,categorical,1.4859132766723633,0.5666666666666667,0.77,0.6246205568313599,0.5666666666666667,,,,0.3682215544206388,0.3682215544206388,0.3768441531030283,0.0,0.3682215544206388,-0.013836985924670489,graph_lift,1000.0,9.632,6.887551451372585,2.3920726910571597,18.0,train,False,,,,2
M5,N7,E10c,T12b,global_categorical,,,,,,,,,0.1103948429226875,0.0,0.0,0.0,0.0,0.0,graph_lift,1000.0,9.632,6.887551451372585,,18.0,train,False,,,,2
M1,N7,E10c,T12b,categorical,1.4273474216461182,0.6366666666666667,0.7966666666666666,0.6678326725959778,0.6366666666666667,,,,0.3773300206858522,0.3773300206858522,0.4109310177817386,0.0,0.3773300206858522,-0.057040852786637744,graph_lift,1000.0,9.658,6.8808180940594985,2.3726144625127072,18.0,train,False,,,,3
M5,N7,E10c,T12b,global_categorical,,,,,,,,,0.1322478055953979,0.0,0.0,0.0,0.0,0.0,graph_lift,1000.0,9.658,6.8808180940594985,,18.0,train,False,,,,3
M1,N7,E10c,T12b,categorical,1.501906156539917,0.5733333333333334,0.77,0.6286108493804932,0.5733333333333334,,,,0.3759098429327339,0.3759098429327339,0.4137934124573389,0.0,0.3759098429327339,-0.0646249467843929,graph_lift,1000.0,9.535,6.864133388500625,2.402910732768787,18.0,train,False,,,,4
M5,N7,E10c,T12b,global_categorical,,,,,,,,,0.0969192236661911,0.0308077055697265,0.2004785955237505,0.0,0.0308077055697265,-0.21221556921940318,graph_lift,1000.0,9.535,6.864133388500625,,18.0,train,False,,,,4
M1,N7,E10c,T12b,categorical,1.3499819040298462,0.6333333333333333,0.8,0.6680280566215515,0.6333333333333333,,,,0.4255563300879158,0.4255563300879158,0.4311750371567759,0.0,0.4255563300879158,-0.009877743481536829,graph_lift,1000.0,9.5,6.861655491347335,2.362344106964197,18.0,train,False,,,,5
M5,N7,E10c,T12b,global_categorical,,,,,,,,,0.1279526948928833,0.0,0.0,0.0,0.0,0.0,graph_lift,1000.0,9.5,6.861655491347335,,18.0,train,False,,,,5
M1,N7,E10c,T12b,categorical,1.601891279220581,0.5333333333333333,0.75,0.5921925902366638,0.5333333333333333,,,,0.3185365876457138,0.3185365876457138,0.3372984309651858,0.0,0.3185365876457138,-0.028311149688082866,graph_lift,1000.0,9.451,6.875119364490252,2.384797051128486,18.0,train,False,,,,6
M5,N7,E10c,T12b,global_categorical,,,,,,,,,0.1203710883855819,0.0,0.0,0.0,0.0,0.0,graph_lift,1000.0,9.451,6.875119364490252,,18.0,train,False,,,,6
M1,N7,E10c,T12b,categorical,1.4176716804504397,0.6266666666666667,0.7933333333333333,0.6651628613471985,0.6266666666666667,,,,0.3847104501845787,0.3847104501845787,0.3875778732265857,0.0,0.3847104501845787,-0.0046821022896644734,graph_lift,1000.0,9.412,6.878890695937181,2.38816630064099,18.0,train,False,,,,7
M5,N7,E10c,T12b,global_categorical,,,,,,,,,0.1491573750972747,0.0,0.0,0.0,0.0,0.0,graph_lift,1000.0,9.412,6.878890695937181,,18.0,train,False,,,,7
M1,N7,E10c,T12b,categorical,1.4046354293823242,0.6166666666666667,0.8033333333333333,0.6513383984565735,0.6166666666666667,,,,0.3881995563956214,0.3881995563956214,0.4218863731221471,0.0,0.3881995563956214,-0.0582702347087958,graph_lift,1000.0,9.363,6.896828922973426,2.3342164789814053,18.0,train,False,,,,8
M5,N7,E10c,T12b,global_categorical,,,,,,,,,0.1212016567587852,0.0,0.0,0.0,0.0,0.0,graph_lift,1000.0,9.363,6.896828922973426,,18.0,train,False,,,,8
M1,N7,E10c,T12b,categorical,1.5205897092819214,0.5766666666666667,0.7966666666666666,0.6220843195915222,0.5766666666666667,,,,0.3651314671794994,0.3651314671794994,0.3601696153414901,0.0077549487442011,0.3651314671794994,0.007754948744201214,graph_lift,1000.0,9.685,6.909502139474991,2.3981303281711464,18.0,train,False,,,,9
M5,N7,E10c,T12b,global_categorical,,,,,,,,,0.1076937764883041,0.0647645883713594,0.157936251951182,0.0,0.0647645883713594,-0.11064680529914113,graph_lift,1000.0,9.685,6.909502139474991,,18.0,train,False,,,,9
M1,N7,E10c,T12b,categorical,1.4234403371810913,0.6066666666666667,0.7833333333333333,0.6461701393127441,0.6066666666666667,,,,0.4028309074127214,0.4028309074127214,0.3896067565816685,0.0216649692204894,0.4028309074127214,0.021664969220489463,graph_lift,1000.0,9.655,6.8951997132854554,2.416162934373314,18.0,test,False,,,,0
M5,N7,E10c,T12b,global_categorical,,,,,,,,,0.1124943792819976,0.0,0.0599363059934916,0.0,0.0,-0.06375770745708284,graph_lift,1000.0,9.655,6.8951997132854554,,18.0,test,False,,,,0
M1,N7,E10c,T12b,categorical,1.3745042085647583,0.6166666666666667,0.82,0.6642364263534546,0.6166666666666667,,,,0.4102604592486524,0.4102604592486524,0.4345119284990139,0.0,0.4102604592486524,-0.042885907718601964,graph_lift,1000.0,9.541,6.878433327200048,2.3198012076256393,18.0,test,False,,,,1
M5,N7,E10c,T12b,global_categorical,,,,,,,,,0.1302876323461532,0.0,0.2827622006004057,0.0,0.0,-0.3942377281804002,graph_lift,1000.0,9.541,6.878433327200048,,18.0,test,False,,,,1
M1,N7,E10c,T12b,categorical,1.4746838808059692,0.6,0.79,0.6380155682563782,0.6,,,,0.3755467566771253,0.3755467566771253,0.3691615966862919,0.0101217046351221,0.3755467566771253,0.010121704635122108,graph_lift,1000.0,9.519,6.886130191552894,2.375907371809314,18.0,test,False,,,,2
M5,N7,E10c,T12b,global_categorical,,,,,,,,,0.0835740268230438,0.1461477442190491,0.0,0.1461477442190491,0.1461477442190491,0.1461477442190491,graph_lift,1000.0,9.519,6.886130191552894,,18.0,test,False,,,,2
M1,N7,E10c,T12b,categorical,1.526158094406128,0.59,0.75,0.6203309893608093,0.59,,,,0.3358597475560126,0.3358597475560126,0.3440046899200716,0.0,0.3358597475560126,-0.012416159443375579,graph_lift,1000.0,9.671,6.858582396381095,2.336384477949194,18.0,test,False,,,,3
M5,N7,E10c,T12b,global_categorical,,,,,,,,,0.1221383586525917,0.0604742374417321,0.0,0.0604742374417321,0.0604742374417321,0.0604742374417321,graph_lift,1000.0,9.671,6.858582396381095,,18.0,test,False,,,,3
M1,N7,E10c,T12b,categorical,1.5695266723632812,0.59,0.7733333333333333,0.6181384921073914,0.59,,,,0.3455881386146928,0.3455881386146928,0.3820305458580202,0.0,0.3455881386146928,-0.058971211277628464,graph_lift,1000.0,9.52,6.868505380018929,2.4126476269556356,18.0,test,False,,,,4
M5,N7,E10c,T12b,global_categorical,,,,,,,,,0.13531593978405,0.0,0.0921483743017315,0.0,0.0,-0.10150157987639902,graph_lift,1000.0,9.52,6.868505380018929,,18.0,test,False,,,,4
M1,N7,E10c,T12b,categorical,1.4594483375549316,0.66,0.7933333333333333,0.6570682525634766,0.66,,,,0.3569159402984004,0.3569159402984004,0.3838913437342276,0.0,0.3569159402984004,-0.043783516367591445,graph_lift,1000.0,9.579,6.883039653188572,2.3035439206879165,18.0,test,False,,,,5
M5,N7,E10c,T12b,global_categorical,,,,,,,,,0.1249710023403167,0.0669585204238295,0.1845713754878445,0.0,0.0669585204238295,-0.1442343959097327,graph_lift,1000.0,9.579,6.883039653188572,,18.0,test,False,,,,5
M1,N7,E10c,T12b,categorical,1.495207905769348,0.5933333333333334,0.7933333333333333,0.6361005306243896,0.5933333333333334,,,,0.3602897462291957,0.3602897462291957,0.3766996059850991,0.0,0.3602897462291957,-0.026327369456967037,graph_lift,1000.0,9.551,6.8896720417104,2.328731242370615,18.0,test,False,,,,6
M5,N7,E10c,T12b,global_categorical,,,,,,,,,0.080564297735691,0.3467758938009431,0.3307168301022175,0.0239944233188744,0.3467758938009431,0.02399442331887453,graph_lift,1000.0,9.551,6.8896720417104,,18.0,test,False,,,,6
M1,N7,E10c,T12b,categorical,1.3858853578567505,0.6466666666666666,0.83,0.6676115989685059,0.6466666666666666,,,,0.3835218089020995,0.3835218089020995,0.3709343269523502,0.0200098057946262,0.3835218089020995,0.020009805794626283,graph_lift,1000.0,9.62,6.853939635154054,2.3471716805067393,18.0,test,False,,,,7
M5,N7,E10c,T12b,global_categorical,,,,,,,,,0.1304121166467666,0.0,0.0,0.0,0.0,0.0,graph_lift,1000.0,9.62,6.853939635154054,,18.0,test,False,,,,7
M1,N7,E10c,T12b,categorical,1.349148511886597,0.6266666666666667,0.8233333333333334,0.670619010925293,0.6266666666666667,,,,0.4155502663073597,0.4155502663073597,0.4258030467761791,0.0,0.4155502663073597,-0.017855860103846412,graph_lift,1000.0,9.792,6.878597052824216,2.3731727407972665,18.0,test,False,,,,8
M5,N7,E10c,T12b,global_categorical,,,,,,,,,0.0565411113202571,0.1887578881248177,0.1519799203982482,0.0433692180305933,0.1887578881248177,0.043369218030593334,graph_lift,1000.0,9.792,6.878597052824216,,18.0,test,False,,,,8
M1,N7,E10c,T12b,categorical,1.4084863662719729,0.61,0.8266666666666667,0.6515071392059326,0.61,,,,0.4143614506426593,0.4143614506426593,0.4034086943781256,0.0183588935361984,0.4143614506426593,0.01835889353619855,graph_lift,1000.0,9.479,6.864568844075899,2.4133423140396397,18.0,test,False,,,,9
M5,N7,E10c,T12b,global_categorical,,,,,,,,,0.0884498432278633,0.3211988512077551,0.2914633767008429,0.0419674488644708,0.3211988512077551,0.04196744886447085,graph_lift,1000.0,9.479,6.864568844075899,,18.0,test,False,,,,9
M1,N7,E10c,T12e,categorical,2.333352565765381,0.24,0.5866666666666667,0.3670032918453216,0.24,,,,-0.0178423583773619,0.0,0.0,0.0,0.0,0.0,graph_lift,1000.0,0.0,0.0,2.3655266638301,18.0,train,False,,,,0
M5,N7,E10c,T12e,global_categorical,,,,,,,,,0.0994223356246948,0.0,0.0,0.0,0.0,0.0,graph_lift,1000.0,0.0,0.0,,18.0,train,False,,,,0
M1,N7,E10c,T12e,categorical,2.3717195987701416,0.21,0.5366666666666666,0.3509076535701751,0.21,,,,-0.0084420375389482,0.0,0.0,0.0,0.0,0.0,graph_lift,1000.0,0.0,0.0,2.4031174329209217,18.0,train,False,,,,1
M5,N7,E10c,T12e,global_categorical,,,,,,,,,0.0891259983181953,0.0,0.0,0.0,0.0,0.0,graph_lift,1000.0,0.0,0.0,,18.0,train,False,,,,1
M1,N7,E10c,T12e,categorical,2.4127705097198486,0.2433333333333333,0.5633333333333334,0.3534197211265564,0.2433333333333333,,,,-0.0258582807396334,0.0,0.0,0.0,0.0,0.0,graph_lift,1000.0,0.0,0.0,2.3920726910571597,18.0,train,False,,,,2
M5,N7,E10c,T12e,global_categorical,,,,,,,,,0.1372568756341934,0.0,0.0,0.0,0.0,0.0,graph_lift,1000.0,0.0,0.0,,18.0,train,False,,,,2
M1,N7,E10c,T12e,categorical,2.3411076068878174,0.2,0.57,0.3583644926548004,0.2,,,,-0.0212912420129329,0.0,0.0,0.0,0.0,0.0,graph_lift,1000.0,0.0,0.0,2.3726144625127072,18.0,train,False,,,,3
M5,N7,E10c,T12e,global_categorical,,,,,,,,,0.1190924271941185,0.0,0.0,0.0,0.0,0.0,graph_lift,1000.0,0.0,0.0,,18.0,train,False,,,,3
M1,N7,E10c,T12e,categorical,2.4265174865722656,0.2,0.5233333333333333,0.3382376432418823,0.2,,,,-0.00829584679284,0.0,0.0,0.0,0.0,0.0,graph_lift,1000.0,0.0,0.0,2.402910732768787,18.0,train,False,,,,4
M5,N7,E10c,T12e,global_categorical,,,,,,,,,0.0983647033572197,0.0163529077978675,0.0275802628743805,0.0,0.0163529077978675,-0.011545791028162382,graph_lift,1000.0,0.0,0.0,,18.0,train,False,,,,4
M1,N7,E10c,T12e,categorical,2.4110586643218994,0.2066666666666666,0.56,0.3465220630168915,0.2066666666666666,,,,-0.025952518973157,0.0,0.0,0.0,0.0,0.0,graph_lift,1000.0,0.0,0.0,2.362344106964197,18.0,train,False,,,,5
M5,N7,E10c,T12e,global_categorical,,,,,,,,,0.137261763215065,0.0,0.0,0.0,0.0,0.0,graph_lift,1000.0,0.0,0.0,,18.0,train,False,,,,5
M1,N7,E10c,T12e,categorical,2.398503541946411,0.1933333333333333,0.5466666666666666,0.3423513770103454,0.1933333333333333,,,,-0.02035168481308,0.0,0.0,0.0,0.0,0.0,graph_lift,1000.0,0.0,0.0,2.384797051128486,18.0,train,False,,,,6
M5,N7,E10c,T12e,global_categorical,,,,,,,,,0.0757898166775703,0.2159673911200381,0.0,0.2159673911200381,0.2159673911200381,0.2159673911200381,graph_lift,1000.0,0.0,0.0,,18.0,train,False,,,,6
M1,N7,E10c,T12e,categorical,2.3634262084960938,0.2266666666666666,0.56,0.3556676208972931,0.2266666666666666,,,,-0.0257603172174212,0.0,0.0,0.0,0.0,0.0,graph_lift,1000.0,0.0,0.0,2.38816630064099,18.0,train,False,,,,7
M5,N7,E10c,T12e,global_categorical,,,,,,,,,0.1428700238466262,0.0,0.0,0.0,0.0,0.0,graph_lift,1000.0,0.0,0.0,,18.0,train,False,,,,7
M1,N7,E10c,T12e,categorical,2.340177059173584,0.2566666666666666,0.5433333333333333,0.361517071723938,0.2566666666666666,,,,-0.0192832324456815,0.0,0.0,0.0,0.0,0.0,graph_lift,1000.0,0.0,0.0,2.3342164789814053,18.0,train,False,,,,8
M5,N7,E10c,T12e,global_categorical,,,,,,,,,0.117459125816822,0.0,0.0,0.0,0.0,0.0,graph_lift,1000.0,0.0,0.0,,18.0,train,False,,,,8
M1,N7,E10c,T12e,categorical,2.471733808517456,0.16,0.5133333333333333,0.3304255902767181,0.16,,,,-0.031985165453106,0.0,0.0,0.0,0.0,0.0,graph_lift,1000.0,0.0,0.0,2.3981303281711464,18.0,train,False,,,,9
M5,N7,E10c,T12e,global_categorical,,,,,,,,,0.1131981164216995,0.0169637423873571,0.0,0.0169637423873571,0.0169637423873571,0.0169637423873571,graph_lift,1000.0,0.0,0.0,,18.0,train,False,,,,9
M1,N7,E10c,T12e,categorical,2.4361014366149902,0.21,0.54,0.3421700596809387,0.21,,,,-0.0220059538573493,0.0,0.0,0.0,0.0,0.0,graph_lift,1000.0,0.0,0.0,2.416162934373314,18.0,test,False,,,,0
M5,N7,E10c,T12e,global_categorical,,,,,,,,,0.1167190968990325,0.0,0.0,0.0,0.0,0.0,graph_lift,1000.0,0.0,0.0,,18.0,test,False,,,,0
M1,N7,E10c,T12e,categorical,2.4064669609069824,0.25,0.5466666666666666,0.3536008894443512,0.25,,,,-0.032509526580412,0.0,0.0,0.0,0.0,0.0,graph_lift,1000.0,0.0,0.0,2.3198012076256393,18.0,test,False,,,,1
M5,N7,E10c,T12e,global_categorical,,,,,,,,,0.095670148730278,0.1350370022985061,0.0279794391407809,0.11013919609179,0.1350370022985061,0.11013919609178997,graph_lift,1000.0,0.0,0.0,,18.0,test,False,,,,1
M1,N7,E10c,T12e,categorical,2.389206886291504,0.1733333333333333,0.5066666666666667,0.3370656371116638,0.1733333333333333,,,,-0.0117070455927785,0.0,0.0,0.0,0.0,0.0,graph_lift,1000.0,0.0,0.0,2.375907371809314,18.0,test,False,,,,2
M5,N7,E10c,T12e,global_categorical,,,,,,,,,0.0956252068281173,0.0230242377504449,0.0866787713454196,0.0,0.0230242377504449,-0.06969566850947351,graph_lift,1000.0,0.0,0.0,,18.0,test,False,,,,2
M1,N7,E10c,T12e,categorical,2.363792657852173,0.24,0.5866666666666667,0.3649275600910187,0.24,,,,-0.0286547989696555,0.0,0.0,0.0,0.0,0.0,graph_lift,1000.0,0.0,0.0,2.336384477949194,18.0,test,False,,,,3
M5,N7,E10c,T12e,global_categorical,,,,,,,,,0.1575426608324051,0.0,0.0,0.0,0.0,0.0,graph_lift,1000.0,0.0,0.0,,18.0,test,False,,,,3
M1,N7,E10c,T12e,categorical,2.4521987438201904,0.2,0.5433333333333333,0.3425554037094116,0.2,,,,-0.0224406741991456,0.0,0.0,0.0,0.0,0.0,graph_lift,1000.0,0.0,0.0,2.4126476269556356,18.0,test,False,,,,4
M5,N7,E10c,T12e,global_categorical,,,,,,,,,0.1375732272863388,0.0,0.0,0.0,0.0,0.0,graph_lift,1000.0,0.0,0.0,,18.0,test,False,,,,4
M1,N7,E10c,T12e,categorical,2.3427248001098633,0.23,0.5666666666666667,0.361787736415863,0.23,,,,-0.0322866099915641,0.0,0.0,0.0,0.0,0.0,graph_lift,1000.0,0.0,0.0,2.3035439206879165,18.0,test,False,,,,5
M5,N7,E10c,T12e,global_categorical,,,,,,,,,0.1209497526288032,0.0969814274207544,0.1866872410585947,0.0,0.0969814274207544,-0.11029682327202135,graph_lift,1000.0,0.0,0.0,,18.0,test,False,,,,5
M1,N7,E10c,T12e,categorical,2.3883118629455566,0.1566666666666666,0.5433333333333333,0.3410138785839081,0.1566666666666666,,,,-0.0218160965523652,0.0,0.0,0.0,0.0,0.0,graph_lift,1000.0,0.0,0.0,2.328731242370615,18.0,test,False,,,,6
M5,N7,E10c,T12e,global_categorical,,,,,,,,,0.102762870490551,0.1667874466321902,0.0,0.1667874466321902,0.1667874466321902,0.1667874466321902,graph_lift,1000.0,0.0,0.0,,18.0,test,False,,,,6
M1,N7,E10c,T12e,categorical,2.3215878009796143,0.1766666666666666,0.59,0.3685567080974579,0.1766666666666666,,,,-0.0327031266346586,0.0,0.0,0.0,0.0,0.0,graph_lift,1000.0,0.0,0.0,2.3471716805067393,18.0,test,False,,,,7
M5,N7,E10c,T12e,global_categorical,,,,,,,,,0.1457955688238144,0.0,0.0,0.0,0.0,0.0,graph_lift,1000.0,0.0,0.0,,18.0,test,False,,,,7
M1,N7,E10c,T12e,categorical,2.3232250213623047,0.2133333333333333,0.5666666666666667,0.3587238192558288,0.2133333333333333,,,,-0.0064186630905191,0.0,0.0,0.0,0.0,0.0,graph_lift,1000.0,0.0,0.0,2.3731727407972665,18.0,test,False,,,,8
M5,N7,E10c,T12e,global_categorical,,,,,,,,,0.0483981072902679,0.3055923052780203,0.0,0.3055923052780203,0.3055923052780203,0.3055923052780203,graph_lift,1000.0,0.0,0.0,,18.0,test,False,,,,8
M1,N7,E10c,T12e,categorical,2.4292359352111816,0.2066666666666666,0.5266666666666666,0.3432044088840484,0.2066666666666666,,,,-0.010058901449768,0.0,0.0,0.0,0.0,0.0,graph_lift,1000.0,0.0,0.0,2.4133423140396397,18.0,test,False,,,,9
M5,N7,E10c,T12e,global_categorical,,,,,,,,,0.1092940270900726,0.1612318525681549,0.0788934698063511,0.0893907274161799,0.1612318525681549,0.08939072741617994,graph_lift,1000.0,0.0,0.0,,18.0,test,False,,,,9
M1,N7,E11a,T12a,categorical,0.9525797367095948,0.72,0.8866666666666667,0.756975531578064,0.72,,,,0.5844708249107704,0.5844708249107704,0.5915835400350147,0.0,0.5844708249107704,-0.01741534884478962,graph_lift,1000.0,130.415,7.250427333922261,2.3655266638301,18.0,train,False,,,,0
M5,N7,E11a,T12a,global_categorical,,,,,,,,,0.1037664413452148,0.0,0.0,0.0,0.0,0.0,graph_lift,1000.0,130.415,7.250427333922261,,18.0,train,False,,,,0
M1,N7,E11a,T12a,categorical,1.1714800596237185,0.66,0.8633333333333333,0.7074180841445923,0.66,,,,0.5018931413429906,0.5018931413429906,0.5474069945493412,0.0,0.5018931413429906,-0.10056243171728041,graph_lift,1000.0,130.661,7.272168341507912,2.4031174329209217,18.0,train,False,,,,1
M5,N7,E11a,T12a,global_categorical,,,,,,,,,0.0848376601934433,0.0,0.0,0.0,0.0,0.0,graph_lift,1000.0,130.661,7.272168341507912,,18.0,train,False,,,,1
M1,N7,E11a,T12a,categorical,1.1288987398147583,0.7033333333333334,0.8666666666666667,0.7215865850448608,0.7033333333333334,,,,0.5200164874328739,0.5200164874328739,0.5366248512151912,0.0,0.5200164874328739,-0.03584215473331362,graph_lift,1000.0,134.048,7.247702458283311,2.3920726910571597,18.0,train,False,,,,2
M5,N7,E11a,T12a,global_categorical,,,,,,,,,0.0954305082559585,0.0,0.0,0.0,0.0,0.0,graph_lift,1000.0,134.048,7.247702458283311,,18.0,train,False,,,,2
M1,N7,E11a,T12a,categorical,1.0558831691741943,0.7133333333333334,0.8666666666666667,0.7458924651145935,0.7133333333333334,,,,0.5393786043479962,0.5393786043479962,0.548561961835681,0.0,0.5393786043479962,-0.020342453916880783,graph_lift,1000.0,135.502,7.265949791697949,2.3726144625127072,18.0,train,False,,,,3
M5,N7,E11a,T12a,global_categorical,,,,,,,,,0.0808925852179527,0.245916592570223,0.0689179576302158,0.1900999341470612,0.245916592570223,0.19009993414706117,graph_lift,1000.0,135.502,7.265949791697949,,18.0,train,False,,,,3
M1,N7,E11a,T12a,categorical,1.0298136472702026,0.6866666666666666,0.8866666666666667,0.7406436204910278,0.6866666666666666,,,,0.5720794103150899,0.5720794103150899,0.5717214670432651,0.0008357721535881,0.5720794103150899,0.0008357721535881227,graph_lift,1000.0,130.462,7.251963988434811,2.402910732768787,18.0,train,False,,,,4
M5,N7,E11a,T12a,global_categorical,,,,,,,,,0.0755389183759689,0.244610771215604,0.2975244252398267,0.0,0.244610771215604,-0.07532454639762745,graph_lift,1000.0,130.462,7.251963988434811,,18.0,train,False,,,,4
M1,N7,E11a,T12a,categorical,1.0280576944351196,0.6866666666666666,0.8666666666666667,0.7372732162475586,0.6866666666666666,,,,0.5625413814979341,0.5625413814979341,0.5531889898204978,0.0209314261832515,0.5625413814979341,0.02093142618325151,graph_lift,1000.0,127.871,7.266763744180336,2.362344106964197,18.0,train,False,,,,5
M5,N7,E11a,T12a,global_categorical,,,,,,,,,0.1010645702481269,0.1944129387501985,0.0550520583344112,0.1474799555308266,0.1944129387501985,0.1474799555308267,graph_lift,1000.0,127.871,7.266763744180336,,18.0,train,False,,,,5
M1,N7,E11a,T12a,categorical,1.159478783607483,0.69,0.88,0.7195818424224854,0.69,,,,0.5067440818239115,0.5067440818239115,0.474984684933731,0.0604923246594658,0.5067440818239115,0.06049232465946582,graph_lift,1000.0,130.484,7.277705975503222,2.384797051128486,18.0,train,False,,,,6
M5,N7,E11a,T12a,global_categorical,,,,,,,,,0.1044820323586463,0.0,0.086393338255855,0.0,0.0,-0.09456294691516753,graph_lift,1000.0,130.484,7.277705975503222,,18.0,train,False,,,,6
M1,N7,E11a,T12a,categorical,0.99350506067276,0.7166666666666667,0.9,0.7562211751937866,0.7166666666666667,,,,0.5688047754975574,0.5688047754975574,0.5580503607203794,0.0243340277292854,0.5688047754975574,0.024334027729285425,graph_lift,1000.0,130.496,7.275616620089293,2.38816630064099,18.0,train,False,,,,7
M5,N7,E11a,T12a,global_categorical,,,,,,,,,0.0902106761932373,0.2594646168600185,0.0375179203139296,0.23059826383311,0.2594646168600185,0.23059826383311005,graph_lift,1000.0,130.496,7.275616620089293,,18.0,train,False,,,,7
M1,N7,E11a,T12a,categorical,0.9927836060523988,0.7466666666666667,0.9,0.7590284943580627,0.7466666666666667,,,,0.5675849791268455,0.5675849791268455,0.5610808049390199,0.0148186141344807,0.5675849791268455,0.014818614134480771,graph_lift,1000.0,132.112,7.27290147341245,2.3342164789814053,18.0,train,False,,,,8
M5,N7,E11a,T12a,global_categorical,,,,,,,,,0.0827429294586181,0.0744010939594446,0.0,0.0744010939594446,0.0744010939594446,0.0744010939594446,graph_lift,1000.0,132.112,7.27290147341245,,18.0,train,False,,,,8
M1,N7,E11a,T12a,categorical,1.3072701692581177,0.6866666666666666,0.8666666666666667,0.7073603272438049,0.6866666666666666,,,,0.4541954908549741,0.4541954908549741,0.5106289052811123,0.0,0.4541954908549741,-0.1153182421993181,graph_lift,1000.0,133.045,7.287921745518222,2.3981303281711464,18.0,train,False,,,,9
M5,N7,E11a,T12a,global_categorical,,,,,,,,,0.1036349833011627,0.1000120022969355,0.1981795330103604,0.0,0.1000120022969355,-0.12243081182747274,graph_lift,1000.0,133.045,7.287921745518222,,18.0,train,False,,,,9
M1,N7,E11a,T12a,categorical,1.008269429206848,0.6866666666666666,0.89,0.7348485589027405,0.6866666666666666,,,,0.5770055603817721,0.5770055603817721,0.571110681692597,0.0137445220422811,0.5770055603817721,0.013744522042281165,graph_lift,1000.0,131.982,7.264667586894771,2.416162934373314,18.0,test,False,,,,0
M5,N7,E11a,T12a,global_categorical,,,,,,,,,0.0880701392889022,0.1790071344427219,0.2828952636915617,0.0,0.1790071344427219,-0.14487162612206742,graph_lift,1000.0,131.982,7.264667586894771,,18.0,test,False,,,,0
M1,N7,E11a,T12a,categorical,1.0493261814117432,0.72,0.8966666666666666,0.7526844143867493,0.72,,,,0.5497801034616225,0.5497801034616225,0.5745141212666864,0.0,0.5497801034616225,-0.05813123076774708,graph_lift,1000.0,130.454,7.271147626033245,2.3198012076256393,18.0,test,False,,,,1
M5,N7,E11a,T12a,global_categorical,,,,,,,,,0.0908258408308029,0.1788348550052292,0.2431496472888984,0.0,0.1788348550052292,-0.08497689411557809,graph_lift,1000.0,130.454,7.271147626033245,,18.0,test,False,,,,1
M1,N7,E11a,T12a,categorical,1.0486055612564087,0.69,0.8633333333333333,0.7324306964874268,0.69,,,,0.5559691373021329,0.5559691373021329,0.5528435827057241,0.0069898462272361,0.5559691373021329,0.0069898462272361805,graph_lift,1000.0,127.922,7.276562610250561,2.375907371809314,18.0,test,False,,,,2
M5,N7,E11a,T12a,global_categorical,,,,,,,,,0.0687679797410965,0.2974169504628468,0.2262798497899341,0.091941641501257,0.2974169504628468,0.09194164150125711,graph_lift,1000.0,127.922,7.276562610250561,,18.0,test,False,,,,2
M1,N7,E11a,T12a,categorical,1.133999586105347,0.6866666666666666,0.8433333333333334,0.714109480381012,0.6866666666666666,,,,0.5065158830625819,0.5065158830625819,0.4976704451988878,0.0176088342387026,0.5065158830625819,0.017608834238702627,graph_lift,1000.0,132.339,7.274006898134298,2.336384477949194,18.0,test,False,,,,3
M5,N7,E11a,T12a,global_categorical,,,,,,,,,0.1076354160904884,0.1720353253777186,0.1848546787292703,0.0,0.1720353253777186,-0.015726463756876658,graph_lift,1000.0,132.339,7.274006898134298,,18.0,test,False,,,,3
M1,N7,E11a,T12a,categorical,1.2090998888015747,0.7166666666666667,0.8633333333333333,0.7302733063697815,0.7166666666666667,,,,0.4958675421522915,0.4958675421522915,0.4977624389182513,0.0,0.4958675421522915,-0.003772909301881833,graph_lift,1000.0,130.608,7.258476203377782,2.4126476269556356,18.0,test,False,,,,4
M5,N7,E11a,T12a,global_categorical,,,,,,,,,0.0842610448598861,0.3607782488417583,0.5000537520879097,0.0,0.3607782488417583,-0.2785809551082807,graph_lift,1000.0,130.608,7.258476203377782,,18.0,test,False,,,,4
M1,N7,E11a,T12a,categorical,1.009540557861328,0.7333333333333333,0.8866666666666667,0.7593086957931519,0.7333333333333333,,,,0.5551610471177905,0.5551610471177905,0.5402766160965539,0.0323769282625021,0.5551610471177905,0.03237692826250212,graph_lift,1000.0,131.854,7.278653773902583,2.3035439206879165,18.0,test,False,,,,5
M5,N7,E11a,T12a,global_categorical,,,,,,,,,0.083497904241085,0.3765993177964781,0.3537748706127371,0.035319652773922,0.3765993177964781,0.03531965277392207,graph_lift,1000.0,131.854,7.278653773902583,,18.0,test,False,,,,5
M1,N7,E11a,T12a,categorical,1.082036018371582,0.7133333333333334,0.8666666666666667,0.7315161824226379,0.7133333333333334,,,,0.5370613465863561,0.5370613465863561,0.5296354200124334,0.0157875973019035,0.5370613465863561,0.015787597301903572,graph_lift,1000.0,132.714,7.258674973740295,2.328731242370615,18.0,test,False,,,,6
M5,N7,E11a,T12a,global_categorical,,,,,,,,,0.0943846255540847,0.2347191696653243,0.3286671147486594,0.0,0.2347191696653243,-0.13994241478005637,graph_lift,1000.0,132.714,7.258674973740295,,18.0,test,False,,,,6
M1,N7,E11a,T12a,categorical,0.8788431882858276,0.7466666666666667,0.9166666666666666,0.780017614364624,0.7466666666666667,,,,0.6090674975302515,0.6090674975302515,0.5996388320849746,0.0235503994914862,0.6090674975302515,0.023550399491486296,graph_lift,1000.0,130.706,7.2825358636763,2.3471716805067393,18.0,test,False,,,,7
M5,N7,E11a,T12a,global_categorical,,,,,,,,,0.0924417823553085,0.2055783365169338,0.2709353613102164,0.0,0.2055783365169338,-0.08964503464430394,graph_lift,1000.0,130.706,7.2825358636763,,18.0,test,False,,,,7
M1,N7,E11a,T12a,categorical,0.8801397681236267,0.76,0.9033333333333332,0.7820218801498413,0.76,,,,0.6187243792859832,0.6187243792859832,0.6010872013825138,0.0442131161612128,0.6187243792859832,0.044213116161212825,graph_lift,1000.0,127.803,7.253026078944124,2.3731727407972665,18.0,test,False,,,,8
M5,N7,E11a,T12a,global_categorical,,,,,,,,,0.0498990565538406,0.2840569441581909,0.2574905650373165,0.0357791805328501,0.2840569441581909,0.035779180532850126,graph_lift,1000.0,127.803,7.253026078944124,,18.0,test,False,,,,8
M1,N7,E11a,T12a,categorical,0.972152829170227,0.7366666666666667,0.8966666666666666,0.7679495215415955,0.7366666666666667,,,,0.5957858084803234,0.5957858084803234,0.6024190630601396,0.0,0.5957858084803234,-0.016684035786201687,graph_lift,1000.0,130.588,7.279779620448249,2.4133423140396397,18.0,test,False,,,,9
M5,N7,E11a,T12a,global_categorical,,,,,,,,,0.0682271644473075,0.4763961595007049,0.5230088371097313,0.0,0.4763961595007049,-0.09772230857817722,graph_lift,1000.0,130.588,7.279779620448249,,18.0,test,False,,,,9
M1,N7,E11a,T12b,categorical,1.2753907442092896,0.6333333333333333,0.8133333333333334,0.6744738817214966,0.6333333333333333,,,,0.4436559719605756,0.4436559719605756,0.4350292589117941,0.0152693094020503,0.4436559719605756,0.015269309402050334,graph_lift,1000.0,9.425,6.852855578519548,2.3655266638301,18.0,train,False,,,,0
M5,N7,E11a,T12b,global_categorical,,,,,,,,,0.1149063184857368,0.0,0.0,0.0,0.0,0.0,graph_lift,1000.0,9.425,6.852855578519548,,18.0,train,False,,,,0
M1,N7,E11a,T12b,categorical,1.3838855028152466,0.5966666666666667,0.8066666666666666,0.6490123271942139,0.5966666666666667,,,,0.4115795422567712,0.4115795422567712,0.4075573576108486,0.006789154524229,0.4115795422567712,0.006789154524229147,graph_lift,1000.0,9.227,6.852973240061511,2.4031174329209217,18.0,train,False,,,,1
M5,N7,E11a,T12b,global_categorical,,,,,,,,,0.0975115224719047,0.0,0.0,0.0,0.0,0.0,graph_lift,1000.0,9.227,6.852973240061511,,18.0,train,False,,,,1
M1,N7,E11a,T12b,categorical,1.4556679725646973,0.5933333333333334,0.7566666666666667,0.632382333278656,0.5933333333333334,,,,0.381081233045452,0.381081233045452,0.3768441531030283,0.0067993904952066,0.381081233045452,0.006799390495206573,graph_lift,1000.0,9.632,6.887551451372585,2.3920726910571597,18.0,train,False,,,,2
M5,N7,E11a,T12b,global_categorical,,,,,,,,,0.102897860109806,0.0,0.0,0.0,0.0,0.0,graph_lift,1000.0,9.632,6.887551451372585,,18.0,train,False,,,,2
M1,N7,E11a,T12b,categorical,1.4435923099517822,0.6,0.7833333333333333,0.6556057333946228,0.6,,,,0.3702432946269059,0.3702432946269059,0.4109310177817386,0.0,0.3702432946269059,-0.06907123678726827,graph_lift,1000.0,9.658,6.8808180940594985,2.3726144625127072,18.0,train,False,,,,3
M5,N7,E11a,T12b,global_categorical,,,,,,,,,0.1307593286037445,0.0,0.0,0.0,0.0,0.0,graph_lift,1000.0,9.658,6.8808180940594985,,18.0,train,False,,,,3
M1,N7,E11a,T12b,categorical,1.3778384923934937,0.6033333333333334,0.8066666666666666,0.6551114916801453,0.6033333333333334,,,,0.4274639457116553,0.4274639457116553,0.4137934124573389,0.0233203337267539,0.4274639457116553,0.023320333726753822,graph_lift,1000.0,9.535,6.864133388500625,2.402910732768787,18.0,train,False,,,,4
M5,N7,E11a,T12b,global_categorical,,,,,,,,,0.0735119059681892,0.2648808965015946,0.2004785955237505,0.0805510654465,0.2648808965015946,0.08055106544650013,graph_lift,1000.0,9.535,6.864133388500625,,18.0,train,False,,,,4
M1,N7,E11a,T12b,categorical,1.4038655757904053,0.58,0.8033333333333333,0.6495050191879272,0.58,,,,0.4026277770621145,0.4026277770621145,0.4311750371567759,0.0,0.4026277770621145,-0.050186370077660296,graph_lift,1000.0,9.5,6.861655491347335,2.362344106964197,18.0,train,False,,,,5
M5,N7,E11a,T12b,global_categorical,,,,,,,,,0.1479672342538833,0.0,0.0,0.0,0.0,0.0,graph_lift,1000.0,9.5,6.861655491347335,,18.0,train,False,,,,5
M1,N7,E11a,T12b,categorical,1.583936333656311,0.5433333333333333,0.7666666666666667,0.5982153415679932,0.5433333333333333,,,,0.3261748200750183,0.3261748200750183,0.3372984309651858,0.0,0.3261748200750183,-0.016785249062211193,graph_lift,1000.0,9.451,6.875119364490252,2.384797051128486,18.0,train,False,,,,6
M5,N7,E11a,T12b,global_categorical,,,,,,,,,0.1189697012305259,0.0,0.0,0.0,0.0,0.0,graph_lift,1000.0,9.451,6.875119364490252,,18.0,train,False,,,,6
M1,N7,E11a,T12b,categorical,1.3908677101135254,0.6466666666666666,0.8133333333333334,0.6753818392753601,0.6466666666666666,,,,0.3963437629939558,0.3963437629939558,0.3875778732265857,0.014313476577918,0.3963437629939558,0.014313476577918148,graph_lift,1000.0,9.412,6.878890695937181,2.38816630064099,18.0,train,False,,,,7
M5,N7,E11a,T12b,global_categorical,,,,,,,,,0.1343106180429458,0.0,0.0,0.0,0.0,0.0,graph_lift,1000.0,9.412,6.878890695937181,,18.0,train,False,,,,7
M1,N7,E11a,T12b,categorical,1.2849823236465454,0.6433333333333333,0.8133333333333334,0.6800217628479004,0.6433333333333333,,,,0.4403154500333633,0.4403154500333633,0.4218863731221471,0.0318779493414536,0.4403154500333633,0.031877949341453604,graph_lift,1000.0,9.363,6.896828922973426,2.3342164789814053,18.0,train,False,,,,8
M5,N7,E11a,T12b,global_categorical,,,,,,,,,0.0940868332982063,0.0,0.0,0.0,0.0,0.0,graph_lift,1000.0,9.363,6.896828922973426,,18.0,train,False,,,,8
M1,N7,E11a,T12b,categorical,1.482296586036682,0.56,0.7966666666666666,0.6230625510215759,0.56,,,,0.3811194204809166,0.3811194204809166,0.3601696153414901,0.0327427481434908,0.3811194204809166,0.032742748143490936,graph_lift,1000.0,9.685,6.909502139474991,2.3981303281711464,18.0,train,False,,,,9
M5,N7,E11a,T12b,global_categorical,,,,,,,,,0.1109229028224945,0.0367221759420266,0.157936251951182,0.0,0.0367221759420266,-0.1439488118209883,graph_lift,1000.0,9.685,6.909502139474991,,18.0,train,False,,,,9
M1,N7,E11a,T12b,categorical,1.4011633396148682,0.5933333333333334,0.78,0.6542328000068665,0.5933333333333334,,,,0.4121766778746036,0.4121766778746036,0.3896067565816685,0.0369760339523726,0.4121766778746036,0.03697603395237269,graph_lift,1000.0,9.655,6.8951997132854554,2.416162934373314,18.0,test,False,,,,0
M5,N7,E11a,T12b,global_categorical,,,,,,,,,0.0968207046389579,0.097434063479114,0.0599363059934916,0.0398885285376873,0.097434063479114,0.03988852853768736,graph_lift,1000.0,9.655,6.8951997132854554,,18.0,test,False,,,,0
M1,N7,E11a,T12b,categorical,1.357959270477295,0.61,0.81,0.6707688570022583,0.61,,,,0.4173591517760109,0.4173591517760109,0.4345119284990139,0.0,0.4173591517760109,-0.030332694158294125,graph_lift,1000.0,9.541,6.878433327200048,2.3198012076256393,18.0,test,False,,,,1
M5,N7,E11a,T12b,global_categorical,,,,,,,,,0.0867943912744522,0.2152835774084366,0.2827622006004057,0.0,0.2152835774084366,-0.09408124229991226,graph_lift,1000.0,9.541,6.878433327200048,,18.0,test,False,,,,1
M1,N7,E11a,T12b,categorical,1.463484764099121,0.59,0.7833333333333333,0.6367998123168945,0.59,,,,0.3802889759587302,0.3802889759587302,0.3691615966862919,0.0176390327760449,0.3802889759587302,0.017639032776044835,graph_lift,1000.0,9.519,6.886130191552894,2.375907371809314,18.0,test,False,,,,2
M5,N7,E11a,T12b,global_categorical,,,,,,,,,0.0921502411365509,0.0585269819318144,0.0,0.0585269819318144,0.0585269819318144,0.0585269819318144,graph_lift,1000.0,9.519,6.886130191552894,,18.0,test,False,,,,2
M1,N7,E11a,T12b,categorical,1.51547110080719,0.58,0.7466666666666667,0.6222816705703735,0.58,,,,0.3405104462542349,0.3405104462542349,0.3440046899200716,0.0,0.3405104462542349,-0.005326629035520053,graph_lift,1000.0,9.671,6.858582396381095,2.336384477949194,18.0,test,False,,,,3
M5,N7,E11a,T12b,global_categorical,,,,,,,,,0.1249529048800468,0.0388238835334501,0.0,0.0388238835334501,0.0388238835334501,0.0388238835334501,graph_lift,1000.0,9.671,6.858582396381095,,18.0,test,False,,,,3
M1,N7,E11a,T12b,categorical,1.5556669235229492,0.55,0.77,0.6141781806945801,0.55,,,,0.351366946020721,0.351366946020721,0.3820305458580202,0.0,0.351366946020721,-0.04961992802682152,graph_lift,1000.0,9.52,6.868505380018929,2.4126476269556356,18.0,test,False,,,,4
M5,N7,E11a,T12b,global_categorical,,,,,,,,,0.1154347136616706,0.1242883359212712,0.0921483743017315,0.0354022185010897,0.1242883359212712,0.0354022185010898,graph_lift,1000.0,9.52,6.868505380018929,,18.0,test,False,,,,4
M1,N7,E11a,T12b,categorical,1.3965537548065186,0.64,0.8133333333333334,0.6667392253875732,0.64,,,,0.384629500636945,0.384629500636945,0.3838913437342276,0.0011980953281704,0.384629500636945,0.0011980953281704421,graph_lift,1000.0,9.579,6.883039653188572,2.3035439206879165,18.0,test,False,,,,5
M5,N7,E11a,T12b,global_categorical,,,,,,,,,0.1018898114562034,0.2392841646900713,0.1845713754878445,0.0670969690755701,0.2392841646900713,0.06709696907557015,graph_lift,1000.0,9.579,6.883039653188572,,18.0,test,False,,,,5
M1,N7,E11a,T12b,categorical,1.410359501838684,0.62,0.7833333333333333,0.6588617563247681,0.62,,,,0.3965913263102479,0.3965913263102479,0.3766996059850991,0.0319135372224284,0.3965913263102479,0.03191353722242835,graph_lift,1000.0,9.551,6.8896720417104,2.328731242370615,18.0,test,False,,,,6
M5,N7,E11a,T12b,global_categorical,,,,,,,,,0.0709374696016311,0.4248312654748072,0.3307168301022175,0.140619754993934,0.4248312654748072,0.14061975499393406,graph_lift,1000.0,9.551,6.8896720417104,,18.0,test,False,,,,6
M1,N7,E11a,T12b,categorical,1.39813494682312,0.6166666666666667,0.8333333333333334,0.6681126952171326,0.6166666666666667,,,,0.3780728866319364,0.3780728866319364,0.3709343269523502,0.0113478766771708,0.3780728866319364,0.01134787667717085,graph_lift,1000.0,9.62,6.853939635154054,2.3471716805067393,18.0,test,False,,,,7
M5,N7,E11a,T12b,global_categorical,,,,,,,,,0.1264222860336303,0.0,0.0,0.0,0.0,0.0,graph_lift,1000.0,9.62,6.853939635154054,,18.0,test,False,,,,7
M1,N7,E11a,T12b,categorical,1.303960919380188,0.6433333333333333,0.81,0.6760865449905396,0.6433333333333333,,,,0.4351254789231509,0.4351254789231509,0.4258030467761791,0.016235600162333,0.4351254789231509,0.01623560016233306,graph_lift,1000.0,9.792,6.878597052824216,2.3731727407972665,18.0,test,False,,,,8
M5,N7,E11a,T12b,global_categorical,,,,,,,,,0.0686221346259117,0.0154214497131241,0.1519799203982482,0.0,0.0154214497131241,-0.16103211936827588,graph_lift,1000.0,9.792,6.878597052824216,,18.0,test,False,,,,8
M1,N7,E11a,T12b,categorical,1.392286777496338,0.63,0.8133333333333334,0.6561354398727417,0.63,,,,0.4210971053789394,0.4210971053789394,0.4034086943781256,0.0296491263518762,0.4210971053789394,0.02964912635187631,graph_lift,1000.0,9.479,6.864568844075899,2.4133423140396397,18.0,test,False,,,,9
M5,N7,E11a,T12b,global_categorical,,,,,,,,,0.085472472012043,0.3440484451462453,0.2914633767008429,0.0742164437464794,0.3440484451462453,0.07421644374647945,graph_lift,1000.0,9.479,6.864568844075899,,18.0,test,False,,,,9
M1,N7,E11a,T12e,categorical,2.339320182800293,0.2266666666666666,0.5866666666666667,0.3638902306556701,0.2266666666666666,,,,-0.0204455171523862,0.0,0.0,0.0,0.0,0.0,graph_lift,1000.0,0.0,0.0,2.3655266638301,18.0,train,False,,,,0
M5,N7,E11a,T12e,global_categorical,,,,,,,,,0.0993155837059021,0.0,0.0,0.0,0.0,0.0,graph_lift,1000.0,0.0,0.0,,18.0,train,False,,,,0
M1,N7,E11a,T12e,categorical,2.391610622406006,0.1866666666666666,0.5366666666666666,0.3462980389595032,0.1866666666666666,,,,-0.0168995596583254,0.0,0.0,0.0,0.0,0.0,graph_lift,1000.0,0.0,0.0,2.4031174329209217,18.0,train,False,,,,1
M5,N7,E11a,T12e,global_categorical,,,,,,,,,0.094768077135086,0.0,0.0,0.0,0.0,0.0,graph_lift,1000.0,0.0,0.0,,18.0,train,False,,,,1
M1,N7,E11a,T12e,categorical,2.4276680946350098,0.2333333333333333,0.5633333333333334,0.350533127784729,0.2333333333333333,,,,-0.0321923614571222,0.0,0.0,0.0,0.0,0.0,graph_lift,1000.0,0.0,0.0,2.3920726910571597,18.0,train,False,,,,2
M5,N7,E11a,T12e,global_categorical,,,,,,,,,0.1507312804460525,0.0,0.0,0.0,0.0,0.0,graph_lift,1000.0,0.0,0.0,,18.0,train,False,,,,2
M1,N7,E11a,T12e,categorical,2.3444297313690186,0.1766666666666666,0.5766666666666667,0.357613205909729,0.1766666666666666,,,,-0.0227405030974638,0.0,0.0,0.0,0.0,0.0,graph_lift,1000.0,0.0,0.0,2.3726144625127072,18.0,train,False,,,,3
M5,N7,E11a,T12e,global_categorical,,,,,,,,,0.1057643741369247,0.0140609374893647,0.0,0.0140609374893647,0.0140609374893647,0.0140609374893647,graph_lift,1000.0,0.0,0.0,,18.0,train,False,,,,3
M1,N7,E11a,T12e,categorical,2.444575309753418,0.1666666666666666,0.5166666666666667,0.3325425684452057,0.1666666666666666,,,,-0.0157993826873474,0.0,0.0,0.0,0.0,0.0,graph_lift,1000.0,0.0,0.0,2.402910732768787,18.0,train,False,,,,4
M5,N7,E11a,T12e,global_categorical,,,,,,,,,0.0820546597242355,0.1794533538492533,0.0275802628743805,0.156180592779611,0.1794533538492533,0.15618059277961102,graph_lift,1000.0,0.0,0.0,,18.0,train,False,,,,4
M1,N7,E11a,T12e,categorical,2.411971092224121,0.2066666666666666,0.57,0.345697671175003,0.2066666666666666,,,,-0.0263407951619314,0.0,0.0,0.0,0.0,0.0,graph_lift,1000.0,0.0,0.0,2.362344106964197,18.0,train,False,,,,5
M5,N7,E11a,T12e,global_categorical,,,,,,,,,0.1372918486595153,0.0,0.0,0.0,0.0,0.0,graph_lift,1000.0,0.0,0.0,,18.0,train,False,,,,5
M1,N7,E11a,T12e,categorical,2.387505531311035,0.19,0.5466666666666666,0.34595587849617,0.19,,,,-0.0156729515417282,0.0,0.0,0.0,0.0,0.0,graph_lift,1000.0,0.0,0.0,2.384797051128486,18.0,train,False,,,,6
M5,N7,E11a,T12e,global_categorical,,,,,,,,,0.11305683106184,0.0,0.0,0.0,0.0,0.0,graph_lift,1000.0,0.0,0.0,,18.0,train,False,,,,6
M1,N7,E11a,T12e,categorical,2.3748912811279297,0.2233333333333333,0.56,0.3547558784484863,0.2233333333333333,,,,-0.0307363979635455,0.0,0.0,0.0,0.0,0.0,graph_lift,1000.0,0.0,0.0,2.38816630064099,18.0,train,False,,,,7
M5,N7,E11a,T12e,global_categorical,,,,,,,,,0.1280329674482345,0.0,0.0,0.0,0.0,0.0,graph_lift,1000.0,0.0,0.0,,18.0,train,False,,,,7
M1,N7,E11a,T12e,categorical,2.3422091007232666,0.2266666666666666,0.5466666666666666,0.3540022373199463,0.2266666666666666,,,,-0.0201683144540059,0.0,0.0,0.0,0.0,0.0,graph_lift,1000.0,0.0,0.0,2.3342164789814053,18.0,train,False,,,,8
M5,N7,E11a,T12e,global_categorical,,,,,,,,,0.099521167576313,0.0,0.0,0.0,0.0,0.0,graph_lift,1000.0,0.0,0.0,,18.0,train,False,,,,8
M1,N7,E11a,T12e,categorical,2.470379590988159,0.16,0.5133333333333333,0.3307703733444214,0.16,,,,-0.031419780981472,0.0,0.0,0.0,0.0,0.0,graph_lift,1000.0,0.0,0.0,2.3981303281711464,18.0,train,False,,,,9
M5,N7,E11a,T12e,global_categorical,,,,,,,,,0.1269189566373825,0.0,0.0,0.0,0.0,0.0,graph_lift,1000.0,0.0,0.0,,18.0,train,False,,,,9
M1,N7,E11a,T12e,categorical,2.433081865310669,0.2033333333333333,0.5433333333333333,0.342367559671402,0.2033333333333333,,,,-0.0207391502737002,0.0,0.0,0.0,0.0,0.0,graph_lift,1000.0,0.0,0.0,2.416162934373314,18.0,test,False,,,,0
M5,N7,E11a,T12e,global_categorical,,,,,,,,,0.1118491664528846,0.0,0.0,0.0,0.0,0.0,graph_lift,1000.0,0.0,0.0,,18.0,test,False,,,,0
M1,N7,E11a,T12e,categorical,2.3860716819763184,0.2266666666666666,0.5466666666666666,0.3510723114013672,0.2266666666666666,,,,-0.0237588821493872,0.0,0.0,0.0,0.0,0.0,graph_lift,1000.0,0.0,0.0,2.3198012076256393,18.0,test,False,,,,1
M5,N7,E11a,T12e,global_categorical,,,,,,,,,0.1012620255351066,0.0844803073620502,0.0279794391407809,0.0581272356742385,0.0844803073620502,0.05812723567423849,graph_lift,1000.0,0.0,0.0,,18.0,test,False,,,,1
M1,N7,E11a,T12e,categorical,2.3986380100250244,0.17,0.5066666666666667,0.3368373513221741,0.17,,,,-0.015700656642148,0.0,0.0,0.0,0.0,0.0,graph_lift,1000.0,0.0,0.0,2.375907371809314,18.0,test,False,,,,2
M5,N7,E11a,T12e,global_categorical,,,,,,,,,0.0927744507789611,0.052149608105126,0.0866787713454196,0.0,0.052149608105126,-0.03780615423902797,graph_lift,1000.0,0.0,0.0,,18.0,test,False,,,,2
M1,N7,E11a,T12e,categorical,2.3576252460479736,0.2433333333333333,0.6033333333333334,0.3660689294338226,0.2433333333333333,,,,-0.0259709237704719,0.0,0.0,0.0,0.0,0.0,graph_lift,1000.0,0.0,0.0,2.336384477949194,18.0,test,False,,,,3
M5,N7,E11a,T12e,global_categorical,,,,,,,,,0.1497942805290222,0.0,0.0,0.0,0.0,0.0,graph_lift,1000.0,0.0,0.0,,18.0,test,False,,,,3
M1,N7,E11a,T12e,categorical,2.474998950958252,0.1733333333333333,0.5433333333333333,0.3353329598903656,0.1733333333333333,,,,-0.0319472231635817,0.0,0.0,0.0,0.0,0.0,graph_lift,1000.0,0.0,0.0,2.4126476269556356,18.0,test,False,,,,4
M5,N7,E11a,T12e,global_categorical,,,,,,,,,0.1482594013214111,0.0,0.0,0.0,0.0,0.0,graph_lift,1000.0,0.0,0.0,,18.0,test,False,,,,4
M1,N7,E11a,T12e,categorical,2.3547327518463135,0.2166666666666666,0.5666666666666667,0.355351448059082,0.2166666666666666,,,,-0.0375777803476706,0.0,0.0,0.0,0.0,0.0,graph_lift,1000.0,0.0,0.0,2.3035439206879165,18.0,test,False,,,,5
M5,N7,E11a,T12e,global_categorical,,,,,,,,,0.1424337476491928,0.0,0.1866872410585947,0.0,0.0,-0.22953929961898517,graph_lift,1000.0,0.0,0.0,,18.0,test,False,,,,5
M1,N7,E11a,T12e,categorical,2.377223491668701,0.1666666666666666,0.5433333333333333,0.3393370509147644,0.1666666666666666,,,,-0.0170720930803407,0.0,0.0,0.0,0.0,0.0,graph_lift,1000.0,0.0,0.0,2.328731242370615,18.0,test,False,,,,6
M5,N7,E11a,T12e,global_categorical,,,,,,,,,0.1214015185832977,0.0156632565959695,0.0,0.0156632565959695,0.0156632565959695,0.0156632565959695,graph_lift,1000.0,0.0,0.0,,18.0,test,False,,,,6
M1,N7,E11a,T12e,categorical,2.30971097946167,0.1766666666666666,0.59,0.364297479391098,0.1766666666666666,,,,-0.0274200006009208,0.0,0.0,0.0,0.0,0.0,graph_lift,1000.0,0.0,0.0,2.3471716805067393,18.0,test,False,,,,7
M5,N7,E11a,T12e,global_categorical,,,,,,,,,0.1239760369062423,0.0,0.0,0.0,0.0,0.0,graph_lift,1000.0,0.0,0.0,,18.0,test,False,,,,7
M1,N7,E11a,T12e,categorical,2.3362605571746826,0.1966666666666666,0.57,0.3567021191120147,0.1966666666666666,,,,-0.012065620051245,0.0,0.0,0.0,0.0,0.0,graph_lift,1000.0,0.0,0.0,2.3731727407972665,18.0,test,False,,,,8
M5,N7,E11a,T12e,global_categorical,,,,,,,,,0.0794198587536811,0.0,0.0,0.0,0.0,0.0,graph_lift,1000.0,0.0,0.0,,18.0,test,False,,,,8
M1,N7,E11a,T12e,categorical,2.442152261734009,0.1533333333333333,0.5266666666666666,0.3362548947334289,0.1533333333333333,,,,-0.0154294745463494,0.0,0.0,0.0,0.0,0.0,graph_lift,1000.0,0.0,0.0,2.4133423140396397,18.0,test,False,,,,9
M5,N7,E11a,T12e,global_categorical,,,,,,,,,0.1071451753377914,0.1777230410745603,0.0788934698063511,0.1072943986700775,0.1777230410745603,0.10729439867007756,graph_lift,1000.0,0.0,0.0,,18.0,test,False,,,,9
M1,N7,E11b,T12a,categorical,0.9059574604034424,0.7333333333333333,0.88,0.7685068845748901,0.7333333333333333,,,,0.6048081581497942,0.6048081581497942,0.5915835400350147,0.0323802280542592,0.6048081581497942,0.032380228054259295,graph_lift,1000.0,130.415,7.250427333922261,2.3655266638301,18.0,train,False,,,,0
M5,N7,E11b,T12a,global_categorical,,,,,,,,,0.0845127999782562,0.0248522162871655,0.0,0.0248522162871655,0.0248522162871655,0.0248522162871655,graph_lift,1000.0,130.415,7.250427333922261,,18.0,train,False,,,,0
M1,N7,E11b,T12a,categorical,1.0779753923416138,0.67,0.8633333333333333,0.721085786819458,0.67,,,,0.5416508396665123,0.5416508396665123,0.5474069945493412,0.0,0.5416508396665123,-0.012718170218068932,graph_lift,1000.0,130.661,7.272168341507912,2.4031174329209217,18.0,train,False,,,,1
M5,N7,E11b,T12a,global_categorical,,,,,,,,,0.0880477875471115,0.0,0.0,0.0,0.0,0.0,graph_lift,1000.0,130.661,7.272168341507912,,18.0,train,False,,,,1
M1,N7,E11b,T12a,categorical,1.1292742490768433,0.6833333333333333,0.8533333333333334,0.7217104434967041,0.6833333333333333,,,,0.5198568032718818,0.5198568032718818,0.5366248512151912,0.0,0.5198568032718818,-0.036186765706540974,graph_lift,1000.0,134.048,7.247702458283311,2.3920726910571597,18.0,train,False,,,,2
M5,N7,E11b,T12a,global_categorical,,,,,,,,,0.1012549549341201,0.0,0.0,0.0,0.0,0.0,graph_lift,1000.0,134.048,7.247702458283311,,18.0,train,False,,,,2
M1,N7,E11b,T12a,categorical,1.032543659210205,0.7333333333333333,0.88,0.7571926712989807,0.7333333333333333,,,,0.549560309150847,0.549560309150847,0.548561961835681,0.0022114824865569,0.549560309150847,0.0022114824865569396,graph_lift,1000.0,135.502,7.265949791697949,2.3726144625127072,18.0,train,False,,,,3
M5,N7,E11b,T12a,global_categorical,,,,,,,,,0.1141624897718429,0.0,0.0689179576302158,0.0,0.0,-0.07401921043907822,graph_lift,1000.0,135.502,7.265949791697949,,18.0,train,False,,,,3
M1,N7,E11b,T12a,categorical,1.0615737438201904,0.7066666666666667,0.8733333333333333,0.7372766137123108,0.7066666666666667,,,,0.5588820909162384,0.5588820909162384,0.5717214670432651,0.0,0.5588820909162384,-0.029979032659859527,graph_lift,1000.0,130.462,7.251963988434811,2.402910732768787,18.0,train,False,,,,4
M5,N7,E11b,T12a,global_categorical,,,,,,,,,0.0624455064535141,0.3755448982444345,0.2975244252398267,0.1110650331596854,0.3755448982444345,0.11106503315968552,graph_lift,1000.0,130.462,7.251963988434811,,18.0,train,False,,,,4
M1,N7,E11b,T12a,categorical,1.0484591722488403,0.7033333333333334,0.8566666666666667,0.735667884349823,0.7033333333333334,,,,0.5538601405793548,0.5538601405793548,0.5531889898204978,0.001502090914428,0.5538601405793548,0.001502090914428034,graph_lift,1000.0,127.871,7.266763744180336,2.362344106964197,18.0,train,False,,,,5
M5,N7,E11b,T12a,global_categorical,,,,,,,,,0.1173510998487472,0.0645927902381165,0.0550520583344112,0.0100965687981589,0.0645927902381165,0.010096568798158937,graph_lift,1000.0,127.871,7.266763744180336,,18.0,train,False,,,,5
M1,N7,E11b,T12a,categorical,1.1046983003616333,0.7,0.8766666666666667,0.7275844216346741,0.7,,,,0.530048341775156,0.530048341775156,0.474984684933731,0.10488009637295,0.530048341775156,0.10488009637295001,graph_lift,1000.0,130.484,7.277705975503222,2.384797051128486,18.0,train,False,,,,6
M5,N7,E11b,T12a,global_categorical,,,,,,,,,0.0920885950326919,0.0473593343188653,0.086393338255855,0.0,0.0473593343188653,-0.04272517437916971,graph_lift,1000.0,130.484,7.277705975503222,,18.0,train,False,,,,6
M1,N7,E11b,T12a,categorical,0.9792565703392028,0.7166666666666667,0.89,0.7566662430763245,0.7166666666666667,,,,0.5749888057167798,0.5749888057167798,0.5580503607203794,0.0383266406190762,0.5749888057167798,0.03832664061907625,graph_lift,1000.0,130.496,7.275616620089293,2.38816630064099,18.0,train,False,,,,7
M5,N7,E11b,T12a,global_categorical,,,,,,,,,0.1102927178144455,0.0946120404937933,0.0375179203139296,0.0593196708644028,0.0946120404937933,0.05931967086440291,graph_lift,1000.0,130.496,7.275616620089293,,18.0,train,False,,,,7
M1,N7,E11b,T12a,categorical,0.9714811444282532,0.7533333333333333,0.9033333333333332,0.7688244581222534,0.7533333333333333,,,,0.5768634529718215,0.5768634529718215,0.5610808049390199,0.0359579809003543,0.5768634529718215,0.0359579809003543,graph_lift,1000.0,132.112,7.27290147341245,2.3342164789814053,18.0,train,False,,,,8
M5,N7,E11b,T12a,global_categorical,,,,,,,,,0.0933143720030784,0.0,0.0,0.0,0.0,0.0,graph_lift,1000.0,132.112,7.27290147341245,,18.0,train,False,,,,8
M1,N7,E11b,T12a,categorical,1.188772678375244,0.6866666666666666,0.8733333333333333,0.723362922668457,0.6866666666666666,,,,0.5036699449225824,0.5036699449225824,0.5106289052811123,0.0,0.5036699449225824,-0.014220211274487526,graph_lift,1000.0,133.045,7.287921745518222,2.3981303281711464,18.0,train,False,,,,9
M5,N7,E11b,T12a,global_categorical,,,,,,,,,0.0841879472136497,0.2688941549460948,0.1981795330103604,0.0881925878011393,0.2688941549460948,0.08819258780113944,graph_lift,1000.0,133.045,7.287921745518222,,18.0,train,False,,,,9
M1,N7,E11b,T12a,categorical,1.0122222900390625,0.7,0.8766666666666667,0.7380803823471069,0.7,,,,0.5753472443309217,0.5753472443309217,0.571110681692597,0.0098779858986557,0.5753472443309217,0.009877985898655775,graph_lift,1000.0,131.982,7.264667586894771,2.416162934373314,18.0,test,False,,,,0
M5,N7,E11b,T12a,global_categorical,,,,,,,,,0.0985178872942924,0.0816128684313081,0.2828952636915617,0.0,0.0816128684313081,-0.28068758309480585,graph_lift,1000.0,131.982,7.264667586894771,,18.0,test,False,,,,0
M1,N7,E11b,T12a,categorical,1.064812421798706,0.7166666666666667,0.8733333333333333,0.7450076341629028,0.7166666666666667,,,,0.5431356333301385,0.5431356333301385,0.5745141212666864,0.0,0.5431356333301385,-0.07374742501434554,graph_lift,1000.0,130.454,7.271147626033245,2.3198012076256393,18.0,test,False,,,,1
M5,N7,E11b,T12a,global_categorical,,,,,,,,,0.0774793550372123,0.2995017141459105,0.2431496472888984,0.0744560224556336,0.2995017141459105,0.07445602245563372,graph_lift,1000.0,130.454,7.271147626033245,,18.0,test,False,,,,1
M1,N7,E11b,T12a,categorical,1.047938585281372,0.6966666666666667,0.9,0.7331249713897705,0.6966666666666667,,,,0.5562515399473101,0.5562515399473101,0.5528435827057241,0.0076213984855846,0.5562515399473101,0.007621398485584636,graph_lift,1000.0,127.922,7.276562610250561,2.375907371809314,18.0,test,False,,,,2
M5,N7,E11b,T12a,global_categorical,,,,,,,,,0.0782298296689987,0.2007478989415371,0.2262798497899341,0.0,0.2007478989415371,-0.032998947799750385,graph_lift,1000.0,127.922,7.276562610250561,,18.0,test,False,,,,2
M1,N7,E11b,T12a,categorical,1.1711828708648682,0.6933333333333334,0.85,0.719017744064331,0.6933333333333334,,,,0.4903348088715028,0.4903348088715028,0.4976704451988878,0.0,0.4903348088715028,-0.014603234584294751,graph_lift,1000.0,132.339,7.274006898134298,2.336384477949194,18.0,test,False,,,,3
M5,N7,E11b,T12a,global_categorical,,,,,,,,,0.0864490866661071,0.3350070774778938,0.1848546787292703,0.1842032271185105,0.3350070774778938,0.18420322711851062,graph_lift,1000.0,132.339,7.274006898134298,,18.0,test,False,,,,3
M1,N7,E11b,T12a,categorical,1.1663413047790527,0.6933333333333334,0.8566666666666667,0.7222216129302979,0.6933333333333334,,,,0.5136956721823505,0.5136956721823505,0.4977624389182513,0.0317244955351033,0.5136956721823505,0.031724495535103446,graph_lift,1000.0,130.608,7.258476203377782,2.4126476269556356,18.0,test,False,,,,4
M5,N7,E11b,T12a,global_categorical,,,,,,,,,0.0750402361154556,0.4307292151810818,0.5000537520879097,0.0,0.4307292151810818,-0.13866398077062433,graph_lift,1000.0,130.608,7.258476203377782,,18.0,test,False,,,,4
M1,N7,E11b,T12a,categorical,1.0447404384613037,0.73,0.87,0.756072461605072,0.73,,,,0.5396507874181631,0.5396507874181631,0.5402766160965539,0.0,0.5396507874181631,-0.0013613157396453498,graph_lift,1000.0,131.854,7.278653773902583,2.3035439206879165,18.0,test,False,,,,5
M5,N7,E11b,T12a,global_categorical,,,,,,,,,0.0874825939536094,0.3468493700853978,0.3537748706127371,0.0,0.3468493700853978,-0.010716854254655689,graph_lift,1000.0,131.854,7.278653773902583,,18.0,test,False,,,,5
M1,N7,E11b,T12a,categorical,1.1353001594543457,0.71,0.87,0.7389637231826782,0.71,,,,0.5142727906884841,0.5142727906884841,0.5296354200124334,0.0,0.5142727906884841,-0.03266111007838932,graph_lift,1000.0,132.714,7.258674973740295,2.328731242370615,18.0,test,False,,,,6
M5,N7,E11b,T12a,global_categorical,,,,,,,,,0.0903160646557807,0.2677075048337157,0.3286671147486594,0.0,0.2677075048337157,-0.09080384896104264,graph_lift,1000.0,132.714,7.258674973740295,,18.0,test,False,,,,6
M1,N7,E11b,T12a,categorical,0.9033374786376952,0.7433333333333333,0.9033333333333332,0.7785515189170837,0.7433333333333333,,,,0.598171779742958,0.598171779742958,0.5996388320849746,0.0,0.598171779742958,-0.0036643222659595706,graph_lift,1000.0,130.706,7.2825358636763,2.3471716805067393,18.0,test,False,,,,7
M5,N7,E11b,T12a,global_categorical,,,,,,,,,0.0861113369464874,0.259980608348245,0.2709353613102164,0.0,0.259980608348245,-0.015025763671186144,graph_lift,1000.0,130.706,7.2825358636763,,18.0,test,False,,,,7
M1,N7,E11b,T12a,categorical,0.9102799296379088,0.7433333333333333,0.9,0.7740659117698669,0.7433333333333333,,,,0.6056676862071543,0.6056676862071543,0.6010872013825138,0.011482421322442,0.6056676862071543,0.01148242132244207,graph_lift,1000.0,127.803,7.253026078944124,2.3731727407972665,18.0,test,False,,,,8
M5,N7,E11b,T12a,global_categorical,,,,,,,,,0.0559953860938549,0.1965878595355766,0.2574905650373165,0.0,0.1965878595355766,-0.08202280352814736,graph_lift,1000.0,127.803,7.253026078944124,,18.0,test,False,,,,8
M1,N7,E11b,T12a,categorical,0.9927933812141418,0.72,0.8833333333333333,0.7600159049034119,0.72,,,,0.5872036094934292,0.5872036094934292,0.6024190630601396,0.0,0.5872036094934292,-0.0382700782482736,graph_lift,1000.0,130.588,7.279779620448249,2.4133423140396397,18.0,test,False,,,,9
M5,N7,E11b,T12a,global_categorical,,,,,,,,,0.0758400186896324,0.4179719270013293,0.5230088371097313,0.0,0.4179719270013293,-0.22020724550103601,graph_lift,1000.0,130.588,7.279779620448249,,18.0,test,False,,,,9
M1,N7,E11b,T12b,categorical,1.3009251356124878,0.61,0.8066666666666666,0.6691082715988159,0.61,,,,0.4325174662883749,0.4325174662883749,0.4350292589117941,0.0,0.4325174662883749,-0.004445880893904672,graph_lift,1000.0,9.425,6.852855578519548,2.3655266638301,18.0,train,False,,,,0
M5,N7,E11b,T12b,global_categorical,,,,,,,,,0.1014906838536262,0.0,0.0,0.0,0.0,0.0,graph_lift,1000.0,9.425,6.852855578519548,,18.0,train,False,,,,0
M1,N7,E11b,T12b,categorical,1.4217969179153442,0.56,0.8,0.6305268406867981,0.56,,,,0.3954598345122232,0.3954598345122232,0.4075573576108486,0.0,0.3954598345122232,-0.020419737259018935,graph_lift,1000.0,9.227,6.852973240061511,2.4031174329209217,18.0,train,False,,,,1
M5,N7,E11b,T12b,global_categorical,,,,,,,,,0.0986871123313903,0.0,0.0,0.0,0.0,0.0,graph_lift,1000.0,9.227,6.852973240061511,,18.0,train,False,,,,1
M1,N7,E11b,T12b,categorical,1.4993507862091064,0.5566666666666666,0.7766666666666666,0.6196850538253784,0.5566666666666666,,,,0.3625082177655981,0.3625082177655981,0.3768441531030283,0.0,0.3625082177655981,-0.023005377240407122,graph_lift,1000.0,9.632,6.887551451372585,2.3920726910571597,18.0,train,False,,,,2
M5,N7,E11b,T12b,global_categorical,,,,,,,,,0.1324914395809173,0.0,0.0,0.0,0.0,0.0,graph_lift,1000.0,9.632,6.887551451372585,,18.0,train,False,,,,2
M1,N7,E11b,T12b,categorical,1.3581639528274536,0.6333333333333333,0.82,0.6777159571647644,0.6333333333333333,,,,0.4075108006739255,0.4075108006739255,0.4109310177817386,0.0,0.4075108006739255,-0.0058061402162673005,graph_lift,1000.0,9.658,6.8808180940594985,2.3726144625127072,18.0,train,False,,,,3
M5,N7,E11b,T12b,global_categorical,,,,,,,,,0.1414795517921447,0.0,0.0,0.0,0.0,0.0,graph_lift,1000.0,9.658,6.8808180940594985,,18.0,train,False,,,,3
M1,N7,E11b,T12b,categorical,1.4385225772857666,0.59,0.7966666666666666,0.6351445913314819,0.59,,,,0.4022477552459317,0.4022477552459317,0.4137934124573389,0.0,0.4022477552459317,-0.019695543272220527,graph_lift,1000.0,9.535,6.864133388500625,2.402910732768787,18.0,train,False,,,,4
M5,N7,E11b,T12b,global_categorical,,,,,,,,,0.0949780046939849,0.0502198964488444,0.2004785955237505,0.0,0.0502198964488444,-0.18793580538764634,graph_lift,1000.0,9.535,6.864133388500625,,18.0,train,False,,,,4
M1,N7,E11b,T12b,categorical,1.4221147298812866,0.5966666666666667,0.8033333333333333,0.6468715667724609,0.5966666666666667,,,,0.394862383144883,0.394862383144883,0.4311750371567759,0.0,0.394862383144883,-0.06383801060766947,graph_lift,1000.0,9.5,6.861655491347335,2.362344106964197,18.0,train,False,,,,5
M5,N7,E11b,T12b,global_categorical,,,,,,,,,0.1656598597764969,0.0,0.0,0.0,0.0,0.0,graph_lift,1000.0,9.5,6.861655491347335,,18.0,train,False,,,,5
M1,N7,E11b,T12b,categorical,1.646087884902954,0.51,0.76,0.5717198848724365,0.51,,,,0.2997348446622125,0.2997348446622125,0.3372984309651858,0.0,0.2997348446622125,-0.05668250696566548,graph_lift,1000.0,9.451,6.875119364490252,2.384797051128486,18.0,train,False,,,,6
M5,N7,E11b,T12b,global_categorical,,,,,,,,,0.1283783614635467,0.0,0.0,0.0,0.0,0.0,graph_lift,1000.0,9.451,6.875119364490252,,18.0,train,False,,,,6
M1,N7,E11b,T12b,categorical,1.4070805311203003,0.6366666666666667,0.8233333333333334,0.6659127473831177,0.6366666666666667,,,,0.389307148261758,0.389307148261758,0.3875778732265857,0.0028236651805562,0.389307148261758,0.002823665180556232,graph_lift,1000.0,9.412,6.878890695937181,2.38816630064099,18.0,train,False,,,,7
M5,N7,E11b,T12b,global_categorical,,,,,,,,,0.141004279255867,0.0,0.0,0.0,0.0,0.0,graph_lift,1000.0,9.412,6.878890695937181,,18.0,train,False,,,,7
M1,N7,E11b,T12b,categorical,1.342937469482422,0.64,0.83,0.6725105047225952,0.64,,,,0.415072624044846,0.415072624044846,0.4218863731221471,0.0,0.415072624044846,-0.011786176212623229,graph_lift,1000.0,9.363,6.896828922973426,2.3342164789814053,18.0,train,False,,,,8
M5,N7,E11b,T12b,global_categorical,,,,,,,,,0.0961212441325187,0.0,0.0,0.0,0.0,0.0,graph_lift,1000.0,9.363,6.896828922973426,,18.0,train,False,,,,8
M1,N7,E11b,T12b,categorical,1.5216567516326904,0.58,0.7833333333333333,0.6256109476089478,0.58,,,,0.364685938099914,0.364685938099914,0.3601696153414901,0.007058625014869,0.364685938099914,0.007058625014869132,graph_lift,1000.0,9.685,6.909502139474991,2.3981303281711464,18.0,train,False,,,,9
M5,N7,E11b,T12b,global_categorical,,,,,,,,,0.1070613041520118,0.0702571111991782,0.157936251951182,0.0,0.0702571111991782,-0.10412411287764008,graph_lift,1000.0,9.685,6.909502139474991,,18.0,train,False,,,,9
M1,N7,E11b,T12b,categorical,1.4368035793304443,0.62,0.7766666666666666,0.648602306842804,0.62,,,,0.3972246912838416,0.3972246912838416,0.3896067565816685,0.0124803719312341,0.3972246912838416,0.012480371931234104,graph_lift,1000.0,9.655,6.8951997132854554,2.416162934373314,18.0,test,False,,,,0
M5,N7,E11b,T12b,global_categorical,,,,,,,,,0.0834294855594635,0.2222674680149557,0.0599363059934916,0.1726810247607969,0.2222674680149557,0.17268102476079694,graph_lift,1000.0,9.655,6.8951997132854554,,18.0,test,False,,,,0
M1,N7,E11b,T12b,categorical,1.3218642473220823,0.6333333333333333,0.8266666666666667,0.6805254220962524,0.6333333333333333,,,,0.4328459662764203,0.4328459662764203,0.4345119284990139,0.0,0.4328459662764203,-0.0029460607686587962,graph_lift,1000.0,9.541,6.878433327200048,2.3198012076256393,18.0,test,False,,,,1
M5,N7,E11b,T12b,global_categorical,,,,,,,,,0.100180447101593,0.0942589617962433,0.2827622006004057,0.0,0.0942589617962433,-0.26281832742496286,graph_lift,1000.0,9.541,6.878433327200048,,18.0,test,False,,,,1
M1,N7,E11b,T12b,categorical,1.495630145072937,0.6,0.7733333333333333,0.6388123035430908,0.6,,,,0.3666770909253812,0.3666770909253812,0.3691615966862919,0.0,0.3666770909253812,-0.0039384186946449734,graph_lift,1000.0,9.519,6.886130191552894,2.375907371809314,18.0,test,False,,,,2
M5,N7,E11b,T12b,global_categorical,,,,,,,,,0.0852027460932731,0.1295075788975455,0.0,0.1295075788975455,0.1295075788975455,0.1295075788975455,graph_lift,1000.0,9.519,6.886130191552894,,18.0,test,False,,,,2
M1,N7,E11b,T12b,categorical,1.5211304426193235,0.5566666666666666,0.73,0.6163855195045471,0.5566666666666666,,,,0.3380476450265616,0.3380476450265616,0.3440046899200716,0.0,0.3380476450265616,-0.009080926040133103,graph_lift,1000.0,9.671,6.858582396381095,2.336384477949194,18.0,test,False,,,,3
M5,N7,E11b,T12b,global_categorical,,,,,,,,,0.134212389588356,0.0,0.0,0.0,0.0,0.0,graph_lift,1000.0,9.671,6.858582396381095,,18.0,test,False,,,,3
M1,N7,E11b,T12b,categorical,1.5099836587905884,0.55,0.7733333333333333,0.6110759377479553,0.55,,,,0.3704145266935883,0.3704145266935883,0.3820305458580202,0.0,0.3704145266935883,-0.01879707659751591,graph_lift,1000.0,9.52,6.868505380018929,2.4126476269556356,18.0,test,False,,,,4
M5,N7,E11b,T12b,global_categorical,,,,,,,,,0.1400056332349777,0.0,0.0921483743017315,0.0,0.0,-0.10150157987639902,graph_lift,1000.0,9.52,6.868505380018929,,18.0,test,False,,,,4
M1,N7,E11b,T12b,categorical,1.3754767179489136,0.6366666666666667,0.8,0.6730540990829468,0.6366666666666667,,,,0.3939167946383668,0.3939167946383668,0.3838913437342276,0.016272212380367,0.3939167946383668,0.016272212380367034,graph_lift,1000.0,9.579,6.883039653188572,2.3035439206879165,18.0,test,False,,,,5
M5,N7,E11b,T12b,global_categorical,,,,,,,,,0.0862588211894035,0.3559861356485828,0.1845713754878445,0.2102143032608037,0.3559861356485828,0.2102143032608037,graph_lift,1000.0,9.579,6.883039653188572,,18.0,test,False,,,,5
M1,N7,E11b,T12b,categorical,1.402563214302063,0.6166666666666667,0.8133333333333334,0.6626726984977722,0.6166666666666667,,,,0.3999268653471093,0.3999268653471093,0.3766996059850991,0.0372649521563673,0.3999268653471093,0.03726495215636735,graph_lift,1000.0,9.551,6.8896720417104,2.328731242370615,18.0,test,False,,,,6
M5,N7,E11b,T12b,global_categorical,,,,,,,,,0.077327474951744,0.3730204056926147,0.3307168301022175,0.0632072902667761,0.3730204056926147,0.06320729026677617,graph_lift,1000.0,9.551,6.8896720417104,,18.0,test,False,,,,6
M1,N7,E11b,T12b,categorical,1.3866959810256958,0.6166666666666667,0.83,0.6632684469223022,0.6166666666666667,,,,0.3831612563879516,0.3831612563879516,0.3709343269523502,0.0194366501932387,0.3831612563879516,0.01943665019323871,graph_lift,1000.0,9.62,6.853939635154054,2.3471716805067393,18.0,test,False,,,,7
M5,N7,E11b,T12b,global_categorical,,,,,,,,,0.136522114276886,0.0,0.0,0.0,0.0,0.0,graph_lift,1000.0,9.62,6.853939635154054,,18.0,test,False,,,,7
M1,N7,E11b,T12b,categorical,1.3000328540802002,0.6366666666666667,0.7933333333333333,0.6717621684074402,0.6366666666666667,,,,0.4368271367693117,0.4368271367693117,0.4258030467761791,0.0191991440066653,0.4368271367693117,0.019199144006665288,graph_lift,1000.0,9.792,6.878597052824216,2.3731727407972665,18.0,test,False,,,,8
M5,N7,E11b,T12b,global_categorical,,,,,,,,,0.0773340016603469,0.0,0.1519799203982482,0.0,0.0,-0.17921736059554297,graph_lift,1000.0,9.792,6.878597052824216,,18.0,test,False,,,,8
M1,N7,E11b,T12b,categorical,1.4338785409927368,0.61,0.81,0.6454882621765137,0.61,,,,0.4038035334779145,0.4038035334779145,0.4034086943781256,0.0006618250988041,0.4038035334779145,0.000661825098804126,graph_lift,1000.0,9.479,6.864568844075899,2.4133423140396397,18.0,test,False,,,,9
M5,N7,E11b,T12b,global_categorical,,,,,,,,,0.0997526720166206,0.2344562082994453,0.2914633767008429,0.0,0.2344562082994453,-0.08045761718844575,graph_lift,1000.0,9.479,6.864568844075899,,18.0,test,False,,,,9
M1,N7,E11b,T12e,categorical,2.3400754928588867,0.2266666666666666,0.5866666666666667,0.3644305467605591,0.2266666666666666,,,,-0.020775038785131,0.0,0.0,0.0,0.0,0.0,graph_lift,1000.0,0.0,0.0,2.3655266638301,18.0,train,False,,,,0
M5,N7,E11b,T12e,global_categorical,,,,,,,,,0.1032761186361312,0.0,0.0,0.0,0.0,0.0,graph_lift,1000.0,0.0,0.0,,18.0,train,False,,,,0
M1,N7,E11b,T12e,categorical,2.3821325302124023,0.1866666666666666,0.5366666666666666,0.3474535644054413,0.1866666666666666,,,,-0.0128695894691703,0.0,0.0,0.0,0.0,0.0,graph_lift,1000.0,0.0,0.0,2.4031174329209217,18.0,train,False,,,,1
M5,N7,E11b,T12e,global_categorical,,,,,,,,,0.0760974735021591,0.0,0.0,0.0,0.0,0.0,graph_lift,1000.0,0.0,0.0,,18.0,train,False,,,,1
M1,N7,E11b,T12e,categorical,2.417417049407959,0.2333333333333333,0.5633333333333334,0.3515665829181671,0.2333333333333333,,,,-0.0278338315894368,0.0,0.0,0.0,0.0,0.0,graph_lift,1000.0,0.0,0.0,2.3920726910571597,18.0,train,False,,,,2
M5,N7,E11b,T12e,global_categorical,,,,,,,,,0.1360774934291839,0.0,0.0,0.0,0.0,0.0,graph_lift,1000.0,0.0,0.0,,18.0,train,False,,,,2
M1,N7,E11b,T12e,categorical,2.345034122467041,0.1766666666666666,0.5766666666666667,0.3568657636642456,0.1766666666666666,,,,-0.0230041906889968,0.0,0.0,0.0,0.0,0.0,graph_lift,1000.0,0.0,0.0,2.3726144625127072,18.0,train,False,,,,3
M5,N7,E11b,T12e,global_categorical,,,,,,,,,0.1107935011386871,0.0,0.0,0.0,0.0,0.0,graph_lift,1000.0,0.0,0.0,,18.0,train,False,,,,3
M1,N7,E11b,T12e,categorical,2.443927764892578,0.1666666666666666,0.5166666666666667,0.3314380943775177,0.1666666666666666,,,,-0.015530375722079,0.0,0.0,0.0,0.0,0.0,graph_lift,1000.0,0.0,0.0,2.402910732768787,18.0,train,False,,,,4
M5,N7,E11b,T12e,global_categorical,,,,,,,,,0.094692051410675,0.0530794294523852,0.0275802628743805,0.0262223869019543,0.0530794294523852,0.026222386901954317,graph_lift,1000.0,0.0,0.0,,18.0,train,False,,,,4
M1,N7,E11b,T12e,categorical,2.4018666744232178,0.2066666666666666,0.57,0.348395437002182,0.2066666666666666,,,,-0.0220411882688473,0.0,0.0,0.0,0.0,0.0,graph_lift,1000.0,0.0,0.0,2.362344106964197,18.0,train,False,,,,5
M5,N7,E11b,T12e,global_categorical,,,,,,,,,0.1219739243388176,0.0277441934797644,0.0,0.0277441934797644,0.0277441934797644,0.0277441934797644,graph_lift,1000.0,0.0,0.0,,18.0,train,False,,,,5
M1,N7,E11b,T12e,categorical,2.3774569034576416,0.19,0.5466666666666666,0.3476316630840301,0.19,,,,-0.011398148274768,0.0,0.0,0.0,0.0,0.0,graph_lift,1000.0,0.0,0.0,2.384797051128486,18.0,train,False,,,,6
M5,N7,E11b,T12e,global_categorical,,,,,,,,,0.086916983127594,0.1008587693593065,0.0,0.1008587693593065,0.1008587693593065,0.1008587693593065,graph_lift,1000.0,0.0,0.0,,18.0,train,False,,,,6
M1,N7,E11b,T12e,categorical,2.356945753097534,0.2233333333333333,0.56,0.3570640981197357,0.2233333333333333,,,,-0.0229477728740641,0.0,0.0,0.0,0.0,0.0,graph_lift,1000.0,0.0,0.0,2.38816630064099,18.0,train,False,,,,7
M5,N7,E11b,T12e,global_categorical,,,,,,,,,0.1127279549837112,0.0746212881097188,0.0,0.0746212881097188,0.0746212881097188,0.0746212881097188,graph_lift,1000.0,0.0,0.0,,18.0,train,False,,,,7
M1,N7,E11b,T12e,categorical,2.3548340797424316,0.2266666666666666,0.5466666666666666,0.351915955543518,0.2266666666666666,,,,-0.0256672010123324,0.0,0.0,0.0,0.0,0.0,graph_lift,1000.0,0.0,0.0,2.3342164789814053,18.0,train,False,,,,8
M5,N7,E11b,T12e,global_categorical,,,,,,,,,0.1169746071100235,0.0,0.0,0.0,0.0,0.0,graph_lift,1000.0,0.0,0.0,,18.0,train,False,,,,8
M1,N7,E11b,T12e,categorical,2.456324577331543,0.16,0.5133333333333333,0.332957923412323,0.16,,,,-0.0255515386680167,0.0,0.0,0.0,0.0,0.0,graph_lift,1000.0,0.0,0.0,2.3981303281711464,18.0,train,False,,,,9
M5,N7,E11b,T12e,global_categorical,,,,,,,,,0.1209185421466827,0.0,0.0,0.0,0.0,0.0,graph_lift,1000.0,0.0,0.0,,18.0,train,False,,,,9
M1,N7,E11b,T12e,categorical,2.444060802459717,0.1633333333333333,0.5433333333333333,0.3392411172389984,0.1633333333333333,,,,-0.0253451190506877,0.0,0.0,0.0,0.0,0.0,graph_lift,1000.0,0.0,0.0,2.416162934373314,18.0,test,False,,,,0
M5,N7,E11b,T12e,global_categorical,,,,,,,,,0.1358077526092529,0.0,0.0,0.0,0.0,0.0,graph_lift,1000.0,0.0,0.0,,18.0,test,False,,,,0
M1,N7,E11b,T12e,categorical,2.3917622566223145,0.2266666666666666,0.5466666666666666,0.3491193950176239,0.2266666666666666,,,,-0.0262004311861143,0.0,0.0,0.0,0.0,0.0,graph_lift,1000.0,0.0,0.0,2.3198012076256393,18.0,test,False,,,,1
M5,N7,E11b,T12e,global_categorical,,,,,,,,,0.1137634813785553,0.0,0.0279794391407809,0.0,0.0,-0.028784822325207227,graph_lift,1000.0,0.0,0.0,,18.0,test,False,,,,1
M1,N7,E11b,T12e,categorical,2.402592658996582,0.17,0.5066666666666667,0.3323955237865448,0.17,,,,-0.0173752578065635,0.0,0.0,0.0,0.0,0.0,graph_lift,1000.0,0.0,0.0,2.375907371809314,18.0,test,False,,,,2
M5,N7,E11b,T12e,global_categorical,,,,,,,,,0.1105677187442779,0.0,0.0866787713454196,0.0,0.0,-0.09490502205133967,graph_lift,1000.0,0.0,0.0,,18.0,test,False,,,,2
M1,N7,E11b,T12e,categorical,2.3614821434020996,0.2333333333333333,0.6033333333333334,0.3640999495983124,0.2333333333333333,,,,-0.0276492975301512,0.0,0.0,0.0,0.0,0.0,graph_lift,1000.0,0.0,0.0,2.336384477949194,18.0,test,False,,,,3
M5,N7,E11b,T12e,global_categorical,,,,,,,,,0.1509215235710144,0.0,0.0,0.0,0.0,0.0,graph_lift,1000.0,0.0,0.0,,18.0,test,False,,,,3
M1,N7,E11b,T12e,categorical,2.459270715713501,0.1733333333333333,0.5433333333333333,0.3384905755519867,0.1733333333333333,,,,-0.0253893941598193,0.0,0.0,0.0,0.0,0.0,graph_lift,1000.0,0.0,0.0,2.4126476269556356,18.0,test,False,,,,4
M5,N7,E11b,T12e,global_categorical,,,,,,,,,0.1221098154783248,0.0736496299866789,0.0,0.0736496299866789,0.0736496299866789,0.0736496299866789,graph_lift,1000.0,0.0,0.0,,18.0,test,False,,,,4
M1,N7,E11b,T12e,categorical,2.3476784229278564,0.2166666666666666,0.5666666666666667,0.3576529026031494,0.2166666666666666,,,,-0.0344693455110396,0.0,0.0,0.0,0.0,0.0,graph_lift,1000.0,0.0,0.0,2.3035439206879165,18.0,test,False,,,,5
M5,N7,E11b,T12e,global_categorical,,,,,,,,,0.1232058629393577,0.0801371638489985,0.1866872410585947,0.0,0.0801371638489985,-0.13100750730663568,graph_lift,1000.0,0.0,0.0,,18.0,test,False,,,,5
M1,N7,E11b,T12e,categorical,2.375164270401001,0.1666666666666666,0.5433333333333333,0.3406261801719665,0.1666666666666666,,,,-0.016191117334201,0.0,0.0,0.0,0.0,0.0,graph_lift,1000.0,0.0,0.0,2.328731242370615,18.0,test,False,,,,6
M5,N7,E11b,T12e,global_categorical,,,,,,,,,0.1198636814951896,0.0281322073048158,0.0,0.0281322073048158,0.0281322073048158,0.0281322073048158,graph_lift,1000.0,0.0,0.0,,18.0,test,False,,,,6
M1,N7,E11b,T12e,categorical,2.2970902919769287,0.2566666666666666,0.59,0.3680707514286041,0.2566666666666666,,,,-0.0218060060953646,0.0,0.0,0.0,0.0,0.0,graph_lift,1000.0,0.0,0.0,2.3471716805067393,18.0,test,False,,,,7
M5,N7,E11b,T12e,global_categorical,,,,,,,,,0.1176382526755333,0.0,0.0,0.0,0.0,0.0,graph_lift,1000.0,0.0,0.0,,18.0,test,False,,,,7
M1,N7,E11b,T12e,categorical,2.333660364151001,0.1966666666666666,0.57,0.3568903505802154,0.1966666666666666,,,,-0.010939260487659,0.0,0.0,0.0,0.0,0.0,graph_lift,1000.0,0.0,0.0,2.3731727407972665,18.0,test,False,,,,8
M5,N7,E11b,T12e,global_categorical,,,,,,,,,0.0775869637727737,0.0,0.0,0.0,0.0,0.0,graph_lift,1000.0,0.0,0.0,,18.0,test,False,,,,8
M1,N7,E11b,T12e,categorical,2.458178758621216,0.1533333333333333,0.5266666666666666,0.332978755235672,0.1533333333333333,,,,-0.02209314040766,0.0,0.0,0.0,0.0,0.0,graph_lift,1000.0,0.0,0.0,2.4133423140396397,18.0,test,False,,,,9
M5,N7,E11b,T12e,global_categorical,,,,,,,,,0.1243399158120155,0.0457633997553658,0.0788934698063511,0.0,0.0457633997553658,-0.035967685566207205,graph_lift,1000.0,0.0,0.0,,18.0,test,False,,,,9
M1,N8,E10b,T12a,categorical,0.4016028046607971,0.906392694063927,0.9554794520547946,0.9125794768333436,0.906392694063927,,,,0.8155406810042495,0.8155406810042495,0.7263863768940022,0.3258401504215634,0.8155406810042495,0.3258401504215634,graph_lift,2919.0,130.415,7.250427333922261,2.210967960177449,18.0,train,False,,,,0
M5,N8,E10b,T12a,global_categorical,,,,,,,,,0.0375874899327755,0.2852200634543532,0.2108261888269275,0.094268047892824,0.2852200634543532,0.09426804789282406,graph_lift,2919.0,130.415,7.250427333922261,,18.0,train,False,,,,0
M1,N8,E10b,T12a,categorical,0.354815125465393,0.9168443496801706,0.9562899786780384,0.9221189022064208,0.9168443496801706,,,,0.8461655322943465,0.8461655322943465,0.7126908603903908,0.4645681376002131,0.8461655322943465,0.4645681376002131,graph_lift,3125.0,130.661,7.272168341507912,2.2679967435070045,18.0,train,False,,,,1
M5,N8,E10b,T12a,global_categorical,,,,,,,,,0.0324589349329471,0.5553557784929902,0.5325325943424823,0.0488230492100424,0.5553557784929902,0.04882304921004249,graph_lift,3125.0,130.661,7.272168341507912,,18.0,train,False,,,,1
M1,N8,E10b,T12a,categorical,0.4148496389389038,0.9013303769401332,0.951219512195122,0.908553659915924,0.9013303769401332,,,,0.8185488878528748,0.8185488878528748,0.7336072482888405,0.3188586739632226,0.8185488878528748,0.31885867396322265,graph_lift,3005.0,134.048,7.247702458283311,2.3121881213462223,18.0,train,False,,,,2
M5,N8,E10b,T12a,global_categorical,,,,,,,,,0.0390918254852294,0.2041793048269272,0.1036208684639113,0.1121829288804313,0.2041793048269272,0.1121829288804314,graph_lift,3005.0,134.048,7.247702458283311,,18.0,train,False,,,,2
M1,N8,E10b,T12a,categorical,0.3677180707454681,0.8966861598440545,0.9512670565302144,0.9116591811180116,0.8966861598440545,,,,0.840387697695758,0.840387697695758,0.7694447910284414,0.3077046360556016,0.840387697695758,0.30770463605560167,graph_lift,3418.0,135.502,7.265949791697949,2.288082175040598,18.0,train,False,,,,3
M5,N8,E10b,T12a,global_categorical,,,,,,,,,0.0436629429459571,0.0971849291342961,0.2684654800782569,0.0,0.0971849291342961,-0.2341387129103405,graph_lift,3418.0,135.502,7.265949791697949,,18.0,train,False,,,,3
M1,N8,E10b,T12a,categorical,0.3909140527248382,0.9073684210526316,0.9473684210526316,0.9145410060882568,0.9073684210526316,,,,0.8314714636228692,0.8314714636228692,0.7145070451559609,0.4096928364862956,0.8314714636228692,0.4096928364862956,graph_lift,3166.0,130.462,7.251963988434811,2.328626003410794,18.0,train,False,,,,4
M5,N8,E10b,T12a,global_categorical,,,,,,,,,0.0273946169763803,0.4105567502385447,0.0,0.4105567502385447,0.4105567502385447,0.4105567502385447,graph_lift,3166.0,130.462,7.251963988434811,,18.0,train,False,,,,4
M1,N8,E10b,T12a,categorical,0.3804653882980346,0.9087677725118484,0.9644549763033176,0.9155700206756592,0.9087677725118484,,,,0.8290676532641795,0.8290676532641795,0.7202881492180003,0.3888984458186549,0.8290676532641795,0.38889844581865496,graph_lift,2813.0,127.871,7.266763744180336,2.231336203325493,18.0,train,False,,,,5
M5,N8,E10b,T12a,global_categorical,,,,,,,,,0.0239256508648395,0.5877896122098871,0.2894279104058703,0.4198894189250207,0.5877896122098871,0.4198894189250207,graph_lift,2813.0,127.871,7.266763744180336,,18.0,train,False,,,,5
M1,N8,E10b,T12a,categorical,0.330367237329483,0.9204771371769384,0.9652087475149106,0.9248966574668884,0.9204771371769384,,,,0.8536645950647903,0.8536645950647903,0.8038428324094363,0.2539889990629672,0.8536645950647903,0.25398899906296724,graph_lift,3351.0,130.484,7.277705975503222,2.291138104743647,18.0,train,False,,,,6
M5,N8,E10b,T12a,global_categorical,,,,,,,,,0.0268926341086626,0.4333502489858458,0.3599318036245808,0.1147040983711099,0.4333502489858458,0.1147040983711099,graph_lift,3351.0,130.484,7.277705975503222,,18.0,train,False,,,,6
M1,N8,E10b,T12a,categorical,0.3454216718673706,0.9112244897959184,0.9551020408163264,0.9257550239562988,0.9112244897959184,,,,0.847562858665053,0.847562858665053,0.7511234754364667,0.3874989149648269,0.847562858665053,0.38749891496482697,graph_lift,3266.0,130.496,7.275616620089293,2.2256352335675196,18.0,train,False,,,,7
M5,N8,E10b,T12a,global_categorical,,,,,,,,,0.0280042737722396,0.3802837243914883,0.045821069614724,0.3505240412735961,0.3802837243914883,0.3505240412735961,graph_lift,3266.0,130.496,7.275616620089293,,18.0,train,False,,,,7
M1,N8,E10b,T12a,categorical,0.3237557113170624,0.9307774227902024,0.9605963791267306,0.9328073859214784,0.9307774227902024,,,,0.8489788791839402,0.8489788791839402,0.7168858042142423,0.4665717118249249,0.8489788791839402,0.4665717118249249,graph_lift,3127.0,132.112,7.27290147341245,2.1497767541002153,18.0,train,False,,,,8
M5,N8,E10b,T12a,global_categorical,,,,,,,,,0.0259879492223262,0.4077118085221363,0.0462316091333843,0.3790020751896619,0.4077118085221363,0.37900207518966195,graph_lift,3127.0,132.112,7.27290147341245,,18.0,train,False,,,,8
M1,N8,E10b,T12a,categorical,0.3526832163333893,0.9052744886975242,0.96232508073197,0.913184642791748,0.9052744886975242,,,,0.846204459530852,0.846204459530852,0.7216788734395825,0.4474169375145788,0.846204459530852,0.44741693751457884,graph_lift,3096.0,133.045,7.287921745518222,2.28793500361491,18.0,train,False,,,,9
M5,N8,E10b,T12a,global_categorical,,,,,,,,,0.0324242487549781,0.4413682041364392,0.2184165063230239,0.2852564052556103,0.4413682041364392,0.28525640525561036,graph_lift,3096.0,133.045,7.287921745518222,,18.0,train,False,,,,9
M1,N8,E10b,T12a,categorical,0.3429869711399078,0.911983032873807,0.966065747613998,0.9191582798957824,0.911983032873807,,,,0.8511342055173295,0.8511342055173295,0.7777323339703519,0.3302408886463343,0.8511342055173295,0.33024088864633433,graph_lift,3143.0,131.982,7.264667586894771,2.335217008561988,18.0,test,False,,,,0
M5,N8,E10b,T12a,global_categorical,,,,,,,,,0.0225985571742057,0.6452331590763816,0.5928841699090078,0.1285850003810304,0.6452331590763816,0.1285850003810304,graph_lift,3143.0,131.982,7.264667586894771,,18.0,test,False,,,,0
M1,N8,E10b,T12a,categorical,0.3233015537261963,0.9191919191919192,0.9696969696969696,0.9287651777267456,0.9191919191919192,,,,0.8504986195932485,0.8504986195932485,0.750450759283899,0.4009143046168135,0.8504986195932485,0.40091430461681354,graph_lift,2970.0,130.454,7.271147626033245,2.1856536912031443,18.0,test,False,,,,1
M5,N8,E10b,T12a,global_categorical,,,,,,,,,0.0281810592859983,0.2638372176985129,0.0891394126614857,0.1917942300560887,0.2638372176985129,0.19179423005608887,graph_lift,2970.0,130.454,7.271147626033245,,18.0,test,False,,,,1
M1,N8,E10b,T12a,categorical,0.3234014809131622,0.916083916083916,0.9630369630369632,0.9239121079444884,0.916083916083916,,,,0.851776109988048,0.851776109988048,0.7428813298617492,0.4235195369816859,0.851776109988048,0.42351953698168593,graph_lift,3336.0,127.922,7.276562610250561,2.206834534808725,18.0,test,False,,,,2
M5,N8,E10b,T12a,global_categorical,,,,,,,,,0.0277922302484512,0.6136722897141429,0.3625297095693786,0.3939675054897279,0.6136722897141429,0.393967505489728,graph_lift,3336.0,127.922,7.276562610250561,,18.0,test,False,,,,2
M1,N8,E10b,T12a,categorical,0.4168753027915954,0.8777533039647577,0.9427312775330396,0.8935524225234985,0.8777533039647577,,,,0.8087291523150442,0.8087291523150442,0.6914849808831454,0.3800274351878177,0.8087291523150442,0.3800274351878177,graph_lift,3024.0,132.339,7.274006898134298,2.1916260226435895,18.0,test,False,,,,3
M5,N8,E10b,T12a,global_categorical,,,,,,,,,0.0303210522979497,0.033757114830449,0.0,0.033757114830449,0.033757114830449,0.033757114830449,graph_lift,3024.0,132.339,7.274006898134298,,18.0,test,False,,,,3
M1,N8,E10b,T12a,categorical,0.3590240180492401,0.919103313840156,0.9639376218323586,0.9229227304458618,0.919103313840156,,,,0.8484361864146197,0.8484361864146197,0.7508078714895423,0.3917792889713219,0.8484361864146197,0.39177928897132197,graph_lift,3418.0,130.608,7.258476203377782,2.3526653153697525,18.0,test,False,,,,4
M5,N8,E10b,T12a,global_categorical,,,,,,,,,0.0382005162537097,0.4101839590827273,0.2930236859987458,0.1657202239504924,0.4101839590827273,0.16572022395049246,graph_lift,3418.0,130.608,7.258476203377782,,18.0,test,False,,,,4
M1,N8,E10b,T12a,categorical,0.258231908082962,0.9331175836030206,0.970873786407767,0.9402013421058656,0.9331175836030206,,,,0.878674683216164,0.878674683216164,0.7811278748121508,0.4456794501368901,0.878674683216164,0.44567945013689014,graph_lift,3088.0,131.854,7.278653773902583,2.1289669347697737,18.0,test,False,,,,5
M5,N8,E10b,T12a,global_categorical,,,,,,,,,0.0260496046394109,0.472231348396162,0.1109880366992197,0.4063424640043033,0.472231348396162,0.4063424640043033,graph_lift,3088.0,131.854,7.278653773902583,,18.0,test,False,,,,5
M1,N8,E10b,T12a,categorical,0.3543701767921448,0.9177631578947368,0.961622807017544,0.9237002730369568,0.9177631578947368,,,,0.8408966813217983,0.8408966813217983,0.7649358247057155,0.3231494400241334,0.8408966813217983,0.3231494400241334,graph_lift,3039.0,132.714,7.258674973740295,2.261810911280663,18.0,test,False,,,,6
M5,N8,E10b,T12a,global_categorical,,,,,,,,,0.0293691083788871,0.6134864461811066,0.502211454616178,0.2235386743966347,0.6134864461811066,0.2235386743966347,graph_lift,3039.0,132.714,7.258674973740295,,18.0,test,False,,,,6
M1,N8,E10b,T12a,categorical,0.2530712485313415,0.935077519379845,0.9709302325581396,0.9414821863174438,0.935077519379845,,,,0.8837091337896188,0.8837091337896188,0.7814143127671509,0.4679849916865691,0.8837091337896188,0.46798499168656915,graph_lift,3437.0,130.706,7.2825358636763,2.195311109988215,18.0,test,False,,,,7
M5,N8,E10b,T12a,global_categorical,,,,,,,,,0.0287853013724088,0.4410589562704874,0.2871590761459419,0.2158965275064003,0.4410589562704874,0.21589652750640043,graph_lift,3437.0,130.706,7.2825358636763,,18.0,test,False,,,,7
M1,N8,E10b,T12a,categorical,0.3517207205295563,0.9018338727076592,0.9557713052858684,0.9145821928977966,0.9018338727076592,,,,0.8412042031611937,0.8412042031611937,0.7330307509431275,0.4051906824483069,0.8412042031611937,0.4051906824483069,graph_lift,3090.0,127.803,7.253026078944124,2.229836320130163,18.0,test,False,,,,8
M5,N8,E10b,T12a,global_categorical,,,,,,,,,0.0214663576334714,0.675316936561075,0.499147544693191,0.351739100010935,0.675316936561075,0.351739100010935,graph_lift,3090.0,127.803,7.253026078944124,,18.0,test,False,,,,8
M1,N8,E10b,T12a,categorical,0.3566174805164337,0.912707182320442,0.9546961325966852,0.917211890220642,0.912707182320442,,,,0.8469335076813558,0.8469335076813558,0.765082066924908,0.3484256807686274,0.8469335076813558,0.3484256807686274,graph_lift,3015.0,130.588,7.279779620448249,2.3174360539558356,18.0,test,False,,,,9
M5,N8,E10b,T12a,global_categorical,,,,,,,,,0.035132884979248,0.4472621904117762,0.5412063405731272,0.0,0.4472621904117762,-0.20476340121767708,graph_lift,3015.0,130.588,7.279779620448249,,18.0,test,False,,,,9
M1,N8,E10b,T12b,categorical,0.4125398993492126,0.9098173515981736,0.9474885844748858,0.9138365983963012,0.9098173515981736,,,,0.8105171837091394,0.8105171837091394,0.7333401988719097,0.289421144509733,0.8105171837091394,0.289421144509733,graph_lift,2919.0,9.425,6.852855578519548,2.210967960177449,18.0,train,False,,,,0
M5,N8,E10b,T12b,global_categorical,,,,,,,,,0.0336666256189346,0.3597809120362505,0.2871021865016187,0.1019483075393061,0.3597809120362505,0.10194830753930606,graph_lift,2919.0,9.425,6.852855578519548,,18.0,train,False,,,,0
M1,N8,E10b,T12b,categorical,0.3405938148498535,0.9115138592750534,0.957356076759062,0.9208744764328004,0.9115138592750534,,,,0.8523313613754293,0.8523313613754293,0.7144897491215452,0.4827904141086863,0.8523313613754293,0.48279041410868634,graph_lift,3125.0,9.227,6.852973240061511,2.2679967435070045,18.0,train,False,,,,1
M5,N8,E10b,T12b,global_categorical,,,,,,,,,0.033038318157196,0.5474189991983969,0.478585234784799,0.132013454557982,0.5474189991983969,0.1320134545579822,graph_lift,3125.0,9.227,6.852973240061511,,18.0,train,False,,,,1
M1,N8,E10b,T12b,categorical,0.4124005138874054,0.8980044345898004,0.9523281596452328,0.906909704208374,0.8980044345898004,,,,0.8196201087404331,0.8196201087404331,0.7257220811317378,0.3423462887429713,0.8196201087404331,0.3423462887429713,graph_lift,3005.0,9.632,6.887551451372585,2.3121881213462223,18.0,train,False,,,,2
M5,N8,E10b,T12b,global_categorical,,,,,,,,,0.0409153923392295,0.1670556293927047,0.2264989373138403,0.0,0.1670556293927047,-0.07684967841505617,graph_lift,3005.0,9.632,6.887551451372585,,18.0,train,False,,,,2
M1,N8,E10b,T12b,categorical,0.3462907373905182,0.9044834307992202,0.9551656920077972,0.915800392627716,0.9044834307992202,,,,0.8496884772205487,0.8496884772205487,0.764566667176214,0.3615537741550197,0.8496884772205487,0.36155377415501977,graph_lift,3418.0,9.658,6.8808180940594985,2.288082175040598,18.0,train,False,,,,3
M5,N8,E10b,T12b,global_categorical,,,,,,,,,0.0376668274402618,0.221166115008404,0.3219088682785497,0.0,0.221166115008404,-0.14856816223859615,graph_lift,3418.0,9.658,6.8808180940594985,,18.0,train,False,,,,3
M1,N8,E10b,T12b,categorical,0.3533118367195129,0.9136842105263158,0.9621052631578948,0.921288013458252,0.9136842105263158,,,,0.8476823077719076,0.8476823077719076,0.7231735043460399,0.4497719885220334,0.8476823077719076,0.4497719885220334,graph_lift,3166.0,9.535,6.864133388500625,2.328626003410794,18.0,train,False,,,,4
M5,N8,E10b,T12b,global_categorical,,,,,,,,,0.0247110314667224,0.4682988009921408,0.1264849729649313,0.3913084691712886,0.4682988009921408,0.3913084691712886,graph_lift,3166.0,9.535,6.864133388500625,,18.0,train,False,,,,4
M1,N8,E10b,T12b,categorical,0.3709568679332733,0.8992890995260664,0.9632701421800948,0.9153448343276978,0.8992890995260664,,,,0.8333395713701919,0.8333395713701919,0.7160592150847167,0.4130451224908285,0.8333395713701919,0.4130451224908285,graph_lift,2813.0,9.5,6.861655491347335,2.231336203325493,18.0,train,False,,,,5
M5,N8,E10b,T12b,global_categorical,,,,,,,,,0.0239016879349946,0.5882024648699773,0.3262122640955407,0.3888319522805707,0.5882024648699773,0.3888319522805708,graph_lift,2813.0,9.5,6.861655491347335,,18.0,train,False,,,,5
M1,N8,E10b,T12b,categorical,0.3025952577590942,0.9304174950298212,0.9642147117296224,0.9360890984535216,0.9304174950298212,,,,0.8659661241817362,0.8659661241817362,0.7989205384416268,0.3334283134662471,0.8659661241817362,0.3334283134662471,graph_lift,3351.0,9.451,6.875119364490252,2.291138104743647,18.0,train,False,,,,6
M5,N8,E10b,T12b,global_categorical,,,,,,,,,0.0246879607439041,0.4798045162829835,0.5090697725531568,0.0,0.4798045162829835,-0.059611844278507096,graph_lift,3351.0,9.451,6.875119364490252,,18.0,train,False,,,,6
M1,N8,E10b,T12b,categorical,0.3119923174381256,0.9244897959183672,0.9683673469387756,0.9313379526138306,0.9244897959183672,,,,0.8623154824347985,0.8623154824347985,0.7357652891715174,0.4789309961075708,0.8623154824347985,0.4789309961075708,graph_lift,3266.0,9.412,6.878890695937181,2.2256352335675196,18.0,train,False,,,,7
M5,N8,E10b,T12b,global_categorical,,,,,,,,,0.0242331605404615,0.463735995494915,0.1843851587096865,0.3425033761564365,0.463735995494915,0.34250337615643656,graph_lift,3266.0,9.412,6.878890695937181,,18.0,train,False,,,,7
M1,N8,E10b,T12b,categorical,0.3177609145641327,0.9361022364217252,0.9637912673056444,0.9362189769744872,0.9361022364217252,,,,0.8517752524535862,0.8517752524535862,0.7229104343116145,0.4650655748145091,0.8517752524535862,0.46506557481450916,graph_lift,3127.0,9.363,6.896828922973426,2.1497767541002153,18.0,train,False,,,,8
M5,N8,E10b,T12b,global_categorical,,,,,,,,,0.0273070000112056,0.377649482344369,0.1049062942316213,0.3047090895121597,0.377649482344369,0.3047090895121598,graph_lift,3127.0,9.363,6.896828922973426,,18.0,train,False,,,,8
M1,N8,E10b,T12b,categorical,0.3913824558258056,0.907427341227126,0.952637244348762,0.9142966270446776,0.907427341227126,,,,0.8293287726491887,0.8293287726491887,0.7257475335289931,0.3776857158407575,0.8293287726491887,0.3776857158407575,graph_lift,3096.0,9.685,6.909502139474991,2.28793500361491,18.0,train,False,,,,9
M5,N8,E10b,T12b,global_categorical,,,,,,,,,0.0297465920448303,0.4875010902982613,0.2074728962602785,0.3533357947212219,0.4875010902982613,0.3533357947212219,graph_lift,3096.0,9.685,6.909502139474991,,18.0,train,False,,,,9
M1,N8,E10b,T12b,categorical,0.3652845323085785,0.9013785790031812,0.9607635206786852,0.912635862827301,0.9013785790031812,,,,0.8414564443439119,0.8414564443439119,0.7726287687224647,0.3027105726380762,0.8414564443439119,0.30271057263807627,graph_lift,3143.0,9.655,6.8951997132854554,2.335217008561988,18.0,test,False,,,,0
M5,N8,E10b,T12b,global_categorical,,,,,,,,,0.0227769166231155,0.6424331565031723,0.603594217764852,0.0979777300909326,0.6424331565031723,0.09797773009093261,graph_lift,3143.0,9.655,6.8951997132854554,,18.0,test,False,,,,0
M1,N8,E10b,T12b,categorical,0.3259742558002472,0.925925925925926,0.9607182940516272,0.932261049747467,0.925925925925926,,,,0.8492627060584456,0.8492627060584456,0.758598067037757,0.3755754475871126,0.8492627060584456,0.3755754475871126,graph_lift,2970.0,9.541,6.878433327200048,2.1856536912031443,18.0,test,False,,,,1
M5,N8,E10b,T12b,global_categorical,,,,,,,,,0.0285361539572477,0.2545612185774557,0.1164845364657119,0.1562810022129116,0.2545612185774557,0.1562810022129117,graph_lift,2970.0,9.541,6.878433327200048,,18.0,test,False,,,,1
M1,N8,E10b,T12b,categorical,0.3021155595779419,0.9210789210789212,0.962037962037962,0.9283616542816162,0.9210789210789212,,,,0.8615320455294412,0.8615320455294412,0.7457390206233738,0.4554101269882548,0.8615320455294412,0.4554101269882548,graph_lift,3336.0,9.519,6.886130191552894,2.206834534808725,18.0,test,False,,,,2
M5,N8,E10b,T12b,global_categorical,,,,,,,,,0.0291730836033821,0.5944776475396194,0.3885183136470918,0.3368201182294461,0.5944776475396194,0.33682011822944613,graph_lift,3336.0,9.519,6.886130191552894,,18.0,test,False,,,,2
M1,N8,E10b,T12b,categorical,0.3998585939407348,0.8876651982378855,0.9460352422907488,0.8991485238075256,0.8876651982378855,,,,0.816536763922143,0.816536763922143,0.6974229441239111,0.3936644153448677,0.816536763922143,0.3936644153448677,graph_lift,3024.0,9.671,6.858582396381095,2.1916260226435895,18.0,test,False,,,,3
M5,N8,E10b,T12b,global_categorical,,,,,,,,,0.0330857522785663,0.0,0.0,0.0,0.0,0.0,graph_lift,3024.0,9.671,6.858582396381095,,18.0,test,False,,,,3
M1,N8,E10b,T12b,categorical,0.3767377734184265,0.9142300194931774,0.95906432748538,0.9202258586883544,0.9142300194931774,,,,0.8409582331770914,0.8409582331770914,0.7539321234255056,0.353667089597693,0.8409582331770914,0.353667089597693,graph_lift,3418.0,9.52,6.868505380018929,2.3526653153697525,18.0,test,False,,,,4
M5,N8,E10b,T12b,global_categorical,,,,,,,,,0.0343609154224395,0.469467402949341,0.2779661508293533,0.2652247569001824,0.469467402949341,0.2652247569001823,graph_lift,3418.0,9.52,6.868505380018929,,18.0,test,False,,,,4
M1,N8,E10b,T12b,categorical,0.2506128251552582,0.9428263214670982,0.9697950377562028,0.9451691508293152,0.9428263214670982,,,,0.8822543591225269,0.8822543591225269,0.7861831917259112,0.44931531890357,0.8822543591225269,0.44931531890357007,graph_lift,3088.0,9.579,6.883039653188572,2.1289669347697737,18.0,test,False,,,,5
M5,N8,E10b,T12b,global_categorical,,,,,,,,,0.028058985248208,0.4315210148174598,0.2774714125588883,0.2132090064479656,0.4315210148174598,0.21320900644796567,graph_lift,3088.0,9.579,6.883039653188572,,18.0,test,False,,,,5
M1,N8,E10b,T12b,categorical,0.3602992296218872,0.9177631578947368,0.9594298245614036,0.9249181747436525,0.9177631578947368,,,,0.8382346896341185,0.8382346896341185,0.7609764752685639,0.32322431213564,0.8382346896341185,0.32322431213564007,graph_lift,3039.0,9.551,6.8896720417104,2.261810911280663,18.0,test,False,,,,6
M5,N8,E10b,T12b,global_categorical,,,,,,,,,0.0247349049896001,0.6744751012674326,0.6179483317679056,0.1479558243027674,0.6744751012674326,0.14795582430276744,graph_lift,3039.0,9.551,6.8896720417104,,18.0,test,False,,,,6
M1,N8,E10b,T12b,categorical,0.260144978761673,0.9341085271317828,0.9757751937984496,0.938693106174469,0.9341085271317828,,,,0.8804586299261218,0.8804586299261218,0.7829292052762715,0.4492977729868195,0.8804586299261218,0.44929777298681955,graph_lift,3437.0,9.62,6.853939635154054,2.195311109988215,18.0,test,False,,,,7
M5,N8,E10b,T12b,global_categorical,,,,,,,,,0.0331842750310897,0.3556415101818906,0.3767033353037698,0.0,0.3556415101818906,-0.03379101207310952,graph_lift,3437.0,9.62,6.853939635154054,,18.0,test,False,,,,7
M1,N8,E10b,T12b,categorical,0.3478376567363739,0.9039913700107874,0.9579288025889968,0.9160639643669128,0.9039913700107874,,,,0.8429573435404851,0.8429573435404851,0.7374193985268341,0.4019259016909378,0.8429573435404851,0.40192590169093784,graph_lift,3090.0,9.792,6.878597052824216,2.229836320130163,18.0,test,False,,,,8
M5,N8,E10b,T12b,global_categorical,,,,,,,,,0.0230066236108541,0.6520200976382216,0.4480671650713861,0.3695249125615336,0.6520200976382216,0.3695249125615337,graph_lift,3090.0,9.792,6.878597052824216,,18.0,test,False,,,,8
M1,N8,E10b,T12b,categorical,0.3455692827701568,0.912707182320442,0.9591160220994476,0.9221161603927612,0.912707182320442,,,,0.851675591909838,0.851675591909838,0.7671108137380931,0.3631116563593616,0.851675591909838,0.3631116563593616,graph_lift,3015.0,9.479,6.864568844075899,2.3174360539558356,18.0,test,False,,,,9
M5,N8,E10b,T12b,global_categorical,,,,,,,,,0.0309510491788387,0.513054076325534,0.5193244063771453,0.0,0.513054076325534,-0.013044827186568278,graph_lift,3015.0,9.479,6.864568844075899,,18.0,test,False,,,,9
M1,N8,E10b,T12e,categorical,0.3876225054264068,0.910958904109589,0.9497716894977168,0.9163581728935242,0.910958904109589,,,,0.8219619383757962,0.8219619383757962,0.727462482861222,0.3467392544948389,0.8219619383757962,0.3467392544948389,graph_lift,2919.0,0.0,0.0,2.210967960177449,18.0,train,False,,,,0
M5,N8,E10b,T12e,global_categorical,,,,,,,,,0.0326906032860279,0.3783413741056763,0.3059772566880613,0.1042676455706435,0.3783413741056763,0.10426764557064362,graph_lift,2919.0,0.0,0.0,,18.0,train,False,,,,0
M1,N8,E10b,T12e,categorical,0.3345804214477539,0.9157782515991472,0.9552238805970148,0.9239743947982788,0.9157782515991472,,,,0.8549385425762578,0.8549385425762578,0.7063131616905424,0.506067557338436,0.8549385425762578,0.506067557338436,graph_lift,3125.0,0.0,0.0,2.2679967435070045,18.0,train,False,,,,1
M5,N8,E10b,T12e,global_categorical,,,,,,,,,0.0295087788254022,0.5957689919417146,0.4808884404012057,0.2213022411392584,0.5957689919417146,0.22130224113925845,graph_lift,3125.0,0.0,0.0,,18.0,train,False,,,,1
M1,N8,E10b,T12e,categorical,0.4108372330665588,0.9057649667405764,0.950110864745011,0.91351580619812,0.9057649667405764,,,,0.8203038651794787,0.8203038651794787,0.7230907324150955,0.3510649304454075,0.8203038651794787,0.35106493044540754,graph_lift,3005.0,0.0,0.0,2.3121881213462223,18.0,train,False,,,,2
M5,N8,E10b,T12e,global_categorical,,,,,,,,,0.0377799198031425,0.2308867220160891,0.0924454674207535,0.1525431801898328,0.2308867220160891,0.1525431801898329,graph_lift,3005.0,0.0,0.0,,18.0,train,False,,,,2
M1,N8,E10b,T12e,categorical,0.3454339802265167,0.9083820662768032,0.953216374269006,0.9196534752845764,0.9083820662768032,,,,0.8500603736124992,0.8500603736124992,0.7655973643733043,0.3603330184977475,0.8500603736124992,0.3603330184977475,graph_lift,3418.0,0.0,0.0,2.288082175040598,18.0,train,False,,,,3
M5,N8,E10b,T12e,global_categorical,,,,,,,,,0.0352054126560688,0.2720605855339389,0.4180385974120448,0.0,0.2720605855339389,-0.2508379614678027,graph_lift,3418.0,0.0,0.0,,18.0,train,False,,,,3
M1,N8,E10b,T12e,categorical,0.3706646263599396,0.9094736842105264,0.9463157894736842,0.9181631803512572,0.9094736842105264,,,,0.8402012681701739,0.8402012681701739,0.7294977641055458,0.4092517154195462,0.8402012681701739,0.40925171541954625,graph_lift,3166.0,0.0,0.0,2.328626003410794,18.0,train,False,,,,4
M5,N8,E10b,T12e,global_categorical,,,,,,,,,0.0260103978216648,0.4403406540485913,0.2808052936408594,0.2218249925883986,0.4403406540485913,0.22182499258839866,graph_lift,3166.0,0.0,0.0,,18.0,train,False,,,,4
M1,N8,E10b,T12e,categorical,0.3748976588249206,0.8969194312796208,0.9597156398104264,0.9091628193855286,0.8969194312796208,,,,0.831569073554707,0.831569073554707,0.7259557630915763,0.3853878178741744,0.831569073554707,0.3853878178741744,graph_lift,2813.0,0.0,0.0,2.231336203325493,18.0,train,False,,,,5
M5,N8,E10b,T12e,global_categorical,,,,,,,,,0.023904263973236,0.5881580828078782,0.2693215205377912,0.4363568535708836,0.5881580828078782,0.4363568535708837,graph_lift,2813.0,0.0,0.0,,18.0,train,False,,,,5
M1,N8,E10b,T12e,categorical,0.3184281289577484,0.9224652087475148,0.9612326043737576,0.9299142956733704,0.9224652087475148,,,,0.8589529954129071,0.8589529954129071,0.8044574170685604,0.2786890585538279,0.8589529954129071,0.2786890585538279,graph_lift,3351.0,0.0,0.0,2.291138104743647,18.0,train,False,,,,6
M5,N8,E10b,T12e,global_categorical,,,,,,,,,0.0238110888749361,0.4982809222837622,0.4566661015033345,0.0765916150189976,0.4982809222837622,0.07659161501899758,graph_lift,3351.0,0.0,0.0,,18.0,train,False,,,,6
M1,N8,E10b,T12e,categorical,0.2964662313461303,0.9244897959183672,0.9653061224489796,0.9333096146583556,0.9244897959183672,,,,0.8691672643730426,0.8691672643730426,0.7487247251008753,0.4793250721564999,0.8691672643730426,0.4793250721564999,graph_lift,3266.0,0.0,0.0,2.2256352335675196,18.0,train,False,,,,7
M5,N8,E10b,T12e,global_categorical,,,,,,,,,0.0217153243720531,0.5194540643000132,0.1671173977413406,0.4230328087093974,0.5194540643000132,0.4230328087093974,graph_lift,3266.0,0.0,0.0,,18.0,train,False,,,,7
M1,N8,E10b,T12e,categorical,0.3386976718902588,0.9222577209797655,0.9605963791267306,0.9263738393783568,0.9222577209797655,,,,0.8420089656164413,0.8420089656164413,0.7380098645552036,0.3969580796798789,0.8420089656164413,0.39695807967987895,graph_lift,3127.0,0.0,0.0,2.1497767541002153,18.0,train,False,,,,8
M5,N8,E10b,T12e,global_categorical,,,,,,,,,0.0311393160372972,0.2903076336726241,0.1408039787413982,0.174004128548249,0.2903076336726241,0.17400412854824907,graph_lift,3127.0,0.0,0.0,,18.0,train,False,,,,8
M1,N8,E10b,T12e,categorical,0.3803321719169616,0.9106566200215284,0.9515608180839612,0.9167035818099976,0.9106566200215284,,,,0.8341475017848896,0.8341475017848896,0.7214755163573814,0.404531709219791,0.8341475017848896,0.404531709219791,graph_lift,3096.0,0.0,0.0,2.28793500361491,18.0,train,False,,,,9
M5,N8,E10b,T12e,global_categorical,,,,,,,,,0.0238608848303556,0.5889049259274306,0.1753060970248961,0.501517990384634,0.5889049259274306,0.5015179903846341,graph_lift,3096.0,0.0,0.0,,18.0,train,False,,,,9
M1,N8,E10b,T12e,categorical,0.3326280117034912,0.911983032873807,0.9618239660657476,0.9178241491317748,0.911983032873807,,,,0.8556302770485981,0.8556302770485981,0.7706407121753484,0.3705520961428229,0.8556302770485981,0.3705520961428229,graph_lift,3143.0,0.0,0.0,2.335217008561988,18.0,test,False,,,,0
M5,N8,E10b,T12e,global_categorical,,,,,,,,,0.0241870153695344,0.6202965097340413,0.5722894603102939,0.1122419135581164,0.6202965097340413,0.11224191355811648,graph_lift,3143.0,0.0,0.0,,18.0,test,False,,,,0
M1,N8,E10b,T12e,categorical,0.3317560851573944,0.9169472502805835,0.9584736251402918,0.925574004650116,0.9169472502805835,,,,0.8465890668034761,0.8465890668034761,0.7605579354603934,0.3592983192343471,0.8465890668034761,0.35929831923434713,graph_lift,2970.0,0.0,0.0,2.1856536912031443,18.0,test,False,,,,1
M5,N8,E10b,T12e,global_categorical,,,,,,,,,0.0321944914758205,0.1589958993700067,0.1018538179611447,0.0636222505329203,0.1589958993700067,0.0636222505329204,graph_lift,2970.0,0.0,0.0,,18.0,test,False,,,,1
M1,N8,E10b,T12e,categorical,0.326101154088974,0.9150849150849152,0.965034965034965,0.9247459173202516,0.9150849150849152,,,,0.8505387796603804,0.8505387796603804,0.7360007051375779,0.4338575017122364,0.8505387796603804,0.4338575017122364,graph_lift,3336.0,0.0,0.0,2.206834534808725,18.0,test,False,,,,2
M5,N8,E10b,T12e,global_categorical,,,,,,,,,0.0299437511712312,0.5837649327190689,0.360894382189576,0.3487225652827893,0.5837649327190689,0.3487225652827893,graph_lift,3336.0,0.0,0.0,,18.0,test,False,,,,2
M1,N8,E10b,T12e,categorical,0.4405312240123749,0.8755506607929515,0.9394273127753304,0.8903278708457947,0.8755506607929515,,,,0.7978753317322022,0.7978753317322022,0.703298360608818,0.3187612017158102,0.7978753317322022,0.31876120171581024,graph_lift,3024.0,0.0,0.0,2.1916260226435895,18.0,test,False,,,,3
M5,N8,E10b,T12e,global_categorical,,,,,,,,,0.0359618365764617,0.0,0.0350080642461502,0.0,0.0,-0.036278089949841885,graph_lift,3024.0,0.0,0.0,,18.0,test,False,,,,3
M1,N8,E10b,T12e,categorical,0.3517874181270599,0.9239766081871345,0.95906432748538,0.9281439781188964,0.9239766081871345,,,,0.8514911506064925,0.8514911506064925,0.7571885720576969,0.3883778426244576,0.8514911506064925,0.3883778426244576,graph_lift,3418.0,0.0,0.0,2.3526653153697525,18.0,test,False,,,,4
M5,N8,E10b,T12e,global_categorical,,,,,,,,,0.033636275678873,0.480655841917105,0.2882423465610903,0.2703356885961882,0.480655841917105,0.2703356885961881,graph_lift,3418.0,0.0,0.0,,18.0,test,False,,,,4
M1,N8,E10b,T12e,categorical,0.2617485523223877,0.9374325782092772,0.9697950377562028,0.940606951713562,0.9374325782092772,,,,0.8770224531235403,0.8770224531235403,0.7750850850974712,0.4532263592667727,0.8770224531235403,0.4532263592667727,graph_lift,3088.0,0.0,0.0,2.1289669347697737,18.0,test,False,,,,5
M5,N8,E10b,T12e,global_categorical,,,,,,,,,0.0298453271389007,0.3953294770185329,0.1527316217285308,0.2863294105050059,0.3953294770185329,0.2863294105050059,graph_lift,3088.0,0.0,0.0,,18.0,test,False,,,,5
M1,N8,E10b,T12e,categorical,0.3713926672935486,0.9155701754385964,0.9550438596491228,0.9215204119682312,0.9155701754385964,,,,0.8332540131343312,0.8332540131343312,0.7651174163299351,0.2900879057942682,0.8332540131343312,0.2900879057942682,graph_lift,3039.0,0.0,0.0,2.261810911280663,18.0,test,False,,,,6
M5,N8,E10b,T12e,global_categorical,,,,,,,,,0.0308973006904125,0.5933745982616447,0.5843981232125419,0.0215987355940008,0.5933745982616447,0.021598735594000825,graph_lift,3039.0,0.0,0.0,,18.0,test,False,,,,6
M1,N8,E10b,T12e,categorical,0.2502464652061462,0.935077519379845,0.9767441860465116,0.9400782585144044,0.935077519379845,,,,0.8850071666021664,0.8850071666021664,0.7934228692063852,0.4433418987084316,0.8850071666021664,0.4433418987084316,graph_lift,3437.0,0.0,0.0,2.195311109988215,18.0,test,False,,,,7
M5,N8,E10b,T12e,global_categorical,,,,,,,,,0.0308140665292739,0.4016652358577778,0.4013595794897524,0.0005105842464912,0.4016652358577778,0.0005105842464911592,graph_lift,3437.0,0.0,0.0,,18.0,test,False,,,,7
M1,N8,E10b,T12e,categorical,0.3753795623779297,0.906148867313916,0.9579288025889968,0.9129157662391664,0.906148867313916,,,,0.8305226389233549,0.8305226389233549,0.7382597323131572,0.3524979454845859,0.8305226389233549,0.35249794548458596,graph_lift,3090.0,0.0,0.0,2.229836320130163,18.0,test,False,,,,8
M5,N8,E10b,T12e,global_categorical,,,,,,,,,0.0248223021626472,0.624557587021268,0.4946415163145262,0.2570770550031949,0.624557587021268,0.25707705500319494,graph_lift,3090.0,0.0,0.0,,18.0,test,False,,,,8
M1,N8,E10b,T12e,categorical,0.3424356877803802,0.9171270718232044,0.9569060773480664,0.9270005226135254,0.9171270718232044,,,,0.8530205875943655,0.8530205875943655,0.758766462074442,0.3907173369442904,0.8530205875943655,0.39071733694429045,graph_lift,3015.0,0.0,0.0,2.3174360539558356,18.0,test,False,,,,9
M5,N8,E10b,T12e,global_categorical,,,,,,,,,0.0349009856581687,0.4509106104847095,0.510404297692323,0.0,0.4509106104847095,-0.121515950665404,graph_lift,3015.0,0.0,0.0,,18.0,test,False,,,,9
M1,N8,E10c,T12a,categorical,0.3966347575187683,0.9018264840182648,0.952054794520548,0.9125068187713624,0.9018264840182648,,,,0.8178225338496867,0.8178225338496867,0.7263863768940022,0.3341798406004886,0.8178225338496867,0.33417984060048866,graph_lift,2919.0,130.415,7.250427333922261,2.210967960177449,18.0,train,False,,,,0
M5,N8,E10c,T12a,global_categorical,,,,,,,,,0.0361410491168499,0.3127262064948547,0.2108261888269275,0.1291224014598979,0.3127262064948547,0.12912240145989803,graph_lift,2919.0,130.415,7.250427333922261,,18.0,train,False,,,,0
M1,N8,E10c,T12a,categorical,0.3400625884532928,0.9115138592750534,0.9584221748400852,0.9223616123199464,0.9115138592750534,,,,0.8525616814243777,0.8525616814243777,0.7126908603903908,0.4868303919048348,0.8525616814243777,0.4868303919048348,graph_lift,3125.0,130.661,7.272168341507912,2.2679967435070045,18.0,train,False,,,,1
M5,N8,E10c,T12a,global_categorical,,,,,,,,,0.0314100198447704,0.5697245196045752,0.5325325943424823,0.0795604673437721,0.5697245196045752,0.07956046734377212,graph_lift,3125.0,130.661,7.272168341507912,,18.0,train,False,,,,1
M1,N8,E10c,T12a,categorical,0.4143086969852447,0.9090909090909092,0.9490022172949002,0.9148129820823668,0.9090909090909092,,,,0.8187854834149885,0.8187854834149885,0.7336072482888405,0.3197468196075537,0.8187854834149885,0.31974681960755374,graph_lift,3005.0,134.048,7.247702458283311,2.3121881213462223,18.0,train,False,,,,2
M5,N8,E10c,T12a,global_categorical,,,,,,,,,0.0381342954933643,0.2236724386040418,0.1036208684639113,0.1339294567627907,0.2236724386040418,0.13392945676279072,graph_lift,3005.0,134.048,7.247702458283311,,18.0,train,False,,,,2
M1,N8,E10c,T12a,categorical,0.3567264378070831,0.9083820662768032,0.9483430799220272,0.9164401888847352,0.9083820662768032,,,,0.8451587520538545,0.8451587520538545,0.7694447910284414,0.32839839690958,0.8451587520538545,0.32839839690958,graph_lift,3418.0,135.502,7.265949791697949,2.288082175040598,18.0,train,False,,,,3
M5,N8,E10c,T12a,global_categorical,,,,,,,,,0.0372143238782882,0.2305224938460788,0.2684654800782569,0.0,0.2305224938460788,-0.05186766338277115,graph_lift,3418.0,135.502,7.265949791697949,,18.0,train,False,,,,3
M1,N8,E10c,T12a,categorical,0.3772900998592376,0.9084210526315788,0.9526315789473684,0.914429783821106,0.9084210526315788,,,,0.8373449382101632,0.8373449382101632,0.7145070451559609,0.4302659346578517,0.8373449382101632,0.4302659346578517,graph_lift,3166.0,130.462,7.251963988434811,2.328626003410794,18.0,train,False,,,,4
M5,N8,E10c,T12a,global_categorical,,,,,,,,,0.0306237414479255,0.341076471538793,0.0,0.341076471538793,0.341076471538793,0.341076471538793,graph_lift,3166.0,130.462,7.251963988434811,,18.0,train,False,,,,4
M1,N8,E10c,T12a,categorical,0.3667112290859222,0.90521327014218,0.9585308056872038,0.91413551568985,0.90521327014218,,,,0.8352470135885885,0.8352470135885885,0.7202881492180003,0.4109903246830405,0.8352470135885885,0.4109903246830405,graph_lift,2813.0,127.871,7.266763744180336,2.231336203325493,18.0,train,False,,,,5
M5,N8,E10c,T12a,global_categorical,,,,,,,,,0.0231332201510667,0.6014422469351186,0.2894279104058703,0.4391030003830676,0.6014422469351186,0.43910300038306765,graph_lift,2813.0,127.871,7.266763744180336,,18.0,train,False,,,,5
M1,N8,E10c,T12a,categorical,0.3196495771408081,0.9234592445328031,0.9652087475149106,0.9294918775558472,0.9234592445328031,,,,0.8584119518320852,0.8584119518320852,0.8038428324094363,0.2781908002288771,0.8584119518320852,0.2781908002288771,graph_lift,3351.0,130.484,7.277705975503222,2.291138104743647,18.0,train,False,,,,6
M5,N8,E10c,T12a,global_categorical,,,,,,,,,0.0227339752018451,0.5209765865390653,0.3599318036245808,0.2516056630003639,0.5209765865390653,0.25160566300036397,graph_lift,3351.0,130.484,7.277705975503222,,18.0,train,False,,,,6
M1,N8,E10c,T12a,categorical,0.3089964091777801,0.926530612244898,0.9673469387755104,0.9304646253585817,0.926530612244898,,,,0.8636376054570629,0.8636376054570629,0.7511234754364667,0.4520881598532349,0.8636376054570629,0.45208815985323497,graph_lift,3266.0,130.496,7.275616620089293,2.2256352335675196,18.0,train,False,,,,7
M5,N8,E10c,T12a,global_categorical,,,,,,,,,0.0251195132732391,0.4441215888190005,0.045821069614724,0.4174274934403044,0.4441215888190005,0.41742749344030444,graph_lift,3266.0,130.496,7.275616620089293,,18.0,train,False,,,,7
M1,N8,E10c,T12a,categorical,0.3296943306922912,0.9179978700745474,0.959531416400426,0.9283043742179872,0.9179978700745474,,,,0.8462087178867711,0.8462087178867711,0.7168858042142423,0.456787104276438,0.8462087178867711,0.45678710427643804,graph_lift,3127.0,132.112,7.27290147341245,2.1497767541002153,18.0,train,False,,,,8
M5,N8,E10c,T12a,global_categorical,,,,,,,,,0.0322406366467475,0.2652075695456614,0.0462316091333843,0.2295902889099842,0.2652075695456614,0.22959028890998423,graph_lift,3127.0,132.112,7.27290147341245,,18.0,train,False,,,,8
M1,N8,E10c,T12a,categorical,0.3861093819141388,0.9031216361679224,0.9580193756727664,0.9149158000946044,0.9031216361679224,,,,0.8316282146634839,0.8316282146634839,0.7216788734395825,0.3950448986129474,0.8316282146634839,0.3950448986129474,graph_lift,3096.0,133.045,7.287921745518222,2.28793500361491,18.0,train,False,,,,9
M5,N8,E10c,T12a,global_categorical,,,,,,,,,0.0305620450526475,0.4734517909099643,0.2184165063230239,0.3263058734609678,0.4734517909099643,0.3263058734609677,graph_lift,3096.0,133.045,7.287921745518222,,18.0,train,False,,,,9
M1,N8,E10c,T12a,categorical,0.3398205637931824,0.9130434782608696,0.9639448568398729,0.9189957976341248,0.9130434782608696,,,,0.8525085037883449,0.8525085037883449,0.7777323339703519,0.3364239664442178,0.8525085037883449,0.33642396644421785,graph_lift,3143.0,131.982,7.264667586894771,2.335217008561988,18.0,test,False,,,,0
M5,N8,E10c,T12a,global_categorical,,,,,,,,,0.022305704653263,0.6498305483216535,0.5928841699090078,0.1398775832418944,0.6498305483216535,0.13987758324189445,graph_lift,3143.0,131.982,7.264667586894771,,18.0,test,False,,,,0
M1,N8,E10c,T12a,categorical,0.3282716572284698,0.9124579124579124,0.9584736251402918,0.9237579703330994,0.9124579124579124,,,,0.8482003332641093,0.8482003332641093,0.750450759283899,0.3917045537774838,0.8482003332641093,0.3917045537774838,graph_lift,2970.0,130.454,7.271147626033245,2.1856536912031443,18.0,test,False,,,,1
M5,N8,E10c,T12a,global_categorical,,,,,,,,,0.0314324274659156,0.1789029992462034,0.0891394126614857,0.0985481069578408,0.1789029992462034,0.09854810695784091,graph_lift,2970.0,130.454,7.271147626033245,,18.0,test,False,,,,1
M1,N8,E10c,T12a,categorical,0.3274343311786651,0.906093906093906,0.9590409590409592,0.9217029213905334,0.906093906093906,,,,0.8499277368124294,0.8499277368124294,0.7428813298617492,0.4163307428944081,0.8499277368124294,0.4163307428944081,graph_lift,3336.0,127.922,7.276562610250561,2.206834534808725,18.0,test,False,,,,2
M5,N8,E10c,T12a,global_categorical,,,,,,,,,0.0322539061307907,0.5516524729433065,0.3625297095693786,0.2966769843441213,0.5516524729433065,0.2966769843441214,graph_lift,3336.0,127.922,7.276562610250561,,18.0,test,False,,,,2
M1,N8,E10c,T12a,categorical,0.4365305602550506,0.8678414096916299,0.9372246696035242,0.8889026641845703,0.8678414096916299,,,,0.7997109155562048,0.7997109155562048,0.6914849808831454,0.3507963242206605,0.7997109155562048,0.3507963242206605,graph_lift,3024.0,132.339,7.274006898134298,2.1916260226435895,18.0,test,False,,,,3
M5,N8,E10c,T12a,global_categorical,,,,,,,,,0.0364198833703994,0.0,0.0,0.0,0.0,0.0,graph_lift,3024.0,132.339,7.274006898134298,,18.0,test,False,,,,3
M1,N8,E10c,T12a,categorical,0.3304592072963714,0.9171539961013644,0.9639376218323586,0.9236079454421996,0.9171539961013644,,,,0.8604949661286148,0.8604949661286148,0.7508078714895423,0.4401707842648379,0.8604949661286148,0.44017078426483797,graph_lift,3418.0,130.608,7.258476203377782,2.3526653153697525,18.0,test,False,,,,4
M5,N8,E10c,T12a,global_categorical,,,,,,,,,0.034276258200407,0.4707745106125638,0.2930236859987458,0.2514240167507262,0.4707745106125638,0.25142401675072623,graph_lift,3418.0,130.608,7.258476203377782,,18.0,test,False,,,,4
M1,N8,E10c,T12a,categorical,0.2441054135560989,0.9320388349514565,0.9773462783171522,0.9396347999572754,0.9320388349514565,,,,0.8853117461670718,0.8853117461670718,0.7811278748121508,0.4760033798982126,0.8853117461670718,0.4760033798982126,graph_lift,3088.0,131.854,7.278653773902583,2.1289669347697737,18.0,test,False,,,,5
M5,N8,E10c,T12a,global_categorical,,,,,,,,,0.0273419301956892,0.4460486509728678,0.1109880366992197,0.3768910072139115,0.4460486509728678,0.3768910072139116,graph_lift,3088.0,131.854,7.278653773902583,,18.0,test,False,,,,5
M1,N8,E10c,T12a,categorical,0.367571622133255,0.9177631578947368,0.9539473684210528,0.9215572476387024,0.9177631578947368,,,,0.8349695709708204,0.8349695709708204,0.7649358247057155,0.2979345796841535,0.8349695709708204,0.29793457968415354,graph_lift,3039.0,132.714,7.258674973740295,2.261810911280663,18.0,test,False,,,,6
M5,N8,E10c,T12a,global_categorical,,,,,,,,,0.0314376950263977,0.5862627127876076,0.502211454616178,0.1688493215660908,0.5862627127876076,0.1688493215660908,graph_lift,3039.0,132.714,7.258674973740295,,18.0,test,False,,,,6
M1,N8,E10c,T12a,categorical,0.2539528906345367,0.9312015503875968,0.9767441860465116,0.9404456615447998,0.9312015503875968,,,,0.8833040047092485,0.8833040047092485,0.7814143127671509,0.4661315808548769,0.8833040047092485,0.4661315808548769,graph_lift,3437.0,130.706,7.2825358636763,2.195311109988215,18.0,test,False,,,,7
M5,N8,E10c,T12a,global_categorical,,,,,,,,,0.028825432062149,0.440279715180781,0.2871590761459419,0.2148033788618285,0.440279715180781,0.21480337886182857,graph_lift,3437.0,130.706,7.2825358636763,,18.0,test,False,,,,7
M1,N8,E10c,T12a,categorical,0.3819959759712219,0.9029126213592232,0.9471413160733548,0.9153290390968324,0.9029126213592232,,,,0.8275354543034281,0.8275354543034281,0.7330307509431275,0.3539909697246376,0.8275354543034281,0.35399096972463767,graph_lift,3090.0,127.803,7.253026078944124,2.229836320130163,18.0,test,False,,,,8
M5,N8,E10c,T12a,global_categorical,,,,,,,,,0.0241470616310834,0.6347707385996428,0.499147544693191,0.2707847240628433,0.6347707385996428,0.2707847240628433,graph_lift,3090.0,127.803,7.253026078944124,,18.0,test,False,,,,8
M1,N8,E10c,T12a,categorical,0.3642041981220245,0.9226519337016574,0.9546961325966852,0.923145353794098,0.9226519337016574,,,,0.8436771612041454,0.8436771612041454,0.765082066924908,0.3345640464753889,0.8436771612041454,0.3345640464753889,graph_lift,3015.0,130.588,7.279779620448249,2.3174360539558356,18.0,test,False,,,,9
M5,N8,E10c,T12a,global_categorical,,,,,,,,,0.0327074117958545,0.4854216166984523,0.5412063405731272,0.0,0.4854216166984523,-0.12159000615736815,graph_lift,3015.0,130.588,7.279779620448249,,18.0,test,False,,,,9
M1,N8,E10c,T12b,categorical,0.3723862171173095,0.9166666666666666,0.9531963470319634,0.9217315912246704,0.9166666666666666,,,,0.8289600834002926,0.8289600834002926,0.7333401988719097,0.3585837989973291,0.8289600834002926,0.3585837989973291,graph_lift,2919.0,9.425,6.852855578519548,2.210967960177449,18.0,train,False,,,,0
M5,N8,E10c,T12b,global_categorical,,,,,,,,,0.031125646084547,0.4081012759020384,0.2871021865016187,0.1697285180419401,0.4081012759020384,0.16972851804194014,graph_lift,2919.0,9.425,6.852855578519548,,18.0,train,False,,,,0
M1,N8,E10c,T12b,categorical,0.3621109426021576,0.9093816631130064,0.9509594882729212,0.9200725555419922,0.9093816631130064,,,,0.8430023414555099,0.8430023414555099,0.7144897491215452,0.4501155105239079,0.8430023414555099,0.4501155105239079,graph_lift,3125.0,9.227,6.852973240061511,2.2679967435070045,18.0,train,False,,,,1
M5,N8,E10c,T12b,global_categorical,,,,,,,,,0.0341403670608997,0.5323223955093895,0.478585234784799,0.1030602973094017,0.5323223955093895,0.10306029730940182,graph_lift,3125.0,9.227,6.852973240061511,,18.0,train,False,,,,1
M1,N8,E10c,T12b,categorical,0.4136185944080353,0.8991130820399114,0.9556541019955654,0.9086272120475768,0.8991130820399114,,,,0.8190873247760363,0.8190873247760363,0.7257220811317378,0.3404037919988104,0.8190873247760363,0.34040379199881043,graph_lift,3005.0,9.632,6.887551451372585,2.3121881213462223,18.0,train,False,,,,2
M5,N8,E10c,T12b,global_categorical,,,,,,,,,0.0422902703285217,0.1390662391906521,0.2264989373138403,0.0,0.1390662391906521,-0.11303500711370468,graph_lift,3005.0,9.632,6.887551451372585,,18.0,train,False,,,,2
M1,N8,E10c,T12b,categorical,0.3338161706924438,0.912280701754386,0.95906432748538,0.9217562079429626,0.912280701754386,,,,0.8551032138045462,0.8551032138045462,0.764566667176214,0.3845527969316724,0.8551032138045462,0.38455279693167244,graph_lift,3418.0,9.658,6.8808180940594985,2.288082175040598,18.0,train,False,,,,3
M5,N8,E10c,T12b,global_categorical,,,,,,,,,0.0363546051084995,0.2482988279569536,0.3219088682785497,0.0,0.2482988279569536,-0.10855478987717244,graph_lift,3418.0,9.658,6.8808180940594985,,18.0,train,False,,,,3
M1,N8,E10c,T12b,categorical,0.3922590911388397,0.9063157894736842,0.9557894736842104,0.912113606929779,0.9063157894736842,,,,0.8308915918580249,0.8308915918580249,0.7231735043460399,0.3891176935846315,0.8308915918580249,0.3891176935846315,graph_lift,3166.0,9.535,6.864133388500625,2.328626003410794,18.0,train,False,,,,4
M5,N8,E10c,T12b,global_categorical,,,,,,,,,0.0325842462480068,0.2988927709406357,0.1264849729649313,0.1973724465403876,0.2988927709406357,0.1973724465403877,graph_lift,3166.0,9.535,6.864133388500625,,18.0,train,False,,,,4
M1,N8,E10c,T12b,categorical,0.3806937038898468,0.909952606635071,0.9609004739336492,0.9143229126930236,0.909952606635071,,,,0.8289650830435408,0.8289650830435408,0.7160592150847167,0.3976387822993119,0.8289650830435408,0.3976387822993119,graph_lift,2813.0,9.5,6.861655491347335,2.231336203325493,18.0,train,False,,,,5
M5,N8,E10c,T12b,global_categorical,,,,,,,,,0.0267481654882431,0.53916105643813,0.3262122640955407,0.3160472964927704,0.53916105643813,0.3160472964927706,graph_lift,2813.0,9.5,6.861655491347335,,18.0,train,False,,,,5
M1,N8,E10c,T12b,categorical,0.3131914138793945,0.926441351888668,0.967196819085487,0.9292548894882202,0.926441351888668,,,,0.8612725828755413,0.8612725828755413,0.7989205384416268,0.3100865894044269,0.8612725828755413,0.3100865894044269,graph_lift,3351.0,9.451,6.875119364490252,2.291138104743647,18.0,train,False,,,,6
M5,N8,E10c,T12b,global_categorical,,,,,,,,,0.0257326979190111,0.4577910512665938,0.5090697725531568,0.0,0.4577910512665938,-0.10445215718992432,graph_lift,3351.0,9.451,6.875119364490252,,18.0,train,False,,,,6
M1,N8,E10c,T12b,categorical,0.3472475111484527,0.9132653061224488,0.960204081632653,0.9234505891799928,0.9132653061224488,,,,0.8467571094260018,0.8467571094260018,0.7357652891715174,0.4200501134255987,0.8467571094260018,0.4200501134255987,graph_lift,3266.0,9.412,6.878890695937181,2.2256352335675196,18.0,train,False,,,,7
M5,N8,E10c,T12b,global_categorical,,,,,,,,,0.0228838007897138,0.4935964448674075,0.1843851587096865,0.3791143447911573,0.4935964448674075,0.37911434479115735,graph_lift,3266.0,9.412,6.878890695937181,,18.0,train,False,,,,7
M1,N8,E10c,T12b,categorical,0.3399357795715332,0.9243876464323748,0.9584664536741214,0.928962767124176,0.9243876464323748,,,,0.8414314229307975,0.8414314229307975,0.7229104343116145,0.427735300406337,0.8414314229307975,0.42773530040633706,graph_lift,3127.0,9.363,6.896828922973426,2.1497767541002153,18.0,train,False,,,,8
M5,N8,E10c,T12b,global_categorical,,,,,,,,,0.0276863016188144,0.3690048655154944,0.1049062942316213,0.295051310920751,0.3690048655154944,0.295051310920751,graph_lift,3127.0,9.363,6.896828922973426,,18.0,train,False,,,,8
M1,N8,E10c,T12b,categorical,0.363501101732254,0.9031216361679224,0.9558665231431648,0.9130917191505432,0.9031216361679224,,,,0.8414870651372961,0.8414870651372961,0.7257475335289931,0.4220181976760402,0.8414870651372961,0.4220181976760402,graph_lift,3096.0,9.685,6.909502139474991,2.28793500361491,18.0,train,False,,,,9
M5,N8,E10c,T12b,global_categorical,,,,,,,,,0.0266903825104236,0.5401559978534843,0.2074728962602785,0.419775046207712,0.5401559978534843,0.41977504620771205,graph_lift,3096.0,9.685,6.909502139474991,,18.0,train,False,,,,9
M1,N8,E10c,T12b,categorical,0.3493228256702423,0.9056203605514316,0.966065747613998,0.9163581728935242,0.9056203605514316,,,,0.8483842605499395,0.8483842605499395,0.7726287687224647,0.3331797580627327,0.8483842605499395,0.33317975806273276,graph_lift,3143.0,9.655,6.8951997132854554,2.335217008561988,18.0,test,False,,,,0
M5,N8,E10c,T12b,global_categorical,,,,,,,,,0.0248417295515537,0.6100183809016408,0.603594217764852,0.0162060278247354,0.6100183809016408,0.016206027824735476,graph_lift,3143.0,9.655,6.8951997132854554,,18.0,test,False,,,,0
M1,N8,E10c,T12b,categorical,0.316194087266922,0.9191919191919192,0.9652076318742986,0.9264582991600036,0.9191919191919192,,,,0.8537852502946248,0.8537852502946248,0.758598067037757,0.3943099464400551,0.8537852502946248,0.3943099464400551,graph_lift,2970.0,9.541,6.878433327200048,2.1856536912031443,18.0,test,False,,,,1
M5,N8,E10c,T12b,global_categorical,,,,,,,,,0.0287999529391527,0.2476701010180827,0.1164845364657119,0.148481345224672,0.2476701010180827,0.14848134522467207,graph_lift,2970.0,9.541,6.878433327200048,,18.0,test,False,,,,1
M1,N8,E10c,T12b,categorical,0.3446432650089264,0.9050949050949052,0.957042957042957,0.917992889881134,0.9050949050949052,,,,0.8420404074684666,0.8420404074684666,0.7457390206233738,0.3787501608827109,0.8420404074684666,0.37875016088271096,graph_lift,3336.0,9.519,6.886130191552894,2.206834534808725,18.0,test,False,,,,2
M5,N8,E10c,T12b,global_categorical,,,,,,,,,0.0304900910705328,0.5761704992947586,0.3885183136470918,0.3068811214394505,0.5761704992947586,0.30688112143945057,graph_lift,3336.0,9.519,6.886130191552894,,18.0,test,False,,,,2
M1,N8,E10c,T12b,categorical,0.4533383846282959,0.8645374449339207,0.9262114537444934,0.8841336369514465,0.8645374449339207,,,,0.7919991442074055,0.7919991442074055,0.6974229441239111,0.3125689745696551,0.7919991442074055,0.3125689745696551,graph_lift,3024.0,9.671,6.858582396381095,2.1916260226435895,18.0,test,False,,,,3
M5,N8,E10c,T12b,global_categorical,,,,,,,,,0.0388717055320739,0.0,0.0,0.0,0.0,0.0,graph_lift,3024.0,9.671,6.858582396381095,,18.0,test,False,,,,3
M1,N8,E10c,T12b,categorical,0.3556824922561645,0.905458089668616,0.9580896686159844,0.9165706634521484,0.905458089668616,,,,0.849846828630389,0.849846828630389,0.7539321234255056,0.3897896244731733,0.849846828630389,0.38978962447317334,graph_lift,3418.0,9.52,6.868505380018929,2.3526653153697525,18.0,test,False,,,,4
M5,N8,E10c,T12b,global_categorical,,,,,,,,,0.0375574715435504,0.4201125705852517,0.2779661508293533,0.1968694679884783,0.4201125705852517,0.19686946798847832,graph_lift,3418.0,9.52,6.868505380018929,,18.0,test,False,,,,4
M1,N8,E10c,T12b,categorical,0.2628073692321777,0.9385113268608414,0.9697950377562028,0.9431208372116088,0.9385113268608414,,,,0.8765249891265545,0.8765249891265545,0.7861831917259112,0.4225196238306738,0.8765249891265545,0.4225196238306738,graph_lift,3088.0,9.579,6.883039653188572,2.1289669347697737,18.0,test,False,,,,5
M5,N8,E10c,T12b,global_categorical,,,,,,,,,0.0255415551364421,0.4825245027392484,0.2774714125588883,0.2837992762425785,0.4825245027392484,0.2837992762425785,graph_lift,3088.0,9.579,6.883039653188572,,18.0,test,False,,,,5
M1,N8,E10c,T12b,categorical,0.3780073225498199,0.9221491228070176,0.950657894736842,0.9218425154685974,0.9221491228070176,,,,0.830284200582199,0.830284200582199,0.7609764752685639,0.2899619415767062,0.830284200582199,0.2899619415767062,graph_lift,3039.0,9.551,6.8896720417104,2.261810911280663,18.0,test,False,,,,6
M5,N8,E10c,T12b,global_categorical,,,,,,,,,0.0293749067932367,0.6134101358720618,0.6179483317679056,0.0,0.6134101358720618,-0.011878487317811895,graph_lift,3039.0,9.551,6.8896720417104,,18.0,test,False,,,,6
M1,N8,E10c,T12b,categorical,0.231619730591774,0.9292635658914729,0.9767441860465116,0.9403225183486938,0.9292635658914729,,,,0.8935665001978493,0.8935665001978493,0.7829292052762715,0.5096830048574186,0.8935665001978493,0.5096830048574186,graph_lift,3437.0,9.62,6.853939635154054,2.195311109988215,18.0,test,False,,,,7
M5,N8,E10c,T12b,global_categorical,,,,,,,,,0.0299399718642234,0.4186380435446214,0.3767033353037698,0.0672788908012028,0.4186380435446214,0.06727889080120283,graph_lift,3437.0,9.62,6.853939635154054,,18.0,test,False,,,,7
M1,N8,E10c,T12b,categorical,0.3665119409561157,0.90722761596548,0.9514563106796116,0.9154265522956848,0.90722761596548,,,,0.8345262264164629,0.8345262264164629,0.7374193985268341,0.3698172193407535,0.8345262264164629,0.3698172193407535,graph_lift,3090.0,9.792,6.878597052824216,2.229836320130163,18.0,test,False,,,,8
M5,N8,E10c,T12b,global_categorical,,,,,,,,,0.0270959939807653,0.590167531780992,0.4480671650713861,0.2574595271687086,0.590167531780992,0.25745952716870874,graph_lift,3090.0,9.792,6.878597052824216,,18.0,test,False,,,,8
M1,N8,E10c,T12b,categorical,0.3594661056995392,0.9160220994475138,0.952486187845304,0.9202539324760436,0.9160220994475138,,,,0.8457108290686152,0.8457108290686152,0.7671108137380931,0.3374996348784034,0.8457108290686152,0.33749963487840345,graph_lift,3015.0,9.479,6.864568844075899,2.3174360539558356,18.0,test,False,,,,9
M5,N8,E10c,T12b,global_categorical,,,,,,,,,0.0373414121568203,0.4125159270386316,0.5193244063771453,0.0,0.4125159270386316,-0.22220491482310875,graph_lift,3015.0,9.479,6.864568844075899,,18.0,test,False,,,,9
M1,N8,E10c,T12e,categorical,0.395730972290039,0.8938356164383562,0.9531963470319634,0.9097132682800292,0.8938356164383562,,,,0.8182376503831368,0.8182376503831368,0.727462482861222,0.3330740239909482,0.8182376503831368,0.33307402399094826,graph_lift,2919.0,0.0,0.0,2.210967960177449,18.0,train,False,,,,0
M5,N8,E10c,T12e,global_categorical,,,,,,,,,0.0358154065907001,0.3189187653646854,0.3059772566880613,0.0186470959364617,0.3189187653646854,0.01864709593646174,graph_lift,2919.0,0.0,0.0,,18.0,train,False,,,,0
M1,N8,E10c,T12e,categorical,0.3334649801254272,0.908315565031983,0.9594882729211088,0.9210490584373474,0.908315565031983,,,,0.8554221469710488,0.8554221469710488,0.7063131616905424,0.5077142242356478,0.8554221469710488,0.5077142242356478,graph_lift,3125.0,0.0,0.0,2.2679967435070045,18.0,train,False,,,,1
M5,N8,E10c,T12e,global_categorical,,,,,,,,,0.0275834891945123,0.6221428982596823,0.4808884404012057,0.2721080955462596,0.6221428982596823,0.27210809554625964,graph_lift,3125.0,0.0,0.0,,18.0,train,False,,,,1
M1,N8,E10c,T12e,categorical,0.4082686603069305,0.91019955654102,0.9534368070953436,0.914340615272522,0.91019955654102,,,,0.8214273389398057,0.8214273389398057,0.7230907324150955,0.3551221213445257,0.8214273389398057,0.35512212134452575,graph_lift,3005.0,0.0,0.0,2.3121881213462223,18.0,train,False,,,,2
M5,N8,E10c,T12e,global_categorical,,,,,,,,,0.0335772335529327,0.3164438596457966,0.0924454674207535,0.2468153528895342,0.3164438596457966,0.24681535288953432,graph_lift,3005.0,0.0,0.0,,18.0,train,False,,,,2
M1,N8,E10c,T12e,categorical,0.3287916481494903,0.9074074074074074,0.9512670565302144,0.9194723963737488,0.9074074074074074,,,,0.8572841624632455,0.8572841624632455,0.7655973643733043,0.3911508837979086,0.8572841624632455,0.39115088379790863,graph_lift,3418.0,0.0,0.0,2.288082175040598,18.0,train,False,,,,3
M5,N8,E10c,T12e,global_categorical,,,,,,,,,0.032626885920763,0.32537657021563,0.4180385974120448,0.0,0.32537657021563,-0.15922366463540555,graph_lift,3418.0,0.0,0.0,,18.0,train,False,,,,3
M1,N8,E10c,T12e,categorical,0.3890350759029388,0.9063157894736842,0.9494736842105264,0.91412353515625,0.9063157894736842,,,,0.8322815197301815,0.8322815197301815,0.7294977641055458,0.3799737746520525,0.8322815197301815,0.37997377465205256,graph_lift,3166.0,0.0,0.0,2.328626003410794,18.0,train,False,,,,4
M5,N8,E10c,T12e,global_categorical,,,,,,,,,0.0287034437060356,0.3823950467342458,0.2808052936408594,0.1412548676945573,0.3823950467342458,0.14125486769455733,graph_lift,3166.0,0.0,0.0,,18.0,train,False,,,,4
M1,N8,E10c,T12e,categorical,0.3643154501914978,0.909952606635071,0.9597156398104264,0.9135640859603882,0.909952606635071,,,,0.8363233673546766,0.8363233673546766,0.7259557630915763,0.4027364541878012,0.8363233673546766,0.4027364541878012,graph_lift,2813.0,0.0,0.0,2.231336203325493,18.0,train,False,,,,5
M5,N8,E10c,T12e,global_categorical,,,,,,,,,0.019901679828763,0.6571178269618171,0.2693215205377912,0.530734539642457,0.6571178269618171,0.5307345396424571,graph_lift,2813.0,0.0,0.0,,18.0,train,False,,,,5
M1,N8,E10c,T12e,categorical,0.2859002649784088,0.9314115308151092,0.9662027833001988,0.9372456669807434,0.9314115308151092,,,,0.8733611344498069,0.8733611344498069,0.8044574170685604,0.3523719301867115,0.8733611344498069,0.3523719301867115,graph_lift,3351.0,0.0,0.0,2.291138104743647,18.0,train,False,,,,6
M5,N8,E10c,T12e,global_categorical,,,,,,,,,0.0224530920386314,0.5268950240508395,0.4566661015033345,0.1292555512214853,0.5268950240508395,0.12925555122148533,graph_lift,3351.0,0.0,0.0,,18.0,train,False,,,,6
M1,N8,E10c,T12e,categorical,0.3132545351982116,0.9193877551020408,0.9663265306122448,0.927207350730896,0.9193877551020408,,,,0.8617584583880925,0.8617584583880925,0.7487247251008753,0.4498402532147064,0.8617584583880925,0.4498402532147064,graph_lift,3266.0,0.0,0.0,2.2256352335675196,18.0,train,False,,,,7
M5,N8,E10c,T12e,global_categorical,,,,,,,,,0.0278470553457736,0.3837628654147101,0.1671173977413406,0.2601152516403365,0.3837628654147101,0.2601152516403365,graph_lift,3266.0,0.0,0.0,,18.0,train,False,,,,7
M1,N8,E10c,T12e,categorical,0.324842631816864,0.9201277955271564,0.9616613418530352,0.9314800500869752,0.9201277955271564,,,,0.8484718768730417,0.8484718768730417,0.7380098645552036,0.4216266086900567,0.8484718768730417,0.4216266086900567,graph_lift,3127.0,0.0,0.0,2.1497767541002153,18.0,train,False,,,,8
M5,N8,E10c,T12e,global_categorical,,,,,,,,,0.0320414826273918,0.2697464645904632,0.1408039787413982,0.1500734205684313,0.2697464645904632,0.15007342056843131,graph_lift,3127.0,0.0,0.0,,18.0,train,False,,,,8
M1,N8,E10c,T12e,categorical,0.3839637637138366,0.9085037674919269,0.9483315392895588,0.9176512360572816,0.9085037674919269,,,,0.8325638635209827,0.8325638635209827,0.7214755163573814,0.3988458957387077,0.8325638635209827,0.39884589573870777,graph_lift,3096.0,0.0,0.0,2.28793500361491,18.0,train,False,,,,9
M5,N8,E10c,T12e,global_categorical,,,,,,,,,0.0246626883745193,0.5750907907969391,0.1753060970248961,0.4847673692382224,0.5750907907969391,0.4847673692382225,graph_lift,3096.0,0.0,0.0,,18.0,train,False,,,,9
M1,N8,E10c,T12e,categorical,0.3401547372341156,0.909862142099682,0.9650053022269351,0.918685495853424,0.909862142099682,,,,0.852363463785621,0.852363463785621,0.7706407121753484,0.3563088828247096,0.852363463785621,0.3563088828247096,graph_lift,3143.0,0.0,0.0,2.335217008561988,18.0,test,False,,,,0
M5,N8,E10c,T12e,global_categorical,,,,,,,,,0.0184392761439085,0.7105282564694282,0.5722894603102939,0.3232064289540848,0.7105282564694282,0.3232064289540848,graph_lift,3143.0,0.0,0.0,,18.0,test,False,,,,0
M1,N8,E10c,T12e,categorical,0.3271414041519165,0.9236812570145904,0.9629629629629628,0.9296318292617798,0.9236812570145904,,,,0.8487229827936027,0.8487229827936027,0.7605579354603934,0.3682103539439944,0.8487229827936027,0.3682103539439944,graph_lift,2970.0,0.0,0.0,2.1856536912031443,18.0,test,False,,,,1
M5,N8,E10c,T12e,global_categorical,,,,,,,,,0.0273326318711042,0.2860003550025681,0.1018538179611447,0.2050295828496401,0.2860003550025681,0.20502958284964007,graph_lift,2970.0,0.0,0.0,,18.0,test,False,,,,1
M1,N8,E10c,T12e,categorical,0.3294498324394226,0.9090909090909092,0.961038961038961,0.9205241799354552,0.9090909090909092,,,,0.8490039764036016,0.8490039764036016,0.7360007051375779,0.428043837484161,0.8490039764036016,0.428043837484161,graph_lift,3336.0,0.0,0.0,2.206834534808725,18.0,test,False,,,,2
M5,N8,E10c,T12e,global_categorical,,,,,,,,,0.0241026803851127,0.6649591183690141,0.360894382189576,0.4757660200534053,0.6649591183690141,0.4757660200534053,graph_lift,3336.0,0.0,0.0,,18.0,test,False,,,,2
M1,N8,E10c,T12e,categorical,0.4375488758087158,0.8755506607929515,0.9383259911894272,0.8895912766456604,0.8755506607929515,,,,0.7992436962245939,0.7992436962245939,0.703298360608818,0.3233731226178974,0.7992436962245939,0.32337312261789747,graph_lift,3024.0,0.0,0.0,2.1916260226435895,18.0,test,False,,,,3
M5,N8,E10c,T12e,global_categorical,,,,,,,,,0.0386417545378208,0.0,0.0350080642461502,0.0,0.0,-0.036278089949841885,graph_lift,3024.0,0.0,0.0,,18.0,test,False,,,,3
M1,N8,E10c,T12e,categorical,0.3636994063854217,0.9142300194931774,0.9629629629629628,0.9209776520729064,0.9142300194931774,,,,0.846462452572175,0.846462452572175,0.7571885720576969,0.3676675404902746,0.846462452572175,0.36766754049027467,graph_lift,3418.0,0.0,0.0,2.3526653153697525,18.0,test,False,,,,4
M5,N8,E10c,T12e,global_categorical,,,,,,,,,0.03493357822299,0.4606254882600737,0.2882423465610903,0.2421935905656954,0.4606254882600737,0.2421935905656954,graph_lift,3418.0,0.0,0.0,,18.0,test,False,,,,4
M1,N8,E10c,T12e,categorical,0.2488752007484436,0.9352750809061487,0.9730312837108952,0.9435417652130128,0.9352750809061487,,,,0.8830707568969816,0.8830707568969816,0.7750850850974712,0.4801178785600236,0.8830707568969816,0.4801178785600236,graph_lift,3088.0,0.0,0.0,2.1289669347697737,18.0,test,False,,,,5
M5,N8,E10c,T12e,global_categorical,,,,,,,,,0.0222363844513893,0.5494877254029737,0.1527316217285308,0.4682767749268228,0.5494877254029737,0.4682767749268228,graph_lift,3088.0,0.0,0.0,,18.0,test,False,,,,5
M1,N8,E10c,T12e,categorical,0.341838389635086,0.9210526315789472,0.9572368421052632,0.9253174662590028,0.9210526315789472,,,,0.8465231371196296,0.8465231371196296,0.7651174163299351,0.3465804893565183,0.8465231371196296,0.3465804893565183,graph_lift,3039.0,0.0,0.0,2.261810911280663,18.0,test,False,,,,6
M5,N8,E10c,T12e,global_categorical,,,,,,,,,0.0287739560008049,0.6213189774840219,0.5843981232125419,0.0888370730105281,0.6213189774840219,0.08883707301052819,graph_lift,3039.0,0.0,0.0,,18.0,test,False,,,,6
M1,N8,E10c,T12e,categorical,0.2501975893974304,0.9302325581395348,0.9767441860465116,0.9403770565986632,0.9302325581395348,,,,0.8850296284781257,0.8850296284781257,0.7934228692063852,0.4434506323125486,0.8850296284781257,0.4434506323125486,graph_lift,3437.0,0.0,0.0,2.195311109988215,18.0,test,False,,,,7
M5,N8,E10c,T12e,global_categorical,,,,,,,,,0.0303275790065526,0.4111116488097666,0.4013595794897524,0.0162903622707302,0.4111116488097666,0.01629036227073013,graph_lift,3437.0,0.0,0.0,,18.0,test,False,,,,7
M1,N8,E10c,T12e,categorical,0.3869451880455017,0.9050701186623517,0.9514563106796116,0.9148188829421996,0.9050701186623517,,,,0.8253009702319285,0.8253009702319285,0.7382597323131572,0.33254813517235,0.8253009702319285,0.33254813517235005,graph_lift,3090.0,0.0,0.0,2.229836320130163,18.0,test,False,,,,8
M5,N8,E10c,T12e,global_categorical,,,,,,,,,0.0260812174528837,0.6055162349659599,0.4946415163145262,0.2193981544404825,0.6055162349659599,0.21939815444048252,graph_lift,3090.0,0.0,0.0,,18.0,test,False,,,,8
M1,N8,E10c,T12e,categorical,0.3674773573875427,0.9138121546961326,0.9546961325966852,0.9232125282287598,0.9138121546961326,,,,0.8422722589570659,0.8422722589570659,0.758766462074442,0.3461616390519998,0.8422722589570659,0.34616163905199987,graph_lift,3015.0,0.0,0.0,2.3174360539558356,18.0,test,False,,,,9
M5,N8,E10c,T12e,global_categorical,,,,,,,,,0.033344279974699,0.4754019122996006,0.510404297692323,0.0,0.4754019122996006,-0.07149242778835874,graph_lift,3015.0,0.0,0.0,,18.0,test,False,,,,9
M1,N8,E11a,T12a,categorical,0.515095055103302,0.8721461187214612,0.9394977168949772,0.8869938254356384,0.8721461187214612,,,,0.7634127939418044,0.7634127939418044,0.7263863768940022,0.1353237336192802,0.7634127939418044,0.13532373361928024,graph_lift,2919.0,130.415,7.250427333922261,2.210967960177449,18.0,train,False,,,,0
M5,N8,E11a,T12a,global_categorical,,,,,,,,,0.0420461036264896,0.2004331404974251,0.2108261888269275,0.0,0.2004331404974251,-0.013169530187594,graph_lift,2919.0,130.415,7.250427333922261,,18.0,train,False,,,,0
M1,N8,E11a,T12a,categorical,0.5874637961387634,0.8550106609808102,0.9275053304904052,0.8657426834106445,0.8550106609808102,,,,0.7452978486234174,0.7452978486234174,0.7126908603903908,0.1134909536025637,0.7452978486234174,0.1134909536025637,graph_lift,3125.0,130.661,7.272168341507912,2.2679967435070045,18.0,train,False,,,,1
M5,N8,E11a,T12a,global_categorical,,,,,,,,,0.0360920839011669,0.5055864715847308,0.5325325943424823,0.0,0.5055864715847308,-0.05764278414203103,graph_lift,3125.0,130.661,7.272168341507912,,18.0,train,False,,,,1
M1,N8,E11a,T12a,categorical,0.5477966070175171,0.8569844789356984,0.9390243902439024,0.8740799427032471,0.8569844789356984,,,,0.7603991947818988,0.7603991947818988,0.7336072482888405,0.1005731061410704,0.7603991947818988,0.10057310614107046,graph_lift,3005.0,134.048,7.247702458283311,2.3121881213462223,18.0,train,False,,,,2
M5,N8,E11a,T12a,global_categorical,,,,,,,,,0.0368333086371421,0.2501575733215531,0.1036208684639113,0.1634762565327996,0.2501575733215531,0.16347625653279962,graph_lift,3005.0,134.048,7.247702458283311,,18.0,train,False,,,,2
M1,N8,E11a,T12a,categorical,0.5035524368286133,0.868421052631579,0.9405458089668616,0.8835670351982117,0.868421052631579,,,,0.7814272269318626,0.7814272269318626,0.7694447910284414,0.0519720892747183,0.7814272269318626,0.05197208927471834,graph_lift,3418.0,135.502,7.265949791697949,2.288082175040598,18.0,train,False,,,,3
M5,N8,E11a,T12a,global_categorical,,,,,,,,,0.0297102145850658,0.3856843429163528,0.2684654800782569,0.1602369534805214,0.3856843429163528,0.1602369534805214,graph_lift,3418.0,135.502,7.265949791697949,,18.0,train,False,,,,3
M1,N8,E11a,T12a,categorical,0.5701585412025452,0.8473684210526315,0.9263157894736842,0.8648045659065247,0.8473684210526315,,,,0.7541966368407069,0.7541966368407069,0.7145070451559609,0.139021264837964,0.7541966368407069,0.139021264837964,graph_lift,3166.0,130.462,7.251963988434811,2.328626003410794,18.0,train,False,,,,4
M5,N8,E11a,T12a,global_categorical,,,,,,,,,0.0300965178757905,0.3524206117389654,0.0,0.3524206117389654,0.3524206117389654,0.3524206117389654,graph_lift,3166.0,130.462,7.251963988434811,,18.0,train,False,,,,4
M1,N8,E11a,T12a,categorical,0.5358631610870361,0.8459715639810427,0.9395734597156398,0.8673619031906128,0.8459715639810427,,,,0.7592518371505895,0.7592518371505895,0.7202881492180003,0.1392993819305729,0.7592518371505895,0.13929938193057292,graph_lift,2813.0,127.871,7.266763744180336,2.231336203325493,18.0,train,False,,,,5
M5,N8,E11a,T12a,global_categorical,,,,,,,,,0.036355897784233,0.3736313043788568,0.2894279104058703,0.1185008462984839,0.3736313043788568,0.1185008462984839,graph_lift,2813.0,127.871,7.266763744180336,,18.0,train,False,,,,5
M1,N8,E11a,T12a,categorical,0.4098096191883087,0.8926441351888668,0.9502982107355864,0.9049425721168518,0.8926441351888668,,,,0.8184757736096826,0.8184757736096826,0.8038428324094363,0.0745980449248197,0.8184757736096826,0.07459804492481979,graph_lift,3351.0,130.484,7.277705975503222,2.291138104743647,18.0,train,False,,,,6
M5,N8,E11a,T12a,global_categorical,,,,,,,,,0.0280429720878601,0.4091116888336285,0.3599318036245808,0.0768353833037537,0.4091116888336285,0.07683538330375374,graph_lift,3351.0,130.484,7.277705975503222,,18.0,train,False,,,,6
M1,N8,E11a,T12a,categorical,0.482998788356781,0.8642857142857143,0.9428571428571428,0.88478022813797,0.8642857142857143,,,,0.7868490653242863,0.7868490653242863,0.7511234754364667,0.1435474476770088,0.7868490653242863,0.14354744767700883,graph_lift,3266.0,130.496,7.275616620089293,2.2256352335675196,18.0,train,False,,,,7
M5,N8,E11a,T12a,global_categorical,,,,,,,,,0.0330455414950847,0.268723764545506,0.045821069614724,0.2336068087782853,0.268723764545506,0.23360680877828535,graph_lift,3266.0,130.496,7.275616620089293,,18.0,train,False,,,,7
M1,N8,E11a,T12a,categorical,0.4717267155647278,0.8785942492012779,0.941427050053248,0.8942901492118835,0.8785942492012779,,,,0.779955402959124,0.779955402959124,0.7168858042142423,0.2227708807389109,0.779955402959124,0.22277088073891096,graph_lift,3127.0,132.112,7.27290147341245,2.1497767541002153,18.0,train,False,,,,8
M5,N8,E11a,T12a,global_categorical,,,,,,,,,0.0335219763219356,0.236004712775648,0.0462316091333843,0.1989718944971866,0.236004712775648,0.1989718944971866,graph_lift,3127.0,132.112,7.27290147341245,,18.0,train,False,,,,8
M1,N8,E11a,T12a,categorical,0.6003299951553345,0.8471474703982778,0.922497308934338,0.8615130186080933,0.8471474703982778,,,,0.7382124517105717,0.7382124517105717,0.7216788734395825,0.0594046829118455,0.7382124517105717,0.0594046829118455,graph_lift,3096.0,133.045,7.287921745518222,2.28793500361491,18.0,train,False,,,,9
M5,N8,E11a,T12a,global_categorical,,,,,,,,,0.0471296273171901,0.1880117702791786,0.2184165063230239,0.0,0.1880117702791786,-0.03890145619734826,graph_lift,3096.0,133.045,7.287921745518222,,18.0,train,False,,,,9
M1,N8,E11a,T12a,categorical,0.4860411286354065,0.88016967126193,0.9490986214209968,0.8891141414642334,0.88016967126193,,,,0.7890447518779351,0.7890447518779351,0.7777323339703519,0.0508954726058726,0.7890447518779351,0.0508954726058726,graph_lift,3143.0,131.982,7.264667586894771,2.335217008561988,18.0,test,False,,,,0
M5,N8,E11a,T12a,global_categorical,,,,,,,,,0.0307058412581682,0.5179597433106794,0.5928841699090078,0.0,0.5179597433106794,-0.18403712422968788,graph_lift,3143.0,131.982,7.264667586894771,,18.0,test,False,,,,0
M1,N8,E11a,T12a,categorical,0.5006707906723022,0.8787878787878788,0.9349046015712682,0.8886253833770752,0.8787878787878788,,,,0.7684793884219674,0.7684793884219674,0.750450759283899,0.072244776567277,0.7684793884219674,0.07224477656727706,graph_lift,2970.0,130.454,7.271147626033245,2.1856536912031443,18.0,test,False,,,,1
M5,N8,E11a,T12a,global_categorical,,,,,,,,,0.0299761928617954,0.216943645872482,0.0891394126614857,0.1403115196634354,0.216943645872482,0.14031151966343544,graph_lift,2970.0,130.454,7.271147626033245,,18.0,test,False,,,,1
M1,N8,E11a,T12a,categorical,0.4894230663776397,0.8791208791208791,0.945054945054945,0.8915166854858398,0.8791208791208791,,,,0.7756838090664506,0.7756838090664506,0.7428813298617492,0.1275771968914735,0.7756838090664506,0.12757719689147357,graph_lift,3336.0,127.922,7.276562610250561,2.206834534808725,18.0,test,False,,,,2
M5,N8,E11a,T12a,global_categorical,,,,,,,,,0.0374715812504291,0.4791238394379859,0.3625297095693786,0.1829012765282694,0.4791238394379859,0.18290127652826949,graph_lift,3336.0,127.922,7.276562610250561,,18.0,test,False,,,,2
M1,N8,E11a,T12a,categorical,0.6175200939178467,0.8248898678414097,0.8942731277533039,0.8480857014656067,0.8248898678414097,,,,0.7166692409118454,0.7166692409118454,0.6914849808831454,0.0816305802576213,0.7166692409118454,0.08163058025762139,graph_lift,3024.0,132.339,7.274006898134298,2.1916260226435895,18.0,test,False,,,,3
M5,N8,E11a,T12a,global_categorical,,,,,,,,,0.0390107370913028,0.0,0.0,0.0,0.0,0.0,graph_lift,3024.0,132.339,7.274006898134298,,18.0,test,False,,,,3
M1,N8,E11a,T12a,categorical,0.477732390165329,0.8791423001949318,0.9415204678362572,0.8933414816856384,0.8791423001949318,,,,0.7983228398020144,0.7983228398020144,0.7508078714895423,0.1906760401963419,0.7983228398020144,0.19067604019634196,graph_lift,3418.0,130.608,7.258476203377782,2.3526653153697525,18.0,test,False,,,,4
M5,N8,E11a,T12a,global_categorical,,,,,,,,,0.0418035686016082,0.3545528242325854,0.2930236859987458,0.0870313998012251,0.3545528242325854,0.0870313998012251,graph_lift,3418.0,130.608,7.258476203377782,,18.0,test,False,,,,4
M1,N8,E11a,T12a,categorical,0.4253611266613006,0.8910463861920173,0.9600862998921252,0.902362585067749,0.8910463861920173,,,,0.8001522282365592,0.8001522282365592,0.7811278748121508,0.0869199465582037,0.8001522282365592,0.08691994655820377,graph_lift,3088.0,131.854,7.278653773902583,2.1289669347697737,18.0,test,False,,,,5
M5,N8,E11a,T12a,global_categorical,,,,,,,,,0.0335902124643325,0.3194575739331414,0.1109880366992197,0.234495761406745,0.3194575739331414,0.234495761406745,graph_lift,3088.0,131.854,7.278653773902583,,18.0,test,False,,,,5
M1,N8,E11a,T12a,categorical,0.5132700800895691,0.8782894736842105,0.9375,0.8870186805725098,0.8782894736842105,,,,0.7695546250201317,0.7695546250201317,0.7649358247057155,0.0196491035209162,0.7695546250201317,0.019649103520916224,graph_lift,3039.0,132.714,7.258674973740295,2.261810911280663,18.0,test,False,,,,6
M5,N8,E11a,T12a,global_categorical,,,,,,,,,0.033114731311798,0.5641919966395028,0.502211454616178,0.1245117883850349,0.5641919966395028,0.12451178838503496,graph_lift,3039.0,132.714,7.258674973740295,,18.0,test,False,,,,6
M1,N8,E11a,T12a,categorical,0.4210138320922851,0.8924418604651163,0.9554263565891472,0.9028407335281372,0.8924418604651163,,,,0.8065364466698265,0.8065364466698265,0.7814143127671509,0.1149303699647733,0.8065364466698265,0.11493036996477339,graph_lift,3437.0,130.706,7.2825358636763,2.195311109988215,18.0,test,False,,,,7
M5,N8,E11a,T12a,global_categorical,,,,,,,,,0.0368261523544788,0.2849250467363813,0.2871590761459419,0.0,0.2849250467363813,-0.003133980296027389,graph_lift,3437.0,130.706,7.2825358636763,,18.0,test,False,,,,7
M1,N8,E11a,T12a,categorical,0.516838550567627,0.8694714131607335,0.929881337648328,0.8786382675170898,0.8694714131607335,,,,0.7666563645095612,0.7666563645095612,0.7330307509431275,0.1259531338729967,0.7666563645095612,0.12595313387299678,graph_lift,3090.0,127.803,7.253026078944124,2.229836320130163,18.0,test,False,,,,8
M5,N8,E11a,T12a,global_categorical,,,,,,,,,0.0325847193598747,0.5071494343052717,0.499147544693191,0.0159765406504375,0.5071494343052717,0.015976540650437576,graph_lift,3090.0,127.803,7.253026078944124,,18.0,test,False,,,,8
M1,N8,E11a,T12a,categorical,0.454091727733612,0.876243093922652,0.9469613259668508,0.8898745775222778,0.876243093922652,,,,0.8050958586053439,0.8050958586053439,0.765082066924908,0.1703309370921693,0.8050958586053439,0.17033093709216937,graph_lift,3015.0,130.588,7.279779620448249,2.3174360539558356,18.0,test,False,,,,9
M5,N8,E11a,T12a,global_categorical,,,,,,,,,0.0286716222763061,0.5489157891898925,0.5412063405731272,0.0168037383655125,0.5489157891898925,0.016803738365512588,graph_lift,3015.0,130.588,7.279779620448249,,18.0,test,False,,,,9
M1,N8,E11a,T12b,categorical,0.5078172087669373,0.8767123287671232,0.9463470319634704,0.8929538130760193,0.8767123287671232,,,,0.7667555517096023,0.7667555517096023,0.7333401988719097,0.1253107993643237,0.7667555517096023,0.12531079936432374,graph_lift,2919.0,9.425,6.852855578519548,2.210967960177449,18.0,train,False,,,,0
M5,N8,E11a,T12b,global_categorical,,,,,,,,,0.0377175398170948,0.2827469787065348,0.2871021865016187,0.0,0.2827469787065348,-0.006109161386975903,graph_lift,2919.0,9.425,6.852855578519548,,18.0,train,False,,,,0
M1,N8,E11a,T12b,categorical,0.5608171820640564,0.8635394456289979,0.9424307036247336,0.8741103410720825,0.8635394456289979,,,,0.7568508083545353,0.7568508083545353,0.7144897491215452,0.1483696613436964,0.7568508083545353,0.14836966134369647,graph_lift,3125.0,9.227,6.852973240061511,2.2679967435070045,18.0,train,False,,,,1
M5,N8,E11a,T12b,global_categorical,,,,,,,,,0.029393445700407,0.5973489023017869,0.478585234784799,0.2277719685747126,0.5973489023017869,0.2277719685747127,graph_lift,3125.0,9.227,6.852973240061511,,18.0,train,False,,,,1
M1,N8,E11a,T12b,categorical,0.5794486999511719,0.852549889135255,0.9279379157427938,0.867402970790863,0.852549889135255,,,,0.7465548915910492,0.7465548915910492,0.7257220811317378,0.0759551135041153,0.7465548915910492,0.07595511350411535,graph_lift,3005.0,9.632,6.887551451372585,2.3121881213462223,18.0,train,False,,,,2
M5,N8,E11a,T12b,global_categorical,,,,,,,,,0.0418428070843219,0.1481755735756118,0.2264989373138403,0.0,0.1481755735756118,-0.10125824968647446,graph_lift,3005.0,9.632,6.887551451372585,,18.0,train,False,,,,2
M1,N8,E11a,T12b,categorical,0.5086551308631897,0.8635477582846004,0.942495126705653,0.8791847229003906,0.8635477582846004,,,,0.7792123227963076,0.7792123227963076,0.764566667176214,0.062207230575355,0.7792123227963076,0.06220723057535508,graph_lift,3418.0,9.658,6.8808180940594985,2.288082175040598,18.0,train,False,,,,3
M5,N8,E11a,T12b,global_categorical,,,,,,,,,0.0278762299567461,0.4236054918465214,0.3219088682785497,0.1499748615054107,0.4236054918465214,0.1499748615054107,graph_lift,3418.0,9.658,6.8808180940594985,,18.0,train,False,,,,3
M1,N8,E11a,T12b,categorical,0.5367827415466309,0.8610526315789474,0.9315789473684212,0.8721175789833069,0.8610526315789474,,,,0.7685854225575726,0.7685854225575726,0.7231735043460399,0.1640446955926454,0.7685854225575726,0.16404469559264545,graph_lift,3166.0,9.535,6.864133388500625,2.328626003410794,18.0,train,False,,,,4
M5,N8,E11a,T12b,global_categorical,,,,,,,,,0.0260701049119234,0.4390559512419715,0.1264849729649313,0.357831254876044,0.4390559512419715,0.35783125487604406,graph_lift,3166.0,9.535,6.864133388500625,,18.0,train,False,,,,4
M1,N8,E11a,T12b,categorical,0.5531896948814392,0.8436018957345972,0.9289099526066352,0.8663971424102783,0.8436018957345972,,,,0.7514674981709881,0.7514674981709881,0.7160592150847167,0.1247030541837652,0.7514674981709881,0.12470305418376529,graph_lift,2813.0,9.5,6.861655491347335,2.231336203325493,18.0,train,False,,,,5
M5,N8,E11a,T12b,global_categorical,,,,,,,,,0.0395685099065303,0.3182818346305753,0.3262122640955407,0.0,0.3182818346305753,-0.011769922547373173,graph_lift,2813.0,9.5,6.861655491347335,,18.0,train,False,,,,5
M1,N8,E11a,T12b,categorical,0.4306717813014984,0.8886679920477137,0.9473161033797216,0.8969797492027283,0.8886679920477137,,,,0.8092349266185541,0.8092349266185541,0.7989205384416268,0.0512950855198757,0.8092349266185541,0.05129508551987571,graph_lift,3351.0,9.451,6.875119364490252,2.291138104743647,18.0,train,False,,,,6
M5,N8,E11a,T12b,global_categorical,,,,,,,,,0.0224404707551002,0.527160964796604,0.5090697725531568,0.036850841997514,0.527160964796604,0.03685084199751402,graph_lift,3351.0,9.451,6.875119364490252,,18.0,train,False,,,,6
M1,N8,E11a,T12b,categorical,0.488364040851593,0.8806122448979592,0.9448979591836736,0.8908917903900146,0.8806122448979592,,,,0.7844813317718942,0.7844813317718942,0.7357652891715174,0.1843665521748913,0.7844813317718942,0.18436655217489134,graph_lift,3266.0,9.412,6.878890695937181,2.2256352335675196,18.0,train,False,,,,7
M5,N8,E11a,T12b,global_categorical,,,,,,,,,0.0336710736155509,0.2548811475534845,0.1843851587096865,0.0864329402494348,0.2548811475534845,0.08643294024943493,graph_lift,3266.0,9.412,6.878890695937181,,18.0,train,False,,,,7
M1,N8,E11a,T12b,categorical,0.4850774705410003,0.8743343982960596,0.9371671991480298,0.8896341323852539,0.8743343982960596,,,,0.7737277324063543,0.7737277324063543,0.7229104343116145,0.1833966499911037,0.7737277324063543,0.18339664999110375,graph_lift,3127.0,9.363,6.896828922973426,2.1497767541002153,18.0,train,False,,,,8
M5,N8,E11a,T12b,global_categorical,,,,,,,,,0.0314585678279399,0.2830316049222134,0.1049062942316213,0.1990018581771652,0.2830316049222134,0.1990018581771652,graph_lift,3127.0,9.363,6.896828922973426,,18.0,train,False,,,,8
M1,N8,E11a,T12b,categorical,0.6042033433914185,0.8568353067814855,0.9311087190527448,0.8670282959938049,0.8568353067814855,,,,0.7365233674420097,0.7365233674420097,0.7257475335289931,0.0392916572517163,0.7365233674420097,0.0392916572517163,graph_lift,3096.0,9.685,6.909502139474991,2.28793500361491,18.0,train,False,,,,9
M5,N8,E11a,T12b,global_categorical,,,,,,,,,0.0436219051480293,0.2484457112335668,0.2074728962602785,0.0516989447804984,0.2484457112335668,0.05169894478049852,graph_lift,3096.0,9.685,6.909502139474991,,18.0,train,False,,,,9
M1,N8,E11a,T12b,categorical,0.4955897927284241,0.8642629904559915,0.9310710498409333,0.8828477263450623,0.8642629904559915,,,,0.7849003665357233,0.7849003665357233,0.7726287687224647,0.0539716381193342,0.7849003665357233,0.05397163811933427,graph_lift,3143.0,9.655,6.8951997132854554,2.335217008561988,18.0,test,False,,,,0
M5,N8,E11a,T12b,global_categorical,,,,,,,,,0.0346823818981647,0.4555334233566696,0.603594217764852,0.0,0.4555334233566696,-0.373508160182065,graph_lift,3143.0,9.655,6.8951997132854554,,18.0,test,False,,,,0
M1,N8,E11a,T12b,categorical,0.5089626312255859,0.8888888888888888,0.9326599326599326,0.8935368657112122,0.8888888888888888,,,,0.7646450519301303,0.7646450519301303,0.758598067037757,0.0250494468630419,0.7646450519301303,0.025049446863041943,graph_lift,2970.0,9.541,6.878433327200048,2.1856536912031443,18.0,test,False,,,,1
M5,N8,E11a,T12b,global_categorical,,,,,,,,,0.0324079543352127,0.1534196926386208,0.1164845364657119,0.0418047648256871,0.1534196926386208,0.04180476482568716,graph_lift,2970.0,9.541,6.878433327200048,,18.0,test,False,,,,1
M1,N8,E11a,T12b,categorical,0.4825897514820099,0.8851148851148851,0.945054945054945,0.8948352932929993,0.8851148851148851,,,,0.7788157075767189,0.7788157075767189,0.7457390206233738,0.1300895128872684,0.7788157075767189,0.1300895128872684,graph_lift,3336.0,9.519,6.886130191552894,2.206834534808725,18.0,test,False,,,,2
M5,N8,E11a,T12b,global_categorical,,,,,,,,,0.0421504378318786,0.4140850881859869,0.3885183136470918,0.0418111860248577,0.4140850881859869,0.04181118602485766,graph_lift,3336.0,9.519,6.886130191552894,,18.0,test,False,,,,2
M1,N8,E11a,T12b,categorical,0.588421106338501,0.8392070484581498,0.9118942731277532,0.8548998236656189,0.8392070484581498,,,,0.7300204442768855,0.7300204442768855,0.6974229441239111,0.1077328882673895,0.7300204442768855,0.10773288826738953,graph_lift,3024.0,9.671,6.858582396381095,2.1916260226435895,18.0,test,False,,,,3
M5,N8,E11a,T12b,global_categorical,,,,,,,,,0.0302385445684194,0.0363863938490921,0.0,0.0363863938490921,0.0363863938490921,0.0363863938490921,graph_lift,3024.0,9.671,6.858582396381095,,18.0,test,False,,,,3
M1,N8,E11a,T12b,categorical,0.4758109748363495,0.8742690058479532,0.9444444444444444,0.8898137211799622,0.8742690058479532,,,,0.7991339760275957,0.7991339760275957,0.7539321234255056,0.1836966825224979,0.7991339760275957,0.1836966825224979,graph_lift,3418.0,9.52,6.868505380018929,2.3526653153697525,18.0,test,False,,,,4
M5,N8,E11a,T12b,global_categorical,,,,,,,,,0.0475243031978607,0.2662246715895591,0.2779661508293533,0.0,0.2662246715895591,-0.01626167423214418,graph_lift,3418.0,9.52,6.868505380018929,,18.0,test,False,,,,4
M1,N8,E11a,T12b,categorical,0.4372538924217224,0.8975188781014024,0.9579288025889968,0.9033529758453368,0.8975188781014024,,,,0.7945646383798288,0.7945646383798288,0.7861831917259112,0.039199194495381,0.7945646383798288,0.03919919449538103,graph_lift,3088.0,9.579,6.883039653188572,2.1289669347697737,18.0,test,False,,,,5
M5,N8,E11a,T12b,global_categorical,,,,,,,,,0.0289365723729133,0.4137409763146917,0.2774714125588883,0.1886009302945535,0.4137409763146917,0.18860093029455363,graph_lift,3088.0,9.579,6.883039653188572,,18.0,test,False,,,,5
M1,N8,E11a,T12b,categorical,0.5100020170211792,0.8793859649122807,0.944078947368421,0.8876153826713562,0.8793859649122807,,,,0.7710219009684887,0.7710219009684887,0.7609764752685639,0.0420269331699113,0.7710219009684887,0.04202693316991139,graph_lift,3039.0,9.551,6.8896720417104,2.261810911280663,18.0,test,False,,,,6
M5,N8,E11a,T12b,global_categorical,,,,,,,,,0.0342829413712024,0.5488177123458755,0.6179483317679056,0.0,0.5488177123458755,-0.1809457337064516,graph_lift,3039.0,9.551,6.8896720417104,,18.0,test,False,,,,6
M1,N8,E11a,T12b,categorical,0.4280546903610229,0.8963178294573644,0.9457364341085271,0.9046138525009156,0.8963178294573644,,,,0.8033010396872676,0.8033010396872676,0.7829292052762715,0.0938488037366973,0.8033010396872676,0.09384880373669731,graph_lift,3437.0,9.62,6.853939635154054,2.195311109988215,18.0,test,False,,,,7
M5,N8,E11a,T12b,global_categorical,,,,,,,,,0.0278577376157045,0.4590700046034721,0.3767033353037698,0.1321468154170927,0.4590700046034721,0.13214681541709275,graph_lift,3437.0,9.62,6.853939635154054,,18.0,test,False,,,,7
M1,N8,E11a,T12b,categorical,0.5075399279594421,0.8694714131607335,0.9374325782092772,0.8793477416038513,0.8694714131607335,,,,0.7708545405967218,0.7708545405967218,0.7374193985268341,0.1273328718203294,0.7708545405967218,0.1273328718203294,graph_lift,3090.0,9.792,6.878597052824216,2.229836320130163,18.0,test,False,,,,8
M5,N8,E11a,T12b,global_categorical,,,,,,,,,0.0351824611425399,0.4678580568661897,0.4480671650713861,0.0358574278288104,0.4678580568661897,0.035857427828810566,graph_lift,3090.0,9.792,6.878597052824216,,18.0,test,False,,,,8
M1,N8,E11a,T12b,categorical,0.494567722082138,0.8707182320441988,0.9403314917127072,0.8870680928230286,0.8707182320441988,,,,0.7877228396758544,0.7877228396758544,0.7671108137380931,0.0885057235529222,0.7877228396758544,0.08850572355292223,graph_lift,3015.0,9.479,6.864568844075899,2.3174360539558356,18.0,test,False,,,,9
M5,N8,E11a,T12b,global_categorical,,,,,,,,,0.0255915783345699,0.5973734305932771,0.5193244063771453,0.1623735951057466,0.5973734305932771,0.1623735951057466,graph_lift,3015.0,9.479,6.864568844075899,,18.0,test,False,,,,9
M1,N8,E11a,T12e,categorical,0.4843776524066925,0.8904109589041096,0.9509132420091324,0.8988292217254639,0.8904109589041096,,,,0.7775215397205543,0.7775215397205543,0.727462482861222,0.1836776726554013,0.7775215397205543,0.18367767265540139,graph_lift,2919.0,0.0,0.0,2.210967960177449,18.0,train,False,,,,0
M5,N8,E11a,T12e,global_categorical,,,,,,,,,0.0359195657074451,0.3169380306311133,0.3059772566880613,0.0157931048350753,0.3169380306311133,0.015793104835075303,graph_lift,2919.0,0.0,0.0,,18.0,train,False,,,,0
M1,N8,E11a,T12e,categorical,0.5613290071487427,0.8656716417910447,0.9360341151385928,0.8736870288848877,0.8656716417910447,,,,0.7566288953823369,0.7566288953823369,0.7063131616905424,0.1713244419852989,0.7566288953823369,0.17132444198529892,graph_lift,3125.0,0.0,0.0,2.2679967435070045,18.0,train,False,,,,1
M5,N8,E11a,T12e,global_categorical,,,,,,,,,0.03056819178164,0.5812564440052559,0.4808884404012057,0.1933457303120385,0.5812564440052559,0.1933457303120385,graph_lift,3125.0,0.0,0.0,,18.0,train,False,,,,1
M1,N8,E11a,T12e,categorical,0.5513731241226196,0.8547671840354767,0.934589800443459,0.8697653412818909,0.8547671840354767,,,,0.7588348790278663,0.7588348790278663,0.7230907324150955,0.1290825219557201,0.7588348790278663,0.1290825219557201,graph_lift,3005.0,0.0,0.0,2.3121881213462223,18.0,train,False,,,,2
M5,N8,E11a,T12e,global_categorical,,,,,,,,,0.0364473387598991,0.2580150425548454,0.0924454674207535,0.1824348501280109,0.2580150425548454,0.18243485012801103,graph_lift,3005.0,0.0,0.0,,18.0,train,False,,,,2
M1,N8,E11a,T12e,categorical,0.5470781922340393,0.8596491228070176,0.9298245614035088,0.8770598769187927,0.8596491228070176,,,,0.7625343479660178,0.7625343479660178,0.7655973643733043,0.0,0.7625343479660178,-0.013067329209405931,graph_lift,3418.0,0.0,0.0,2.288082175040598,18.0,train,False,,,,3
M5,N8,E11a,T12e,global_categorical,,,,,,,,,0.0297776218503713,0.3842905684500052,0.4180385974120448,0.0,0.3842905684500052,-0.057990149882730525,graph_lift,3418.0,0.0,0.0,,18.0,train,False,,,,3
M1,N8,E11a,T12e,categorical,0.5463041067123413,0.8526315789473684,0.9263157894736842,0.8685060143470764,0.8526315789473684,,,,0.7644806323301409,0.7644806323301409,0.7294977641055458,0.1293256157714158,0.7644806323301409,0.1293256157714158,graph_lift,3166.0,0.0,0.0,2.328626003410794,18.0,train,False,,,,4
M5,N8,E11a,T12e,global_categorical,,,,,,,,,0.0304281916469335,0.3452840686111054,0.2808052936408594,0.0896541289863826,0.3452840686111054,0.08965412898638268,graph_lift,3166.0,0.0,0.0,,18.0,train,False,,,,4
M1,N8,E11a,T12e,categorical,0.5504489541053772,0.8578199052132701,0.9360189573459716,0.8688676953315735,0.8578199052132701,,,,0.7526988444101699,0.7526988444101699,0.7259557630915763,0.0975867313258998,0.7526988444101699,0.09758673132589987,graph_lift,2813.0,0.0,0.0,2.231336203325493,18.0,train,False,,,,5
M5,N8,E11a,T12e,global_categorical,,,,,,,,,0.0344205759465694,0.4069745881084698,0.2693215205377912,0.1883907511166793,0.4069745881084698,0.1883907511166793,graph_lift,2813.0,0.0,0.0,,18.0,train,False,,,,5
M1,N8,E11a,T12e,categorical,0.4162116348743438,0.889662027833002,0.94831013916501,0.901403784751892,0.889662027833002,,,,0.8156400145808322,0.8156400145808322,0.8044574170685604,0.0571875309440532,0.8156400145808322,0.05718753094405324,graph_lift,3351.0,0.0,0.0,2.291138104743647,18.0,train,False,,,,6
M5,N8,E11a,T12e,global_categorical,,,,,,,,,0.0292048268020153,0.3846304616756464,0.4566661015033345,0.0,0.3846304616756464,-0.1325807942905851,graph_lift,3351.0,0.0,0.0,,18.0,train,False,,,,6
M1,N8,E11a,T12e,categorical,0.4729225635528564,0.8744897959183674,0.9387755102040816,0.8873199224472046,0.8744897959183674,,,,0.7912957753849489,0.7912957753849489,0.7487247251008753,0.1694199729804847,0.7912957753849489,0.16941997298048478,graph_lift,3266.0,0.0,0.0,2.2256352335675196,18.0,train,False,,,,7
M5,N8,E11a,T12e,global_categorical,,,,,,,,,0.0332178846001625,0.26490992426976,0.1671173977413406,0.1174145386915514,0.26490992426976,0.11741453869155144,graph_lift,3266.0,0.0,0.0,,18.0,train,False,,,,7
M1,N8,E11a,T12e,categorical,0.4911012053489685,0.8743343982960596,0.9361022364217252,0.8916147947311401,0.8743343982960596,,,,0.770917851405374,0.770917851405374,0.7380098645552036,0.1256077324984034,0.770917851405374,0.12560773249840348,graph_lift,3127.0,0.0,0.0,2.1497767541002153,18.0,train,False,,,,8
M5,N8,E11a,T12e,global_categorical,,,,,,,,,0.0323271974921226,0.2632347718415645,0.1408039787413982,0.1424945996849733,0.2632347718415645,0.14249459968497336,graph_lift,3127.0,0.0,0.0,,18.0,train,False,,,,8
M1,N8,E11a,T12e,categorical,0.5786851644515991,0.8353067814854682,0.9332615715823466,0.8603858351707458,0.8353067814854682,,,,0.7476511655357592,0.7476511655357592,0.7214755163573814,0.0939797063297472,0.7476511655357592,0.09397970632974721,graph_lift,3096.0,0.0,0.0,2.28793500361491,18.0,train,False,,,,9
M5,N8,E11a,T12e,global_categorical,,,,,,,,,0.0389747656881809,0.3285104763943928,0.1753060970248961,0.1857712040998581,0.3285104763943928,0.1857712040998582,graph_lift,3096.0,0.0,0.0,,18.0,train,False,,,,9
M1,N8,E11a,T12e,categorical,0.4858035743236542,0.88016967126193,0.9416755037115588,0.8907092213630676,0.88016967126193,,,,0.7891478642796391,0.7891478642796391,0.7706407121753484,0.0806906590956968,0.7891478642796391,0.08069065909569681,graph_lift,3143.0,0.0,0.0,2.335217008561988,18.0,test,False,,,,0
M5,N8,E11a,T12e,global_categorical,,,,,,,,,0.0231886394321918,0.635969664202039,0.5722894603102939,0.1488862162198378,0.635969664202039,0.14888621621983783,graph_lift,3143.0,0.0,0.0,,18.0,test,False,,,,0
M1,N8,E11a,T12e,categorical,0.5055332779884338,0.8765432098765432,0.9382716049382716,0.886347770690918,0.8765432098765432,,,,0.7662308503328397,0.7662308503328397,0.7605579354603934,0.0236922233499531,0.7662308503328397,0.023692223349953145,graph_lift,2970.0,0.0,0.0,2.1856536912031443,18.0,test,False,,,,1
M5,N8,E11a,T12e,global_categorical,,,,,,,,,0.0326193310320377,0.1478979819154996,0.1018538179611447,0.051265779307586,0.1478979819154996,0.05126577930758598,graph_lift,2970.0,0.0,0.0,,18.0,test,False,,,,1
M1,N8,E11a,T12e,categorical,0.5106719732284546,0.8711288711288712,0.9310689310689312,0.8818786144256592,0.8711288711288712,,,,0.7659448368458306,0.7659448368458306,0.7360007051375779,0.1134250442746731,0.7659448368458306,0.11342504427467313,graph_lift,3336.0,0.0,0.0,2.206834534808725,18.0,test,False,,,,2
M5,N8,E11a,T12e,global_categorical,,,,,,,,,0.0395203866064548,0.4506442868817849,0.360894382189576,0.1404304737606471,0.4506442868817849,0.1404304737606471,graph_lift,3336.0,0.0,0.0,,18.0,test,False,,,,2
M1,N8,E11a,T12e,categorical,0.6022126078605652,0.829295154185022,0.9107929515418502,0.8491507768630981,0.829295154185022,,,,0.7236926432678472,0.7236926432678472,0.703298360608818,0.0687366699451925,0.7236926432678472,0.06873666994519251,graph_lift,3024.0,0.0,0.0,2.1916260226435895,18.0,test,False,,,,3
M5,N8,E11a,T12e,global_categorical,,,,,,,,,0.0363019406795501,0.0,0.0350080642461502,0.0,0.0,-0.036278089949841885,graph_lift,3024.0,0.0,0.0,,18.0,test,False,,,,3
M1,N8,E11a,T12e,categorical,0.5018067955970764,0.878167641325536,0.9376218323586744,0.8891567587852478,0.878167641325536,,,,0.7881597165124221,0.7881597165124221,0.7571885720576969,0.1275522520385021,0.7881597165124221,0.12755225203850218,graph_lift,3418.0,0.0,0.0,2.3526653153697525,18.0,test,False,,,,4
M5,N8,E11a,T12e,global_categorical,,,,,,,,,0.0405630879104137,0.3737058483764313,0.2882423465610903,0.1200738782399006,0.3737058483764313,0.12007387823990054,graph_lift,3418.0,0.0,0.0,,18.0,test,False,,,,4
M1,N8,E11a,T12e,categorical,0.4040971994400024,0.8985976267529665,0.9622437971952535,0.9079252481460572,0.8985976267529665,,,,0.8101426664101172,0.8101426664101172,0.7750850850974712,0.1558704158318664,0.8101426664101172,0.15587041583186648,graph_lift,3088.0,0.0,0.0,2.1289669347697737,18.0,test,False,,,,5
M5,N8,E11a,T12e,global_categorical,,,,,,,,,0.0271811336278915,0.4493064120384888,0.1527316217285308,0.3500364204728221,0.4493064120384888,0.3500364204728221,graph_lift,3088.0,0.0,0.0,,18.0,test,False,,,,5
M1,N8,E11a,T12e,categorical,0.500988245010376,0.8782894736842105,0.9429824561403508,0.8919566869735718,0.8782894736842105,,,,0.7750688386549329,0.7750688386549329,0.7651174163299351,0.0423676467173759,0.7750688386549329,0.0423676467173759,graph_lift,3039.0,0.0,0.0,2.261810911280663,18.0,test,False,,,,6
M5,N8,E11a,T12e,global_categorical,,,,,,,,,0.0337998010218143,0.5551761039942086,0.5843981232125419,0.0,0.5551761039942086,-0.07031252949148181,graph_lift,3039.0,0.0,0.0,,18.0,test,False,,,,6
M1,N8,E11a,T12e,categorical,0.4208449423313141,0.8905038759689923,0.9525193798449612,0.9039669036865234,0.8905038759689923,,,,0.8066140508885826,0.8066140508885826,0.7934228692063852,0.0638559632981657,0.8066140508885826,0.06385596329816579,graph_lift,3437.0,0.0,0.0,2.195311109988215,18.0,test,False,,,,7
M5,N8,E11a,T12e,global_categorical,,,,,,,,,0.031757678836584,0.3833425634250527,0.4013595794897524,0.0,0.3833425634250527,-0.030096557879174025,graph_lift,3437.0,0.0,0.0,,18.0,test,False,,,,7
M1,N8,E11a,T12e,categorical,0.5092419385910034,0.8683926645091694,0.9341963322545846,0.8832486271858215,0.8683926645091694,,,,0.770086114816664,0.770086114816664,0.7382597323131572,0.1215952852221623,0.770086114816664,0.12159528522216238,graph_lift,3090.0,0.0,0.0,2.229836320130163,18.0,test,False,,,,8
M5,N8,E11a,T12e,global_categorical,,,,,,,,,0.0265831388533115,0.5979245708057412,0.4946415163145262,0.2043758199882058,0.5979245708057412,0.2043758199882058,graph_lift,3090.0,0.0,0.0,,18.0,test,False,,,,8
M1,N8,E11a,T12e,categorical,0.5019541382789612,0.8651933701657458,0.9480662983425414,0.8793908357620239,0.8651933701657458,,,,0.7845524668593249,0.7845524668593249,0.758766462074442,0.1068922878909158,0.7845524668593249,0.10689228789091583,graph_lift,3015.0,0.0,0.0,2.3174360539558356,18.0,test,False,,,,9
M5,N8,E11a,T12e,global_categorical,,,,,,,,,0.0322956666350364,0.4918995110824056,0.510404297692323,0.0,0.4918995110824056,-0.03779605605747007,graph_lift,3015.0,0.0,0.0,,18.0,test,False,,,,9
M1,N8,E11b,T12a,categorical,0.5601001977920532,0.8618721461187214,0.9372146118721462,0.8790642619132996,0.8618721461187214,,,,0.7427415810853175,0.7427415810853175,0.7263863768940022,0.0597748167860023,0.7427415810853175,0.05977481678600232,graph_lift,2919.0,130.415,7.250427333922261,2.210967960177449,18.0,train,False,,,,0
M5,N8,E11b,T12a,global_categorical,,,,,,,,,0.0391898714005947,0.2547484856517871,0.2108261888269275,0.0556560496597967,0.2547484856517871,0.055656049659796765,graph_lift,2919.0,130.415,7.250427333922261,,18.0,train,False,,,,0
M1,N8,E11b,T12a,categorical,0.6213099956512451,0.8422174840085288,0.9275053304904052,0.8567398190498352,0.8422174840085288,,,,0.7306234090030426,0.7306234090030426,0.7126908603903908,0.0624155174353946,0.7306234090030426,0.06241551743539468,graph_lift,3125.0,130.661,7.272168341507912,2.2679967435070045,18.0,train,False,,,,1
M5,N8,E11b,T12a,global_categorical,,,,,,,,,0.0360946096479892,0.5055518722138066,0.5325325943424823,0.0,0.5055518722138066,-0.05771679865193154,graph_lift,3125.0,130.661,7.272168341507912,,18.0,train,False,,,,1
M1,N8,E11b,T12a,categorical,0.5992300510406494,0.8425720620842572,0.9323725055432373,0.862162172794342,0.8425720620842572,,,,0.737902727437177,0.737902727437177,0.7336072482888405,0.0161246097003192,0.737902727437177,0.016124609700319252,graph_lift,3005.0,134.048,7.247702458283311,2.3121881213462223,18.0,train,False,,,,2
M5,N8,E11b,T12a,global_categorical,,,,,,,,,0.0416002124547958,0.1531142487159603,0.1036208684639113,0.0552147841362998,0.1531142487159603,0.05521478413629977,graph_lift,3005.0,134.048,7.247702458283311,,18.0,train,False,,,,2
M1,N8,E11b,T12a,categorical,0.5454792380332947,0.854775828460039,0.9317738791423,0.8751320242881775,0.854775828460039,,,,0.7632284082416114,0.7632284082416114,0.7694447910284414,0.0,0.7632284082416114,-0.026962664667432724,graph_lift,3418.0,135.502,7.265949791697949,2.288082175040598,18.0,train,False,,,,3
M5,N8,E11b,T12a,global_categorical,,,,,,,,,0.0356919281184673,0.2620009454357843,0.2684654800782569,0.0,0.2620009454357843,-0.008836950911303747,graph_lift,3418.0,135.502,7.265949791697949,,18.0,train,False,,,,3
M1,N8,E11b,T12a,categorical,0.5990486145019531,0.8389473684210527,0.9273684210526316,0.854955792427063,0.8389473684210527,,,,0.7417417264371335,0.7417417264371335,0.7145070451559609,0.0953952832077786,0.7417417264371335,0.09539528320777867,graph_lift,3166.0,130.462,7.251963988434811,2.328626003410794,18.0,train,False,,,,4
M5,N8,E11b,T12a,global_categorical,,,,,,,,,0.0435429289937019,0.0630974839944185,0.0,0.0630974839944185,0.0630974839944185,0.0630974839944185,graph_lift,3166.0,130.462,7.251963988434811,,18.0,train,False,,,,4
M1,N8,E11b,T12a,categorical,0.515881359577179,0.8672985781990521,0.9478672985781992,0.8787744045257568,0.8672985781990521,,,,0.7682290869651867,0.7682290869651867,0.7202881492180003,0.1713940171399826,0.7682290869651867,0.17139401713998267,graph_lift,2813.0,127.871,7.266763744180336,2.231336203325493,18.0,train,False,,,,5
M5,N8,E11b,T12a,global_categorical,,,,,,,,,0.0241670571267604,0.5836304706507489,0.2894279104058703,0.4140361893652812,0.5836304706507489,0.4140361893652812,graph_lift,2813.0,127.871,7.266763744180336,,18.0,train,False,,,,5
M1,N8,E11b,T12a,categorical,0.4179915189743042,0.8866799204771372,0.9582504970178928,0.8969870805740356,0.8866799204771372,,,,0.8148516079979155,0.8148516079979155,0.8038428324094363,0.0561222193596188,0.8148516079979155,0.056122219359618815,graph_lift,3351.0,130.484,7.277705975503222,2.291138104743647,18.0,train,False,,,,6
M5,N8,E11b,T12a,global_categorical,,,,,,,,,0.0251552145928144,0.4699590963038318,0.3599318036245808,0.1718993277627509,0.4699590963038318,0.1718993277627509,graph_lift,3351.0,130.484,7.277705975503222,,18.0,train,False,,,,6
M1,N8,E11b,T12a,categorical,0.5785435438156128,0.8561224489795919,0.9326530612244898,0.8730498552322388,0.8561224489795919,,,,0.7446844627052109,0.7446844627052109,0.7511234754364667,0.0,0.7446844627052109,-0.025872318582671493,graph_lift,3266.0,130.496,7.275616620089293,2.2256352335675196,18.0,train,False,,,,7
M5,N8,E11b,T12a,global_categorical,,,,,,,,,0.0406417921185493,0.1006237029888725,0.045821069614724,0.0574343360862311,0.1006237029888725,0.05743433608623114,graph_lift,3266.0,130.496,7.275616620089293,,18.0,train,False,,,,7
M1,N8,E11b,T12a,categorical,0.5407648682594299,0.858359957401491,0.9329073482428116,0.8786699175834656,0.858359957401491,,,,0.7477514402789087,0.7477514402789087,0.7168858042142423,0.1090218594620508,0.7477514402789087,0.10902185946205081,graph_lift,3127.0,132.112,7.27290147341245,2.1497767541002153,18.0,train,False,,,,8
M5,N8,E11b,T12a,global_categorical,,,,,,,,,0.0382540971040725,0.1281555232944397,0.0462316091333843,0.0858949771722015,0.1281555232944397,0.08589497717220158,graph_lift,3127.0,132.112,7.27290147341245,,18.0,train,False,,,,8
M1,N8,E11b,T12a,categorical,0.6099099516868591,0.8105489773950484,0.9321851453175456,0.8422685861587524,0.8105489773950484,,,,0.7340348933019942,0.7340348933019942,0.7216788734395825,0.0443948327427078,0.7340348933019942,0.044394832742707814,graph_lift,3096.0,133.045,7.287921745518222,2.28793500361491,18.0,train,False,,,,9
M5,N8,E11b,T12a,global_categorical,,,,,,,,,0.0458858534693717,0.2094405356302411,0.2184165063230239,0.0,0.2094405356302411,-0.011484340144589236,graph_lift,3096.0,133.045,7.287921745518222,,18.0,train,False,,,,9
M1,N8,E11b,T12a,categorical,0.52113938331604,0.865323435843054,0.9342523860021208,0.8797047138214111,0.865323435843054,,,,0.773811141117321,0.773811141117321,0.7777323339703519,0.0,0.773811141117321,-0.017641760149260294,graph_lift,3143.0,131.982,7.264667586894771,2.335217008561988,18.0,test,False,,,,0
M5,N8,E11b,T12a,global_categorical,,,,,,,,,0.0276041738688945,0.566651734255322,0.5928841699090078,0.0,0.566651734255322,-0.06443482103808826,graph_lift,3143.0,131.982,7.264667586894771,,18.0,test,False,,,,0
M1,N8,E11b,T12a,categorical,0.5162681937217712,0.8664421997755332,0.936026936026936,0.8817054629325867,0.8664421997755332,,,,0.7612668280826265,0.7612668280826265,0.750450759283899,0.0433424231934742,0.7612668280826265,0.043342423193474276,graph_lift,2970.0,130.454,7.271147626033245,2.1856536912031443,18.0,test,False,,,,1
M5,N8,E11b,T12a,global_categorical,,,,,,,,,0.033148106187582,0.1340849954778044,0.0891394126614857,0.0493440856274693,0.1340849954778044,0.04934408562746937,graph_lift,2970.0,130.454,7.271147626033245,,18.0,test,False,,,,1
M1,N8,E11b,T12a,categorical,0.5220826268196106,0.8751248751248751,0.936063936063936,0.8852232694625854,0.8751248751248751,,,,0.7607150059268222,0.7607150059268222,0.7428813298617492,0.0693597087114832,0.7607150059268222,0.06935970871148324,graph_lift,3336.0,127.922,7.276562610250561,2.206834534808725,18.0,test,False,,,,2
M5,N8,E11b,T12a,global_categorical,,,,,,,,,0.0429936982691288,0.4023632914469271,0.3625297095693786,0.0624869620992693,0.4023632914469271,0.06248696209926947,graph_lift,3336.0,127.922,7.276562610250561,,18.0,test,False,,,,2
M1,N8,E11b,T12a,categorical,0.6335935592651367,0.8348017621145375,0.9129955947136564,0.8488934636116028,0.8348017621145375,,,,0.709294398574082,0.709294398574082,0.6914849808831454,0.0577262583258259,0.709294398574082,0.05772625832582598,graph_lift,3024.0,132.339,7.274006898134298,2.1916260226435895,18.0,test,False,,,,3
M5,N8,E11b,T12a,global_categorical,,,,,,,,,0.034363143146038,0.0,0.0,0.0,0.0,0.0,graph_lift,3024.0,132.339,7.274006898134298,,18.0,test,False,,,,3
M1,N8,E11b,T12a,categorical,0.5167893171310425,0.8713450292397661,0.949317738791423,0.8839293122291565,0.8713450292397661,,,,0.7818347675904731,0.7818347675904731,0.7508078714895423,0.1245099365152246,0.7818347675904731,0.12450993651522466,graph_lift,3418.0,130.608,7.258476203377782,2.3526653153697525,18.0,test,False,,,,4
M5,N8,E11b,T12a,global_categorical,,,,,,,,,0.0378650724887847,0.4153632114274973,0.2930236859987458,0.1730461445537685,0.4153632114274973,0.17304614455376863,graph_lift,3418.0,130.608,7.258476203377782,,18.0,test,False,,,,4
M1,N8,E11b,T12a,categorical,0.4849636554718017,0.8770226537216829,0.9460625674217908,0.8873463273048401,0.8770226537216829,,,,0.7721491156161238,0.7721491156161238,0.7811278748121508,0.0,0.7721491156161238,-0.0410228538162225,graph_lift,3088.0,131.854,7.278653773902583,2.1289669347697737,18.0,test,False,,,,5
M5,N8,E11b,T12a,global_categorical,,,,,,,,,0.0475161075592041,0.0373169818460965,0.1109880366992197,0.0,0.0373169818460965,-0.08286846284901793,graph_lift,3088.0,131.854,7.278653773902583,,18.0,test,False,,,,5
M1,N8,E11b,T12a,categorical,0.5239771008491516,0.8804824561403509,0.9451754385964912,0.8877068161964417,0.8804824561403509,,,,0.7647474273393123,0.7647474273393123,0.7649358247057155,0.0,0.7647474273393123,-0.0008014720497810081,graph_lift,3039.0,132.714,7.258674973740295,2.261810911280663,18.0,test,False,,,,6
M5,N8,E11b,T12a,global_categorical,,,,,,,,,0.0331501588225364,0.5637257511920146,0.502211454616178,0.1235751548449266,0.5637257511920146,0.12357515484492669,graph_lift,3039.0,132.714,7.258674973740295,,18.0,test,False,,,,6
M1,N8,E11b,T12a,categorical,0.4269915521144867,0.8905038759689923,0.9534883720930232,0.9032999873161316,0.8905038759689923,,,,0.8037895752979698,0.8037895752979698,0.7814143127671509,0.1023638043921127,0.8037895752979698,0.10236380439211272,graph_lift,3437.0,130.706,7.2825358636763,2.195311109988215,18.0,test,False,,,,7
M5,N8,E11b,T12a,global_categorical,,,,,,,,,0.0340903028845787,0.3380486370858141,0.2871590761459419,0.0713897859072565,0.3380486370858141,0.07138978590725664,graph_lift,3437.0,130.706,7.2825358636763,,18.0,test,False,,,,7
M1,N8,E11b,T12a,categorical,0.5089381337165833,0.8651564185544768,0.9439050701186624,0.8807370662689209,0.8651564185544768,,,,0.7702232721299788,0.7702232721299788,0.7330307509431275,0.1393138772283399,0.7702232721299788,0.13931387722833993,graph_lift,3090.0,127.803,7.253026078944124,2.229836320130163,18.0,test,False,,,,8
M5,N8,E11b,T12a,global_categorical,,,,,,,,,0.0312835723161697,0.5268295502964407,0.499147544693191,0.0552697811699704,0.5268295502964407,0.05526978116997045,graph_lift,3090.0,127.803,7.253026078944124,,18.0,test,False,,,,8
M1,N8,E11b,T12a,categorical,0.5522282719612122,0.8519337016574585,0.9359116022099448,0.8679624795913696,0.8519337016574585,,,,0.7629739319755555,0.7629739319755555,0.765082066924908,0.0,0.7629739319755555,-0.008973920899766301,graph_lift,3015.0,130.588,7.279779620448249,2.3174360539558356,18.0,test,False,,,,9
M5,N8,E11b,T12a,global_categorical,,,,,,,,,0.0341308824717998,0.4630264714122111,0.5412063405731272,0.0,0.4630264714122111,-0.17040311598590702,graph_lift,3015.0,130.588,7.279779620448249,,18.0,test,False,,,,9
M1,N8,E11b,T12b,categorical,0.553344190120697,0.8687214611872146,0.9429223744292238,0.8781536817550659,0.8687214611872146,,,,0.7458446743795382,0.7458446743795382,0.7333401988719097,0.0468929904497375,0.7458446743795382,0.046892990449737555,graph_lift,2919.0,9.425,6.852855578519548,2.210967960177449,18.0,train,False,,,,0
M5,N8,E11b,T12b,global_categorical,,,,,,,,,0.0382662005722522,0.272313408908234,0.2871021865016187,0.0,0.272313408908234,-0.02074459664957049,graph_lift,2919.0,9.425,6.852855578519548,,18.0,train,False,,,,0
M1,N8,E11b,T12b,categorical,0.6410115361213684,0.8432835820895522,0.9285714285714286,0.8617282509803772,0.8432835820895522,,,,0.722081565120088,0.722081565120088,0.7144897491215452,0.0265903447430852,0.722081565120088,0.02659034474308521,graph_lift,3125.0,9.227,6.852973240061511,2.2679967435070045,18.0,train,False,,,,1
M5,N8,E11b,T12b,global_categorical,,,,,,,,,0.0330810919404029,0.5468330552795885,0.478585234784799,0.1308896967400258,0.5468330552795885,0.13088969674002596,graph_lift,3125.0,9.227,6.852973240061511,,18.0,train,False,,,,1
M1,N8,E11b,T12b,categorical,0.604661226272583,0.8592017738359202,0.9368070953436808,0.8686193227767944,0.8592017738359202,,,,0.7355271825037908,0.7355271825037908,0.7257220811317378,0.0357487814276529,0.7355271825037908,0.035748781427652955,graph_lift,3005.0,9.632,6.887551451372585,2.3121881213462223,18.0,train,False,,,,2
M5,N8,E11b,T12b,global_categorical,,,,,,,,,0.0470479503273963,0.0422106905658874,0.2264989373138403,0.0,0.0422106905658874,-0.23825209251551607,graph_lift,3005.0,9.632,6.887551451372585,,18.0,train,False,,,,2
M1,N8,E11b,T12b,categorical,0.518367350101471,0.8635477582846004,0.935672514619883,0.8806515336036682,0.8635477582846004,,,,0.7749966276918043,0.7749966276918043,0.764566667176214,0.0443011207907284,0.7749966276918043,0.04430112079072842,graph_lift,3418.0,9.658,6.8808180940594985,2.288082175040598,18.0,train,False,,,,3
M5,N8,E11b,T12b,global_categorical,,,,,,,,,0.0300065316259861,0.3795574198954228,0.3219088682785497,0.0850159350565791,0.3795574198954228,0.08501593505657919,graph_lift,3418.0,9.658,6.8808180940594985,,18.0,train,False,,,,3
M1,N8,E11b,T12b,categorical,0.6182491183280945,0.8347368421052631,0.9252631578947368,0.8573147654533386,0.8347368421052631,,,,0.733464119660737,0.733464119660737,0.7231735043460399,0.0371735201516282,0.733464119660737,0.037173520151628205,graph_lift,3166.0,9.535,6.864133388500625,2.328626003410794,18.0,train,False,,,,4
M5,N8,E11b,T12b,global_categorical,,,,,,,,,0.0380313284695148,0.1816892397092319,0.1264849729649313,0.0631978443824576,0.1816892397092319,0.0631978443824577,graph_lift,3166.0,9.535,6.864133388500625,,18.0,train,False,,,,4
M1,N8,E11b,T12b,categorical,0.5491611361503601,0.8483412322274881,0.9537914691943128,0.8643428683280945,0.8483412322274881,,,,0.753277422328806,0.753277422328806,0.7160592150847167,0.131077355636647,0.753277422328806,0.13107735563664707,graph_lift,2813.0,9.5,6.861655491347335,2.231336203325493,18.0,train,False,,,,5
M5,N8,E11b,T12b,global_categorical,,,,,,,,,0.0325289107859134,0.4395657194364357,0.3262122640955407,0.1682331827971533,0.4395657194364357,0.16823318279715332,graph_lift,2813.0,9.5,6.861655491347335,,18.0,train,False,,,,5
M1,N8,E11b,T12b,categorical,0.4227513968944549,0.8836978131212724,0.9542743538767396,0.8980951309204102,0.8836978131212724,,,,0.8127432378219307,0.8127432378219307,0.7989205384416268,0.0687424726184239,0.8127432378219307,0.06874247261842391,graph_lift,3351.0,9.451,6.875119364490252,2.291138104743647,18.0,train,False,,,,6
M5,N8,E11b,T12b,global_categorical,,,,,,,,,0.0254834834486246,0.4630422035718322,0.5090697725531568,0.0,0.4630422035718322,-0.09375582599730703,graph_lift,3351.0,9.451,6.875119364490252,,18.0,train,False,,,,6
M1,N8,E11b,T12b,categorical,0.5624627470970154,0.8530612244897959,0.9336734693877552,0.87163245677948,0.8530612244897959,,,,0.751781025743298,0.751781025743298,0.7357652891715174,0.0606117815542279,0.751781025743298,0.06061178155422792,graph_lift,3266.0,9.412,6.878890695937181,2.2256352335675196,18.0,train,False,,,,7
M5,N8,E11b,T12b,global_categorical,,,,,,,,,0.0413311943411827,0.0853676823799721,0.1843851587096865,0.0,0.0853676823799721,-0.12140224934243159,graph_lift,3266.0,9.412,6.878890695937181,,18.0,train,False,,,,7
M1,N8,E11b,T12b,categorical,0.5177799463272095,0.8679446219382322,0.9361022364217252,0.8831935524940491,0.8679446219382322,,,,0.758473137594633,0.758473137594633,0.7229104343116145,0.1283437115167744,0.758473137594633,0.12834371151677446,graph_lift,3127.0,9.363,6.896828922973426,2.1497767541002153,18.0,train,False,,,,8
M5,N8,E11b,T12b,global_categorical,,,,,,,,,0.0294776707887649,0.3281779885325402,0.1049062942316213,0.2494394641165027,0.3281779885325402,0.2494394641165027,graph_lift,3127.0,9.363,6.896828922973426,,18.0,train,False,,,,8
M1,N8,E11b,T12b,categorical,0.6450235843658447,0.8342303552206674,0.930032292787944,0.8502234220504761,0.8342303552206674,,,,0.7187227754202083,0.7187227754202083,0.7257475335289931,0.0,0.7187227754202083,-0.02561420212250822,graph_lift,3096.0,9.685,6.909502139474991,2.28793500361491,18.0,train,False,,,,9
M5,N8,E11b,T12b,global_categorical,,,,,,,,,0.0409216731786727,0.2949675426471087,0.2074728962602785,0.1103995635909062,0.2949675426471087,0.11039956359090636,graph_lift,3096.0,9.685,6.909502139474991,,18.0,train,False,,,,9
M1,N8,E11b,T12b,categorical,0.4899820387363434,0.8812301166489925,0.9501590668080594,0.8920784592628479,0.8812301166489925,,,,0.7873342883555942,0.7873342883555942,0.7726287687224647,0.0646762545573742,0.7873342883555942,0.06467625455737427,graph_lift,3143.0,9.655,6.8951997132854554,2.335217008561988,18.0,test,False,,,,0
M5,N8,E11b,T12b,global_categorical,,,,,,,,,0.0261987820267677,0.5887144889811086,0.603594217764852,0.0,0.5887144889811086,-0.03753660882503672,graph_lift,3143.0,9.655,6.8951997132854554,,18.0,test,False,,,,0
M1,N8,E11b,T12b,categorical,0.545102059841156,0.8709315375982043,0.941638608305275,0.8828767538070679,0.8709315375982043,,,,0.7479334286506022,0.7479334286506022,0.758598067037757,0.0,0.7479334286506022,-0.0441779328619661,graph_lift,2970.0,9.541,6.878433327200048,2.1856536912031443,18.0,test,False,,,,1
M5,N8,E11b,T12b,global_categorical,,,,,,,,,0.0312280189245939,0.1842426835702904,0.1164845364657119,0.0766915236927812,0.1842426835702904,0.07669152369278127,graph_lift,2970.0,9.541,6.878433327200048,,18.0,test,False,,,,1
M1,N8,E11b,T12b,categorical,0.5409167408943176,0.8701298701298701,0.9370629370629372,0.8807234168052673,0.8701298701298701,,,,0.752082827507788,0.752082827507788,0.7457390206233738,0.0249499821009394,0.752082827507788,0.02494998210093946,graph_lift,3336.0,9.519,6.886130191552894,2.206834534808725,18.0,test,False,,,,2
M5,N8,E11b,T12b,global_categorical,,,,,,,,,0.0430045835673809,0.4022119796482006,0.3885183136470918,0.0223942373201439,0.4022119796482006,0.022394237320143905,graph_lift,3336.0,9.519,6.886130191552894,,18.0,test,False,,,,2
M1,N8,E11b,T12b,categorical,0.6359089612960815,0.8281938325991189,0.9041850220264316,0.8462213277816772,0.8281938325991189,,,,0.7082320598139438,0.7082320598139438,0.6974229441239111,0.0357235139945943,0.7082320598139438,0.03572351399459437,graph_lift,3024.0,9.671,6.858582396381095,2.1916260226435895,18.0,test,False,,,,3
M5,N8,E11b,T12b,global_categorical,,,,,,,,,0.0289074461907148,0.0788045897705043,0.0,0.0788045897705043,0.0788045897705043,0.0788045897705043,graph_lift,3024.0,9.671,6.858582396381095,,18.0,test,False,,,,3
M1,N8,E11b,T12b,categorical,0.5409768223762512,0.8762183235867447,0.9415204678362572,0.8856317400932312,0.8762183235867447,,,,0.771623878701294,0.771623878701294,0.7539321234255056,0.0718978662394901,0.771623878701294,0.07189786623949015,graph_lift,3418.0,9.52,6.868505380018929,2.3526653153697525,18.0,test,False,,,,4
M5,N8,E11b,T12b,global_categorical,,,,,,,,,0.0422872118651866,0.3470853713571959,0.2779661508293533,0.095728504428477,0.3470853713571959,0.09572850442847712,graph_lift,3418.0,9.52,6.868505380018929,,18.0,test,False,,,,4
M1,N8,E11b,T12b,categorical,0.4724122285842895,0.8716289104638619,0.9590075512405608,0.8889167308807373,0.8716289104638619,,,,0.7780461578533499,0.7780461578533499,0.7861831917259112,0.0,0.7780461578533499,-0.03805610016463543,graph_lift,3088.0,9.579,6.883039653188572,2.1289669347697737,18.0,test,False,,,,5
M5,N8,E11b,T12b,global_categorical,,,,,,,,,0.0447932928800582,0.0924815899724644,0.2774714125588883,0.0,0.0924815899724644,-0.25603114645135217,graph_lift,3088.0,9.579,6.883039653188572,,18.0,test,False,,,,5
M1,N8,E11b,T12b,categorical,0.4945164024829864,0.8793859649122807,0.9462719298245614,0.8883258700370789,0.8793859649122807,,,,0.7779745450218625,0.7779745450218625,0.7609764752685639,0.0711146309652883,0.7779745450218625,0.0711146309652883,graph_lift,3039.0,9.551,6.8896720417104,2.261810911280663,18.0,test,False,,,,6
M5,N8,E11b,T12b,global_categorical,,,,,,,,,0.0378057658672332,0.5024554122761887,0.6179483317679056,0.0,0.5024554122761887,-0.30229659780350854,graph_lift,3039.0,9.551,6.8896720417104,,18.0,test,False,,,,6
M1,N8,E11b,T12b,categorical,0.4284897446632385,0.8982558139534884,0.9457364341085271,0.9035215377807616,0.8982558139534884,,,,0.8031011249146639,0.8031011249146639,0.7829292052762715,0.0929278379621067,0.8031011249146639,0.09292783796210675,graph_lift,3437.0,9.62,6.853939635154054,2.195311109988215,18.0,test,False,,,,7
M5,N8,E11b,T12b,global_categorical,,,,,,,,,0.0341776497662067,0.3363525715643153,0.3767033353037698,0.0,0.3363525715643153,-0.06473765387324808,graph_lift,3437.0,9.62,6.853939635154054,,18.0,test,False,,,,7
M1,N8,E11b,T12b,categorical,0.5218876004219055,0.8629989212513485,0.9428263214670982,0.8765096664428711,0.8629989212513485,,,,0.7643768153130106,0.7643768153130106,0.7374193985268341,0.1026633979621352,0.7643768153130106,0.10266339796213526,graph_lift,3090.0,9.792,6.878597052824216,2.229836320130163,18.0,test,False,,,,8
M5,N8,E11b,T12b,global_categorical,,,,,,,,,0.0344327092170715,0.4791982085648065,0.4480671650713861,0.0564036808889015,0.4791982085648065,0.05640368088890168,graph_lift,3090.0,9.792,6.878597052824216,,18.0,test,False,,,,8
M1,N8,E11b,T12b,categorical,0.5240542888641357,0.8574585635359117,0.943646408839779,0.8739556074142456,0.8574585635359117,,,,0.7750666918238528,0.7750666918238528,0.7671108137380931,0.0341616466331439,0.7750666918238528,0.034161646633143944,graph_lift,3015.0,9.479,6.864568844075899,2.3174360539558356,18.0,test,False,,,,9
M5,N8,E11b,T12b,global_categorical,,,,,,,,,0.0353589542210102,0.443705493670797,0.5193244063771453,0.0,0.443705493670797,-0.157317978506893,graph_lift,3015.0,9.479,6.864568844075899,,18.0,test,False,,,,9
M1,N8,E11b,T12e,categorical,0.578822135925293,0.8595890410958904,0.9337899543378996,0.8740531802177429,0.8595890410958904,,,,0.7341424460151693,0.7341424460151693,0.727462482861222,0.0245102517410323,0.7341424460151693,0.02451025174103234,graph_lift,2919.0,0.0,0.0,2.210967960177449,18.0,train,False,,,,0
M5,N8,E11b,T12e,global_categorical,,,,,,,,,0.0469400286674499,0.1073681490203934,0.3059772566880613,0.0,0.1073681490203934,-0.2861708922100844,graph_lift,2919.0,0.0,0.0,,18.0,train,False,,,,0
M1,N8,E11b,T12e,categorical,0.6356577277183533,0.8432835820895522,0.9243070362473348,0.8582741618156433,0.8432835820895522,,,,0.7244027646530834,0.7244027646530834,0.7063131616905424,0.061594871144617,0.7244027646530834,0.061594871144617064,graph_lift,3125.0,0.0,0.0,2.2679967435070045,18.0,train,False,,,,1
M5,N8,E11b,T12e,global_categorical,,,,,,,,,0.0399167761206626,0.4531932769850088,0.4808884404012057,0.0,0.4531932769850088,-0.053351082063365515,graph_lift,3125.0,0.0,0.0,,18.0,train,False,,,,1
M1,N8,E11b,T12e,categorical,0.6117703914642334,0.8514412416851441,0.934589800443459,0.8624683022499084,0.8514412416851441,,,,0.7324177000235825,0.7324177000235825,0.7230907324150955,0.0336823960058587,0.7324177000235825,0.03368239600585874,graph_lift,3005.0,0.0,0.0,2.3121881213462223,18.0,train,False,,,,2
M5,N8,E11b,T12e,global_categorical,,,,,,,,,0.0475663021206855,0.0316582264801293,0.0924454674207535,0.0,0.0316582264801293,-0.06697916076499386,graph_lift,3005.0,0.0,0.0,,18.0,train,False,,,,2
M1,N8,E11b,T12e,categorical,0.5625201463699341,0.8489278752436648,0.9337231968810916,0.8678810000419617,0.8489278752436648,,,,0.7558315884780056,0.7558315884780056,0.7655973643733043,0.0,0.7558315884780056,-0.04166239798963461,graph_lift,3418.0,0.0,0.0,2.288082175040598,18.0,train,False,,,,3
M5,N8,E11b,T12e,global_categorical,,,,,,,,,0.0390527062118053,0.1925104139281778,0.4180385974120448,0.0,0.1925104139281778,-0.3875311704194706,graph_lift,3418.0,0.0,0.0,,18.0,train,False,,,,3
M1,N8,E11b,T12e,categorical,0.5986248850822449,0.8463157894736842,0.9284210526315788,0.860010027885437,0.8463157894736842,,,,0.7419243948371789,0.7419243948371789,0.7294977641055458,0.0459391054219668,0.7419243948371789,0.045939105421966865,graph_lift,3166.0,0.0,0.0,2.328626003410794,18.0,train,False,,,,4
M5,N8,E11b,T12e,global_categorical,,,,,,,,,0.0368348360061645,0.2074338743767057,0.2808052936408594,0.0,0.2074338743767057,-0.1020188533305396,graph_lift,3166.0,0.0,0.0,,18.0,train,False,,,,4
M1,N8,E11b,T12e,categorical,0.5203562378883362,0.8542654028436019,0.9454976303317536,0.8758403062820435,0.8542654028436019,,,,0.7662186521590723,0.7662186521590723,0.7259557630915763,0.1469211304047618,0.7662186521590723,0.14692113040476187,graph_lift,2813.0,0.0,0.0,2.231336203325493,18.0,train,False,,,,5
M5,N8,E11b,T12e,global_categorical,,,,,,,,,0.0194520410150289,0.6648645666773573,0.2693215205377912,0.5413366579931191,0.6648645666773573,0.5413366579931193,graph_lift,2813.0,0.0,0.0,,18.0,train,False,,,,5
M1,N8,E11b,T12e,categorical,0.4330216944217682,0.8727634194831014,0.9512922465208749,0.8919764757156372,0.8727634194831014,,,,0.8081940375102766,0.8081940375102766,0.8044574170685604,0.0191089858060548,0.8081940375102766,0.019108985806054878,graph_lift,3351.0,0.0,0.0,2.291138104743647,18.0,train,False,,,,6
M5,N8,E11b,T12e,global_categorical,,,,,,,,,0.0245085675269365,0.483584477789081,0.4566661015033345,0.0495429723052918,0.483584477789081,0.049542972305291755,graph_lift,3351.0,0.0,0.0,,18.0,train,False,,,,6
M1,N8,E11b,T12e,categorical,0.5775302648544312,0.8520408163265306,0.9244897959183672,0.87056964635849,0.8520408163265306,,,,0.7451316156036325,0.7451316156036325,0.7487247251008753,0.0,0.7451316156036325,-0.014299494841604497,graph_lift,3266.0,0.0,0.0,2.2256352335675196,18.0,train,False,,,,7
M5,N8,E11b,T12e,global_categorical,,,,,,,,,0.0386888980865478,0.1438399715489147,0.1671173977413406,0.0,0.1438399715489147,-0.027948027884483147,graph_lift,3266.0,0.0,0.0,,18.0,train,False,,,,7
M1,N8,E11b,T12e,categorical,0.6070805191993713,0.8541001064962727,0.9286474973375932,0.8640058040618896,0.8541001064962727,,,,0.7168174317469951,0.7168174317469951,0.7380098645552036,0.0,0.7168174317469951,-0.08089019371751846,graph_lift,3127.0,0.0,0.0,2.1497767541002153,18.0,train,False,,,,8
M5,N8,E11b,T12e,global_categorical,,,,,,,,,0.0404810085892677,0.0774022543518333,0.1408039787413982,0.0,0.0774022543518333,-0.07379192037771572,graph_lift,3127.0,0.0,0.0,,18.0,train,False,,,,8
M1,N8,E11b,T12e,categorical,0.6133134961128235,0.8353067814854682,0.9235737351991388,0.852640688419342,0.8353067814854682,,,,0.7325506845610203,0.7325506845610203,0.7214755163573814,0.039763715055836,0.7325506845610203,0.03976371505583608,graph_lift,3096.0,0.0,0.0,2.28793500361491,18.0,train,False,,,,9
M5,N8,E11b,T12e,global_categorical,,,,,,,,,0.0378547050058841,0.347807808929554,0.1753060970248961,0.2091705920006848,0.347807808929554,0.20917059200068489,graph_lift,3096.0,0.0,0.0,,18.0,train,False,,,,9
M1,N8,E11b,T12e,categorical,0.4999773502349853,0.8791092258748674,0.951219512195122,0.8895540237426758,0.8791092258748674,,,,0.7829960528218666,0.7829960528218666,0.7706407121753484,0.0538689353446373,0.7829960528218666,0.05386893534463732,graph_lift,3143.0,0.0,0.0,2.335217008561988,18.0,test,False,,,,0
M5,N8,E11b,T12e,global_categorical,,,,,,,,,0.0246366336941719,0.6132381089952963,0.5722894603102939,0.0957391620854366,0.6132381089952963,0.09573916208543667,graph_lift,3143.0,0.0,0.0,,18.0,test,False,,,,0
M1,N8,E11b,T12e,categorical,0.5189193487167358,0.8619528619528619,0.9450056116722784,0.8817258477210999,0.8619528619528619,,,,0.7600408610281569,0.7600408610281569,0.7605579354603934,0.0,0.7600408610281569,-0.002159497050907464,graph_lift,2970.0,0.0,0.0,2.1856536912031443,18.0,test,False,,,,1
M5,N8,E11b,T12e,global_categorical,,,,,,,,,0.0311111789196729,0.187294849290316,0.1018538179611447,0.0951304286961551,0.187294849290316,0.09513042869615514,graph_lift,2970.0,0.0,0.0,,18.0,test,False,,,,1
M1,N8,E11b,T12e,categorical,0.5039367079734802,0.8771228771228772,0.934065934065934,0.8882336616516113,0.8771228771228772,,,,0.769031783953358,0.769031783953358,0.7360007051375779,0.1251180569743325,0.769031783953358,0.12511805697433256,graph_lift,3336.0,0.0,0.0,2.206834534808725,18.0,test,False,,,,2
M5,N8,E11b,T12e,global_categorical,,,,,,,,,0.0391109623014926,0.4563355161518872,0.360894382189576,0.1493354639711861,0.4563355161518872,0.14933546397118616,graph_lift,3336.0,0.0,0.0,,18.0,test,False,,,,2
M1,N8,E11b,T12e,categorical,0.6290407180786133,0.8303964757709251,0.9129955947136564,0.8473841547966003,0.8303964757709251,,,,0.7113833615266639,0.7113833615266639,0.703298360608818,0.0272495997475307,0.7113833615266639,0.027249599747530773,graph_lift,3024.0,0.0,0.0,2.1916260226435895,18.0,test,False,,,,3
M5,N8,E11b,T12e,global_categorical,,,,,,,,,0.0324870534241199,0.0,0.0350080642461502,0.0,0.0,-0.036278089949841885,graph_lift,3024.0,0.0,0.0,,18.0,test,False,,,,3
M1,N8,E11b,T12e,categorical,0.5203129649162292,0.8645224171539961,0.9483430799220272,0.8807284832000732,0.8645224171539961,,,,0.7803472282843069,0.7803472282843069,0.7571885720576969,0.0953771262863007,0.7803472282843069,0.09537712628630075,graph_lift,3418.0,0.0,0.0,2.3526653153697525,18.0,test,False,,,,4
M5,N8,E11b,T12e,global_categorical,,,,,,,,,0.0445897057652473,0.3115348613234981,0.2882423465610903,0.0327253449961068,0.3115348613234981,0.032725344996106874,graph_lift,3418.0,0.0,0.0,,18.0,test,False,,,,4
M1,N8,E11b,T12e,categorical,0.4770554006099701,0.8683926645091694,0.965480043149946,0.8849068284034729,0.8683926645091694,,,,0.7758646631892264,0.7758646631892264,0.7750850850974712,0.0034661022462341,0.7758646631892264,0.003466102246234149,graph_lift,3088.0,0.0,0.0,2.1289669347697737,18.0,test,False,,,,5
M5,N8,E11b,T12e,global_categorical,,,,,,,,,0.0431903041899204,0.1249583661554826,0.1527316217285308,0.0,0.1249583661554826,-0.03277976174409935,graph_lift,3088.0,0.0,0.0,,18.0,test,False,,,,5
M1,N8,E11b,T12e,categorical,0.5249969959259033,0.8728070175438597,0.9451754385964912,0.8836511969566345,0.8728070175438597,,,,0.7642895195777014,0.7642895195777014,0.7651174163299351,0.0,0.7642895195777014,-0.003524726011174355,graph_lift,3039.0,0.0,0.0,2.261810911280663,18.0,test,False,,,,6
M5,N8,E11b,T12e,global_categorical,,,,,,,,,0.0319023244082927,0.5801479356112585,0.5843981232125419,0.0,0.5801479356112585,-0.010226584235222188,graph_lift,3039.0,0.0,0.0,,18.0,test,False,,,,6
M1,N8,E11b,T12e,categorical,0.4447247385978699,0.8905038759689923,0.9467054263565892,0.8989911675453186,0.8905038759689923,,,,0.795640846968992,0.795640846968992,0.7934228692063852,0.0107368020558999,0.795640846968992,0.010736802055899932,graph_lift,3437.0,0.0,0.0,2.195311109988215,18.0,test,False,,,,7
M5,N8,E11b,T12e,global_categorical,,,,,,,,,0.0361001417040824,0.2990224204425409,0.4013595794897524,0.0,0.2990224204425409,-0.17094929700868688,graph_lift,3437.0,0.0,0.0,,18.0,test,False,,,,7
M1,N8,E11b,T12e,categorical,0.5169205069541931,0.8640776699029126,0.9428263214670982,0.8778248429298401,0.8640776699029126,,,,0.7666193700846761,0.7666193700846761,0.7382597323131572,0.1083503047587982,0.7666193700846761,0.10835030475879823,graph_lift,3090.0,0.0,0.0,2.229836320130163,18.0,test,False,,,,8
M5,N8,E11b,T12e,global_categorical,,,,,,,,,0.028875820338726,0.5632472929515148,0.4946415163145262,0.135756653646459,0.5632472929515148,0.135756653646459,graph_lift,3090.0,0.0,0.0,,18.0,test,False,,,,8
M1,N8,E11b,T12e,categorical,0.5367786288261414,0.8464088397790055,0.943646408839779,0.8678903579711914,0.8464088397790055,,,,0.7696051933185787,0.7696051933185787,0.758766462074442,0.0449304492954931,0.7696051933185787,0.04493044929549312,graph_lift,3015.0,0.0,0.0,2.3174360539558356,18.0,test,False,,,,9
M5,N8,E11b,T12e,global_categorical,,,,,,,,,0.0262275300920009,0.5873681440472437,0.510404297692323,0.1571987784863239,0.5873681440472437,0.1571987784863239,graph_lift,3015.0,0.0,0.0,,18.0,test,False,,,,9
M3,N7,E10b,T12a,edge_categorical,,,,,0.5333333333333333,0.0,,,-0.0003021109225054,0.0,0.0,0.0,0.0,0.0,graph_lift,1000.0,130.415,7.250427333922261,0.5785341056306688,2.0,train,False,,,,0
M3,N7,E10b,T12a,edge_categorical,,,,,0.7692307692307693,0.0,,,-0.2687119966578235,0.0,0.0,0.0,0.0,0.0,graph_lift,1000.0,130.661,7.272168341507912,0.4505612088643047,2.0,train,False,,,,1
M3,N7,E10b,T12a,edge_categorical,,,,,0.6428571428571429,0.0,,,-0.0834587745478512,0.0,0.0,0.0,0.0,0.0,graph_lift,1000.0,134.048,7.247702458283311,0.5066395578218191,2.0,train,False,,,,2
M3,N7,E10b,T12a,edge_categorical,,,,,0.5882352941176471,0.0,,,-0.0153645593626623,0.0,0.0282882822745547,0.0,0.0,-0.029111805238668,graph_lift,1000.0,135.502,7.265949791697949,0.5722806987998472,2.0,train,False,,,,3
M3,N7,E10b,T12a,edge_categorical,,,,,0.8888888888888888,0.0,,,-0.8992071428906956,0.0,0.0,0.0,0.0,0.0,graph_lift,1000.0,130.462,7.251963988434811,0.536933977667577,2.0,train,False,,,,4
M3,N7,E10b,T12a,edge_categorical,,,,,0.8461538461538461,0.0,,,-0.5739992110207135,0.0,0.0,0.0,0.0,0.0,graph_lift,1000.0,127.871,7.266763744180336,0.5195798391285155,2.0,train,False,,,,5
M3,N7,E10b,T12a,edge_categorical,,,,,0.8333333333333334,0.0,,,-0.4686482362847819,0.0,0.0,0.0,0.0,0.0,graph_lift,1000.0,130.484,7.277705975503222,0.5004024235361879,2.0,train,False,,,,6
M3,N7,E10b,T12a,edge_categorical,,,,,0.8666666666666667,0.0,,,-0.6287615993242888,0.0,0.0,0.0,0.0,0.0,graph_lift,1000.0,130.496,7.275616620089293,0.439669879399343,2.0,train,False,,,,7
M3,N7,E10b,T12a,edge_categorical,,,,,1.0,0.0,,,,,,,,,graph_lift,1000.0,132.112,7.27290147341245,0.2999595524492935,2.0,train,False,,,,8
M3,N7,E10b,T12a,edge_categorical,,,,,0.9285714285714286,0.0,,,-1.5653339593994162,0.0,0.0,0.0,0.0,0.0,graph_lift,1000.0,133.045,7.287921745518222,0.4620369094644571,2.0,train,False,,,,9
M3,N7,E10b,T12a,edge_categorical,,,,,0.7692307692307693,0.0,,,-0.2493919849134582,0.0,0.0,0.0,0.0,0.0,graph_lift,1000.0,131.982,7.264667586894771,0.5130308358549238,2.0,test,False,,,,0
M3,N7,E10b,T12a,edge_categorical,,,,,0.7222222222222222,0.0,,,-0.13114293660041,0.0,0.0,0.0,0.0,0.0,graph_lift,1000.0,130.454,7.271147626033245,0.4810205536603154,2.0,test,False,,,,1
M3,N7,E10b,T12a,edge_categorical,,,,,0.7272727272727273,0.0,,,-0.1762058216379098,0.0,0.0,0.0,0.0,0.0,graph_lift,1000.0,127.922,7.276562610250561,0.3488320958410319,2.0,test,False,,,,2
M3,N7,E10b,T12a,edge_categorical,,,,,0.8235294117647058,0.6666666666666666,,,0.0948988677247399,0.0948988677247399,0.1694369235267302,0.0,0.0948988677247399,-0.08974400369264329,graph_lift,1000.0,132.339,7.274006898134298,0.5672739606942847,2.0,test,False,,,,3
M3,N7,E10b,T12a,edge_categorical,,,,,0.8823529411764706,0.0,,,-0.7333278696802634,0.0,0.0,0.0,0.0,0.0,graph_lift,1000.0,130.608,7.258476203377782,0.4741393130558373,2.0,test,False,,,,4
M3,N7,E10b,T12a,edge_categorical,,,,,0.7333333333333333,0.0,,,-0.1848409200589134,0.0,0.0,0.0,0.0,0.0,graph_lift,1000.0,131.854,7.278653773902583,0.4769182703416179,2.0,test,False,,,,5
M3,N7,E10b,T12a,edge_categorical,,,,,0.8,0.0,,,-0.3569676680789981,0.0,0.0,0.0,0.0,0.0,graph_lift,1000.0,132.714,7.258674973740295,0.4562234201656139,2.0,test,False,,,,6
M3,N7,E10b,T12a,edge_categorical,,,,,0.875,0.0,,,-0.8063080835650844,0.0,0.0,0.0,0.0,0.0,graph_lift,1000.0,130.706,7.2825358636763,0.4931160077045562,2.0,test,False,,,,7
M3,N7,E10b,T12a,edge_categorical,,,,,0.95,0.0,,,-1.7228242166298258,0.0,0.0,0.0,0.0,0.0,graph_lift,1000.0,127.803,7.253026078944124,0.3111291548098491,2.0,test,False,,,,8
M3,N7,E10b,T12a,edge_categorical,,,,,0.85,0.0,,,-0.5942120404771096,0.0,0.0,0.0,0.0,0.0,graph_lift,1000.0,130.588,7.279779620448249,0.3046360973472382,2.0,test,False,,,,9
M3,N7,E10b,T12b,edge_categorical,,,,,0.6,0.5714285714285714,,,0.0041407195032812,0.0041407195032812,0.0488739355035892,0.0,0.0041407195032812,-0.04703184748069408,graph_lift,1000.0,9.425,6.852855578519548,0.5785341056306688,2.0,train,False,,,,0
M3,N7,E10b,T12b,edge_categorical,,,,,0.7692307692307693,0.0,,,-0.2325371706637775,0.0,0.0,0.0,0.0,0.0,graph_lift,1000.0,9.227,6.852973240061511,0.4505612088643047,2.0,train,False,,,,1
M3,N7,E10b,T12b,edge_categorical,,,,,0.7142857142857143,0.0,,,-0.1277095773992442,0.0,0.0838887387370044,0.0,0.0,-0.09157046996819067,graph_lift,1000.0,9.632,6.887551451372585,0.5066395578218191,2.0,train,False,,,,2
M3,N7,E10b,T12b,edge_categorical,,,,,0.7058823529411765,0.5454545454545454,,,0.0228263861759869,0.0228263861759869,0.0,0.0228263861759869,0.0228263861759869,0.0228263861759869,graph_lift,1000.0,9.658,6.8808180940594985,0.5722806987998472,2.0,train,False,,,,3
M3,N7,E10b,T12b,edge_categorical,,,,,0.8333333333333334,0.4,,,-0.7542567614454021,0.0,0.0,0.0,0.0,0.0,graph_lift,1000.0,9.535,6.864133388500625,0.536933977667577,2.0,train,False,,,,4
M3,N7,E10b,T12b,edge_categorical,,,,,0.8461538461538461,0.0,,,-0.5485570208866153,0.0,0.0,0.0,0.0,0.0,graph_lift,1000.0,9.5,6.861655491347335,0.5195798391285155,2.0,train,False,,,,5
M3,N7,E10b,T12b,edge_categorical,,,,,0.1666666666666666,0.2857142857142857,,,-0.5490389518069616,0.0,0.0,0.0,0.0,0.0,graph_lift,1000.0,9.451,6.875119364490252,0.5004024235361879,2.0,train,False,,,,6
M3,N7,E10b,T12b,edge_categorical,,,,,0.8666666666666667,0.0,,,-0.7174103324197187,0.0,0.0,0.0,0.0,0.0,graph_lift,1000.0,9.412,6.878890695937181,0.439669879399343,2.0,train,False,,,,7
M3,N7,E10b,T12b,edge_categorical,,,,,1.0,0.0,,,,,,,,,graph_lift,1000.0,9.363,6.896828922973426,0.2999595524492935,2.0,train,False,,,,8
M3,N7,E10b,T12b,edge_categorical,,,,,0.9285714285714286,0.0,,,-1.5881538262869657,0.0,0.0,0.0,0.0,0.0,graph_lift,1000.0,9.685,6.909502139474991,0.4620369094644571,2.0,train,False,,,,9
M3,N7,E10b,T12b,edge_categorical,,,,,0.7692307692307693,0.0,,,-0.2357751024258805,0.0,0.0,0.0,0.0,0.0,graph_lift,1000.0,9.655,6.8951997132854554,0.5130308358549238,2.0,test,False,,,,0
M3,N7,E10b,T12b,edge_categorical,,,,,0.7222222222222222,0.0,,,-0.1547767773083801,0.0,0.0,0.0,0.0,0.0,graph_lift,1000.0,9.541,6.878433327200048,0.4810205536603154,2.0,test,False,,,,1
M3,N7,E10b,T12b,edge_categorical,,,,,0.7272727272727273,0.0,,,-0.1676762260438944,0.0,0.0,0.0,0.0,0.0,graph_lift,1000.0,9.519,6.886130191552894,0.3488320958410319,2.0,test,False,,,,2
M3,N7,E10b,T12b,edge_categorical,,,,,0.8235294117647058,0.5714285714285714,,,-0.3118241169992286,0.0,0.0,0.0,0.0,0.0,graph_lift,1000.0,9.671,6.858582396381095,0.5672739606942847,2.0,test,False,,,,3
M3,N7,E10b,T12b,edge_categorical,,,,,0.8823529411764706,0.0,,,-0.4679516931827259,0.0,0.0,0.0,0.0,0.0,graph_lift,1000.0,9.52,6.868505380018929,0.4741393130558373,2.0,test,False,,,,4
M3,N7,E10b,T12b,edge_categorical,,,,,0.7333333333333333,0.0,,,-0.1813095751458062,0.0,0.0,0.0,0.0,0.0,graph_lift,1000.0,9.579,6.883039653188572,0.4769182703416179,2.0,test,False,,,,5
M3,N7,E10b,T12b,edge_categorical,,,,,0.8,0.0,,,-0.3605008103863969,0.0,0.0,0.0,0.0,0.0,graph_lift,1000.0,9.551,6.8896720417104,0.4562234201656139,2.0,test,False,,,,6
M3,N7,E10b,T12b,edge_categorical,,,,,0.875,0.0,,,-0.7087352938801394,0.0,0.0,0.0,0.0,0.0,graph_lift,1000.0,9.62,6.853939635154054,0.4931160077045562,2.0,test,False,,,,7
M3,N7,E10b,T12b,edge_categorical,,,,,0.95,0.0,,,-1.9918609049160327,0.0,0.0,0.0,0.0,0.0,graph_lift,1000.0,9.792,6.878597052824216,0.3111291548098491,2.0,test,False,,,,8
M3,N7,E10b,T12b,edge_categorical,,,,,0.85,0.0,,,-0.0735957918727403,0.0,0.0,0.0,0.0,0.0,graph_lift,1000.0,9.479,6.864568844075899,0.3046360973472382,2.0,test,False,,,,9
M3,N7,E10b,T12e,edge_categorical,,,,,0.5333333333333333,0.0,,,-8.198347391363825e-05,0.0,0.0,0.0,0.0,0.0,graph_lift,1000.0,0.0,0.0,0.5785341056306688,2.0,train,False,,,,0
M3,N7,E10b,T12e,edge_categorical,,,,,0.7692307692307693,0.0,,,-0.2736705531108725,0.0,0.0,0.0,0.0,0.0,graph_lift,1000.0,0.0,0.0,0.4505612088643047,2.0,train,False,,,,1
M3,N7,E10b,T12e,edge_categorical,,,,,0.7142857142857143,0.0,,,-0.155756788022104,0.0,0.0,0.0,0.0,0.0,graph_lift,1000.0,0.0,0.0,0.5066395578218191,2.0,train,False,,,,2
M3,N7,E10b,T12e,edge_categorical,,,,,0.5882352941176471,0.0,,,-0.0136235770176447,0.0,0.0,0.0,0.0,0.0,graph_lift,1000.0,0.0,0.0,0.5722806987998472,2.0,train,False,,,,3
M3,N7,E10b,T12e,edge_categorical,,,,,0.8888888888888888,0.0,,,-0.951952229140042,0.0,0.0,0.0,0.0,0.0,graph_lift,1000.0,0.0,0.0,0.536933977667577,2.0,train,False,,,,4
M3,N7,E10b,T12e,edge_categorical,,,,,0.8461538461538461,0.0,,,-0.6085037283050811,0.0,0.0,0.0,0.0,0.0,graph_lift,1000.0,0.0,0.0,0.5195798391285155,2.0,train,False,,,,5
M3,N7,E10b,T12e,edge_categorical,,,,,0.8333333333333334,0.0,,,-0.5250371313236268,0.0,0.0,0.0,0.0,0.0,graph_lift,1000.0,0.0,0.0,0.5004024235361879,2.0,train,False,,,,6
M3,N7,E10b,T12e,edge_categorical,,,,,0.8666666666666667,0.0,,,-0.6420468362989924,0.0,0.0,0.0,0.0,0.0,graph_lift,1000.0,0.0,0.0,0.439669879399343,2.0,train,False,,,,7
M3,N7,E10b,T12e,edge_categorical,,,,,1.0,0.0,,,,,,,,,graph_lift,1000.0,0.0,0.0,0.2999595524492935,2.0,train,False,,,,8
M3,N7,E10b,T12e,edge_categorical,,,,,0.9285714285714286,0.0,,,-1.676803529925655,0.0,0.0,0.0,0.0,0.0,graph_lift,1000.0,0.0,0.0,0.4620369094644571,2.0,train,False,,,,9
M3,N7,E10b,T12e,edge_categorical,,,,,0.7692307692307693,0.0,,,-0.2820654192315688,0.0,0.0,0.0,0.0,0.0,graph_lift,1000.0,0.0,0.0,0.5130308358549238,2.0,test,False,,,,0
M3,N7,E10b,T12e,edge_categorical,,,,,0.7222222222222222,0.0,,,-0.1710480842524882,0.0,0.0,0.0,0.0,0.0,graph_lift,1000.0,0.0,0.0,0.4810205536603154,2.0,test,False,,,,1
M3,N7,E10b,T12e,edge_categorical,,,,,0.7272727272727273,0.0,,,-0.1727725300964178,0.0,0.0,0.0,0.0,0.0,graph_lift,1000.0,0.0,0.0,0.3488320958410319,2.0,test,False,,,,2
M3,N7,E10b,T12e,edge_categorical,,,,,0.8235294117647058,0.0,,,-0.4816064088531764,0.0,0.0,0.0,0.0,0.0,graph_lift,1000.0,0.0,0.0,0.5672739606942847,2.0,test,False,,,,3
M3,N7,E10b,T12e,edge_categorical,,,,,0.8823529411764706,0.0,,,-0.8226851576838956,0.0,0.0,0.0,0.0,0.0,graph_lift,1000.0,0.0,0.0,0.4741393130558373,2.0,test,False,,,,4
M3,N7,E10b,T12e,edge_categorical,,,,,0.7333333333333333,0.0,,,-0.1947898011618893,0.0,0.0,0.0,0.0,0.0,graph_lift,1000.0,0.0,0.0,0.4769182703416179,2.0,test,False,,,,5
M3,N7,E10b,T12e,edge_categorical,,,,,0.8,0.0,,,-0.3492569004451449,0.0,0.0,0.0,0.0,0.0,graph_lift,1000.0,0.0,0.0,0.4562234201656139,2.0,test,False,,,,6
M3,N7,E10b,T12e,edge_categorical,,,,,0.875,0.0,,,-0.8387171164342972,0.0,0.0,0.0,0.0,0.0,graph_lift,1000.0,0.0,0.0,0.4931160077045562,2.0,test,False,,,,7
M3,N7,E10b,T12e,edge_categorical,,,,,0.95,0.0,,,-2.383941085224521,0.0,0.0,0.0,0.0,0.0,graph_lift,1000.0,0.0,0.0,0.3111291548098491,2.0,test,False,,,,8
M3,N7,E10b,T12e,edge_categorical,,,,,0.85,0.0,,,-0.5887208462066686,0.0,0.0,0.0,0.0,0.0,graph_lift,1000.0,0.0,0.0,0.3046360973472382,2.0,test,False,,,,9
M3,N8,E10b,T12a,edge_categorical,,,,,0.9941798941798942,0.0,,,-17.494539275159095,0.0,0.0,0.0,0.0,0.0,graph_lift,2919.0,130.415,7.250427333922261,0.0392576303980082,2.0,train,False,,,,0
M3,N8,E10b,T12a,edge_categorical,,,,,0.9983227104998322,0.0,,,-51.30338824372372,0.0,0.0,0.0,0.0,0.0,graph_lift,3125.0,130.661,7.272168341507912,0.0119654194769456,2.0,train,False,,,,1
M3,N8,E10b,T12a,edge_categorical,,,,,0.9982859101816935,0.0,,,-50.997866653525755,0.0,0.0,0.0,0.0,0.0,graph_lift,3005.0,134.048,7.247702458283311,0.0141417076403885,2.0,train,False,,,,2
M3,N8,E10b,T12a,edge_categorical,,,,,0.9975020815986678,0.0,,,-35.52479788446096,0.0,0.0,0.0,0.0,0.0,graph_lift,3418.0,135.502,7.265949791697949,0.0226633361230872,2.0,train,False,,,,3
M3,N8,E10b,T12a,edge_categorical,,,,,0.9928011856870632,0.7951807228915663,,,0.712010252553092,0.712010252553092,0.5499434133485468,0.3601032492610936,0.712010252553092,0.3601032492610936,graph_lift,3166.0,130.462,7.251963988434811,0.1034681965089501,2.0,train,False,,,,4
M3,N8,E10b,T12a,edge_categorical,,,,,0.9961832061068704,0.0,,,-23.05125174317675,0.0,0.0,0.0,0.0,0.0,graph_lift,2813.0,127.871,7.266763744180336,0.0245384934178003,2.0,train,False,,,,5
M3,N8,E10b,T12a,edge_categorical,,,,,0.9980685659101884,0.0,,,-45.8104760037845,0.0,0.0,0.0,0.0,0.0,graph_lift,3351.0,130.484,7.277705975503222,0.0143017143539734,2.0,train,False,,,,6
M3,N8,E10b,T12a,edge_categorical,,,,,0.99742455629584,0.0,,,-33.83332624971599,0.0,0.0,0.0,0.0,0.0,graph_lift,3266.0,130.496,7.275616620089293,0.0147321518732348,2.0,train,False,,,,7
M3,N8,E10b,T12a,edge_categorical,,,,,0.9997625267157444,0.0,,,-295.65504624892293,0.0,0.0,0.0,0.0,0.0,graph_lift,3127.0,132.112,7.27290147341245,0.0031849872302264,2.0,train,False,,,,8
M3,N8,E10b,T12a,edge_categorical,,,,,0.9973932877158684,0.0,,,-35.46348228263548,0.0,0.0,0.0,0.0,0.0,graph_lift,3096.0,133.045,7.287921745518222,0.0171382725813881,2.0,train,False,,,,9
M3,N8,E10b,T12a,edge_categorical,,,,,0.9927095990279464,0.0,,,-13.849423290734943,0.0,0.0,0.0,0.0,0.0,graph_lift,3143.0,131.982,7.264667586894771,0.0372266347551634,2.0,test,False,,,,0
M3,N8,E10b,T12a,edge_categorical,,,,,0.9958012596221134,0.0,,,-21.73066835553194,0.0,0.0,0.0,0.0,0.0,graph_lift,2970.0,130.454,7.271147626033245,0.0266004172361994,2.0,test,False,,,,1
M3,N8,E10b,T12a,edge_categorical,,,,,0.9995885815557948,0.0,,,-177.7557469445969,0.0,0.0,0.0,0.0,0.0,graph_lift,3336.0,127.922,7.276562610250561,0.0029176270189659,2.0,test,False,,,,2
M3,N8,E10b,T12a,edge_categorical,,,,,0.990128626981753,0.0,,,-10.100196259322956,0.0,0.0,0.0,0.0,0.0,graph_lift,3024.0,132.339,7.274006898134298,0.0495479620299383,2.0,test,False,,,,3
M3,N8,E10b,T12a,edge_categorical,,,,,0.987542468856172,0.1372549019607843,,,0.5656422346884011,0.5656422346884011,0.0,0.5656422346884011,0.5656422346884011,0.5656422346884011,graph_lift,3418.0,130.608,7.258476203377782,0.072464864574164,2.0,test,False,,,,4
M3,N8,E10b,T12a,edge_categorical,,,,,0.9959384972439804,0.7666666666666667,,,0.6254509172347114,0.6254509172347114,0.415697222478936,0.3589811700804618,0.6254509172347114,0.3589811700804619,graph_lift,3088.0,131.854,7.278653773902583,0.0619655082526695,2.0,test,False,,,,5
M3,N8,E10b,T12a,edge_categorical,,,,,0.9962534059945504,0.0,,,-25.92031249195643,0.0,0.0,0.0,0.0,0.0,graph_lift,3039.0,132.714,7.258674973740295,0.0178039128751491,2.0,test,False,,,,6
M3,N8,E10b,T12a,edge_categorical,,,,,0.9967421221142504,0.0,,,-27.149522730490546,0.0,0.0,0.0,0.0,0.0,graph_lift,3437.0,130.706,7.2825358636763,0.021781131160024,2.0,test,False,,,,7
M3,N8,E10b,T12a,edge_categorical,,,,,0.9985950122936424,0.0,,,-60.40945767437845,0.0,0.0,0.0,0.0,0.0,graph_lift,3090.0,127.803,7.253026078944124,0.0117774373530311,2.0,test,False,,,,8
M3,N8,E10b,T12a,edge_categorical,,,,,0.9978046103183316,0.0,,,-39.7707442612381,0.0,0.0,0.0,0.0,0.0,graph_lift,3015.0,130.588,7.279779620448249,0.0100525520518134,2.0,test,False,,,,9
M3,N8,E10b,T12b,edge_categorical,,,,,0.9941798941798942,0.0,,,-16.643747133099442,0.0,0.0,0.0,0.0,0.0,graph_lift,2919.0,9.425,6.852855578519548,0.0392576303980082,2.0,train,False,,,,0
M3,N8,E10b,T12b,edge_categorical,,,,,0.9983227104998322,0.0,,,-50.65861834075368,0.0,0.0,0.0,0.0,0.0,graph_lift,3125.0,9.227,6.852973240061511,0.0119654194769456,2.0,train,False,,,,1
M3,N8,E10b,T12b,edge_categorical,,,,,0.9982859101816935,0.0,,,-53.0483935013532,0.0,0.0,0.0,0.0,0.0,graph_lift,3005.0,9.632,6.887551451372585,0.0141417076403885,2.0,train,False,,,,2
M3,N8,E10b,T12b,edge_categorical,,,,,0.9975020815986678,0.0,,,-35.81832386939899,0.0,0.0,0.0,0.0,0.0,graph_lift,3418.0,9.658,6.8808180940594985,0.0226633361230872,2.0,train,False,,,,3
M3,N8,E10b,T12b,edge_categorical,,,,,0.9983061613381324,0.9603960396039604,,,0.8836507361759454,0.8836507361759454,0.5835841902013321,0.7205935483566098,0.8836507361759454,0.7205935483566098,graph_lift,3166.0,9.535,6.864133388500625,0.1034681965089501,2.0,train,False,,,,4
M3,N8,E10b,T12b,edge_categorical,,,,,0.9961832061068704,0.0,,,-24.95903079663787,0.0,0.0,0.0,0.0,0.0,graph_lift,2813.0,9.5,6.861655491347335,0.0245384934178003,2.0,train,False,,,,5
M3,N8,E10b,T12b,edge_categorical,,,,,0.9980685659101884,0.0,,,-47.32325409141986,0.0,0.0,0.0,0.0,0.0,graph_lift,3351.0,9.451,6.875119364490252,0.0143017143539734,2.0,train,False,,,,6
M3,N8,E10b,T12b,edge_categorical,,,,,0.99742455629584,0.0,,,-35.18921002585331,0.0,0.0,0.0,0.0,0.0,graph_lift,3266.0,9.412,6.878890695937181,0.0147321518732348,2.0,train,False,,,,7
M3,N8,E10b,T12b,edge_categorical,,,,,0.9997625267157444,0.0,,,-293.1754245326723,0.0,0.0,0.0,0.0,0.0,graph_lift,3127.0,9.363,6.896828922973426,0.0031849872302264,2.0,train,False,,,,8
M3,N8,E10b,T12b,edge_categorical,,,,,0.9973932877158684,0.0,,,-35.05062721925551,0.0,0.0,0.0,0.0,0.0,graph_lift,3096.0,9.685,6.909502139474991,0.0171382725813881,2.0,train,False,,,,9
M3,N8,E10b,T12b,edge_categorical,,,,,0.9927095990279464,0.0,,,-14.16788314820968,0.0,0.0,0.0,0.0,0.0,graph_lift,3143.0,9.655,6.8951997132854554,0.0372266347551634,2.0,test,False,,,,0
M3,N8,E10b,T12b,edge_categorical,,,,,0.9958012596221134,0.0,,,-22.473436703408208,0.0,0.0,0.0,0.0,0.0,graph_lift,2970.0,9.541,6.878433327200048,0.0266004172361994,2.0,test,False,,,,1
M3,N8,E10b,T12b,edge_categorical,,,,,0.9995885815557948,0.0,,,-182.2192634447303,0.0,0.0,0.0,0.0,0.0,graph_lift,3336.0,9.519,6.886130191552894,0.0029176270189659,2.0,test,False,,,,2
M3,N8,E10b,T12b,edge_categorical,,,,,0.990128626981753,0.0,,,-10.528657557241432,0.0,0.0,0.0,0.0,0.0,graph_lift,3024.0,9.671,6.858582396381095,0.0495479620299383,2.0,test,False,,,,3
M3,N8,E10b,T12b,edge_categorical,,,,,0.9865515288788222,0.0,,,-8.200833167544696,0.0,0.450935605092941,0.0,0.0,-0.8212799978940021,graph_lift,3418.0,9.52,6.868505380018929,0.072464864574164,2.0,test,False,,,,4
M3,N8,E10b,T12b,edge_categorical,,,,,0.9944879605454018,0.6545454545454545,,,0.6023868479189147,0.6023868479189147,0.4495768323153856,0.2776227902003706,0.6023868479189147,0.2776227902003706,graph_lift,3088.0,9.579,6.883039653188572,0.0619655082526695,2.0,test,False,,,,5
M3,N8,E10b,T12b,edge_categorical,,,,,0.9962534059945504,0.0,,,-25.015273135168343,0.0,0.0,0.0,0.0,0.0,graph_lift,3039.0,9.551,6.8896720417104,0.0178039128751491,2.0,test,False,,,,6
M3,N8,E10b,T12b,edge_categorical,,,,,0.9967421221142504,0.0,,,-29.06582860301011,0.0,0.0,0.0,0.0,0.0,graph_lift,3437.0,9.62,6.853939635154054,0.021781131160024,2.0,test,False,,,,7
M3,N8,E10b,T12b,edge_categorical,,,,,0.9985950122936424,0.0,,,-60.191258724523536,0.0,0.0,0.0,0.0,0.0,graph_lift,3090.0,9.792,6.878597052824216,0.0117774373530311,2.0,test,False,,,,8
M3,N8,E10b,T12b,edge_categorical,,,,,0.9978046103183316,0.0,,,-41.98248817539891,0.0,0.0,0.0,0.0,0.0,graph_lift,3015.0,9.479,6.864568844075899,0.0100525520518134,2.0,test,False,,,,9
M3,N8,E10b,T12e,edge_categorical,,,,,0.9941798941798942,0.0,,,-16.561818528696296,0.0,0.0,0.0,0.0,0.0,graph_lift,2919.0,0.0,0.0,0.0392576303980082,2.0,train,False,,,,0
M3,N8,E10b,T12e,edge_categorical,,,,,0.9983227104998322,0.0,,,-50.226616797452074,0.0,0.0,0.0,0.0,0.0,graph_lift,3125.0,0.0,0.0,0.0119654194769456,2.0,train,False,,,,1
M3,N8,E10b,T12e,edge_categorical,,,,,0.9982859101816935,0.0,,,-51.132255063527,0.0,0.0,0.0,0.0,0.0,graph_lift,3005.0,0.0,0.0,0.0141417076403885,2.0,train,False,,,,2
M3,N8,E10b,T12e,edge_categorical,,,,,0.9975020815986678,0.0,,,-36.93581647944801,0.0,0.0,0.0,0.0,0.0,graph_lift,3418.0,0.0,0.0,0.0226633361230872,2.0,train,False,,,,3
M3,N8,E10b,T12e,edge_categorical,,,,,0.99258945585433,0.7878787878787878,,,0.6647651717331784,0.6647651717331784,0.5839878248845158,0.1941706317278789,0.6647651717331784,0.19417063172787893,graph_lift,3166.0,0.0,0.0,0.1034681965089501,2.0,train,False,,,,4
M3,N8,E10b,T12e,edge_categorical,,,,,0.9961832061068704,0.0,,,-25.503473035307263,0.0,0.0,0.0,0.0,0.0,graph_lift,2813.0,0.0,0.0,0.0245384934178003,2.0,train,False,,,,5
M3,N8,E10b,T12e,edge_categorical,,,,,0.9980685659101884,0.0,,,-41.90249789316341,0.0,0.0,0.0,0.0,0.0,graph_lift,3351.0,0.0,0.0,0.0143017143539734,2.0,train,False,,,,6
M3,N8,E10b,T12e,edge_categorical,,,,,0.99742455629584,0.0,,,-35.969509219656246,0.0,0.0,0.0,0.0,0.0,graph_lift,3266.0,0.0,0.0,0.0147321518732348,2.0,train,False,,,,7
M3,N8,E10b,T12e,edge_categorical,,,,,0.9997625267157444,0.0,,,-289.01540233446974,0.0,0.0,0.0,0.0,0.0,graph_lift,3127.0,0.0,0.0,0.0031849872302264,2.0,train,False,,,,8
M3,N8,E10b,T12e,edge_categorical,,,,,0.9973932877158684,0.0,,,-34.56450504239447,0.0,0.0,0.0,0.0,0.0,graph_lift,3096.0,0.0,0.0,0.0171382725813881,2.0,train,False,,,,9
M3,N8,E10b,T12e,edge_categorical,,,,,0.9927095990279464,0.0,,,-13.851089691468871,0.0,0.0,0.0,0.0,0.0,graph_lift,3143.0,0.0,0.0,0.0372266347551634,2.0,test,False,,,,0
M3,N8,E10b,T12e,edge_categorical,,,,,0.9958012596221134,0.0,,,-23.225618260122634,0.0,0.0,0.0,0.0,0.0,graph_lift,2970.0,0.0,0.0,0.0266004172361994,2.0,test,False,,,,1
M3,N8,E10b,T12e,edge_categorical,,,,,0.9995885815557948,0.0,,,-176.10174793970842,0.0,0.0,0.0,0.0,0.0,graph_lift,3336.0,0.0,0.0,0.0029176270189659,2.0,test,False,,,,2
M3,N8,E10b,T12e,edge_categorical,,,,,0.990128626981753,0.0,,,-10.5869131714489,0.0,0.0,0.0,0.0,0.0,graph_lift,3024.0,0.0,0.0,0.0495479620299383,2.0,test,False,,,,3
M3,N8,E10b,T12e,edge_categorical,,,,,0.9865515288788222,0.0,,,-7.844389055741013,0.0,0.0,0.0,0.0,0.0,graph_lift,3418.0,0.0,0.0,0.072464864574164,2.0,test,False,,,,4
M3,N8,E10b,T12e,edge_categorical,,,,,0.994197853205686,0.6296296296296297,,,0.6060090292122946,0.6060090292122946,0.421124968265203,0.3193851018120841,0.6060090292122946,0.3193851018120841,graph_lift,3088.0,0.0,0.0,0.0619655082526695,2.0,test,False,,,,5
M3,N8,E10b,T12e,edge_categorical,,,,,0.9962534059945504,0.0,,,-25.398519248043435,0.0,0.0,0.0,0.0,0.0,graph_lift,3039.0,0.0,0.0,0.0178039128751491,2.0,test,False,,,,6
M3,N8,E10b,T12e,edge_categorical,,,,,0.9967421221142504,0.0,,,-27.099189578567582,0.0,0.0,0.0,0.0,0.0,graph_lift,3437.0,0.0,0.0,0.021781131160024,2.0,test,False,,,,7
M3,N8,E10b,T12e,edge_categorical,,,,,0.9985950122936424,0.0,,,-60.295326201321906,0.0,0.0,0.0,0.0,0.0,graph_lift,3090.0,0.0,0.0,0.0117774373530311,2.0,test,False,,,,8
M3,N8,E10b,T12e,edge_categorical,,,,,0.9978046103183316,0.0,,,-41.17546231884852,0.0,0.0,0.0,0.0,0.0,graph_lift,3015.0,0.0,0.0,0.0100525520518134,2.0,test,False,,,,9
