row_idx,primary_id,aggregate_id,categorical_label,scalar_label
0,8049,Asia,2,79.94
1,33974,Americas,1,19.96
2,6188,Europe,4,23.25
3,17983,Americas,1,30.0
4,22261,Americas,1,40.0
5,3933,Americas,1,
6,40629,Europe,4,19.4
7,10497,Americas,1,20.08
8,1791,Americas,1,
9,24462,Americas,1,
10,25929,World,0,15.0
11,19851,World,0,26.0
12,27178,Americas,1,29.75
13,36534,Americas,1,
14,585,Historical Study & Educational Resources,9,7.01
15,26907,Americas,1,10.92
16,14922,Americas,1,96.0
17,6550,Americas,1,
18,31830,Americas,1,19.95
19,40329,World,0,9.48
20,24039,Europe,4,7.0
21,19788,World,0,24.95
22,20153,Americas,1,15.16
23,21525,Americas,1,
24,5001,Europe,4,27.95
25,30546,Military,3,12.95
26,37386,Americas,1,
27,6670,Americas,1,25.19
28,22213,Americas,1,31.25
29,19461,Americas,1,
30,2055,World,0,
31,40605,Americas,1,11.0
32,25403,Historical Study & Educational Resources,9,56.01
33,2088,Americas,1,
34,20427,Americas,1,24.76
35,1331,Ancient Civilizations,7,20.99
36,729,Americas,1,
37,4165,Americas,1,23.42
38,38854,Military,3,
39,2893,Americas,1,
40,19107,Americas,1,13.27
41,29056,Military,3,12.0
42,7369,Military,3,14.5
43,24048,Americas,1,
44,13659,Americas,1,
45,19579,Americas,1,
46,20945,Americas,1,14.47
47,4785,Military,3,15.31
48,9931,Americas,1,22.62
49,40723,Asia,2,12.6
50,31884,World,0,
51,8569,World,0,
52,22524,Americas,1,
53,11104,Americas,1,
54,12536,Americas,1,18.56
55,20063,Americas,1,
56,36426,Military,3,29.0
57,7569,World,0,
58,23075,World,0,23.22
59,38882,Americas,1,31.0
60,25862,World,0,
61,18871,Americas,1,
62,3619,Europe,4,31.45
63,13651,Americas,1,5.58
64,21967,Europe,4,7.66
65,26138,Military,3,7.99
66,9632,Americas,1,
67,39434,Europe,4,
68,32601,World,0,14.61
69,26583,Americas,1,16.34
70,25670,Military,3,
71,20376,Americas,1,
72,40322,Americas,1,
73,16537,Americas,1,21.31
74,24015,Americas,1,31.66
75,22954,Americas,1,8.64
76,15632,World,0,
77,10075,Americas,1,25.0
78,16975,Americas,1,5.99
79,11616,Americas,1,16.73
80,10146,Americas,1,20.98
81,38700,Europe,4,28.25
82,24291,Americas,1,36.0
83,7650,Americas,1,15.95
84,29854,Americas,1,
85,26033,Americas,1,17.99
86,9761,World,0,
87,37256,Military,3,
88,34922,Americas,1,
89,12148,Americas,1,11.64
90,9301,Americas,1,21.98
91,14876,Americas,1,
92,24653,Americas,1,
93,30159,Europe,4,8.33
94,19365,Americas,1,
95,10013,Americas,1,14.55
96,25781,Military,3,
97,11605,Americas,1,10.0
98,23003,Americas,1,
99,29686,Military,3,25.0
100,17248,Americas,1,
101,7646,Americas,1,15.9
102,19291,Americas,1,17.92
103,33871,World,0,20.0
104,20392,Americas,1,30.95
105,33119,World,0,6.94
106,40094,Americas,1,22.34
107,4285,Americas,1,25.0
108,8247,World,0,27.99
109,9590,Americas,1,
110,27389,Military,3,7.83
111,13926,Military,3,29.96
112,26830,Military,3,22.43
113,20457,Americas,1,18.16
114,20310,Americas,1,22.1
115,37205,World,0,10.3
116,38953,Americas,1,21.95
117,9803,Americas,1,15.25
118,2743,World,0,
119,16726,Asia,2,15.67
120,24957,Americas,1,23.75
121,38761,Americas,1,24.95
122,8305,Americas,1,
123,40218,Americas,1,23.85
124,23022,Europe,4,8.99
125,1392,Military,3,13.65
126,41271,Europe,4,99.95
127,8293,Americas,1,
128,12617,Americas,1,21.99
129,24384,World,0,22.95
130,28305,Americas,1,19.79
131,16716,Asia,2,11.87
132,17403,Americas,1,22.95
133,36736,Europe,4,21.95
134,35670,Americas,1,23.18
135,13925,Military,3,
136,11098,World,0,47.94
137,25748,Americas,1,
138,2561,World,0,
139,40458,Americas,1,
140,19955,Americas,1,35.96
141,19034,Americas,1,2.72
142,11034,Europe,4,30.0
143,40381,World,0,12.95
144,31043,World,0,40.45
145,29415,Europe,4,12.22
146,39767,Middle East,8,
147,38283,Asia,2,14.62
148,19165,Americas,1,22.14
149,37531,Military,3,
150,40025,World,0,45.45
151,18106,Americas,1,
152,33934,Military,3,14.97
153,28372,Americas,1,15.63
154,28631,Americas,1,15.94
155,16408,Americas,1,
156,7225,Americas,1,
157,30364,Americas,1,11.13
158,25214,Americas,1,7.2
159,40556,Asia,2,10.0
160,3248,World,0,27.07
161,12639,Americas,1,17.38
162,4548,Ancient Civilizations,7,53.11
163,20783,Americas,1,
164,2150,Americas,1,
165,11466,Americas,1,21.99
166,23069,Americas,1,50.59
167,1905,Americas,1,
168,17977,Americas,1,
169,10132,Americas,1,39.99
170,17362,Americas,1,
171,29876,World,0,37.0
172,34168,Americas,1,10.84
173,17005,Americas,1,
174,30008,Americas,1,19.99
175,20094,Americas,1,15.96
176,6703,Americas,1,16.95
177,11404,Americas,1,15.49
178,24411,Americas,1,12.95
179,7134,World,0,
180,22882,Americas,1,
181,15176,Americas,1,
182,20582,Americas,1,
183,38794,Military,3,34.37
184,18367,Europe,4,7.95
185,16540,Americas,1,
186,33770,World,0,12.44
187,23115,Americas,1,9.95
188,23753,Americas,1,20.65
189,17487,Americas,1,
190,36082,Military,3,17.95
191,3270,World,0,40.0
192,30036,Americas,1,29.95
193,15999,Americas,1,13.96
194,37017,Military,3,17.96
195,7908,World,0,34.55
196,7294,Americas,1,9.73
197,36915,Asia,2,18.12
198,34639,Americas,1,19.17
199,40200,Americas,1,29.95
200,14583,Americas,1,39.95
201,216,Americas,1,
202,13561,Americas,1,18.55
203,17364,Americas,1,
204,1900,Americas,1,
205,1464,World,0,14.4
206,9987,Military,3,7.58
207,1993,Americas,1,
208,1554,World,0,22.69
209,21466,Europe,4,21.55
210,10097,Americas,1,
211,7861,Americas,1,
212,5503,Europe,4,26.04
213,11873,Americas,1,21.99
214,22665,Americas,1,
215,4168,Americas,1,22.42
216,37642,Europe,4,18.95
217,12248,Americas,1,18.35
218,14948,World,0,13.36
219,17099,Americas,1,
220,26409,Asia,2,21.15
221,6465,World,0,6.76
222,24959,Military,3,14.95
223,33698,World,0,30.54
224,23101,Africa,6,26.95
225,23467,Americas,1,
226,22202,Americas,1,50.0
227,18714,Americas,1,19.95
228,20645,Americas,1,
229,6326,World,0,8.98
230,6315,Americas,1,9.95
231,28158,Americas,1,21.99
232,31484,World,0,
233,15130,Americas,1,
234,18881,World,0,
235,5457,Americas,1,8.35
236,17228,Americas,1,27.56
237,14009,Europe,4,
238,18838,Americas,1,
239,31866,World,0,17.0
240,1681,Americas,1,8.98
241,30016,World,0,
242,10210,Europe,4,16.89
243,22793,Americas,1,
244,9410,World,0,4.95
245,16815,World,0,27.8
246,5865,Americas,1,16.99
247,13849,Americas,1,18.45
248,38162,Europe,4,17.95
249,2299,World,0,
250,35907,World,0,
251,38807,Asia,2,35.77
252,28494,Americas,1,21.99
253,11461,Americas,1,21.32
254,9235,World,0,
255,21095,Americas,1,18.27
256,37551,Europe,4,19.95
257,33219,Americas,1,14.39
258,8091,Europe,4,
259,6324,Americas,1,17.08
260,17851,Europe,4,20.15
261,1395,Europe,4,12.21
262,7905,Ancient Civilizations,7,9.95
263,37601,Military,3,19.95
264,23966,World,0,14.9
265,15988,Americas,1,25.95
266,23819,Military,3,
267,27820,Americas,1,25.0
268,32712,Americas,1,11.95
269,19534,Americas,1,19.32
270,21704,Military,3,22.94
271,6206,Military,3,16.0
272,4,Americas,1,40.91
273,10229,Americas,1,5.94
274,5020,Europe,4,14.26
275,37622,Europe,4,11.83
276,24374,Americas,1,
277,32519,World,0,9.95
278,40552,Military,3,16.95
279,11625,Americas,1,
280,4325,Americas,1,15.49
281,6016,Americas,1,
282,5712,Military,3,27.9
283,22968,Americas,1,
284,40399,World,0,17.19
285,23883,Americas,1,16.0
286,625,Historical Study & Educational Resources,9,14.99
287,12701,Americas,1,21.83
288,30956,Americas,1,24.99
289,33486,Americas,1,19.99
290,20899,Americas,1,26.1
291,4152,Americas,1,
292,6330,Europe,4,16.97
293,17208,Americas,1,23.04
294,28358,Americas,1,17.37
295,36015,Americas,1,14.87
296,37227,Europe,4,19.33
297,40497,Military,3,14.99
298,25770,World,0,15.26
299,5401,Americas,1,20.96
300,28316,Americas,1,21.99
301,2445,World,0,
302,14750,Americas,1,33.4
303,19006,Americas,1,23.43
304,33967,Americas,1,34.95
305,34367,Americas,1,18.53
306,31192,Americas,1,14.95
307,5199,World,0,14.0
308,29356,Americas,1,
309,27099,Americas,1,
310,35278,Europe,4,
311,7948,World,0,
312,23285,Military,3,
313,29498,Americas,1,8.95
314,10861,Americas,1,
315,27783,Americas,1,10.87
316,6217,Americas,1,11.88
317,6515,Americas,1,27.5
318,30729,World,0,13.94
319,10876,Military,3,34.95
320,657,Americas,1,13.46
321,37378,Europe,4,27.19
322,33316,Americas,1,13.1
323,465,World,0,
324,39427,Americas,1,11.98
325,5144,Americas,1,14.52
326,31292,Americas,1,17.95
327,10609,Americas,1,11.97
328,23362,World,0,26.33
329,18821,Americas,1,10.85
330,39444,Military,3,9.0
331,25615,Americas,1,7.99
332,1829,Europe,4,
333,10178,World,0,14.98
334,16701,World,0,
335,24339,Americas,1,
336,32587,Americas,1,3.69
337,323,Historical Study & Educational Resources,9,7.95
338,34330,Americas,1,16.99
339,14129,Europe,4,13.44
340,34061,Americas,1,19.26
341,19125,Americas,1,11.43
342,2791,World,0,
343,5411,Europe,4,19.02
344,27682,Americas,1,19.95
345,35928,Americas,1,19.45
346,24212,World,0,16.4
347,30474,Americas,1,12.95
348,2666,World,0,
349,35148,Ancient Civilizations,7,13.72
350,28990,Military,3,12.88
351,22503,Americas,1,
352,21433,World,0,18.0
353,9731,Americas,1,19.8
354,24650,World,0,19.05
355,22707,Americas,1,12.5
356,23694,Americas,1,10.68
357,39957,Americas,1,33.98
358,14117,Military,3,19.2
359,15602,World,0,
360,13841,Military,3,5.21
361,10592,Americas,1,6.99
362,39835,Americas,1,
363,9831,Middle East,8,32.79
364,16731,Americas,1,
365,35584,Americas,1,19.99
366,25349,Americas,1,7.64
367,27092,Americas,1,
368,4859,Europe,4,18.95
369,13529,Americas,1,21.99
370,772,Americas,1,8.9
371,14273,Military,3,
372,30634,World,0,
373,28623,Americas,1,13.59
374,2746,Americas,1,34.09
375,14019,World,0,44.73
376,25123,Europe,4,
377,5306,Ancient Civilizations,7,
378,35005,Americas,1,17.71
379,30248,Military,3,16.95
380,28750,Americas,1,29.95
381,30719,World,0,24.54
382,1451,Americas,1,16.38
383,28727,Americas,1,29.95
384,31081,Americas,1,59.99
385,33444,Americas,1,21.26
386,9798,Asia,2,
387,6793,Americas,1,18.78
388,24619,Americas,1,
389,1503,Americas,1,14.2
390,14495,Americas,1,19.95
391,26886,Americas,1,
392,6769,Historical Study & Educational Resources,9,
393,22517,Americas,1,15.95
394,7468,Americas,1,4.95
395,15143,Americas,1,
396,31035,Military,3,15.0
397,31361,World,0,35.0
398,17987,World,0,26.0
399,33781,Americas,1,
400,38857,Military,3,
401,33417,Americas,1,
402,33346,World,0,8.35
403,29071,Europe,4,14.04
404,35265,Americas,1,20.27
405,36818,Asia,2,17.96
406,12730,Americas,1,20.38
407,26842,Americas,1,
408,4580,Europe,4,11.8
409,6740,Europe,4,22.95
410,25606,Americas,1,5.89
411,29281,Military,3,26.99
412,26359,Military,3,35.99
413,29811,Americas,1,560.59
414,39485,Asia,2,37.0
415,7503,Americas,1,31.5
416,15532,World,0,
417,3161,Europe,4,
418,21985,Military,3,23.66
419,12101,Americas,1,21.99
420,36329,Military,3,18.95
421,14958,Americas,1,
422,34180,Americas,1,14.95
423,8471,World,0,
424,1736,Americas,1,23.69
425,19815,Americas,1,67.59
426,9801,Americas,1,
427,40970,World,0,
428,25841,Military,3,17.49
429,26810,World,0,17.95
430,19460,World,0,
431,28116,Americas,1,21.38
432,3277,World,0,
433,7747,World,0,31.95
434,32114,Americas,1,7.8
435,6024,Americas,1,12.01
436,1631,Historical Study & Educational Resources,9,12.23
437,25942,Americas,1,13.95
438,12350,Americas,1,
439,10127,Americas,1,33.93
440,15069,Americas,1,13.9
441,27589,Americas,1,
442,39265,Americas,1,15.23
443,3929,World,0,
444,37735,Middle East,8,27.69
445,16954,Americas,1,19.6
446,3953,Americas,1,
447,22737,Americas,1,
448,8966,Americas,1,
449,40601,Americas,1,22.0
450,12188,Americas,1,21.99
451,16214,World,0,17.73
452,25077,Europe,4,15.0
453,2608,Middle East,8,
454,41268,World,0,12.68
455,25769,Americas,1,27.89
456,18403,Russia,5,8.95
457,40476,Americas,1,18.95
458,7822,Americas,1,5.04
459,20458,Americas,1,22.95
460,27093,Americas,1,
461,12172,Americas,1,15.58
462,5395,Military,3,10.41
463,21268,World,0,
464,36248,Military,3,7.48
465,29584,Ancient Civilizations,7,10.99
466,10859,Americas,1,
467,11810,Americas,1,21.99
468,34892,Military,3,39.88
469,5676,Americas,1,14.99
470,314,Americas,1,28.79
471,25607,Americas,1,18.87
472,38887,Americas,1,
473,34672,Americas,1,12.95
474,23502,Americas,1,18.75
475,36057,Europe,4,23.2
476,5610,Americas,1,
477,11189,Americas,1,8.92
478,37694,Military,3,18.87
479,15427,Americas,1,8.41
480,41280,World,0,9.25
481,16826,Military,3,
482,16912,Americas,1,19.95
483,30195,Military,3,19.99
484,2868,World,0,
485,3025,Americas,1,
486,32618,Americas,1,10.74
487,31865,Americas,1,
488,13732,Americas,1,
489,23593,Americas,1,14.99
490,19144,Americas,1,24.3
491,16250,World,0,19.42
492,7306,Asia,2,15.37
493,35269,Americas,1,14.47
494,4729,World,0,31.5
495,34544,Americas,1,16.95
496,4615,World,0,
497,6433,World,0,9.94
498,38581,Asia,2,14.78
499,37069,Europe,4,17.57
500,23893,World,0,18.69
501,29335,Military,3,12.95
502,5908,Americas,1,9.98
503,35187,World,0,14.99
504,33558,Americas,1,19.99
505,30052,Americas,1,16.5
506,22285,Americas,1,17.5
507,9044,World,0,35.8
508,38151,Military,3,12.69
509,17405,Americas,1,
510,39889,Americas,1,
511,1045,Americas,1,
512,756,Americas,1,14.99
513,15983,Ancient Civilizations,7,26.06
514,22865,Americas,1,
515,31671,Americas,1,9.9
516,29346,World,0,26.95
517,4237,Americas,1,37.6
518,2982,Europe,4,25.0
519,16296,World,0,
520,31051,World,0,
521,34857,Military,3,27.07
522,17574,Americas,1,
523,36741,Europe,4,9.17
524,37603,Military,3,18.95
525,31294,Americas,1,
526,21546,Europe,4,16.95
527,4788,Asia,2,22.0
528,39074,Americas,1,
529,15080,Americas,1,
530,23547,Americas,1,
531,25914,Americas,1,20.0
532,36423,Europe,4,24.79
533,19174,Americas,1,27.96
534,37765,Ancient Civilizations,7,
535,5959,World,0,6.93
536,27565,Military,3,
537,7949,Europe,4,18.0
538,38772,Military,3,50.81
539,40823,Europe,4,49.32
540,10888,Military,3,
541,29101,Europe,4,16.32
542,24038,World,0,
543,12065,Americas,1,21.7
544,40732,Americas,1,12.93
545,27075,World,0,13.5
546,28969,Military,3,12.85
547,31149,World,0,
548,144,Ancient Civilizations,7,18.06
549,18873,Americas,1,28.95
550,18278,World,0,13.61
551,25341,Americas,1,86.48
552,17196,Military,3,34.95
553,20697,Americas,1,26.3
554,26542,Americas,1,
555,11056,Asia,2,
556,31573,Americas,1,34.26
557,26072,Military,3,88.18
558,24056,Americas,1,
559,26306,World,0,13.55
560,12518,Americas,1,11.8
561,734,World,0,5.02
562,14957,Americas,1,8.22
563,5667,World,0,28.8
564,32561,Europe,4,18.38
565,482,World,0,22.31
566,27919,Military,3,18.99
567,38372,Military,3,19.94
568,26227,World,0,14.49
569,1670,Europe,4,4.96
570,33155,Military,3,17.99
571,32760,Americas,1,25.0
572,5382,Military,3,18.56
573,37693,Asia,2,
574,32604,World,0,3.98
575,27613,Europe,4,
576,31316,World,0,29.91
577,13906,World,0,19.99
578,36994,Americas,1,25.24
579,4949,World,0,21.71
580,4160,Americas,1,44.78
581,14664,Military,3,69.99
582,4291,Americas,1,24.95
583,23226,Americas,1,20.0
584,11127,Europe,4,
585,16936,Americas,1,
586,40384,Americas,1,21.89
587,18716,Historical Study & Educational Resources,9,20.69
588,21893,Europe,4,63.58
589,24863,Military,3,
590,36257,Americas,1,
591,22788,Americas,1,
592,3290,Americas,1,
593,38718,Africa,6,27.15
594,15382,Asia,2,42.0
595,20831,World,0,34.16
596,19664,Americas,1,21.95
597,41077,Americas,1,599.0
598,23976,World,0,19.75
599,19407,Americas,1,19.95
600,6646,Americas,1,
601,19546,Americas,1,11.25
602,18009,Americas,1,
603,16894,Americas,1,19.95
604,20978,World,0,
605,25873,Americas,1,26.96
606,39454,Military,3,40.04
607,38748,Europe,4,16.03
608,22118,Africa,6,14.21
609,15482,World,0,
610,5360,Military,3,4.95
611,34991,World,0,33.92
612,11450,Americas,1,21.99
613,30942,Americas,1,27.95
614,10863,Americas,1,
615,25922,World,0,9.99
616,15576,World,0,16.07
617,26629,Americas,1,19.29
618,2158,World,0,
619,25244,Americas,1,
620,16366,Americas,1,
621,1430,Americas,1,
622,26195,Ancient Civilizations,7,26.95
623,15625,World,0,34.86
624,15526,World,0,39.0
625,13791,Americas,1,
626,36743,Asia,2,19.43
627,6756,Americas,1,
628,40690,Europe,4,44.0
629,16590,Military,3,
630,9845,Ancient Civilizations,7,42.75
631,41325,Europe,4,378.21
632,32898,Europe,4,25.0
633,21880,Military,3,13.28
634,19108,Americas,1,10.76
635,15044,Military,3,16.48
636,31596,Americas,1,17.89
637,12727,Americas,1,17.95
638,22238,Americas,1,18.55
639,12389,Americas,1,19.79
640,9568,Americas,1,
641,3494,Americas,1,23.0
642,29588,Military,3,14.98
643,38175,Americas,1,28.3
644,9621,Americas,1,31.5
645,38307,World,0,44.97
646,36599,Military,3,20.27
647,28519,Americas,1,21.99
648,29860,Americas,1,12.99
649,11635,Americas,1,18.2
650,21047,Americas,1,29.41
651,9073,Americas,1,28.0
652,38275,Military,3,17.96
653,20574,World,0,
654,13034,Americas,1,17.37
655,14189,World,0,16.0
656,6870,Russia,5,45.25
657,21379,World,0,15.97
658,19263,Americas,1,
659,16842,World,0,
660,3715,Europe,4,41.95
661,532,World,0,14.95
662,24228,Americas,1,12.6
663,4559,World,0,24.78
664,7289,Americas,1,9.99
665,1682,Americas,1,12.93
666,38639,Military,3,
667,17381,Americas,1,
668,22035,World,0,25.45
669,33200,Americas,1,
670,17444,Americas,1,20.98
671,35416,Americas,1,19.26
672,36042,Americas,1,
673,37981,Europe,4,16.08
674,18930,World,0,20.75
675,21916,Military,3,
676,29740,Americas,1,11.42
677,18853,Americas,1,24.99
678,41137,Americas,1,35.0
679,36497,Military,3,14.08
680,39168,Americas,1,
681,5718,Military,3,2.75
682,25800,Americas,1,
683,33285,Military,3,8.99
684,40648,Military,3,14.73
685,12564,Americas,1,17.39
686,30972,Americas,1,
687,217,World,0,8.43
688,13206,Americas,1,17.39
689,3308,Americas,1,
690,27780,Americas,1,23.88
691,17202,Americas,1,24.19
692,22681,Americas,1,11.52
693,12611,Americas,1,19.09
694,34601,Americas,1,19.89
695,22347,Military,3,45.0
696,28851,Americas,1,
697,24705,Americas,1,16.95
698,35409,Americas,1,19.99
699,7721,Americas,1,
700,19103,Americas,1,39.95
701,30717,World,0,19.15
702,19429,World,0,39.95
703,21320,World,0,15.95
704,36146,Military,3,18.95
705,23267,World,0,19.95
706,5989,Europe,4,11.06
707,6662,Americas,1,25.91
708,26006,Military,3,82.82
709,26204,Americas,1,12.38
710,2528,World,0,38.19
711,20351,Americas,1,38.17
712,37534,Americas,1,13.11
713,9366,World,0,22.95
714,14632,Military,3,38.98
715,19736,World,0,9.95
716,23417,Americas,1,35.96
717,24965,World,0,24.23
718,3979,World,0,
719,31325,Europe,4,46.22
720,10311,Americas,1,
721,37716,Ancient Civilizations,7,16.09
722,38004,Military,3,19.51
723,2081,Americas,1,29.74
724,1570,Americas,1,14.59
725,6366,World,0,39.71
726,4448,Americas,1,26.0
727,6542,Americas,1,42.99
728,7481,Americas,1,14.05
729,34304,Americas,1,19.99
730,36718,Military,3,17.95
731,12551,Americas,1,18.21
732,25794,Americas,1,16.73
733,13713,Military,3,10.67
734,12629,Americas,1,18.91
735,36457,Europe,4,19.17
736,27720,World,0,26.11
737,14192,Military,3,25.88
738,23841,Asia,2,47.84
739,1866,Europe,4,
740,38453,Military,3,18.81
741,4506,Americas,1,51.0
742,38057,World,0,17.26
743,38286,Military,3,18.95
744,1000,Europe,4,5.22
745,41158,Military,3,29.08
746,20467,Americas,1,29.95
747,37753,Europe,4,18.95
748,18207,Americas,1,
749,2992,Americas,1,
750,24961,Middle East,8,
751,10600,Americas,1,5.49
752,6432,Americas,1,11.98
753,15241,Americas,1,
754,18117,Americas,1,
755,22984,Americas,1,21.59
756,39283,Americas,1,
757,40835,World,0,
758,25076,Military,3,
759,7375,World,0,59.99
760,1985,Americas,1,
761,38157,Africa,6,11.45
762,33260,World,0,15.36
763,37847,World,0,21.62
764,28934,Europe,4,17.95
765,40137,Americas,1,27.95
766,37121,Military,3,11.14
767,26112,Military,3,41.22
768,30738,Americas,1,9.95
769,33829,Americas,1,14.95
770,26497,Americas,1,
771,36656,Military,3,17.95
772,34994,World,0,21.94
773,936,Americas,1,18.99
774,31878,Americas,1,9.95
775,37831,Middle East,8,3.46
776,22330,Military,3,23.62
777,28683,Americas,1,
778,28066,Americas,1,14.71
779,15555,World,0,16.99
780,8517,Americas,1,
781,38582,Military,3,
782,27118,Military,3,20.65
783,35235,World,0,11.09
784,34874,Africa,6,39.0
785,21948,Europe,4,16.64
786,6133,Ancient Civilizations,7,7.5
787,17442,Americas,1,18.91
788,35444,Americas,1,14.81
789,12902,Americas,1,20.89
790,26850,World,0,16.0
791,26259,Military,3,21.87
792,9960,Americas,1,
793,29972,Americas,1,14.95
794,33495,Americas,1,
795,7,World,0,62.55
796,41386,Military,3,5.0
797,261,World,0,8.67
798,26524,Americas,1,
799,21135,Americas,1,
800,11551,Americas,1,16.9
801,802,World,0,16.99
802,17193,Americas,1,24.95
803,15219,Americas,1,
804,13118,Americas,1,21.99
805,25930,Americas,1,21.75
806,22563,Americas,1,17.24
807,3242,World,0,
808,20401,Americas,1,14.47
809,37832,Historical Study & Educational Resources,9,
810,10189,World,0,
811,1291,World,0,19.0
812,2635,World,0,
813,7984,Americas,1,3.99
814,8256,Americas,1,
815,24987,World,0,20.74
816,21723,Military,3,
817,20280,Americas,1,
818,4093,Americas,1,23.99
819,22972,Americas,1,54.5
820,12790,Americas,1,21.99
821,24010,Americas,1,14.95
822,14243,Americas,1,
823,23825,Americas,1,7.99
824,32278,Americas,1,23.18
825,15253,Americas,1,29.95
826,31117,Australia & Oceania,10,51.3
827,13360,Americas,1,20.65
828,21005,Americas,1,
829,19155,Americas,1,21.65
830,10688,Europe,4,9.75
831,14917,World,0,6.45
832,33018,Ancient Civilizations,7,17.03
833,8480,World,0,36.95
834,14182,Military,3,19.97
835,9281,World,0,11.75
836,6988,Military,3,
837,18391,Americas,1,19.98
838,3502,Americas,1,
839,776,Americas,1,5.49
840,26464,Americas,1,45.94
841,18310,World,0,15.93
842,17590,Americas,1,
843,21944,World,0,
844,14197,Historical Study & Educational Resources,9,33.96
845,29095,Europe,4,27.81
846,34625,Americas,1,14.95
847,624,Americas,1,
848,35145,World,0,15.55
849,37262,Military,3,12.65
850,15236,Military,3,
851,40696,Asia,2,36.16
852,430,World,0,
853,5843,Asia,2,7.74
854,10949,Europe,4,
855,34065,Americas,1,65.0
856,20864,Australia & Oceania,10,17.99
857,34840,Americas,1,23.49
858,38945,Americas,1,12.94
859,37621,Europe,4,
860,15998,World,0,5.7
861,19533,Americas,1,17.61
862,32736,Americas,1,32.06
863,37728,Americas,1,15.33
864,13774,Americas,1,
865,5035,World,0,9.96
866,6482,Historical Study & Educational Resources,9,9.98
867,39449,Americas,1,43.66
868,36346,Europe,4,21.95
869,1647,Americas,1,
870,9701,Americas,1,
871,5216,World,0,19.0
872,21954,Americas,1,
873,20729,Military,3,21.3
874,12969,Americas,1,20.99
875,15191,Americas,1,39.95
876,4657,Americas,1,25.66
877,37987,Africa,6,20.23
878,7880,Ancient Civilizations,7,5.49
879,35764,Americas,1,9.51
880,5841,Europe,4,5.99
881,8426,Americas,1,26.99
882,36811,Americas,1,25.95
883,26689,Americas,1,
884,9928,Americas,1,
885,41226,Historical Study & Educational Resources,9,12.97
886,15102,Americas,1,
887,1748,Americas,1,
888,24136,Military,3,29.99
889,24652,World,0,
890,21679,Military,3,21.97
891,32498,World,0,23.18
892,24332,Military,3,
893,2826,Americas,1,
894,13278,Americas,1,21.99
895,17122,Americas,1,16.95
896,40149,World,0,
897,16899,Americas,1,
898,22530,Americas,1,21.95
899,25454,Military,3,
900,17345,Americas,1,23.95
901,18865,Americas,1,
902,4998,Americas,1,19.15
903,26566,Europe,4,
904,1673,Americas,1,
905,8541,World,0,
906,1992,Americas,1,
907,11922,Americas,1,22.21
908,16711,Asia,2,20.6
909,39128,Military,3,
910,26384,World,0,
911,32359,Americas,1,
912,1557,Europe,4,11.84
913,24100,Military,3,25.0
914,13070,Americas,1,21.99
915,7800,Americas,1,14.59
916,25584,Americas,1,24.0
917,24932,World,0,9.71
918,17354,Americas,1,
919,16908,Americas,1,
920,37838,Europe,4,
921,23755,Americas,1,15.95
922,11020,Military,3,
923,27451,Americas,1,
924,6735,Americas,1,
925,17980,Americas,1,37.5
926,33125,World,0,37.78
927,9339,Americas,1,9.99
928,22312,Military,3,28.47
929,857,World,0,13.98
930,25448,Americas,1,
931,33717,Asia,2,16.96
932,7707,Americas,1,28.84
933,31801,Americas,1,
934,3785,World,0,
935,34737,Middle East,8,18.36
936,15277,Americas,1,4.98
937,1731,Americas,1,
938,879,World,0,11.24
939,26043,Americas,1,40.71
940,8613,World,0,0.0
941,17647,Americas,1,18.74
942,17935,Americas,1,24.15
943,36450,World,0,
944,19224,Americas,1,20.73
945,25807,Asia,2,32.0
946,18218,Americas,1,
947,24979,Americas,1,
948,38237,Military,3,14.3
949,40965,Americas,1,19.18
950,13817,Ancient Civilizations,7,17.75
951,37218,Europe,4,25.95
952,31103,Americas,1,39.95
953,34083,Americas,1,38.62
954,26191,World,0,25.56
955,29569,Americas,1,22.0
956,9448,Americas,1,
957,12653,Americas,1,21.99
958,2004,World,0,26.95
959,6233,World,0,15.0
960,13202,Americas,1,21.99
961,6902,Americas,1,
962,35770,Americas,1,17.64
963,10855,Americas,1,
964,2300,Europe,4,
965,655,Americas,1,14.99
966,20417,Americas,1,
967,2385,Americas,1,
968,16196,World,0,19.76
969,26416,World,0,19.3
970,4384,Europe,4,34.95
971,36785,Americas,1,16.64
972,33106,Military,3,17.49
973,17657,Middle East,8,
974,14748,Americas,1,16.99
975,22874,Americas,1,19.13
976,25691,Military,3,
977,10632,Military,3,18.99
978,22795,Americas,1,21.93
979,7544,Americas,1,17.43
980,25746,Americas,1,17.95
981,38644,Europe,4,26.99
982,29206,Americas,1,23.79
983,4029,Americas,1,22.6
984,2348,World,0,
985,9100,Americas,1,19.66
986,30070,Europe,4,16.4
987,19779,World,0,20.19
988,28568,Americas,1,19.82
989,28748,Americas,1,9.27
990,40874,Ancient Civilizations,7,163.73
991,10575,World,0,15.85
992,14279,Military,3,
993,27456,Americas,1,
994,28730,Americas,1,45.0
995,16242,World,0,
996,34723,Historical Study & Educational Resources,9,29.46
997,27220,Americas,1,28.0
998,7986,Asia,2,
999,5707,Americas,1,
1000,40632,Military,3,
1001,38090,Military,3,30.79
1002,35496,Americas,1,21.99
1003,23881,Americas,1,
1004,29965,Americas,1,16.99
1005,21469,World,0,20.28
1006,943,Americas,1,
1007,3230,Americas,1,
1008,39197,Americas,1,
1009,31013,World,0,20.34
1010,476,World,0,9.89
1011,26509,Americas,1,
1012,33954,Americas,1,30.0
1013,15322,World,0,15.7
1014,40215,Middle East,8,14.0
1015,2191,World,0,
1016,5352,Americas,1,17.59
1017,21920,Europe,4,
1018,7911,World,0,
1019,15865,Americas,1,
1020,36105,Americas,1,9.0
1021,20084,Americas,1,19.0
1022,20019,Europe,4,
1023,19608,Americas,1,26.71
1024,4104,Americas,1,28.95
1025,6835,Americas,1,
1026,22930,Americas,1,26.51
1027,36511,World,0,
1028,6267,Asia,2,6.42
1029,23719,Americas,1,
1030,6316,Americas,1,
1031,12821,Americas,1,21.99
1032,10079,Americas,1,25.99
1033,8477,Americas,1,
1034,8677,Americas,1,11.99
1035,18487,Americas,1,36.01
1036,2875,Americas,1,5.79
1037,16550,Americas,1,
1038,17395,Americas,1,5.01
1039,26897,Americas,1,20.0
1040,34459,Americas,1,16.21
1041,35908,Americas,1,15.64
1042,6809,Americas,1,
1043,12263,Americas,1,
1044,29421,Americas,1,13.79
1045,8957,World,0,20.95
1046,11225,Americas,1,17.14
1047,15101,Americas,1,
1048,9444,Americas,1,38.0
1049,25100,Ancient Civilizations,7,7.58
1050,38846,Europe,4,
1051,32810,Europe,4,10.84
1052,29013,Europe,4,16.61
1053,16132,Military,3,
1054,19765,World,0,
1055,25348,Americas,1,27.27
1056,12346,Americas,1,21.99
1057,40707,Military,3,
1058,28438,Americas,1,17.93
1059,27014,World,0,13.54
1060,10059,Military,3,
1061,20966,Americas,1,14.27
1062,11239,Americas,1,21.99
1063,16734,Americas,1,34.82
1064,6925,Americas,1,15.58
1065,12599,Americas,1,21.99
1066,19487,Americas,1,
1067,32048,World,0,
1068,40175,Americas,1,18.5
1069,39468,Military,3,43.5
1070,39351,Russia,5,86.07
1071,16548,Americas,1,14.95
1072,31675,Americas,1,
1073,5227,World,0,14.38
1074,7980,Americas,1,
1075,21000,Americas,1,16.41
1076,25588,Americas,1,
1077,25313,Americas,1,17.95
1078,10031,Americas,1,
1079,17457,Americas,1,
1080,33180,Americas,1,48.96
1081,24138,Military,3,
1082,6365,Americas,1,8.61
1083,12915,Americas,1,18.59
1084,12184,Americas,1,19.96
1085,29209,Military,3,20.43
1086,40840,Americas,1,
1087,20814,World,0,
1088,39520,Middle East,8,
1089,26360,Australia & Oceania,10,16.85
1090,40893,Europe,4,
1091,9975,World,0,5.48
1092,41324,Military,3,19.6
1093,3281,Americas,1,16.45
1094,36719,Military,3,17.82
1095,40742,Military,3,15.49
1096,9750,Americas,1,18.13
1097,18149,Americas,1,42.0
1098,37885,Military,3,22.19
1099,18600,Europe,4,21.95
1100,23815,Americas,1,24.99
1101,30213,Americas,1,22.5
1102,28698,Americas,1,
1103,32061,Military,3,29.29
1104,1864,Europe,4,
1105,30298,Europe,4,9.96
1106,3719,Military,3,25.14
1107,29760,Americas,1,16.95
1108,23045,Americas,1,15.95
1109,7090,Europe,4,
1110,17631,Americas,1,48.0
1111,40532,World,0,40.0
1112,23050,Americas,1,42.5
1113,3836,World,0,5.7
1114,27531,World,0,
1115,38384,Military,3,24.11
1116,10331,Americas,1,
1117,7515,Americas,1,
1118,14420,Americas,1,16.23
1119,16966,Americas,1,46.48
1120,14603,Military,3,24.95
1121,40028,World,0,35.79
1122,24528,Americas,1,
1123,27226,Americas,1,18.36
1124,21344,World,0,5.17
1125,20934,Americas,1,42.0
1126,32148,Military,3,5.13
1127,11942,Americas,1,21.99
1128,10921,Americas,1,29.95
1129,6428,Americas,1,9.75
1130,28544,Americas,1,20.57
1131,32090,Americas,1,21.21
1132,5576,Europe,4,61.0
1133,32258,Military,3,
1134,10151,Americas,1,12.95
1135,3214,Americas,1,27.94
1136,30252,Americas,1,12.97
1137,15614,World,0,38.0
1138,16155,Europe,4,
1139,12622,Americas,1,21.38
1140,2830,Americas,1,
1141,15699,World,0,18.0
1142,18553,Military,3,21.73
1143,20804,Americas,1,
1144,37485,Ancient Civilizations,7,21.95
1145,2322,World,0,
1146,19806,Americas,1,
1147,9317,Europe,4,89.0
1148,34351,Americas,1,15.9
1149,38874,Military,3,5001.0
1150,10959,Africa,6,39.95
1151,15875,World,0,
1152,11713,Americas,1,21.99
1153,21052,Americas,1,20.8
1154,33399,Americas,1,19.79
1155,31681,Military,3,19.95
1156,26793,World,0,17.88
1157,27237,Americas,1,19.2
1158,12574,Americas,1,18.9
1159,11378,Americas,1,13.97
1160,31018,World,0,14.82
1161,17121,Americas,1,14.96
1162,1282,Americas,1,14.15
1163,31073,Americas,1,18.95
1164,36806,Europe,4,18.95
1165,34214,Americas,1,16.14
1166,10381,Americas,1,
1167,252,Americas,1,12.23
1168,25334,Americas,1,5.28
1169,25072,World,0,
1170,10539,World,0,18.55
1171,22362,Americas,1,
1172,3350,Americas,1,40.42
1173,5121,Americas,1,14.83
1174,10476,Americas,1,
1175,25304,Americas,1,17.9
1176,40228,Military,3,
1177,30772,Americas,1,19.95
1178,10490,Ancient Civilizations,7,38.95
1179,14768,Military,3,
1180,6921,World,0,26.44
1181,1487,Americas,1,17.52
1182,17707,Americas,1,
1183,842,Americas,1,
1184,40474,Americas,1,15.29
1185,14747,Military,3,69.99
1186,1278,Americas,1,7.97
1187,38717,Europe,4,78.78
1188,31084,Americas,1,
1189,15348,World,0,17.99
1190,6442,Americas,1,12.98
1191,18927,Europe,4,28.42
1192,21439,World,0,9.95
1193,31271,Americas,1,14.95
1194,25673,Military,3,
1195,38425,Military,3,15.98
1196,18113,Americas,1,24.95
1197,13608,Americas,1,20.38
1198,10445,World,0,23.95
1199,11756,Americas,1,24.99
1200,16041,Americas,1,
1201,21629,Military,3,17.95
1202,22688,Americas,1,
1203,3253,Americas,1,38.0
1204,28723,Americas,1,27.78
1205,31254,World,0,9.95
1206,14018,World,0,
1207,37254,Military,3,21.15
1208,14612,Europe,4,59.95
1209,3056,Americas,1,
1210,27852,Americas,1,13.99
1211,38177,Asia,2,17.19
1212,17971,Americas,1,22.06
1213,17016,Americas,1,18.53
1214,20503,Americas,1,22.7
1215,20240,Americas,1,19.95
1216,10091,Americas,1,14.99
1217,16125,World,0,11.47
1218,16696,Military,3,
1219,21099,Americas,1,
1220,2624,Americas,1,
1221,35203,World,0,25.19
1222,41139,Europe,4,9.84
1223,41198,Military,3,12.0
1224,32819,Americas,1,26.95
1225,35430,Americas,1,15.72
1226,9830,Military,3,38.9
1227,33298,Americas,1,13.84
1228,34199,Americas,1,20.38
1229,37178,Americas,1,12.95
1230,14971,World,0,16.56
1231,38643,Military,3,
1232,36014,Arctic & Antarctica,11,27.83
1233,19371,Middle East,8,65.0
1234,29400,Americas,1,10.87
1235,22137,Americas,1,26.66
1236,40134,Middle East,8,47.48
1237,20643,Americas,1,
1238,41208,Europe,4,23.66
1239,6803,Military,3,12.86
1240,15547,World,0,12.84
1241,28594,Americas,1,8.97
1242,7615,World,0,18.6
1243,9666,Europe,4,6.32
1244,967,Americas,1,35.95
1245,12079,Americas,1,20.75
1246,39683,Military,3,59.95
1247,40041,Americas,1,24.95
1248,3564,World,0,30.0
1249,40123,Americas,1,25.95
1250,20222,Americas,1,
1251,31151,World,0,20.15
1252,29226,Europe,4,21.98
1253,30460,Americas,1,18.95
1254,15019,Military,3,10.61
1255,31014,World,0,16.96
1256,37901,World,0,33.3
1257,16171,Europe,4,42.01
1258,210,Americas,1,55.01
1259,11472,Americas,1,12.95
1260,38181,Europe,4,18.95
1261,61,Military,3,
1262,37290,Africa,6,
1263,31618,Americas,1,19.45
1264,32431,Americas,1,21.09
1265,13069,Americas,1,17.37
1266,30939,Americas,1,
1267,5878,World,0,17.1
1268,25267,Americas,1,
1269,30094,Americas,1,11.55
1270,11915,Americas,1,21.99
1271,40659,Military,3,15.31
1272,30335,Americas,1,14.95
1273,32695,Americas,1,6.0
1274,11348,Americas,1,21.99
1275,962,World,0,6.03
1276,21687,Military,3,15.36
1277,38868,Europe,4,
1278,7563,Americas,1,15.66
1279,6400,World,0,12.57
1280,37453,Asia,2,18.5
1281,34002,Americas,1,
1282,18579,Military,3,17.3
1283,11247,Americas,1,21.99
1284,740,Americas,1,14.28
1285,3928,Americas,1,
1286,25810,Americas,1,19.99
1287,4903,Military,3,13.94
1288,20279,Americas,1,
1289,41289,Asia,2,59.73
1290,16730,World,0,16.11
1291,32235,Military,3,
1292,22332,Military,3,11.89
1293,36151,Military,3,18.95
1294,11878,Americas,1,21.99
1295,3734,Americas,1,36.06
1296,15491,World,0,9.99
1297,32984,Military,3,25.0
1298,34952,Americas,1,
1299,37724,Military,3,14.99
1300,11504,Americas,1,21.99
1301,4280,Americas,1,23.06
1302,15742,Americas,1,22.88
1303,10260,Americas,1,39.98
1304,30745,World,0,
1305,38843,Military,3,14.58
1306,22020,Middle East,8,13.32
1307,19111,World,0,29.95
1308,33190,Americas,1,
1309,29472,World,0,14.0
1310,27656,World,0,16.99
1311,4273,Americas,1,
1312,6493,Americas,1,14.95
1313,11082,Military,3,5.46
1314,22913,Americas,1,36.95
1315,3861,World,0,28.0
1316,29403,Americas,1,12.35
1317,20969,World,0,50.38
1318,33948,Americas,1,34.76
1319,17011,Americas,1,22.46
1320,28821,Americas,1,28.45
1321,37528,Europe,4,17.95
1322,3944,World,0,
1323,8383,Americas,1,
1324,9687,Americas,1,5.49
1325,11484,Americas,1,19.79
1326,5853,Military,3,40.0
1327,33245,World,0,12.16
1328,686,World,0,
1329,6013,Americas,1,14.95
1330,26180,Asia,2,24.95
1331,21835,Military,3,16.82
1332,31569,Military,3,27.02
1333,9036,World,0,6.98
1334,3792,Americas,1,64.95
1335,24046,Americas,1,34.62
1336,11497,Americas,1,19.79
1337,884,Americas,1,16.34
1338,24735,Military,3,22.5
1339,28388,Americas,1,14.95
1340,13197,Americas,1,21.99
1341,21543,Americas,1,
1342,1807,World,0,21.44
1343,7528,Europe,4,36.16
1344,21278,World,0,
1345,23318,Americas,1,
1346,5159,World,0,22.83
1347,36856,Military,3,17.95
1348,8909,World,0,
1349,6675,Americas,1,29.4
1350,29838,Americas,1,30.0
1351,38616,Europe,4,19.95
1352,8777,Americas,1,
1353,22376,Military,3,
1354,40305,Military,3,59.99
1355,27687,Americas,1,17.0
1356,10853,Military,3,18.95
1357,37699,Asia,2,21.95
1358,27336,Americas,1,24.95
1359,21668,Asia,2,14.48
1360,12946,Americas,1,21.99
1361,30965,Americas,1,
1362,17023,Americas,1,19.95
1363,22548,Americas,1,25.5
1364,29980,Americas,1,20.0
1365,33706,World,0,25.0
1366,6496,Americas,1,19.28
1367,34532,Americas,1,16.36
1368,39782,Military,3,
1369,23575,Americas,1,
1370,36357,Europe,4,21.95
1371,37980,Military,3,18.48
1372,16460,World,0,18.71
1373,1603,Americas,1,15.68
1374,40097,Americas,1,18.12
1375,29249,Military,3,26.44
1376,22239,Military,3,
1377,16386,Americas,1,26.95
1378,25024,World,0,20.99
1379,12151,Americas,1,13.5
1380,33283,Americas,1,14.0
1381,38028,Military,3,13.98
1382,3555,World,0,27.02
1383,11863,Americas,1,19.79
1384,6882,Americas,1,39.95
1385,37146,Military,3,16.16
1386,640,Americas,1,
1387,7390,World,0,12.89
1388,10835,Military,3,21.09
1389,27029,Americas,1,5.46
1390,7981,Americas,1,
1391,7487,Americas,1,12.0
1392,5567,Americas,1,72.0
1393,19756,World,0,15.3
1394,2730,Americas,1,
1395,37278,Military,3,
1396,17837,Americas,1,42.94
1397,12896,Americas,1,21.99
1398,18305,World,0,23.51
1399,725,Americas,1,41.49
1400,23571,World,0,16.79
1401,32968,Military,3,29.95
1402,30400,Historical Study & Educational Resources,9,
1403,19079,Americas,1,18.54
1404,21512,World,0,16.86
1405,22283,Americas,1,26.95
1406,7613,Americas,1,19.04
1407,39022,Americas,1,
1408,10354,Americas,1,33.12
1409,1402,Historical Study & Educational Resources,9,4.3
1410,32656,Americas,1,21.55
1411,19564,Americas,1,19.75
1412,35392,World,0,74.47
1413,20819,Americas,1,
1414,15230,Americas,1,35.0
1415,20137,Americas,1,24.95
1416,27053,World,0,11.99
1417,13130,Americas,1,21.99
1418,7976,Americas,1,15.35
1419,7193,World,0,
1420,12093,Americas,1,20.38
1421,39388,Military,3,16.95
1422,18559,Americas,1,44.0
1423,21287,World,0,22.39
1424,40851,Europe,4,
1425,9351,Europe,4,47.97
1426,16095,Europe,4,
1427,5262,Europe,4,12.49
1428,37305,Military,3,25.99
1429,23737,Americas,1,
1430,15381,World,0,31.95
1431,17961,Americas,1,
1432,15706,Americas,1,24.95
1433,19040,Americas,1,
1434,1077,Americas,1,
1435,33789,Americas,1,15.18
1436,23579,Americas,1,11.99
1437,40,Asia,2,13.61
1438,38140,Military,3,17.95
1439,32000,Americas,1,35.0
1440,11470,Americas,1,9.5
1441,24268,World,0,
1442,34248,Americas,1,19.63
1443,5732,Americas,1,9.99
1444,24764,Europe,4,30.0
1445,14508,Americas,1,12.93
1446,12506,Americas,1,21.99
1447,8602,Americas,1,31.99
1448,17736,Americas,1,45.0
1449,39828,Military,3,24.95
1450,14617,Americas,1,29.95
1451,12418,Americas,1,21.99
1452,25153,Americas,1,14.99
1453,36894,Europe,4,26.11
1454,26358,Military,3,48.67
1455,33166,Americas,1,37.32
1456,17446,Americas,1,
1457,5426,World,0,16.15
1458,39086,Americas,1,10.28
1459,34056,Americas,1,22.95
1460,6043,Americas,1,7.0
1461,26124,Americas,1,69.95
1462,19626,Americas,1,47.77
1463,12362,Americas,1,21.99
1464,20274,Americas,1,69.95
1465,27215,Europe,4,18.94
1466,40208,World,0,8.35
1467,34869,Military,3,48.61
1468,31648,Historical Study & Educational Resources,9,
1469,25802,Americas,1,
1470,40912,Military,3,16.98
1471,22619,Americas,1,
1472,39253,Americas,1,26.7
1473,37672,Military,3,15.16
1474,25886,Americas,1,12.95
1475,34564,Americas,1,18.93
1476,10202,World,0,7.71
1477,262,Europe,4,20.98
1478,15039,Military,3,12.98
1479,29707,Americas,1,19.92
1480,25951,Americas,1,20.75
1481,9640,World,0,23.23
1482,2980,World,0,19.95
1483,1912,Americas,1,
1484,12724,Americas,1,21.99
1485,12508,Americas,1,19.99
1486,36500,Americas,1,19.67
1487,2269,World,0,12.33
1488,1975,Americas,1,29.7
1489,22653,Americas,1,10.0
1490,3287,World,0,
1491,8786,Military,3,17.74
1492,27634,Americas,1,19.95
1493,29094,Military,3,15.45
1494,3640,Americas,1,9.03
1495,39996,Americas,1,19.95
1496,16610,World,0,
1497,34530,Military,3,11.55
1498,40597,Americas,1,13.99
1499,32477,Americas,1,31.45
1500,20207,Americas,1,20.24
1501,13040,Americas,1,21.99
1502,40270,Europe,4,62.3
1503,2289,World,0,
1504,40404,Americas,1,12.95
1505,11634,Americas,1,20.38
1506,22544,Americas,1,18.95
1507,40133,Americas,1,
1508,10500,Ancient Civilizations,7,16.15
1509,26954,World,0,
1510,14180,World,0,12.76
1511,3220,World,0,
1512,14183,Americas,1,
1513,9093,Africa,6,
1514,3150,Americas,1,19.65
1515,33826,Americas,1,14.95
1516,29970,Europe,4,11.95
1517,35124,World,0,16.0
1518,25408,World,0,
1519,16316,Americas,1,54.99
1520,2761,Americas,1,
1521,40787,Military,3,
1522,23182,Americas,1,
1523,7033,World,0,
1524,33429,Americas,1,20.99
1525,40090,Americas,1,17.76
1526,29582,Military,3,11.17
1527,20404,Americas,1,5.98
1528,25911,Americas,1,14.95
1529,2579,Europe,4,57.04
1530,14467,Americas,1,
1531,11373,Americas,1,21.99
1532,22922,Americas,1,18.44
1533,29724,Military,3,19.0
1534,19524,Americas,1,40.0
1535,32109,Americas,1,
1536,23256,Americas,1,
1537,34858,Americas,1,31.81
1538,40229,World,0,49.95
1539,20071,Americas,1,
1540,40763,Military,3,29.47
1541,35666,Americas,1,14.69
1542,39602,Europe,4,12.5
1543,16179,Americas,1,
1544,21126,Americas,1,25.0
1545,39625,Military,3,22.26
1546,18153,Americas,1,12.39
1547,23006,Americas,1,22.42
1548,14223,Americas,1,
1549,3460,Americas,1,
1550,13377,Americas,1,21.73
1551,7672,World,0,
1552,34329,Americas,1,14.58
1553,2135,Americas,1,
1554,5549,Military,3,24.97
1555,31016,World,0,19.27
1556,5201,World,0,
1557,28891,Americas,1,6.44
1558,16055,Americas,1,48.0
1559,6224,Americas,1,9.71
1560,37812,Europe,4,17.94
1561,29464,Military,3,10.99
1562,15607,World,0,13.45
1563,30765,Americas,1,
1564,33345,Americas,1,18.89
1565,34943,Americas,1,23.13
1566,5288,Europe,4,
1567,1053,Americas,1,
1568,19297,Americas,1,19.85
1569,28008,Americas,1,13.3
1570,14050,Asia,2,14.99
1571,24416,Americas,1,20.0
1572,24896,Americas,1,
1573,15639,World,0,10.87
1574,22935,Americas,1,
1575,38491,Americas,1,12.7
1576,28607,Americas,1,14.95
1577,38916,Americas,1,
1578,24745,World,0,16.13
1579,14774,Americas,1,
1580,12509,Americas,1,17.39
1581,4564,Americas,1,
1582,20521,Americas,1,24.95
1583,9441,Americas,1,20.41
1584,11477,Americas,1,21.38
1585,18159,Americas,1,
1586,36237,World,0,13.74
1587,10237,Military,3,4.99
1588,40242,Americas,1,29.54
1589,4347,Europe,4,34.9
1590,40866,Europe,4,29.0
1591,30068,Americas,1,19.03
1592,11475,Americas,1,21.99
1593,14703,Americas,1,69.99
1594,14169,Americas,1,18.25
1595,6708,World,0,
1596,33491,Americas,1,5.7
1597,19983,Americas,1,26.21
1598,36288,Military,3,20.66
1599,8586,Asia,2,49.58
1600,36415,Americas,1,40.12
1601,16495,Americas,1,21.95
1602,9654,Americas,1,
1603,35783,Americas,1,9.79
1604,12119,Americas,1,21.15
1605,2767,Americas,1,
1606,31798,Americas,1,30.8
1607,35587,Americas,1,17.33
1608,7142,World,0,
1609,30667,Americas,1,
1610,4855,Military,3,27.65
1611,1911,Americas,1,
1612,816,Americas,1,12.72
1613,32499,Asia,2,
1614,4047,Americas,1,16.95
1615,18236,World,0,28.52
1616,11768,Americas,1,21.99
1617,6521,Asia,2,11.54
1618,32751,Americas,1,27.0
1619,28184,Americas,1,15.94
1620,30107,World,0,16.94
1621,31180,Americas,1,9.72
1622,10904,Americas,1,
1623,13166,Americas,1,20.65
1624,18627,Europe,4,14.53
1625,8721,Military,3,21.95
1626,385,World,0,
1627,39772,Military,3,23.17
1628,3016,World,0,30.0
1629,26316,Americas,1,20.0
1630,24691,Americas,1,46.2
1631,2531,World,0,
1632,24978,Americas,1,
1633,2000,Americas,1,
1634,24960,Americas,1,24.91
1635,7743,Americas,1,
1636,12358,Americas,1,21.99
1637,1043,Americas,1,
1638,27551,Americas,1,31.49
1639,29070,Europe,4,15.2
1640,19532,Americas,1,17.96
1641,28886,Military,3,
1642,19986,Europe,4,7.22
1643,33545,Americas,1,19.99
1644,37238,Europe,4,21.79
1645,20124,Americas,1,
1646,26642,Americas,1,22.04
1647,35599,Americas,1,19.79
1648,9134,Europe,4,
1649,6231,World,0,12.83
1650,31548,Americas,1,
1651,19753,World,0,33.44
1652,13314,Americas,1,21.99
1653,31241,World,0,17.99
1654,19146,Americas,1,18.56
1655,16135,World,0,5.98
1656,1033,Europe,4,16.6
1657,28409,Americas,1,18.4
1658,24788,Military,3,
1659,21532,Americas,1,
1660,28079,Americas,1,17.39
1661,2110,World,0,
1662,38003,Military,3,9.38
1663,18661,Military,3,22.03
1664,28181,Americas,1,18.69
1665,36633,Europe,4,14.25
1666,17483,Americas,1,30.68
1667,5662,Europe,4,10.98
1668,17003,Americas,1,
1669,32753,Americas,1,
1670,30571,Americas,1,17.21
1671,17190,Americas,1,
1672,1697,Americas,1,19.27
1673,6072,Americas,1,7.99
1674,10065,Americas,1,39.95
1675,16621,Military,3,
1676,38692,Military,3,17.95
1677,36502,Americas,1,
1678,20161,Americas,1,5.7
1679,29461,Americas,1,21.95
1680,31247,World,0,7.0
1681,12584,Americas,1,21.68
1682,19000,Americas,1,9.98
1683,3855,World,0,
1684,32461,Military,3,19.33
1685,25266,Americas,1,18.95
1686,12257,Americas,1,21.99
1687,19902,Americas,1,37.6
1688,491,World,0,19.95
1689,8435,Europe,4,13.04
1690,5809,World,0,
1691,32550,World,0,11.95
1692,21451,World,0,22.0
1693,37215,Military,3,45.0
1694,1139,Africa,6,11.0
1695,23505,World,0,16.56
1696,32806,Americas,1,28.0
1697,32173,World,0,51.6
1698,17680,Americas,1,45.21
1699,1668,Americas,1,
1700,16071,Europe,4,15.97
1701,33090,Europe,4,15.78
1702,24794,Americas,1,14.5
1703,40533,Americas,1,17.95
1704,38840,Military,3,
1705,18154,Americas,1,
1706,8085,Americas,1,
1707,10791,Military,3,39.95
1708,30514,Americas,1,
1709,18772,Africa,6,16.95
1710,37906,Military,3,24.1
1711,28645,Americas,1,14.95
1712,23409,Americas,1,9.95
1713,13389,Americas,1,21.99
1714,7402,Military,3,11.14
1715,35134,Americas,1,16.2
1716,36524,Europe,4,
1717,34090,Americas,1,19.95
1718,7001,Americas,1,9.6
1719,15821,World,0,19.16
1720,26130,Americas,1,14.99
1721,26193,Historical Study & Educational Resources,9,19.95
1722,8156,Americas,1,
1723,38366,Americas,1,36.04
1724,38337,Europe,4,49.62
1725,17639,Americas,1,
1726,24839,Americas,1,39.0
1727,29839,Americas,1,23.99
1728,26357,Europe,4,29.83
1729,32055,Americas,1,
1730,20623,Americas,1,
1731,24227,Americas,1,17.95
1732,13993,Europe,4,12.6
1733,4217,Americas,1,
1734,5872,Military,3,
1735,40554,World,0,14.49
1736,30472,Americas,1,12.0
1737,36919,Military,3,22.95
1738,9391,Americas,1,
1739,4243,Europe,4,31.84
1740,7411,Europe,4,17.0
1741,3931,Americas,1,
1742,25366,Americas,1,17.99
1743,30422,Military,3,19.99
1744,7602,Europe,4,33.75
1745,10708,Americas,1,
1746,21023,Americas,1,24.95
1747,30854,Americas,1,48.99
1748,3445,Americas,1,95.0
1749,12486,Americas,1,21.99
1750,6418,Asia,2,
1751,12921,Americas,1,21.99
1752,16176,Asia,2,24.95
1753,22231,Americas,1,24.95
1754,3798,Military,3,24.95
1755,2247,Ancient Civilizations,7,11.84
1756,29002,Military,3,11.87
1757,22100,Americas,1,8.95
1758,33317,Americas,1,26.99
1759,39657,Military,3,35.75
1760,4034,Americas,1,
1761,38236,Europe,4,29.0
1762,28053,Americas,1,16.78
1763,21365,World,0,21.28
1764,23918,World,0,
1765,6631,World,0,
1766,3418,Americas,1,
1767,12515,Americas,1,19.79
1768,18503,Americas,1,
1769,2549,Americas,1,
1770,25803,Americas,1,23.09
1771,5654,Americas,1,
1772,9994,Americas,1,14.43
1773,40748,Military,3,28.72
1774,24615,Americas,1,18.95
1775,35704,Americas,1,12.71
1776,29143,Military,3,13.59
1777,28245,Americas,1,17.59
1778,15107,Americas,1,
1779,18833,Americas,1,25.0
1780,4851,Military,3,14.05
1781,28721,Americas,1,
1782,35507,Americas,1,15.84
1783,29418,Americas,1,14.95
1784,5533,Military,3,
1785,26388,Ancient Civilizations,7,41.48
1786,20486,Americas,1,18.69
1787,12843,Americas,1,19.79
1788,22773,Americas,1,
1789,30927,Americas,1,
1790,22581,Americas,1,14.95
1791,1808,Americas,1,
1792,21982,Military,3,18.87
1793,36544,Military,3,9.08
1794,26521,World,0,
1795,17201,Americas,1,29.95
1796,25404,Americas,1,
1797,20985,World,0,19.99
1798,5189,World,0,9.49
1799,26740,Americas,1,
1800,36625,Military,3,14.21
1801,22067,Americas,1,
1802,18121,World,0,37.5
1803,34802,Europe,4,19.6
1804,28870,Europe,4,17.99
1805,14398,Americas,1,
1806,41241,Americas,1,40.06
1807,4095,Americas,1,
1808,37867,Europe,4,34.0
1809,20992,Americas,1,21.95
1810,23317,World,0,
1811,25777,Asia,2,9.99
1812,35976,Australia & Oceania,10,13.52
1813,26341,World,0,17.0
1814,10342,Military,3,
1815,23293,Americas,1,
1816,25861,World,0,20.0
1817,11146,Australia & Oceania,10,48.65
1818,37649,Military,3,17.95
1819,19791,Americas,1,
1820,13999,Europe,4,19.09
1821,12231,Americas,1,15.37
1822,35878,World,0,21.95
1823,35830,Americas,1,16.38
1824,24567,Americas,1,23.74
1825,14290,Americas,1,
1826,24958,Americas,1,20.0
1827,8059,Americas,1,
1828,20494,Americas,1,26.95
1829,18160,Americas,1,22.43
1830,24622,World,0,
1831,31411,Europe,4,18.0
1832,18948,Americas,1,22.5
1833,32133,World,0,22.0
1834,30617,Americas,1,
1835,18900,Americas,1,
1836,4178,Americas,1,14.99
1837,37737,Historical Study & Educational Resources,9,21.95
1838,18906,World,0,
1839,24701,Military,3,
1840,11919,Americas,1,17.39
1841,11237,Americas,1,21.99
1842,20129,Americas,1,
1843,33213,Americas,1,15.9
1844,17512,Americas,1,12.84
1845,35251,Americas,1,36.67
1846,11206,Americas,1,17.12
1847,39868,Americas,1,19.33
1848,26837,Americas,1,11.91
1849,35571,Americas,1,17.42
1850,28480,Americas,1,16.1
1851,12627,Americas,1,21.99
1852,12768,Americas,1,21.99
1853,33430,Americas,1,9.98
1854,34380,Americas,1,11.59
1855,21016,Americas,1,29.5
1856,36043,Military,3,33.63
1857,12649,Americas,1,18.56
1858,9480,Asia,2,21.44
1859,28894,Military,3,19.95
1860,32622,Americas,1,14.98
1861,13956,Europe,4,
1862,18609,Americas,1,98.49
1863,32365,Americas,1,33.26
1864,4772,Europe,4,13.93
1865,28157,Americas,1,21.99
1866,27994,Americas,1,19.79
1867,13033,Americas,1,21.99
1868,3705,Americas,1,9.73
1869,30774,Americas,1,17.39
1870,14310,Military,3,
1871,34891,Military,3,26.09
1872,31756,World,0,4.97
1873,4203,Americas,1,
1874,18902,Americas,1,
1875,5822,Military,3,18.01
1876,30748,World,0,16.71
1877,15497,World,0,
1878,4990,Americas,1,24.76
1879,4530,World,0,
1880,20366,Americas,1,
1881,32081,Americas,1,5.99
1882,23089,Europe,4,
1883,8350,Europe,4,27.79
1884,34137,Americas,1,26.89
1885,17082,Americas,1,
1886,40314,Military,3,27.99
1887,40619,Military,3,46.0
1888,19143,Americas,1,19.96
1889,15967,Americas,1,33.0
1890,20736,Americas,1,25.95
1891,5421,Americas,1,20.49
1892,30432,World,0,8.99
1893,38450,Africa,6,18.95
1894,7049,Americas,1,12.47
1895,708,Americas,1,19.97
1896,32747,Americas,1,15.95
1897,40335,World,0,11.66
1898,29828,Americas,1,14.95
1899,28904,Military,3,18.95
1900,37561,Europe,4,18.95
1901,8904,Middle East,8,
1902,17722,Americas,1,5.0
1903,16112,Americas,1,24.25
1904,29644,Middle East,8,24.95
1905,35316,Americas,1,19.95
1906,20546,Americas,1,
1907,8358,Europe,4,27.72
1908,18043,Americas,1,
1909,7416,Military,3,19.99
1910,18197,Americas,1,
1911,33749,Americas,1,6.0
1912,9538,Americas,1,11.95
1913,21122,Americas,1,24.0
1914,2296,World,0,
1915,25898,Historical Study & Educational Resources,9,14.0
1916,2304,World,0,
1917,31171,Americas,1,14.95
1918,10560,Americas,1,22.61
1919,18585,Military,3,17.81
1920,30661,Asia,2,49.82
1921,8765,Asia,2,14.99
1922,37455,Military,3,14.82
1923,4056,Americas,1,32.11
1924,32646,Americas,1,16.95
1925,4884,Military,3,10.5
1926,29822,Americas,1,7.4
1927,24156,Military,3,8.9
1928,7915,Ancient Civilizations,7,14.59
1929,1457,Americas,1,18.0
1930,6969,Australia & Oceania,10,13.95
1931,10843,Americas,1,31.16
1932,40521,Americas,1,12.67
1933,34422,Americas,1,19.99
1934,27504,World,0,
1935,18223,Europe,4,29.99
1936,32743,Americas,1,
1937,26677,Americas,1,12.82
1938,28949,Europe,4,29.7
1939,2111,World,0,
1940,1796,Europe,4,22.44
1941,109,World,0,12.99
1942,4146,Americas,1,21.95
1943,7475,Ancient Civilizations,7,16.0
1944,32715,Americas,1,17.37
1945,5134,Americas,1,14.99
1946,37474,Military,3,17.95
1947,18045,Americas,1,
1948,11430,Americas,1,20.38
1949,35642,Americas,1,15.86
1950,35419,Americas,1,13.89
1951,20285,Americas,1,
1952,13787,World,0,
1953,21465,World,0,17.0
1954,18960,Americas,1,
1955,23995,Americas,1,12.15
1956,23038,World,0,
1957,16542,Americas,1,19.96
1958,24025,Americas,1,20.0
1959,36585,Europe,4,18.95
1960,4144,Americas,1,22.84
1961,37159,Military,3,22.95
1962,17723,Americas,1,2.02
1963,18203,Americas,1,21.89
1964,11500,Americas,1,20.09
1965,24539,Americas,1,24.95
1966,18494,Americas,1,
1967,30272,World,0,14.86
1968,7205,Europe,4,
1969,34743,Americas,1,14.55
1970,14913,Americas,1,22.11
1971,32867,Europe,4,36.8
1972,3593,World,0,21.92
1973,7427,Asia,2,15.98
1974,1962,Americas,1,
1975,2757,Americas,1,
1976,4180,Americas,1,25.0
1977,14049,Europe,4,
1978,354,World,0,
1979,35360,Americas,1,12.64
1980,3169,Americas,1,10.26
1981,27789,Americas,1,26.51
1982,34461,Americas,1,13.83
1983,6529,Americas,1,12.77
1984,36178,Military,3,15.74
1985,37874,Military,3,27.86
1986,4543,Europe,4,37.95
1987,37664,Africa,6,34.4
1988,15158,Americas,1,
1989,20120,Americas,1,19.95
1990,20371,Americas,1,3.99
1991,35384,Americas,1,16.8
1992,34711,World,0,24.95
1993,22370,Military,3,
1994,12354,Americas,1,20.62
1995,33447,Americas,1,17.99
1996,39459,Military,3,38.83
1997,17831,World,0,6.0
1998,12528,Americas,1,21.99
1999,35362,Americas,1,11.95
2000,41294,Africa,6,16.24
2001,27474,World,0,24.88
2002,38895,World,0,7.0
2003,33049,Americas,1,12.6
2004,1687,Americas,1,
2005,29918,Military,3,10.97
2006,8564,Asia,2,52.99
2007,27779,World,0,15.08
2008,20136,Americas,1,19.95
2009,12163,Americas,1,21.99
2010,4569,Americas,1,
2011,33207,Americas,1,12.0
2012,41322,Middle East,8,
2013,14757,Americas,1,29.99
2014,35082,Americas,1,35.0
2015,5961,Europe,4,17.44
2016,24902,Americas,1,9.0
2017,32326,Americas,1,
2018,29322,Americas,1,20.36
2019,33603,World,0,99.93
2020,2276,Americas,1,
2021,7852,Americas,1,
2022,29010,Military,3,16.69
2023,31642,Americas,1,17.61
2024,29544,Military,3,
2025,16798,Military,3,25.0
2026,6821,Americas,1,3.24
2027,19268,Americas,1,46.98
2028,36235,Military,3,14.92
2029,9954,Americas,1,19.99
2030,33081,Americas,1,
2031,41279,Ancient Civilizations,7,357.69
2032,8343,World,0,0.0
2033,29554,Ancient Civilizations,7,7.55
2034,21043,Americas,1,41.28
2035,22417,Americas,1,
2036,19286,World,0,
2037,27929,Americas,1,21.81
2038,5563,World,0,
2039,35036,Americas,1,
2040,890,Americas,1,22.39
2041,18491,Americas,1,17.95
2042,30905,Americas,1,57.35
2043,34014,Americas,1,17.0
2044,12522,Americas,1,19.99
2045,35158,Military,3,8.76
2046,26391,Middle East,8,25.2
2047,30803,Military,3,
2048,19372,Americas,1,30.0
2049,2969,Americas,1,
2050,8277,Americas,1,19.47
2051,682,Americas,1,25.15
2052,198,Americas,1,9.98
2053,5864,Europe,4,18.0
2054,5715,Military,3,31.0
2055,39801,Americas,1,16.22
2056,19227,Americas,1,25.85
2057,30093,Europe,4,11.28
2058,30584,Americas,1,
2059,28619,Americas,1,17.42
2060,18628,Military,3,38.67
2061,8194,World,0,
2062,2554,World,0,
2063,17134,Americas,1,29.95
2064,3886,Europe,4,
2065,21283,Americas,1,4.5
2066,2645,Europe,4,
2067,21235,World,0,24.5
2068,2331,Americas,1,
2069,23102,Americas,1,23.95
2070,2877,Europe,4,
2071,31424,Europe,4,14.95
2072,1285,Americas,1,9.28
2073,29151,Africa,6,15.66
2074,7893,Ancient Civilizations,7,26.13
2075,35814,Australia & Oceania,10,20.4
2076,40566,Americas,1,24.99
2077,22535,Americas,1,22.95
2078,41037,Military,3,76.73
2079,21766,Military,3,18.95
2080,10969,World,0,24.95
2081,25453,World,0,42.99
2082,31399,Americas,1,25.89
2083,28437,Americas,1,17.12
2084,23745,Americas,1,27.71
2085,3615,Ancient Civilizations,7,21.6
2086,33542,Americas,1,19.99
2087,14934,Americas,1,10.95
2088,25836,Americas,1,27.88
2089,9061,Historical Study & Educational Resources,9,14.98
2090,2863,World,0,
2091,2399,Americas,1,
2092,31526,Americas,1,21.05
2093,14606,Americas,1,29.95
2094,4518,Americas,1,26.75
2095,38699,Military,3,26.95
2096,27577,World,0,25.25
2097,12335,Americas,1,15.76
2098,18275,World,0,9.99
2099,16341,Americas,1,19.49
2100,3942,World,0,
2101,19647,Americas,1,20.21
2102,35458,Americas,1,17.39
2103,11118,World,0,
2104,21505,World,0,16.0
2105,26541,Americas,1,13.64
2106,35385,Americas,1,19.18
2107,30822,Americas,1,
2108,9024,Americas,1,31.56
2109,40171,World,0,14.19
2110,19273,World,0,28.94
2111,29499,World,0,14.95
2112,5170,World,0,
2113,35559,Americas,1,19.99
2114,16084,Americas,1,22.16
2115,33375,Americas,1,13.56
2116,21622,Americas,1,34.0
2117,25586,World,0,10.5
2118,21367,World,0,8.17
2119,16432,Americas,1,20.0
2120,31810,Americas,1,15.95
2121,1930,Americas,1,23.99
2122,38359,Military,3,15.45
2123,15486,World,0,
2124,26272,Americas,1,24.99
2125,6890,Americas,1,
2126,17925,Americas,1,
2127,14514,Americas,1,21.95
2128,6592,Europe,4,40.4
2129,10533,World,0,37.55
2130,14403,Americas,1,24.97
2131,28443,Americas,1,20.38
2132,953,Historical Study & Educational Resources,9,
2133,9618,Americas,1,
2134,10504,World,0,26.2
2135,5011,World,0,20.0
2136,26078,Americas,1,10.95
2137,24825,Americas,1,
2138,10192,World,0,17.75
2139,35813,Americas,1,21.29
2140,37089,Military,3,17.95
2141,13474,Americas,1,21.99
2142,29848,Americas,1,25.0
2143,27279,Europe,4,9.99
2144,41436,Americas,1,9.95
2145,32748,Americas,1,14.95
2146,31786,Americas,1,
2147,17484,Americas,1,
2148,8248,Americas,1,
2149,9826,Americas,1,23.15
2150,27771,Military,3,14.3
2151,19235,Americas,1,19.95
2152,11029,Europe,4,16.06
2153,10943,Military,3,30.83
2154,1323,World,0,12.75
2155,15617,World,0,19.48
2156,22986,Americas,1,67.61
2157,25336,World,0,12.95
2158,5501,World,0,21.91
2159,4815,Military,3,7.12
2160,28970,Military,3,18.95
2161,18592,Americas,1,
2162,608,World,0,
2163,9758,Europe,4,66.72
2164,29353,Military,3,25.72
2165,33681,Americas,1,14.45
2166,39902,Americas,1,
2167,12988,Americas,1,14.56
2168,33086,Americas,1,
2169,12573,Americas,1,20.99
2170,22136,Americas,1,9.31
2171,2507,World,0,9.95
2172,5471,Americas,1,9.97
2173,5692,World,0,16.99
2174,8406,Americas,1,
2175,13150,Americas,1,20.5
2176,35478,Americas,1,21.12
2177,11107,World,0,22.43
2178,26282,Americas,1,24.0
2179,23338,Americas,1,
2180,791,World,0,14.99
2181,13013,Americas,1,12.69
2182,24049,Americas,1,5.1
2183,36966,Military,3,7.78
2184,1467,Americas,1,12.79
2185,8891,Americas,1,
2186,24699,Americas,1,7.95
2187,19062,Americas,1,14.06
2188,10393,Americas,1,17.72
2189,23670,Military,3,135.0
2190,33809,Americas,1,14.13
2191,33181,Military,3,13.23
2192,37926,Military,3,30.41
2193,24004,Americas,1,
2194,33729,Americas,1,5.7
2195,24716,Americas,1,13.0
2196,10287,Americas,1,
2197,3698,Americas,1,10.38
2198,16420,Americas,1,
2199,1319,World,0,13.47
2200,23882,Americas,1,
2201,13302,Americas,1,21.99
2202,38688,Military,3,17.67
2203,21499,World,0,13.71
2204,9038,World,0,11.95
2205,13538,Americas,1,21.99
2206,41335,Americas,1,13.3
2207,5198,World,0,5.56
2208,2362,World,0,29.76
2209,35789,Americas,1,
2210,10289,Europe,4,8.98
2211,19609,Americas,1,18.35
2212,5042,Americas,1,16.93
2213,4740,Ancient Civilizations,7,43.55
2214,4128,World,0,34.95
2215,39654,Military,3,15.6
2216,39209,Military,3,56.44
2217,6132,Military,3,
2218,429,Middle East,8,8.25
2219,30057,Americas,1,21.24
2220,10137,Americas,1,7.95
2221,20740,Americas,1,15.69
2222,39488,Military,3,
2223,26816,Americas,1,24.99
2224,40749,Asia,2,31.63
2225,36981,Europe,4,
2226,26680,Americas,1,14.55
2227,11665,Americas,1,21.98
2228,7070,Military,3,
2229,16054,Americas,1,34.63
2230,3885,World,0,33.98
2231,35526,Americas,1,19.44
2232,28981,Europe,4,7.79
2233,1398,Military,3,32.28
2234,9035,Americas,1,13.99
2235,10755,Americas,1,13.99
2236,16170,Europe,4,
2237,32648,Americas,1,10.09
2238,14233,Americas,1,18.38
2239,21239,World,0,35.95
2240,31662,Americas,1,15.16
2241,34290,Americas,1,19.66
2242,6245,Americas,1,11.95
2243,32486,Europe,4,6.4
2244,17315,Americas,1,27.46
2245,41175,Military,3,120.0
2246,470,World,0,16.76
2247,39501,World,0,
2248,20302,Americas,1,18.27
2249,22138,World,0,
2250,22715,Americas,1,4.5
2251,2907,Americas,1,
2252,25543,Americas,1,16.95
2253,24627,Americas,1,17.95
2254,30511,Americas,1,19.09
2255,21780,Ancient Civilizations,7,18.95
2256,8394,Europe,4,27.05
2257,8829,World,0,49.95
2258,26533,Americas,1,24.3
2259,24308,Americas,1,
2260,7237,Americas,1,9.32
2261,22809,Americas,1,
2262,37224,World,0,60.53
2263,29105,Military,3,16.22
2264,26847,Americas,1,
2265,7538,Europe,4,
2266,28200,Americas,1,14.95
2267,29131,Military,3,13.59
2268,6478,Ancient Civilizations,7,14.58
2269,11300,Americas,1,21.99
2270,37878,Americas,1,16.35
2271,35128,Americas,1,15.4
2272,26090,Americas,1,20.0
2273,23455,Americas,1,
2274,17655,Americas,1,19.45
2275,10583,World,0,33.95
2276,40784,Military,3,23.3
2277,16577,Americas,1,34.95
2278,19770,World,0,16.74
2279,2744,Americas,1,
2280,26675,Americas,1,17.4
2281,18241,World,0,25.49
2282,28085,Americas,1,21.99
2283,4289,Americas,1,25.0
2284,3434,World,0,44.71
2285,25907,Americas,1,18.99
2286,37562,Military,3,
2287,6119,Ancient Civilizations,7,
2288,13405,Americas,1,17.39
2289,18583,Military,3,18.95
2290,29286,Military,3,37.14
2291,12995,Americas,1,21.99
2292,6111,Americas,1,21.98
2293,7580,Americas,1,17.17
2294,22957,Americas,1,18.95
2295,30476,World,0,17.95
2296,31744,Americas,1,60.0
2297,24873,Americas,1,20.91
2298,35439,Americas,1,17.42
2299,13267,Americas,1,19.79
2300,13642,Americas,1,
2301,6933,Europe,4,59.97
2302,1786,Americas,1,
2303,4741,World,0,15.3
2304,33075,Americas,1,26.78
2305,3622,Americas,1,10.71
2306,5152,Americas,1,16.97
2307,38301,Americas,1,
2308,13674,Asia,2,104.81
2309,4520,Russia,5,27.0
2310,35752,Americas,1,10.07
2311,21483,Military,3,
2312,8768,Americas,1,
2313,14558,Americas,1,7.91
2314,17192,Americas,1,24.95
2315,22893,Americas,1,24.95
2316,12357,Americas,1,21.99
2317,12776,Americas,1,17.37
2318,27688,Americas,1,12.2
2319,24392,Americas,1,24.39
2320,1895,Europe,4,
2321,36096,Europe,4,18.95
2322,34354,Americas,1,12.79
2323,32822,Military,3,10.93
2324,13912,Americas,1,15.94
2325,29942,World,0,10.87
2326,27316,Military,3,7.95
2327,6049,Middle East,8,17.2
2328,31785,Americas,1,32.74
2329,1623,Europe,4,14.4
2330,22871,Americas,1,
2331,17119,Americas,1,
2332,39432,Military,3,21.23
2333,31623,Americas,1,11.14
2334,8409,Historical Study & Educational Resources,9,
2335,35019,Europe,4,4.5
2336,8021,Military,3,
2337,35027,Americas,1,21.52
2338,33728,Americas,1,19.28
2339,31590,Americas,1,
2340,29423,Americas,1,11.59
2341,35553,Americas,1,19.77
2342,25203,Americas,1,
2343,32030,Americas,1,
2344,5183,World,0,34.49
2345,31621,Americas,1,15.99
2346,10734,Military,3,
2347,25859,Americas,1,14.0
2348,20578,Americas,1,25.95
2349,38507,Europe,4,14.53
2350,13904,Americas,1,12.75
2351,21234,Americas,1,25.21
2352,38209,Military,3,
2353,36838,Military,3,15.39
2354,4932,Military,3,6.53
2355,35239,World,0,14.25
2356,34394,Americas,1,19.99
2357,7578,Americas,1,16.26
2358,13681,Americas,1,
2359,36302,Military,3,6.29
2360,35652,Americas,1,18.93
2361,16227,World,0,20.44
2362,13325,Americas,1,18.39
2363,39912,Ancient Civilizations,7,28.03
2364,7579,Americas,1,10.26
2365,10829,Americas,1,20.07
2366,31745,Americas,1,19.95
2367,40595,Russia,5,33.0
2368,18917,World,0,16.92
2369,28159,Americas,1,21.25
2370,40543,World,0,40.51
2371,23876,Americas,1,9.99
2372,27039,Americas,1,14.63
2373,13968,Middle East,8,
2374,33813,Americas,1,
2375,6871,Europe,4,
2376,14943,Europe,4,
2377,19345,Americas,1,41.1
2378,39473,Asia,2,
2379,36482,Europe,4,9.08
2380,40363,Americas,1,
2381,5115,Military,3,66.49
2382,38217,Asia,2,21.95
2383,8729,Americas,1,
2384,32796,Americas,1,
2385,31931,Americas,1,26.95
2386,24458,Americas,1,15.0
2387,35391,Americas,1,19.99
2388,304,Americas,1,7.78
2389,1484,World,0,14.88
2390,13328,Americas,1,21.99
2391,11215,Americas,1,21.99
2392,8153,World,0,
2393,480,World,0,
2394,26813,Americas,1,11.88
2395,34391,Americas,1,19.09
2396,12739,Americas,1,21.99
2397,31053,Military,3,31.79
2398,41069,Americas,1,14.5
2399,34376,Americas,1,18.36
2400,18798,Europe,4,17.77
2401,28548,Americas,1,17.38
2402,34035,Americas,1,13.95
2403,39947,Americas,1,20.72
2404,38731,Military,3,51.26
2405,6415,Americas,1,18.98
2406,26387,Europe,4,49.99
2407,14944,Europe,4,14.0
2408,34794,Military,3,42.34
2409,34694,Americas,1,22.03
2410,17605,Military,3,
2411,30427,Americas,1,21.95
2412,14884,Americas,1,9.26
2413,25749,Military,3,29.0
2414,6698,Americas,1,
2415,18282,World,0,
2416,5030,Americas,1,14.61
2417,21072,Americas,1,
2418,27792,Americas,1,21.95
2419,9225,World,0,8.99
2420,37466,Europe,4,19.95
2421,7759,Americas,1,27.95
2422,3431,Americas,1,59.0
2423,20680,World,0,28.95
2424,28670,Military,3,13.95
2425,27662,World,0,22.62
2426,35667,Americas,1,18.56
2427,15897,Americas,1,6.75
2428,8278,World,0,35.23
2429,36819,Military,3,40.45
2430,19792,World,0,30.0
2431,19170,Americas,1,
2432,21861,Europe,4,12.45
2433,6165,Americas,1,15.27
2434,3095,World,0,35.0
2435,3419,Americas,1,11.95
2436,34229,Americas,1,18.54
2437,15145,Americas,1,
2438,40315,Asia,2,22.17
2439,26070,Military,3,9.99
2440,24597,Americas,1,
2441,1640,Europe,4,11.55
2442,19348,Europe,4,53.33
2443,19452,World,0,16.2
2444,5694,Americas,1,18.36
2445,20484,Americas,1,29.47
2446,29396,Americas,1,16.81
2447,4201,Americas,1,17.38
2448,26757,Americas,1,18.0
2449,25925,World,0,
2450,550,Americas,1,6.66
2451,20576,World,0,
2452,27327,Military,3,14.95
2453,35117,Americas,1,9.99
2454,38153,Military,3,18.95
2455,38626,Military,3,22.95
2456,38207,Europe,4,16.16
2457,30516,Military,3,17.46
2458,25134,Military,3,
2459,8969,Americas,1,9.87
2460,70,World,0,24.23
2461,7321,World,0,8.92
2462,8687,Americas,1,
2463,1442,World,0,21.0
2464,7155,Americas,1,
2465,31920,Americas,1,
2466,4608,Americas,1,36.0
2467,853,World,0,10.87
2468,3643,Americas,1,19.63
2469,3604,Military,3,43.82
2470,30532,Americas,1,
2471,10279,Americas,1,
2472,2541,World,0,
2473,31304,World,0,12.99
2474,5053,Americas,1,
2475,17247,Americas,1,
2476,3548,Europe,4,26.09
2477,32044,Asia,2,
2478,39983,World,0,4.65
2479,33134,Americas,1,18.8
2480,10036,Americas,1,5.79
2481,17021,Americas,1,29.99
2482,20433,Americas,1,22.45
2483,26621,Europe,4,28.25
2484,18707,Military,3,18.75
2485,34787,World,0,18.6
2486,128,Military,3,
2487,6046,Europe,4,28.0
2488,37682,Europe,4,18.56
2489,34294,Americas,1,25.65
2490,25813,Americas,1,28.95
2491,24140,Military,3,
2492,1175,Europe,4,
2493,4702,World,0,22.0
2494,41536,Americas,1,
2495,2259,Americas,1,
2496,29513,Americas,1,25.0
2497,31396,Americas,1,7.95
2498,10869,Military,3,7.1
2499,8124,World,0,
2500,2625,World,0,
2501,28428,Americas,1,17.33
2502,28384,Americas,1,21.99
2503,38495,Military,3,17.94
2504,26922,World,0,
2505,15292,Americas,1,14.99
2506,33050,Americas,1,9.99
2507,37050,Military,3,17.95
2508,2284,World,0,
2509,24382,Americas,1,
2510,41066,Americas,1,45.96
2511,32794,World,0,
2512,12006,Americas,1,16.7
2513,26134,Military,3,24.95
2514,11843,Americas,1,21.99
2515,39367,Americas,1,12.88
2516,12353,Americas,1,18.72
2517,12000,Americas,1,20.38
2518,32659,Americas,1,22.52
2519,17811,Americas,1,
2520,11854,Americas,1,21.99
2521,34995,World,0,16.81
2522,7568,World,0,19.95
2523,26052,World,0,25.16
2524,38061,Asia,2,17.95
2525,15541,World,0,24.99
2526,10992,Americas,1,22.23
2527,6271,Americas,1,
2528,2772,Americas,1,
2529,11960,Americas,1,21.32
2530,19550,Americas,1,
2531,469,World,0,12.99
2532,40466,Americas,1,
2533,27214,Historical Study & Educational Resources,9,
2534,8897,Americas,1,
2535,1240,Americas,1,10.11
2536,13198,Americas,1,20.87
2537,41443,Americas,1,
2538,24139,Military,3,26.77
2539,8801,Europe,4,11.78
2540,39059,Americas,1,5.31
2541,28608,Americas,1,15.71
2542,35621,Americas,1,18.58
2543,15561,World,0,16.71
2544,28009,Americas,1,20.11
2545,14543,Military,3,439.95
2546,37192,World,0,17.0
2547,3001,Americas,1,
2548,30823,Military,3,49.09
2549,4504,World,0,30.24
2550,11832,Americas,1,21.99
2551,6308,Americas,1,7.5
2552,8500,Europe,4,55.71
2553,26608,Americas,1,17.89
2554,38270,Ancient Civilizations,7,18.95
2555,11732,Americas,1,15.94
2556,14532,Americas,1,16.95
2557,25747,Americas,1,
2558,41123,Americas,1,31.94
2559,2990,Americas,1,
2560,12958,Americas,1,19.79
2561,5883,Military,3,7.99
2562,22952,Middle East,8,35.95
2563,13131,Americas,1,17.39
2564,8223,Americas,1,
2565,26936,Americas,1,
2566,11598,Americas,1,18.55
2567,23688,Americas,1,35.0
2568,33758,Americas,1,15.95
2569,26768,Americas,1,13.95
2570,7891,Ancient Civilizations,7,18.43
2571,17663,Americas,1,7.75
2572,861,Military,3,6.99
2573,37775,Europe,4,34.09
2574,29177,Europe,4,13.54
2575,12607,Americas,1,19.21
2576,40514,Americas,1,18.75
2577,23435,Americas,1,18.95
2578,37990,Military,3,8.16
2579,40039,World,0,10.95
2580,27257,Americas,1,9.35
2581,1483,World,0,15.3
2582,2351,World,0,
2583,10752,Americas,1,14.77
2584,4336,Americas,1,13.94
2585,11359,Americas,1,10.34
2586,2182,World,0,
2587,30173,Military,3,8.62
2588,36536,Ancient Civilizations,7,18.5
2589,11821,Americas,1,21.99
2590,19640,Americas,1,13.36
2591,31956,Military,3,
2592,24397,Americas,1,
2593,38325,Ancient Civilizations,7,38.94
2594,8504,Europe,4,117.65
2595,34746,World,0,12.95
2596,6314,Americas,1,42.95
2597,22896,Americas,1,21.95
2598,30066,Americas,1,25.71
2599,23245,Middle East,8,
2600,13819,Americas,1,8.0
2601,26109,Military,3,39.95
2602,39885,Americas,1,19.95
2603,30681,Americas,1,21.23
2604,36352,Ancient Civilizations,7,18.95
2605,39436,World,0,
2606,8537,World,0,0.0
2607,15521,World,0,
2608,34017,Africa,6,15.69
2609,31832,Americas,1,58.81
2610,40683,Military,3,
2611,17365,Americas,1,23.95
2612,20020,Military,3,24.58
2613,9598,World,0,
2614,35508,Americas,1,19.99
2615,38215,Military,3,
2616,6194,Military,3,16.81
2617,18352,Asia,2,9.98
2618,30627,Americas,1,5.99
2619,39206,Europe,4,15.83
2620,38668,Military,3,
2621,13095,Americas,1,21.99
2622,13831,Americas,1,
2623,8317,Ancient Civilizations,7,39.47
2624,25371,Ancient Civilizations,7,7.5
2625,35601,Americas,1,13.26
2626,19454,Europe,4,28.85
2627,3519,World,0,21.92
2628,11815,Americas,1,21.99
2629,15757,Americas,1,28.39
2630,32614,World,0,34.95
2631,25321,Americas,1,
2632,926,Americas,1,
2633,29144,Military,3,15.56
2634,2145,Americas,1,59.78
2635,9358,Europe,4,6.85
2636,6002,Asia,2,10.25
2637,14354,Americas,1,16.9
2638,2020,Americas,1,
2639,40900,Ancient Civilizations,7,19.95
2640,16634,Americas,1,25.56
2641,41397,Americas,1,
2642,28685,Americas,1,21.6
2643,27806,Americas,1,17.59
2644,28435,Americas,1,17.38
2645,29815,Military,3,24.99
2646,14275,Australia & Oceania,10,9.98
2647,33824,Americas,1,25.63
2648,17953,Military,3,
2649,3568,Americas,1,15.1
2650,39262,Americas,1,15.95
2651,25726,Americas,1,
2652,9810,World,0,21.54
2653,17217,Americas,1,29.95
2654,21431,World,0,
2655,15454,World,0,5.47
2656,24148,Military,3,
2657,8713,Americas,1,12.7
2658,4265,World,0,
2659,2174,World,0,
2660,15016,Military,3,13.01
2661,27660,Military,3,3214.79
2662,7258,Military,3,13.97
2663,30918,World,0,4.12
2664,6847,Americas,1,
2665,32170,Americas,1,27.95
2666,18388,Americas,1,16.36
2667,21397,World,0,20.43
2668,40202,Americas,1,30.16
2669,19391,World,0,32.13
2670,8939,Americas,1,
2671,18517,Americas,1,10.49
2672,499,World,0,
2673,30188,Americas,1,25.85
2674,30547,Americas,1,
2675,6824,World,0,33.0
2676,1453,Australia & Oceania,10,6.2
2677,21216,Americas,1,24.95
2678,23560,World,0,19.95
2679,39672,Americas,1,19.95
2680,3269,World,0,
2681,27907,Military,3,14.73
2682,39943,World,0,
2683,32524,World,0,26.35
2684,38464,Military,3,17.95
2685,11788,Americas,1,
2686,5434,Military,3,8.52
2687,26618,World,0,14.27
2688,11667,Americas,1,20.35
2689,3018,Americas,1,
2690,34582,Americas,1,39.95
2691,6367,Military,3,33.75
2692,35953,Americas,1,12.97
2693,22976,Americas,1,9.44
2694,19698,Americas,1,
2695,40053,Americas,1,14.95
2696,18709,Americas,1,13.68
2697,37374,Europe,4,
2698,3000,Americas,1,
2699,35636,Americas,1,15.53
2700,31062,Americas,1,24.95
2701,28002,Americas,1,21.99
2702,3876,Americas,1,
2703,75,Military,3,47.55
2704,11933,Americas,1,17.11
2705,5925,Americas,1,
2706,23894,World,0,8.35
2707,32640,Americas,1,23.31
2708,31332,Americas,1,16.1
2709,9685,Europe,4,32.22
2710,6427,World,0,22.4
2711,15961,Americas,1,26.0
2712,5625,Americas,1,17.0
2713,30714,World,0,33.24
2714,12955,Americas,1,21.99
2715,35759,Africa,6,18.93
2716,25087,Military,3,2.99
2717,17877,Americas,1,38.94
2718,34902,Americas,1,15.95
2719,311,Asia,2,62.09
2720,17125,Americas,1,85.0
2721,32209,World,0,
2722,27441,Americas,1,24.95
2723,16594,Military,3,
2724,6483,Europe,4,16.94
2725,32338,Americas,1,15.19
2726,31717,World,0,8.34
2727,29456,Americas,1,19.95
2728,36812,Americas,1,16.63
2729,8161,Americas,1,5.7
2730,11742,Americas,1,24.99
2731,31102,World,0,
2732,6237,Americas,1,59.0
2733,25840,Europe,4,15.73
2734,34024,Europe,4,5.79
2735,26538,Americas,1,20.99
2736,24402,Americas,1,
2737,3105,Americas,1,
2738,19246,Americas,1,
2739,24955,Americas,1,
2740,24508,Americas,1,
2741,15944,Americas,1,20.0
2742,19700,Americas,1,29.99
2743,26407,Americas,1,26.97
2744,3461,Americas,1,
2745,37191,Europe,4,
2746,40507,Americas,1,19.95
2747,20979,World,0,16.57
2748,37432,Military,3,
2749,30030,Americas,1,20.0
2750,8274,Military,3,15.06
2751,7609,Asia,2,27.19
2752,37983,Military,3,26.5
2753,23689,Americas,1,22.95
2754,33021,World,0,16.85
2755,21037,Americas,1,
2756,39348,Americas,1,
2757,14631,Americas,1,27.11
2758,33370,Americas,1,19.99
2759,29060,Military,3,13.3
2760,32555,Americas,1,5.29
2761,26071,Europe,4,15.95
2762,8920,Military,3,24.81
2763,12538,Americas,1,13.43
2764,39951,Military,3,32.99
2765,438,Europe,4,
2766,4449,Ancient Civilizations,7,51.99
2767,9242,World,0,30.0
2768,25078,World,0,3.89
2769,13477,Americas,1,17.39
2770,41233,Americas,1,5.02
2771,2644,Americas,1,21.65
2772,11119,World,0,43.85
2773,38635,Europe,4,18.95
2774,14422,Europe,4,
2775,16441,Americas,1,24.42
2776,36296,Military,3,18.95
2777,17056,Americas,1,24.71
2778,32425,Americas,1,29.95
2779,9767,Europe,4,9.45
2780,32134,World,0,
2781,31799,Americas,1,48.99
2782,22232,Asia,2,
2783,26775,Americas,1,8.98
2784,21589,Americas,1,32.99
2785,40079,Americas,1,22.66
2786,12143,Americas,1,21.99
2787,36318,Military,3,15.71
2788,2813,Africa,6,23.95
2789,22198,Americas,1,12.22
2790,3899,Americas,1,
2791,32105,World,0,25.0
2792,26296,Military,3,
2793,6605,Americas,1,29.76
2794,2494,Europe,4,
2795,13204,Americas,1,17.46
2796,1072,Americas,1,
2797,3581,Americas,1,22.29
2798,6810,Americas,1,17.07
2799,20568,Americas,1,28.53
2800,15280,Asia,2,6.55
2801,33622,Americas,1,44.95
2802,23935,World,0,
2803,29640,Americas,1,
2804,40894,Europe,4,
2805,19279,Americas,1,21.5
2806,26435,Middle East,8,22.79
2807,28235,Americas,1,16.8
2808,15452,World,0,25.37
2809,21715,Military,3,
2810,6100,World,0,24.95
2811,29494,Americas,1,19.04
2812,5186,World,0,12.95
2813,40379,World,0,18.95
2814,39045,Americas,1,
2815,8795,Americas,1,14.72
2816,2726,Americas,1,
2817,3425,Americas,1,44.0
2818,39916,Americas,1,8.0
2819,10453,Europe,4,
2820,15726,Americas,1,13.35
2821,5726,Americas,1,
2822,14584,Military,3,34.33
2823,27165,Americas,1,7.24
2824,35189,World,0,21.95
2825,29651,World,0,
2826,13814,Americas,1,25.97
2827,1,Americas,1,5.89
2828,25118,Europe,4,22.95
2829,5847,Europe,4,11.33
2830,38990,Americas,1,
2831,33806,Americas,1,
2832,28290,Americas,1,12.89
2833,36177,Europe,4,15.8
2834,38323,Middle East,8,
2835,11550,Americas,1,11.82
2836,29986,Europe,4,12.49
2837,1426,Americas,1,7.9
2838,28473,Americas,1,19.8
2839,39055,Middle East,8,
2840,1422,Americas,1,14.09
2841,35138,World,0,
2842,4750,World,0,19.46
2843,23493,Americas,1,
2844,30423,Americas,1,27.5
2845,2814,Americas,1,
2846,14704,Americas,1,19.99
2847,13270,Americas,1,15.37
2848,27357,Americas,1,19.01
2849,26477,Americas,1,
2850,26311,Americas,1,66.45
2851,33395,Americas,1,16.1
2852,24172,Military,3,
2853,18428,Military,3,
2854,1656,Americas,1,
2855,6556,Military,3,27.44
2856,33810,Americas,1,
2857,15258,Americas,1,
2858,38869,World,0,
2859,31048,Americas,1,19.99
2860,32135,World,0,22.48
2861,1034,Military,3,20.54
2862,9743,Ancient Civilizations,7,21.0
2863,19616,Americas,1,12.95
2864,19917,World,0,
2865,3115,Americas,1,
2866,23427,Americas,1,18.99
2867,34210,Americas,1,11.09
2868,896,Americas,1,
2869,6350,Americas,1,8.26
2870,28983,Military,3,22.95
2871,9633,World,0,33.93
2872,13063,Americas,1,14.49
2873,11245,Americas,1,21.99
2874,15384,Americas,1,53.5
2875,32309,Americas,1,18.0
2876,8761,Military,3,6.27
2877,3539,Military,3,9.95
2878,40944,Africa,6,17.51
2879,38690,Military,3,18.95
2880,20809,Americas,1,
2881,25007,World,0,15.95
2882,35810,Africa,6,19.72
2883,14839,Americas,1,3.98
2884,2464,World,0,
2885,13371,Americas,1,21.99
2886,39486,Military,3,15.0
2887,22822,Military,3,
2888,36673,Europe,4,16.26
2889,14143,Military,3,
2890,28155,Americas,1,20.82
2891,7918,World,0,
2892,37944,Europe,4,
2893,27358,World,0,19.95
2894,17377,Americas,1,28.79
2895,30872,Europe,4,55.0
2896,3416,Americas,1,
2897,1675,Military,3,11.46
2898,2915,Military,3,9.92
2899,23430,Americas,1,11.98
2900,35700,Americas,1,14.95
2901,35613,Americas,1,18.6
2902,6573,Americas,1,
2903,11451,Americas,1,14.73
2904,13544,Americas,1,21.62
2905,2231,Americas,1,5.99
2906,31524,Americas,1,43.01
2907,34070,Americas,1,25.31
2908,37128,Military,3,17.95
2909,36887,Europe,4,18.95
2910,6946,Americas,1,
2911,13,Military,3,52.01
2912,21011,Americas,1,15.95
2913,7478,Americas,1,1.99
2914,14871,Military,3,13.08
2915,12299,Americas,1,19.79
2916,34627,Americas,1,12.12
2917,1418,Americas,1,5.83
2918,1536,World,0,11.97
2919,12690,Americas,1,17.99
2920,11764,Americas,1,24.99
2921,21388,World,0,8.0
2922,3168,Americas,1,10.76
2923,7096,Europe,4,
2924,36750,Military,3,18.95
2925,3935,World,0,
2926,33927,Americas,1,
2927,32669,Americas,1,29.42
2928,14159,World,0,35.51
2929,36659,Ancient Civilizations,7,18.55
2930,19711,Americas,1,27.99
2931,41460,Americas,1,70.67
2932,9697,World,0,
2933,17411,Americas,1,
2934,37808,Africa,6,18.94
2935,32416,Americas,1,18.69
2936,20174,Americas,1,16.95
2937,19976,Americas,1,29.53
2938,38259,Military,3,18.95
2939,23920,World,0,12.83
2940,12133,Americas,1,11.95
2941,33945,Americas,1,18.76
2942,17265,Americas,1,8.82
2943,15232,Americas,1,
2944,36713,Europe,4,15.95
2945,1784,Americas,1,
2946,1213,Ancient Civilizations,7,18.85
2947,4401,Americas,1,24.95
2948,16987,Americas,1,19.95
2949,22664,Asia,2,5.1
2950,3510,Americas,1,
2951,4800,Americas,1,15.0
2952,32351,Americas,1,
2953,5466,Middle East,8,20.75
2954,20305,Americas,1,
2955,26635,Americas,1,11.34
2956,39189,Americas,1,7.36
2957,2095,Americas,1,
2958,20440,Americas,1,16.12
2959,4421,Americas,1,
2960,35904,Historical Study & Educational Resources,9,12.2
2961,35883,Americas,1,18.0
2962,16810,Americas,1,12.98
2963,4500,Europe,4,16.0
2964,7029,Military,3,78.78
2965,28335,Americas,1,21.99
2966,39121,Military,3,43.95
2967,12138,Americas,1,21.46
2968,39191,Military,3,
2969,36327,Military,3,18.95
2970,14918,Military,3,35.95
2971,19993,Americas,1,27.72
2972,6136,Americas,1,5.2
2973,39165,Americas,1,11.95
2974,15694,World,0,25.0
2975,3375,World,0,
2976,14505,Americas,1,15.09
2977,49,Europe,4,22.77
2978,15727,Americas,1,
2979,38570,Americas,1,17.95
2980,30675,World,0,51.83
2981,35910,Americas,1,
2982,26874,Americas,1,19.99
2983,22014,Middle East,8,12.95
2984,31461,Americas,1,15.72
2985,41431,Ancient Civilizations,7,
2986,36160,Military,3,18.74
2987,3843,World,0,38.81
2988,27227,World,0,17.85
2989,13832,Americas,1,8.92
2990,19668,Americas,1,26.95
2991,17497,Americas,1,27.15
2992,27434,Americas,1,27.98
2993,10008,Americas,1,13.36
2994,6014,World,0,
2995,631,Europe,4,32.0
2996,9793,World,0,
2997,7212,World,0,
2998,41462,Ancient Civilizations,7,18.91
2999,33588,Americas,1,19.99
3000,27154,Americas,1,21.54
3001,33063,Americas,1,3.45
3002,36888,Military,3,17.95
3003,18869,World,0,
3004,36622,Military,3,19.95
3005,25308,Americas,1,81.92
3006,22749,Americas,1,
3007,3818,Military,3,47.0
3008,30380,World,0,
3009,33846,Americas,1,16.16
3010,24887,Asia,2,8.38
3011,24744,Americas,1,55.97
3012,30368,Africa,6,19.95
3013,19052,Ancient Civilizations,7,14.12
3014,31032,Americas,1,5.98
3015,3154,Americas,1,
3016,3441,Americas,1,90.85
3017,3426,Americas,1,
3018,37707,Americas,1,17.95
3019,8388,Middle East,8,
3020,41467,Military,3,49.95
3021,18457,Americas,1,4.98
3022,29532,Americas,1,16.44
3023,30054,Military,3,19.99
3024,39173,Americas,1,
3025,12337,Americas,1,16.0
3026,31058,Americas,1,39.95
3027,21796,Americas,1,
3028,15433,Americas,1,14.6
3029,25355,Americas,1,
3030,28280,Americas,1,16.93
3031,7586,Americas,1,15.99
3032,10098,Americas,1,20.21
3033,21035,Americas,1,32.0
3034,38441,Military,3,21.95
3035,24446,Americas,1,9.17
3036,904,Americas,1,39.99
3037,27354,World,0,29.95
3038,24569,Americas,1,
3039,14832,Americas,1,31.35
3040,40811,Military,3,22.54
3041,37240,Historical Study & Educational Resources,9,15.06
3042,22846,Americas,1,
3043,21603,Americas,1,40.95
3044,31040,Americas,1,
3045,24847,Americas,1,6.22
3046,1174,Europe,4,
3047,29751,Americas,1,10.81
3048,32532,World,0,24.16
3049,37246,Europe,4,57.94
3050,16982,Americas,1,22.46
3051,40530,Europe,4,5.95
3052,8372,Ancient Civilizations,7,6.82
3053,15801,Ancient Civilizations,7,20.74
3054,10175,World,0,6.16
3055,596,Americas,1,
3056,30630,Americas,1,25.96
3057,18819,Europe,4,16.88
3058,35762,Europe,4,16.76
3059,16545,Americas,1,19.96
3060,30454,Military,3,12.95
3061,21130,Americas,1,24.95
3062,18123,Americas,1,
3063,23617,Military,3,9.95
3064,1478,Americas,1,12.24
3065,12477,Americas,1,21.08
3066,1078,World,0,10.1
3067,41420,Americas,1,13.17
3068,13367,Americas,1,21.99
3069,25600,Americas,1,30.0
3070,22815,Military,3,24.95
3071,12431,Americas,1,21.99
3072,7567,Americas,1,
3073,36090,Americas,1,18.95
3074,16662,Americas,1,
3075,471,World,0,19.99
3076,14361,Americas,1,32.45
3077,34969,Americas,1,28.98
3078,17164,Americas,1,19.95
3079,23618,Americas,1,25.42
3080,20564,Americas,1,24.95
3081,29457,Americas,1,26.06
3082,24541,Americas,1,16.95
3083,32778,Americas,1,14.95
3084,2865,World,0,
3085,33188,Americas,1,27.99
3086,20349,World,0,8.21
3087,1048,World,0,
3088,21995,Europe,4,
3089,27957,Americas,1,13.59
3090,39641,Africa,6,26.96
3091,8858,Europe,4,16.27
3092,1608,World,0,16.0
3093,8844,Europe,4,17.08
3094,15124,Americas,1,25.0
3095,30866,Military,3,44.11
3096,37112,Military,3,19.9
3097,37058,Europe,4,19.95
3098,34875,Military,3,16.68
3099,26126,Military,3,15.0
3100,30814,Americas,1,53.64
3101,20589,Americas,1,
3102,27558,World,0,4.77
3103,5488,Americas,1,
3104,9588,World,0,
3105,17766,Americas,1,
3106,21257,World,0,21.59
3107,34094,Americas,1,30.55
3108,11574,Americas,1,21.99
3109,29626,World,0,
3110,40176,Americas,1,13.32
3111,10339,Americas,1,9.16
3112,6650,Americas,1,18.65
3113,6682,Americas,1,7.01
3114,14442,Europe,4,7.68
3115,13826,Americas,1,
3116,41164,Military,3,5.99
3117,24223,Americas,1,29.89
3118,14802,Europe,4,34.24
3119,21497,World,0,21.72
3120,36399,Europe,4,21.22
3121,21484,Russia,5,
3122,4086,Americas,1,24.95
3123,26115,Americas,1,19.95
3124,24545,Americas,1,17.95
3125,1566,Military,3,16.0
3126,428,Americas,1,5.24
3127,26254,Military,3,18.49
3128,20610,Americas,1,
3129,31904,Americas,1,11.14
3130,35206,Military,3,20.39
3131,25311,Americas,1,54.95
3132,26561,Europe,4,
3133,96,Europe,4,
3134,23231,Americas,1,
3135,24280,Americas,1,9.06
3136,20745,Military,3,17.95
3137,36561,Europe,4,17.95
3138,7133,World,0,
3139,8879,Americas,1,25.0
3140,9478,Americas,1,
3141,8832,World,0,
3142,31975,Europe,4,20.73
3143,38620,Europe,4,17.95
3144,14168,World,0,
3145,26350,World,0,19.03
3146,27868,Americas,1,19.4
3147,39677,Europe,4,13.99
3148,32895,Military,3,10.32
3149,22348,Military,3,69.91
3150,24383,Military,3,
3151,10308,Americas,1,
3152,19734,Americas,1,33.14
3153,21002,Americas,1,13.95
3154,24388,Europe,4,
3155,2265,Military,3,
3156,16534,Americas,1,19.0
3157,1162,Europe,4,
3158,12037,Americas,1,19.79
3159,8054,World,0,33.95
3160,26833,Europe,4,22.76
3161,12613,Americas,1,20.99
3162,17873,Americas,1,
3163,1491,World,0,16.63
3164,6757,Europe,4,16.89
3165,9571,World,0,30.0
3166,19060,World,0,13.09
3167,23276,Americas,1,
3168,10452,World,0,65.24
3169,11968,Americas,1,21.99
3170,9267,World,0,12.45
3171,1413,World,0,14.08
3172,33014,World,0,
3173,5598,Asia,2,
3174,34536,Military,3,49.99
3175,4613,Asia,2,44.99
3176,9349,World,0,2.85
3177,27381,Americas,1,27.0
3178,35546,Americas,1,20.99
3179,19600,Americas,1,
3180,20633,World,0,
3181,9739,Europe,4,48.31
3182,13957,World,0,6.23
3183,34207,Americas,1,19.99
3184,8042,Americas,1,
3185,27346,Americas,1,24.95
3186,34664,Americas,1,
3187,32394,World,0,20.97
3188,30396,Americas,1,
3189,8421,Americas,1,
3190,27554,World,0,22.65
3191,35424,Americas,1,21.99
3192,22429,Americas,1,12.95
3193,447,World,0,6.98
3194,9564,Americas,1,34.97
3195,800,Americas,1,14.82
3196,18641,Americas,1,32.15
3197,5683,Asia,2,8.98
3198,36779,Military,3,16.4
3199,35481,Americas,1,19.66
3200,7112,World,0,
3201,11243,Americas,1,21.99
3202,6146,Americas,1,8.45
3203,25723,Americas,1,24.95
3204,41333,Americas,1,9.99
3205,24348,Americas,1,7.11
3206,23873,Europe,4,6.8
3207,19046,Americas,1,39.95
3208,16224,World,0,15.5
3209,29040,Europe,4,17.1
3210,11335,Americas,1,21.99
3211,25610,Americas,1,
3212,33773,Americas,1,19.19
3213,37244,World,0,26.59
3214,12307,Americas,1,19.79
3215,11699,Americas,1,21.18
3216,8321,World,0,
3217,10413,Americas,1,6.19
3218,11597,Americas,1,19.93
3219,9186,World,0,22.5
3220,21899,Europe,4,
3221,18080,Americas,1,
3222,24934,Americas,1,23.5
3223,2888,World,0,
3224,11607,Americas,1,21.99
3225,7298,Americas,1,9.49
3226,3265,World,0,
3227,4241,Americas,1,22.5
3228,204,Americas,1,
3229,15871,Americas,1,
3230,16330,Americas,1,
3231,30864,Americas,1,9.99
3232,14736,Military,3,39.89
3233,33356,Americas,1,
3234,15146,Americas,1,
3235,7809,Middle East,8,18.87
3236,1562,Americas,1,15.37
3237,584,World,0,37.49
3238,18346,Americas,1,34.5
3239,35132,World,0,20.6
3240,30256,Americas,1,
3241,40388,Americas,1,19.95
3242,14344,Americas,1,4.79
3243,10591,Americas,1,19.99
3244,30037,Historical Study & Educational Resources,9,10.99
3245,1968,Americas,1,17.41
3246,6514,Americas,1,9.99
3247,18469,Americas,1,5.96
3248,14938,Military,3,18.5
3249,5225,World,0,13.23
3250,21492,Military,3,
3251,7251,Military,3,14.95
3252,9296,Ancient Civilizations,7,
3253,32570,Americas,1,
3254,36577,Military,3,18.95
3255,30210,Americas,1,29.92
3256,5071,World,0,13.38
3257,17660,Americas,1,
3258,13295,Americas,1,21.99
3259,14324,Americas,1,6.22
3260,15056,Americas,1,6.99
3261,24407,World,0,47.31
3262,34862,Military,3,28.4
3263,29462,Americas,1,22.45
3264,9712,World,0,30.12
3265,24017,Americas,1,4.95
3266,10484,Ancient Civilizations,7,47.95
3267,39839,Americas,1,
3268,18508,Military,3,21.95
3269,12904,Americas,1,7.26
3270,29427,Americas,1,35.05
3271,6892,Russia,5,
3272,86,Americas,1,46.25
3273,724,World,0,11.2
3274,7094,Europe,4,
3275,6480,Americas,1,4.98
3276,18451,Ancient Civilizations,7,26.77
3277,8322,World,0,
3278,37810,Military,3,18.57
3279,10263,Americas,1,15.0
3280,5697,Americas,1,19.71
3281,28105,Americas,1,17.38
3282,13596,Americas,1,21.99
3283,9769,Americas,1,
3284,15135,Australia & Oceania,10,
3285,12160,Americas,1,21.34
3286,35121,Americas,1,26.96
3287,18398,Americas,1,19.28
3288,33392,Americas,1,19.99
3289,12426,Americas,1,21.99
3290,22845,Americas,1,33.95
3291,29994,Americas,1,14.95
3292,2325,Americas,1,33.56
3293,28573,Americas,1,18.46
3294,32076,Americas,1,22.0
3295,37553,Middle East,8,
3296,15851,Americas,1,
3297,20904,Americas,1,42.0
3298,2585,World,0,168.45
3299,39638,Military,3,59.0
3300,14286,Military,3,44.6
3301,38863,World,0,
3302,21779,Europe,4,17.95
3303,11734,Americas,1,20.57
3304,32625,Americas,1,19.26
3305,16739,Americas,1,53.83
3306,29898,Europe,4,11.95
3307,22046,Europe,4,
3308,14475,Americas,1,12.23
3309,33820,Americas,1,
3310,34933,Americas,1,19.95
3311,14020,Ancient Civilizations,7,4.25
3312,18576,Americas,1,19.99
3313,11347,Americas,1,11.95
3314,9129,Europe,4,59.88
3315,30666,Americas,1,29.95
3316,1023,Military,3,21.61
3317,32735,Americas,1,23.0
3318,17252,Asia,2,12.0
3319,28776,Americas,1,
3320,35811,Americas,1,15.65
3321,15188,Americas,1,
3322,18498,Americas,1,
3323,36445,World,0,20.04
3324,9836,World,0,29.99
3325,33701,World,0,35.0
3326,34749,Americas,1,25.49
3327,9303,Ancient Civilizations,7,6.56
3328,13694,Military,3,14.0
3329,23847,Military,3,28.2
3330,9555,Americas,1,9.48
3331,29136,Ancient Civilizations,7,16.59
3332,33863,World,0,20.0
3333,1763,World,0,40.72
3334,37581,Europe,4,21.88
3335,7571,Americas,1,17.95
3336,33867,World,0,8.0
3337,1270,Africa,6,6.75
3338,12597,Americas,1,21.99
3339,18496,Americas,1,
3340,19032,Military,3,5.99
3341,4215,Americas,1,73.5
3342,1232,Military,3,10.7
3343,9728,Americas,1,
3344,21445,World,0,22.98
3345,35686,Americas,1,18.69
3346,12272,Americas,1,21.99
3347,27969,Americas,1,23.0
3348,9506,Americas,1,
3349,16871,World,0,14.99
3350,31452,Asia,2,20.22
3351,26263,Americas,1,20.4
3352,2595,World,0,
3353,1188,Americas,1,
3354,14898,Americas,1,
3355,18536,Europe,4,19.78
3356,38613,Military,3,22.95
3357,33646,Americas,1,24.92
3358,15283,World,0,
3359,24766,Americas,1,82.8
3360,19960,Military,3,8.5
3361,7406,Military,3,
3362,37165,Military,3,17.77
3363,8647,Asia,2,0.0
3364,36350,Europe,4,21.99
3365,14181,Military,3,6.96
3366,3356,Asia,2,59.32
3367,23198,Americas,1,16.95
3368,16529,World,0,
3369,13573,Americas,1,16.53
3370,1303,World,0,15.24
3371,23838,Military,3,9.95
3372,31078,Americas,1,14.95
3373,3488,Ancient Civilizations,7,36.9
3374,18519,Military,3,
3375,441,World,0,6.84
3376,35913,Europe,4,
3377,7725,Americas,1,
3378,1599,Americas,1,
3379,2149,World,0,
3380,26298,Military,3,9.99
3381,29102,Europe,4,18.94
3382,40204,Americas,1,
3383,9266,World,0,25.35
3384,32089,Americas,1,
3385,29776,Americas,1,15.26
3386,39409,Americas,1,
3387,16284,World,0,20.08
3388,13196,Americas,1,19.79
3389,22552,Military,3,8.74
3390,34830,Americas,1,21.8
3391,8368,World,0,25.66
3392,26507,Americas,1,
3393,22086,World,0,
3394,5102,Americas,1,19.86
3395,24866,Americas,1,24.95
3396,6361,World,0,13.93
3397,2133,Americas,1,22.97
3398,2650,Americas,1,
3399,23994,Americas,1,13.99
3400,10849,Americas,1,14.76
3401,40950,World,0,
3402,14589,Americas,1,
3403,17452,Americas,1,9.65
3404,27719,Americas,1,14.67
3405,35533,Americas,1,18.92
3406,2943,Americas,1,
3407,31795,Americas,1,20.85
3408,7720,Americas,1,20.15
3409,10986,Europe,4,35.62
3410,38092,Historical Study & Educational Resources,9,19.29
3411,10838,Americas,1,15.4
3412,11849,Americas,1,21.99
3413,8975,Americas,1,
3414,8980,Americas,1,
3415,4091,Americas,1,56.54
3416,20007,World,0,
3417,40500,Military,3,
3418,38824,World,0,11.54
3419,37697,Europe,4,22.95
3420,36921,Military,3,19.95
3421,10157,Americas,1,15.73
3422,26318,Americas,1,
3423,31691,World,0,20.24
3424,14438,Americas,1,
3425,27284,World,0,16.93
3426,6839,Historical Study & Educational Resources,9,
3427,31507,Military,3,
3428,2116,Americas,1,
3429,34667,Americas,1,
3430,27295,World,0,26.93
3431,35802,Americas,1,3.5
3432,27901,World,0,19.95
3433,40091,Americas,1,79.95
3434,7781,Americas,1,17.94
3435,34491,Americas,1,16.21
3436,32803,World,0,13.45
3437,36604,Europe,4,
3438,20507,Americas,1,32.95
3439,263,Americas,1,5.18
3440,20188,Americas,1,25.0
3441,8362,World,0,42.44
3442,273,Americas,1,26.96
3443,12033,Americas,1,19.79
3444,19951,Europe,4,16.24
3445,24942,Ancient Civilizations,7,11.34
3446,27265,World,0,42.95
3447,11501,Americas,1,21.99
3448,11905,Americas,1,17.39
3449,29888,World,0,10.0
3450,1194,Europe,4,
3451,11710,Americas,1,15.94
3452,38459,Americas,1,17.95
3453,11532,Americas,1,20.38
3454,16846,Middle East,8,8.23
3455,3177,World,0,10.2
3456,23224,Americas,1,20.0
3457,6660,Asia,2,18.48
3458,11042,Europe,4,19.97
3459,40390,Americas,1,14.95
3460,41308,Europe,4,12.98
3461,31925,Americas,1,19.95
3462,5172,World,0,15.54
3463,10901,Americas,1,34.31
3464,14206,World,0,17.61
3465,13326,Americas,1,21.99
3466,36682,Military,3,15.06
3467,34803,Europe,4,11.99
3468,21634,Europe,4,14.84
3469,35991,Americas,1,
3470,30353,World,0,11.95
3471,27318,World,0,8.59
3472,10781,Americas,1,22.86
3473,24991,Europe,4,13.95
3474,40673,Military,3,18.95
3475,17367,Americas,1,
3476,28188,Americas,1,18.96
3477,19645,Americas,1,20.04
3478,23233,Americas,1,
3479,7132,World,0,
3480,16951,Americas,1,26.23
3481,32947,Americas,1,20.78
3482,13600,Americas,1,21.99
3483,19274,Americas,1,17.3
3484,27488,World,0,
3485,25652,Americas,1,
3486,27273,World,0,12.48
3487,24774,Americas,1,
3488,25347,Americas,1,16.46
3489,17128,Americas,1,22.6
3490,35025,Americas,1,
3491,28455,Americas,1,17.38
3492,22545,Americas,1,11.58
3493,1157,Europe,4,24.95
3494,37120,Europe,4,18.95
3495,24601,Americas,1,5.49
3496,14160,Americas,1,15.01
3497,39232,Americas,1,11.51
3498,40577,Americas,1,24.95
3499,21670,Military,3,
3500,9579,Americas,1,
3501,18861,Europe,4,13.26
3502,29154,Europe,4,18.96
3503,26976,Europe,4,18.0
3504,15267,Americas,1,
3505,14302,Americas,1,
3506,11660,Americas,1,21.99
3507,36339,Asia,2,15.99
3508,14452,Americas,1,10.87
3509,28675,Europe,4,16.89
3510,17757,Americas,1,
3511,985,Military,3,57.41
3512,16497,Americas,1,
3513,37042,Military,3,17.04
3514,39133,Americas,1,
3515,2741,Americas,1,
3516,7030,Europe,4,4.21
3517,31582,Americas,1,22.88
3518,343,Americas,1,28.1
3519,19925,Americas,1,27.0
3520,16188,Americas,1,
3521,16613,Americas,1,10.87
3522,40409,Ancient Civilizations,7,18.4
3523,39766,Europe,4,60.99
3524,25485,World,0,
3525,18406,Americas,1,16.99
3526,33886,Military,3,29.8
3527,3318,Americas,1,26.95
3528,2308,World,0,
3529,11069,Europe,4,10.45
3530,5211,Americas,1,10.19
3531,1339,Europe,4,21.98
3532,41416,Military,3,8.4
3533,14200,World,0,15.95
3534,21753,Europe,4,15.01
3535,10499,Europe,4,23.11
3536,32998,Americas,1,16.92
3537,1699,Americas,1,19.95
3538,38654,Military,3,
3539,38832,Australia & Oceania,10,22.99
3540,30038,Military,3,19.95
3541,38545,Europe,4,15.1
3542,9733,Americas,1,
3543,7701,Americas,1,38.73
3544,14803,Americas,1,16.56
3545,24202,World,0,14.28
3546,16355,Americas,1,49.95
3547,5661,Americas,1,9.81
3548,29925,Military,3,9.97
3549,41277,Americas,1,39.0
3550,15073,Americas,1,
3551,41490,Europe,4,
3552,8913,Europe,4,
3553,40884,World,0,
3554,26923,Europe,4,
3555,25589,Americas,1,12.95
3556,505,World,0,
3557,13480,Americas,1,19.96
3558,41115,World,0,20.0
3559,24684,Ancient Civilizations,7,
3560,27844,Americas,1,
3561,10423,Americas,1,
3562,34444,Americas,1,19.99
3563,21382,World,0,
3564,38293,Europe,4,9.99
3565,3628,Americas,1,
3566,14402,Europe,4,7.01
3567,29962,Americas,1,22.03
3568,26396,Europe,4,25.21
3569,21970,Military,3,
3570,17747,Americas,1,
3571,1052,Americas,1,
3572,33354,Americas,1,
3573,10821,Asia,2,
3574,35047,World,0,20.99
3575,23543,Americas,1,
3576,13172,Americas,1,21.99
3577,15986,Americas,1,12.86
3578,20322,World,0,
3579,32107,Americas,1,6.64
3580,322,Americas,1,14.4
3581,10200,World,0,19.62
3582,22133,World,0,22.5
3583,32358,Americas,1,28.95
3584,38900,Americas,1,
3585,14190,Americas,1,20.82
3586,39015,Americas,1,
3587,14000,Europe,4,
3588,37637,Europe,4,18.95
3589,7592,World,0,20.26
3590,39507,Americas,1,47.23
3591,34646,Historical Study & Educational Resources,9,18.95
3592,3391,Americas,1,15.02
3593,40791,Europe,4,30.47
3594,31788,Americas,1,65.77
3595,39715,Military,3,
3596,17963,World,0,27.33
3597,13077,Americas,1,21.99
3598,37998,Asia,2,30.67
3599,6549,Americas,1,10.99
3600,5045,Americas,1,20.29
3601,4277,Americas,1,24.95
3602,38080,Military,3,17.95
3603,17079,World,0,15.62
3604,30968,Americas,1,
3605,24420,World,0,
3606,621,World,0,13.72
3607,39324,Americas,1,15.95
3608,36715,Military,3,14.92
3609,31313,World,0,
3610,8450,World,0,
3611,37677,Americas,1,18.95
3612,16111,Military,3,12.77
3613,19588,Africa,6,
3614,19679,Americas,1,16.15
3615,19525,Americas,1,11.88
3616,11444,Americas,1,21.99
3617,15938,Americas,1,
3618,36546,Middle East,8,19.95
3619,37612,Military,3,23.93
3620,28830,Americas,1,
3621,23169,Americas,1,
3622,21478,World,0,20.94
3623,12081,Americas,1,21.99
3624,23315,Americas,1,21.88
3625,27960,Military,3,21.8
3626,28551,Americas,1,17.94
3627,5881,Historical Study & Educational Resources,9,
3628,39742,Asia,2,59.95
3629,13983,Europe,4,15.95
3630,39330,Americas,1,88.86
3631,27645,Americas,1,5.95
3632,26696,Americas,1,
3633,26644,Americas,1,16.0
3634,40425,Americas,1,15.29
3635,509,World,0,16.99
3636,36629,Europe,4,37.47
3637,35258,Americas,1,8.99
3638,5882,Africa,6,6.47
3639,12058,Americas,1,18.65
3640,33822,Americas,1,
3641,35534,Americas,1,19.01
3642,20920,Americas,1,
3643,35184,Americas,1,17.7
3644,11086,Military,3,7.9
3645,23738,Americas,1,
3646,11178,Ancient Civilizations,7,39.95
3647,17867,Americas,1,36.98
3648,31005,World,0,23.61
3649,20667,Americas,1,
3650,31090,Americas,1,13.0
3651,26518,Americas,1,
3652,41033,Americas,1,5.98
3653,2649,World,0,
3654,25309,Americas,1,
3655,19730,Americas,1,28.91
3656,28589,Americas,1,18.77
3657,512,Americas,1,18.59
3658,35214,World,0,17.05
3659,13401,Americas,1,21.99
3660,23181,Americas,1,25.0
3661,38821,Americas,1,18.33
3662,14945,Americas,1,17.06
3663,20258,Americas,1,18.64
3664,7002,Americas,1,45.96
3665,25536,Americas,1,20.01
3666,38615,Military,3,22.95
3667,37373,World,0,
3668,25629,Military,3,19.7
3669,39425,Americas,1,21.14
3670,37979,Military,3,14.93
3671,21933,Europe,4,60.94
3672,14854,Americas,1,
3673,38256,Ancient Civilizations,7,17.95
3674,37075,Military,3,17.95
3675,17000,Americas,1,
3676,37652,Military,3,
3677,1516,Europe,4,15.63
3678,25472,Americas,1,
3679,14513,Americas,1,
3680,30996,Americas,1,13.86
3681,21368,World,0,11.98
3682,3141,Military,3,
3683,23591,Americas,1,9.95
3684,16606,Americas,1,
3685,7499,World,0,36.89
3686,16416,Americas,1,24.53
3687,9842,Ancient Civilizations,7,
3688,23578,Americas,1,27.98
3689,20152,Americas,1,36.17
3690,2984,World,0,
3691,20870,World,0,
3692,748,Americas,1,8.02
3693,4563,World,0,
3694,38696,Military,3,23.97
3695,377,Americas,1,18.93
3696,22898,Americas,1,
3697,39695,Military,3,
3698,33530,Americas,1,15.02
3699,38948,Americas,1,
3700,39926,World,0,14.95
3701,16675,Americas,1,
3702,32448,World,0,16.66
3703,30526,Americas,1,
3704,21152,Americas,1,
3705,35648,Americas,1,18.69
3706,32816,Americas,1,4.75
3707,27930,World,0,23.75
3708,38968,Military,3,
3709,8467,Military,3,
3710,33944,Americas,1,16.0
3711,10397,World,0,
3712,7028,Americas,1,59.82
3713,7388,Americas,1,7.99
3714,38097,Ancient Civilizations,7,17.57
3715,3601,Americas,1,26.31
3716,3074,World,0,
3717,17537,Americas,1,
3718,5354,World,0,32.09
3719,25790,Americas,1,16.95
3720,4811,Americas,1,
3721,30189,Americas,1,15.99
3722,17051,Americas,1,19.95
3723,5553,Europe,4,26.0
3724,32400,Americas,1,26.22
3725,14686,Americas,1,14.99
3726,35174,World,0,4.7
3727,2240,Americas,1,
3728,13431,Americas,1,19.79
3729,38538,Middle East,8,20.35
3730,20459,Americas,1,29.95
3731,31820,Americas,1,1.29
3732,40634,Military,3,
3733,32738,Americas,1,
3734,29376,Americas,1,
3735,10951,Military,3,33.44
3736,180,Americas,1,
3737,12013,Americas,1,16.04
3738,31876,World,0,21.24
3739,1616,Americas,1,15.64
3740,34379,Americas,1,17.69
3741,19723,Americas,1,33.67
3742,8202,Americas,1,
3743,3049,World,0,
3744,33569,Americas,1,8.0
3745,11947,Americas,1,16.71
3746,10665,Americas,1,5.99
3747,31570,Americas,1,16.95
3748,3780,Americas,1,
3749,34557,Military,3,7.41
3750,5815,Europe,4,5.78
3751,17394,Americas,1,
3752,31009,World,0,26.36
3753,11935,Americas,1,20.87
3754,6334,Americas,1,15.25
3755,22629,Americas,1,13.95
3756,19712,Americas,1,
3757,17799,Americas,1,
3758,13641,Americas,1,17.39
3759,34342,Americas,1,19.99
3760,4824,Americas,1,9.21
3761,31063,Americas,1,37.8
3762,31560,Americas,1,
3763,16530,Americas,1,19.0
3764,10820,Americas,1,
3765,23872,World,0,15.93
3766,41012,Military,3,5.69
3767,14869,Americas,1,16.0
3768,3986,Americas,1,
3769,15435,Americas,1,24.1
3770,11841,Americas,1,17.39
3771,23891,Americas,1,16.95
3772,35393,Americas,1,19.99
3773,25272,Americas,1,10.25
3774,2043,Americas,1,
3775,19598,World,0,23.74
3776,33740,Military,3,44.0
3777,1243,Asia,2,4.4
3778,28250,Americas,1,19.79
3779,18245,World,0,29.04
3780,40195,World,0,24.95
3781,16906,Americas,1,
3782,15981,Americas,1,
3783,24500,World,0,19.95
3784,4159,Africa,6,34.95
3785,35460,Americas,1,18.53
3786,40546,Americas,1,
3787,2858,World,0,32.85
3788,36711,Military,3,16.16
3789,35429,Americas,1,17.42
3790,39082,Americas,1,27.64
3791,10284,Americas,1,
3792,22676,Americas,1,16.03
3793,14592,Americas,1,31.96
3794,4455,World,0,
3795,10405,Americas,1,
3796,17466,Americas,1,
3797,27403,Americas,1,14.99
3798,21690,Military,3,
3799,1346,World,0,13.65
3800,1179,Europe,4,
3801,18194,Americas,1,
3802,39907,Americas,1,2.5
3803,12286,Americas,1,14.19
3804,3102,World,0,31.0
3805,11028,Europe,4,
3806,4156,Americas,1,
3807,19621,Americas,1,17.08
3808,9871,Americas,1,23.47
3809,2277,Americas,1,
3810,28344,Americas,1,19.15
3811,6222,Military,3,
3812,38848,Americas,1,5.98
3813,7270,Military,3,34.98
3814,31939,Americas,1,25.07
3815,41183,Asia,2,70.25
3816,30819,Asia,2,
3817,23422,World,0,7.78
3818,26264,Americas,1,22.95
3819,40817,Military,3,
3820,21145,Americas,1,
3821,11096,Europe,4,
3822,7557,World,0,36.0
3823,34469,Americas,1,17.38
3824,36827,Europe,4,17.95
3825,41261,Ancient Civilizations,7,71.54
3826,7336,Asia,2,
3827,20100,Americas,1,
3828,31862,Americas,1,14.95
3829,23904,Europe,4,16.95
3830,24728,Americas,1,
3831,23137,Americas,1,31.58
3832,9737,Americas,1,
3833,37858,Americas,1,8.09
3834,29006,Middle East,8,15.97
3835,29795,Americas,1,24.0
3836,38695,Europe,4,19.95
3837,24060,Americas,1,14.93
3838,16870,World,0,13.3
3839,35945,Military,3,25.19
3840,16522,Americas,1,12.48
3841,28062,Americas,1,17.39
3842,501,World,0,52.75
3843,36312,Military,3,15.51
3844,6914,Americas,1,15.99
3845,26769,Americas,1,24.95
3846,37787,Europe,4,22.58
3847,7901,Europe,4,29.69
3848,17407,Americas,1,14.0
3849,12524,Americas,1,21.99
3850,21714,Military,3,17.95
3851,40569,Americas,1,22.95
3852,2885,World,0,
3853,16758,Americas,1,8.5
3854,23962,World,0,39.99
3855,16169,Americas,1,17.9
3856,26584,Military,3,3.0
3857,40376,Military,3,10.95
3858,2935,Americas,1,16.78
3859,2232,World,0,14.99
3860,33814,Americas,1,12.96
3861,4283,Americas,1,16.18
3862,12378,Americas,1,17.39
3863,35774,Americas,1,15.87
3864,23788,Americas,1,
3865,30327,World,0,8.99
3866,12585,Americas,1,20.16
3867,35100,Americas,1,17.56
3868,14084,Americas,1,6.4
3869,31310,World,0,17.97
3870,32670,World,0,
3871,29167,Asia,2,15.63
3872,316,World,0,20.0
3873,8057,Americas,1,
3874,39326,Americas,1,15.95
3875,39331,Americas,1,15.95
3876,27979,Historical Study & Educational Resources,9,16.85
3877,36635,Military,3,17.95
3878,32742,Americas,1,7.8
3879,18386,Americas,1,28.91
3880,5987,World,0,30.69
3881,11910,Americas,1,21.99
3882,1332,Europe,4,
3883,10217,Americas,1,9.95
3884,25679,Americas,1,17.95
3885,23167,Americas,1,20.0
3886,33309,World,0,21.99
3887,278,Ancient Civilizations,7,7.67
3888,12687,Americas,1,21.99
3889,23865,World,0,14.99
3890,2374,World,0,
3891,26163,Americas,1,7.66
3892,7844,World,0,
3893,22726,Americas,1,
3894,30218,Americas,1,
3895,5040,Americas,1,
3896,16627,Americas,1,
3897,20179,Americas,1,19.67
3898,14321,Military,3,29.19
3899,39619,Military,3,25.26
3900,27683,Asia,2,19.95
3901,374,Americas,1,20.21
3902,30865,Americas,1,40.5
3903,2087,Americas,1,
3904,37153,Military,3,21.84
3905,39810,Americas,1,9.95
3906,3104,Americas,1,
3907,41543,Americas,1,
3908,7576,Americas,1,43.96
3909,36416,Military,3,21.51
3910,23469,Americas,1,18.95
3911,8824,Military,3,10.9
3912,18750,Military,3,14.95
3913,1253,World,0,
3914,20341,Americas,1,
3915,30799,Military,3,
3916,20237,Americas,1,19.58
3917,18606,Military,3,
3918,33648,Military,3,11.74
3919,13058,Americas,1,18.56
3920,6802,Americas,1,29.95
3921,36363,World,0,
3922,1146,Europe,4,
3923,20070,Americas,1,
3924,2360,Ancient Civilizations,7,18.83
3925,38603,Military,3,
3926,8952,Americas,1,
3927,17641,Americas,1,
3928,13964,Ancient Civilizations,7,64.81
3929,30409,Americas,1,23.0
3930,4630,Historical Study & Educational Resources,9,28.75
3931,21202,Americas,1,24.85
3932,4556,World,0,38.2
3933,40439,Americas,1,14.95
3934,9520,Americas,1,21.14
3935,41515,World,0,18.07
3936,28815,Americas,1,24.95
3937,34558,Americas,1,15.49
3938,25482,Americas,1,21.58
3939,25052,Historical Study & Educational Resources,9,
3940,2323,Americas,1,
3941,498,World,0,8.95
3942,24712,Military,3,44.95
3943,20635,Americas,1,39.95
3944,38790,Military,3,16.07
3945,29210,Military,3,12.23
3946,16114,Middle East,8,20.4
3947,7250,Americas,1,4.31
3948,32210,World,0,3.3
3949,22047,Europe,4,
3950,37769,Ancient Civilizations,7,
3951,18654,Military,3,17.96
3952,26996,Asia,2,13.27
3953,18131,Americas,1,
3954,26493,Americas,1,
3955,19545,Australia & Oceania,10,
3956,2627,World,0,
3957,24834,Americas,1,21.52
3958,396,World,0,
3959,6282,Americas,1,28.25
3960,26157,Military,3,34.16
3961,13391,Americas,1,21.99
3962,26131,Americas,1,18.95
3963,18307,World,0,22.95
3964,7836,World,0,
3965,9918,Military,3,14.0
3966,8474,Americas,1,
3967,40191,Americas,1,
3968,37363,Military,3,37.56
3969,39013,Military,3,22.95
3970,40591,Europe,4,14.99
3971,23536,Americas,1,39.95
3972,33727,Europe,4,16.67
3973,29585,Americas,1,10.0
3974,27146,Americas,1,
3975,30847,Military,3,27.5
3976,31068,Americas,1,22.91
3977,6686,Americas,1,16.89
3978,28169,Americas,1,12.78
3979,12990,Americas,1,21.99
3980,13298,Americas,1,17.37
3981,18479,World,0,
3982,14471,Americas,1,
3983,29656,Americas,1,9.95
3984,37480,Middle East,8,21.92
3985,22875,Americas,1,
3986,18636,Americas,1,27.5
3987,11583,Americas,1,21.99
3988,32906,Military,3,9.38
3989,22229,Americas,1,17.06
3990,21929,Americas,1,
3991,29202,Military,3,15.63
3992,15785,Americas,1,
3993,19732,World,0,35.99
3994,30910,Americas,1,
3995,10644,Americas,1,19.95
3996,5893,Americas,1,16.0
3997,37736,Europe,4,21.95
3998,25680,Americas,1,24.95
3999,10430,World,0,
4000,19817,World,0,
4001,30076,Americas,1,6.12
4002,35933,Military,3,21.95
4003,39495,Military,3,
4004,9661,Ancient Civilizations,7,40.73
4005,10963,Asia,2,10.0
4006,7565,Americas,1,35.83
4007,4689,Africa,6,28.0
4008,35753,Europe,4,19.95
4009,8692,Military,3,25.0
4010,41299,Asia,2,99.99
4011,33199,Americas,1,23.06
4012,25114,Americas,1,36.4
4013,29453,Americas,1,45.0
4014,39272,World,0,
4015,3227,Americas,1,40.84
4016,22624,Americas,1,
4017,5936,Americas,1,42.0
4018,11661,Americas,1,21.99
4019,17163,Americas,1,
4020,28877,Europe,4,
4021,27297,Military,3,14.89
4022,22064,Americas,1,19.95
4023,9123,World,0,
4024,8739,World,0,10.62
4025,4679,World,0,26.88
4026,29213,Europe,4,17.4
4027,475,World,0,21.98
4028,32297,Europe,4,6.49
4029,19415,World,0,
4030,10676,World,0,16.99
4031,35530,Americas,1,15.83
4032,29785,Americas,1,19.99
4033,566,Military,3,6.0
4034,23134,Americas,1,
4035,928,Military,3,35.72
4036,22613,Americas,1,9.99
4037,35341,Americas,1,15.44
4038,22586,Americas,1,
4039,27537,Asia,2,
4040,34095,Americas,1,
4041,24870,Americas,1,
4042,12918,Americas,1,19.79
4043,4962,Americas,1,1.55
4044,6887,Americas,1,6.3
4045,14363,Americas,1,33.93
4046,33224,World,0,
4047,35656,Americas,1,18.52
4048,2279,Americas,1,
4049,37982,Ancient Civilizations,7,45.0
4050,35107,Military,3,21.22
4051,10276,Americas,1,
4052,26244,Military,3,12.7
4053,12066,Americas,1,21.99
4054,457,World,0,11.99
4055,40483,Americas,1,
4056,6808,Americas,1,21.95
4057,14926,Americas,1,14.95
4058,30539,Americas,1,
4059,23683,Americas,1,42.79
4060,35454,Americas,1,19.99
4061,1638,Americas,1,8.99
4062,25663,Americas,1,7.95
4063,5329,Americas,1,
4064,16914,Americas,1,19.95
4065,10598,Americas,1,14.95
4066,8807,Americas,1,27.78
4067,1219,Europe,4,6.8
4068,1124,Asia,2,17.35
4069,38156,Military,3,18.95
4070,3388,Europe,4,35.2
4071,34399,Americas,1,19.99
4072,28577,Americas,1,18.4
4073,30558,Americas,1,37.4
4074,28755,Americas,1,3.99
4075,10917,Americas,1,
4076,18997,Americas,1,45.0
4077,37509,Historical Study & Educational Resources,9,25.95
4078,38096,Military,3,13.87
4079,13420,Americas,1,21.99
4080,19847,Americas,1,27.0
4081,39522,Europe,4,
4082,34463,Americas,1,24.98
4083,30638,Americas,1,34.25
4084,4619,World,0,16.57
4085,25031,Americas,1,
4086,9126,Europe,4,
4087,12581,Americas,1,20.12
4088,2290,World,0,
4089,26903,World,0,87.99
4090,17919,Americas,1,
4091,35651,Americas,1,16.89
4092,24012,Americas,1,
4093,10351,World,0,
4094,3028,Americas,1,28.36
4095,20398,Americas,1,12.47
4096,17191,Americas,1,29.16
4097,19863,Americas,1,
4098,4048,Americas,1,
4099,11988,Americas,1,
4100,40336,World,0,16.19
4101,18796,Military,3,19.76
4102,38497,Military,3,28.19
4103,33074,Americas,1,25.56
4104,34133,Americas,1,52.0
4105,39374,Americas,1,15.0
4106,32759,Americas,1,15.95
4107,13398,Americas,1,17.37
4108,21369,World,0,13.23
4109,911,Americas,1,43.99
4110,32721,Americas,1,14.95
4111,4199,Americas,1,
4112,17002,Americas,1,17.8
4113,34053,Americas,1,18.95
4114,2505,Europe,4,
4115,19038,World,0,
4116,17149,Americas,1,
4117,38046,Military,3,15.22
4118,12871,Americas,1,20.16
4119,19334,Military,3,45.0
4120,13972,Europe,4,8.23
4121,24044,Military,3,
4122,24445,Americas,1,
4123,39671,Americas,1,16.95
4124,26463,Americas,1,54.32
4125,277,Europe,4,31.95
4126,17462,Europe,4,43.99
4127,17212,Americas,1,
4128,8592,World,0,24.53
4129,33101,Americas,1,14.95
4130,6972,Europe,4,17.78
4131,5114,Asia,2,7.2
4132,19305,Europe,4,7.95
4133,40362,Americas,1,9.99
4134,11220,Americas,1,21.99
4135,19026,Americas,1,11.01
4136,19327,Military,3,24.95
4137,13938,Americas,1,
4138,7401,Military,3,
4139,5321,Americas,1,
4140,3829,World,0,27.0
4141,20905,Australia & Oceania,10,
4142,31317,World,0,
4143,26875,Americas,1,13.95
4144,8919,Asia,2,6.65
4145,27036,Americas,1,16.35
4146,9902,Americas,1,
4147,20231,World,0,
4148,40371,Military,3,16.0
4149,26383,Ancient Civilizations,7,95.01
4150,31321,Americas,1,
4151,32896,Military,3,22.8
4152,39875,Americas,1,34.95
4153,13000,Americas,1,15.03
4154,5946,Ancient Civilizations,7,11.52
4155,10580,Americas,1,27.95
4156,1427,Americas,1,18.0
4157,37670,Middle East,8,
4158,18918,Americas,1,23.64
4159,4419,World,0,19.11
4160,7325,Americas,1,2.99
4161,40819,Military,3,23.31
4162,8341,Americas,1,24.17
4163,27190,Americas,1,
4164,21688,Military,3,12.7
4165,4183,Americas,1,
4166,10801,World,0,28.96
4167,26597,Americas,1,12.8
4168,33508,Americas,1,10.55
4169,2622,Americas,1,
4170,1801,Americas,1,
4171,20658,Americas,1,
4172,23642,Americas,1,20.45
4173,20090,World,0,17.9
4174,21328,World,0,13.79
4175,31605,Americas,1,19.95
4176,3243,Americas,1,22.03
4177,28714,Americas,1,42.0
4178,19526,Americas,1,22.95
4179,1901,Americas,1,
4180,18860,World,0,
4181,516,World,0,10.89
4182,3108,Americas,1,
4183,1416,Military,3,16.0
4184,17893,Americas,1,
4185,17240,Americas,1,6.21
4186,21822,Americas,1,15.33
4187,8993,Military,3,5.55
4188,27390,Military,3,13.99
4189,8082,Americas,1,23.2
4190,12783,Americas,1,20.76
4191,5342,Americas,1,
4192,40261,Americas,1,
4193,11893,Americas,1,19.27
4194,41169,Europe,4,89.29
4195,21096,Americas,1,
4196,9240,World,0,19.62
4197,38043,Military,3,28.91
4198,30937,Americas,1,23.95
4199,27427,Americas,1,28.45
4200,39866,Americas,1,15.99
4201,26221,Americas,1,28.5
4202,24177,Military,3,39.95
4203,2496,Military,3,
4204,25048,World,0,
4205,16811,Military,3,
4206,27033,Americas,1,1.26
4207,33460,Americas,1,17.08
4208,16201,World,0,36.66
4209,14734,Military,3,59.99
4210,7815,Europe,4,3.99
4211,14454,Americas,1,
4212,28560,Americas,1,18.41
4213,14836,Americas,1,8.49
4214,28101,Americas,1,21.45
4215,17398,Americas,1,19.47
4216,16503,Americas,1,15.76
4217,34077,Americas,1,16.52
4218,6401,World,0,24.5
4219,39565,Historical Study & Educational Resources,9,
4220,9766,World,0,
4221,22537,Europe,4,22.95
4222,18341,Americas,1,8.58
4223,26517,Americas,1,
4224,23691,Americas,1,22.4
4225,12009,Americas,1,18.48
4226,1012,Europe,4,19.31
4227,14064,Americas,1,
4228,28567,Americas,1,19.3
4229,40129,Americas,1,25.0
4230,37927,Military,3,19.95
4231,1109,Europe,4,6.6
4232,31770,Americas,1,
4233,29634,Military,3,5.95
4234,16106,Europe,4,22.96
4235,39832,World,0,47.6
4236,19966,World,0,20.07
4237,1107,Europe,4,17.4
4238,32242,Military,3,20.95
4239,1133,Americas,1,
4240,25539,Americas,1,12.01
4241,8763,Europe,4,5.1
4242,7653,Americas,1,
4243,26827,World,0,13.41
4244,39846,Military,3,19.51
4245,22022,Middle East,8,26.22
4246,35767,Americas,1,13.96
4247,33060,Americas,1,18.81
4248,23682,Americas,1,22.66
4249,38250,Military,3,14.95
4250,22633,Americas,1,
4251,25180,Americas,1,
4252,10240,World,0,
4253,23349,Europe,4,6.72
4254,11331,Americas,1,21.99
4255,18730,Military,3,17.64
4256,2825,World,0,
4257,27782,World,0,11.66
4258,7722,Americas,1,21.99
4259,4032,Americas,1,29.61
4260,16315,Americas,1,17.8
4261,38457,Military,3,19.95
4262,27034,Military,3,16.72
4263,34100,Americas,1,4.62
4264,31488,World,0,
4265,28695,Americas,1,19.99
4266,27889,World,0,5.75
4267,9527,World,0,20.95
4268,13099,Americas,1,21.62
4269,8617,Europe,4,23.7
4270,2856,World,0,32.79
4271,13743,Europe,4,
4272,26948,World,0,
4273,18980,World,0,58.95
4274,40257,Americas,1,13.7
4275,14207,Americas,1,5.62
4276,41205,World,0,
4277,843,Americas,1,10.82
4278,33605,Americas,1,
4279,41475,Americas,1,15.37
4280,5231,World,0,11.49
4281,32915,Military,3,20.95
4282,479,World,0,16.76
4283,7330,Americas,1,
4284,26731,Americas,1,25.95
4285,266,Middle East,8,
4286,38834,Africa,6,16.81
4287,11912,Americas,1,17.36
4288,1090,Europe,4,8.6
4289,29161,Ancient Civilizations,7,12.19
4290,31409,Europe,4,17.0
4291,39017,Americas,1,11.95
4292,22753,Americas,1,
4293,3193,Americas,1,
4294,33666,Americas,1,
4295,22396,Military,3,
4296,30104,World,0,13.74
4297,30071,World,0,15.29
4298,37610,Military,3,23.66
4299,41146,Ancient Civilizations,7,
4300,27620,Europe,4,
4301,2952,World,0,30.0
4302,29285,Military,3,18.62
4303,409,Americas,1,14.99
4304,13511,Americas,1,18.77
4305,24801,Americas,1,
4306,8403,World,0,
4307,12933,Americas,1,21.99
4308,13365,Americas,1,21.99
4309,20414,Americas,1,25.95
4310,34012,Americas,1,21.95
4311,28713,Americas,1,
4312,34358,Americas,1,12.43
4313,37523,Americas,1,17.95
4314,38230,Asia,2,15.45
4315,5907,Africa,6,
4316,11568,Americas,1,21.99
4317,35934,Military,3,37.2
4318,33915,Military,3,12.79
4319,18995,World,0,37.44
4320,2680,World,0,
4321,3930,Americas,1,
4322,32992,World,0,24.0
4323,8034,Americas,1,
4324,573,Military,3,7.29
4325,6112,World,0,42.64
4326,19042,Americas,1,
4327,1465,World,0,12.41
4328,14668,Americas,1,18.46
4329,6526,Americas,1,5.99
4330,3438,Ancient Civilizations,7,95.0
4331,15481,World,0,29.75
4332,30515,Americas,1,
4333,1846,World,0,9.35
4334,2029,Europe,4,9.49
4335,2851,World,0,
4336,8339,Americas,1,
4337,7920,Military,3,17.98
4338,26301,Military,3,24.95
4339,35411,Americas,1,12.75
4340,17962,Americas,1,28.0
4341,4867,Asia,2,11.03
4342,30421,World,0,20.0
4343,27986,Asia,2,39.95
4344,30768,Americas,1,29.82
4345,27638,Americas,1,16.95
4346,20813,Americas,1,49.5
4347,39309,Americas,1,18.95
4348,29308,Military,3,22.91
4349,16735,Americas,1,
4350,28676,World,0,
4351,8528,Americas,1,
4352,22607,Americas,1,
4353,28764,World,0,27.2
4354,30691,Americas,1,14.95
4355,21752,Military,3,18.95
4356,16429,Americas,1,
4357,8135,Americas,1,
4358,41121,Americas,1,23.96
4359,19321,Military,3,38.99
4360,108,World,0,
4361,17561,Americas,1,27.14
4362,16502,Americas,1,22.46
4363,40562,Americas,1,18.29
4364,28586,Americas,1,15.94
4365,14091,Military,3,
4366,1108,Military,3,11.46
4367,14131,Europe,4,28.29
4368,38980,Americas,1,
4369,4009,World,0,14.0
4370,3542,Asia,2,15.95
4371,26480,Americas,1,32.4
4372,35972,Military,3,10.95
4373,30004,Americas,1,20.0
4374,34528,Africa,6,18.95
4375,13946,Military,3,
4376,34442,Americas,1,18.99
4377,31722,World,0,27.29
4378,6481,World,0,
4379,25133,Europe,4,13.0
4380,609,Americas,1,
4381,29268,Asia,2,30.74
4382,20290,Americas,1,
4383,34848,Military,3,7.09
4384,34593,World,0,40.9
4385,31758,Americas,1,
4386,22199,Americas,1,9.95
4387,3142,Military,3,15.0
4388,30778,Americas,1,
4389,31567,Americas,1,18.04
4390,15273,Europe,4,9.87
4391,19587,Americas,1,
4392,1441,World,0,
4393,10646,Military,3,22.95
4394,13793,World,0,
4395,29835,Americas,1,
4396,26686,Americas,1,
4397,5373,World,0,
4398,37939,Military,3,
4399,3035,Americas,1,
4400,12900,Americas,1,21.99
4401,1131,Americas,1,8.7
4402,9985,Americas,1,
4403,24418,Americas,1,
4404,10747,Americas,1,14.95
4405,40385,Americas,1,
4406,31668,World,0,15.93
4407,17728,Americas,1,11.93
4408,14764,Americas,1,16.99
4409,28382,Americas,1,18.51
4410,22049,World,0,
4411,38762,Americas,1,
4412,21487,Americas,1,
4413,41239,Russia,5,27.7
4414,3219,Americas,1,14.95
4415,35647,Americas,1,17.35
4416,38082,Americas,1,
4417,11778,Americas,1,17.39
4418,6739,Americas,1,18.95
4419,33278,Americas,1,20.36
4420,4775,Military,3,11.29
4421,34265,Americas,1,19.99
4422,26545,Americas,1,10.18
4423,32257,Military,3,
4424,5941,Americas,1,16.0
4425,30549,Americas,1,25.12
4426,35528,Americas,1,21.26
4427,41249,World,0,
4428,8201,Americas,1,26.82
4429,13549,Americas,1,21.99
4430,37655,Europe,4,19.76
4431,21214,Americas,1,
4432,25049,Americas,1,
4433,28911,Military,3,15.1
4434,38872,Americas,1,19.95
4435,24447,Americas,1,7.49
4436,24872,Asia,2,
4437,29944,Americas,1,14.0
4438,268,Africa,6,35.0
4439,37077,Ancient Civilizations,7,
4440,12234,Americas,1,19.43
4441,1474,World,0,13.23
4442,19628,Americas,1,14.99
4443,34855,Military,3,19.93
4444,19686,Americas,1,23.41
4445,4817,World,0,18.0
4446,1553,Americas,1,14.35
4447,31194,Americas,1,19.95
4448,19913,World,0,
4449,5874,Military,3,27.88
4450,31576,Americas,1,16.95
4451,17542,Americas,1,39.95
4452,36125,Africa,6,21.95
4453,1423,World,0,25.0
4454,52,Europe,4,6.93
4455,18552,Europe,4,8.63
4456,274,Military,3,12.98
4457,27442,World,0,12.95
4458,40716,Military,3,9.92
4459,9354,Europe,4,15.32
4460,9595,Americas,1,
4461,6491,Americas,1,5.89
4462,17439,Americas,1,17.18
4463,4647,Europe,4,
4464,29270,Military,3,26.12
4465,22856,Americas,1,
4466,13581,Americas,1,16.03
4467,20824,Americas,1,
4468,27729,Americas,1,22.39
4469,23037,World,0,14.99
4470,41530,Americas,1,13.59
4471,30325,Historical Study & Educational Resources,9,18.5
4472,7122,World,0,
4473,32599,World,0,10.01
4474,9986,World,0,10.27
4475,3840,Americas,1,
4476,5572,Europe,4,
4477,27618,Asia,2,18.05
4478,32533,Americas,1,25.59
4479,28581,Americas,1,
4480,18355,World,0,9.21
4481,34278,Americas,1,21.07
4482,18515,Americas,1,2.0
4483,36694,Middle East,8,19.95
4484,26812,Europe,4,6.99
4485,30591,Americas,1,7.67
4486,14978,World,0,9.03
4487,7278,Americas,1,7.91
4488,13963,World,0,22.99
4489,36454,World,0,20.0
4490,38348,Europe,4,23.65
4491,3077,Americas,1,
4492,15368,World,0,33.95
4493,37325,Military,3,5.99
4494,13630,Americas,1,21.99
4495,15943,Americas,1,26.0
4496,20712,Americas,1,25.38
4497,15180,Americas,1,
4498,18097,Americas,1,25.61
4499,18941,Americas,1,19.19
4500,19837,Americas,1,
4501,37789,Americas,1,13.77
4502,10020,Americas,1,43.4
4503,24905,Americas,1,19.95
4504,15071,Americas,1,10.03
4505,23242,Americas,1,16.13
4506,22090,Americas,1,18.0
4507,31929,Americas,1,
4508,26591,Americas,1,26.99
4509,33677,Americas,1,32.6
4510,23009,Americas,1,22.95
4511,2532,Military,3,
4512,14339,Americas,1,29.99
4513,5286,Americas,1,
4514,22130,World,0,7.65
4515,19722,Americas,1,
4516,23900,World,0,20.79
4517,13376,Americas,1,21.99
4518,1396,Russia,5,12.06
4519,20428,Americas,1,24.76
4520,5749,Americas,1,
4521,23,Military,3,
4522,6065,Americas,1,13.44
4523,33892,Americas,1,
4524,902,Ancient Civilizations,7,5.79
4525,8658,Military,3,
4526,940,Americas,1,25.84
4527,20235,Americas,1,
4528,18387,Americas,1,5.99
4529,8842,World,0,14.99
4530,6161,Military,3,13.11
4531,39239,Americas,1,14.95
4532,23175,Americas,1,
4533,35606,Americas,1,15.99
4534,21798,Middle East,8,
4535,1788,World,0,
4536,4508,Americas,1,12.05
4537,24891,Americas,1,
4538,8040,Americas,1,36.95
4539,39090,World,0,6.29
4540,19412,Europe,4,
4541,29562,Europe,4,18.24
4542,1512,World,0,12.23
4543,14851,World,0,51.7
4544,9312,Americas,1,9.15
4545,15824,Europe,4,16.93
4546,15959,Americas,1,28.0
4547,21734,Military,3,12.7
4548,35114,Americas,1,9.99
4549,32588,Americas,1,40.0
4550,30649,Americas,1,8.02
4551,36069,Military,3,18.95
4552,6215,Americas,1,16.99
4553,25996,Military,3,36.0
4554,37795,Europe,4,18.95
4555,21915,Europe,4,
4556,12050,Americas,1,12.94
4557,2306,Americas,1,61.16
4558,32270,Americas,1,45.28
4559,7892,Ancient Civilizations,7,21.27
4560,30023,World,0,29.14
4561,308,Americas,1,11.65
4562,5875,Americas,1,9.95
4563,21579,Americas,1,
4564,22251,Americas,1,24.95
4565,32138,Military,3,
4566,31769,Americas,1,20.76
4567,4850,Americas,1,
4568,20185,Europe,4,16.95
4569,35020,Military,3,
4570,27010,Americas,1,
4571,13452,Americas,1,21.99
4572,25086,Africa,6,
4573,2138,Americas,1,
4574,36409,Military,3,15.98
4575,31851,Americas,1,
4576,20379,Americas,1,
4577,15777,Asia,2,
4578,8116,World,0,24.95
4579,6885,Military,3,8.94
4580,22702,Americas,1,30.99
4581,27963,Americas,1,11.92
4582,38332,Europe,4,
4583,41499,Americas,1,10.95
4584,5223,World,0,11.99
4585,30559,Americas,1,6.98
4586,38487,Military,3,
4587,3922,World,0,46.95
4588,30410,Americas,1,23.95
4589,31818,Americas,1,
4590,8145,Americas,1,
4591,37928,Europe,4,13.82
4592,18188,World,0,15.27
4593,35234,World,0,10.05
4594,29755,Americas,1,12.62
4595,2273,World,0,13.55
4596,35434,Americas,1,16.19
4597,25140,Americas,1,
4598,26552,World,0,
4599,6434,Americas,1,15.95
4600,33488,Americas,1,21.99
4601,29485,World,0,14.95
4602,1704,Americas,1,
4603,27098,World,0,
4604,30845,Military,3,52.36
4605,2527,World,0,
4606,22832,Military,3,
4607,10439,Europe,4,
4608,32287,Americas,1,15.4
4609,34956,Americas,1,15.0
4610,35028,Americas,1,
4611,4387,Americas,1,
4612,11418,Americas,1,18.56
4613,5787,Americas,1,23.63
4614,34908,Americas,1,19.63
4615,19020,Americas,1,
4616,30530,Americas,1,35.0
4617,16213,World,0,10.0
4618,36532,Europe,4,13.7
4619,33182,Europe,4,17.45
4620,19634,Americas,1,26.96
4621,6748,Europe,4,19.2
4622,25631,Americas,1,
4623,1113,Asia,2,
4624,14462,Americas,1,12.95
4625,35421,Americas,1,17.99
4626,19411,World,0,
4627,20091,Americas,1,16.95
4628,27271,World,0,32.39
4629,23399,Americas,1,14.88
4630,26481,Americas,1,18.99
4631,14428,Americas,1,
4632,6759,Americas,1,19.06
4633,1576,Europe,4,14.75
4634,19537,Americas,1,18.6
4635,18124,Americas,1,
4636,5195,World,0,14.0
4637,33126,World,0,
4638,21620,Americas,1,
4639,38819,Americas,1,16.1
4640,11903,Americas,1,21.99
4641,23601,Military,3,9.95
4642,32727,Americas,1,14.13
4643,15789,Military,3,
4644,31523,Military,3,45.0
4645,18697,Americas,1,9.49
4646,9103,World,0,
4647,21444,World,0,9.71
4648,37316,Africa,6,26.55
4649,10359,Europe,4,16.99
4650,21006,Americas,1,51.15
4651,11775,Americas,1,18.45
4652,7409,Military,3,12.5
4653,29220,Europe,4,18.29
4654,39615,Middle East,8,30.09
4655,10398,World,0,
4656,10536,Americas,1,
4657,37495,Military,3,22.95
4658,7950,World,0,
4659,32294,Americas,1,34.95
4660,8241,Asia,2,8.87
4661,16466,Americas,1,13.95
4662,31057,Americas,1,
4663,36522,World,0,30.76
4664,6275,World,0,15.0
4665,11827,Americas,1,21.99
4666,18082,Americas,1,
4667,16963,Americas,1,
4668,2760,Americas,1,
4669,18614,Military,3,17.95
4670,768,Asia,2,16.77
4671,38176,Military,3,18.95
4672,21286,World,0,17.19
4673,25240,Military,3,
4674,14825,World,0,
4675,523,World,0,13.99
4676,23407,Americas,1,9.64
4677,19044,Military,3,15.33
4678,15140,Americas,1,
4679,15353,Middle East,8,36.01
4680,1165,Europe,4,
4681,39899,Americas,1,42.96
4682,38886,Americas,1,14.95
4683,21366,World,0,18.02
4684,18842,Americas,1,
4685,19197,Americas,1,23.85
4686,34791,Asia,2,18.6
4687,10463,Europe,4,26.0
4688,7679,World,0,17.25
4689,28606,Americas,1,17.01
4690,40164,Americas,1,25.0
4691,27988,Americas,1,10.99
4692,1819,Americas,1,
4693,22823,Military,3,
4694,27508,Americas,1,36.0
4695,36118,Military,3,18.95
4696,28537,Americas,1,21.99
4697,36962,Military,3,22.95
4698,13649,Americas,1,11.75
4699,24266,Military,3,72.19
4700,15159,Americas,1,
4701,5687,Military,3,15.4
4702,40582,Americas,1,19.99
4703,19057,World,0,
4704,30827,Americas,1,7.49
4705,35482,Americas,1,16.8
4706,36273,World,0,6.0
4707,15499,World,0,
4708,6551,Asia,2,8.06
4709,7729,Americas,1,23.6
4710,13825,Americas,1,25.68
4711,342,Americas,1,24.85
4712,18217,Americas,1,7.16
4713,25044,Americas,1,15.29
4714,6524,Americas,1,33.5
4715,5128,Asia,2,22.32
4716,22994,Americas,1,
4717,7040,Americas,1,21.6
4718,30735,Americas,1,15.05
4719,8814,Americas,1,23.2
4720,37917,Military,3,16.96
4721,34717,Americas,1,29.45
4722,17936,Americas,1,23.53
4723,28271,Americas,1,16.88
4724,31395,Americas,1,
4725,13396,Americas,1,20.37
4726,41245,Europe,4,32.0
4727,1590,Americas,1,13.0
4728,32396,Americas,1,
4729,31782,Americas,1,
4730,3085,Americas,1,27.69
4731,5377,Americas,1,
4732,7516,Military,3,14.74
4733,27022,Americas,1,17.85
4734,27917,Military,3,19.95
4735,8639,Americas,1,37.31
4736,5343,Military,3,
4737,17582,Americas,1,38.0
4738,23588,Military,3,14.99
4739,16681,World,0,
4740,16345,Americas,1,
4741,24520,World,0,10.39
4742,41182,Americas,1,6.27
4743,6753,Asia,2,19.55
4744,32783,Europe,4,18.41
4745,13120,Americas,1,21.86
4746,37593,Military,3,
4747,30588,Americas,1,17.96
4748,36991,Middle East,8,17.27
4749,3106,World,0,32.27
4750,8357,Military,3,27.58
4751,27477,Americas,1,15.95
4752,41177,Americas,1,30.87
4753,9165,Europe,4,
4754,33772,Americas,1,25.16
4755,35729,Americas,1,9.0
4756,26688,Americas,1,
4757,2237,Americas,1,
4758,16270,Europe,4,9.2
4759,19705,Americas,1,
4760,8295,Americas,1,
4761,26692,Americas,1,
4762,18934,Americas,1,24.95
4763,6052,Americas,1,18.0
4764,4672,Americas,1,54.96
4765,13920,Europe,4,5.02
4766,2286,World,0,
4767,37298,Military,3,26.17
4768,6747,Americas,1,21.5
4769,16297,Americas,1,11.97
4770,15947,Americas,1,
4771,20066,Americas,1,
4772,36073,Europe,4,17.68
4773,4639,World,0,33.18
4774,30132,Americas,1,22.5
4775,13124,Americas,1,19.79
4776,18490,Americas,1,
4777,14928,Military,3,7.49
4778,4526,Americas,1,
4779,17943,Americas,1,
4780,36404,Ancient Civilizations,7,23.87
4781,27524,Americas,1,14.27
4782,25273,Americas,1,
4783,23079,Americas,1,22.19
4784,13532,Americas,1,21.99
4785,15010,Military,3,
4786,18673,Military,3,39.95
4787,28434,Americas,1,21.98
4788,35877,Ancient Civilizations,7,13.66
4789,37624,Europe,4,31.45
4790,7778,Americas,1,5.95
4791,11807,Americas,1,21.99
4792,37540,Europe,4,14.78
4793,31545,Middle East,8,14.27
4794,7109,World,0,
4795,4726,World,0,18.07
4796,39026,Americas,1,15.0
4797,6705,Americas,1,18.32
4798,38833,Military,3,
4799,28485,Americas,1,21.99
4800,24189,Americas,1,14.19
4801,32973,Americas,1,17.05
4802,38860,World,0,
4803,38405,Military,3,6.01
4804,20228,Americas,1,7.98
4805,21091,Americas,1,
4806,9287,World,0,16.92
4807,9929,Europe,4,9.82
4808,14597,Americas,1,35.0
4809,26800,Military,3,9.93
4810,30289,Military,3,36.06
4811,32851,Military,3,13.63
4812,4202,Americas,1,30.0
4813,7732,Americas,1,22.59
4814,28696,Americas,1,
4815,11204,Americas,1,21.99
4816,1412,Ancient Civilizations,7,18.19
4817,36557,Military,3,
4818,22445,Americas,1,19.49
4819,1644,Americas,1,18.0
4820,2185,World,0,12.77
4821,31915,Americas,1,24.95
4822,26701,Military,3,34.0
4823,15572,World,0,
4824,36061,Europe,4,16.34
4825,40624,Military,3,29.99
4826,38779,Military,3,
4827,25293,Military,3,12.36
4828,1876,Europe,4,15.91
4829,11192,Americas,1,19.79
4830,25145,World,0,
4831,39795,Africa,6,35.03
4832,31041,World,0,
4833,2891,World,0,
4834,33414,Americas,1,21.9
4835,16156,Europe,4,23.98
4836,37446,Americas,1,16.02
4837,19471,Americas,1,28.95
4838,3635,Americas,1,21.54
4839,6536,Asia,2,21.48
4840,4157,Americas,1,30.81
4841,13039,Americas,1,21.99
4842,35313,Americas,1,11.0
4843,40374,Europe,4,79.52
4844,8489,World,0,
4845,38721,Americas,1,10.33
4846,35858,Americas,1,24.26
4847,32259,Military,3,9.98
4848,15291,World,0,9.81
4849,28357,Americas,1,17.19
4850,31811,Americas,1,5.99
4851,26808,Americas,1,15.7
4852,6211,Military,3,
4853,32831,Europe,4,
4854,35084,Americas,1,16.86
4855,3737,World,0,41.83
4856,34208,Americas,1,15.99
4857,20170,World,0,
4858,31827,Americas,1,
4859,27375,Americas,1,13.47
4860,13168,Americas,1,21.99
4861,38960,Military,3,16.95
4862,34032,Europe,4,
4863,3113,Americas,1,
4864,7525,Americas,1,1.75
4865,21374,World,0,19.95
4866,12830,Americas,1,7.99
4867,12092,Americas,1,21.99
4868,20374,Americas,1,43.98
4869,19082,Military,3,14.83
4870,30050,Ancient Civilizations,7,18.95
4871,564,World,0,13.66
4872,9057,World,0,16.97
4873,40615,Military,3,
4874,37181,Europe,4,78.78
4875,8482,World,0,
4876,21785,Military,3,12.7
4877,39989,Americas,1,21.55
4878,31280,Americas,1,
4879,24803,Americas,1,
4880,31510,World,0,2.5
4881,11265,Americas,1,17.36
4882,27592,Military,3,8.85
4883,7264,Military,3,13.59
4884,2525,Europe,4,
4885,38474,Military,3,25.01
4886,15274,Americas,1,10.68
4887,32511,Military,3,7.66
4888,39962,World,0,20.42
4889,7337,Military,3,18.98
4890,20678,Asia,2,19.81
4891,21567,Americas,1,
4892,25397,Americas,1,
4893,21504,Asia,2,12.48
4894,36251,Europe,4,12.42
4895,37304,Military,3,41.82
4896,17607,Americas,1,16.96
4897,16067,Americas,1,
4898,23492,Americas,1,
4899,9576,Americas,1,
4900,36657,Military,3,39.99
4901,39777,Military,3,40.84
4902,12745,Americas,1,18.19
4903,5920,Americas,1,17.0
4904,39052,Asia,2,
4905,14946,World,0,
4906,30259,Military,3,12.99
4907,7705,World,0,14.17
4908,26815,Asia,2,22.15
4909,24176,Military,3,
4910,26004,World,0,26.95
4911,14366,Americas,1,34.59
4912,15112,Americas,1,
4913,251,World,0,9.99
4914,18025,Americas,1,
4915,4819,Americas,1,21.0
4916,39819,Americas,1,10.0
4917,39450,Europe,4,42.05
4918,31550,Military,3,11.01
4919,20196,Americas,1,34.17
4920,27614,Americas,1,7.64
4921,10245,Americas,1,14.75
4922,28543,Americas,1,21.94
4923,681,Asia,2,20.16
4924,33978,Americas,1,15.95
4925,19168,Americas,1,29.95
4926,30689,Americas,1,19.95
4927,3852,World,0,24.45
4928,7339,Military,3,
4929,1470,World,0,
4930,41378,Americas,1,29.59
4931,14085,Americas,1,14.9
4932,29114,Military,3,17.11
4933,6813,Americas,1,
4934,25201,Military,3,
4935,3835,World,0,
4936,36233,Ancient Civilizations,7,15.52
4937,15252,Americas,1,
4938,12387,Americas,1,14.88
4939,40945,Military,3,12.85
4940,9997,World,0,21.75
4941,9908,Americas,1,12.89
4942,29954,Americas,1,14.82
4943,26065,Americas,1,24.95
4944,22744,Americas,1,17.06
4945,31660,Americas,1,17.75
4946,11489,Americas,1,17.62
4947,7180,World,0,
4948,16062,Americas,1,52.2
4949,2229,Americas,1,
4950,39805,Americas,1,17.95
4951,7474,Americas,1,17.0
4952,9606,Americas,1,
4953,14128,Military,3,
4954,20909,World,0,37.63
4955,8230,Americas,1,
4956,7301,Americas,1,11.0
4957,27113,Americas,1,26.2
4958,24751,Americas,1,
4959,22680,Americas,1,16.82
4960,35936,Military,3,29.95
4961,16742,Military,3,6.84
4962,13639,Americas,1,21.99
4963,25045,Americas,1,
4964,17930,Americas,1,10.95
4965,23702,Americas,1,23.21
4966,5100,Military,3,23.95
4967,26975,Asia,2,
4968,15920,Americas,1,27.0
4969,26663,Americas,1,15.11
4970,14311,Americas,1,
4971,313,Americas,1,
4972,36728,Military,3,18.75
4973,15811,Europe,4,25.11
4974,7462,Americas,1,13.59
4975,35149,Europe,4,25.19
4976,18979,Americas,1,37.44
4977,39132,Asia,2,19.8
4978,26198,World,0,75.0
4979,22011,Europe,4,37.99
4980,4194,Americas,1,
4981,13041,Americas,1,21.99
4982,39300,Americas,1,47.79
4983,36562,Military,3,17.02
4984,31723,World,0,31.4
4985,10171,World,0,23.47
4986,38867,World,0,
4987,10226,Europe,4,9.75
4988,9270,World,0,22.5
4989,4400,Americas,1,30.43
4990,3875,Americas,1,59.99
4991,4650,Russia,5,66.0
4992,27431,Americas,1,12.95
4993,3939,Americas,1,
4994,28300,Americas,1,12.75
4995,11979,Americas,1,18.21
4996,29215,World,0,22.0
4997,13101,Americas,1,19.79
4998,3063,Americas,1,14.88
4999,2115,Americas,1,
5000,7989,Americas,1,5.8
5001,17726,Americas,1,
5002,23109,Americas,1,
5003,8090,Americas,1,9.31
5004,22780,Americas,1,17.5
5005,248,Americas,1,16.72
5006,12890,Americas,1,21.99
5007,26057,Military,3,14.49
5008,39319,Americas,1,9.47
5009,31993,Military,3,22.21
5010,28553,Americas,1,17.39
5011,16511,Americas,1,
5012,9681,Americas,1,44.9
5013,6319,World,0,22.17
5014,6648,Military,3,
5015,28461,Americas,1,21.67
5016,23713,Military,3,
5017,25784,Americas,1,4.94
5018,25949,Americas,1,20.36
5019,30047,Americas,1,
5020,11749,Americas,1,21.99
5021,31305,World,0,
5022,40450,Americas,1,5.55
5023,23500,World,0,6.1
5024,4550,Military,3,22.0
5025,33627,Americas,1,39.95
5026,4738,World,0,20.67
5027,593,Americas,1,
5028,5757,Americas,1,
5029,21112,Americas,1,29.95
5030,9672,Americas,1,32.05
5031,12788,Americas,1,21.06
5032,11270,Americas,1,21.99
5033,20642,Military,3,
5034,5478,Americas,1,18.54
5035,3946,Americas,1,
5036,29879,World,0,33.0
5037,7449,Americas,1,15.63
5038,35245,Americas,1,19.01
5039,18541,Americas,1,9.86
5040,38407,Military,3,
5041,14564,Europe,4,47.32
5042,5504,Americas,1,23.29
5043,6108,Military,3,11.98
5044,33501,Americas,1,11.9
5045,36551,Americas,1,9.95
5046,15017,Europe,4,19.99
5047,41086,Middle East,8,28.49
5048,25715,Americas,1,19.95
5049,31571,Americas,1,7.99
5050,29146,Military,3,19.1
5051,9060,Americas,1,9.95
5052,2762,World,0,
5053,37150,Military,3,18.95
5054,38388,Military,3,
5055,19463,Americas,1,
5056,12484,Americas,1,19.65
5057,8239,Americas,1,19.95
5058,83,Europe,4,8.14
5059,979,Europe,4,73.86
5060,7932,World,0,19.81
5061,24369,Americas,1,
5062,12098,Americas,1,18.65
5063,34250,Americas,1,19.66
5064,37326,Military,3,9.47
5065,25885,World,0,24.95
5066,2295,World,0,29.56
5067,33504,Americas,1,12.99
5068,4640,Military,3,
5069,34030,World,0,16.95
5070,26248,Military,3,69.95
5071,6340,World,0,15.0
5072,13469,Americas,1,15.17
5073,20271,Americas,1,
5074,29190,Europe,4,21.08
5075,29429,Americas,1,12.91
5076,32495,Military,3,5.89
5077,36077,Americas,1,22.95
5078,28971,Asia,2,21.95
5079,21345,World,0,13.16
5080,24830,Americas,1,
5081,14940,Europe,4,
5082,33633,Americas,1,16.95
5083,27984,Military,3,14.95
5084,24168,Americas,1,11.95
5085,39322,Americas,1,8.71
5086,7779,Americas,1,9.99
5087,4974,World,0,13.99
5088,31572,World,0,
5089,9724,World,0,15.38
5090,16118,Europe,4,
5091,33394,Americas,1,19.99
5092,23811,Americas,1,7.78
5093,38515,Military,3,19.97
5094,23937,Americas,1,
5095,7998,Military,3,10.95
5096,24463,Asia,2,29.5
5097,3003,World,0,
5098,33433,Americas,1,17.99
5099,25505,World,0,
5100,27060,Americas,1,9.08
5101,22799,Americas,1,17.95
5102,34909,Americas,1,7.97
5103,3940,Americas,1,
5104,21401,World,0,20.68
5105,6888,World,0,
5106,5148,Asia,2,22.48
5107,18356,Americas,1,17.16
5108,41032,World,0,6.04
5109,17581,Americas,1,19.95
5110,6730,Americas,1,
5111,9392,Americas,1,9.5
5112,29971,Americas,1,28.36
5113,22747,Americas,1,19.48
5114,1684,Americas,1,
5115,28889,Military,3,27.95
5116,16656,Americas,1,
5117,15914,Ancient Civilizations,7,30.6
5118,33388,Americas,1,20.38
5119,9693,World,0,
5120,330,Military,3,20.0
5121,36628,Military,3,18.95
5122,9619,World,0,
5123,21712,Military,3,8.98
5124,12434,Americas,1,19.78
5125,1555,World,0,
5126,27644,Middle East,8,22.95
5127,22279,Americas,1,9.95
5128,28972,Europe,4,18.95
5129,2692,World,0,
5130,20857,Americas,1,30.37
5131,14224,World,0,
5132,16172,Europe,4,21.95
5133,12705,Americas,1,18.56
5134,23170,Americas,1,
5135,23927,Americas,1,
5136,14966,Military,3,5.42
5137,30943,Americas,1,29.7
5138,35962,Americas,1,11.96
5139,3452,Americas,1,
5140,1800,World,0,
5141,9738,World,0,48.86
5142,18010,Americas,1,
5143,33694,World,0,24.95
5144,10941,Americas,1,19.03
5145,13995,Americas,1,
5146,11900,Americas,1,21.62
5147,23431,Americas,1,9.99
5148,21821,Military,3,12.7
5149,26730,Europe,4,30.61
5150,18173,Americas,1,12.18
5151,40668,Military,3,21.0
5152,4913,Military,3,22.99
5153,37103,Military,3,17.95
5154,40498,Americas,1,16.36
5155,33203,Americas,1,4.4
5156,23968,World,0,12.95
5157,25154,Americas,1,
5158,738,Military,3,
5159,709,Americas,1,14.99
5160,38845,Military,3,39.98
5161,28847,Americas,1,17.23
5162,19992,Americas,1,11.73
5163,31743,Americas,1,10.6
5164,36692,Middle East,8,18.23
5165,5098,World,0,14.12
5166,341,Europe,4,13.6
5167,21055,Americas,1,
5168,34385,Americas,1,19.99
5169,26448,Military,3,24.21
5170,10125,Americas,1,18.79
5171,9974,World,0,29.96
5172,31532,Americas,1,6.39
5173,1594,Europe,4,19.97
5174,35345,Americas,1,14.57
5175,15705,Americas,1,
5176,11438,Americas,1,21.99
5177,5525,Americas,1,8.98
5178,22902,Americas,1,25.34
5179,14526,Americas,1,26.95
5180,10689,Military,3,19.0
5181,6736,Americas,1,17.36
5182,4351,Europe,4,54.88
5183,13438,Americas,1,17.37
5184,34022,Americas,1,
5185,17792,Americas,1,
5186,6926,Americas,1,8.78
5187,14807,Americas,1,
5188,6134,Americas,1,29.0
5189,12555,Americas,1,21.99
5190,10700,Americas,1,8.12
5191,36036,World,0,23.84
5192,7497,World,0,
5193,21789,Military,3,27.83
5194,26741,Americas,1,
5195,38536,Europe,4,21.95
5196,8494,World,0,
5197,24827,Americas,1,21.95
5198,39999,Middle East,8,21.32
5199,18983,Ancient Civilizations,7,47.99
5200,28965,Americas,1,16.83
5201,34939,Americas,1,9.11
5202,31369,Ancient Civilizations,7,48.58
5203,39900,World,0,23.43
5204,12471,Americas,1,18.53
5205,27894,Europe,4,39.99
5206,35151,Ancient Civilizations,7,14.4
5207,24232,Americas,1,13.4
5208,3507,Americas,1,
5209,1549,Americas,1,18.0
5210,10882,Americas,1,7.99
5211,18486,Americas,1,
5212,32838,World,0,
5213,20029,World,0,22.5
5214,1703,Americas,1,
5215,4068,World,0,
5216,22724,Americas,1,11.91
5217,2245,World,0,
5218,17236,World,0,
5219,17687,Americas,1,37.12
5220,23520,World,0,
5221,12341,Americas,1,21.99
5222,13792,Americas,1,
5223,13693,Military,3,91.41
5224,17460,Americas,1,30.38
5225,30888,Europe,4,
5226,18505,Americas,1,
5227,14579,Americas,1,21.94
5228,35641,Americas,1,18.69
5229,3566,Ancient Civilizations,7,20.39
5230,5174,World,0,
5231,28796,Americas,1,12.6
5232,29773,Military,3,11.7
5233,41385,Asia,2,92.27
5234,28096,Americas,1,20.21
5235,22274,Americas,1,18.8
5236,16463,Americas,1,
5237,3697,Asia,2,18.8
5238,21317,World,0,19.95
5239,15644,World,0,10.93
5240,25867,Americas,1,19.95
5241,37801,Military,3,19.95
5242,25493,Military,3,2.84
5243,2189,World,0,
5244,11644,Americas,1,21.99
5245,24511,World,0,
5246,13867,Americas,1,9.98
5247,25300,Military,3,14.95
5248,8986,Americas,1,14.36
5249,14463,Americas,1,
5250,16751,World,0,18.6
5251,14889,Americas,1,13.72
5252,5233,World,0,15.63
5253,2916,Ancient Civilizations,7,67.75
5254,12104,Americas,1,13.87
5255,1888,Europe,4,
5256,35836,Americas,1,12.23
5257,39545,Military,3,87.22
5258,7665,World,0,
5259,29448,Americas,1,26.95
5260,35605,Americas,1,15.89
5261,6328,Americas,1,
5262,34042,World,0,
5263,648,World,0,13.71
5264,16293,Americas,1,20.0
5265,7605,Americas,1,16.34
5266,24221,Europe,4,
5267,18965,Americas,1,
5268,13125,Americas,1,21.99
5269,5034,Americas,1,7.99
5270,13316,Americas,1,17.68
5271,7161,World,0,
5272,15129,World,0,49.99
5273,31311,Ancient Civilizations,7,23.95
5274,39369,Americas,1,
5275,8420,Europe,4,40.31
5276,15912,Americas,1,30.0
5277,2207,Americas,1,
5278,18393,Americas,1,18.95
5279,30991,Middle East,8,11.27
5280,20083,Americas,1,6.37
5281,31137,World,0,14.63
5282,37242,Americas,1,39.95
5283,34062,Americas,1,14.95
5284,35241,World,0,11.48
5285,7560,Asia,2,
5286,14068,Americas,1,
5287,27179,Americas,1,42.5
5288,7780,World,0,21.21
5289,38805,Americas,1,
5290,239,Americas,1,16.32
5291,16875,Americas,1,38.98
5292,23724,World,0,23.41
5293,5260,Americas,1,5.88
5294,27067,Americas,1,5.7
5295,28301,Americas,1,21.99
5296,2342,Europe,4,
5297,3284,World,0,
5298,30543,Americas,1,18.85
5299,20916,World,0,
5300,29940,Americas,1,16.16
5301,39267,Americas,1,12.95
5302,2294,Americas,1,
5303,25642,Americas,1,
5304,11426,Americas,1,21.99
5305,2949,World,0,37.47
5306,20523,Americas,1,26.95
5307,14829,Asia,2,5.92
5308,3693,Americas,1,14.96
5309,13315,Americas,1,18.4
5310,43,Europe,4,39.96
5311,40911,Americas,1,
5312,7817,Americas,1,6.9
5313,2672,World,0,
5314,39534,Military,3,26.93
5315,11031,Europe,4,9.19
5316,23305,World,0,
5317,19243,Americas,1,26.84
5318,13695,Military,3,5.69
5319,31184,Americas,1,14.41
5320,312,Americas,1,
5321,30343,World,0,12.95
5322,15519,World,0,20.89
5323,29297,Ancient Civilizations,7,23.17
5324,35321,World,0,24.7
5325,26457,Americas,1,25.23
5326,22786,Americas,1,17.6
5327,10850,Military,3,39.95
5328,5325,Military,3,16.69
5329,31742,Americas,1,5.49
5330,29447,Americas,1,22.45
5331,18872,Americas,1,
5332,34118,Americas,1,46.8
5333,8193,Europe,4,24.95
5334,35829,Americas,1,16.47
5335,5795,Americas,1,
5336,29235,Military,3,10.98
5337,21738,Military,3,15.91
5338,17428,Americas,1,21.95
5339,2571,World,0,
5340,32246,Military,3,
5341,13504,Americas,1,16.8
5342,2117,Americas,1,
5343,35800,Americas,1,12.88
5344,9058,Americas,1,7.95
5345,11129,Europe,4,
5346,4968,Americas,1,9.95
5347,831,Americas,1,18.54
5348,1850,Arctic & Antarctica,11,16.51
5349,16573,Americas,1,19.95
5350,14981,Americas,1,
5351,38969,Asia,2,15.59
5352,116,World,0,
5353,20160,Americas,1,19.18
5354,1456,World,0,15.0
5355,34834,Americas,1,29.36
5356,399,Americas,1,
5357,18586,Military,3,39.34
5358,6312,Americas,1,14.04
5359,17447,Americas,1,23.95
5360,10320,Americas,1,61.2
5361,20883,Americas,1,24.8
5362,33876,Americas,1,
5363,29330,Ancient Civilizations,7,5.95
5364,10243,Military,3,12.27
5365,8206,Asia,2,53.18
5366,38122,Historical Study & Educational Resources,9,19.0
5367,5219,World,0,12.56
5368,5775,Europe,4,42.59
5369,12481,Americas,1,21.99
5370,20560,Americas,1,24.95
5371,38755,Americas,1,
5372,12233,Americas,1,20.38
5373,15420,Ancient Civilizations,7,3.85
5374,16765,Military,3,9.99
5375,7303,Americas,1,9.75
5376,37126,Military,3,11.56
5377,31150,Americas,1,5.45
5378,20828,Historical Study & Educational Resources,9,
5379,3988,Americas,1,
5380,30479,Asia,2,21.99
5381,2828,Americas,1,
5382,17432,Americas,1,4.99
5383,38068,Military,3,12.56
5384,24814,Americas,1,
5385,18134,Americas,1,35.0
5386,35650,Americas,1,18.63
5387,6612,World,0,20.99
5388,38435,Europe,4,21.95
5389,2725,World,0,
5390,3563,Americas,1,37.89
5391,31330,Americas,1,13.45
5392,38935,Americas,1,
5393,41497,Military,3,47.92
5394,25226,Americas,1,15.43
5395,30366,Americas,1,25.0
5396,11191,Americas,1,17.39
5397,35986,Ancient Civilizations,7,29.95
5398,27487,Europe,4,19.95
5399,30287,Military,3,32.3
5400,24422,Americas,1,
5401,15177,Europe,4,
5402,10421,World,0,59.0
5403,10173,World,0,22.98
5404,36612,Europe,4,5.48
5405,18529,Military,3,21.95
5406,3530,Americas,1,16.21
5407,35491,Americas,1,16.55
5408,14424,World,0,46.65
5409,37594,Europe,4,18.95
5410,21315,World,0,53.99
5411,26752,Americas,1,15.23
5412,35644,Americas,1,20.17
5413,32829,World,0,13.99
5414,39822,Military,3,
5415,827,Europe,4,19.97
5416,2448,Americas,1,
5417,6322,Americas,1,5.71
5418,25158,Americas,1,
5419,25893,World,0,
5420,36912,Europe,4,18.34
5421,29503,World,0,15.95
5422,34132,Americas,1,24.95
5423,7685,Americas,1,19.77
5424,27749,Military,3,10.0
5425,13970,World,0,44.14
5426,20062,Americas,1,
5427,17688,Americas,1,
5428,14177,Americas,1,4.24
5429,28057,Americas,1,21.99
5430,36993,Americas,1,13.26
5431,2740,World,0,
5432,33579,Americas,1,21.25
5433,11511,Americas,1,21.5
5434,3378,Europe,4,33.84
5435,7870,Asia,2,
5436,28196,Americas,1,21.03
5437,30322,World,0,27.0
5438,37217,Europe,4,17.68
5439,40234,Americas,1,19.95
5440,35866,Americas,1,15.92
5441,5770,Americas,1,0.75
5442,19666,Americas,1,36.81
5443,28331,Americas,1,20.38
5444,14083,Americas,1,
5445,7379,World,0,8.56
5446,37314,Ancient Civilizations,7,21.41
5447,26235,World,0,18.0
5448,14723,Military,3,36.6
5449,9753,Americas,1,26.95
5450,26504,Europe,4,
5451,3309,Americas,1,40.0
5452,6394,Americas,1,4.65
5453,30555,Americas,1,
5454,22311,Americas,1,22.46
5455,27231,Americas,1,12.55
5456,30141,Americas,1,18.68
5457,29598,Americas,1,27.99
5458,37390,World,0,19.85
5459,3245,Americas,1,33.81
5460,12214,Americas,1,21.99
5461,5954,World,0,5.49
5462,23695,Americas,1,26.13
5463,10586,World,0,45.0
5464,19785,World,0,33.44
5465,2213,World,0,37.49
5466,23693,Americas,1,
5467,37661,Military,3,
5468,959,Americas,1,
5469,618,Military,3,15.99
5470,16124,Americas,1,9.7
5471,4308,Americas,1,22.06
5472,40275,Military,3,14.99
5473,21208,Americas,1,31.45
5474,11708,Americas,1,21.99
5475,17708,Americas,1,
5476,20265,Americas,1,45.73
5477,26280,Americas,1,25.0
5478,25875,Americas,1,15.99
5479,9786,Europe,4,
5480,32770,World,0,24.39
5481,29530,World,0,25.27
5482,33089,Americas,1,31.85
5483,17289,Americas,1,18.87
5484,9556,Americas,1,
5485,9591,World,0,
5486,30639,Americas,1,11.35
5487,22546,Americas,1,15.95
5488,3337,Asia,2,41.98
5489,2965,World,0,31.0
5490,24178,Military,3,39.95
5491,4771,Military,3,17.41
5492,19161,Americas,1,
5493,33645,Europe,4,29.02
5494,31704,World,0,24.89
5495,36286,Europe,4,25.99
5496,9473,World,0,31.5
5497,33741,Americas,1,
5498,32833,Americas,1,
5499,30548,Americas,1,24.95
5500,38557,Military,3,17.95
5501,14615,Americas,1,24.95
5502,16536,Americas,1,17.05
5503,28171,Americas,1,18.56
5504,32540,Americas,1,10.96
5505,40421,Americas,1,
5506,25264,Americas,1,
5507,20397,Americas,1,
5508,4519,Europe,4,33.0
5509,11965,Americas,1,19.79
5510,34541,Americas,1,24.28
5511,32576,Americas,1,
5512,33389,Americas,1,19.64
5513,10221,Military,3,26.5
5514,32631,Military,3,27.48
5515,33961,Americas,1,25.0
5516,32183,Americas,1,16.95
5517,21860,Military,3,17.57
5518,13340,Americas,1,18.56
5519,103,Europe,4,15.58
5520,18957,Ancient Civilizations,7,25.06
5521,10915,Americas,1,39.95
5522,2254,Americas,1,19.82
5523,14061,Europe,4,61.52
5524,40902,World,0,14.95
5525,33830,Americas,1,14.89
5526,15294,Americas,1,36.5
5527,21036,Americas,1,31.96
5528,40093,Americas,1,23.19
5529,8570,World,0,26.58
5530,31089,Americas,1,12.95
5531,18662,Americas,1,19.9
5532,23712,Military,3,
5533,36398,Military,3,
5534,5960,Europe,4,8.66
5535,35961,Americas,1,13.88
5536,5653,Americas,1,15.64
5537,14163,Asia,2,19.99
5538,29108,Military,3,13.39
5539,5041,Americas,1,18.19
5540,24135,Military,3,11.49
5541,33890,Military,3,
5542,23468,Americas,1,7.95
5543,29692,Americas,1,8.6
5544,32356,Military,3,18.0
5545,19876,Americas,1,26.0
5546,33416,Americas,1,14.99
5547,17518,Americas,1,19.95
5548,36009,Americas,1,19.95
5549,25016,Military,3,14.0
5550,24666,Americas,1,14.99
5551,28681,Europe,4,25.74
5552,17431,Americas,1,16.46
5553,35112,Americas,1,9.99
5554,31394,Americas,1,
5555,32045,Americas,1,
5556,3288,Americas,1,26.47
5557,24153,Military,3,
5558,11798,Americas,1,20.38
5559,21189,Americas,1,17.06
5560,16048,Americas,1,33.95
5561,12313,Americas,1,19.79
5562,6404,World,0,12.66
5563,37076,Military,3,
5564,40004,Americas,1,20.47
5565,17313,Americas,1,24.94
5566,33321,Americas,1,7.02
5567,29326,Military,3,23.17
5568,23346,World,0,6.6
5569,17949,Americas,1,23.5
5570,35119,Americas,1,9.99
5571,38049,World,0,23.94
5572,17292,World,0,24.9
5573,793,Americas,1,26.73
5574,41363,Military,3,24.93
5575,31791,Americas,1,
5576,15931,Americas,1,44.9
5577,30902,World,0,
5578,16695,Americas,1,
5579,33353,Americas,1,19.99
5580,29386,Americas,1,
5581,702,World,0,22.45
5582,37118,Europe,4,20.48
5583,34120,Americas,1,23.32
5584,7640,Europe,4,
5585,991,Europe,4,21.28
5586,36300,Military,3,15.92
5587,12989,Americas,1,21.99
5588,22039,World,0,7.15
5589,32657,Americas,1,26.95
5590,12954,Americas,1,12.09
5591,5535,Americas,1,10.7
5592,41477,Americas,1,12.16
5593,14634,Americas,1,45.0
5594,7024,Americas,1,
5595,5323,Ancient Civilizations,7,39.99
5596,41521,Americas,1,19.95
5597,1889,Europe,4,
5598,21335,Americas,1,
5599,15119,Americas,1,
5600,12893,Americas,1,21.99
5601,12383,Americas,1,21.99
5602,35417,Americas,1,21.99
5603,5018,Americas,1,59.51
5604,1584,Europe,4,14.55
5605,37230,Europe,4,24.86
5606,32575,Americas,1,
5607,38415,Americas,1,39.93
5608,12010,Americas,1,21.62
5609,36908,Military,3,16.46
5610,6186,Americas,1,16.58
5611,28148,Americas,1,22.14
5612,2442,World,0,
5613,2974,Americas,1,
5614,15670,World,0,9.5
5615,38051,Military,3,17.55
5616,1337,Europe,4,
5617,36918,Military,3,19.23
5618,37106,Military,3,20.66
5619,36979,Europe,4,19.95
5620,19959,Americas,1,14.27
5621,21129,Americas,1,24.95
5622,10410,Asia,2,
5623,21231,Americas,1,39.95
5624,34583,Americas,1,44.95
5625,11015,Americas,1,19.99
5626,4810,Americas,1,19.82
5627,20699,Americas,1,25.95
5628,5923,Americas,1,
5629,18067,Americas,1,
5630,8755,Americas,1,12.95
5631,14563,Military,3,49.95
5632,4021,Americas,1,29.65
5633,29654,Military,3,14.4
5634,13664,World,0,46.99
5635,33452,Americas,1,19.94
5636,38822,Americas,1,13.38
5637,1397,Military,3,13.38
5638,13685,Americas,1,8.6
5639,26944,Europe,4,
5640,20873,World,0,
5641,9561,Americas,1,
5642,29514,Americas,1,18.68
5643,6390,Americas,1,23.39
5644,40250,Americas,1,17.37
5645,12073,Americas,1,21.99
5646,25002,Military,3,19.95
5647,4955,Americas,1,21.3
5648,34852,Africa,6,34.99
5649,40461,World,0,
5650,1826,World,0,
5651,32630,Europe,4,
5652,18925,Americas,1,
5653,27232,World,0,15.25
5654,15361,Americas,1,
5655,779,World,0,10.47
5656,7686,Asia,2,6.6
5657,3704,Americas,1,10.23
5658,38652,Ancient Civilizations,7,35.77
5659,22166,Americas,1,
5660,39278,Americas,1,5.79
5661,23359,World,0,36.0
5662,39457,Military,3,
5663,36554,Military,3,22.56
5664,27100,Americas,1,33.97
5665,14933,Military,3,36.0
5666,19466,Americas,1,28.95
5667,283,Americas,1,
5668,12732,Americas,1,21.99
5669,21453,World,0,51.92
5670,31829,Americas,1,
5671,22197,Americas,1,
5672,30572,Americas,1,
5673,10718,Americas,1,8.4
5674,40751,Europe,4,17.4
5675,30609,Americas,1,5.49
5676,14469,Americas,1,16.95
5677,27432,Military,3,
5678,5010,Americas,1,16.95
5679,5751,World,0,
5680,34671,Americas,1,12.7
5681,26667,Americas,1,11.69
5682,24857,Americas,1,77.86
5683,29710,Americas,1,16.28
5684,25778,Military,3,
5685,28192,Americas,1,17.34
5686,35798,Americas,1,16.96
5687,21490,Americas,1,24.0
5688,9006,Americas,1,17.0
5689,30340,Asia,2,10.99
5690,37038,Military,3,15.35
5691,18370,Military,3,19.95
5692,40221,World,0,14.95
5693,38312,World,0,34.99
5694,32452,Americas,1,15.11
5695,21117,Americas,1,14.95
5696,28124,Americas,1,21.99
5697,10286,Asia,2,17.14
5698,34192,Americas,1,17.95
5699,27807,Americas,1,
5700,37236,Europe,4,80.85
5701,35626,Americas,1,15.52
5702,38295,Europe,4,
5703,20847,World,0,
5704,33121,Ancient Civilizations,7,
5705,12153,Americas,1,20.38
5706,13464,Americas,1,17.39
5707,16063,Americas,1,
5708,8508,Europe,4,
5709,27758,Ancient Civilizations,7,15.46
5710,5921,Military,3,18.0
5711,15520,World,0,8.99
5712,9747,Russia,5,46.17
5713,3761,World,0,18.95
5714,27017,Military,3,19.21
5715,36933,Military,3,13.31
5716,26187,Americas,1,75.52
5717,2363,Americas,1,
5718,241,Americas,1,
5719,34312,Americas,1,18.71
5720,40745,Europe,4,42.3
5721,27419,Americas,1,32.69
5722,10111,World,0,8.35
5723,23220,Americas,1,20.41
5724,8393,Europe,4,
5725,1348,Europe,4,18.76
5726,7364,Americas,1,17.99
5727,1534,Europe,4,17.0
5728,24641,Americas,1,14.95
5729,34845,Americas,1,17.94
5730,18481,Americas,1,29.47
5731,41358,Asia,2,44.22
5732,34373,Americas,1,9.99
5733,31951,Military,3,27.77
5734,20983,World,0,14.49
5735,26652,Americas,1,16.94
5736,15220,Americas,1,
5737,6193,Military,3,
5738,28827,Americas,1,28.45
5739,24371,Americas,1,19.95
5740,41009,Military,3,15.97
5741,4305,Americas,1,21.0
5742,38478,Military,3,17.95
5743,28898,Europe,4,16.56
5744,40713,Military,3,11.33
5745,4040,Americas,1,
5746,538,Europe,4,19.99
5747,41036,Americas,1,6.61
5748,4879,Asia,2,13.95
5749,35103,Americas,1,17.68
5750,38901,Americas,1,24.5
5751,977,Military,3,1.99
5752,23168,Europe,4,13.38
5753,33971,Americas,1,28.97
5754,27704,Americas,1,11.0
5755,21697,Military,3,
5756,4346,Europe,4,78.78
5757,33582,Americas,1,20.89
5758,33175,Americas,1,13.39
5759,34334,Americas,1,19.99
5760,19866,Americas,1,
5761,37486,World,0,18.95
5762,31378,Americas,1,16.98
5763,20959,World,0,56.25
5764,25554,World,0,1.8
5765,20952,Americas,1,19.99
5766,12892,Americas,1,21.99
5767,11636,Americas,1,21.99
5768,39475,World,0,19.95
5769,36769,Military,3,21.69
5770,26440,Military,3,26.68
5771,26795,Americas,1,26.96
5772,25617,Historical Study & Educational Resources,9,
5773,24776,Americas,1,
5774,6420,World,0,7.99
5775,24105,Military,3,
5776,24598,Americas,1,
5777,34109,Americas,1,27.95
5778,24222,Americas,1,
5779,15557,Americas,1,4.17
5780,22643,Americas,1,
5781,15334,Americas,1,20.0
5782,38319,World,0,
5783,9433,Americas,1,
5784,30025,Americas,1,18.64
5785,24580,Americas,1,54.7
5786,1189,Middle East,8,6.91
5787,29477,Americas,1,28.99
5788,29903,Middle East,8,17.99
5789,27925,Military,3,
5790,927,Military,3,
5791,34534,Americas,1,11.03
5792,23701,Americas,1,31.74
5793,32900,Military,3,44.39
5794,7831,World,0,
5795,32341,Americas,1,16.95
5796,16426,Americas,1,
5797,36121,Military,3,2.69
5798,34730,Americas,1,35.17
5799,8492,World,0,
5800,8020,Americas,1,27.49
5801,14920,Americas,1,30.95
5802,22792,Americas,1,4.89
5803,30570,Americas,1,11.15
5804,36763,Europe,4,22.95
5805,25090,World,0,18.95
5806,36504,Military,3,
5807,5754,World,0,
5808,12088,Americas,1,21.99
5809,24391,Americas,1,
5810,21056,Americas,1,
5811,22427,Americas,1,34.95
5812,8821,Europe,4,39.89
5813,31813,Americas,1,
5814,21907,World,0,24.01
5815,5857,Europe,4,9.91
5816,31633,Americas,1,29.74
5817,39161,Americas,1,3.31
5818,20780,Americas,1,
5819,1710,World,0,17.94
5820,21524,Americas,1,
5821,37134,Military,3,22.95
5822,32827,Americas,1,
5823,5215,World,0,
5824,37799,Europe,4,17.43
5825,19767,World,0,19.91
5826,30072,Europe,4,19.05
5827,34430,Americas,1,21.99
5828,30130,Military,3,25.05
5829,27135,Americas,1,
5830,38310,World,0,24.0
5831,16451,Americas,1,9.97
5832,22660,Americas,1,18.99
5833,17161,Americas,1,
5834,39784,Military,3,18.93
5835,10428,World,0,
5836,3834,World,0,
5837,14791,Military,3,
5838,34606,Americas,1,28.06
5839,19676,Americas,1,59.95
5840,4528,Europe,4,27.5
5841,12085,Americas,1,21.99
5842,39991,Americas,1,25.98
5843,4092,Ancient Civilizations,7,
5844,12591,Americas,1,14.23
5845,14956,Americas,1,29.31
5846,10890,Americas,1,
5847,36016,Ancient Civilizations,7,31.5
5848,23002,Americas,1,24.15
5849,31214,Military,3,
5850,35212,World,0,10.0
5851,37997,Military,3,14.95
5852,8178,Americas,1,15.95
5853,24937,Americas,1,
5854,19135,Americas,1,
5855,34983,Americas,1,16.89
5856,317,Americas,1,36.9
5857,2255,World,0,29.56
5858,12296,Americas,1,17.38
5859,8363,Europe,4,29.45
5860,33920,World,0,
5861,31391,Americas,1,34.25
5862,9645,Americas,1,56.78
5863,35378,Americas,1,14.51
5864,25205,World,0,6.84
5865,34657,Americas,1,20.31
5866,19649,Americas,1,
5867,38245,Military,3,15.26
5868,37963,Military,3,20.13
5869,41487,Americas,1,
5870,32198,Americas,1,
5871,4943,Military,3,
5872,39038,World,0,
5873,7625,Americas,1,19.04
5874,39513,Ancient Civilizations,7,12.0
5875,27470,World,0,22.48
5876,2867,World,0,
5877,7762,Americas,1,21.0
5878,4416,World,0,
5879,12800,Americas,1,17.39
5880,41023,Americas,1,17.69
5881,4193,Americas,1,61.34
5882,35676,Americas,1,19.79
5883,9920,Americas,1,29.56
5884,32153,Military,3,34.95
5885,38461,Europe,4,17.95
5886,28819,Americas,1,45.0
5887,38204,Asia,2,14.3
5888,17845,Americas,1,
5889,7616,Americas,1,
5890,1696,Americas,1,
5891,36693,Europe,4,14.07
5892,39988,World,0,
5893,16818,Americas,1,29.01
5894,29310,Military,3,19.95
5895,11715,Americas,1,21.55
5896,23662,Americas,1,31.27
5897,24433,World,0,43.43
5898,31002,World,0,25.08
5899,22393,Military,3,
5900,30900,Americas,1,21.95
5901,16808,Americas,1,9.53
5902,8899,Americas,1,
5903,28426,Americas,1,14.95
5904,15404,World,0,
5905,19003,World,0,36.65
5906,12311,Americas,1,21.99
5907,11288,Americas,1,20.23
5908,9051,Military,3,
5909,22224,Americas,1,17.0
5910,4890,Americas,1,5.63
5911,12616,Americas,1,18.46
5912,12208,Americas,1,18.56
5913,5640,World,0,
5914,32429,Americas,1,24.95
5915,13082,Americas,1,17.18
5916,5292,World,0,
5917,16431,Americas,1,25.0
5918,25165,Americas,1,
5919,11024,Europe,4,10.4
5920,2577,Americas,1,
5921,36798,Asia,2,19.95
5922,38792,Europe,4,
5923,38239,Military,3,12.29
5924,1490,World,0,12.67
5925,32168,Americas,1,19.99
5926,918,World,0,
5927,22610,Americas,1,
5928,23972,World,0,8.48
5929,24342,Americas,1,16.95
5930,20485,Americas,1,23.85
5931,12759,Americas,1,17.24
5932,9401,Middle East,8,30.81
5933,37539,Military,3,18.95
5934,11958,Americas,1,19.79
5935,8960,World,0,18.05
5936,36916,Military,3,17.3
5937,6994,Military,3,8.7
5938,18684,Asia,2,22.39
5939,19962,Americas,1,16.71
5940,19793,Americas,1,65.0
5941,22919,Americas,1,13.98
5942,1661,Americas,1,
5943,32111,Americas,1,16.18
5944,19568,Americas,1,24.75
5945,26949,Americas,1,
5946,40354,Americas,1,14.32
5947,30861,Military,3,18.12
5948,6129,World,0,13.45
5949,5523,Americas,1,17.67
5950,38309,World,0,
5951,32689,Americas,1,19.95
5952,22307,Military,3,32.13
5953,5638,Americas,1,13.6
5954,32842,Military,3,49.0
5955,27987,Americas,1,23.18
5956,26852,Americas,1,19.99
5957,22790,Americas,1,20.19
5958,39576,World,0,
5959,19735,Americas,1,11.99
5960,8934,Americas,1,19.31
5961,20442,Americas,1,
5962,25305,Americas,1,
5963,32871,Europe,4,
5964,26603,Americas,1,16.39
5965,40525,Americas,1,
5966,19809,World,0,89.0
5967,6552,World,0,32.78
5968,5886,World,0,14.83
5969,5179,World,0,9.99
5970,344,World,0,
5971,33631,Americas,1,32.81
5972,9116,Military,3,7.9
5973,37064,Ancient Civilizations,7,10.25
5974,30633,Americas,1,
5975,40352,Military,3,12.99
5976,34616,Americas,1,14.75
5977,37986,Military,3,29.36
5978,16801,Americas,1,
5979,13951,World,0,
5980,39815,Americas,1,25.17
5981,34702,Americas,1,31.16
5982,18053,Americas,1,
5983,33852,Americas,1,33.19
5984,6923,Europe,4,22.99
5985,33481,Americas,1,
5986,6985,Americas,1,
5987,22716,Americas,1,18.0
5988,27648,Americas,1,15.99
5989,25694,Americas,1,45.15
5990,20419,Americas,1,7.24
5991,31672,Americas,1,
5992,37913,Military,3,27.09
5993,37053,Military,3,24.0
5994,36359,Europe,4,19.33
5995,19869,World,0,
5996,36699,Military,3,7.1
5997,7829,Americas,1,
5998,21878,Military,3,
5999,28524,Americas,1,19.47
6000,16812,Military,3,9.34
6001,27875,Americas,1,24.99
6002,35714,World,0,19.27
6003,27145,Americas,1,29.95
6004,38892,Americas,1,24.84
6005,21012,Americas,1,
6006,2647,Americas,1,
6007,25534,World,0,19.95
6008,13847,Europe,4,24.95
6009,40684,Americas,1,
6010,19916,World,0,20.0
6011,20552,World,0,29.65
6012,33255,World,0,16.85
6013,10474,World,0,
6014,41433,World,0,
6015,17150,Americas,1,19.59
6016,33413,Americas,1,21.99
6017,578,World,0,19.99
6018,4326,Americas,1,28.0
6019,36578,Europe,4,18.95
6020,22314,Americas,1,
6021,3831,World,0,
6022,14299,Military,3,55.0
6023,14006,Europe,4,
6024,27557,Americas,1,6.99
6025,1092,Americas,1,
6026,7431,Military,3,
6027,3799,Americas,1,25.76
6028,40078,World,0,19.69
6029,37349,Americas,1,
6030,33240,World,0,11.64
6031,5646,Americas,1,37.7
6032,5085,Europe,4,16.81
6033,29743,Americas,1,16.0
6034,710,World,0,7.99
6035,25894,Americas,1,19.95
6036,18180,Americas,1,
6037,20495,Americas,1,32.95
6038,1732,Americas,1,
6039,20040,World,0,39.95
6040,12421,Americas,1,21.99
6041,2756,World,0,
6042,37142,Europe,4,16.76
6043,3789,Americas,1,
6044,25550,Americas,1,9.14
6045,5326,Americas,1,33.56
6046,20340,Europe,4,30.95
6047,38414,Military,3,
6048,19443,World,0,20.13
6049,38551,Military,3,14.5
6050,11309,Americas,1,21.99
6051,10454,World,0,
6052,34321,Americas,1,19.99
6053,18837,Americas,1,50.07
6054,20573,Americas,1,
6055,10552,Europe,4,15.07
6056,17516,Americas,1,18.19
6057,4246,Americas,1,19.25
6058,37500,Europe,4,18.95
6059,18209,Americas,1,20.37
6060,19244,Americas,1,23.82
6061,34861,Australia & Oceania,10,24.5
6062,29573,Historical Study & Educational Resources,9,10.99
6063,23805,World,0,22.99
6064,21001,Americas,1,
6065,34127,Americas,1,
6066,5226,World,0,13.38
6067,37696,Military,3,17.95
6068,1588,Europe,4,13.42
6069,32772,World,0,27.77
6070,16541,Americas,1,29.95
6071,38131,Historical Study & Educational Resources,9,10.55
6072,13924,Americas,1,2.5
6073,35873,Americas,1,10.87
6074,4410,Americas,1,21.66
6075,29901,Military,3,24.95
6076,10612,Americas,1,29.99
6077,38365,Europe,4,26.0
6078,39791,Military,3,
6079,1837,World,0,
6080,14365,Americas,1,9.85
6081,3529,Americas,1,27.93
6082,28897,Americas,1,18.16
6083,12711,Americas,1,17.39
6084,25852,Military,3,62.53
6085,23728,World,0,25.14
6086,14486,Americas,1,14.95
6087,11000,World,0,
6088,2437,World,0,
6089,39379,Americas,1,
6090,32755,Military,3,24.95
6091,38889,Americas,1,
6092,16629,Americas,1,
6093,7168,World,0,
6094,4148,Americas,1,25.73
6095,17559,Americas,1,12.93
6096,31961,Military,3,28.42
6097,12689,Americas,1,21.99
6098,10378,World,0,
6099,7162,World,0,
6100,1434,Americas,1,12.25
6101,8659,Americas,1,17.75
6102,35771,Americas,1,11.85
6103,4404,World,0,
6104,40984,Australia & Oceania,10,27.93
6105,40519,World,0,12.01
6106,16776,Americas,1,
6107,29026,Asia,2,40.8
6108,23643,Americas,1,
6109,24901,Americas,1,
6110,22112,Americas,1,25.17
6111,27575,Americas,1,37.95
6112,16255,World,0,21.56
6113,21611,Americas,1,
6114,33303,Military,3,25.31
6115,8132,Americas,1,19.98
6116,40192,Americas,1,
6117,31804,Americas,1,22.33
6118,25172,Americas,1,17.29
6119,32248,Military,3,
6120,18321,Americas,1,
6121,5304,Americas,1,
6122,6424,Military,3,23.64
6123,32426,World,0,55.0
6124,28765,Americas,1,29.66
6125,34971,Americas,1,6.73
6126,7309,Americas,1,16.57
6127,21306,World,0,16.38
6128,21044,Americas,1,
6129,32487,Military,3,15.45
6130,13624,Americas,1,21.66
6131,29698,Americas,1,16.16
6132,38831,Australia & Oceania,10,20.13
6133,9936,Americas,1,17.57
6134,25998,Military,3,31.5
6135,9159,Europe,4,
6136,18801,Military,3,14.95
6137,35513,Americas,1,15.15
6138,8170,Americas,1,
6139,25900,Americas,1,31.49
6140,30126,Historical Study & Educational Resources,9,9.99
6141,28530,Americas,1,20.65
6142,35758,Europe,4,14.75
6143,12114,Americas,1,21.38
6144,18092,Americas,1,22.79
6145,27246,World,0,15.62
6146,36173,Military,3,18.71
6147,19211,Americas,1,54.85
6148,20244,Americas,1,32.1
6149,34426,Americas,1,21.99
6150,14285,Military,3,
6151,35806,Americas,1,54.55
6152,3226,Americas,1,
6153,8648,Americas,1,45.0
6154,10955,Europe,4,23.93
6155,35832,Military,3,14.54
6156,5494,Americas,1,12.77
6157,24490,Europe,4,23.0
6158,9087,World,0,29.99
6159,15666,World,0,25.0
6160,17624,Americas,1,
6161,33094,Americas,1,31.99
6162,98,World,0,16.99
6163,36371,Military,3,22.95
6164,19949,Military,3,8.98
6165,15035,Americas,1,11.31
6166,12570,Americas,1,19.79
6167,27142,World,0,25.6
6168,34458,Americas,1,17.74
6169,27416,Americas,1,20.34
6170,21160,Americas,1,
6171,993,Europe,4,15.26
6172,14261,Military,3,44.08
6173,326,Americas,1,
6174,31083,Americas,1,
6175,29517,Americas,1,28.5
6176,4918,Americas,1,20.38
6177,17204,Americas,1,32.81
6178,6293,Americas,1,7.57
6179,28531,Americas,1,21.62
6180,35104,Americas,1,15.26
6181,10628,Military,3,12.0
6182,8780,Americas,1,16.8
6183,41110,Americas,1,15.38
6184,11014,Military,3,
6185,35259,Americas,1,26.04
6186,12986,Americas,1,17.37
6187,24906,Americas,1,25.0
6188,22895,Americas,1,22.45
6189,13574,Americas,1,21.99
6190,35586,Americas,1,12.03
6191,9565,World,0,
6192,13364,Americas,1,13.87
6193,39184,World,0,
6194,29602,Military,3,17.5
6195,38378,Military,3,54.99
6196,16981,Americas,1,5.98
6197,1411,Historical Study & Educational Resources,9,15.0
6198,9163,World,0,
6199,35397,Americas,1,17.99
6200,21600,Americas,1,8.96
6201,36211,Military,3,21.09
6202,35765,Americas,1,10.18
6203,8615,Asia,2,
6204,13310,Americas,1,17.79
6205,966,Military,3,
6206,10527,Ancient Civilizations,7,32.95
6207,3396,Europe,4,15.97
6208,16381,Americas,1,13.98
6209,1114,Asia,2,
6210,12414,Americas,1,20.38
6211,19509,Americas,1,
6212,19908,Europe,4,19.73
6213,33836,Americas,1,
6214,12654,Americas,1,14.95
6215,10333,World,0,39.37
6216,34588,Americas,1,23.92
6217,3031,Americas,1,
6218,22651,Americas,1,
6219,40870,Asia,2,51.8
6220,5080,Americas,1,15.6
6221,13152,Americas,1,19.79
6222,33202,Americas,1,10.83
6223,18145,Americas,1,35.0
6224,30903,World,0,
6225,20407,Americas,1,30.95
6226,10183,World,0,25.78
6227,2857,World,0,
6228,21963,Military,3,
6229,26836,Americas,1,16.0
6230,24261,World,0,16.95
6231,17471,Americas,1,
6232,26828,Ancient Civilizations,7,20.99
6233,15738,World,0,
6234,14977,Americas,1,21.99
6235,35329,Americas,1,18.77
6236,27510,Americas,1,
6237,4393,Europe,4,39.95
6238,19998,Americas,1,21.82
6239,19304,Military,3,23.85
6240,34050,World,0,25.08
6241,20715,Americas,1,24.62
6242,3938,Americas,1,67.95
6243,28868,Military,3,16.95
6244,8147,Military,3,45.21
6245,23990,Americas,1,21.37
6246,3252,Americas,1,
6247,18555,Americas,1,27.98
6248,15968,Americas,1,
6249,28474,Americas,1,21.99
6250,1510,Europe,4,12.19
6251,33448,Americas,1,19.99
6252,12053,Americas,1,17.39
6253,14652,Americas,1,14.99
6254,12283,Americas,1,17.39
6255,12619,Americas,1,21.99
6256,8931,Americas,1,
6257,41199,Military,3,449.94
6258,12662,Americas,1,21.99
6259,39830,Military,3,27.95
6260,8718,Americas,1,9.99
6261,32195,Americas,1,39.76
6262,38546,Asia,2,12.7
6263,16342,Americas,1,24.45
6264,17498,Americas,1,
6265,15594,World,0,16.0
6266,28257,Americas,1,15.71
6267,3525,Americas,1,26.1
6268,7724,Americas,1,
6269,10009,Americas,1,13.93
6270,11567,Americas,1,21.67
6271,3732,Americas,1,
6272,31092,World,0,
6273,12240,Americas,1,21.99
6274,14295,Americas,1,
6275,40943,World,0,19.95
6276,27902,Americas,1,10.95
6277,28078,Americas,1,21.99
6278,9667,World,0,40.65
6279,27330,Americas,1,
6280,36033,Europe,4,
6281,18270,World,0,14.95
6282,13857,Military,3,31.0
6283,41136,Americas,1,15.0
6284,38574,Military,3,20.63
6285,29730,Military,3,15.13
6286,2357,World,0,3.47
6287,37100,Europe,4,18.42
6288,6915,Americas,1,
6289,4339,World,0,24.77
6290,29183,Americas,1,13.07
6291,9288,Military,3,28.75
6292,3826,World,0,
6293,13653,Military,3,21.99
6294,12630,Americas,1,21.99
6295,9548,Americas,1,
6296,416,Americas,1,23.5
6297,26094,Americas,1,19.95
6298,31693,World,0,16.65
6299,2222,Americas,1,
6300,10115,Americas,1,
6301,898,Americas,1,
6302,21775,Military,3,3.95
6303,36245,Europe,4,19.93
6304,27828,Americas,1,7.0
6305,4058,Americas,1,
6306,12868,Americas,1,21.99
6307,16332,Americas,1,11.48
6308,36643,Military,3,
6309,21474,World,0,25.5
6310,22468,Americas,1,44.85
6311,18264,World,0,24.95
6312,14625,Americas,1,29.94
6313,17410,Americas,1,17.8
6314,4045,Americas,1,
6315,28729,Americas,1,38.76
6316,6039,Americas,1,11.42
6317,16996,Ancient Civilizations,7,
6318,5548,World,0,
6319,40387,Americas,1,24.99
6320,37057,Asia,2,25.95
6321,36791,Europe,4,19.95
6322,30764,Americas,1,31.56
6323,9880,World,0,33.25
6324,28580,Americas,1,20.51
6325,14607,Europe,4,13.07
6326,41252,Europe,4,225.0
6327,20410,Americas,1,28.95
6328,11858,Americas,1,21.99
6329,23127,Americas,1,7.15
6330,29030,Military,3,15.62
6331,31940,Americas,1,21.95
6332,27291,World,0,31.05
6333,22162,World,0,12.0
6334,26938,World,0,
6335,14528,Americas,1,15.35
6336,25483,Americas,1,33.0
6337,19651,Europe,4,33.73
6338,31318,Americas,1,
6339,1812,Military,3,27.99
6340,12859,Americas,1,13.99
6341,23000,Americas,1,
6342,27280,World,0,16.2
6343,28617,Americas,1,14.95
6344,29470,Ancient Civilizations,7,49.95
6345,36973,Military,3,17.95
6346,34490,Americas,1,19.33
6347,22522,Americas,1,22.81
6348,1723,Americas,1,
6349,26804,Americas,1,13.09
6350,39769,Americas,1,38.65
6351,18638,Americas,1,18.03
6352,20572,Americas,1,
6353,23403,Americas,1,14.22
6354,7760,Americas,1,15.96
6355,38997,Americas,1,14.92
6356,38664,Military,3,16.35
6357,33284,Americas,1,23.95
6358,26001,Americas,1,14.95
6359,18308,World,0,19.02
6360,37952,Military,3,7.87
6361,35299,Military,3,38.51
6362,22585,Americas,1,
6363,7718,Americas,1,
6364,25580,Military,3,19.29
6365,3623,World,0,17.54
6366,40019,Americas,1,
6367,34654,Americas,1,14.94
6368,36907,Europe,4,18.95
6369,13748,Americas,1,39.5
6370,3482,Americas,1,17.72
6371,14208,Americas,1,14.95
6372,11921,Americas,1,21.99
6373,22383,Asia,2,
6374,37113,Ancient Civilizations,7,18.95
6375,14783,Military,3,30.38
6376,22255,Americas,1,30.93
6377,15825,Asia,2,
6378,30606,Europe,4,74.21
6379,30234,Europe,4,21.5
6380,5455,Americas,1,
6381,31432,Americas,1,14.07
6382,3633,Americas,1,
6383,26295,World,0,19.08
6384,22879,Americas,1,
6385,23077,Americas,1,28.95
6386,20368,Americas,1,24.76
6387,17324,Americas,1,45.95
6388,21844,Americas,1,17.95
6389,14154,Europe,4,9.95
6390,19384,Americas,1,35.0
6391,8238,World,0,
6392,2109,Europe,4,
6393,28787,Americas,1,24.69
6394,3401,Military,3,9.82
6395,40127,Americas,1,24.06
6396,36634,Military,3,20.95
6397,19140,Americas,1,34.95
6398,13208,Americas,1,21.62
6399,21247,World,0,5.13
6400,24147,Military,3,10.48
6401,3806,Americas,1,
6402,21419,World,0,44.95
6403,38630,Military,3,17.25
6404,36491,Europe,4,89.34
6405,4229,Americas,1,
6406,19824,World,0,40.0
6407,14111,Military,3,13.55
6408,13611,Americas,1,17.37
6409,6898,Europe,4,5.49
6410,10874,Americas,1,50.12
6411,27312,Military,3,10.0
6412,19745,World,0,25.46
6413,4562,World,0,
6414,2683,Europe,4,
6415,12671,Americas,1,21.99
6416,16264,World,0,24.48
6417,22805,Americas,1,29.99
6418,18851,World,0,
6419,12885,Americas,1,14.35
6420,32642,Americas,1,12.01
6421,69,Americas,1,17.95
6422,40862,World,0,
6423,8871,World,0,16.6
6424,21772,Americas,1,37.63
6425,13658,World,0,
6426,11711,Americas,1,20.76
6427,11238,Americas,1,21.99
6428,26648,Americas,1,19.03
6429,15390,World,0,56.5
6430,33784,World,0,
6431,28956,Military,3,32.4
6432,8889,Americas,1,
6433,5511,Americas,1,6.98
6434,1498,Ancient Civilizations,7,15.63
6435,5536,Military,3,12.5
6436,11836,Americas,1,21.99
6437,6633,Americas,1,19.07
6438,242,World,0,
6439,3455,Americas,1,
6440,21721,Europe,4,12.7
6441,13836,Middle East,8,
6442,21187,Americas,1,45.0
6443,23263,World,0,23.51
6444,24055,Americas,1,37.75
6445,38121,Military,3,17.11
6446,22843,Americas,1,
6447,23272,Americas,1,14.18
6448,33953,Military,3,18.95
6449,11674,Americas,1,15.62
6450,35763,Americas,1,14.95
6451,18086,Americas,1,
6452,3263,Americas,1,4.5
6453,33034,Ancient Civilizations,7,15.24
6454,9841,Americas,1,17.86
6455,37293,Military,3,10.19
6456,15181,Americas,1,
6457,9420,Europe,4,6.97
6458,28432,Americas,1,17.37
6459,20924,Americas,1,18.43
6460,37249,Military,3,12.24
6461,37657,Americas,1,17.95
6462,17406,Americas,1,25.57
6463,873,Americas,1,19.9
6464,11626,Americas,1,21.99
6465,29615,World,0,19.9
6466,38318,World,0,11.3
6467,3578,Americas,1,14.0
6468,23432,Americas,1,3.89
6469,8331,World,0,
6470,8106,Americas,1,
6471,41486,World,0,34.26
6472,21750,Military,3,17.95
6473,12512,Americas,1,20.38
6474,4756,Europe,4,16.86
6475,33133,World,0,15.95
6476,10962,Americas,1,37.07
6477,35982,Military,3,5.99
6478,41450,Europe,4,50.06
6479,8249,Americas,1,32.6
6480,40939,World,0,11.95
6481,19985,World,0,9.0
6482,31972,Military,3,
6483,3950,World,0,
6484,32456,Americas,1,18.59
6485,40841,World,0,
6486,3790,World,0,34.95
6487,36816,Europe,4,17.95
6488,8105,Americas,1,69.9
6489,16404,World,0,
6490,2275,Military,3,
6491,22903,Americas,1,21.95
6492,1882,Europe,4,
6493,27739,Military,3,18.0
6494,35171,Americas,1,12.95
6495,26441,Military,3,0.0
6496,37133,Ancient Civilizations,7,17.95
6497,6036,Europe,4,19.34
6498,3286,World,0,
6499,33237,Americas,1,12.84
6500,34264,Americas,1,12.99
6501,6874,Americas,1,
6502,14894,Americas,1,19.99
6503,9905,Americas,1,14.28
6504,22352,Asia,2,
6505,26053,Military,3,17.71
6506,33227,Military,3,14.99
6507,24211,World,0,21.95
6508,29085,Military,3,15.56
6509,13097,Americas,1,21.99
6510,29271,Europe,4,17.19
6511,38678,Americas,1,
6512,35352,World,0,31.2
6513,34907,Americas,1,23.82
6514,31983,Military,3,14.95
6515,1707,Military,3,13.99
6516,1771,World,0,
6517,8022,Americas,1,
6518,38999,Americas,1,4.98
6519,6246,Military,3,5.18
6520,23193,Americas,1,7.41
6521,14769,Americas,1,
6522,38268,Military,3,17.57
6523,10587,Americas,1,28.5
6524,24617,Americas,1,
6525,10742,Americas,1,13.99
6526,2383,Americas,1,31.95
6527,35549,Americas,1,19.99
6528,10656,Americas,1,17.99
6529,33527,Americas,1,19.99
6530,15842,Military,3,4.5
6531,39726,Europe,4,48.42
6532,2266,Americas,1,
6533,23441,Americas,1,
6534,18424,Americas,1,16.7
6535,20112,Americas,1,77.36
6536,13804,Asia,2,
6537,3776,Military,3,27.7
6538,6048,Military,3,
6539,18949,Americas,1,14.98
6540,1350,Europe,4,24.36
6541,41408,Military,3,21.95
6542,11677,Americas,1,22.02
6543,22132,World,0,19.38
6544,32308,Americas,1,21.44
6545,2874,World,0,
6546,20735,Americas,1,20.65
6547,25997,Military,3,24.95
6548,7422,Americas,1,
6549,3474,World,0,33.0
6550,2312,Americas,1,60.65
6551,15431,Americas,1,15.0
6552,31155,Americas,1,15.99
6553,13205,Americas,1,14.36
6554,15247,Americas,1,29.95
6555,8476,World,0,
6556,29865,Americas,1,9.0
6557,20432,Americas,1,26.22
6558,20624,Americas,1,27.95
6559,9238,World,0,33.75
6560,38136,Military,3,16.72
6561,39697,Americas,1,15.0
6562,649,Americas,1,9.99
6563,34303,Americas,1,18.24
6564,21626,Military,3,17.95
6565,7775,Military,3,16.95
6566,31755,Americas,1,24.95
6567,39874,Americas,1,19.33
6568,9192,World,0,31.39
6569,18751,Europe,4,16.9
6570,3589,Americas,1,24.17
6571,11195,Americas,1,18.59
6572,18896,World,0,
6573,21693,Americas,1,14.87
6574,33533,Americas,1,13.14
6575,13332,Americas,1,21.99
6576,27011,Americas,1,24.29
6577,21420,World,0,20.58
6578,24897,Asia,2,10.0
6579,8288,Americas,1,
6580,6912,Americas,1,18.27
6581,36988,Military,3,17.57
6582,16144,World,0,11.93
6583,13954,Military,3,
6584,186,Military,3,3.4
6585,41336,Americas,1,49.9
6586,36303,Europe,4,16.98
6587,36231,Military,3,10.31
6588,32078,Americas,1,
6589,39816,Americas,1,39.99
6590,38240,Military,3,15.97
6591,12147,Americas,1,19.79
6592,33432,Americas,1,19.96
6593,29363,Americas,1,
6594,764,Americas,1,23.6
6595,10765,Americas,1,
6596,3847,World,0,
6597,19805,Military,3,
6598,11974,Americas,1,19.55
6599,5873,Military,3,
6600,20077,Americas,1,8.76
6601,7183,Americas,1,
6602,8225,World,0,
6603,14125,Europe,4,22.95
6604,31346,Americas,1,6.83
6605,15022,Military,3,8.98
6606,20166,Americas,1,24.27
6607,13062,Americas,1,12.47
6608,24893,Americas,1,8.51
6609,29645,World,0,11.95
6610,13586,Americas,1,21.99
6611,647,Americas,1,15.75
6612,27046,World,0,28.0
6613,29201,Europe,4,12.2
6614,733,Americas,1,16.99
6615,31302,World,0,24.47
6616,11124,World,0,
6617,14001,Europe,4,
6618,33336,Americas,1,12.67
6619,39531,Europe,4,
6620,26625,Americas,1,13.98
6621,9000,Americas,1,9.95
6622,39100,Americas,1,
6623,18400,Americas,1,7.35
6624,11105,Americas,1,
6625,4082,Americas,1,
6626,9331,Americas,1,4.99
6627,165,Americas,1,3.98
6628,18317,Europe,4,
6629,2705,World,0,
6630,27366,Americas,1,22.0
6631,8304,World,0,
6632,17812,Americas,1,25.01
6633,8087,Americas,1,
6634,20997,Americas,1,13.06
6635,37470,Ancient Civilizations,7,18.95
6636,34256,Americas,1,24.21
6637,27320,Military,3,16.42
6638,8279,Americas,1,
6639,28086,Americas,1,20.4
6640,10999,Americas,1,34.95
6641,13754,Americas,1,50.0
6642,34496,Americas,1,16.36
6643,8932,Americas,1,
6644,37294,Military,3,35.96
6645,35495,Americas,1,19.99
6646,38906,Americas,1,19.95
6647,38982,Americas,1,
6648,23414,Americas,1,
6649,3893,World,0,36.88
6650,40333,Americas,1,12.99
6651,17571,Americas,1,10.04
6652,9010,Americas,1,23.44
6653,3594,Americas,1,62.08
6654,4730,World,0,
6655,14794,Americas,1,33.64
6656,14283,Americas,1,20.86
6657,31121,Americas,1,54.96
6658,9539,World,0,
6659,5836,Asia,2,7.33
6660,35515,Americas,1,19.01
6661,4445,Asia,2,88.13
6662,39727,Military,3,31.79
6663,21298,World,0,7.89
6664,36122,Military,3,9.99
6665,27443,Americas,1,
6666,21960,Military,3,14.79
6667,3184,Americas,1,
6668,30463,Americas,1,16.95
6669,5218,World,0,26.24
6670,37037,Military,3,22.95
6671,6689,World,0,22.91
6672,22364,Military,3,
6673,18363,Americas,1,8.59
6674,20628,Asia,2,
6675,9792,Asia,2,
6676,28528,Americas,1,20.38
6677,28559,Americas,1,10.76
6678,3803,Americas,1,
6679,35312,Americas,1,15.95
6680,10427,Military,3,
6681,22583,Americas,1,
6682,25758,World,0,13.23
6683,36815,Europe,4,14.75
6684,1347,Europe,4,19.88
6685,31079,Americas,1,12.57
6686,24328,Americas,1,156.73
6687,39960,Americas,1,18.13
6688,11925,Americas,1,
6689,33362,Americas,1,19.99
6690,24915,World,0,15.95
6691,4207,World,0,
6692,6868,Africa,6,24.75
6693,21791,Military,3,15.36
6694,23073,Americas,1,35.5
6695,7315,Military,3,16.05
6696,10746,Americas,1,13.25
6697,13702,Americas,1,67.95
6698,32705,Americas,1,18.95
6699,40292,Military,3,34.99
6700,15400,Americas,1,24.45
6701,14478,Americas,1,7.0
6702,21561,Americas,1,
6703,33287,World,0,3.49
6704,20450,Americas,1,25.49
6705,38631,Asia,2,17.95
6706,19104,Americas,1,56.7
6707,6742,Military,3,19.81
6708,14789,Americas,1,12.99
6709,37842,Europe,4,
6710,1632,Americas,1,13.59
6711,10562,Europe,4,21.3
6712,21245,World,0,25.0
6713,39568,Military,3,
6714,23973,World,0,8.95
6715,17668,Americas,1,
6716,7414,World,0,12.53
6717,26662,Europe,4,16.49
6718,12604,Americas,1,20.82
6719,18484,Americas,1,2.5
6720,33137,Military,3,32.98
6721,37896,Military,3,26.32
6722,9464,Americas,1,
6723,17090,Americas,1,15.56
6724,14198,Americas,1,
6725,28170,Americas,1,15.48
6726,26700,Military,3,
6727,30357,Europe,4,20.0
6728,40190,Americas,1,36.12
6729,2602,Americas,1,28.95
6730,27816,Americas,1,26.19
6731,3753,Americas,1,53.88
6732,23592,Europe,4,20.0
6733,30716,Americas,1,18.0
6734,14120,Europe,4,23.74
6735,15199,Americas,1,
6736,3067,Americas,1,
6737,7577,Americas,1,11.26
6738,17041,Americas,1,9.95
6739,23751,Americas,1,
6740,39354,Americas,1,
6741,21617,Americas,1,32.86
6742,15421,Historical Study & Educational Resources,9,9.25
6743,14831,Americas,1,29.89
6744,10007,World,0,13.6
6745,7064,Americas,1,12.23
6746,6346,Americas,1,17.56
6747,20253,Americas,1,29.95
6748,26992,Americas,1,31.51
6749,37880,Europe,4,69.56
6750,31003,World,0,31.0
6751,29515,Americas,1,24.0
6752,8845,Military,3,5.99
6753,10994,Asia,2,37.95
6754,26146,World,0,15.6
6755,22114,Americas,1,24.86
6756,1183,Americas,1,
6757,19603,Americas,1,21.95
6758,31902,Americas,1,18.95
6759,6468,Military,3,
6760,8374,Europe,4,10.44
6761,13632,Americas,1,19.79
6762,628,Americas,1,5.93
6763,37031,Military,3,12.33
6764,16660,Asia,2,
6765,7201,World,0,
6766,2007,Americas,1,
6767,8707,World,0,9.35
6768,34098,World,0,21.99
6769,20871,Asia,2,27.0
6770,23743,Americas,1,
6771,14156,Military,3,25.35
6772,4471,World,0,26.1
6773,34361,Americas,1,18.94
6774,376,Americas,1,23.84
6775,7656,Military,3,
6776,10930,Americas,1,19.2
6777,7335,Military,3,7.84
6778,26638,Americas,1,19.03
6779,35726,Americas,1,45.95
6780,23699,Americas,1,50.0
6781,8735,Americas,1,8.66
6782,8445,Americas,1,
6783,11641,Americas,1,21.99
6784,26876,Americas,1,38.98
6785,10138,Americas,1,
6786,37122,Military,3,17.84
6787,7755,Americas,1,
6788,6832,Americas,1,
6789,32179,Americas,1,15.0
6790,36488,Americas,1,15.44
6791,1298,Americas,1,
6792,19002,Americas,1,18.12
6793,29247,Europe,4,23.13
6794,11367,Americas,1,21.99
6795,39223,Americas,1,24.23
6796,24606,Americas,1,
6797,32911,Military,3,26.65
6798,18712,Americas,1,15.55
6799,17132,Americas,1,18.71
6800,2126,World,0,
6801,25229,Americas,1,24.99
6802,25843,Military,3,14.95
6803,12514,Americas,1,19.99
6804,12230,Americas,1,12.65
6805,12364,Americas,1,21.99
6806,20399,Americas,1,
6807,20915,World,0,47.0
6808,10329,World,0,
6809,14754,Americas,1,19.99
6810,39668,Americas,1,16.77
6811,24534,Americas,1,
6812,20117,Americas,1,
6813,35891,Americas,1,18.07
6814,34735,Americas,1,26.55
6815,5869,Americas,1,
6816,17931,Americas,1,37.5
6817,18152,Americas,1,35.0
6818,30333,Russia,5,21.99
6819,36957,Military,3,22.95
6820,9887,Americas,1,19.95
6821,40986,Asia,2,19.99
6822,11060,Americas,1,5.68
6823,10538,World,0,
6824,16601,Military,3,14.0
6825,21210,Americas,1,22.15
6826,21115,Americas,1,24.95
6827,31475,Americas,1,22.5
6828,9040,Americas,1,19.95
6829,12027,Americas,1,21.99
6830,4602,Americas,1,8.47
6831,28348,Americas,1,20.38
6832,31608,Americas,1,8.48
6833,4737,Europe,4,
6834,18392,Asia,2,58.1
6835,418,Americas,1,
6836,16228,World,0,24.56
6837,31255,World,0,
6838,20768,Russia,5,32.64
6839,18492,Military,3,39.16
6840,19106,Americas,1,10.33
6841,33651,World,0,17.63
6842,1260,World,0,16.36
6843,15011,Historical Study & Educational Resources,9,
6844,25191,Americas,1,36.77
6845,19594,Americas,1,21.21
6846,2564,World,0,
6847,39463,Military,3,
6848,3021,Americas,1,
6849,27372,Americas,1,9.17
6850,14348,Military,3,36.19
6851,20220,Military,3,
6852,1383,Military,3,14.81
6853,27743,World,0,19.95
6854,16357,Americas,1,20.43
6855,36514,Europe,4,59.67
6856,24812,Americas,1,
6857,36427,Europe,4,22.46
6858,4269,Americas,1,19.95
6859,4303,Americas,1,44.72
6860,14399,World,0,3.33
6861,2518,Military,3,
6862,31796,Americas,1,25.0
6863,9353,Europe,4,25.0
6864,21349,World,0,22.21
6865,5762,World,0,
6866,39159,Americas,1,
6867,30089,Africa,6,13.38
6868,19028,Americas,1,
6869,40718,Asia,2,15.4
6870,18206,Americas,1,
6871,31771,Americas,1,
6872,16329,Americas,1,14.36
6873,24357,Americas,1,
6874,24164,Military,3,
6875,37850,Europe,4,10.54
6876,21647,Americas,1,17.95
6877,41341,Europe,4,12.5
6878,34175,Americas,1,14.27
6879,19519,Americas,1,23.16
6880,1991,Americas,1,
6881,6600,Americas,1,11.91
6882,35980,Australia & Oceania,10,19.95
6883,38352,Military,3,
6884,18167,Americas,1,
6885,942,Americas,1,7.43
6886,4212,Americas,1,16.68
6887,34762,Americas,1,16.08
6888,21807,Military,3,17.95
6889,19036,Americas,1,26.7
6890,18737,Americas,1,3.95
6891,26304,Americas,1,30.93
6892,30317,Americas,1,
6893,9469,Russia,5,17.0
6894,31427,Americas,1,18.8
6895,12309,Americas,1,18.12
6896,15320,World,0,
6897,34822,Europe,4,18.13
6898,25231,Americas,1,
6899,39922,Americas,1,9.32
6900,41043,Military,3,165.45
6901,15490,World,0,
6902,40241,Americas,1,19.95
6903,34925,Americas,1,
6904,40486,World,0,24.0
6905,3842,World,0,35.61
6906,28103,Americas,1,18.77
6907,4372,Europe,4,87.99
6908,13108,Americas,1,11.21
6909,33860,World,0,10.0
6910,23214,Americas,1,15.07
6911,20919,Americas,1,26.96
6912,34280,Americas,1,17.21
6913,32985,Military,3,42.95
6914,40210,Americas,1,29.95
6915,35545,Americas,1,21.73
6916,33983,Americas,1,9.34
6917,30000,Military,3,10.51
6918,11121,Europe,4,46.99
6919,16286,World,0,7.0
6920,40584,Americas,1,24.99
6921,8499,Ancient Civilizations,7,
6922,626,Americas,1,14.99
6923,8375,Middle East,8,31.99
6924,25379,Americas,1,
6925,26809,Americas,1,15.07
6926,17969,Americas,1,
6927,34117,Americas,1,44.61
6928,16572,Military,3,7.87
6929,30976,Europe,4,23.88
6930,24639,World,0,19.37
6931,7062,Americas,1,12.32
6932,31492,Americas,1,
6933,16501,Americas,1,39.95
6934,10054,Ancient Civilizations,7,7.99
6935,22850,Americas,1,
6936,3100,Americas,1,
6937,22627,Americas,1,
6938,33042,Americas,1,
6939,1959,Americas,1,7.9
6940,35901,Americas,1,12.88
6941,35229,Americas,1,
6942,25499,Americas,1,
6943,33683,Americas,1,20.0
6944,15780,Americas,1,
6945,34135,Americas,1,25.38
6946,26925,World,0,
6947,12887,Americas,1,21.99
6948,17515,Americas,1,36.0
6949,38408,Military,3,50.0
6950,6699,Americas,1,
6951,17822,Americas,1,23.75
6952,16729,Military,3,12.67
6953,20540,Americas,1,
6954,18404,Americas,1,5.03
6955,32380,Americas,1,18.95
6956,22405,Europe,4,69.95
6957,30670,Americas,1,15.83
6958,17775,World,0,10.49
6959,26339,Americas,1,13.43
6960,21456,World,0,12.79
6961,29451,Americas,1,18.93
6962,952,World,0,
6963,3002,Military,3,
6964,22977,Americas,1,11.93
6965,31908,Americas,1,
6966,24525,Americas,1,
6967,19849,Americas,1,
6968,5386,Americas,1,11.18
6969,22363,Military,3,
6970,18198,Americas,1,19.95
6971,19660,Americas,1,57.95
6972,20879,Americas,1,28.0
6973,7324,Americas,1,21.57
6974,27899,Ancient Civilizations,7,
6975,17075,Military,3,
6976,18972,Europe,4,
6977,30307,Africa,6,19.95
6978,29497,Americas,1,9.95
6979,16792,World,0,8.49
6980,11541,Americas,1,21.99
6981,28322,Americas,1,19.79
6982,2166,Americas,1,
6983,34,World,0,24.79
6984,4523,Europe,4,32.09
6985,5388,Americas,1,11.5
6986,18618,Military,3,21.95
6987,3758,World,0,
6988,25430,Americas,1,
6989,20717,Americas,1,10.24
6990,8982,Americas,1,29.94
6991,26805,Ancient Civilizations,7,17.0
6992,1863,Europe,4,
6993,30545,Americas,1,29.95
6994,6235,Americas,1,27.31
6995,4169,Americas,1,
6996,37071,Military,3,19.0
6997,28360,Americas,1,17.32
6998,16787,Americas,1,
6999,23257,Americas,1,
7000,32504,Americas,1,
7001,30464,Americas,1,34.95
7002,41285,World,0,
7003,30721,Americas,1,20.19
7004,2592,World,0,
7005,33570,Americas,1,4.9
7006,30393,World,0,
7007,3833,World,0,22.5
7008,14540,Americas,1,20.17
7009,39003,Americas,1,
7010,30469,Europe,4,12.75
7011,7217,Europe,4,
7012,9048,World,0,19.95
7013,28120,Americas,1,19.09
7014,10299,Asia,2,
7015,37617,Military,3,
7016,7231,Americas,1,
7017,16570,Asia,2,
7018,14969,Ancient Civilizations,7,7.72
7019,3735,Americas,1,10.95
7020,41091,Military,3,46.19
7021,39739,Europe,4,9.74
7022,8596,World,0,
7023,40016,Americas,1,
7024,19395,Americas,1,
7025,378,Americas,1,4.99
7026,21342,World,0,6.3
7027,35216,Americas,1,11.59
7028,39888,Americas,1,
7029,13497,Americas,1,15.12
7030,4844,Americas,1,23.49
7031,12154,Americas,1,21.79
7032,1793,Americas,1,
7033,28719,Americas,1,
7034,2165,World,0,
7035,37183,Europe,4,
7036,37796,Military,3,16.81
7037,6663,Asia,2,24.99
7038,37035,Military,3,15.42
7039,9532,World,0,
7040,9055,Historical Study & Educational Resources,9,14.99
7041,14229,Americas,1,
7042,21198,Americas,1,65.0
7043,1761,Americas,1,
7044,6426,World,0,
7045,36017,Asia,2,19.29
7046,6620,Americas,1,
7047,7678,World,0,
7048,8171,Americas,1,
7049,32200,Americas,1,42.55
7050,29527,Americas,1,28.0
7051,37902,Military,3,55.95
7052,30356,Americas,1,39.95
7053,12609,Americas,1,21.81
7054,19553,Americas,1,25.18
7055,37400,World,0,
7056,34154,World,0,
7057,37176,Europe,4,6.35
7058,35745,Americas,1,21.72
7059,20626,Americas,1,
7060,24144,Military,3,9.2
7061,34066,Americas,1,9.0
7062,27473,Military,3,28.99
7063,5991,World,0,7.14
7064,22179,World,0,12.77
7065,40269,Military,3,
7066,39431,Europe,4,4.99
7067,16649,Americas,1,
7068,29842,Americas,1,65.0
7069,26826,World,0,16.99
7070,200,Americas,1,
7071,25853,Americas,1,
7072,15307,Americas,1,26.73
7073,33107,Americas,1,24.82
7074,35716,World,0,18.22
7075,25365,Americas,1,
7076,13471,Americas,1,21.99
7077,37012,Military,3,18.95
7078,34628,Americas,1,
7079,3043,Americas,1,
7080,14355,Americas,1,
7081,36701,Military,3,
7082,14065,Americas,1,
7083,25265,Americas,1,
7084,23058,Americas,1,
7085,11327,Americas,1,19.79
7086,7745,Americas,1,
7087,34302,Americas,1,16.99
7088,35266,Americas,1,23.3
7089,4405,Americas,1,
7090,780,Americas,1,21.99
7091,6181,Americas,1,13.95
7092,25131,Europe,4,25.0
7093,39958,Americas,1,5.47
7094,35855,Americas,1,19.23
7095,7886,Ancient Civilizations,7,30.39
7096,12157,Americas,1,21.99
7097,23084,Americas,1,
7098,22400,Military,3,
7099,26089,Military,3,18.39
7100,27872,Military,3,20.39
7101,35703,Americas,1,35.0
7102,30856,Americas,1,9.99
7103,32190,Americas,1,61.05
7104,27120,Americas,1,49.69
7105,1856,Americas,1,
7106,40160,Americas,1,16.95
7107,19492,Americas,1,
7108,25486,Americas,1,
7109,10444,Americas,1,40.84
7110,14036,Military,3,5.21
7111,2588,World,0,
7112,35064,World,0,19.99
7113,10512,World,0,14.99
7114,29307,Europe,4,28.42
7115,20586,Americas,1,26.95
7116,36389,Americas,1,
7117,41211,Military,3,8.95
7118,14611,Americas,1,29.95
7119,369,Americas,1,14.96
7120,34649,Americas,1,14.95
7121,31699,World,0,22.0
7122,40201,Americas,1,29.95
7123,25896,Americas,1,
7124,20846,World,0,19.95
7125,20817,Americas,1,
7126,17846,Americas,1,
7127,37190,Europe,4,
7128,15418,Americas,1,14.95
7129,12372,Americas,1,19.99
7130,20650,Americas,1,
7131,19639,Americas,1,17.05
7132,23637,Americas,1,
7133,32501,Historical Study & Educational Resources,9,8.17
7134,37845,World,0,15.11
7135,30978,Americas,1,22.95
7136,6399,World,0,7.98
7137,12628,Americas,1,21.43
7138,10323,Asia,2,42.21
7139,5165,World,0,16.95
7140,11474,Americas,1,18.5
7141,14137,Europe,4,
7142,11222,Americas,1,16.91
7143,38009,Military,3,23.73
7144,9648,World,0,
7145,28628,Americas,1,17.37
7146,13260,Americas,1,21.99
7147,4845,Americas,1,11.99
7148,5595,Americas,1,
7149,24558,World,0,8.95
7150,16168,Americas,1,9.73
7151,15415,Americas,1,8.94
7152,19217,Americas,1,31.95
7153,38931,Americas,1,
7154,31515,Africa,6,6.24
7155,1061,Americas,1,
7156,9282,World,0,11.6
7157,5384,Americas,1,
7158,9194,World,0,9.34
7159,27506,Americas,1,
7160,14658,Military,3,20.0
7161,11645,Americas,1,21.24
7162,40068,Americas,1,
7163,16031,Americas,1,40.0
7164,35917,Europe,4,
7165,16602,Historical Study & Educational Resources,9,
7166,31994,Military,3,44.5
7167,20356,Americas,1,24.3
7168,17008,Americas,1,19.95
7169,22807,Americas,1,
7170,697,Americas,1,
7171,8354,Americas,1,26.52
7172,20162,World,0,21.5
7173,4235,World,0,1.95
7174,17078,Americas,1,19.95
7175,37690,Military,3,18.95
7176,21993,Americas,1,20.66
7177,32597,World,0,15.98
7178,745,World,0,15.99
7179,1288,Americas,1,7.5
7180,39913,Americas,1,
7181,517,World,0,13.36
7182,40856,World,0,13.19
7183,25406,Military,3,31.95
7184,32761,Americas,1,12.95
7185,23951,Americas,1,10.0
7186,13927,Military,3,
7187,3128,Europe,4,
7188,28313,Americas,1,22.99
7189,2896,World,0,
7190,34683,Americas,1,29.25
7191,10968,Military,3,45.0
7192,6056,Middle East,8,
7193,36011,Americas,1,10.34
7194,20896,Australia & Oceania,10,13.41
7195,4341,Europe,4,
7196,37552,Europe,4,22.95
7197,38642,Military,3,14.94
7198,39312,Americas,1,11.5
7199,14406,Military,3,12.99
7200,5742,World,0,4.95
7201,30533,Americas,1,24.94
7202,12858,Americas,1,18.65
7203,17990,Americas,1,39.96
7204,28387,Americas,1,18.55
7205,1086,Americas,1,
7206,20988,World,0,12.99
7207,23206,Americas,1,11.67
7208,9398,World,0,12.94
7209,12623,Americas,1,17.39
7210,28217,Americas,1,14.86
7211,3298,Americas,1,17.78
7212,28724,Americas,1,
7213,35812,Americas,1,
7214,9451,Americas,1,27.9
7215,10347,Americas,1,8.34
7216,36529,Europe,4,
7217,8231,World,0,
7218,11275,Americas,1,17.33
7219,1717,World,0,
7220,3916,Americas,1,
7221,32929,Asia,2,20.39
7222,32185,Military,3,18.8
7223,7524,Americas,1,10.48
7224,17863,Americas,1,48.0
7225,7680,Americas,1,
7226,16764,World,0,
7227,17172,Military,3,24.95
7228,17847,Americas,1,29.93
7229,23160,World,0,
7230,37046,Europe,4,19.95
7231,34658,Americas,1,17.15
7232,37323,Military,3,
7233,39021,Americas,1,
7234,1448,Americas,1,20.0
7235,11032,Europe,4,20.87
7236,17244,World,0,14.95
7237,39481,Europe,4,5.93
7238,20730,Americas,1,23.24
7239,4342,Europe,4,17.97
7240,41171,Military,3,78.98
7241,39910,Americas,1,
7242,24190,Americas,1,8.23
7243,26320,Americas,1,16.67
7244,26238,Americas,1,19.59
7245,7266,Americas,1,7.99
7246,12586,Americas,1,21.99
7247,37300,Military,3,24.93
7248,14417,Americas,1,13.42
7249,6492,World,0,17.86
7250,17179,Americas,1,26.95
7251,4219,Americas,1,34.99
7252,10593,Europe,4,
7253,9273,World,0,9.95
7254,21794,Military,3,
7255,16921,Americas,1,19.95
7256,30494,Americas,1,20.0
7257,25823,Americas,1,28.36
7258,39661,Africa,6,19.18
7259,6904,Americas,1,32.94
7260,19378,Asia,2,65.0
7261,6062,Americas,1,17.74
7262,2658,World,0,
7263,33193,Americas,1,24.82
7264,22818,Military,3,
7265,25283,Americas,1,
7266,20687,World,0,25.44
7267,3707,Americas,1,
7268,19205,Americas,1,29.02
7269,21109,Americas,1,24.06
7270,31082,World,0,10.27
7271,21081,Americas,1,23.21
7272,21749,Ancient Civilizations,7,17.95
7273,7974,Americas,1,14.95
7274,34876,Americas,1,36.11
7275,28637,Americas,1,14.95
7276,2894,Americas,1,
7277,16338,Americas,1,
7278,26364,World,0,40.0
7279,21161,Americas,1,22.95
7280,31059,Americas,1,16.67
7281,23015,World,0,25.99
7282,6204,Europe,4,
7283,15965,World,0,27.0
7284,29191,Military,3,20.08
7285,39010,Military,3,12.5
7286,8410,Americas,1,
7287,38759,Military,3,42.0
7288,6528,Americas,1,39.95
7289,18904,Americas,1,
7290,38315,World,0,9.12
7291,30426,Europe,4,85.0
7292,8552,World,0,
7293,39315,Americas,1,19.95
7294,24610,Americas,1,13.5
7295,35921,Americas,1,19.95
7296,12124,Americas,1,13.95
7297,27815,Americas,1,19.95
7298,1204,Military,3,4.58
7299,6379,World,0,22.03
7300,23945,World,0,11.05
7301,9172,World,0,
7302,26114,Americas,1,12.99
7303,9211,World,0,27.26
7304,4322,Americas,1,
7305,3820,Americas,1,27.0
7306,3614,Europe,4,14.94
7307,33117,Americas,1,
7308,38412,Military,3,61.0
7309,10542,World,0,12.5
7310,19444,Military,3,
7311,15031,Military,3,42.88
7312,21945,World,0,
7313,37781,Europe,4,34.33
7314,9658,Americas,1,
7315,17476,Americas,1,
7316,37488,Military,3,15.95
7317,38483,Americas,1,19.08
7318,25865,World,0,
7319,9097,World,0,
7320,11149,Asia,2,9.89
7321,19914,Americas,1,
7322,37903,Ancient Civilizations,7,
7323,6948,World,0,19.99
7324,18036,Americas,1,
7325,20509,Americas,1,24.95
7326,28964,Americas,1,17.31
7327,34508,Americas,1,19.99
7328,38875,Americas,1,
7329,33918,Americas,1,20.56
7330,35657,Americas,1,21.99
7331,21010,Americas,1,
7332,3660,Europe,4,45.36
7333,35682,Americas,1,
7334,6225,Americas,1,5.98
7335,18701,Americas,1,14.9
7336,23342,World,0,4.99
7337,5916,Military,3,13.91
7338,29541,World,0,5.99
7339,16852,World,0,14.69
7340,5490,Americas,1,3.0
7341,20001,Europe,4,17.99
7342,14173,Asia,2,
7343,39118,Europe,4,
7344,8140,Americas,1,
7345,37450,Asia,2,18.95
7346,37507,Military,3,18.62
7347,30238,World,0,9.99
7348,10926,Military,3,34.99
7349,1496,Americas,1,15.0
7350,26921,World,0,
7351,7706,Europe,4,
7352,3863,World,0,
7353,22876,Americas,1,10.15
7354,19301,Americas,1,53.93
7355,21726,Military,3,
7356,17353,Americas,1,
7357,20532,Americas,1,29.95
7358,28035,Americas,1,19.79
7359,37768,Americas,1,13.07
7360,12451,Americas,1,20.38
7361,23523,World,0,5.98
7362,24296,World,0,14.0
7363,37267,Military,3,29.1
7364,10406,Americas,1,
7365,12774,Americas,1,21.99
7366,35152,Americas,1,29.95
7367,36997,Military,3,17.6
7368,10424,Americas,1,29.65
7369,20693,World,0,27.95
7370,5026,World,0,13.39
7371,29937,Americas,1,15.94
7372,1248,Europe,4,16.95
7373,33884,Military,3,23.77
7374,7638,Ancient Civilizations,7,15.95
7375,39405,Americas,1,
7376,37377,Europe,4,17.37
7377,20053,World,0,
7378,40366,Americas,1,18.74
7379,18532,Americas,1,47.5
7380,19926,Americas,1,89.0
7381,11990,Americas,1,21.99
7382,13059,Americas,1,21.99
7383,31620,Americas,1,53.98
7384,20820,Americas,1,
7385,13643,Americas,1,
7386,40183,Americas,1,31.45
7387,11128,World,0,
7388,19284,Military,3,3.94
7389,38949,Americas,1,22.56
7390,5371,Military,3,11.25
7391,8188,Europe,4,8.39
7392,41220,World,0,28.6
7393,7229,Americas,1,
7394,6388,Europe,4,41.07
7395,21356,World,0,4.99
7396,33868,World,0,7.98
7397,20562,Americas,1,21.88
7398,30262,Americas,1,12.0
7399,32569,World,0,
7400,33942,Americas,1,16.98
7401,15631,World,0,16.16
7402,30603,Americas,1,23.82
7403,31256,World,0,44.0
7404,23066,Americas,1,9.77
7405,14412,Europe,4,8.89
7406,32809,World,0,17.37
7407,26843,Americas,1,
7408,29137,Americas,1,17.27
7409,8326,Americas,1,24.95
7410,35044,Americas,1,26.0
7411,279,Americas,1,
7412,12030,Americas,1,21.99
7413,36687,Europe,4,18.95
7414,15466,World,0,
7415,36372,Military,3,
7416,25944,Asia,2,
7417,31288,Americas,1,17.5
7418,30801,Americas,1,
7419,20303,Americas,1,
7420,22055,World,0,40.8
7421,16298,Americas,1,26.41
7422,2305,Europe,4,
7423,23307,World,0,
7424,2350,World,0,11.87
7425,40422,Americas,1,
7426,21063,Americas,1,12.73
7427,3155,World,0,
7428,12005,Americas,1,21.99
7429,35026,Americas,1,20.55
7430,33494,Americas,1,21.63
7431,34514,Americas,1,17.99
7432,31502,Americas,1,23.97
7433,27842,Americas,1,
7434,40735,Americas,1,
7435,39446,Americas,1,
7436,36466,Americas,1,29.6
7437,31738,Americas,1,12.49
7438,33412,Americas,1,19.99
7439,24612,Americas,1,
7440,37756,Europe,4,18.95
7441,39238,Americas,1,12.95
7442,40948,World,0,
7443,12064,Americas,1,21.99
7444,7600,Americas,1,
7445,36152,Military,3,11.14
7446,16657,Asia,2,
7447,9736,Americas,1,
7448,17702,Americas,1,39.99
7449,39094,Ancient Civilizations,7,24.24
7450,40217,World,0,29.95
7451,21978,Military,3,29.07
7452,36241,Military,3,13.67
7453,38986,Americas,1,
7454,3068,World,0,54.99
7455,14240,Europe,4,11.48
7456,17746,Americas,1,
7457,5780,World,0,15.57
7458,18729,Europe,4,30.94
7459,1758,World,0,
7460,8790,Americas,1,17.67
7461,11592,Americas,1,16.71
7462,26770,Europe,4,13.78
7463,2754,World,0,34.09
7464,26846,Americas,1,25.0
7465,7149,Americas,1,
7466,41484,Military,3,19.99
7467,12983,Americas,1,18.82
7468,40239,Americas,1,9.9
7469,10854,Americas,1,55.0
7470,9647,Americas,1,
7471,10595,Military,3,19.95
7472,34429,Americas,1,19.99
7473,24419,Americas,1,
7474,5821,World,0,16.88
7475,34572,Americas,1,
7476,11839,Americas,1,21.99
7477,34300,Americas,1,19.99
7478,3703,Middle East,8,16.55
7479,41119,Americas,1,
7480,35120,Americas,1,9.99
7481,21701,Military,3,
7482,35875,World,0,12.35
7483,13455,Americas,1,18.65
7484,22256,Americas,1,23.21
7485,1575,Americas,1,14.58
7486,12276,Americas,1,18.56
7487,26792,Americas,1,29.95
7488,26176,World,0,15.0
7489,20210,Military,3,12.95
7490,36905,Americas,1,14.65
7491,5341,World,0,
7492,6865,Americas,1,7.58
7493,39645,Americas,1,19.63
7494,30938,Americas,1,26.75
7495,23589,Europe,4,24.95
7496,37447,Europe,4,16.99
7497,27849,Asia,2,14.99
7498,27108,Military,3,32.95
7499,28950,Americas,1,17.21
7500,8925,Americas,1,
7501,25325,World,0,16.95
7502,10657,Americas,1,16.0
7503,32823,Military,3,29.96
7504,3585,Americas,1,8.8
7505,32797,Asia,2,4.97
7506,1227,Military,3,37.0
7507,25149,Americas,1,3.02
7508,35712,World,0,8.92
7509,9285,World,0,9.94
7510,37834,Military,3,14.93
7511,32484,Military,3,
7512,26449,Americas,1,22.93
7513,11011,Europe,4,14.99
7514,23234,Americas,1,34.24
7515,29473,World,0,
7516,2960,Europe,4,
7517,19719,Americas,1,
7518,5657,Africa,6,13.57
7519,25399,Americas,1,16.94
7520,33963,Americas,1,30.07
7521,33230,World,0,44.08
7522,25217,Americas,1,10.19
7523,7555,Americas,1,15.93
7524,29490,Military,3,17.5
7525,3914,Americas,1,
7526,20481,Americas,1,21.5
7527,20060,Americas,1,
7528,41471,Military,3,17.18
7529,38653,Africa,6,26.5
7530,15895,Americas,1,49.99
7531,7327,Military,3,
7532,1181,Americas,1,
7533,6863,Americas,1,22.23
7534,36143,Americas,1,15.81
7535,4428,World,0,27.96
7536,1433,Europe,4,13.45
7537,9889,Americas,1,36.72
7538,20342,Americas,1,
7539,33100,World,0,
7540,9263,World,0,21.8
7541,39669,Americas,1,19.95
7542,40737,Americas,1,49.99
7543,4292,Americas,1,21.83
7544,32310,Middle East,8,3.48
7545,37943,Europe,4,15.95
7546,21981,Military,3,35.96
7547,8568,Americas,1,
7548,15747,Americas,1,35.0
7549,2879,Military,3,15.35
7550,14844,Americas,1,14.26
7551,18221,Europe,4,34.3
7552,14647,Americas,1,29.95
7553,5940,Americas,1,
7554,31341,Africa,6,
7555,39358,Americas,1,16.95
7556,15364,World,0,36.95
7557,30879,Military,3,
7558,10153,Americas,1,16.41
7559,9205,World,0,24.38
7560,1904,Americas,1,42.89
7561,35218,World,0,25.45
7562,1197,Americas,1,17.0
7563,758,Americas,1,13.45
7564,14443,Americas,1,13.35
7565,4660,Europe,4,14.85
7566,25664,Europe,4,12.95
7567,5579,Europe,4,
7568,17235,World,0,17.0
7569,39211,Europe,4,16.95
7570,13247,Americas,1,18.3
7571,26908,World,0,
7572,14446,Americas,1,39.77
7573,4699,Americas,1,29.16
7574,22167,Americas,1,73.57
7575,34665,Americas,1,
7576,31549,World,0,33.26
7577,19306,Americas,1,9.5
7578,38535,Ancient Civilizations,7,15.95
7579,20826,Americas,1,
7580,5356,Americas,1,10.89
7581,29130,Americas,1,16.32
7582,12831,Americas,1,21.99
7583,38402,Military,3,29.95
7584,25023,Americas,1,
7585,38251,Military,3,17.95
7586,18884,Europe,4,17.56
7587,37020,Military,3,17.95
7588,8442,World,0,
7589,15260,Americas,1,
7590,21572,Middle East,8,
7591,1182,Europe,4,17.6
7592,3197,Americas,1,16.9
7593,26223,Asia,2,26.5
7594,23491,Americas,1,
7595,21155,Americas,1,34.95
7596,41357,Americas,1,12.91
7597,11259,Americas,1,20.99
7598,3189,World,0,4.65
7599,35226,Americas,1,27.82
7600,1500,Europe,4,11.15
7601,2142,Americas,1,
7602,36663,Military,3,14.76
7603,31665,Asia,2,
7604,9932,Americas,1,21.0
7605,7003,Americas,1,
7606,21355,World,0,44.95
7607,31260,World,0,69.0
7608,37978,Asia,2,24.99
7609,3850,Americas,1,28.0
7610,38537,Military,3,22.95
7611,2847,World,0,
7612,1147,Europe,4,
7613,27809,Americas,1,24.95
7614,14121,Military,3,33.42
7615,24434,World,0,38.99
7616,13834,Americas,1,12.35
7617,24625,Americas,1,
7618,21888,Military,3,5.69
7619,37185,Military,3,
7620,39068,Americas,1,27.95
7621,9549,World,0,
7622,6889,Americas,1,
7623,22411,Americas,1,25.89
7624,36165,Europe,4,18.93
7625,32820,World,0,29.99
7626,32166,Americas,1,29.99
7627,15718,World,0,
7628,22987,Americas,1,18.51
7629,13008,Americas,1,21.99
7630,13604,Americas,1,21.99
7631,41491,Americas,1,27.45
7632,18523,Americas,1,
7633,41410,Europe,4,11.29
7634,26720,Americas,1,
7635,27822,Ancient Civilizations,7,17.99
7636,1741,Americas,1,
7637,22970,Americas,1,49.5
7638,36782,Americas,1,
7639,26791,Americas,1,
7640,25809,Americas,1,17.95
7641,11072,Australia & Oceania,10,
7642,6911,Americas,1,14.95
7643,31407,Americas,1,9.95
7644,15209,Americas,1,49.95
7645,27461,Americas,1,
7646,6936,Europe,4,
7647,24966,Military,3,14.95
7648,17724,Americas,1,14.99
7649,8908,World,0,
7650,28051,Americas,1,21.99
7651,2854,World,0,35.95
7652,40765,Military,3,
7653,15170,Americas,1,
7654,16089,Europe,4,
7655,13290,Americas,1,20.38
7656,12144,Americas,1,17.39
7657,13827,Americas,1,
7658,13032,Americas,1,19.79
7659,19857,Americas,1,
7660,22734,Americas,1,6.0
7661,21500,Asia,2,20.52
7662,4921,Americas,1,28.44
7663,14474,Americas,1,
7664,8037,Americas,1,
7665,14998,Military,3,28.75
7666,14680,Americas,1,16.44
7667,29821,World,0,7.95
7668,8013,Americas,1,9.54
7669,24749,Americas,1,
7670,8618,World,0,
7671,25083,World,0,20.72
7672,3451,Americas,1,
7673,36000,Military,3,22.08
7674,13370,Americas,1,20.87
7675,26596,Americas,1,14.99
7676,40694,Americas,1,
7677,30402,Africa,6,21.95
7678,7811,Americas,1,9.89
7679,40007,Historical Study & Educational Resources,9,18.95
7680,28262,Americas,1,18.77
7681,20634,Americas,1,
7682,8961,World,0,
7683,34988,World,0,16.27
7684,17160,Americas,1,17.05
7685,4253,Americas,1,20.7
7686,2053,Americas,1,
7687,19821,Americas,1,24.0
7688,26749,World,0,15.58
7689,34517,Americas,1,19.99
7690,32010,World,0,49.95
7691,10984,Americas,1,23.04
7692,40406,Americas,1,25.7
7693,3592,Americas,1,35.0
7694,13670,World,0,92.0
7695,35785,Americas,1,16.99
7696,34784,Military,3,20.84
7697,34076,Americas,1,24.25
7698,2617,World,0,
7699,38734,Military,3,26.89
7700,37882,Ancient Civilizations,7,31.53
7701,37835,World,0,
7702,24553,World,0,9.95
7703,31185,Americas,1,14.95
7704,34511,Americas,1,19.3
7705,9604,Americas,1,
7706,11153,Military,3,25.5
7707,31519,Military,3,39.59
7708,29198,Military,3,20.4
7709,24775,Americas,1,
7710,22969,Americas,1,
7711,13061,Americas,1,21.99
7712,14384,Military,3,8.07
7713,8139,World,0,
7714,21220,Americas,1,34.95
7715,31664,World,0,18.5
7716,13459,Americas,1,21.99
7717,38926,Americas,1,8.46
7718,17083,Americas,1,3.99
7719,36669,Ancient Civilizations,7,16.79
7720,37559,Asia,2,18.68
7721,40393,Americas,1,16.37
7722,21853,Military,3,
7723,34595,Americas,1,40.0
7724,11097,World,0,2.78
7725,10436,World,0,
7726,19012,Americas,1,
7727,6527,Military,3,42.99
7728,25844,Military,3,9.25
7729,25099,Military,3,40.96
7730,12384,Americas,1,21.65
7731,19658,Americas,1,
7732,2239,World,0,
7733,19248,Americas,1,16.96
7734,14572,Europe,4,9.95
7735,12681,Americas,1,21.99
7736,5078,Americas,1,11.25
7737,6262,Americas,1,19.95
7738,41401,Middle East,8,12.89
7739,18204,Americas,1,17.4
7740,2071,World,0,
7741,6197,Americas,1,
7742,7969,Americas,1,
7743,30414,Americas,1,24.55
7744,32709,Americas,1,15.72
7745,3296,World,0,32.0
7746,38033,Military,3,12.59
7747,3202,Europe,4,
7748,2034,World,0,26.97
7749,10557,World,0,13.73
7750,9162,World,0,
7751,264,Europe,4,78.78
7752,15724,Ancient Civilizations,7,9.38
7753,17490,Americas,1,
7754,26611,Europe,4,
7755,13637,Americas,1,21.62
7756,26216,Americas,1,39.95
7757,28662,Americas,1,5.5
7758,38173,Europe,4,17.95
7759,27834,Americas,1,19.99
7760,30290,Europe,4,22.87
7761,39856,Americas,1,
7762,29996,Americas,1,10.99
7763,3481,Americas,1,
7764,7947,Americas,1,
7765,6585,Americas,1,
7766,11306,Americas,1,15.5
7767,40664,Middle East,8,31.69
7768,18754,Americas,1,10.95
7769,15516,World,0,5.99
7770,22661,Americas,1,9.07
7771,741,World,0,14.13
7772,6354,World,0,13.98
7773,22073,Americas,1,50.0
7774,10092,Americas,1,22.06
7775,4641,Americas,1,35.0
7776,6244,Middle East,8,6.38
7777,11812,Americas,1,13.91
7778,16718,World,0,6.75
7779,11126,Europe,4,
7780,12642,Americas,1,18.01
7781,850,Americas,1,15.37
7782,10012,Americas,1,18.99
7783,24470,Americas,1,30.0
7784,26607,Americas,1,24.09
7785,35711,World,0,21.35
7786,21717,Military,3,17.95
7787,25340,Americas,1,
7788,1719,World,0,
7789,38879,Military,3,70.0
7790,11642,Americas,1,17.39
7791,3053,World,0,13.65
7792,16699,Military,3,
7793,24623,Historical Study & Educational Resources,9,
7794,31765,Military,3,
7795,6860,Americas,1,
7796,35638,Americas,1,15.93
7797,31674,World,0,
7798,35456,Americas,1,14.65
7799,1097,Americas,1,
7800,7119,World,0,
7801,32691,Americas,1,23.95
7802,29727,Americas,1,15.36
7803,4483,Europe,4,28.8
7804,13660,Americas,1,33.59
7805,4805,Americas,1,23.64
7806,4900,Americas,1,6.98
7807,29981,Americas,1,24.95
7808,27947,Asia,2,17.0
7809,7117,World,0,
7810,6216,Americas,1,14.31
7811,25084,Military,3,4.95
7812,37830,Europe,4,8.16
7813,8723,Americas,1,44.9
7814,12593,Americas,1,21.99
7815,28887,Europe,4,10.78
7816,41291,Military,3,59.99
7817,32950,Military,3,20.23
7818,14710,Military,3,
7819,30121,Military,3,25.5
7820,37463,Military,3,25.95
7821,13104,Americas,1,21.99
7822,30891,Americas,1,
7823,15832,Americas,1,18.18
7824,22975,World,0,15.95
7825,12038,Americas,1,18.48
7826,29054,Europe,4,8.28
7827,12216,Americas,1,18.21
7828,14221,Americas,1,
7829,39812,Americas,1,14.95
7830,22527,Americas,1,22.5
7831,35003,World,0,20.36
7832,22961,Americas,1,19.83
7833,9207,World,0,
7834,6053,Asia,2,5.53
7835,7945,Ancient Civilizations,7,
7836,9254,World,0,
7837,6746,Historical Study & Educational Resources,9,18.6
7838,13035,Americas,1,21.99
7839,18619,Europe,4,17.57
7840,39007,Americas,1,
7841,196,Asia,2,12.01
7842,14865,World,0,23.0
7843,26612,Americas,1,14.29
7844,18233,Middle East,8,9.07
7845,21891,Europe,4,5.16
7846,18059,Americas,1,35.0
7847,5264,Americas,1,32.9
7848,17819,Americas,1,31.38
7849,30769,Americas,1,18.08
7850,4335,Americas,1,23.75
7851,8565,Ancient Civilizations,7,36.57
7852,9856,World,0,
7853,15593,World,0,13.74
7854,26717,Americas,1,
7855,23879,Americas,1,
7856,33474,Americas,1,13.04
7857,4707,Europe,4,36.69
7858,26229,Americas,1,19.95
7859,14076,Americas,1,
7860,8439,Historical Study & Educational Resources,9,
7861,26458,Europe,4,11.05
7862,34638,Americas,1,35.96
7863,21840,Americas,1,28.93
7864,21528,Americas,1,
7865,13701,Asia,2,24.96
7866,27247,World,0,11.14
7867,120,Military,3,27.99
7868,9183,Ancient Civilizations,7,19.96
7869,4634,Ancient Civilizations,7,35.49
7870,36138,Europe,4,22.4
7871,18564,Americas,1,
7872,7438,Military,3,10.87
7873,21674,Military,3,30.31
7874,32132,Military,3,14.75
7875,7738,World,0,
7876,6879,Europe,4,25.0
7877,34241,Americas,1,19.99
7878,37195,World,0,9.15
7879,33619,Americas,1,35.77
7880,26891,Americas,1,
7881,19220,Americas,1,13.76
7882,4592,Americas,1,
7883,28929,Americas,1,18.94
7884,32193,Americas,1,76.5
7885,41418,Military,3,52.44
7886,28058,Americas,1,21.99
7887,9562,Americas,1,
7888,30324,Americas,1,21.0
7889,14983,Military,3,6.89
7890,31067,Americas,1,14.95
7891,18894,Ancient Civilizations,7,17.56
7892,32870,Military,3,19.0
7893,37203,World,0,25.99
7894,40343,World,0,9.95
7895,33466,Americas,1,19.99
7896,15922,Americas,1,30.55
7897,33153,Americas,1,25.0
7898,21434,World,0,8.29
7899,6149,Americas,1,18.94
7900,8561,Americas,1,
7901,16796,Americas,1,8.72
7902,41053,Americas,1,58.98
7903,22881,Americas,1,29.95
7904,5746,Military,3,
7905,14490,Americas,1,
7906,31167,Americas,1,13.0
7907,30583,Military,3,9.97
7908,6596,Americas,1,22.54
7909,8337,Military,3,
7910,21771,Americas,1,
7911,18365,Europe,4,
7912,14293,Americas,1,43.47
7913,37921,Military,3,
7914,39002,Americas,1,
7915,41076,Americas,1,63.98
7916,32719,Americas,1,24.95
7917,32976,Americas,1,20.95
7918,35282,Americas,1,
7919,22012,World,0,8.77
7920,6272,Middle East,8,
7921,37498,Military,3,19.95
7922,4579,Military,3,
7923,39807,Military,3,19.18
7924,10383,World,0,45.0
7925,22220,Americas,1,18.95
7926,14927,World,0,0.01
7927,37518,Ancient Civilizations,7,18.95
7928,7821,Americas,1,17.41
7929,960,World,0,
7930,26937,World,0,71.86
7931,30452,Americas,1,14.99
7932,6000,World,0,16.99
7933,181,Military,3,19.31
7934,19424,World,0,33.07
7935,8122,Americas,1,
7936,23271,Americas,1,
7937,4028,Americas,1,35.6
7938,8475,Europe,4,
7939,3645,Americas,1,19.95
7940,26883,Americas,1,
7941,33357,Americas,1,21.99
7942,16104,Americas,1,14.86
7943,19150,Americas,1,15.53
7944,40184,Americas,1,
7945,5890,Americas,1,17.65
7946,11180,Americas,1,21.99
7947,32860,Military,3,49.95
7948,10035,World,0,13.37
7949,24954,Americas,1,21.92
7950,16900,Americas,1,12.9
7951,36382,Military,3,24.91
7952,9025,World,0,14.95
7953,14427,Military,3,32.99
7954,5975,Americas,1,22.98
7955,8510,Europe,4,55.71
7956,38231,Military,3,9.5
7957,5140,World,0,14.72
7958,34071,Americas,1,34.79
7959,14856,Americas,1,14.86
7960,40120,Americas,1,
7961,9861,Americas,1,
7962,19749,World,0,31.98
7963,37336,Europe,4,
7964,41414,Americas,1,7.89
7965,40750,Military,3,28.02
7966,23494,Americas,1,
7967,25429,Americas,1,
7968,28664,Americas,1,9.99
7969,33735,Military,3,35.96
7970,13822,Americas,1,11.59
7971,13542,Americas,1,21.99
7972,22996,Americas,1,15.95
7973,15621,World,0,
7974,34288,Americas,1,19.99
7975,4480,World,0,
7976,30179,Americas,1,
7977,25647,Americas,1,40.17
7978,6264,Americas,1,24.95
7979,13655,Military,3,22.46
7980,9291,Americas,1,66.85
7981,7594,Asia,2,27.19
7982,17470,Americas,1,34.87
7983,17318,World,0,18.0
7984,35290,Americas,1,26.95
7985,34676,Americas,1,26.86
7986,6814,Americas,1,12.17
7987,1377,Americas,1,45.55
7988,21805,Military,3,12.7
7989,5298,Americas,1,39.0
7990,38966,Asia,2,
7991,27149,Americas,1,49.95
7992,6725,World,0,18.32
7993,30970,Africa,6,24.95
7994,26873,Americas,1,19.95
7995,2987,Americas,1,
7996,24674,Americas,1,17.95
7997,7827,Americas,1,21.32
7998,4420,Americas,1,22.45
7999,19295,Americas,1,
8000,32704,Americas,1,
8001,23517,Europe,4,10.98
8002,15910,Americas,1,69.27
8003,13005,Americas,1,19.79
8004,22323,Military,3,11.75
8005,11911,Americas,1,17.97
8006,16690,Military,3,
8007,11487,Americas,1,17.39
8008,134,Americas,1,
8009,24184,Americas,1,92.15
8010,19077,World,0,16.81
8011,2548,World,0,
8012,19678,Americas,1,24.99
8013,12945,Americas,1,21.99
8014,4227,World,0,
8015,26912,Europe,4,
8016,32716,Americas,1,24.95
8017,3406,Americas,1,25.2
8018,7323,Europe,4,7.31
8019,15393,Americas,1,24.25
8020,16612,Europe,4,17.1
8021,5557,Military,3,
8022,36603,Europe,4,
8023,22635,Ancient Civilizations,7,17.1
8024,10648,Americas,1,39.01
8025,37189,Europe,4,
8026,6597,World,0,
8027,18076,World,0,
8028,3211,World,0,
8029,4057,Americas,1,19.37
8030,34712,World,0,23.95
8031,25562,Europe,4,
8032,20260,Americas,1,
8033,4430,Americas,1,
8034,40124,Americas,1,
8035,37049,Military,3,17.95
8036,10996,Asia,2,26.97
8037,18068,Americas,1,30.0
8038,3165,World,0,
8039,20218,Americas,1,25.0
8040,14314,Americas,1,
8041,10017,Americas,1,17.95
8042,39421,Americas,1,15.16
8043,40112,Americas,1,
8044,27591,World,0,14.99
8045,9237,World,0,22.07
8046,18470,Americas,1,26.01
8047,26748,Ancient Civilizations,7,
8048,24505,Americas,1,
8049,8111,Americas,1,99.29
8050,3923,Europe,4,
8051,10650,Americas,1,20.0
8052,34298,Americas,1,19.99
8053,33911,Military,3,10.77
8054,13363,Americas,1,21.99
8055,3905,Americas,1,
8056,5824,World,0,14.99
8057,32652,Americas,1,9.08
8058,26890,World,0,
8059,25992,Americas,1,19.95
8060,38426,Americas,1,17.95
8061,15505,World,0,19.0
8062,24971,Americas,1,
8063,16620,Asia,2,12.84
8064,12241,Americas,1,21.99
8065,23748,Americas,1,14.62
8066,41097,Military,3,64.28
8067,29897,Africa,6,19.99
8068,34603,Americas,1,29.99
8069,28652,Americas,1,14.95
8070,24192,World,0,
8071,33145,Americas,1,13.52
8072,26444,Americas,1,20.36
8073,24120,Military,3,39.99
8074,35069,Americas,1,32.94
8075,23690,Americas,1,9.47
8076,18868,Americas,1,
8077,8413,Americas,1,
8078,40867,Europe,4,14.96
8079,8726,World,0,
8080,25282,Americas,1,11.5
8081,24719,Americas,1,
8082,2848,Americas,1,
8083,39842,Military,3,8.09
8084,10880,Americas,1,
8085,37863,Military,3,28.15
8086,2799,Americas,1,
8087,29870,World,0,27.0
8088,20956,Americas,1,19.99
8089,24559,World,0,7.95
8090,20016,World,0,
8091,12169,Americas,1,21.99
8092,22507,Americas,1,19.95
8093,37130,Ancient Civilizations,7,18.95
8094,4396,Americas,1,23.87
8095,37340,Americas,1,16.97
8096,38171,Military,3,27.73
8097,4538,Americas,1,54.95
8098,27359,Military,3,12.29
8099,20024,World,0,33.94
8100,25871,Americas,1,15.95
8101,17784,Americas,1,
8102,35105,Americas,1,17.68
8103,2955,Americas,1,
8104,37348,World,0,17.95
8105,12324,Americas,1,
8106,39924,Military,3,19.95
8107,40691,World,0,53.0
8108,33076,Africa,6,
8109,8976,Americas,1,35.16
8110,6978,Military,3,19.1
8111,1390,Military,3,13.65
8112,1039,World,0,35.09
8113,22125,Americas,1,
8114,31460,Americas,1,22.26
8115,7419,Americas,1,14.51
8116,10732,Americas,1,26.95
8117,8006,Military,3,7.49
8118,5976,Americas,1,15.4
8119,36732,Military,3,23.73
8120,1896,Americas,1,
8121,13259,Americas,1,21.99
8122,12594,Americas,1,19.79
8123,23143,Americas,1,31.0
8124,31163,Americas,1,30.26
8125,31784,Americas,1,20.35
8126,8047,Europe,4,
8127,18794,Americas,1,10.95
8128,35823,Americas,1,11.52
8129,13752,Americas,1,
8130,31603,Americas,1,
8131,25421,Americas,1,13.5
8132,1318,Europe,4,12.58
8133,23573,Americas,1,
8134,39426,Americas,1,26.04
8135,21443,World,0,15.24
8136,38338,Europe,4,55.7
8137,2676,World,0,
8138,3945,Americas,1,
8139,5068,World,0,15.34
8140,19737,World,0,19.95
8141,12702,Americas,1,20.7
8142,10365,Americas,1,
8143,19827,Americas,1,
8144,27949,Americas,1,17.19
8145,32641,Military,3,16.98
8146,27171,Americas,1,23.02
8147,13399,Americas,1,21.99
8148,3541,Americas,1,27.26
8149,7191,Americas,1,
8150,35707,World,0,32.0
8151,24953,World,0,19.99
8152,4469,Europe,4,52.98
8153,8200,Americas,1,38.9
8154,36190,Military,3,26.57
8155,33288,Americas,1,24.83
8156,19016,Americas,1,50.26
8157,25369,Americas,1,14.5
8158,13413,Americas,1,21.99
8159,22602,World,0,20.5
8160,37368,World,0,10.0
8161,17759,Americas,1,
8162,32260,World,0,169.95
8163,39774,Europe,4,17.91
8164,33093,Americas,1,24.95
8165,10369,World,0,14.8
8166,13226,Americas,1,19.79
8167,24313,Americas,1,
8168,7581,Americas,1,
8169,3839,World,0,35.0
8170,21241,Americas,1,20.7
8171,34340,Americas,1,19.99
8172,15345,World,0,33.0
8173,2310,World,0,
8174,37457,Military,3,19.95
8175,17717,Americas,1,
8176,37993,Europe,4,22.46
8177,28045,Americas,1,18.56
8178,37542,Military,3,17.75
8179,3673,Americas,1,10.98
8180,22177,World,0,2.95
8181,2457,World,0,
8182,6253,Americas,1,10.0
8183,34959,Americas,1,10.17
8184,34951,Americas,1,
8185,18464,Americas,1,
8186,10735,Military,3,
8187,26710,Americas,1,
8188,30247,Europe,4,11.95
8189,30779,Asia,2,
8190,5879,Africa,6,
8191,34216,Americas,1,18.04
8192,11081,Military,3,
8193,12377,Americas,1,21.99
8194,25449,Americas,1,
8195,20686,Americas,1,
8196,28219,Americas,1,17.48
8197,26100,Military,3,
8198,38220,Europe,4,20.8
8199,623,World,0,15.99
8200,26965,Americas,1,
8201,37110,Military,3,18.95
8202,17703,Americas,1,
8203,36088,Asia,2,15.67
8204,36800,Military,3,22.95
8205,34759,Europe,4,19.5
8206,6604,Military,3,29.95
8207,10050,Military,3,24.75
8208,38073,Europe,4,18.77
8209,40350,Americas,1,16.63
8210,1296,Americas,1,14.06
8211,25779,Americas,1,24.95
8212,14712,Military,3,69.99
8213,20021,Americas,1,
8214,17280,World,0,13.53
8215,586,Asia,2,15.95
8216,38712,Europe,4,14.28
8217,4667,World,0,15.0
8218,29266,Africa,6,23.18
8219,1026,Europe,4,36.95
8220,2578,Europe,4,48.97
8221,35604,Americas,1,19.99
8222,18411,Europe,4,
8223,31867,World,0,14.5
8224,20216,Americas,1,
8225,32280,Americas,1,11.45
8226,6018,Historical Study & Educational Resources,9,11.95
8227,16902,Americas,1,18.59
8228,31123,Americas,1,15.95
8229,5740,Americas,1,12.0
8230,22914,Americas,1,49.0
8231,25533,World,0,24.95
8232,2091,World,0,
8233,32291,Americas,1,22.48
8234,13263,Americas,1,19.79
8235,27085,Middle East,8,23.99
8236,5336,Europe,4,
8237,4717,Asia,2,13.92
8238,14657,Americas,1,16.99
8239,14812,Americas,1,
8240,29533,Americas,1,22.72
8241,31680,Americas,1,
8242,23635,Europe,4,26.87
8243,40672,Europe,4,19.69
8244,39377,Americas,1,
8245,17844,Americas,1,
8246,32283,Americas,1,21.92
8247,32897,Military,3,26.94
8248,23390,Americas,1,22.31
8249,12799,Americas,1,21.99
8250,31314,World,0,
8251,35560,Americas,1,15.94
8252,23062,Americas,1,22.1
8253,24693,Africa,6,
8254,8501,World,0,
8255,28395,Americas,1,20.38
8256,30377,Africa,6,17.95
8257,33664,Americas,1,18.0
8258,14654,Americas,1,29.99
8259,16773,Americas,1,9.5
8260,25866,Americas,1,34.99
8261,13525,Americas,1,21.99
8262,6666,World,0,5.22
8263,39578,World,0,
8264,33835,Americas,1,22.74
8265,9682,Asia,2,26.56
8266,29364,Americas,1,
8267,18795,Americas,1,4.77
8268,27642,Americas,1,9.95
8269,5394,Asia,2,17.33
8270,27706,Americas,1,25.03
8271,40614,Europe,4,17.78
8272,1564,Americas,1,13.88
8273,17102,Americas,1,
8274,9370,Americas,1,13.59
8275,31091,World,0,36.03
8276,13373,Americas,1,18.56
8277,34471,Americas,1,21.99
8278,23744,Americas,1,17.95
8279,26218,World,0,14.95
8280,16064,Americas,1,45.0
8281,31861,Americas,1,9.95
8282,33192,Americas,1,42.05
8283,21212,Americas,1,29.95
8284,34860,Military,3,22.06
8285,39676,Africa,6,14.99
8286,23189,World,0,
8287,39529,Europe,4,18.56
8288,13800,World,0,
8289,26626,Americas,1,19.54
8290,7268,Military,3,
8291,29431,Americas,1,13.91
8292,2001,Americas,1,
8293,37557,Historical Study & Educational Resources,9,18.95
8294,24725,Americas,1,
8295,38713,Asia,2,22.0
8296,7753,Americas,1,32.42
8297,19113,Americas,1,27.5
8298,32205,Americas,1,15.95
8299,4981,Middle East,8,
8300,8901,World,0,
8301,2900,World,0,
8302,33658,Americas,1,
8303,23186,Americas,1,20.2
8304,17048,Americas,1,19.95
8305,40898,Asia,2,25.28
8306,37974,Europe,4,13.82
8307,27989,Americas,1,19.92
8308,41240,World,0,
8309,1387,Europe,4,11.46
8310,18339,Americas,1,
8311,40214,Military,3,28.95
8312,14045,World,0,
8313,6778,Americas,1,16.94
8314,7285,Military,3,
8315,25047,Americas,1,23.0
8316,27254,Americas,1,26.22
8317,1815,World,0,
8318,14458,Americas,1,7.95
8319,139,World,0,34.95
8320,8745,Europe,4,11.6
8321,20326,Americas,1,5.99
8322,31231,Americas,1,22.0
8323,38085,Military,3,51.48
8324,14545,Americas,1,19.95
8325,31172,Americas,1,12.95
8326,13143,Americas,1,14.48
8327,24075,Americas,1,
8328,25320,Americas,1,9.89
8329,13148,Americas,1,21.99
8330,16822,Americas,1,38.42
8331,18885,Americas,1,
8332,39930,World,0,16.95
8333,23348,Americas,1,
8334,10669,Americas,1,
8335,30398,Ancient Civilizations,7,9.95
8336,6580,Military,3,11.98
8337,24836,Americas,1,
8338,22774,Americas,1,4.95
8339,23623,Europe,4,35.0
8340,5686,Military,3,11.64
8341,1794,World,0,
8342,30642,Americas,1,22.36
8343,12560,Americas,1,21.99
8344,36926,Ancient Civilizations,7,13.01
8345,6311,Americas,1,22.29
8346,6199,Military,3,
8347,32187,Americas,1,18.95
8348,13863,Americas,1,24.0
8349,4620,World,0,47.7
8350,7643,Americas,1,15.17
8351,37095,Military,3,17.44
8352,13320,Americas,1,21.99
8353,35951,Americas,1,
8354,11897,Americas,1,21.99
8355,16281,World,0,22.3
8356,37310,Military,3,31.49
8357,13308,Americas,1,21.99
8358,31353,World,0,22.47
8359,22979,Americas,1,
8360,1613,World,0,12.56
8361,13400,Americas,1,19.41
8362,6169,Americas,1,
8363,119,Americas,1,14.38
8364,28534,Americas,1,12.95
8365,16752,Military,3,7.78
8366,18650,Asia,2,18.95
8367,19518,Americas,1,31.42
8368,2041,Americas,1,
8369,18611,Europe,4,18.95
8370,36969,Military,3,9.48
8371,14054,Military,3,32.4
8372,26209,Americas,1,19.95
8373,31809,Americas,1,
8374,12994,Americas,1,17.39
8375,18587,Americas,1,
8376,5764,Americas,1,
8377,19707,Americas,1,32.99
8378,18183,Americas,1,
8379,33305,Americas,1,
8380,20377,Americas,1,
8381,14788,Europe,4,43.67
8382,13160,Americas,1,16.37
8383,32301,World,0,13.75
8384,18358,Americas,1,4.94
8385,5705,Europe,4,16.0
8386,15335,Americas,1,
8387,40932,Ancient Civilizations,7,
8388,7573,World,0,17.88
8389,39072,Americas,1,
8390,12760,Americas,1,21.99
8391,31161,Americas,1,13.11
8392,33265,Americas,1,19.95
8393,4783,Ancient Civilizations,7,14.86
8394,22974,Americas,1,38.86
8395,11449,Americas,1,21.99
8396,1275,Ancient Civilizations,7,15.48
8397,37154,Military,3,21.24
8398,4985,Americas,1,17.23
8399,2215,World,0,
8400,9389,Americas,1,2.99
8401,31193,Americas,1,
8402,2009,World,0,
8403,9206,World,0,15.36
8404,40238,Americas,1,12.51
8405,27324,Americas,1,
8406,17874,Americas,1,
8407,38598,Military,3,
8408,9523,World,0,
8409,24330,Americas,1,
8410,27725,Americas,1,
8411,24349,Americas,1,
8412,2434,Americas,1,
8413,19408,World,0,
8414,26233,World,0,19.95
8415,32405,Americas,1,
8416,23558,Americas,1,
8417,32445,World,0,
8418,9284,World,0,13.92
8419,33964,Americas,1,29.95
8420,38387,Military,3,15.07
8421,17720,Americas,1,
8422,33754,Americas,1,28.98
8423,12422,Americas,1,13.64
8424,40410,Americas,1,39.95
8425,29786,Historical Study & Educational Resources,9,14.95
8426,26606,Americas,1,
8427,39008,Americas,1,
8428,37269,Europe,4,
8429,40812,Military,3,18.34
8430,24072,World,0,29.95
8431,28844,Americas,1,37.92
8432,33615,Americas,1,35.96
8433,18401,Americas,1,12.09
8434,14697,Military,3,69.99
8435,24443,Americas,1,26.09
8436,4170,Americas,1,
8437,29314,Military,3,19.27
8438,38186,Military,3,18.95
8439,39139,Americas,1,
8440,8869,World,0,5.95
8441,27015,World,0,19.07
8442,21660,Military,3,14.83
8443,21429,World,0,13.85
8444,39131,Military,3,
8445,2946,World,0,
8446,5551,Americas,1,
8447,2638,World,0,
8448,36276,World,0,20.39
8449,26139,Americas,1,20.0
8450,28076,Americas,1,20.38
8451,3882,Americas,1,26.95
8452,39850,Americas,1,
8453,40788,Military,3,
8454,24401,Americas,1,10.88
8455,19783,World,0,19.89
8456,26587,Americas,1,15.58
8457,28436,Americas,1,21.99
8458,11212,Americas,1,21.62
8459,27776,Americas,1,10.49
8460,3580,World,0,7.75
8461,19151,Americas,1,17.32
8462,29625,Africa,6,13.0
8463,27590,Military,3,14.21
8464,9381,Americas,1,35.0
8465,40744,Military,3,24.89
8466,16781,Americas,1,
8467,21884,Military,3,
8468,986,Military,3,18.5
8469,25648,Americas,1,12.56
8470,14653,Americas,1,14.99
8471,122,Americas,1,4.98
8472,40035,Americas,1,20.0
8473,3208,Europe,4,52.27
8474,9790,Ancient Civilizations,7,39.95
8475,38074,Europe,4,18.19
8476,2074,Americas,1,
8477,7964,Middle East,8,20.0
8478,18788,Americas,1,16.95
8479,34645,Americas,1,
8480,24029,Americas,1,27.95
8481,12854,Americas,1,21.99
8482,2499,Europe,4,
8483,25884,Americas,1,19.95
8484,10163,Americas,1,
8485,35623,Americas,1,19.99
8486,23440,Americas,1,14.5
8487,25062,Americas,1,
8488,28028,Americas,1,18.21
8489,939,Americas,1,29.34
8490,29003,Military,3,18.95
8491,11898,Americas,1,12.97
8492,20364,Americas,1,
8493,26796,Americas,1,7.86
8494,14149,Europe,4,9.68
8495,13484,Americas,1,21.99
8496,5048,Americas,1,5.89
8497,1994,World,0,
8498,21480,Americas,1,
8499,12932,Americas,1,21.99
8500,20178,Americas,1,39.95
8501,18190,Americas,1,
8502,212,Americas,1,5.0
8503,7589,Military,3,4.61
8504,1662,Americas,1,13.64
8505,13976,Europe,4,2.99
8506,15951,Americas,1,
8507,3493,Americas,1,27.71
8508,9577,Americas,1,
8509,23947,Military,3,13.99
8510,4036,Americas,1,20.43
8511,34041,Europe,4,
8512,16233,Americas,1,22.95
8513,6996,Americas,1,15.98
8514,35280,Americas,1,19.95
8515,40306,Military,3,49.99
8516,23604,Europe,4,29.8
8517,37535,Europe,4,25.95
8518,11770,Americas,1,18.12
8519,4380,Europe,4,63.06
8520,41412,Americas,1,
8521,6081,Americas,1,15.91
8522,8099,Americas,1,
8523,28472,Americas,1,19.79
8524,24321,Americas,1,
8525,41157,Americas,1,9.75
8526,28249,Americas,1,14.95
8527,41197,Americas,1,6.46
8528,24273,Military,3,22.19
8529,40934,Ancient Civilizations,7,105.43
8530,22764,Americas,1,
8531,39317,Americas,1,18.29
8532,18903,Americas,1,10.98
8533,12261,Americas,1,21.99
8534,23082,Americas,1,10.0
8535,1520,Americas,1,12.23
8536,25609,Americas,1,
8537,36256,Europe,4,25.8
8538,38472,Asia,2,18.95
8539,23829,Americas,1,39.0
8540,31997,Americas,1,19.95
8541,33725,Military,3,17.23
8542,12327,Americas,1,14.73
8543,22446,Americas,1,
8544,34345,Americas,1,18.18
8545,9313,World,0,18.0
8546,26297,Africa,6,25.0
8547,25206,Americas,1,
8548,30636,Americas,1,7.49
8549,11405,Americas,1,21.85
8550,19021,Americas,1,45.0
8551,13534,Americas,1,17.12
8552,13941,Europe,4,57.99
8553,8270,Americas,1,27.99
8554,1871,Europe,4,
8555,15018,Military,3,
8556,12832,Americas,1,17.69
8557,37522,Americas,1,18.95
8558,33274,Americas,1,13.37
8559,3315,World,0,
8560,40309,Military,3,49.99
8561,31144,Americas,1,6.5
8562,6098,Military,3,35.28
8563,6252,World,0,8.41
8564,37408,Americas,1,22.95
8565,14782,Americas,1,
8566,13618,Americas,1,19.41
8567,8191,Americas,1,12.01
8568,3725,World,0,11.56
8569,10134,Americas,1,13.4
8570,9779,Americas,1,20.5
8571,39515,Americas,1,18.0
8572,40286,Military,3,29.99
8573,24763,World,0,21.44
8574,20242,Americas,1,
8575,919,Military,3,
8576,34001,Americas,1,
8577,26468,Americas,1,
8578,24403,Americas,1,19.95
8579,7841,Americas,1,
8580,22531,Americas,1,23.67
8581,23280,Americas,1,
8582,6010,Americas,1,
8583,4268,Americas,1,
8584,34033,Americas,1,26.85
8585,36498,Europe,4,
8586,41494,World,0,45.08
8587,22108,Americas,1,22.95
8588,23982,World,0,24.95
8589,36839,Europe,4,17.28
8590,16359,Military,3,43.97
8591,36535,Military,3,
8592,9027,Americas,1,14.95
8593,36387,Military,3,20.83
8594,1311,Ancient Civilizations,7,12.39
8595,28836,Americas,1,22.5
8596,3584,Military,3,27.03
8597,28479,Americas,1,21.99
8598,22943,World,0,7.13
8599,25391,Historical Study & Educational Resources,9,19.95
8600,10277,Americas,1,
8601,39618,Military,3,23.78
8602,37888,Americas,1,29.48
8603,3489,Americas,1,
8604,8019,Americas,1,13.76
8605,18441,Americas,1,35.0
8606,17608,World,0,19.91
8607,36567,Military,3,18.95
8608,9062,Americas,1,19.99
8609,36860,Europe,4,18.95
8610,4952,Middle East,8,31.95
8611,16313,Americas,1,49.94
8612,36670,Military,3,17.95
8613,30219,Americas,1,12.97
8614,34266,Americas,1,17.99
8615,38795,Military,3,61.05
8616,33095,Americas,1,24.28
8617,3250,Americas,1,13.87
8618,27774,Americas,1,16.05
8619,30142,Americas,1,18.81
8620,21502,Ancient Civilizations,7,16.71
8621,11872,Americas,1,21.99
8622,34835,Americas,1,19.83
8623,36464,World,0,26.82
8624,27922,Americas,1,12.5
8625,10090,Americas,1,
8626,9419,Americas,1,
8627,27694,Europe,4,18.9
8628,39737,Europe,4,
8629,1305,Americas,1,
8630,3470,Americas,1,
8631,1981,Americas,1,
8632,10709,Americas,1,
8633,8668,Americas,1,17.73
8634,6899,Americas,1,
8635,25388,Americas,1,
8636,39201,World,0,12.95
8637,11208,Americas,1,21.99
8638,40084,Asia,2,9.95
8639,24577,Military,3,24.9
8640,40267,Military,3,34.99
8641,2436,Americas,1,
8642,24810,Americas,1,6.75
8643,33923,World,0,41.99
8644,13533,Americas,1,20.71
8645,21905,Europe,4,24.11
8646,30895,World,0,18.05
8647,2022,Americas,1,35.73
8648,25110,Europe,4,42.62
8649,2075,World,0,11.99
8650,23098,Americas,1,
8651,12792,Americas,1,19.79
8652,30084,World,0,18.74
8653,27368,Americas,1,19.09
8654,4751,World,0,
8655,40701,Military,3,76.91
8656,30736,World,0,14.95
8657,4463,Americas,1,35.65
8658,3163,Military,3,
8659,18846,Americas,1,13.03
8660,19887,World,0,12.0
8661,20941,Asia,2,17.0
8662,11499,Americas,1,21.38
8663,35059,Americas,1,
8664,20386,Americas,1,24.28
8665,18143,Americas,1,28.21
8666,3241,World,0,
8667,27859,Americas,1,34.95
8668,1029,Military,3,17.5
8669,12140,Americas,1,21.99
8670,23449,World,0,
8671,20214,Americas,1,24.95
8672,22719,Americas,1,34.02
8673,17039,Military,3,20.0
8674,12556,Americas,1,21.99
8675,34808,Military,3,37.04
8676,27884,World,0,14.94
8677,11762,Americas,1,7.99
8678,11257,Americas,1,21.99
8679,18829,Military,3,18.95
8680,30491,Historical Study & Educational Resources,9,24.99
8681,7359,Americas,1,24.58
8682,7448,Americas,1,17.68
8683,28558,Americas,1,17.38
8684,40680,Americas,1,
8685,29352,Americas,1,22.95
8686,1918,Americas,1,
8687,14222,Americas,1,
8688,21215,Americas,1,17.67
8689,32938,Military,3,22.95
8690,2008,World,0,
8691,28833,Americas,1,42.75
8692,37748,Asia,2,17.63
8693,38284,Europe,4,15.92
8694,28471,Americas,1,20.21
8695,12212,Americas,1,21.99
8696,22877,Americas,1,22.35
8697,14976,World,0,15.92
8698,2168,Americas,1,
8699,1118,World,0,
8700,5129,Americas,1,6.94
8701,36277,Europe,4,18.95
8702,9132,Europe,4,
8703,17141,Americas,1,
8704,19839,Americas,1,
8705,25754,Americas,1,24.95
8706,4724,Europe,4,28.31
8707,28814,Americas,1,37.5
8708,14280,Military,3,23.48
8709,6603,World,0,21.9
8710,12441,Americas,1,20.38
8711,14649,Military,3,69.95
8712,37723,Asia,2,22.95
8713,20784,Americas,1,
8714,10370,Americas,1,24.94
8715,8725,World,0,
8716,23975,World,0,7.95
8717,1202,Asia,2,15.45
8718,22672,World,0,
8719,12168,Americas,1,
8720,25181,Americas,1,12.95
8721,15570,World,0,2.73
8722,29949,Americas,1,14.29
8723,4915,Ancient Civilizations,7,39.55
8724,35861,Americas,1,22.99
8725,29029,Military,3,18.5
8726,21965,World,0,
8727,6166,World,0,14.65
8728,11594,Americas,1,21.99
8729,27972,Americas,1,
8730,7277,Military,3,
8731,39397,Americas,1,
8732,25487,Americas,1,
8733,23830,Americas,1,
8734,382,Americas,1,
8735,34027,Military,3,12.99
8736,10827,Americas,1,
8737,18216,Americas,1,14.02
8738,2119,Americas,1,25.75
8739,12833,Americas,1,18.29
8740,29635,Europe,4,10.0
8741,22181,World,0,13.99
8742,35592,Americas,1,19.99
8743,38288,Asia,2,20.95
8744,5532,Americas,1,9.99
8745,15122,Americas,1,25.0
8746,27985,Ancient Civilizations,7,15.48
8747,36362,World,0,
8748,23087,Americas,1,20.0
8749,373,Americas,1,
8750,13174,Americas,1,21.99
8751,16181,Americas,1,
8752,22088,Americas,1,12.0
8753,34141,Americas,1,23.5
8754,3349,World,0,24.99
8755,33437,Americas,1,
8756,31074,Americas,1,11.05
8757,29354,Europe,4,
8758,32918,Military,3,18.99
8759,32848,Military,3,60.65
8760,2733,Americas,1,
8761,7845,Historical Study & Educational Resources,9,
8762,32420,Americas,1,39.99
8763,2752,World,0,36.95
8764,31787,Americas,1,27.96
8765,4605,World,0,
8766,16030,World,0,26.49
8767,23919,Ancient Civilizations,7,65.68
8768,19489,Middle East,8,29.64
8769,17281,World,0,
8770,16595,Military,3,
8771,26363,Middle East,8,45.08
8772,16985,Americas,1,13.32
8773,33590,Americas,1,11.97
8774,7403,Military,3,26.37
8775,34191,Americas,1,16.25
8776,19354,Historical Study & Educational Resources,9,33.7
8777,22617,Americas,1,11.0
8778,3386,Military,3,59.0
8779,31967,Europe,4,
8780,17664,Americas,1,24.89
8781,24121,Asia,2,
8782,28298,Americas,1,17.39
8783,19245,Americas,1,12.98
8784,21557,Americas,1,29.48
8785,13330,Americas,1,21.99
8786,9378,Americas,1,
8787,21003,Americas,1,31.98
8788,12048,Americas,1,21.99
8789,16186,Ancient Civilizations,7,17.49
8790,7154,Europe,4,
8791,2344,World,0,
8792,39218,Americas,1,
8793,15165,Americas,1,25.0
8794,27841,Americas,1,
8795,19221,Americas,1,29.95
8796,9806,World,0,31.5
8797,1513,Military,3,17.0
8798,37289,Ancient Civilizations,7,49.39
8799,34074,Americas,1,26.57
8800,12781,Americas,1,21.99
8801,19683,Americas,1,19.38
8802,5092,Americas,1,12.49
8803,34000,Americas,1,
8804,36826,Military,3,11.55
8805,36065,Military,3,16.11
8806,10675,World,0,16.95
8807,39724,Military,3,18.94
8808,361,Ancient Civilizations,7,39.77
8809,2633,World,0,
8810,37613,Ancient Civilizations,7,27.59
8811,460,World,0,23.41
8812,26656,Military,3,19.02
8813,7302,Americas,1,7.95
8814,25193,Americas,1,17.95
8815,17348,Americas,1,8.41
8816,9169,Europe,4,
8817,31060,Americas,1,9.95
8818,26075,Americas,1,21.49
8819,16134,World,0,12.01
8820,2346,World,0,
8821,4468,World,0,13.48
8822,4208,Americas,1,21.61
8823,22883,Americas,1,34.95
8824,5346,Americas,1,
8825,4636,World,0,10.33
8826,15370,Asia,2,10.99
8827,6564,Asia,2,
8828,18027,Americas,1,
8829,12519,Americas,1,18.79
8830,24773,Military,3,
8831,39077,Americas,1,138.98
8832,39652,Military,3,49.95
8833,36863,Military,3,18.48
8834,12525,Americas,1,21.99
8835,30646,Americas,1,
8836,5157,World,0,46.23
8837,14518,Americas,1,16.04
8838,31287,Americas,1,
8839,7714,Military,3,12.17
8840,1410,Military,3,2.45
8841,21857,Military,3,16.95
8842,37988,Europe,4,14.37
8843,31276,Americas,1,18.7
8844,5570,Military,3,86.0
8845,34428,Americas,1,19.62
8846,28516,Americas,1,17.39
8847,38987,Americas,1,5.69
8848,16372,Americas,1,15.26
8849,9722,Americas,1,
8850,33604,World,0,16.99
8851,12851,Americas,1,21.99
8852,24205,World,0,11.98
8853,6779,Military,3,20.85
8854,6179,World,0,13.22
8855,28092,Americas,1,21.99
8856,20336,Americas,1,
8857,3954,Europe,4,15.55
8858,5911,Americas,1,5.35
8859,35406,Americas,1,19.99
8860,19789,World,0,39.29
8861,40904,Americas,1,16.95
8862,39690,Military,3,60.12
8863,18531,Americas,1,
8864,38555,Military,3,17.95
8865,13047,Americas,1,18.81
8866,40412,Americas,1,30.56
8867,37663,Americas,1,20.53
8868,4571,World,0,5.29
8869,11527,Americas,1,16.58
8870,38773,Europe,4,
8871,39966,World,0,
8872,27982,Americas,1,13.99
8873,12903,Americas,1,21.99
8874,18726,Military,3,20.53
8875,40642,Asia,2,24.95
8876,35389,Americas,1,15.38
8877,32129,Americas,1,13.09
8878,6535,Americas,1,
8879,26419,Americas,1,25.23
8880,37923,Europe,4,24.95
8881,31749,Americas,1,
8882,19349,Military,3,60.0
8883,22385,Military,3,29.95
8884,18843,Americas,1,6.82
8885,15319,Americas,1,
8886,13066,Americas,1,14.16
8887,31277,Americas,1,19.71
8888,36180,Military,3,24.55
8889,5508,Americas,1,11.21
8890,1677,Asia,2,18.95
8891,92,Europe,4,14.24
8892,3915,Americas,1,
8893,37746,Military,3,17.98
8894,40274,Military,3,29.99
8895,7091,World,0,
8896,39311,Americas,1,
8897,25194,Americas,1,
8898,38705,Military,3,18.79
8899,19013,World,0,55.67
8900,24669,Americas,1,24.95
8901,775,Americas,1,10.49
8902,32333,Military,3,
8903,14565,Europe,4,8.14
8904,38937,Americas,1,17.22
8905,15885,Americas,1,
8906,23828,Europe,4,
8907,38353,Ancient Civilizations,7,15.99
8908,34734,Asia,2,23.13
8909,3781,Americas,1,27.59
8910,29748,Americas,1,19.76
8911,19437,Americas,1,29.95
8912,20182,Americas,1,22.5
8913,33566,Americas,1,
8914,27185,Americas,1,20.99
8915,5735,Americas,1,13.37
8916,89,Military,3,6.43
8917,20292,Americas,1,6.98
8918,8028,Americas,1,
8919,13911,Americas,1,38.22
8920,12782,Americas,1,21.99
8921,28160,Americas,1,21.99
8922,36476,World,0,
8923,35844,Middle East,8,16.06
8924,53,Ancient Civilizations,7,5.8
8925,3160,World,0,
8926,33201,Americas,1,8.93
8927,5484,Americas,1,
8928,5910,Military,3,
8929,14725,Americas,1,16.99
8930,963,Americas,1,
8931,5685,Americas,1,14.85
8932,20548,Americas,1,15.0
8933,23336,Europe,4,
8934,23848,Americas,1,
8935,37361,Europe,4,
8936,23249,Americas,1,49.95
8937,31436,Americas,1,
8938,25909,Ancient Civilizations,7,19.95
8939,8560,World,0,26.47
8940,36704,Europe,4,18.95
8941,13842,Americas,1,9.2
8942,12728,Americas,1,21.99
8943,310,Americas,1,
8944,20798,Americas,1,
8945,4589,Military,3,
8946,27021,Ancient Civilizations,7,15.45
8947,15045,Military,3,1.32
8948,29237,Military,3,12.03
8949,1247,Americas,1,16.45
8950,27030,Americas,1,12.99
8951,11980,Americas,1,21.99
8952,21149,Americas,1,
8953,2731,Americas,1,
8954,2709,World,0,
8955,9141,World,0,
8956,19607,Americas,1,
8957,18389,Americas,1,9.95
8958,22739,Americas,1,
8959,4644,World,0,
8960,33016,Ancient Civilizations,7,16.68
8961,38111,Military,3,17.95
8962,4573,Americas,1,14.99
8963,28361,Americas,1,20.82
8964,37966,Military,3,24.31
8965,35275,Middle East,8,
8966,3038,Ancient Civilizations,7,
8967,35096,Americas,1,12.89
8968,18192,Americas,1,23.75
8969,38983,Americas,1,
8970,11601,Americas,1,21.62
8971,33009,Americas,1,11.89
8972,8296,Americas,1,
8973,32337,Americas,1,7.0
8974,15686,World,0,18.0
8975,17982,Americas,1,37.5
8976,14936,Military,3,
8977,13488,Americas,1,21.99
8978,6005,World,0,16.5
8979,25962,Americas,1,19.95
8980,20720,Americas,1,25.95
8981,17028,Americas,1,15.76
8982,24616,Military,3,
8983,34940,Americas,1,19.95
8984,4140,Americas,1,30.0
8985,14145,Europe,4,13.5
8986,22532,Americas,1,17.92
8987,31136,World,0,13.55
8988,15769,World,0,
8989,30278,Military,3,13.31
8990,21437,World,0,18.0
8991,187,Americas,1,18.45
8992,26461,Ancient Civilizations,7,
8993,31178,Americas,1,
8994,23858,Americas,1,
8995,33564,Americas,1,14.65
8996,22296,Americas,1,
8997,4638,Americas,1,
8998,33705,World,0,32.37
8999,28522,Americas,1,21.99
9000,35614,Americas,1,12.59
9001,17865,Americas,1,23.88
9002,31444,Americas,1,14.95
9003,18200,Americas,1,12.75
9004,36076,Europe,4,13.07
9005,1712,Americas,1,
9006,2440,Americas,1,
9007,21564,Americas,1,
9008,9189,World,0,25.39
9009,30304,Europe,4,19.95
9010,30781,Americas,1,47.92
9011,11355,Americas,1,21.99
9012,21440,Americas,1,6.99
9013,29194,Military,3,13.39
9014,24360,Military,3,
9015,2236,World,0,
9016,33894,World,0,19.94
9017,16505,Americas,1,24.72
9018,13949,Americas,1,
9019,2547,World,0,
9020,27393,World,0,11.4
9021,1721,World,0,
9022,16190,Europe,4,17.04
9023,35706,Historical Study & Educational Resources,9,16.95
9024,20026,Military,3,35.99
9025,21084,Americas,1,24.95
9026,90,Europe,4,5.99
9027,13321,Americas,1,21.99
9028,30169,Americas,1,17.95
9029,32668,Americas,1,
9030,40339,World,0,24.95
9031,8285,Americas,1,
9032,2510,World,0,
9033,22518,Americas,1,16.51
9034,15443,World,0,
9035,36783,Military,3,16.33
9036,30553,Americas,1,
9037,742,World,0,14.13
9038,11899,Americas,1,19.99
9039,17725,Americas,1,8.95
9040,19387,Americas,1,26.95
9041,16904,Americas,1,5.99
9042,39176,Americas,1,49.5
9043,16019,Americas,1,9.76
9044,16166,World,0,11.92
9045,8101,Americas,1,
9046,22571,Americas,1,
9047,40194,Americas,1,65.02
9048,38072,Military,3,9.95
9049,31613,Americas,1,8.98
9050,8944,Americas,1,
9051,36355,Middle East,8,15.64
9052,334,Americas,1,41.19
9053,40227,Americas,1,12.22
9054,29110,Military,3,15.68
9055,31263,World,0,18.18
9056,27576,Europe,4,35.72
9057,7787,Ancient Civilizations,7,14.95
9058,6164,Americas,1,
9059,18683,Military,3,27.86
9060,37392,World,0,19.57
9061,13757,Americas,1,
9062,26697,Americas,1,
9063,30731,Americas,1,
9064,34143,Americas,1,13.06
9065,22457,Americas,1,60.19
9066,18718,Historical Study & Educational Resources,9,14.5
9067,32687,Americas,1,17.94
9068,7794,Asia,2,5.05
9069,25030,Americas,1,
9070,41242,Military,3,
9071,1317,World,0,14.0
9072,40152,World,0,14.95
9073,4970,Americas,1,37.88
9074,11368,Americas,1,21.99
9075,8857,Military,3,17.74
9076,9022,Ancient Civilizations,7,12.95
9077,17896,Europe,4,
9078,29911,Americas,1,25.0
9079,28073,Americas,1,17.39
9080,130,Military,3,
9081,15980,Americas,1,
9082,12505,Americas,1,20.99
9083,41094,Military,3,40.22
9084,32995,Americas,1,13.85
9085,27363,Americas,1,13.77
9086,24336,Americas,1,55.0
9087,25085,Europe,4,8.2
9088,8190,Americas,1,
9089,24193,World,0,19.95
9090,10063,Ancient Civilizations,7,18.7
9091,37258,Europe,4,
9092,14104,Europe,4,8.17
9093,28374,Americas,1,17.38
9094,37456,Military,3,20.96
9095,2834,Americas,1,
9096,24114,Military,3,87.08
9097,37549,Europe,4,18.95
9098,28692,Americas,1,19.95
9099,11751,Americas,1,24.99
9100,16397,Americas,1,20.0
9101,14771,Americas,1,34.99
9102,30122,Americas,1,12.95
9103,26570,World,0,51.34
9104,5561,Americas,1,
9105,11436,Americas,1,17.39
9106,25136,Europe,4,7.99
9107,24631,Americas,1,14.95
9108,28545,Americas,1,21.99
9109,40050,Americas,1,12.95
9110,15538,World,0,19.95
9111,14644,Americas,1,39.95
9112,2931,World,0,14.0
9113,9694,Americas,1,20.11
9114,17937,Americas,1,35.63
9115,194,World,0,59.66
9116,10388,Americas,1,
9117,34287,Americas,1,14.93
9118,35978,Military,3,39.99
9119,27024,Americas,1,14.09
9120,11997,Americas,1,20.16
9121,28383,Americas,1,13.11
9122,23506,World,0,5.28
9123,23413,Europe,4,30.0
9124,39085,Americas,1,10.04
9125,4020,World,0,12.97
9126,36847,Americas,1,17.95
9127,35833,Military,3,24.38
9128,12266,Americas,1,21.99
9129,464,Americas,1,15.55
9130,16664,World,0,
9131,10016,Americas,1,
9132,32022,Australia & Oceania,10,
9133,5931,Americas,1,8.27
9134,19137,Americas,1,24.95
9135,18295,World,0,24.95
9136,16794,World,0,20.79
9137,12558,Americas,1,19.99
9138,24361,Americas,1,
9139,4181,Americas,1,
9140,16971,Americas,1,7.92
9141,25656,Americas,1,20.53
9142,11976,Americas,1,21.99
9143,18874,Americas,1,
9144,38146,Americas,1,12.96
9145,6137,World,0,19.55
9146,26281,Americas,1,3214.79
9147,22395,Americas,1,
9148,32887,Europe,4,29.13
9149,19891,Americas,1,26.0
9150,39140,Americas,1,19.72
9151,13128,Americas,1,21.99
9152,4877,Americas,1,22.58
9153,17614,Americas,1,
9154,7937,Europe,4,
9155,6981,Americas,1,8.71
9156,34721,Americas,1,17.86
9157,27319,Ancient Civilizations,7,7.5
9158,22103,Americas,1,14.95
9159,15878,World,0,
9160,12135,Americas,1,21.99
9161,15731,Military,3,
9162,17024,Americas,1,7.85
9163,6593,Asia,2,19.45
9164,13021,Americas,1,19.69
9165,37653,Europe,4,23.99
9166,5859,Military,3,
9167,15041,Military,3,16.5
9168,30046,World,0,
9169,31720,World,0,
9170,30623,Ancient Civilizations,7,14.95
9171,33208,Americas,1,14.95
9172,19382,Europe,4,58.78
9173,32156,Military,3,46.95
9174,31403,Americas,1,
9175,22038,World,0,15.72
9176,36990,Military,3,22.95
9177,5513,Middle East,8,4.96
9178,21203,Americas,1,19.75
9179,35102,Americas,1,17.68
9180,17901,Americas,1,
9181,866,Americas,1,19.22
9182,8671,Americas,1,11.59
9183,33246,World,0,13.87
9184,38385,Europe,4,23.99
9185,3180,Europe,4,23.83
9186,15423,Americas,1,22.89
9187,37924,Europe,4,19.95
9188,24507,Americas,1,
9189,28569,Americas,1,14.95
9190,25912,Americas,1,
9191,31164,Americas,1,
9192,32855,Military,3,34.95
9193,31840,Americas,1,10.08
9194,34460,Americas,1,17.99
9195,24880,Military,3,
9196,25328,World,0,15.0
9197,8923,World,0,
9198,36964,Middle East,8,22.95
9199,29590,Military,3,25.91
9200,664,Americas,1,8.41
9201,484,World,0,15.3
9202,5076,World,0,16.0
9203,37868,Europe,4,54.93
9204,8690,Americas,1,19.36
9205,14441,Americas,1,7.95
9206,21850,Military,3,18.95
9207,11570,Americas,1,15.57
9208,1738,Americas,1,
9209,32274,Americas,1,26.06
9210,36870,Americas,1,18.09
9211,5467,World,0,16.15
9212,15712,Americas,1,32.0
9213,18703,Americas,1,6.89
9214,2958,Americas,1,13.85
9215,6700,Americas,1,6.17
9216,25870,Americas,1,19.0
9217,1122,Europe,4,
9218,34096,Americas,1,14.95
9219,19927,Americas,1,
9220,7100,World,0,
9221,7652,Americas,1,
9222,8892,World,0,
9223,3013,Americas,1,23.89
9224,3653,Americas,1,19.8
9225,29525,Americas,1,31.47
9226,32360,Americas,1,
9227,17355,Americas,1,8.6
9228,34781,Americas,1,24.04
9229,26604,Military,3,18.74
9230,14447,Americas,1,22.5
9231,33753,Americas,1,15.95
9232,6943,World,0,
9233,9403,Africa,6,48.99
9234,14058,Military,3,11.57
9235,28329,Americas,1,21.99
9236,7840,World,0,
9237,13024,Americas,1,21.99
9238,13048,Americas,1,21.99
9239,34075,Americas,1,24.12
9240,12895,Americas,1,19.79
9241,32840,Military,3,17.87
9242,29939,Military,3,7.06
9243,25063,Americas,1,39.99
9244,11627,Americas,1,21.3
9245,11401,Americas,1,21.99
9246,14777,Americas,1,33.97
9247,11578,Americas,1,21.99
9248,36624,Military,3,22.95
9249,12791,Americas,1,21.99
9250,23327,Europe,4,
9251,30512,World,0,10.99
9252,12971,Americas,1,21.99
9253,28183,Americas,1,17.22
9254,35361,Americas,1,19.18
9255,11757,Americas,1,21.91
9256,10544,Americas,1,
9257,8543,World,0,
9258,22033,World,0,14.32
9259,17203,Americas,1,34.95
9260,30923,Americas,1,23.35
9261,5357,Americas,1,
9262,16178,Americas,1,
9263,25324,Americas,1,
9264,29705,Americas,1,
9265,5331,Europe,4,40.05
9266,10389,Americas,1,
9267,11010,Europe,4,67.02
9268,1166,Europe,4,
9269,34901,World,0,15.26
9270,32372,Americas,1,22.28
9271,9311,World,0,57.75
9272,36047,Europe,4,26.84
9273,31992,Americas,1,
9274,40531,Military,3,
9275,27581,Americas,1,15.39
9276,17697,Americas,1,
9277,32713,Americas,1,27.77
9278,6187,Military,3,
9279,38180,Americas,1,19.18
9280,25602,Americas,1,14.95
9281,22600,Europe,4,
9282,1366,Europe,4,14.72
9283,25725,Military,3,18.81
9284,38447,Military,3,14.35
9285,31694,World,0,5.47
9286,980,Military,3,94.35
9287,6760,Americas,1,28.19
9288,25952,Military,3,49.95
9289,21082,Americas,1,28.0
9290,28163,Americas,1,12.13
9291,26333,World,0,20.31
9292,17815,Americas,1,
9293,36169,Europe,4,27.03
9294,39448,Military,3,42.53
9295,14886,Americas,1,5.98
9296,26887,Europe,4,22.95
9297,3058,Americas,1,31.5
9298,9021,Americas,1,39.95
9299,34847,Americas,1,16.99
9300,33020,Ancient Civilizations,7,20.8
9301,2735,Americas,1,
9302,38299,Ancient Civilizations,7,
9303,20510,Americas,1,28.06
9304,24292,World,0,12.1
9305,20406,Americas,1,28.19
9306,35781,Americas,1,17.17
9307,11044,Middle East,8,17.99
9308,19760,World,0,11.39
9309,18238,World,0,41.83
9310,5160,Americas,1,12.1
9311,8612,Americas,1,
9312,31372,Europe,4,29.0
9313,16180,Europe,4,33.34
9314,29382,Americas,1,
9315,40790,Military,3,23.4
9316,25144,Americas,1,
9317,26418,World,0,40.99
9318,38326,Europe,4,
9319,39203,Americas,1,124.9
9320,14524,Americas,1,17.44
9321,9003,Americas,1,34.95
9322,26315,Americas,1,19.95
9323,37687,Europe,4,22.95
9324,5348,Americas,1,46.7
9325,32094,Americas,1,8.74
9326,33614,Americas,1,
9327,8416,World,0,39.78
9328,790,Americas,1,12.95
9329,11256,Americas,1,14.12
9330,9426,Americas,1,11.37
9331,16437,Americas,1,22.67
9332,28367,Americas,1,21.99
9333,29662,World,0,13.95
9334,37434,Europe,4,18.88
9335,13931,World,0,14.88
9336,21190,Military,3,95.0
9337,22833,Military,3,
9338,16410,Americas,1,12.9
9339,3069,Europe,4,28.0
9340,14737,Americas,1,7.45
9341,3282,Americas,1,28.39
9342,22824,Military,3,18.05
9343,28431,Americas,1,18.55
9344,18970,Americas,1,
9345,14264,Americas,1,
9346,1884,Europe,4,
9347,35015,Americas,1,
9348,16671,Asia,2,18.69
9349,35738,World,0,75.29
9350,24481,Americas,1,
9351,36958,Military,3,22.95
9352,37792,Europe,4,
9353,41148,Asia,2,15.99
9354,29552,Asia,2,6.95
9355,39153,Americas,1,9.73
9356,1897,Middle East,8,
9357,24549,Americas,1,
9358,20330,World,0,15.73
9359,5582,World,0,
9360,13462,Americas,1,17.37
9361,22172,Americas,1,16.11
9362,8141,Americas,1,
9363,39126,Americas,1,10.38
9364,5980,Americas,1,9.98
9365,27931,Europe,4,
9366,36825,Military,3,7.98
9367,28922,Military,3,12.87
9368,5838,Military,3,29.1
9369,5485,World,0,
9370,6897,Americas,1,
9371,19300,Military,3,34.8
9372,13914,Americas,1,6.08
9373,3662,World,0,
9374,39525,World,0,
9375,19826,Americas,1,
9376,16470,Europe,4,22.48
9377,18372,Americas,1,15.78
9378,10324,Americas,1,34.95
9379,32982,Asia,2,31.64
9380,4107,Americas,1,29.95
9381,26593,Americas,1,28.99
9382,35867,Americas,1,16.0
9383,2876,Americas,1,
9384,26755,World,0,
9385,22018,Middle East,8,24.14
9386,27012,World,0,6.66
9387,26894,Americas,1,
9388,13078,Americas,1,19.79
9389,34498,Americas,1,14.13
9390,6826,World,0,10.4
9391,15937,Americas,1,10.07
9392,23343,World,0,1.99
9393,16358,Americas,1,32.0
9394,13579,Americas,1,18.71
9395,12250,Americas,1,19.79
9396,7881,Ancient Civilizations,7,28.93
9397,20190,Americas,1,
9398,4457,Americas,1,30.0
9399,36555,Europe,4,23.36
9400,29468,Americas,1,5.95
9401,35372,Americas,1,12.79
9402,14576,Asia,2,11.27
9403,7954,Military,3,
9404,26371,Military,3,17.93
9405,36337,Ancient Civilizations,7,19.76
9406,15406,World,0,
9407,13816,Europe,4,8.89
9408,20146,Americas,1,
9409,11448,Americas,1,13.11
9410,7752,Americas,1,22.51
9411,5986,Americas,1,11.68
9412,38599,Military,3,33.64
9413,29452,Americas,1,18.73
9414,5729,World,0,6.97
9415,16026,Americas,1,23.9
9416,12141,Americas,1,21.99
9417,1698,Americas,1,22.0
9418,39878,Americas,1,17.16
9419,17649,Americas,1,44.75
9420,18246,World,0,12.82
9421,821,Americas,1,6.5
9422,37145,Military,3,18.55
9423,21748,Ancient Civilizations,7,16.2
9424,27622,Military,3,19.14
9425,27054,Americas,1,
9426,23532,World,0,24.95
9427,12036,Americas,1,19.79
9428,88,Military,3,14.88
9429,25561,Military,3,40.0
9430,10530,Americas,1,35.89
9431,39394,Americas,1,52.07
9432,14108,World,0,37.7
9433,39982,Americas,1,31.46
9434,13638,Americas,1,21.4
9435,22478,Americas,1,39.5
9436,38212,Military,3,17.95
9437,32491,Americas,1,8.97
9438,26968,World,0,9.9
9439,29020,Europe,4,21.05
9440,22206,Americas,1,14.95
9441,9976,Americas,1,9.02
9442,11070,Europe,4,
9443,5929,Military,3,
9444,23374,Americas,1,22.7
9445,36031,Europe,4,14.95
9446,31853,Americas,1,
9447,8840,World,0,16.99
9448,32543,Americas,1,
9449,31857,Americas,1,9.83
9450,17258,Americas,1,20.0
9451,39612,Africa,6,71.96
9452,33358,Americas,1,18.99
9453,15507,World,0,8.0
9454,18184,World,0,6.0
9455,11488,Americas,1,18.56
9456,39418,Americas,1,
9457,11813,Americas,1,7.45
9458,12181,Americas,1,21.99
9459,30999,World,0,18.0
9460,8033,Europe,4,5.49
9461,4653,Americas,1,
9462,22105,Americas,1,22.95
9463,16858,World,0,25.48
9464,85,Europe,4,
9465,7539,Americas,1,29.7
9466,22783,Americas,1,16.68
9467,24633,World,0,24.2
9468,30153,Military,3,16.99
9469,16647,Americas,1,
9470,9925,Russia,5,25.5
9471,37168,Military,3,20.95
9472,23316,Ancient Civilizations,7,19.95
9473,28168,Americas,1,16.62
9474,8895,Europe,4,
9475,15269,Americas,1,27.43
9476,14194,Military,3,
9477,3091,Historical Study & Educational Resources,9,
9478,32325,Americas,1,
9479,10264,Americas,1,21.75
9480,3941,Americas,1,28.95
9481,14830,Americas,1,
9482,579,Americas,1,14.75
9483,4214,Americas,1,
9484,15656,World,0,13.3
9485,21261,World,0,10.87
9486,11658,Americas,1,21.99
9487,10496,Americas,1,14.39
9488,34580,Americas,1,59.95
9489,11917,Americas,1,21.07
9490,9641,World,0,29.95
9491,25716,Americas,1,26.38
9492,28993,Military,3,27.16
9493,37006,Europe,4,22.95
9494,40852,World,0,16.0
9495,39634,Military,3,
9496,17944,Americas,1,24.68
9497,28465,Americas,1,21.99
9498,1931,Europe,4,
9499,14320,Americas,1,34.95
9500,15610,World,0,36.4
9501,34944,Americas,1,7.67
9502,21645,Military,3,17.95
9503,19511,Americas,1,32.9
9504,39934,Americas,1,14.95
9505,34052,Americas,1,18.0
9506,32160,Military,3,35.77
9507,12957,Americas,1,21.99
9508,16467,Americas,1,16.95
9509,11224,Americas,1,21.99
9510,1229,Americas,1,11.91
9511,22237,Americas,1,12.95
9512,14335,Americas,1,
9513,7668,Americas,1,21.34
9514,30579,Americas,1,
9515,10241,Europe,4,22.94
9516,32311,Americas,1,
9517,36644,Asia,2,18.95
9518,12338,Americas,1,14.29
9519,22034,World,0,36.0
9520,9150,World,0,
9521,11790,Americas,1,21.99
9522,18334,Americas,1,24.5
9523,32607,World,0,16.96
9524,17053,Americas,1,28.0
9525,20925,World,0,25.0
9526,17437,Americas,1,24.95
9527,29329,World,0,12.0
9528,10741,Americas,1,13.73
9529,21089,World,0,
9530,4669,Americas,1,24.0
9531,321,Europe,4,38.19
9532,39102,Americas,1,
9533,15356,World,0,
9534,37633,Ancient Civilizations,7,17.68
9535,15331,Military,3,54.99
9536,21086,World,0,45.0
9537,13468,Americas,1,21.99
9538,39541,Europe,4,
9539,20965,Americas,1,45.0
9540,19958,Americas,1,7.37
9541,18969,Americas,1,42.95
9542,30138,Ancient Civilizations,7,10.0
9543,8610,Americas,1,
9544,13933,Military,3,1.99
9545,9248,World,0,33.07
9546,2140,World,0,
9547,10089,World,0,24.72
9548,7027,Americas,1,78.78
9549,33281,World,0,9.99
9550,7223,Americas,1,
9551,26214,World,0,
9552,35819,Americas,1,22.95
9553,11313,Americas,1,17.89
9554,41327,Military,3,77.05
9555,25392,Americas,1,14.25
9556,15743,Americas,1,19.42
9557,1530,Americas,1,18.0
9558,12928,Americas,1,21.99
9559,2929,World,0,45.0
9560,5799,World,0,16.68
9561,21531,World,0,7.06
9562,36893,Military,3,18.95
9563,27466,Military,3,7.75
9564,6754,Americas,1,19.2
9565,35380,Americas,1,17.7
9566,35574,Americas,1,14.95
9567,7305,Americas,1,11.52
9568,13626,Americas,1,19.79
9569,34114,Americas,1,37.5
9570,26018,Americas,1,
9571,40702,Military,3,
9572,5358,Americas,1,20.49
9573,40705,Military,3,76.51
9574,26931,World,0,
9575,10045,Americas,1,26.85
9576,12440,Americas,1,14.45
9577,11264,Americas,1,17.54
9578,20500,Americas,1,26.95
9579,16337,Americas,1,21.95
9580,22175,World,0,
9581,5994,Americas,1,11.93
9582,11868,Americas,1,21.99
9583,25066,Americas,1,
9584,37216,World,0,73.9
9585,31434,Americas,1,
9586,37403,Military,3,6.75
9587,36519,World,0,
9588,31265,World,0,36.96
9589,4108,Americas,1,9.88
9590,37372,World,0,26.0
9591,15650,World,0,15.0
9592,17712,Americas,1,49.95
9593,4061,Americas,1,23.69
9594,25549,Americas,1,16.8
9595,298,Americas,1,7.94
9596,387,Americas,1,
9597,35719,World,0,17.38
9598,2097,World,0,
9599,39804,World,0,29.95
9600,28118,Americas,1,14.22
9601,35007,Europe,4,14.28
9602,5627,World,0,14.38
9603,26540,World,0,
9604,6281,Americas,1,28.97
9605,33167,Americas,1,27.87
9606,22334,Americas,1,17.99
9607,7317,World,0,
9608,30518,Americas,1,20.13
9609,32613,Americas,1,24.95
9610,2498,World,0,
9611,23721,World,0,6.99
9612,10477,Americas,1,30.37
9613,1338,Americas,1,13.99
9614,30709,World,0,37.71
9615,30662,Americas,1,17.18
9616,22755,Americas,1,
9617,21488,Europe,4,29.47
9618,33055,Americas,1,10.67
9619,27210,World,0,27.44
9620,37416,Military,3,19.95
9621,24533,Europe,4,
9622,29027,Europe,4,18.54
9623,23083,Americas,1,28.74
9624,11131,World,0,
9625,34307,Americas,1,17.42
9626,24456,Americas,1,21.93
9627,23361,World,0,20.0
9628,30212,Americas,1,
9629,37743,Americas,1,17.15
9630,15974,Americas,1,23.43
9631,15075,Americas,1,
9632,18048,Americas,1,37.5
9633,36162,Europe,4,27.9
9634,10565,Americas,1,25.16
9635,3126,Americas,1,23.64
9636,18876,Americas,1,
9637,35437,Americas,1,14.18
9638,39241,Americas,1,
9639,37331,Americas,1,
9640,26574,Europe,4,41.08
9641,27971,World,0,27.0
9642,21882,Military,3,18.28
9643,25356,Military,3,14.95
9644,29433,Americas,1,3.8
9645,9016,Americas,1,46.99
9646,380,Europe,4,49.99
9647,7713,Americas,1,20.48
9648,24088,Americas,1,22.75
9649,9125,Europe,4,
9650,10026,Americas,1,17.17
9651,31420,Europe,4,
9652,28649,Americas,1,20.38
9653,6095,Americas,1,18.15
9654,31941,Ancient Civilizations,7,15.21
9655,38055,Military,3,22.39
9656,41461,World,0,16.99
9657,17854,Americas,1,18.0
9658,14303,Military,3,52.91
9659,13214,Americas,1,21.43
9660,15125,Americas,1,29.95
9661,18742,Americas,1,10.95
9662,25383,Americas,1,7.82
9663,40463,Americas,1,14.95
9664,14421,Europe,4,17.12
9665,3289,Americas,1,28.0
9666,18026,Americas,1,5.29
9667,41145,Military,3,
9668,19820,World,0,27.0
9669,24459,Americas,1,
9670,26848,Americas,1,6.96
9671,5407,Europe,4,11.0
9672,3316,World,0,
9673,32592,Americas,1,
9674,30802,Military,3,
9675,23191,Americas,1,7.78
9676,39994,Military,3,10.12
9677,9152,World,0,
9678,5739,Military,3,100.0
9679,28813,World,0,19.62
9680,27980,Military,3,19.95
9681,41044,Americas,1,17.39
9682,23679,Americas,1,15.8
9683,22730,Americas,1,14.41
9684,35589,Americas,1,14.65
9685,34612,Americas,1,
9686,19001,Americas,1,26.77
9687,24740,Americas,1,5.99
9688,24013,Americas,1,11.61
9689,8355,Europe,4,36.99
9690,23594,Military,3,9.12
9691,13014,Americas,1,21.99
9692,17224,Historical Study & Educational Resources,9,
9693,4705,World,0,59.95
9694,6343,Americas,1,
9695,13940,Americas,1,17.39
9696,20741,Americas,1,16.14
9697,15767,Americas,1,17.28
9698,31895,Americas,1,19.95
9699,12829,Americas,1,21.99
9700,21632,Military,3,12.7
9701,16162,Military,3,16.97
9702,2210,Americas,1,
9703,21681,Military,3,12.7
9704,7792,Ancient Civilizations,7,24.95
9705,34283,Americas,1,17.19
9706,13729,Americas,1,16.35
9707,24787,Military,3,
9708,21394,World,0,10.0
9709,28749,Asia,2,26.68
9710,40070,Americas,1,15.95
9711,39753,Military,3,99.95
9712,27871,Americas,1,22.49
9713,6058,World,0,15.24
9714,12793,Americas,1,18.82
9715,3661,Americas,1,18.3
9716,19277,Americas,1,14.49
9717,31858,Americas,1,12.37
9718,25526,Americas,1,
9719,32139,Americas,1,
9720,3998,World,0,
9721,6219,Americas,1,14.99
9722,24786,Military,3,
9723,13353,Americas,1,21.99
9724,31291,Americas,1,35.0
9725,5814,Europe,4,
9726,41514,Americas,1,12.9
9727,13969,World,0,34.54
9728,35750,Americas,1,
9729,29596,Americas,1,26.99
9730,35264,Americas,1,24.92
9731,32503,Military,3,1.54
9732,38679,Military,3,19.35
9733,30700,Americas,1,19.89
9734,9056,Ancient Civilizations,7,35.0
9735,2697,Europe,4,
9736,31377,Ancient Civilizations,7,11.48
9737,11165,Americas,1,9.49
9738,21229,Americas,1,29.95
9739,41421,Americas,1,37.77
9740,6384,World,0,15.99
9741,5641,Americas,1,9.84
9742,37935,Europe,4,25.12
9743,35955,World,0,
9744,33318,Americas,1,17.99
9745,7020,Asia,2,18.79
9746,12107,Americas,1,12.9
9747,30318,Americas,1,8.99
9748,30108,Military,3,12.78
9749,459,Ancient Civilizations,7,30.97
9750,32468,Americas,1,29.95
9751,30246,Middle East,8,12.99
9752,3082,World,0,19.17
9753,20603,Americas,1,
9754,31724,World,0,34.0
9755,2153,Americas,1,10.42
9756,27119,Americas,1,
9757,6797,Europe,4,20.08
9758,21956,Military,3,13.0
9759,3508,Asia,2,25.2
9760,21147,World,0,
9761,37436,Military,3,17.95
9762,29478,Military,3,14.0
9763,5327,Asia,2,37.51
9764,28048,Americas,1,17.39
9765,31700,Americas,1,30.0
9766,37344,Americas,1,24.99
9767,3353,World,0,46.16
9768,35220,Americas,1,26.84
9769,7492,Asia,2,29.95
9770,29951,Americas,1,3.72
9771,1149,Americas,1,5.0
9772,19341,Americas,1,29.37
9773,11797,Americas,1,18.56
9774,26283,Military,3,15.99
9775,33525,Americas,1,19.99
9776,1385,Military,3,17.83
9777,9547,World,0,8.75
9778,5963,Europe,4,15.99
9779,23339,Europe,4,25.68
9780,11163,Americas,1,33.4
9781,32926,Military,3,
9782,27020,World,0,6.01
9783,8929,Americas,1,
9784,23692,Americas,1,
9785,37464,Military,3,
9786,33350,Americas,1,11.64
9787,9008,Americas,1,26.0
9788,17730,Americas,1,56.92
9789,25415,Americas,1,11.08
9790,23125,Americas,1,
9791,35178,Americas,1,12.88
9792,10030,Americas,1,16.0
9793,19599,Americas,1,20.72
9794,5070,Americas,1,4.65
9795,27535,Americas,1,
9796,8324,World,0,
9797,8224,Americas,1,
9798,22367,Military,3,5.96
9799,27077,Ancient Civilizations,7,26.99
9800,13625,Americas,1,21.99
9801,38516,Military,3,16.68
9802,40180,Americas,1,19.95
9803,25661,Americas,1,
9804,6777,Americas,1,18.48
9805,36857,Military,3,17.38
9806,10491,Europe,4,49.24
9807,7651,Military,3,33.11
9808,27633,Americas,1,16.95
9809,38707,Military,3,35.48
9810,3511,Americas,1,
9811,5489,Americas,1,7.48
9812,27533,Military,3,16.47
9813,24284,Americas,1,
9814,32318,Americas,1,
9815,15949,Americas,1,49.15
9816,31607,Americas,1,33.96
9817,3119,Americas,1,9.45
9818,34007,Americas,1,
9819,15459,World,0,23.51
9820,14848,World,0,13.21
9821,38192,Europe,4,16.49
9822,8237,Americas,1,
9823,1143,Europe,4,
9824,2320,World,0,29.95
9825,23557,Americas,1,14.95
9826,10919,Military,3,60.71
9827,3122,World,0,
9828,16290,World,0,24.52
9829,37895,Military,3,57.4
9830,6425,Americas,1,16.7
9831,19434,World,0,34.95
9832,6576,World,0,14.95
9833,28780,Americas,1,31.42
9834,4306,Americas,1,19.86
9835,4865,Military,3,15.01
9836,33713,World,0,31.45
9837,35164,Military,3,14.28
9838,25284,Americas,1,
9839,913,Europe,4,50.0
9840,30552,Americas,1,54.04
9841,895,Americas,1,
9842,9128,Europe,4,
9843,32414,Americas,1,
9844,673,Americas,1,18.94
9845,1830,Europe,4,
9846,23187,Americas,1,
9847,7241,Americas,1,15.5
9848,23835,Military,3,
9849,22479,Americas,1,
9850,26759,World,0,15.75
9851,6594,Americas,1,5.87
9852,24275,Europe,4,128.38
9853,22750,Americas,1,15.4
9854,14186,World,0,11.95
9855,13004,Americas,1,10.97
9856,20382,Americas,1,
9857,19055,Europe,4,19.0
9858,14483,Americas,1,15.95
9859,436,World,0,2.99
9860,24835,Americas,1,
9861,18442,Americas,1,53.6
9862,37740,Military,3,17.19
9863,3921,Americas,1,
9864,14742,Americas,1,35.99
9865,35042,Military,3,12.95
9866,1274,Europe,4,14.88
9867,40940,World,0,24.95
9868,28612,Americas,1,21.99
9869,31764,World,0,
9870,18273,World,0,16.95
9871,16851,World,0,
9872,39275,Americas,1,
9873,18111,Americas,1,
9874,19401,Military,3,36.4
9875,28323,Americas,1,21.99
9876,104,Americas,1,
9877,13744,Americas,1,35.2
9878,19193,Americas,1,
9879,4825,Americas,1,16.0
9880,26373,Americas,1,
9881,35818,Americas,1,5.96
9882,4972,Americas,1,29.93
9883,33440,Americas,1,6.86
9884,29522,Middle East,8,27.1
9885,17031,Americas,1,5.82
9886,26823,World,0,2.99
9887,17678,Americas,1,
9888,39042,Military,3,
9889,11941,Americas,1,17.39
9890,15838,Americas,1,24.95
9891,13797,World,0,
9892,38519,Military,3,13.81
9893,32255,Military,3,
9894,26479,Americas,1,39.56
9895,27479,Americas,1,
9896,12678,Americas,1,17.98
9897,37139,Military,3,15.72
9898,25452,Americas,1,
9899,25620,Americas,1,32.95
9900,20986,World,0,
9901,24894,Americas,1,
9902,20357,Americas,1,27.3
9903,32269,Americas,1,
9904,13433,Americas,1,17.39
9905,39246,Military,3,44.95
9906,25224,Americas,1,1.55
9907,4272,World,0,75.0
9908,30580,Americas,1,44.16
9909,27904,Military,3,26.99
9910,8970,World,0,14.99
9911,9427,Americas,1,7.07
9912,18335,Americas,1,26.96
9913,36849,Africa,6,19.95
9914,18049,Americas,1,
9915,16266,World,0,17.34
9916,40098,Historical Study & Educational Resources,9,
9917,37995,Military,3,16.63
9918,30922,Americas,1,
9919,3611,World,0,
9920,7174,Americas,1,
9921,5330,Americas,1,
9922,14092,Americas,1,9.26
9923,23839,Military,3,17.2
9924,462,World,0,14.99
9925,13974,Europe,4,86.8
9926,28588,Americas,1,13.59
9927,39219,Americas,1,22.65
9928,8246,Americas,1,
9929,20989,World,0,15.03
9930,5427,Military,3,
9931,36538,Europe,4,18.95
9932,31695,World,0,24.79
9933,2318,Americas,1,
9934,353,Americas,1,44.99
9935,4984,Americas,1,
9936,29616,Historical Study & Educational Resources,9,14.95
9937,28498,Americas,1,20.38
9938,15894,Americas,1,22.76
9939,36333,Americas,1,17.94
9940,35021,Americas,1,35.0
9941,996,Europe,4,2.78
9942,32529,World,0,16.04
9943,17306,Americas,1,
9944,14353,Americas,1,23.98
9945,26141,Military,3,22.49
9946,22342,Military,3,8.98
9947,16831,Americas,1,12.46
9948,4502,World,0,
9949,10081,World,0,8.15
9950,18476,Americas,1,34.99
9951,26450,Americas,1,25.23
9952,11562,Americas,1,18.48
9953,32730,Americas,1,25.0
9954,2012,Americas,1,
9955,16828,World,0,
9956,3362,World,0,31.38
9957,39985,Americas,1,
9958,35593,Americas,1,19.99
9959,30713,World,0,25.0
9960,21597,Europe,4,21.91
9961,37048,Americas,1,19.95
9962,38739,World,0,19.17
9963,13151,Americas,1,17.39
9964,33556,Americas,1,19.99
9965,15902,World,0,
9966,12082,Americas,1,21.45
9967,40460,Americas,1,7.95
9968,5763,Americas,1,
9969,34150,Americas,1,17.97
9970,30082,Americas,1,16.99
9971,39745,Europe,4,32.67
9972,23654,Americas,1,31.18
9973,36196,Military,3,34.8
9974,1281,Military,3,
9975,1163,Europe,4,
9976,23261,World,0,39.95
9977,5633,Americas,1,9.86
9978,28088,Americas,1,21.86
9979,21041,Americas,1,29.28
9980,9253,World,0,13.78
9981,9858,Americas,1,
9982,17583,Americas,1,42.5
9983,6788,Americas,1,12.99
9984,12423,Americas,1,17.14
9985,2954,World,0,
9986,40283,Military,3,59.99
9987,26861,Americas,1,18.89
9988,20885,Asia,2,15.3
9989,3701,Americas,1,
9990,6,Military,3,8.55
9991,3272,Americas,1,
9992,32650,Ancient Civilizations,7,30.59
9993,11865,Americas,1,19.98
9994,19832,Americas,1,75.0
9995,25956,Americas,1,20.0
9996,24169,Americas,1,
9997,38078,Americas,1,18.95
9998,29251,Military,3,23.17
9999,14459,Americas,1,6.54
10000,6636,Americas,1,9.86
10001,27549,Americas,1,38.0
10002,11670,Americas,1,20.06
10003,4745,Americas,1,
10004,28003,Americas,1,21.99
10005,11281,Americas,1,21.36
10006,36853,Military,3,17.95
10007,27182,Military,3,19.95
10008,28641,Americas,1,16.98
10009,35490,Americas,1,19.09
10010,1103,Americas,1,8.56
10011,8555,Americas,1,
10012,24050,Americas,1,
10013,9898,Americas,1,7.68
10014,783,World,0,13.93
10015,31364,Europe,4,30.0
10016,29117,Europe,4,10.45
10017,18674,Military,3,24.49
10018,28672,Europe,4,16.95
10019,25011,Military,3,30.23
10020,10803,Americas,1,19.46
10021,6649,Americas,1,
10022,9778,Americas,1,
10023,5086,Americas,1,15.02
10024,2932,Europe,4,27.91
10025,7620,World,0,38.92
10026,28973,Military,3,17.95
10027,36831,Americas,1,22.49
10028,21194,Americas,1,24.95
10029,38101,Historical Study & Educational Resources,9,
10030,28338,Americas,1,21.97
10031,16334,World,0,19.95
10032,6462,Americas,1,15.0
10033,1255,Military,3,13.04
10034,40304,Military,3,29.99
10035,22678,Americas,1,13.39
10036,34315,Americas,1,19.7
10037,35850,Americas,1,25.95
10038,24679,Americas,1,21.0
10039,20201,Americas,1,16.4
10040,2280,Americas,1,
10041,27175,Americas,1,
10042,5777,Europe,4,28.39
10043,13524,Americas,1,21.8
10044,21761,Europe,4,14.67
10045,30385,Americas,1,20.75
10046,17770,Americas,1,
10047,16836,World,0,
10048,38266,Asia,2,15.34
10049,30392,Africa,6,7.0
10050,22390,Military,3,84.84
10051,38265,Military,3,17.27
10052,32661,Americas,1,27.23
10053,8318,Americas,1,
10054,28364,Americas,1,18.56
10055,15350,Americas,1,45.0
10056,15030,Americas,1,27.95
10057,18138,Americas,1,35.33
10058,18762,Americas,1,10.95
10059,8760,Asia,2,8.92
10060,9170,World,0,
10061,22654,Americas,1,
10062,35662,Americas,1,21.62
10063,36671,Americas,1,
10064,30059,Americas,1,14.99
10065,37620,Military,3,22.7
10066,844,Americas,1,15.39
10067,31686,World,0,19.16
10068,18078,Americas,1,
10069,29365,Americas,1,35.0
10070,32850,Military,3,19.95
10071,14511,Americas,1,5.7
10072,27426,Americas,1,
10073,30482,World,0,11.99
10074,33197,Americas,1,17.39
10075,15953,World,0,26.06
10076,36201,Military,3,26.1
10077,7519,Americas,1,37.6
10078,8622,Europe,4,24.99
10079,1330,Ancient Civilizations,7,14.88
10080,22326,Military,3,31.25
10081,9512,World,0,
10082,36901,Military,3,18.07
10083,17089,Americas,1,60.0
10084,7545,Americas,1,12.98
10085,24478,Americas,1,24.95
10086,35665,Americas,1,17.42
10087,23033,World,0,22.99
10088,36281,Ancient Civilizations,7,12.54
10089,23656,Americas,1,
10090,32971,Military,3,13.41
10091,39411,Americas,1,9.67
10092,21238,World,0,
10093,15311,Americas,1,18.0
10094,31828,Americas,1,
10095,32927,Military,3,19.69
10096,35078,Americas,1,28.0
10097,23731,World,0,13.55
10098,36317,Military,3,12.75
10099,11262,Americas,1,18.56
10100,5575,Americas,1,
10101,22529,Americas,1,19.95
10102,13802,Asia,2,
10103,10936,Europe,4,74.85
10104,16323,Americas,1,
10105,18924,Americas,1,
10106,2750,Americas,1,
10107,16993,Americas,1,5.34
10108,16177,Europe,4,39.78
10109,29212,Europe,4,12.37
10110,2923,Europe,4,61.92
10111,36287,Military,3,15.86
10112,27156,Americas,1,27.95
10113,13552,Americas,1,14.46
10114,12488,Americas,1,21.99
10115,11856,Americas,1,21.04
10116,20476,Americas,1,29.95
10117,1660,World,0,22.88
10118,8119,Americas,1,28.81
10119,12430,Americas,1,21.99
10120,24320,Americas,1,
10121,2758,Americas,1,37.76
10122,38032,Military,3,19.14
10123,18575,Military,3,10.81
10124,29324,Ancient Civilizations,7,20.19
10125,27481,World,0,
10126,39580,World,0,
10127,5684,Americas,1,15.05
10128,35079,Americas,1,14.41
10129,4945,Asia,2,16.18
10130,4266,Americas,1,
10131,28040,Americas,1,19.79
10132,23144,Americas,1,23.2
10133,36662,Military,3,18.95
10134,36678,Europe,4,21.95
10135,41178,Americas,1,37.5
10136,6127,Americas,1,7.26
10137,7864,World,0,13.5
10138,3687,Americas,1,28.0
10139,10852,Military,3,35.0
10140,14044,Military,3,45.21
10141,7123,World,0,
10142,12600,Americas,1,14.77
10143,21080,Americas,1,28.6
10144,8385,World,0,
10145,11343,Americas,1,21.99
10146,10671,Americas,1,24.99
10147,41126,World,0,
10148,3047,World,0,30.0
10149,20050,World,0,26.34
10150,29599,Americas,1,37.99
10151,28125,Americas,1,13.26
10152,13374,Americas,1,21.99
10153,6392,Americas,1,
10154,28487,Americas,1,14.86
10155,37442,Americas,1,
10156,20691,Asia,2,25.65
10157,35487,Americas,1,13.89
10158,5016,World,0,11.52
10159,26011,Military,3,14.95
10160,34539,World,0,11.09
10161,37079,Europe,4,22.95
10162,40699,Military,3,148.6
10163,9708,World,0,21.95
10164,31428,Europe,4,
10165,31177,Americas,1,7.56
10166,25292,Americas,1,
10167,15509,World,0,9.99
10168,29520,Americas,1,32.82
10169,18746,Military,3,
10170,18439,World,0,75.51
10171,17825,Americas,1,
10172,12290,Americas,1,21.99
10173,127,Military,3,
10174,29145,Military,3,13.59
10175,16768,Americas,1,
10176,38106,Europe,4,21.93
10177,22226,Americas,1,17.5
10178,1572,Americas,1,16.48
10179,6657,Americas,1,9.77
10180,25590,Americas,1,29.06
10181,40897,Europe,4,80.0
10182,15837,Americas,1,
10183,22921,Americas,1,60.91
10184,40209,Americas,1,19.53
10185,19271,Americas,1,12.85
10186,34136,Americas,1,22.9
10187,11242,Americas,1,21.99
10188,36697,Asia,2,18.95
10189,21583,World,0,9.36
10190,14806,Americas,1,
10191,22639,Americas,1,
10192,2678,World,0,
10193,4977,World,0,10.0
10194,22533,Americas,1,21.29
10195,29296,Military,3,36.79
10196,11852,Americas,1,19.79
10197,4565,Americas,1,26.0
10198,26945,Americas,1,
10199,35791,World,0,11.52
10200,22406,Military,3,
10201,35960,World,0,22.95
10202,30258,Americas,1,10.0
10203,31223,World,0,
10204,35410,Americas,1,16.18
10205,3456,Americas,1,34.0
10206,712,World,0,
10207,38710,Military,3,18.95
10208,12304,Americas,1,21.99
10209,17455,Americas,1,
10210,35979,Australia & Oceania,10,
10211,28744,World,0,29.95
10212,15537,World,0,35.0
10213,11420,Americas,1,17.39
10214,32213,World,0,15.12
10215,33497,Americas,1,15.59
10216,30458,Americas,1,12.95
10217,39398,World,0,17.25
10218,35161,Military,3,8.79
10219,10877,Americas,1,
10220,34810,Military,3,20.52
10221,26352,Military,3,17.75
10222,12277,Americas,1,21.99
10223,22294,Americas,1,26.95
10224,1221,Europe,4,19.87
10225,14493,Americas,1,18.95
10226,5038,Americas,1,7.51
10227,16274,World,0,8.76
10228,6679,Military,3,22.92
10229,26178,World,0,9.51
10230,29413,Americas,1,14.27
10231,10797,Europe,4,11.22
10232,37547,Europe,4,25.07
10233,27078,World,0,17.99
10234,4911,Americas,1,26.95
10235,24517,Americas,1,13.79
10236,40667,Historical Study & Educational Resources,9,39.9
10237,19620,Americas,1,
10238,34689,Americas,1,12.29
10239,31928,Americas,1,23.15
10240,39540,Europe,4,21.81
10241,13167,Americas,1,21.99
10242,39519,World,0,18.95
10243,19048,Americas,1,16.0
10244,16305,Europe,4,65.0
10245,14217,World,0,36.29
10246,26232,Americas,1,17.01
10247,39836,Americas,1,3.99
10248,20708,Americas,1,18.08
10249,14032,Asia,2,14.99
10250,40445,World,0,16.95
10251,34045,Asia,2,15.48
10252,10480,Americas,1,
10253,19232,Americas,1,
10254,15207,Americas,1,
10255,37734,Europe,4,19.95
10256,11823,Americas,1,
10257,20888,Asia,2,7.8
10258,27978,World,0,17.99
10259,13726,World,0,36.03
10260,25981,Military,3,41.51
10261,32128,Americas,1,8.86
10262,4461,Americas,1,19.8
10263,28651,Americas,1,15.64
10264,15566,Middle East,8,14.09
10265,26000,World,0,14.78
10266,11187,Americas,1,21.91
10267,22909,Americas,1,45.95
10268,3382,Military,3,21.09
10269,10080,Americas,1,8.64
10270,28547,Americas,1,13.16
10271,31792,Americas,1,15.74
10272,15468,World,0,4.23
10273,23739,Americas,1,34.95
10274,29762,Americas,1,13.57
10275,4222,Americas,1,16.97
10276,32054,Americas,1,34.95
10277,644,World,0,6.61
10278,41202,Ancient Civilizations,7,9.08
10279,14304,Military,3,
10280,1201,Europe,4,
10281,12083,Americas,1,20.14
10282,10840,Americas,1,34.95
10283,13680,Military,3,
10284,29536,Americas,1,35.0
10285,36072,Europe,4,
10286,24224,Americas,1,
10287,8404,World,0,
10288,27976,Military,3,9.77
10289,14828,World,0,15.99
10290,31577,Americas,1,12.2
10291,13144,Americas,1,14.17
10292,2406,Europe,4,41.95
10293,24245,Americas,1,10.73
10294,24543,Americas,1,24.95
10295,29729,Americas,1,16.19
10296,5300,Americas,1,
10297,23907,Ancient Civilizations,7,19.95
10298,8898,Europe,4,
10299,5436,Americas,1,
10300,27148,Americas,1,40.08
10301,5031,Americas,1,18.96
10302,27835,Americas,1,19.99
10303,14470,Americas,1,
10304,8038,Europe,4,33.03
10305,7346,Americas,1,5.08
10306,408,Americas,1,
10307,31272,Americas,1,
10308,7955,Military,3,
10309,16539,Americas,1,17.49
10310,22839,Military,3,
10311,31817,Americas,1,24.53
10312,39932,World,0,16.95
10313,12880,Americas,1,21.99
10314,12310,Americas,1,21.99
10315,16367,Americas,1,29.41
10316,10520,World,0,23.62
10317,33657,Americas,1,9.0
10318,40413,Americas,1,49.95
10319,16723,Asia,2,10.94
10320,9298,Americas,1,21.0
10321,9536,World,0,
10322,28791,Americas,1,39.95
10323,16635,World,0,27.86
10324,14057,Europe,4,19.95
10325,24928,Americas,1,11.49
10326,3655,Americas,1,23.4
10327,28069,Americas,1,21.71
10328,22710,Americas,1,29.0
10329,4869,Americas,1,15.56
10330,28143,Americas,1,13.7
10331,35879,Americas,1,21.95
10332,38505,Military,3,18.95
10333,39047,Americas,1,18.8
10334,2691,Europe,4,
10335,22292,Americas,1,10.99
10336,8340,Europe,4,0.0
10337,7922,World,0,
10338,23105,Ancient Civilizations,7,23.95
10339,9289,Military,3,59.56
10340,27737,Historical Study & Educational Resources,9,19.95
10341,6684,Military,3,24.93
10342,40844,Europe,4,10.49
10343,22590,Americas,1,18.97
10344,27222,World,0,13.94
10345,30243,World,0,19.95
10346,31873,Americas,1,22.94
10347,35140,World,0,17.4
10348,11558,Americas,1,15.83
10349,34009,Americas,1,14.06
10350,19663,Americas,1,38.75
10351,35425,Americas,1,19.09
10352,4287,Americas,1,44.75
10353,21237,World,0,
10354,18739,Military,3,18.74
10355,15681,World,0,17.09
10356,11393,Americas,1,20.3
10357,9164,World,0,
10358,9723,Americas,1,22.99
10359,28689,World,0,
10360,28874,Europe,4,20.0
10361,39929,Americas,1,
10362,32858,Military,3,81.16
10363,38296,Historical Study & Educational Resources,9,2.87
10364,16418,World,0,19.95
10365,12571,Americas,1,19.3
10366,12733,Americas,1,21.99
10367,39863,Military,3,
10368,14174,Military,3,9.99
10369,27824,Americas,1,7.5
10370,34331,Americas,1,18.53
10371,38726,Europe,4,37.99
10372,17372,Americas,1,20.95
10373,22949,Americas,1,25.0
10374,34705,Americas,1,10.41
10375,38512,Military,3,14.78
10376,38222,Historical Study & Educational Resources,9,17.95
10377,11478,Americas,1,21.99
10378,12908,Americas,1,17.37
10379,23068,Americas,1,35.5
10380,24809,Americas,1,
10381,25375,Americas,1,20.95
10382,6263,Americas,1,
10383,31134,World,0,24.95
10384,28859,Americas,1,16.13
10385,172,World,0,
10386,26602,Americas,1,16.49
10387,14100,Europe,4,22.17
10388,40222,Americas,1,15.95
10389,6268,Americas,1,
10390,7875,Ancient Civilizations,7,43.9
10391,27004,World,0,35.96
10392,12547,Americas,1,20.72
10393,29627,World,0,12.99
10394,14784,Europe,4,15.85
10395,35807,Americas,1,14.44
10396,31808,Americas,1,19.96
10397,14029,Military,3,52.4
10398,29561,Americas,1,
10399,28252,Americas,1,16.8
10400,3448,Americas,1,55.0
10401,40987,Asia,2,19.99
10402,31610,Americas,1,
10403,4625,Ancient Civilizations,7,50.57
10404,22888,Americas,1,
10405,22506,Americas,1,16.95
10406,32757,Americas,1,29.95
10407,20579,Europe,4,10.2
10408,39441,Europe,4,26.09
10409,33163,Military,3,
10410,39101,Americas,1,
10411,26240,Europe,4,19.99
10412,41533,Military,3,13.83
10413,6857,Military,3,13.71
10414,34684,Americas,1,13.86
10415,22501,Americas,1,15.58
10416,11902,Americas,1,17.36
10417,32404,Americas,1,
10418,17414,Americas,1,
10419,9397,Military,3,
10420,28908,Europe,4,
10421,6456,Americas,1,24.76
10422,1851,Ancient Civilizations,7,
10423,34244,Americas,1,17.67
10424,9937,World,0,
10425,29211,World,0,30.55
10426,38847,Americas,1,
10427,30817,Military,3,29.95
10428,3997,Americas,1,
10429,3397,Ancient Civilizations,7,35.49
10430,6410,Australia & Oceania,10,10.0
10431,14115,Military,3,25.88
10432,21765,Military,3,17.7
10433,989,Military,3,13.97
10434,3694,Asia,2,6.75
10435,32928,Military,3,
10436,2393,Americas,1,40.74
10437,29337,Europe,4,19.95
10438,38213,Military,3,34.24
10439,25955,Americas,1,1495.97
10440,13250,Americas,1,21.99
10441,22862,Americas,1,65.56
10442,38485,Military,3,17.9
10443,25916,Americas,1,
10444,36702,Military,3,20.95
10445,26941,Americas,1,
10446,31859,Americas,1,5.84
10447,23278,Americas,1,19.89
10448,894,Americas,1,11.5
10449,29930,Americas,1,8.99
10450,2903,Americas,1,
10451,8310,World,0,17.75
10452,11879,Americas,1,21.62
10453,19316,Americas,1,12.85
10454,15081,Americas,1,
10455,29837,Americas,1,29.95
10456,1087,Americas,1,
10457,39862,Military,3,
10458,1370,Europe,4,14.73
10459,34040,Europe,4,19.94
10460,14492,Military,3,19.37
10461,16872,Military,3,14.94
10462,36285,Military,3,4.49
10463,8045,World,0,
10464,1215,World,0,15.86
10465,5825,Military,3,6.85
10466,346,World,0,
10467,16403,Americas,1,14.94
10468,9396,Middle East,8,5.94
10469,13506,Americas,1,17.47
10470,28191,Americas,1,20.16
10471,15315,World,0,5.78
10472,36222,Military,3,16.74
10473,40316,Americas,1,24.56
10474,38303,Europe,4,15.0
10475,31264,World,0,34.95
10476,36613,Europe,4,22.95
10477,16728,Asia,2,8.83
10478,1231,Europe,4,39.95
10479,39115,Americas,1,5.57
10480,4937,World,0,13.68
10481,35165,Americas,1,16.59
10482,22023,Middle East,8,18.27
10483,41200,Americas,1,59.95
10484,5810,Historical Study & Educational Resources,9,5.28
10485,19854,Americas,1,
10486,35916,Americas,1,23.79
10487,23282,Military,3,
10488,13272,Americas,1,21.99
10489,39066,Americas,1,
10490,16079,Americas,1,14.99
10491,27124,Americas,1,22.02
10492,33704,World,0,16.0
10493,18169,Americas,1,
10494,17887,Americas,1,
10495,34411,Americas,1,14.23
10496,13557,Americas,1,20.38
10497,3808,Americas,1,
10498,37398,World,0,
10499,38466,Europe,4,17.95
10500,40205,Americas,1,48.12
10501,21593,Americas,1,59.97
10502,32362,Americas,1,15.95
10503,39544,Military,3,
10504,14880,Americas,1,12.75
10505,12051,Americas,1,20.38
10506,30110,World,0,9.99
10507,2278,Americas,1,
10508,31141,Americas,1,
10509,36103,Europe,4,36.53
10510,4106,Middle East,8,19.95
10511,33609,Americas,1,
10512,41259,World,0,26.95
10513,37074,Europe,4,34.35
10514,41118,Americas,1,9.98
10515,28070,Americas,1,16.85
10516,10214,Asia,2,48.96
10517,19458,Americas,1,
10518,1060,Americas,1,
10519,5124,Americas,1,15.0
10520,27966,Historical Study & Educational Resources,9,20.4
10521,16269,World,0,16.0
10522,6607,Americas,1,22.59
10523,133,Europe,4,
10524,26056,Military,3,22.94
10525,23025,World,0,3.99
10526,9559,World,0,
10527,16969,Americas,1,19.89
10528,23715,Americas,1,19.95
10529,20361,World,0,
10530,19302,Americas,1,9.63
10531,25687,Europe,4,19.83
10532,23756,Americas,1,
10533,10062,Americas,1,
10534,36965,Europe,4,15.67
10535,16785,Americas,1,42.47
10536,28667,Military,3,7.0
10537,18670,Americas,1,22.94
10538,22392,Military,3,20.3
10539,8466,World,0,
10540,13505,Americas,1,17.36
10541,8737,Americas,1,12.31
10542,4120,Americas,1,
10543,23884,Americas,1,16.95
10544,12301,Americas,1,14.36
10545,10448,Americas,1,
10546,12235,Americas,1,21.09
10547,12370,Americas,1,21.62
10548,39796,Military,3,
10549,25591,World,0,18.0
10550,28793,Americas,1,34.95
10551,38159,Americas,1,15.48
10552,14655,Americas,1,14.99
10553,5252,Americas,1,20.72
10554,20520,Americas,1,24.95
10555,14766,Americas,1,19.29
10556,30839,Asia,2,13.22
10557,14827,World,0,8.99
10558,12618,Americas,1,18.37
10559,38064,World,0,
10560,25830,Americas,1,30.0
10561,21773,Military,3,12.7
10562,14623,Americas,1,24.95
10563,5282,Americas,1,
10564,17599,Americas,1,39.55
10565,1676,Europe,4,19.98
10566,7473,Military,3,15.0
10567,37752,Europe,4,31.82
10568,14360,Military,3,31.5
10569,5689,Americas,1,14.98
10570,33279,Americas,1,23.84
10571,33618,Americas,1,
10572,37526,Military,3,18.95
10573,10873,Americas,1,
10574,37472,Military,3,17.06
10575,4064,Americas,1,27.9
10576,15558,World,0,5.25
10577,29966,Military,3,21.95
10578,28041,Americas,1,18.77
10579,20355,Americas,1,18.45
10580,35964,Americas,1,13.59
10581,36155,Africa,6,27.61
10582,2626,Americas,1,
10583,3910,World,0,
10584,9550,Historical Study & Educational Resources,9,5.49
10585,21340,World,0,
10586,14773,Americas,1,17.99
10587,5345,Asia,2,29.99
10588,13053,Americas,1,21.99
10589,40661,Military,3,40.0
10590,16069,Americas,1,
10591,36564,Military,3,18.95
10592,27249,World,0,
10593,29993,World,0,
10594,38462,Military,3,18.95
10595,6395,Americas,1,8.49
10596,34930,Americas,1,
10597,16423,Americas,1,23.96
10598,13687,Military,3,55.0
10599,36606,Military,3,17.95
10600,41303,Asia,2,47.9
10601,40599,Military,3,18.95
10602,9876,World,0,35.96
10603,9525,Military,3,
10604,9072,Americas,1,
10605,7900,Ancient Civilizations,7,30.24
10606,7341,Asia,2,8.99
10607,36558,Europe,4,18.15
10608,13307,Americas,1,17.29
10609,21485,Americas,1,
10610,40544,World,0,19.95
10611,35731,Europe,4,19.92
10612,8211,Americas,1,
10613,2492,Europe,4,
10614,30840,Military,3,8.87
10615,40480,Historical Study & Educational Resources,9,11.56
10616,28999,Europe,4,12.26
10617,9049,World,0,19.95
10618,40777,Military,3,10.65
10619,10353,World,0,18.81
10620,2414,World,0,34.64
10621,30673,Military,3,37.0
10622,11296,Americas,1,20.38
10623,15978,Americas,1,
10624,9535,World,0,
10625,36377,Americas,1,20.27
10626,5275,Americas,1,
10627,35633,Americas,1,20.66
10628,27552,World,0,7.6
10629,7144,World,0,
10630,17222,Americas,1,
10631,11791,Americas,1,17.39
10632,37658,Military,3,20.86
10633,30759,Americas,1,
10634,17126,Americas,1,85.0
10635,12913,Americas,1,21.99
10636,24043,Americas,1,
10637,30041,Military,3,10.0
10638,38661,Europe,4,17.8
10639,21921,World,0,71.43
10640,32084,World,0,
10641,19695,Americas,1,25.99
10642,32098,Americas,1,
10643,9064,Americas,1,
10644,8023,Americas,1,41.99
10645,8686,Americas,1,
10646,34106,Americas,1,
10647,2540,World,0,
10648,40268,Military,3,28.23
10649,33912,Military,3,11.66
10650,7514,Americas,1,18.59
10651,30208,Americas,1,16.95
10652,25041,Americas,1,83.92
10653,33186,Americas,1,21.36
10654,33733,Americas,1,27.77
10655,39349,Americas,1,10.98
10656,31706,Americas,1,24.0
10657,29138,Europe,4,17.99
10658,28146,Americas,1,21.99
10659,34495,Americas,1,10.93
10660,33888,Military,3,12.95
10661,1568,Americas,1,
10662,17827,Americas,1,16.34
10663,17915,Americas,1,
10664,14573,Europe,4,24.95
10665,34034,Europe,4,
10666,14453,Americas,1,17.95
10667,27635,Military,3,42.24
10668,9674,Americas,1,
10669,29531,Americas,1,30.0
10670,37854,Europe,4,
10671,24341,Americas,1,24.93
10672,2967,World,0,32.5
10673,16750,Americas,1,12.96
10674,35565,Americas,1,15.85
10675,33369,Americas,1,19.99
10676,31767,Military,3,
10677,24250,Americas,1,
10678,39760,Europe,4,17.55
10679,18299,World,0,7.0
10680,23759,Americas,1,
10681,18686,Military,3,38.09
10682,1672,Americas,1,11.5
10683,39359,Americas,1,17.95
10684,2546,World,0,
10685,28848,Military,3,34.74
10686,18893,Americas,1,
10687,6956,Americas,1,
10688,9149,World,0,
10689,21501,Military,3,
10690,13126,Americas,1,21.99
10691,12923,Americas,1,
10692,7825,Americas,1,9.95
10693,11048,Europe,4,27.26
10694,21641,Military,3,31.21
10695,28502,Americas,1,17.38
10696,14729,Asia,2,51.77
10697,40594,Americas,1,17.95
10698,39138,World,0,9.99
10699,39415,Americas,1,14.38
10700,3588,Americas,1,46.42
10701,22655,World,0,5.95
10702,1937,Americas,1,
10703,549,Americas,1,15.08
10704,1974,Americas,1,
10705,36149,Military,3,11.5
10706,1730,World,0,
10707,36611,Military,3,5.98
10708,25903,Military,3,19.95
10709,35012,Americas,1,19.99
10710,5915,Military,3,8.36
10711,38163,Military,3,18.83
10712,13602,Americas,1,21.62
10713,10465,Military,3,
10714,17646,Americas,1,11.0
10715,4645,World,0,
10716,27234,Americas,1,18.96
10717,4678,World,0,
10718,28033,Americas,1,18.66
10719,38321,World,0,14.95
10720,39702,Middle East,8,25.34
10721,21906,Europe,4,24.95
10722,17233,Americas,1,7.83
10723,31708,Americas,1,2.5
10724,34155,Americas,1,
10725,5652,Asia,2,29.95
10726,18524,Military,3,29.35
10727,18665,Military,3,16.09
10728,15484,World,0,21.0
10729,40607,Americas,1,44.0
10730,2942,Americas,1,48.79
10731,36759,Asia,2,15.8
10732,345,Military,3,28.4
10733,27341,Americas,1,19.95
10734,28334,Americas,1,21.99
10735,31774,Americas,1,19.95
10736,29280,Military,3,26.76
10737,12725,Americas,1,21.99
10738,10312,Americas,1,
10739,15992,Americas,1,55.0
10740,12637,Americas,1,12.39
10741,17356,Americas,1,
10742,29387,Historical Study & Educational Resources,9,22.95
10743,34543,Americas,1,15.99
10744,25461,Americas,1,14.05
10745,21410,World,0,20.0
10746,16587,Americas,1,
10747,24586,Europe,4,14.95
10748,18115,Americas,1,24.39
10749,4665,Americas,1,
10750,2195,World,0,12.49
10751,8290,Americas,1,
10752,3746,Europe,4,26.62
10753,36985,Military,3,20.95
10754,16483,Americas,1,15.0
10755,16922,Americas,1,22.64
10756,7688,Europe,4,16.95
10757,8582,World,0,
10758,41535,Middle East,8,20.99
10759,23757,Americas,1,8.3
10760,33326,Americas,1,32.76
10761,19358,Americas,1,38.68
10762,16230,World,0,
10763,18314,Military,3,24.95
10764,21570,Americas,1,
10765,28605,Americas,1,20.22
10766,2501,Americas,1,
10767,6291,Americas,1,4.76
10768,10545,Americas,1,31.72
10769,41332,Americas,1,29.19
10770,11806,Americas,1,15.94
10771,19313,Americas,1,18.78
10772,21048,Asia,2,15.83
10773,27941,Americas,1,25.0
10774,13114,Americas,1,21.99
10775,38763,Americas,1,
10776,7785,Americas,1,16.95
10777,40299,Military,3,34.99
10778,37467,Military,3,12.37
10779,3486,Ancient Civilizations,7,15.0
10780,14095,Europe,4,14.84
10781,24609,Americas,1,14.87
10782,7249,Americas,1,13.99
10783,19941,Asia,2,8.0
10784,27329,Americas,1,18.37
10785,16721,Asia,2,13.94
10786,5460,Americas,1,20.4
10787,21393,World,0,27.31
10788,4680,Americas,1,69.99
10789,11398,Americas,1,17.36
10790,21396,World,0,25.0
10791,33368,Americas,1,
10792,33157,World,0,21.22
10793,9330,Americas,1,4.96
10794,22900,Americas,1,
10795,16886,Americas,1,
10796,4376,Military,3,29.0
10797,18943,Americas,1,26.5
10798,35156,Military,3,16.77
10799,15189,Americas,1,
10800,4330,Asia,2,44.95
10801,11591,Americas,1,20.38
10802,11198,Americas,1,21.99
10803,37929,Ancient Civilizations,7,47.74
10804,21846,Military,3,15.16
10805,10630,Europe,4,14.99
10806,40905,Europe,4,7.54
10807,27449,Historical Study & Educational Resources,9,12.23
10808,33529,Americas,1,14.99
10809,36436,Americas,1,9.42
10810,29622,Military,3,29.99
10811,21720,Military,3,15.8
10812,30103,Americas,1,16.99
10813,388,Americas,1,
10814,41114,Military,3,25.42
10815,16096,World,0,
10816,33552,Americas,1,20.78
10817,40033,Americas,1,19.31
10818,4450,Americas,1,7.45
10819,137,Military,3,4.98
10820,1344,Europe,4,24.8
10821,33845,Americas,1,11.96
10822,19484,Americas,1,
10823,8018,Americas,1,
10824,28986,Asia,2,7.93
10825,5517,Americas,1,
10826,4143,Americas,1,25.0
10827,23647,Americas,1,
10828,16797,Europe,4,19.95
10829,25381,Americas,1,7.96
10830,34089,Americas,1,28.45
10831,7293,Military,3,5.97
10832,18250,World,0,22.27
10833,8987,Military,3,
10834,26080,Americas,1,13.95
10835,18266,World,0,5.48
10836,29232,Europe,4,15.57
10837,37333,World,0,
10838,17520,Americas,1,23.13
10839,1277,Americas,1,15.18
10840,31999,Military,3,66.98
10841,28771,Americas,1,42.0
10842,14741,Military,3,62.49
10843,14090,Ancient Civilizations,7,
10844,819,Europe,4,13.59
10845,46,World,0,14.68
10846,24200,World,0,34.95
10847,41523,Americas,1,
10848,16869,World,0,25.89
10849,8867,Russia,5,38.33
10850,26558,World,0,21.41
10851,17721,Americas,1,
10852,26402,World,0,28.49
10853,39255,Americas,1,
10854,603,Europe,4,
10855,16278,World,0,26.55
10856,7102,World,0,
10857,5393,Americas,1,13.25
10858,25935,Americas,1,
10859,23048,Americas,1,4.65
10860,1065,Americas,1,
10861,2664,World,0,
10862,41104,Americas,1,9.12
10863,12376,Americas,1,21.99
10864,10152,Americas,1,11.29
10865,31190,Americas,1,11.66
10866,1610,Ancient Civilizations,7,27.83
10867,222,Europe,4,
10868,23452,World,0,19.95
10869,32239,Military,3,40.13
10870,18597,Europe,4,21.95
10871,1944,Americas,1,
10872,15134,Americas,1,
10873,4989,Americas,1,14.95
10874,28052,Americas,1,20.47
10875,20370,Americas,1,19.99
10876,9992,Americas,1,30.0
10877,397,Europe,4,15.99
10878,36539,Military,3,
10879,2129,Americas,1,
10880,35542,Americas,1,14.36
10881,16549,Americas,1,16.71
10882,36617,Americas,1,21.82
10883,6567,Americas,1,39.71
10884,17095,Americas,1,20.01
10885,6484,Europe,4,20.62
10886,26825,Americas,1,5.6
10887,3504,World,0,
10888,10622,Americas,1,13.05
10889,37345,Americas,1,22.58
10890,35841,Americas,1,17.95
10891,4936,Americas,1,23.62
10892,2639,Americas,1,
10893,24924,Americas,1,
10894,22811,Americas,1,
10895,38219,Ancient Civilizations,7,17.95
10896,23358,World,0,20.0
10897,14613,Americas,1,29.95
10898,25435,Americas,1,
10899,20854,World,0,28.31
10900,30616,Americas,1,9.8
10901,27288,World,0,
10902,12710,Americas,1,21.99
10903,29360,Americas,1,
10904,8282,Americas,1,
10905,24444,Americas,1,
10906,4004,Americas,1,
10907,25119,Europe,4,
10908,37628,Military,3,15.2
10909,38984,World,0,16.76
10910,31789,Americas,1,36.14
10911,28634,Americas,1,11.8
10912,6522,Americas,1,49.5
10913,37533,Military,3,17.07
10914,19670,Military,3,
10915,38774,Military,3,38.78
10916,38617,Asia,2,14.28
10917,28881,World,0,
10918,23775,Americas,1,
10919,30674,Americas,1,21.4
10920,30833,Military,3,44.95
10921,24213,World,0,14.79
10922,16421,Americas,1,26.29
10923,4812,Europe,4,16.7
10924,10422,World,0,
10925,19910,Americas,1,
10926,33921,World,0,24.94
10927,17521,Americas,1,15.9
10928,3394,Military,3,17.0
10929,30693,Americas,1,23.81
10930,6974,Americas,1,5.59
10931,35243,Americas,1,12.74
10932,31838,Americas,1,
10933,12461,Americas,1,21.99
10934,28852,Americas,1,18.68
10935,13734,World,0,27.86
10936,12659,Americas,1,20.99
10937,31031,Americas,1,13.39
10938,26664,Americas,1,14.07
10939,18087,Americas,1,
10940,11433,Americas,1,17.39
10941,22938,Americas,1,
10942,12967,Americas,1,21.99
10943,27831,Americas,1,25.95
10944,7247,Americas,1,18.0
10945,4505,World,0,17.78
10946,30982,Americas,1,24.95
10947,11783,Americas,1,21.99
10948,13617,Americas,1,21.95
10949,39235,Americas,1,10.95
10950,34472,Americas,1,19.99
10951,39276,Americas,1,
10952,24676,Americas,1,
10953,24347,Americas,1,
10954,6770,Americas,1,
10955,34313,Americas,1,12.05
10956,9584,Americas,1,
10957,39551,Europe,4,
10958,18938,Americas,1,27.5
10959,19527,Americas,1,24.53
10960,7186,Americas,1,
10961,7599,Americas,1,20.4
10962,36199,Military,3,24.63
10963,35055,Americas,1,13.39
10964,25427,Americas,1,
10965,7698,Americas,1,
10966,35199,Americas,1,12.85
10967,2975,Americas,1,4.62
10968,4467,Military,3,19.0
10969,18399,Americas,1,5.31
10970,34608,Americas,1,
10971,30144,World,0,34.95
10972,13517,Americas,1,21.99
10973,31869,Europe,4,21.45
10974,35940,Military,3,16.9
10975,383,World,0,
10976,4085,Americas,1,25.0
10977,40125,Americas,1,
10978,19848,Americas,1,5.7
10979,6562,Americas,1,
10980,12804,Americas,1,20.38
10981,23512,Military,3,
10982,267,Europe,4,29.95
10983,19114,Americas,1,20.72
10984,19242,Americas,1,17.99
10985,38291,Asia,2,14.93
10986,1152,Historical Study & Educational Resources,9,
10987,29999,Historical Study & Educational Resources,9,12.99
10988,1192,Military,3,5.98
10989,36556,Americas,1,17.95
10990,21496,World,0,12.38
10991,27439,Americas,1,19.95
10992,18770,Military,3,13.96
10993,12487,Americas,1,20.76
10994,33364,Americas,1,17.63
10995,36549,Military,3,
10996,36640,Europe,4,20.66
10997,19822,Americas,1,
10998,34771,Military,3,17.81
10999,32843,Europe,4,81.25
11000,3379,Military,3,45.37
11001,30260,Military,3,9.99
11002,19677,Americas,1,
11003,34895,Middle East,8,15.53
11004,33436,Americas,1,
11005,35325,Americas,1,
11006,35066,Americas,1,25.82
11007,11895,Americas,1,21.99
11008,29289,Military,3,27.77
11009,4293,Americas,1,24.95
11010,17556,Americas,1,39.95
11011,23709,Americas,1,
11012,40635,Military,3,28.83
11013,32244,Military,3,40.01
11014,40462,Americas,1,19.62
11015,27071,Americas,1,11.19
11016,26578,Military,3,24.5
11017,18817,Military,3,26.95
11018,30838,Military,3,12.99
11019,12063,Americas,1,21.99
11020,6232,Americas,1,81.77
11021,24864,Americas,1,
11022,15375,Middle East,8,30.37
11023,33269,Americas,1,17.93
11024,272,World,0,16.98
11025,27669,World,0,41.8
11026,10508,Americas,1,
11027,813,World,0,8.78
11028,25422,Americas,1,
11029,14881,Americas,1,9.9
11030,6195,Americas,1,
11031,7628,Americas,1,13.53
11032,4084,Americas,1,
11033,28268,Americas,1,10.18
11034,30294,Asia,2,23.0
11035,23356,World,0,30.0
11036,17841,Americas,1,13.25
11037,12110,Americas,1,21.99
11038,35853,Americas,1,19.98
11039,32740,Americas,1,14.16
11040,24547,Americas,1,
11041,25170,Americas,1,
11042,9059,Americas,1,19.95
11043,12981,Americas,1,21.99
11044,12650,Americas,1,19.99
11045,13905,Europe,4,11.69
11046,3341,Military,3,23.25
11047,32560,Americas,1,22.84
11048,10802,Military,3,39.94
11049,8903,Americas,1,
11050,10798,Military,3,27.0
11051,5550,Americas,1,
11052,35947,Military,3,23.28
11053,26952,World,0,
11054,38747,Europe,4,
11055,21028,Americas,1,
11056,29244,Military,3,29.33
11057,37257,Europe,4,14.88
11058,39788,Military,3,62.23
11059,10670,Military,3,
11060,35449,Americas,1,17.38
11061,35555,Americas,1,17.32
11062,15503,World,0,30.44
11063,31513,Asia,2,26.9
11064,15653,World,0,18.3
11065,34327,Americas,1,13.89
11066,12016,Americas,1,21.99
11067,27667,World,0,41.41
11068,32586,World,0,
11069,16235,World,0,
11070,19253,Americas,1,35.0
11071,26136,Military,3,7.99
11072,14595,World,0,48.44
11073,37679,Europe,4,22.95
11074,25635,Americas,1,35.57
11075,24973,Americas,1,10.39
11076,1686,Americas,1,20.13
11077,32064,Americas,1,13.65
11078,37538,Military,3,5.0
11079,19530,Russia,5,32.95
11080,9220,World,0,25.0
11081,24758,Americas,1,
11082,20186,Americas,1,21.04
11083,13595,Americas,1,21.99
11084,539,World,0,0.99
11085,29678,Americas,1,17.03
11086,40015,Americas,1,
11087,27143,Americas,1,28.3
11088,41509,Americas,1,28.64
11089,30631,Americas,1,27.42
11090,13282,Americas,1,21.99
11091,27845,Americas,1,
11092,35715,World,0,21.0
11093,10660,World,0,24.99
11094,4728,Americas,1,31.42
11095,1006,Ancient Civilizations,7,10.49
11096,3229,Americas,1,
11097,34751,Americas,1,39.08
11098,17419,Americas,1,38.7
11099,4534,World,0,7.17
11100,32989,Americas,1,19.0
11101,21123,Americas,1,
11102,8440,Americas,1,
11103,17298,Americas,1,29.95
11104,20033,Americas,1,46.56
11105,20928,Asia,2,24.0
11106,20984,World,0,14.49
11107,26319,World,0,12.24
11108,8113,Americas,1,
11109,40107,Americas,1,9.97
11110,40436,Americas,1,21.95
11111,9702,World,0,45.0
11112,11321,Americas,1,21.99
11113,36698,Military,3,16.16
11114,31435,Americas,1,
11115,28613,Americas,1,14.95
11116,5464,Americas,1,12.53
11117,10261,Military,3,8.22
11118,14555,World,0,11.33
11119,30796,Military,3,51.5
11120,33301,World,0,24.26
11121,20204,Americas,1,19.96
11122,36685,Asia,2,14.68
11123,32943,Military,3,42.29
11124,13909,Americas,1,8.42
11125,40148,Americas,1,35.0
11126,3777,World,0,
11127,8809,Military,3,
11128,20537,Americas,1,26.95
11129,16164,Americas,1,20.14
11130,33348,Americas,1,4.5
11131,37912,Europe,4,19.74
11132,26106,Europe,4,5.38
11133,38684,Military,3,
11134,9124,Military,3,
11135,28996,Military,3,15.1
11136,33903,Military,3,9.95
11137,41131,Americas,1,11.46
11138,6965,Asia,2,
11139,24977,Americas,1,30.0
11140,35182,Americas,1,19.37
11141,21926,World,0,27.0
11142,13614,Americas,1,16.02
11143,36366,World,0,7.96
11144,39178,Americas,1,18.5
11145,17612,Americas,1,19.97
11146,27653,Historical Study & Educational Resources,9,26.95
11147,40529,Ancient Civilizations,7,10.95
11148,9499,Americas,1,26.95
11149,3357,Asia,2,15.94
11150,38113,Europe,4,15.31
11151,11427,Americas,1,21.99
11152,12068,Americas,1,19.79
11153,13153,Americas,1,21.99
11154,14786,Military,3,48.46
11155,12200,Americas,1,21.99
11156,630,Europe,4,17.0
11157,24356,Americas,1,
11158,21460,Americas,1,12.38
11159,17213,Americas,1,19.95
11160,37967,Africa,6,24.88
11161,23658,Americas,1,22.99
11162,33264,Americas,1,16.95
11163,20877,Americas,1,
11164,16486,Americas,1,16.95
11165,9382,Americas,1,
11166,18810,Africa,6,18.45
11167,24890,Americas,1,
11168,3964,Military,3,15.0
11169,2855,World,0,
11170,6626,Military,3,12.59
11171,10198,World,0,18.64
11172,27999,Americas,1,18.56
11173,32273,World,0,
11174,19652,Americas,1,26.96
11175,21619,Americas,1,37.4
11176,36139,Military,3,3.99
11177,26683,Americas,1,15.62
11178,26310,Americas,1,15.99
11179,22227,Americas,1,11.83
11180,23410,Americas,1,16.3
11181,1527,World,0,
11182,28197,Americas,1,20.66
11183,23347,Americas,1,
11184,32015,World,0,11.99
11185,4744,World,0,50.0
11186,3610,Americas,1,18.95
11187,32664,Americas,1,14.92
11188,28031,Americas,1,19.79
11189,17609,Americas,1,10.49
11190,9089,Americas,1,
11191,8880,Military,3,3214.59
11192,15755,Americas,1,39.95
11193,19136,Americas,1,
11194,22945,Americas,1,
11195,16898,Americas,1,18.71
11196,11376,Americas,1,17.39
11197,6239,Australia & Oceania,10,11.63
11198,33602,World,0,9.99
11199,34184,Americas,1,
11200,27878,Americas,1,9.95
11201,15652,World,0,9.72
11202,10601,Americas,1,18.0
11203,2764,Americas,1,
11204,20722,Americas,1,24.62
11205,31139,World,0,
11206,9026,Europe,4,150.48
11207,35663,Americas,1,18.48
11208,20665,Americas,1,
11209,34389,Americas,1,19.63
11210,7742,Military,3,19.85
11211,16817,Americas,1,16.67
11212,12708,Americas,1,20.99
11213,31494,Americas,1,9.97
11214,31249,Americas,1,
11215,39636,Military,3,37.78
11216,34245,Americas,1,15.56
11217,6156,Americas,1,9.49
11218,5711,Americas,1,20.99
11219,24757,Americas,1,4.99
11220,22857,Americas,1,23.58
11221,14337,Americas,1,40.0
11222,22377,Asia,2,
11223,23529,Americas,1,11.39
11224,34725,Americas,1,24.45
11225,736,Americas,1,10.58
11226,22825,Military,3,
11227,15002,Australia & Oceania,10,1.48
11228,16094,Americas,1,20.94
11229,40773,Europe,4,
11230,21227,Americas,1,41.75
11231,33965,Americas,1,35.1
11232,17113,Americas,1,
11233,23141,Americas,1,23.0
11234,20894,Americas,1,
11235,10186,World,0,25.12
11236,24727,Americas,1,
11237,31108,World,0,
11238,12292,Americas,1,17.63
11239,17054,Americas,1,
11240,31015,World,0,25.48
11241,17176,Americas,1,19.95
11242,841,Americas,1,18.76
11243,20490,Americas,1,74.95
11244,6504,World,0,4.99
11245,37337,Americas,1,
11246,35180,Military,3,19.0
11247,3918,Americas,1,
11248,29859,Americas,1,27.95
11249,26079,Americas,1,10.95
11250,4220,Americas,1,
11251,2545,World,0,
11252,1482,Europe,4,16.0
11253,22929,World,0,19.2
11254,15612,World,0,24.0
11255,13593,Americas,1,17.29
11256,18453,Ancient Civilizations,7,37.68
11257,10123,Americas,1,5.35
11258,15805,Americas,1,24.95
11259,26012,Americas,1,40.22
11260,4540,World,0,8.69
11261,2950,Americas,1,58.35
11262,7510,Americas,1,22.87
11263,6804,Americas,1,19.95
11264,7834,World,0,
11265,33229,World,0,13.19
11266,30221,Americas,1,19.95
11267,30806,Military,3,13.99
11268,4496,Europe,4,
11269,41468,Military,3,11.94
11270,32151,Military,3,
11271,26127,Military,3,12.5
11272,21163,Americas,1,
11273,33752,Americas,1,8.99
11274,31430,Europe,4,12.63
11275,38060,Military,3,22.99
11276,24051,Americas,1,8.91
11277,24271,Military,3,35.79
11278,22241,Americas,1,25.95
11279,14872,Military,3,9.94
11280,28866,Americas,1,9.99
11281,8634,World,0,
11282,37546,Military,3,17.95
11283,29744,Americas,1,13.66
11284,762,Americas,1,15.35
11285,30715,Middle East,8,16.95
11286,33779,Americas,1,
11287,1280,Asia,2,17.08
11288,20009,World,0,11.0
11289,29933,Americas,1,20.4
11290,423,Europe,4,
11291,11546,Americas,1,21.99
11292,2104,Americas,1,36.0
11293,2292,Africa,6,8.96
11294,33438,Americas,1,19.99
11295,21523,Military,3,35.0
11296,24564,Americas,1,
11297,2973,Europe,4,
11298,31922,Americas,1,24.59
11299,29524,Americas,1,24.48
11300,37725,Americas,1,13.34
11301,18094,Americas,1,
11302,16430,Americas,1,10.97
11303,1977,Americas,1,
11304,6045,Americas,1,15.79
11305,38200,Military,3,18.95
11306,24988,Europe,4,
11307,26379,Americas,1,25.92
11308,24526,World,0,
11309,11671,Americas,1,21.99
11310,9363,Americas,1,8.07
11311,28657,Military,3,98.05
11312,36290,Military,3,17.95
11313,27275,World,0,23.41
11314,15363,World,0,29.66
11315,37096,Military,3,18.95
11316,1838,Europe,4,2.5
11317,40954,Ancient Civilizations,7,
11318,33286,Australia & Oceania,10,1.86
11319,8184,Americas,1,
11320,9350,Europe,4,29.4
11321,5527,Americas,1,20.69
11322,32671,World,0,
11323,37681,Military,3,18.95
11324,8470,Military,3,
11325,8873,World,0,17.71
11326,2927,Europe,4,25.07
11327,3313,World,0,13.62
11328,14401,Military,3,38.85
11329,20563,Americas,1,17.37
11330,13588,Americas,1,21.99
11331,35776,World,0,8.81
11332,22806,Americas,1,
11333,39098,Americas,1,19.95
11334,18571,Americas,1,11.68
11335,3427,Americas,1,28.39
11336,24657,Americas,1,28.95
11337,20006,Middle East,8,10.94
11338,30829,Asia,2,
11339,18418,Ancient Civilizations,7,7.97
11340,7395,Military,3,1.5
11341,1458,World,0,
11342,35708,World,0,7.95
11343,32506,Historical Study & Educational Resources,9,22.28
11344,9620,Europe,4,31.32
11345,33887,Americas,1,
11346,18723,Europe,4,17.72
11347,23677,Americas,1,16.2
11348,15027,Military,3,
11349,38012,Military,3,21.06
11350,13236,Americas,1,21.99
11351,11682,Americas,1,20.76
11352,30744,Americas,1,1.95
11353,6069,World,0,13.08
11354,15444,World,0,51.0
11355,28985,Europe,4,42.11
11356,34821,Military,3,15.95
11357,26328,World,0,16.67
11358,39027,Americas,1,
11359,30236,Military,3,14.99
11360,17834,Americas,1,32.5
11361,4498,Ancient Civilizations,7,21.0
11362,25151,Americas,1,
11363,6494,Russia,5,19.72
11364,3234,Asia,2,
11365,26615,Military,3,15.91
11366,24414,Americas,1,
11367,21154,Americas,1,
11368,19559,Americas,1,43.0
11369,6715,Americas,1,
11370,4196,Americas,1,24.95
11371,6848,Americas,1,
11372,1003,Asia,2,15.89
11373,4774,Military,3,
11374,19713,World,0,26.99
11375,28786,Americas,1,47.45
11376,3874,World,0,
11377,26472,Historical Study & Educational Resources,9,
11378,20250,Americas,1,19.95
11379,22016,Middle East,8,23.85
11380,25233,Americas,1,
11381,6285,Middle East,8,5.99
11382,27062,Americas,1,
11383,10697,Americas,1,19.99
11384,34523,Americas,1,19.99
11385,31506,Historical Study & Educational Resources,9,
11386,7570,World,0,16.87
11387,14539,Americas,1,20.66
11388,30528,Europe,4,27.99
11389,24985,Americas,1,
11390,17686,Americas,1,
11391,10455,World,0,12.06
11392,33331,Americas,1,16.99
11393,7889,Americas,1,
11394,9400,Americas,1,16.99
11395,35301,Americas,1,19.85
11396,6419,Americas,1,14.96
11397,15297,Europe,4,13.99
11398,30683,World,0,18.99
11399,12950,Americas,1,16.5
11400,24030,Americas,1,10.39
11401,3500,World,0,19.98
11402,39879,Americas,1,19.95
11403,31230,Americas,1,
11404,18963,Americas,1,26.29
11405,6934,Americas,1,15.25
11406,34697,Europe,4,37.74
11407,5337,World,0,
11408,39112,Europe,4,
11409,5540,Americas,1,10.99
11410,20818,Americas,1,
11411,24452,Americas,1,
11412,19398,Americas,1,26.55
11413,38263,Military,3,19.06
11414,29560,World,0,29.95
11415,8591,Americas,1,
11416,26738,Americas,1,
11417,37689,Americas,1,26.67
11418,11077,Europe,4,3.62
11419,11234,Americas,1,18.56
11420,37043,Europe,4,15.84
11421,20801,World,0,
11422,30187,Ancient Civilizations,7,15.99
11423,40972,World,0,
11424,37770,Europe,4,
11425,10865,Americas,1,
11426,25443,Military,3,10.95
11427,2707,World,0,
11428,20701,Americas,1,25.95
11429,2127,Americas,1,
11430,4252,Americas,1,
11431,21077,Americas,1,
11432,6128,Americas,1,18.73
11433,30224,Military,3,16.99
11434,2572,World,0,
11435,7934,Europe,4,17.06
11436,30993,Americas,1,
11437,30352,Military,3,20.0
11438,9405,Americas,1,13.65
11439,34561,Europe,4,29.78
11440,8151,Americas,1,
11441,2052,World,0,
11442,24632,Americas,1,
11443,8165,Americas,1,
11444,8398,World,0,
11445,27448,World,0,14.36
11446,27019,Military,3,23.39
11447,8146,Americas,1,23.3
11448,27686,Americas,1,23.98
11449,5168,World,0,6.78
11450,7178,Americas,1,
11451,4184,Americas,1,19.95
11452,39011,Military,3,
11453,40263,Americas,1,
11454,10721,Americas,1,29.13
11455,22769,Americas,1,
11456,30088,Americas,1,
11457,25633,Americas,1,12.95
11458,26492,Americas,1,
11459,40475,Americas,1,17.99
11460,23001,Americas,1,14.95
11461,22714,Americas,1,19.23
11462,2476,Military,3,
11463,28564,Americas,1,20.41
11464,28107,Americas,1,19.79
11465,38636,Europe,4,18.92
11466,40797,Military,3,
11467,9252,World,0,
11468,21890,Military,3,71.27
11469,32881,Military,3,
11470,15822,Americas,1,
11471,6363,World,0,14.67
11472,18336,Americas,1,27.77
11473,10506,Americas,1,32.95
11474,23611,Military,3,30.09
11475,18973,World,0,
11476,25668,World,0,
11477,12348,Americas,1,21.99
11478,15750,Americas,1,29.95
11479,14646,Americas,1,16.95
11480,17698,Americas,1,69.98
11481,355,World,0,53.24
11482,22941,Europe,4,
11483,37548,Military,3,21.92
11484,23597,Military,3,9.95
11485,9418,Americas,1,13.62
11486,20391,Americas,1,
11487,34696,Europe,4,9.95
11488,21279,Americas,1,24.95
11489,7011,Americas,1,14.95
11490,23454,Americas,1,
11491,33692,Americas,1,
11492,4822,Middle East,8,
11493,41194,Ancient Civilizations,7,14.98
11494,24132,Military,3,
11495,24041,Americas,1,44.99
11496,10356,World,0,
11497,14874,World,0,13.49
11498,8979,Americas,1,32.4
11499,7063,Americas,1,21.58
11500,11834,Americas,1,17.39
11501,38340,World,0,
11502,24334,Military,3,
11503,21994,Europe,4,11.75
11504,28526,Americas,1,21.99
11505,23229,Americas,1,
11506,10836,Americas,1,4.67
11507,12472,Americas,1,21.88
11508,9090,Americas,1,13.9
11509,12435,Americas,1,15.41
11510,26414,Americas,1,22.17
11511,18397,Americas,1,19.99
11512,32106,Europe,4,14.0
11513,40850,Europe,4,17.49
11514,7898,Europe,4,13.69
11515,36802,Europe,4,25.95
11516,29810,Military,3,
11517,6126,Americas,1,18.48
11518,24840,Military,3,39.95
11519,13984,Americas,1,11.66
11520,34814,Europe,4,16.95
11521,35137,World,0,
11522,26003,Americas,1,15.95
11523,23717,Americas,1,
11524,22729,Military,3,24.9
11525,5786,Europe,4,13.95
11526,23024,Europe,4,
11527,38943,Americas,1,
11528,14124,Europe,4,14.14
11529,19432,World,0,33.2
11530,8133,Americas,1,12.42
11531,2515,World,0,
11532,7204,Americas,1,
11533,18780,Americas,1,10.75
11534,20251,Americas,1,24.95
11535,22768,Americas,1,29.65
11536,13287,Americas,1,21.99
11537,12513,Americas,1,18.56
11538,38026,Europe,4,25.99
11539,36210,Ancient Civilizations,7,12.0
11540,19931,Americas,1,
11541,3639,Africa,6,23.65
11542,6502,Americas,1,9.95
11543,35848,Americas,1,21.95
11544,6909,Asia,2,23.94
11545,20123,Americas,1,
11546,33747,Americas,1,
11547,11543,Americas,1,21.99
11548,1514,Europe,4,11.55
11549,21222,Americas,1,24.71
11550,35957,Americas,1,
11551,31877,World,0,18.95
11552,33956,Asia,2,21.15
11553,38786,Military,3,
11554,32539,Americas,1,
11555,14040,Europe,4,
11556,9154,World,0,
11557,32223,Americas,1,5.7
11558,10925,Americas,1,
11559,25645,Americas,1,
11560,18237,Americas,1,14.41
11561,25624,Middle East,8,19.95
11562,22682,Military,3,9.22
11563,20363,Americas,1,38.33
11564,12757,Americas,1,21.99
11565,13623,Americas,1,21.99
11566,32639,Americas,1,11.95
11567,18849,Americas,1,
11568,575,Americas,1,16.62
11569,12223,Americas,1,21.99
11570,4189,Americas,1,19.95
11571,12136,Americas,1,21.99
11572,29772,Americas,1,11.56
11573,3036,Americas,1,
11574,5604,World,0,37.63
11575,12640,Americas,1,21.93
11576,26067,Europe,4,8.75
11577,15057,Americas,1,7.83
11578,35809,Americas,1,17.77
11579,15488,World,0,
11580,37676,Military,3,22.95
11581,22550,Americas,1,27.95
11582,10088,Americas,1,17.99
11583,29611,Americas,1,20.92
11584,39096,Americas,1,
11585,12492,Americas,1,21.99
11586,4209,Americas,1,6.61
11587,4475,Americas,1,
11588,19366,Americas,1,25.0
11589,31712,Americas,1,14.08
11590,16680,World,0,16.56
11591,32515,World,0,10.4
11592,28654,Americas,1,17.13
11593,40754,Asia,2,94.91
11594,32752,Americas,1,22.77
11595,28616,Americas,1,14.57
11596,99,Asia,2,10.87
11597,14277,Military,3,
11598,36453,Americas,1,19.72
11599,31505,Military,3,8.57
11600,39032,World,0,
11601,39538,Military,3,69.99
11602,17080,Americas,1,
11603,34596,Americas,1,23.12
11604,13985,Americas,1,11.45
11605,13620,Americas,1,21.99
11606,8220,Americas,1,
11607,41128,World,0,9.5
11608,38124,Asia,2,13.25
11609,38313,World,0,
11610,39785,Americas,1,23.17
11611,30785,Military,3,49.0
11612,20395,Americas,1,27.3
11613,21039,Military,3,5.65
11614,24477,Americas,1,39.95
11615,21165,Americas,1,
11616,35582,Americas,1,17.99
11617,9802,World,0,18.57
11618,33088,Americas,1,8.42
11619,6867,Asia,2,17.08
11620,38746,Europe,4,44.05
11621,3772,Americas,1,25.8
11622,9193,World,0,3.5
11623,5658,Military,3,17.94
11624,10470,Americas,1,
11625,32666,Americas,1,22.16
11626,3787,Americas,1,19.47
11627,23628,Military,3,9.95
11628,4688,Middle East,8,22.24
11629,30092,Americas,1,10.0
11630,17210,Military,3,19.23
11631,5155,Europe,4,10.75
11632,37119,Europe,4,14.47
11633,27211,Americas,1,14.4
11634,21426,World,0,12.45
11635,25005,Americas,1,
11636,4399,World,0,26.0
11637,35746,Americas,1,15.31
11638,11963,Americas,1,14.35
11639,13094,Americas,1,21.65
11640,16010,Americas,1,
11641,31382,Americas,1,24.76
11642,9153,Europe,4,
11643,20227,Americas,1,
11644,27556,Americas,1,22.96
11645,15661,World,0,13.52
11646,37144,Military,3,17.95
11647,25412,Military,3,3.99
11648,27235,Europe,4,21.16
11649,20052,Americas,1,7.98
11650,37268,Europe,4,28.29
11651,31800,Americas,1,34.92
11652,16401,Americas,1,16.95
11653,41540,Military,3,24.95
11654,41111,Americas,1,
11655,37580,Military,3,25.16
11656,24493,Americas,1,14.95
11657,41004,Europe,4,11.98
11658,1635,World,0,14.95
11659,1226,Europe,4,20.8
11660,1008,World,0,
11661,8866,Europe,4,12.46
11662,5477,Americas,1,15.44
11663,23400,Americas,1,
11664,12080,Americas,1,21.99
11665,28189,Americas,1,20.38
11666,7574,Americas,1,
11667,21763,Military,3,17.95
11668,41258,Americas,1,
11669,21896,World,0,14.99
11670,30637,Americas,1,30.0
11671,19625,Americas,1,17.93
11672,24551,Ancient Civilizations,7,53.08
11673,35407,Americas,1,19.54
11674,13098,Americas,1,19.79
11675,32227,Americas,1,13.78
11676,6656,Americas,1,
11677,13610,Americas,1,21.99
11678,35615,Americas,1,16.89
11679,14749,Military,3,38.69
11680,33409,Americas,1,21.99
11681,33273,Middle East,8,15.29
11682,875,Europe,4,19.03
11683,26076,World,0,19.95
11684,26348,Americas,1,10.87
11685,11339,Americas,1,21.99
11686,32923,Military,3,86.95
11687,35130,Americas,1,15.12
11688,23158,World,0,
11689,37671,Military,3,17.95
11690,14875,World,0,13.99
11691,30194,World,0,6.99
11692,32502,Americas,1,
11693,10710,Americas,1,
11694,22781,Americas,1,
11695,22594,Americas,1,
11696,22194,Americas,1,12.95
11697,20903,Asia,2,27.0
11698,10577,World,0,23.87
11699,41295,Military,3,35.89
11700,32279,Americas,1,20.99
11701,2948,Americas,1,55.1
11702,20286,Americas,1,
11703,35784,Americas,1,12.88
11704,17781,Americas,1,35.0
11705,37798,Military,3,18.95
11706,28550,Americas,1,19.1
11707,3714,World,0,7.98
11708,13064,Americas,1,16.06
11709,837,Americas,1,15.5
11710,22127,Americas,1,
11711,4003,Americas,1,
11712,3560,World,0,17.2
11713,5139,Europe,4,16.4
11714,20135,Americas,1,19.95
11715,20068,Americas,1,
11716,18954,Military,3,
11717,20380,Americas,1,
11718,7924,Ancient Civilizations,7,
11719,11342,Americas,1,16.85
11720,30417,Americas,1,27.68
11721,27857,Americas,1,25.91
11722,21887,Europe,4,3.94
11723,243,Europe,4,4.99
11724,34470,Americas,1,16.18
11725,14682,Americas,1,24.49
11726,36172,Americas,1,
11727,23096,Americas,1,28.95
11728,20192,Asia,2,19.28
11729,16825,World,0,
11730,1859,World,0,
11731,13352,Americas,1,19.79
11732,26802,World,0,5.2
11733,20139,Americas,1,21.55
11734,9293,Americas,1,
11735,3989,Military,3,
11736,18784,Military,3,
11737,7171,World,0,
11738,37717,Military,3,
11739,10887,Americas,1,
11740,6148,Americas,1,24.93
11741,28493,Americas,1,20.43
11742,38351,Africa,6,
11743,28267,Americas,1,17.38
11744,12839,Americas,1,17.39
11745,21051,Americas,1,18.56
11746,12044,Americas,1,16.43
11747,16072,Ancient Civilizations,7,
11748,19085,World,0,19.62
11749,5416,Ancient Civilizations,7,
11750,2908,Europe,4,
11751,3294,Americas,1,
11752,17555,Americas,1,30.98
11753,40927,World,0,
11754,39244,Americas,1,12.95
11755,7495,World,0,21.46
11756,7022,Americas,1,44.99
11757,35514,Americas,1,15.38
11758,7103,World,0,
11759,3496,Americas,1,29.66
11760,2449,World,0,
11761,41474,Military,3,83.23
11762,30625,Americas,1,21.41
11763,4524,Europe,4,46.8
11764,20294,Americas,1,
11765,21218,Americas,1,13.42
11766,5547,World,0,
11767,14916,Americas,1,39.95
11768,19331,Military,3,
11769,30517,Americas,1,17.91
11770,27512,Americas,1,41.87
11771,25637,Americas,1,
11772,27299,Americas,1,
11773,5514,Americas,1,10.0
11774,1406,Military,3,18.0
11775,1873,Europe,4,
11776,3637,Americas,1,17.95
11777,21454,World,0,13.2
11778,30358,Military,3,12.95
11779,4759,Military,3,8.93
11780,28486,Americas,1,17.36
11781,24115,Military,3,9.5
11782,19015,Military,3,53.25
11783,32513,World,0,9.95
11784,26161,Military,3,15.0
11785,27583,Historical Study & Educational Resources,9,9.99
11786,13577,Americas,1,19.31
11787,23304,World,0,
11788,13631,Americas,1,21.94
11789,5317,Americas,1,39.99
11790,7080,Europe,4,
11791,11904,Americas,1,14.86
11792,22855,Americas,1,
11793,2536,Military,3,
11794,16207,Americas,1,5.35
11795,7118,Europe,4,
11796,4716,Americas,1,
11797,18844,Americas,1,
11798,6872,Europe,4,
11799,16262,World,0,24.52
11800,5472,Europe,4,18.55
11801,36717,Europe,4,17.95
11802,4320,Americas,1,
11803,28650,Americas,1,15.54
11804,16637,Americas,1,21.81
11805,7917,World,0,18.17
11806,24589,Americas,1,
11807,32527,Asia,2,18.12
11808,34619,Americas,1,14.95
11809,24696,Americas,1,
11810,15013,Europe,4,
11811,18644,Military,3,15.93
11812,24962,Americas,1,
11813,10174,World,0,18.64
11814,27130,Americas,1,41.76
11815,11035,Europe,4,
11816,35364,Americas,1,18.53
11817,28792,Americas,1,17.57
11818,31698,World,0,21.92
11819,27619,Europe,4,13.25
11820,41253,Americas,1,6.28
11821,27522,World,0,50.4
11822,29302,Military,3,25.25
11823,28686,Americas,1,19.46
11824,29597,Americas,1,
11825,32480,Military,3,49.96
11826,20772,Americas,1,21.28
11827,23421,Americas,1,
11828,40117,Military,3,30.0
11829,40612,Americas,1,
11830,10993,Americas,1,31.45
11831,20453,Americas,1,
11832,21643,Americas,1,17.95
11833,13253,Americas,1,21.99
11834,24862,Americas,1,
11835,34883,Military,3,24.32
11836,6455,Americas,1,12.59
11837,1923,Americas,1,
11838,20283,Americas,1,59.95
11839,8478,Americas,1,
11840,37618,Military,3,13.59
11841,10642,Americas,1,12.99
11842,24636,World,0,20.0
11843,23909,World,0,5.7
11844,19662,Americas,1,6.42
11845,31208,Americas,1,
11846,8014,Americas,1,24.92
11847,4614,Europe,4,37.0
11848,4109,Americas,1,41.61
11849,19067,Americas,1,
11850,16115,Africa,6,14.32
11851,6355,Americas,1,12.6
11852,23439,Americas,1,18.45
11853,34122,Americas,1,30.0
11854,17050,Americas,1,
11855,26202,World,0,
11856,36003,Americas,1,13.46
11857,8292,World,0,
11858,17964,Asia,2,
11859,37855,Europe,4,44.45
11860,13997,Americas,1,
11861,12024,Americas,1,21.99
11862,31252,Americas,1,19.95
11863,24008,Americas,1,13.22
11864,4121,Americas,1,36.95
11865,38903,Americas,1,13.99
11866,33522,Americas,1,19.99
11867,38477,Middle East,8,9.08
11868,7075,World,0,
11869,2033,Americas,1,15.0
11870,7320,Americas,1,
11871,23607,Americas,1,19.95
11872,9771,Americas,1,23.0
11873,38729,Military,3,
11874,685,Americas,1,20.24
11875,4375,Europe,4,4.25
11876,19265,Americas,1,18.96
11877,27003,Americas,1,
11878,17433,Americas,1,19.95
11879,33051,World,0,5.5
11880,35480,Americas,1,16.19
11881,16841,World,0,15.95
11882,36369,Ancient Civilizations,7,26.96
11883,17972,Americas,1,49.95
11884,40353,Americas,1,27.01
11885,14023,Europe,4,19.99
11886,22849,Americas,1,30.55
11887,8344,Americas,1,25.45
11888,9517,World,0,21.1
11889,7136,World,0,
11890,12898,Americas,1,21.99
11891,34632,Americas,1,14.09
11892,6248,World,0,15.0
11893,26405,Europe,4,36.99
11894,6744,Americas,1,20.46
11895,7850,World,0,
11896,2375,Historical Study & Educational Resources,9,
11897,29803,Americas,1,10.95
11898,3517,Americas,1,
11899,19066,Americas,1,11.6
11900,40801,Military,3,
11901,9774,Americas,1,
11902,16085,World,0,
11903,40266,Military,3,34.99
11904,28778,Americas,1,
11905,13075,Americas,1,17.39
11906,18495,Americas,1,
11907,2361,Americas,1,
11908,3480,Americas,1,
11909,6758,World,0,18.64
11910,20994,Americas,1,35.0
11911,15673,World,0,10.42
11912,23687,Americas,1,12.71
11913,1336,Europe,4,
11914,27418,Americas,1,29.32
11915,12179,Americas,1,18.24
11916,23156,World,0,21.36
11917,5659,Americas,1,11.9
11918,12407,Americas,1,21.99
11919,36474,Military,3,20.63
11920,2201,World,0,24.44
11921,26859,Americas,1,18.48
11922,16655,Americas,1,
11923,40278,Military,3,49.99
11924,39482,Military,3,21.26
11925,10314,Americas,1,
11926,32216,World,0,19.99
11927,4982,Military,3,13.45
11928,10881,Military,3,21.08
11929,12322,Americas,1,21.99
11930,1655,Asia,2,30.95
11931,12736,Americas,1,19.79
11932,25239,Asia,2,13.16
11933,41210,Americas,1,2.83
11934,16413,Americas,1,18.95
11935,9137,World,0,33.79
11936,13312,Americas,1,19.63
11937,30042,World,0,14.39
11938,177,Americas,1,24.01
11939,37865,Military,3,19.95
11940,29045,Europe,4,12.23
11941,12737,Americas,1,21.94
11942,27035,Military,3,3.9
11943,25367,Americas,1,
11944,2059,Americas,1,
11945,8459,World,0,
11946,18805,Americas,1,10.95
11947,31938,Americas,1,29.5
11948,40244,Americas,1,
11949,22101,Americas,1,12.88
11950,17115,Americas,1,
11951,12802,Americas,1,21.99
11952,27040,Americas,1,
11953,4842,Americas,1,18.95
11954,32340,Americas,1,
11955,25277,Europe,4,
11956,39084,Americas,1,
11957,22557,Americas,1,
11958,5135,Europe,4,
11959,7768,Americas,1,16.95
11960,37659,Military,3,22.95
11961,37366,World,0,36.0
11962,17914,Americas,1,
11963,35607,Americas,1,18.77
11964,16221,World,0,
11965,28987,Military,3,17.57
11966,25632,Americas,1,5.0
11967,7442,Asia,2,17.04
11968,12845,Americas,1,19.79
11969,18649,Europe,4,16.97
11970,16918,Americas,1,
11971,10061,Military,3,11.43
11972,31456,Americas,1,14.25
11973,39681,Military,3,69.95
11974,15868,World,0,19.16
11975,27745,Americas,1,26.0
11976,15676,World,0,17.62
11977,3198,Americas,1,20.12
11978,4304,Americas,1,30.0
11979,12784,Americas,1,19.79
11980,22059,Americas,1,
11981,39288,Americas,1,19.1
11982,32644,Americas,1,27.49
11983,28119,Americas,1,12.85
11984,29745,Americas,1,16.72
11985,33910,Military,3,12.95
11986,25253,World,0,
11987,6876,Americas,1,7.66
11988,14921,Americas,1,37.95
11989,40930,World,0,33.91
11990,622,Americas,1,
11991,16394,Americas,1,
11992,19138,Americas,1,26.61
11993,24302,Americas,1,
11994,9188,World,0,13.99
11995,40915,Ancient Civilizations,7,94.96
11996,12374,Americas,1,20.53
11997,40832,Americas,1,
11998,24316,Americas,1,
11999,32251,Americas,1,
12000,22454,Americas,1,33.2
12001,7284,Americas,1,9.99
12002,37569,Military,3,15.93
12003,32741,Americas,1,29.95
12004,6896,Military,3,7.81
12005,24492,Americas,1,17.95
12006,31107,World,0,25.95
12007,31197,World,0,
12008,8514,Europe,4,26.76
12009,7916,Europe,4,
12010,36868,Military,3,17.95
12011,16231,World,0,21.21
12012,19490,Americas,1,7.94
12013,6178,Americas,1,24.0
12014,15265,Americas,1,
12015,11547,Americas,1,20.16
12016,3690,World,0,12.48
12017,7936,Americas,1,17.06
12018,18507,Americas,1,
12019,27905,Americas,1,17.95
12020,9042,Americas,1,19.95
12021,38150,Historical Study & Educational Resources,9,14.64
12022,38331,Military,3,50.18
12023,2208,Americas,1,
12024,6436,World,0,15.1
12025,40494,Americas,1,18.49
12026,34297,Americas,1,17.99
12027,38590,Military,3,15.14
12028,10425,World,0,9.37
12029,34898,World,0,13.69
12030,40121,World,0,6.5
12031,20163,Americas,1,8.09
12032,19269,Americas,1,
12033,10990,Americas,1,33.14
12034,39129,Americas,1,
12035,2298,World,0,
12036,34662,Americas,1,9.2
12037,22752,Americas,1,21.71
12038,15606,World,0,
12039,36083,Military,3,14.53
12040,17418,Americas,1,
12041,6992,Military,3,33.47
12042,34985,Americas,1,34.99
12043,2388,Americas,1,
12044,31142,World,0,9.95
12045,5556,Americas,1,
12046,29341,Americas,1,15.85
12047,28882,World,0,38.6
12048,16487,Americas,1,19.96
12049,39564,Europe,4,20.33
12050,27722,World,0,27.19
12051,32474,Americas,1,17.78
12052,3702,Americas,1,25.25
12053,16325,Americas,1,54.69
12054,20268,Americas,1,49.95
12055,25432,Americas,1,
12056,6067,Americas,1,11.59
12057,8094,Americas,1,
12058,25377,World,0,19.0
12059,29534,Americas,1,75.0
12060,19718,Americas,1,36.99
12061,31443,Americas,1,19.9
12062,2190,World,0,
12063,36478,Europe,4,14.95
12064,25115,Americas,1,
12065,24907,Americas,1,14.95
12066,1928,World,0,
12067,38454,Americas,1,15.83
12068,8928,Military,3,
12069,7801,Military,3,16.01
12070,40703,Military,3,
12071,26516,Americas,1,
12072,13519,Americas,1,17.39
12073,13192,Americas,1,13.05
12074,39406,Americas,1,9.95
12075,37954,Military,3,21.5
12076,18407,Americas,1,11.13
12077,15243,World,0,
12078,2404,World,0,
12079,5716,Americas,1,12.88
12080,25638,Historical Study & Educational Resources,9,575.0
12081,12315,Americas,1,21.5
12082,8180,Americas,1,
12083,6578,Americas,1,12.0
12084,9383,Military,3,40.48
12085,7776,Americas,1,
12086,17742,Americas,1,
12087,31643,Americas,1,18.95
12088,12909,Americas,1,21.99
12089,1009,Americas,1,13.65
12090,40611,Americas,1,
12091,35484,Americas,1,18.8
12092,34006,Americas,1,
12093,36485,Europe,4,9.08
12094,26135,Military,3,7.99
12095,22019,World,0,19.8
12096,13991,Americas,1,9.28
12097,22709,Americas,1,17.99
12098,28941,Military,3,18.95
12099,28642,Americas,1,17.56
12100,2884,Americas,1,8.99
12101,22521,Americas,1,17.95
12102,878,World,0,20.54
12103,18521,Military,3,16.74
12104,23969,World,0,
12105,39433,World,0,
12106,29372,Americas,1,
12107,19499,Americas,1,
12108,41060,Americas,1,29.95
12109,7767,Americas,1,
12110,30901,Military,3,21.95
12111,37897,Military,3,32.45
12112,37683,Military,3,16.38
12113,40036,Military,3,13.53
12114,8525,Europe,4,38.83
12115,33906,World,0,
12116,7647,Americas,1,
12117,10231,Americas,1,28.99
12118,26513,Americas,1,
12119,359,Americas,1,10.0
12120,8136,World,0,
12121,38128,Europe,4,14.97
12122,3132,Americas,1,10.0
12123,32024,Ancient Civilizations,7,
12124,33411,Americas,1,
12125,30399,World,0,30.0
12126,24234,Americas,1,17.95
12127,37940,Europe,4,13.64
12128,11455,Americas,1,19.85
12129,21713,Europe,4,17.95
12130,39923,Americas,1,19.95
12131,21656,Military,3,12.7
12132,35630,Americas,1,18.48
12133,30146,Americas,1,28.94
12134,16580,Americas,1,
12135,16185,Asia,2,39.06
12136,20155,Americas,1,5.7
12137,34890,Military,3,49.95
12138,24483,Americas,1,
12139,22147,Europe,4,
12140,1328,World,0,17.36
12141,7362,Americas,1,25.78
12142,29182,Military,3,19.88
12143,30643,Americas,1,14.9
12144,10771,Americas,1,13.53
12145,33995,Americas,1,30.0
12146,33384,Americas,1,15.91
12147,30155,Military,3,9.95
12148,27379,Americas,1,14.16
12149,14500,Americas,1,14.95
12150,6951,Americas,1,5.68
12151,26860,Americas,1,15.99
12152,19196,Americas,1,
12153,2796,World,0,
12154,21280,Military,3,39.95
12155,34769,Americas,1,20.4
12156,37506,Military,3,17.95
12157,5073,World,0,15.09
12158,7196,World,0,
12159,5559,Americas,1,8.09
12160,15783,Americas,1,
12161,5706,Americas,1,17.7
12162,26774,Americas,1,33.21
12163,11076,Europe,4,7.95
12164,39410,Americas,1,
12165,22609,Americas,1,33.96
12166,1356,Historical Study & Educational Resources,9,13.47
12167,35018,Americas,1,15.2
12168,14775,Military,3,
12169,14763,Americas,1,16.99
12170,411,Historical Study & Educational Resources,9,8.65
12171,31716,World,0,
12172,35053,Americas,1,24.3
12173,17416,Americas,1,
12174,33857,Americas,1,
12175,25445,Americas,1,14.95
12176,286,Americas,1,37.88
12177,36861,Americas,1,
12178,31906,Americas,1,18.76
12179,4161,Americas,1,20.55
12180,25116,Historical Study & Educational Resources,9,75.0
12181,29445,Americas,1,16.36
12182,21928,Military,3,
12183,18923,Europe,4,29.95
12184,27647,World,0,29.95
12185,29391,World,0,15.55
12186,29923,Military,3,12.97
12187,19419,World,0,
12188,20937,Asia,2,
12189,37813,Europe,4,21.95
12190,16307,Americas,1,29.99
12191,40233,Military,3,16.76
12192,29275,Ancient Civilizations,7,15.26
12193,37108,Military,3,18.95
12194,10608,Americas,1,14.95
12195,36456,Europe,4,25.38
12196,31946,Military,3,
12197,9430,Americas,1,5.06
12198,12532,Americas,1,18.56
12199,15854,Africa,6,19.96
12200,30148,World,0,15.32
12201,2408,Americas,1,
12202,12469,Americas,1,16.54
12203,20816,Americas,1,
12204,23886,Americas,1,15.99
12205,7164,World,0,
12206,10368,World,0,
12207,14074,Europe,4,
12208,2544,World,0,
12209,12966,Americas,1,17.37
12210,21463,World,0,11.75
12211,27131,Americas,1,5.7
12212,15046,Americas,1,6.5
12213,4119,World,0,17.6
12214,37958,World,0,20.31
12215,4258,Americas,1,
12216,11684,Americas,1,21.99
12217,9068,Asia,2,16.0
12218,19068,Americas,1,
12219,29121,Military,3,20.68
12220,37585,Asia,2,14.01
12221,33000,World,0,18.0
12222,5844,Asia,2,8.97
12223,7348,Americas,1,
12224,6300,Americas,1,16.2
12225,10460,World,0,15.77
12226,8096,Americas,1,
12227,22772,Americas,1,24.52
12228,34494,Americas,1,19.32
12229,20362,Americas,1,98.75
12230,10182,World,0,18.62
12231,14989,Military,3,
12232,14942,Europe,4,
12233,19058,World,0,13.31
12234,31244,Americas,1,14.99
12235,16614,World,0,16.92
12236,29255,Ancient Civilizations,7,27.98
12237,14709,Military,3,23.63
12238,27485,Americas,1,
12239,2054,World,0,
12240,4880,Military,3,27.24
12241,35543,Americas,1,19.99
12242,1261,World,0,12.66
12243,5860,Military,3,
12244,37399,World,0,9.99
12245,8213,Americas,1,22.99
12246,22505,Americas,1,14.95
12247,32199,Americas,1,
12248,27995,Americas,1,21.99
12249,4254,World,0,24.01
12250,9085,Americas,1,22.74
12251,26716,Americas,1,
12252,213,Asia,2,8.96
12253,9011,Americas,1,15.95
12254,41147,Military,3,49.95
12255,677,Americas,1,14.36
12256,23640,Americas,1,33.69
12257,6341,World,0,9.95
12258,5414,Military,3,21.95
12259,17018,Military,3,17.83
12260,14815,Military,3,60.28
12261,12507,Americas,1,21.99
12262,8544,World,0,
12263,10696,Americas,1,52.05
12264,20346,Americas,1,17.92
12265,21289,World,0,14.7
12266,25323,Americas,1,
12267,10569,World,0,
12268,2616,World,0,
12269,4525,World,0,
12270,34537,Military,3,
12271,24925,Americas,1,25.96
12272,39328,Military,3,
12273,38698,Military,3,22.95
12274,2584,World,0,
12275,18789,Europe,4,
12276,24152,Military,3,
12277,2425,Americas,1,
12278,9875,World,0,27.51
12279,21768,Military,3,1.98
12280,26005,Americas,1,24.99
12281,30026,World,0,14.74
12282,29466,Americas,1,10.95
12283,24733,Americas,1,
12284,17894,Americas,1,42.0
12285,25804,Americas,1,25.51
12286,27681,World,0,25.0
12287,25455,World,0,
12288,5634,World,0,
12289,16425,Americas,1,29.95
12290,38602,Americas,1,15.21
12291,26340,Americas,1,18.15
12292,10812,Europe,4,26.01
12293,26961,World,0,
12294,25285,Ancient Civilizations,7,7.21
12295,36762,Europe,4,20.95
12296,25319,Americas,1,7.48
12297,34776,Americas,1,29.66
12298,38907,World,0,35.0
12299,25139,Americas,1,
12300,32729,Americas,1,24.94
12301,5132,Americas,1,18.87
12302,38947,World,0,9.99
12303,26856,Americas,1,15.29
12304,9897,Americas,1,12.48
12305,8825,Ancient Civilizations,7,17.81
12306,2715,World,0,
12307,31850,Americas,1,
12308,6422,World,0,14.0
12309,5133,Americas,1,31.73
12310,8511,Military,3,
12311,38568,Americas,1,18.96
12312,2211,Americas,1,
12313,4832,Americas,1,6.57
12314,17227,Americas,1,23.99
12315,26278,Military,3,44.99
12316,2918,Europe,4,108.22
12317,16377,Americas,1,19.45
12318,21640,Military,3,
12319,15469,World,0,8.05
12320,38189,Historical Study & Educational Resources,9,17.95
12321,21879,Military,3,3.9
12322,2533,World,0,
12323,17,Europe,4,16.5
12324,6460,Historical Study & Educational Resources,9,44.95
12325,34889,Americas,1,38.34
12326,25767,World,0,13.51
12327,29594,Americas,1,5.26
12328,22759,Americas,1,18.26
12329,9477,Americas,1,
12330,16736,Americas,1,
12331,19780,World,0,78.85
12332,32229,Americas,1,
12333,17277,Americas,1,14.2
12334,11875,Americas,1,19.41
12335,33338,Americas,1,27.35
12336,38104,Asia,2,18.95
12337,26354,Military,3,30.86
12338,19606,Americas,1,21.74
12339,35902,Americas,1,12.2
12340,28697,Americas,1,35.0
12341,21745,Military,3,22.71
12342,22321,Military,3,40.0
12343,20646,Americas,1,28.01
12344,4590,Americas,1,35.0
12345,18533,Americas,1,
12346,34720,Americas,1,5.49
12347,10879,Americas,1,26.5
12348,33041,Americas,1,25.0
12349,34169,World,0,19.81
12350,14804,Europe,4,27.91
12351,6029,Americas,1,5.95
12352,14473,Americas,1,10.01
12353,33759,Americas,1,
12354,11816,Americas,1,21.99
12355,34355,Americas,1,16.99
12356,35804,World,0,12.69
12357,33842,Americas,1,15.99
12358,297,Americas,1,7.73
12359,8487,World,0,
12360,25013,Americas,1,
12361,10594,World,0,
12362,2497,Military,3,
12363,250,World,0,4.98
12364,31948,Military,3,39.0
12365,8518,World,0,
12366,3103,Americas,1,
12367,36443,Asia,2,25.0
12368,37919,Military,3,29.0
12369,12256,Americas,1,21.99
12370,22920,Americas,1,29.95
12371,900,Military,3,
12372,33198,Americas,1,19.93
12373,25768,Americas,1,9.78
12374,37785,Americas,1,17.57
12375,39344,Americas,1,39.99
12376,39667,Military,3,21.41
12377,33363,Americas,1,19.99
12378,21060,Americas,1,
12379,34198,Americas,1,19.79
12380,3120,World,0,
12381,22801,Americas,1,10.97
12382,9167,Americas,1,
12383,16419,Americas,1,12.69
12384,38223,Military,3,22.51
12385,34383,Americas,1,19.99
12386,6292,Americas,1,19.0
12387,28081,Americas,1,16.8
12388,25696,World,0,
12389,27616,Military,3,20.66
12390,11666,Americas,1,21.99
12391,16584,Military,3,
12392,37955,Europe,4,32.42
12393,1650,World,0,40.89
12394,34128,Americas,1,
12395,140,Americas,1,18.99
12396,9851,Europe,4,41.0
12397,15590,World,0,11.02
12398,9146,World,0,
12399,40206,World,0,20.0
12400,36022,Europe,4,
12401,19825,Americas,1,
12402,21102,Americas,1,
12403,39925,World,0,14.6
12404,28688,Americas,1,10.96
12405,21841,Europe,4,
12406,25506,World,0,52.99
12407,26595,Ancient Civilizations,7,22.09
12408,27561,Americas,1,
12409,18685,Americas,1,27.95
12410,1956,World,0,
12411,32234,Americas,1,9.55
12412,41057,Asia,2,7.31
12413,26645,Americas,1,12.14
12414,8943,Military,3,
12415,33096,Americas,1,
12416,31129,Military,3,14.08
12417,34058,Americas,1,26.86
12418,31474,Military,3,19.95
12419,23094,Americas,1,29.95
12420,29173,Europe,4,13.85
12421,21350,World,0,18.62
12422,14575,Asia,2,9.46
12423,7387,World,0,
12424,14711,Military,3,
12425,8468,World,0,
12426,25281,Americas,1,78.89
12427,16051,Americas,1,39.0
12428,39586,Military,3,45.0
12429,2817,World,0,
12430,21413,World,0,18.11
12431,25597,Americas,1,24.95
12432,4813,Ancient Civilizations,7,10.5
12433,24913,Americas,1,
12434,28405,Americas,1,18.69
12435,27168,Americas,1,
12436,30293,Military,3,16.95
12437,31848,Americas,1,
12438,39873,Americas,1,27.6
12439,17311,Americas,1,17.56
12440,3618,Americas,1,
12441,121,Military,3,4.99
12442,4577,Europe,4,29.98
12443,28034,Americas,1,15.3
12444,1148,World,0,
12445,3547,World,0,5.7
12446,34372,Americas,1,15.99
12447,15278,Ancient Civilizations,7,
12448,39135,World,0,24.95
12449,2376,World,0,30.37
12450,11318,Americas,1,16.04
12451,22492,Americas,1,40.0
12452,17072,Europe,4,
12453,12116,Americas,1,21.99
12454,10517,World,0,
12455,33914,Military,3,12.95
12456,2493,World,0,
12457,35300,Americas,1,17.96
12458,37201,Asia,2,12.25
12459,17951,Military,3,13.49
12460,25137,Military,3,
12461,22894,Americas,1,
12462,20790,World,0,35.0
12463,8138,Americas,1,
12464,28759,Americas,1,35.07
12465,2937,Americas,1,
12466,31370,Ancient Civilizations,7,5.27
12467,8134,Americas,1,
12468,3559,Europe,4,32.41
12469,3528,Americas,1,18.0
12470,8870,Americas,1,25.0
12471,33006,Ancient Civilizations,7,22.92
12472,10982,Military,3,37.5
12473,22093,Americas,1,14.63
12474,4097,Americas,1,18.79
12475,7708,Americas,1,19.68
12476,16884,Americas,1,5.98
12477,34038,Americas,1,
12478,7793,Ancient Civilizations,7,
12479,21324,Americas,1,
12480,21347,World,0,5.95
12481,39556,Military,3,46.37
12482,23598,Americas,1,29.95
12483,35463,Americas,1,16.74
12484,6807,Military,3,16.95
12485,6258,Military,3,5.55
12486,31734,Americas,1,10.98
12487,31927,Americas,1,29.95
12488,30862,Americas,1,10.01
12489,520,Ancient Civilizations,7,16.99
12490,10084,Military,3,15.27
12491,23870,World,0,
12492,12285,Americas,1,21.99
12493,38371,Military,3,14.98
12494,13019,Americas,1,17.37
12495,26266,Military,3,27.06
12496,22992,Americas,1,21.18
12497,4264,Americas,1,
12498,19833,World,0,21.86
12499,25895,Americas,1,
12500,14014,Europe,4,
12501,3579,World,0,25.31
12502,18267,World,0,25.77
12503,31710,Americas,1,24.0
12504,35204,Americas,1,19.49
12505,34131,Americas,1,19.95
12506,32068,Americas,1,25.54
12507,1117,Europe,4,
12508,33550,Americas,1,15.99
12509,28373,Americas,1,14.95
12510,3994,Europe,4,
12511,41078,Europe,4,79.0
12512,4749,Americas,1,24.28
12513,11857,Americas,1,15.41
12514,2878,Americas,1,22.95
12515,31735,Americas,1,14.72
12516,348,Americas,1,
12517,4847,Europe,4,17.06
12518,8407,World,0,
12519,3469,Americas,1,16.23
12520,26219,Military,3,13.99
12521,12865,Americas,1,19.79
12522,26334,Americas,1,20.4
12523,3706,World,0,47.95
12524,29988,Americas,1,12.97
12525,36871,Americas,1,22.54
12526,12246,Americas,1,19.79
12527,35981,Australia & Oceania,10,32.95
12528,214,Europe,4,
12529,3634,World,0,26.0
12530,4072,Americas,1,17.95
12531,38091,Military,3,16.16
12532,20273,Americas,1,
12533,13852,World,0,9.98
12534,1664,Americas,1,
12535,2842,Americas,1,
12536,31112,Americas,1,4.45
12537,36787,Military,3,17.95
12538,25978,Americas,1,
12539,1450,Americas,1,14.25
12540,23103,Ancient Civilizations,7,26.95
12541,20451,Americas,1,19.96
12542,23032,World,0,22.09
12543,28691,Military,3,23.95
12544,2242,World,0,
12545,35450,Americas,1,17.99
12546,40083,Americas,1,39.95
12547,27321,Europe,4,23.99
12548,15215,Americas,1,
12549,6184,Americas,1,12.0
12550,4628,World,0,21.0
12551,4343,Europe,4,6.97
12552,7598,World,0,5.61
12553,17595,Americas,1,21.2
12554,32040,Americas,1,
12555,3116,Americas,1,
12556,25674,World,0,26.13
12557,29106,Military,3,12.91
12558,13943,Americas,1,16.24
12559,7137,World,0,53.41
12560,10290,World,0,
12561,24603,Americas,1,
12562,15971,Americas,1,
12563,30940,Americas,1,29.95
12564,29292,Military,3,17.51
12565,31531,Military,3,43.39
12566,513,World,0,8.0
12567,17104,Americas,1,
12568,23203,Americas,1,
12569,19842,Americas,1,
12570,24068,Americas,1,
12571,30440,Americas,1,17.04
12572,5823,Military,3,11.88
12573,29681,Americas,1,14.95
12574,36374,Military,3,28.12
12575,7751,Americas,1,22.21
12576,15806,World,0,
12577,30115,World,0,8.95
12578,28959,Middle East,8,15.27
12579,14522,Americas,1,21.36
12580,31080,World,0,13.99
12581,11181,Americas,1,21.99
12582,41030,Middle East,8,19.71
12583,13988,Europe,4,15.95
12584,36879,Asia,2,17.95
12585,4216,Americas,1,24.26
12586,39095,Americas,1,7.07
12587,8574,Americas,1,20.36
12588,34356,Americas,1,19.99
12589,28288,Americas,1,21.99
12590,38567,Military,3,30.69
12591,30621,Americas,1,17.91
12592,16253,World,0,33.55
12593,37232,Europe,4,
12594,12503,Americas,1,21.99
12595,6352,Americas,1,14.85
12596,12535,Americas,1,21.99
12597,6561,World,0,5.99
12598,23180,Military,3,
12599,34226,Americas,1,16.99
12600,15289,Americas,1,9.12
12601,7275,Americas,1,8.69
12602,12596,Americas,1,21.99
12603,10159,Americas,1,19.75
12604,37186,World,0,
12605,14326,Americas,1,
12606,5528,Military,3,15.84
12607,21362,World,0,17.95
12608,4282,Americas,1,40.0
12609,8542,Australia & Oceania,10,
12610,16887,Americas,1,15.69
12611,17672,Americas,1,22.89
12612,28385,Americas,1,16.4
12613,5522,Americas,1,34.99
12614,37282,Military,3,
12615,5665,Americas,1,18.62
12616,3984,Military,3,
12617,18338,Americas,1,26.5
12618,34382,Americas,1,17.79
12619,7185,Military,3,
12620,33831,Americas,1,13.34
12621,23149,World,0,19.95
12622,22584,Americas,1,20.98
12623,13745,World,0,32.95
12624,12042,Americas,1,21.99
12625,41463,World,0,45.49
12626,401,World,0,
12627,19513,Americas,1,
12628,32204,Europe,4,15.0
12629,23981,World,0,
12630,4546,World,0,47.95
12631,15153,Europe,4,
12632,12480,Americas,1,12.58
12633,21430,World,0,17.0
12634,19776,World,0,18.02
12635,29974,World,0,49.99
12636,810,Asia,2,23.19
12637,40981,World,0,
12638,20194,Americas,1,25.0
12639,13738,Americas,1,8.66
12640,6906,Americas,1,
12641,30214,Americas,1,15.21
12642,7105,World,0,
12643,9498,Americas,1,
12644,18435,Americas,1,23.99
12645,15168,Americas,1,29.95
12646,27762,Americas,1,29.95
12647,18430,World,0,18.37
12648,30039,World,0,18.95
12649,22481,Americas,1,
12650,35839,Americas,1,13.56
12651,19970,Americas,1,25.31
12652,31215,Military,3,37.12
12653,24711,Military,3,
12654,36392,Military,3,
12655,7828,Americas,1,
12656,12744,Americas,1,21.99
12657,15826,World,0,18.8
12658,24986,Americas,1,
12659,25497,Europe,4,
12660,12959,Americas,1,21.99
12661,40935,Europe,4,
12662,20262,Asia,2,26.81
12663,292,World,0,
12664,8025,Americas,1,5.99
12665,17780,Americas,1,30.0
12666,36778,Europe,4,
12667,3144,World,0,58.56
12668,30271,Americas,1,20.4
12669,11396,Americas,1,17.39
12670,1497,World,0,14.31
12671,40709,Military,3,15.26
12672,37680,Military,3,21.99
12673,7451,Americas,1,
12674,34344,Americas,1,14.28
12675,23162,World,0,9.95
12676,3740,Americas,1,21.97
12677,13256,Americas,1,21.99
12678,7209,Americas,1,
12679,2130,World,0,36.95
12680,32100,Americas,1,6.93
12681,22526,Americas,1,17.95
12682,6983,Americas,1,16.65
12683,1997,World,0,39.99
12684,23292,Americas,1,
12685,41204,Americas,1,110.0
12686,21968,Ancient Civilizations,7,13.26
12687,18773,Americas,1,12.29
12688,22355,Military,3,47.93
12689,34423,Americas,1,17.99
12690,28175,Americas,1,13.93
12691,12496,Americas,1,21.99
12692,7010,Americas,1,
12693,26620,Americas,1,15.38
12694,12539,Americas,1,21.99
12695,40643,Military,3,31.46
12696,40383,Americas,1,12.72
12697,29570,Americas,1,8.5
12698,29025,Europe,4,18.95
12699,26137,Military,3,8.99
12700,30233,Americas,1,30.0
12701,29269,Europe,4,25.36
12702,33636,Americas,1,38.95
12703,12494,Americas,1,21.99
12704,30378,Americas,1,18.95
12705,28627,Americas,1,14.95
12706,3014,Americas,1,15.0
12707,3344,World,0,20.0
12708,38194,Military,3,18.95
12709,38611,Americas,1,19.95
12710,31733,Americas,1,
12711,35127,Americas,1,13.36
12712,27992,Americas,1,21.99
12713,22704,Americas,1,47.0
12714,34204,Americas,1,19.04
12715,36326,Military,3,18.95
12716,30167,World,0,19.62
12717,14740,Military,3,29.99
12718,5904,Military,3,
12719,1836,Asia,2,14.95
12720,15118,World,0,39.95
12721,6117,Americas,1,18.0
12722,28978,Europe,4,20.35
12723,14594,Military,3,
12724,28574,Americas,1,17.84
12725,24790,Americas,1,
12726,5047,Americas,1,19.86
12727,30576,Americas,1,39.95
12728,29004,Military,3,17.54
12729,26042,Americas,1,27.92
12730,38849,Europe,4,
12731,7696,Military,3,5.0
12732,5679,Americas,1,8.47
12733,23686,Americas,1,27.72
12734,12156,Americas,1,17.74
12735,11416,Americas,1,14.6
12736,28203,Americas,1,20.62
12737,18127,Americas,1,
12738,39765,Europe,4,19.4
12739,24095,Military,3,
12740,18607,Military,3,24.95
12741,26807,Americas,1,25.97
12742,18986,Americas,1,
12743,19593,Americas,1,33.45
12744,10906,Europe,4,39.95
12745,24400,Americas,1,16.86
12746,36873,Europe,4,17.9
12747,7978,Americas,1,11.54
12748,20525,Americas,1,42.31
12749,14265,Asia,2,5.98
12750,19872,Americas,1,
12751,4545,World,0,13.99
12752,18084,Americas,1,
12753,15079,World,0,
12754,6694,Europe,4,21.33
12755,36045,Europe,4,16.16
12756,34824,Americas,1,14.65
12757,1818,World,0,27.0
12758,29647,Africa,6,25.0
12759,40467,World,0,16.57
12760,29262,Military,3,23.95
12761,5862,Military,3,
12762,17036,Americas,1,
12763,38355,Europe,4,20.74
12764,1321,World,0,12.8
12765,11045,Europe,4,17.59
12766,747,World,0,17.52
12767,12883,Americas,1,19.79
12768,28514,Americas,1,21.99
12769,7872,Asia,2,47.2
12770,11177,Americas,1,21.1
12771,24438,Americas,1,85.0
12772,40230,Americas,1,
12773,26599,Europe,4,8.42
12774,25440,Military,3,
12775,10581,Americas,1,23.21
12776,27325,Americas,1,
12777,29446,Americas,1,
12778,38410,Americas,1,5.89
12779,1921,Americas,1,
12780,23663,Americas,1,
12781,33880,Americas,1,
12782,2467,Americas,1,
12783,24797,Americas,1,
12784,17025,World,0,54.98
12785,3268,World,0,
12786,2873,World,0,
12787,40880,World,0,
12788,8590,Americas,1,
12789,10884,Military,3,35.72
12790,31056,Americas,1,15.99
12791,31440,World,0,
12792,7530,Americas,1,
12793,26286,World,0,12.99
12794,37167,Military,3,33.95
12795,27778,Americas,1,19.49
12796,27525,Americas,1,24.53
12797,39820,Military,3,
12798,11286,Americas,1,21.99
12799,25317,Historical Study & Educational Resources,9,219.0
12800,20550,World,0,
12801,101,Military,3,12.3
12802,25720,Europe,4,
12803,30550,Americas,1,34.0
12804,28019,Americas,1,19.79
12805,12152,Americas,1,21.99
12806,63,Ancient Civilizations,7,40.0
12807,15714,World,0,53.59
12808,13424,Americas,1,21.99
12809,2604,World,0,
12810,31772,Americas,1,
12811,19501,World,0,53.95
12812,14765,Americas,1,13.93
12813,9787,World,0,
12814,41364,World,0,16.84
12815,21571,Middle East,8,54.9
12816,28914,Asia,2,17.66
12817,39160,Americas,1,5.13
12818,5224,World,0,
12819,38665,Europe,4,22.95
12820,35768,Americas,1,
12821,19438,World,0,24.95
12822,31469,Americas,1,16.95
12823,31540,Americas,1,
12824,4391,Americas,1,22.16
12825,34116,World,0,23.65
12826,13451,Americas,1,21.99
12827,24593,Americas,1,14.15
12828,5138,Americas,1,11.52
12829,6463,Americas,1,
12830,11754,Americas,1,9.55
12831,31612,Americas,1,19.95
12832,19892,Americas,1,
12833,39955,Military,3,29.95
12834,32882,Europe,4,38.9
12835,20149,Americas,1,
12836,26550,World,0,
12837,36773,Africa,6,17.95
12838,19272,Americas,1,11.15
12839,35166,Americas,1,16.95
12840,7107,World,0,
12841,32228,Americas,1,18.5
12842,12968,Americas,1,15.78
12843,25079,World,0,
12844,19473,Americas,1,24.0
12845,37213,Europe,4,77.6
12846,21585,Americas,1,22.44
12847,9302,Europe,4,11.95
12848,13466,Americas,1,21.99
12849,37969,Military,3,19.99
12850,27641,Ancient Civilizations,7,34.95
12851,9333,Europe,4,7.78
12852,38445,Military,3,18.04
12853,14858,Americas,1,12.11
12854,23140,Americas,1,
12855,36179,Military,3,28.56
12856,41355,Americas,1,38.11
12857,5245,Americas,1,
12858,1715,Americas,1,
12859,27880,Americas,1,23.99
12860,22461,World,0,29.95
12861,22341,Military,3,
12862,31592,Americas,1,24.66
12863,16379,Americas,1,23.11
12864,17162,Americas,1,19.95
12865,20205,Americas,1,15.54
12866,16028,Africa,6,27.0
12867,11176,Americas,1,18.25
12868,5220,World,0,14.99
12869,36928,Military,3,17.95
12870,28059,Americas,1,21.99
12871,31512,Asia,2,12.98
12872,31751,Americas,1,
12873,13728,World,0,
12874,25811,Americas,1,30.9
12875,11389,Americas,1,17.39
12876,795,World,0,14.67
12877,581,Americas,1,15.65
12878,2157,Americas,1,
12879,5673,Americas,1,10.92
12880,37109,Military,3,17.05
12881,37918,Military,3,33.37
12882,19688,Americas,1,
12883,20949,Americas,1,25.0
12884,39937,Europe,4,16.95
12885,29666,Military,3,7.5
12886,33554,Americas,1,15.58
12887,33144,Americas,1,
12888,5417,Americas,1,35.9
12889,6445,Americas,1,16.73
12890,26061,World,0,8.99
12891,27469,World,0,
12892,28896,Europe,4,10.98
12893,40974,World,0,
12894,5145,Americas,1,8.32
12895,39920,Americas,1,
12896,9299,Americas,1,
12897,19536,Americas,1,23.76
12898,971,Americas,1,24.95
12899,892,Americas,1,32.99
12900,25986,Military,3,44.95
12901,32322,Americas,1,
12902,28292,Americas,1,17.38
12903,12980,Americas,1,21.8
12904,33643,Americas,1,17.96
12905,33601,Americas,1,15.94
12906,28389,Americas,1,19.05
12907,15809,Americas,1,
12908,4953,Americas,1,16.8
12909,36852,Europe,4,18.95
12910,37002,Military,3,14.16
12911,40665,Military,3,
12912,20315,Americas,1,26.95
12913,11402,Americas,1,21.99
12914,37169,Europe,4,18.95
12915,13375,Americas,1,21.99
12916,4612,Military,3,2.5
12917,36573,Military,3,17.95
12918,12709,Americas,1,21.99
12919,39881,Americas,1,
12920,15553,Americas,1,8.18
12921,36012,Military,3,
12922,17994,Americas,1,29.85
12923,31392,Americas,1,84.49
12924,40997,Europe,4,19.6
12925,37674,Military,3,22.95
12926,31327,World,0,
12927,1220,World,0,14.4
12928,37029,Military,3,18.86
12929,13089,Americas,1,21.99
12930,29636,Military,3,
12931,29284,Military,3,22.36
12932,32903,Europe,4,48.61
12933,14487,Americas,1,9.44
12934,23680,Ancient Civilizations,7,
12935,10160,Americas,1,20.89
12936,6011,Americas,1,6.74
12937,7050,Americas,1,15.85
12938,9807,World,0,28.65
12939,20771,Europe,4,39.95
12940,3125,Americas,1,27.5
12941,29761,Americas,1,16.95
12942,6977,Middle East,8,51.01
12943,20869,Americas,1,32.75
12944,25972,Americas,1,15.99
12945,38336,Europe,4,27.71
12946,33581,Americas,1,19.99
12947,2264,Americas,1,
12948,21073,Americas,1,
12949,18362,Russia,5,11.99
12950,25262,Americas,1,15.56
12951,4831,Americas,1,16.34
12952,11507,Americas,1,17.23
12953,142,World,0,20.3
12954,34755,Military,3,17.06
12955,38417,Military,3,
12956,7267,Military,3,
12957,38918,Ancient Civilizations,7,18.0
12958,29338,Americas,1,9.99
12959,12035,Americas,1,21.99
12960,3179,World,0,47.15
12961,25469,Americas,1,19.95
12962,23056,Americas,1,22.95
12963,4101,Americas,1,
12964,23955,Russia,5,
12965,20206,Americas,1,32.64
12966,13415,Americas,1,21.99
12967,28337,Americas,1,21.99
12968,32303,Americas,1,
12969,29214,Americas,1,13.59
12970,9414,Americas,1,
12971,8425,Europe,4,
12972,37639,Military,3,15.09
12973,24247,Americas,1,
12974,6070,Americas,1,
12975,10468,World,0,19.2
12976,2090,Americas,1,
12977,5677,Americas,1,17.81
12978,40804,Asia,2,
12979,36490,World,0,
12980,7051,Americas,1,19.04
12981,37911,Military,3,29.49
12982,15962,Americas,1,
12983,3901,World,0,25.4
12984,31628,Americas,1,
12985,35887,Americas,1,17.4
12986,18186,Americas,1,15.41
12987,11510,Americas,1,21.99
12988,20203,Americas,1,
12989,37162,Europe,4,21.95
12990,14488,Americas,1,16.95
12991,17291,World,0,
12992,21790,Ancient Civilizations,7,12.7
12993,41187,Americas,1,1.99
12994,5628,World,0,33.81
12995,6234,Americas,1,13.69
12996,9625,Americas,1,29.95
12997,23237,Americas,1,
12998,24888,Americas,1,
12999,18933,World,0,
13000,7534,Europe,4,21.99
13001,38062,Americas,1,
13002,19176,Americas,1,43.85
13003,13648,World,0,
13004,13514,Americas,1,21.99
13005,2141,Americas,1,
13006,28800,Americas,1,32.27
13007,24997,Americas,1,44.75
13008,17055,Americas,1,19.95
13009,27261,Americas,1,17.95
13010,31632,Americas,1,25.46
13011,38924,Americas,1,
13012,21724,Asia,2,12.7
13013,37415,Europe,4,17.95
13014,14796,Military,3,20.93
13015,18202,Americas,1,18.35
13016,27850,Americas,1,
13017,38424,Europe,4,17.95
13018,3383,Middle East,8,
13019,34500,Americas,1,21.0
13020,26285,Americas,1,19.95
13021,8370,Asia,2,21.99
13022,39953,Military,3,21.83
13023,2435,World,0,
13024,32267,Americas,1,15.65
13025,8186,Americas,1,
13026,39286,Americas,1,
13027,8579,Europe,4,0.0
13028,30998,Americas,1,16.95
13029,34144,Americas,1,20.67
13030,30541,Americas,1,23.13
13031,20731,Americas,1,21.82
13032,718,World,0,50.87
13033,26814,Americas,1,45.78
13034,29653,World,0,6.99
13035,10376,World,0,
13036,2789,Americas,1,
13037,1106,Military,3,6.47
13038,26786,Americas,1,
13039,28782,Americas,1,21.36
13040,11533,Americas,1,20.38
13041,35985,Australia & Oceania,10,
13042,28418,Americas,1,17.07
13043,16609,Americas,1,25.02
13044,13177,Americas,1,21.99
13045,21391,World,0,26.04
13046,18786,Europe,4,17.74
13047,6176,World,0,18.0
13048,15126,Americas,1,19.99
13049,6712,Americas,1,
13050,28347,Americas,1,17.94
13051,40382,Americas,1,24.95
13052,35494,Americas,1,17.42
13053,16468,Americas,1,15.27
13054,18550,Americas,1,10.48
13055,14073,Americas,1,
13056,4659,World,0,45.2
13057,5568,Europe,4,
13058,22489,Americas,1,37.5
13059,5934,Americas,1,9.0
13060,16599,Military,3,
13061,17714,Americas,1,29.52
13062,27513,Americas,1,51.0
13063,7823,Americas,1,15.65
13064,16398,Americas,1,
13065,33238,Americas,1,10.99
13066,30619,Military,3,11.0
13067,40528,Americas,1,19.95
13068,1598,Ancient Civilizations,7,17.23
13069,17239,Americas,1,
13070,25979,Americas,1,19.95
13071,39927,World,0,
13072,23779,Americas,1,25.2
13073,34258,Americas,1,19.09
13074,5971,Ancient Civilizations,7,
13075,21733,Military,3,17.95
13076,21578,Americas,1,6.99
13077,8779,Americas,1,7.99
13078,33080,World,0,33.08
13079,25571,Americas,1,
13080,34577,Americas,1,44.95
13081,19431,Americas,1,24.95
13082,23537,Americas,1,8.38
13083,2132,World,0,47.26
13084,40049,Americas,1,
13085,34455,Americas,1,19.06
13086,26102,Europe,4,5.38
13087,10042,Americas,1,9.87
13088,8240,Historical Study & Educational Resources,9,26.05
13089,9198,World,0,15.0
13090,32545,Americas,1,19.78
13091,10087,Americas,1,
13092,37905,Europe,4,43.96
13093,31096,World,0,19.76
13094,11743,Americas,1,19.14
13095,39965,World,0,
13096,16929,Americas,1,
13097,23725,Ancient Civilizations,7,40.15
13098,26300,Americas,1,25.0
13099,8751,Military,3,
13100,4051,Americas,1,
13101,28167,Americas,1,16.91
13102,15888,Americas,1,27.0
13103,10458,Military,3,
13104,9109,Europe,4,
13105,14356,Americas,1,31.28
13106,9870,Asia,2,33.92
13107,29577,World,0,
13108,25374,Americas,1,22.94
13109,1890,World,0,12.14
13110,7220,Americas,1,
13111,18912,Ancient Civilizations,7,34.95
13112,35827,World,0,17.02
13113,31425,Americas,1,
13114,30688,Americas,1,12.95
13115,28943,Military,3,17.31
13116,29112,Australia & Oceania,10,15.7
13117,18421,Americas,1,28.71
13118,24689,Americas,1,
13119,19535,Americas,1,31.95
13120,29132,Military,3,15.57
13121,8771,Military,3,
13122,23905,Americas,1,
13123,19145,Americas,1,19.96
13124,25808,Americas,1,19.95
13125,2917,Asia,2,9.0
13126,25306,Military,3,38.0
13127,33335,Americas,1,17.99
13128,33838,Americas,1,14.95
13129,2864,World,0,20.35
13130,8483,Europe,4,
13131,12527,Americas,1,21.99
13132,8332,Middle East,8,12.99
13133,37907,Military,3,81.16
13134,2444,World,0,7.8
13135,28056,Americas,1,19.79
13136,4794,Americas,1,15.9
13137,11717,Americas,1,21.99
13138,39840,Military,3,35.0
13139,2390,World,0,
13140,40100,Americas,1,13.5
13141,13028,Americas,1,20.89
13142,35870,Americas,1,19.18
13143,25070,Americas,1,
13144,26288,World,0,29.31
13145,36854,Military,3,19.25
13146,25012,Military,3,
13147,5221,World,0,10.94
13148,24461,Americas,1,18.29
13149,33196,Americas,1,
13150,23878,Americas,1,
13151,39295,Americas,1,
13152,10126,Americas,1,8.9
13153,20430,Americas,1,19.95
13154,29135,Ancient Civilizations,7,14.29
13155,18444,Asia,2,22.84
13156,27677,World,0,39.16
13157,40715,Military,3,20.52
13158,14699,Military,3,31.5
13159,39296,Americas,1,12.95
13160,705,Americas,1,26.99
13161,2146,Americas,1,
13162,1066,Americas,1,
13163,3570,Asia,2,43.81
13164,12408,Americas,1,19.99
13165,32654,Military,3,22.05
13166,9324,Ancient Civilizations,7,
13167,3176,Americas,1,21.99
13168,39399,Military,3,299.95
13169,32577,Americas,1,
13170,23822,Military,3,47.19
13171,15308,Americas,1,9.75
13172,20544,Americas,1,45.0
13173,12361,Americas,1,21.99
13174,41218,Military,3,16.65
13175,35260,Americas,1,24.77
13176,616,Americas,1,18.48
13177,12795,Americas,1,18.53
13178,19357,Europe,4,40.5
13179,36282,Military,3,9.81
13180,1972,World,0,41.69
13181,29593,Americas,1,15.99
13182,1523,World,0,
13183,37407,Military,3,24.95
13184,7757,Americas,1,35.95
13185,37899,Military,3,43.63
13186,14722,Americas,1,28.48
13187,37786,Military,3,16.69
13188,33456,Americas,1,
13189,29073,Military,3,16.43
13190,223,Americas,1,
13191,31388,Americas,1,38.6
13192,32406,Americas,1,35.0
13193,22053,World,0,22.46
13194,17895,Americas,1,
13195,3246,World,0,
13196,31661,Americas,1,21.95
13197,32531,Americas,1,17.95
13198,25407,Americas,1,
13199,17751,Americas,1,
13200,32346,Americas,1,16.95
13201,20441,Americas,1,37.11
13202,32593,Americas,1,9.95
13203,21293,World,0,15.94
13204,2798,Americas,1,
13205,28809,Americas,1,25.83
13206,10814,Military,3,19.84
13207,15205,Americas,1,
13208,26210,Americas,1,27.99
13209,26869,Americas,1,39.99
13210,35462,Americas,1,15.19
13211,40477,Americas,1,19.99
13212,22782,Americas,1,
13213,24738,Military,3,
13214,37204,Europe,4,9.99
13215,880,Americas,1,
13216,10783,Europe,4,20.49
13217,29484,Americas,1,9.95
13218,37782,Military,3,17.95
13219,4361,Europe,4,
13220,2710,World,0,
13221,29174,Military,3,16.19
13222,1246,World,0,7.19
13223,8856,World,0,12.01
13224,27708,Americas,1,10.87
13225,17503,Americas,1,
13226,18285,World,0,14.95
13227,40037,Americas,1,24.95
13228,33555,Americas,1,15.52
13229,8812,World,0,30.0
13230,2805,Americas,1,
13231,8356,Asia,2,26.04
13232,19828,World,0,
13233,37780,Asia,2,18.95
13234,5425,Americas,1,19.45
13235,29041,Military,3,17.32
13236,15601,World,0,20.64
13237,8008,Military,3,
13238,23681,Americas,1,
13239,10579,World,0,30.99
13240,32418,Americas,1,19.96
13241,18002,Americas,1,
13242,27741,Europe,4,19.95
13243,1475,Americas,1,18.47
13244,17786,Americas,1,
13245,454,World,0,11.78
13246,1612,Americas,1,13.62
13247,19632,Americas,1,47.27
13248,41320,Ancient Civilizations,7,8.16
13249,2601,World,0,
13250,39674,Military,3,39.95
13251,31336,Americas,1,16.85
13252,39703,Africa,6,22.51
13253,30182,Europe,4,29.99
13254,14158,Historical Study & Educational Resources,9,2.78
13255,17052,Americas,1,25.22
13256,19119,Americas,1,17.94
13257,18195,Americas,1,
13258,11714,Americas,1,11.13
13259,24318,Americas,1,
13260,36025,Europe,4,7.95
13261,39755,Military,3,47.23
13262,16507,Americas,1,21.15
13263,25987,Americas,1,14.99
13264,4012,World,0,11.12
13265,5181,World,0,46.15
13266,16492,Americas,1,11.73
13267,14835,Military,3,
13268,39643,Americas,1,18.37
13269,12284,Americas,1,18.66
13270,32145,Military,3,
13271,26669,Europe,4,9.89
13272,7221,Americas,1,
13273,8604,Australia & Oceania,10,27.53
13274,17020,Americas,1,19.95
13275,30671,Americas,1,4.99
13276,34378,Americas,1,19.99
13277,31489,World,0,12.72
13278,14165,Asia,2,19.99
13279,19742,World,0,69.95
13280,12962,Americas,1,16.11
13281,16948,World,0,
13282,3813,Americas,1,5.99
13283,17440,Americas,1,23.95
13284,33794,World,0,24.95
13285,21318,World,0,
13286,25959,Americas,1,11.11
13287,24242,Americas,1,
13288,173,Americas,1,14.16
13289,21276,World,0,
13290,2901,Europe,4,
13291,27438,Americas,1,7.95
13292,13252,Americas,1,20.99
13293,18560,Military,3,
13294,25999,Americas,1,17.95
13295,22358,Military,3,
13296,37193,World,0,39.99
13297,38855,Military,3,
13298,5784,Europe,4,6.6
13299,40159,Americas,1,18.83
13300,10493,Americas,1,20.0
13301,15024,Americas,1,
13302,36049,Europe,4,16.24
13303,14359,Americas,1,47.6
13304,11515,Americas,1,19.25
13305,26530,World,0,9.98
13306,15083,Americas,1,29.95
13307,2405,Americas,1,
13308,8371,Europe,4,26.51
13309,1755,Americas,1,
13310,28356,Americas,1,20.65
13311,23138,World,0,12.95
13312,35318,World,0,
13313,576,World,0,36.49
13314,29164,Military,3,16.2
13315,2924,Americas,1,1.8
13316,38961,Military,3,
13317,28707,Americas,1,28.8
13318,2411,World,0,
13319,23933,Americas,1,
13320,21459,World,0,14.81
13321,40807,Military,3,22.66
13322,23923,Americas,1,
13323,17681,Americas,1,
13324,2947,Americas,1,
13325,28097,Americas,1,20.5
13326,71,Europe,4,7.08
13327,3096,Americas,1,
13328,34948,Americas,1,19.17
13329,26764,World,0,10.39
13330,16294,Americas,1,110.0
13331,14798,Military,3,56.32
13332,23734,World,0,23.86
13333,11040,Military,3,48.28
13334,13356,Americas,1,12.22
13335,30812,Asia,2,22.61
13336,5599,Americas,1,
13337,28624,Americas,1,17.63
13338,36937,Europe,4,15.89
13339,32177,Military,3,
13340,31384,World,0,34.95
13341,33046,World,0,23.95
13342,3183,Americas,1,18.14
13343,31050,Americas,1,12.77
13344,22508,Americas,1,
13345,25384,Military,3,89.95
13346,16145,World,0,12.24
13347,25856,Americas,1,19.95
13348,30162,World,0,8.99
13349,6720,Americas,1,
13350,26684,Military,3,
13351,4164,Americas,1,16.95
13352,17271,Americas,1,6.52
13353,35022,Military,3,12.7
13354,39909,Americas,1,9.97
13355,10535,World,0,
13356,37061,Military,3,17.95
13357,19771,World,0,19.95
13358,4200,Americas,1,
13359,35080,Americas,1,31.78
13360,20232,Americas,1,18.81
13361,37322,Military,3,25.55
13362,7537,Military,3,
13363,30710,World,0,22.0
13364,11068,World,0,
13365,9037,World,0,11.69
13366,8228,Americas,1,
13367,38930,Americas,1,9.95
13368,10274,World,0,
13369,31044,Americas,1,39.91
13370,15672,World,0,40.0
13371,37364,Americas,1,5.98
13372,28153,Americas,1,21.99
13373,39414,Americas,1,17.95
13374,31483,World,0,
13375,3757,Americas,1,7.55
13376,8815,Americas,1,
13377,15985,Americas,1,29.0
13378,21482,Americas,1,19.88
13379,31398,Americas,1,
13380,20438,Americas,1,27.18
13381,5173,World,0,24.05
13382,39299,Europe,4,
13383,31747,Americas,1,10.99
13384,8742,Americas,1,14.79
13385,7420,Military,3,
13386,13501,Americas,1,17.39
13387,23174,Americas,1,19.48
13388,41013,Military,3,37.37
13389,18818,Americas,1,
13390,22587,Americas,1,14.29
13391,22817,Military,3,
13392,4892,Americas,1,19.95
13393,35805,Americas,1,
13394,24706,Americas,1,
13395,18353,Americas,1,16.9
13396,4762,Asia,2,44.99
13397,39336,Americas,1,27.5
13398,33528,Americas,1,
13399,8283,Americas,1,22.6
13400,34756,Military,3,29.66
13401,25296,Military,3,7.2
13402,37640,Europe,4,18.95
13403,7355,Americas,1,16.41
13404,22803,Americas,1,
13405,10636,Americas,1,20.0
13406,36255,Military,3,29.93
13407,1521,Europe,4,12.88
13408,9698,Americas,1,23.05
13409,36809,Europe,4,15.87
13410,3402,Europe,4,25.12
13411,30567,Americas,1,
13412,27161,Americas,1,42.44
13413,1444,World,0,14.67
13414,29528,Asia,2,17.0
13415,35803,Americas,1,13.56
13416,930,Americas,1,9.56
13417,24871,Asia,2,26.39
13418,33374,Americas,1,19.99
13419,35639,Americas,1,19.38
13420,21176,Americas,1,30.96
13421,36418,Military,3,35.96
13422,11609,Americas,1,21.99
13423,39678,Africa,6,28.34
13424,11387,Americas,1,21.99
13425,27945,Americas,1,23.0
13426,15109,Americas,1,
13427,27670,World,0,31.59
13428,1691,Americas,1,
13429,7921,Europe,4,37.95
13430,9534,Military,3,
13431,35359,Americas,1,17.77
13432,24307,Americas,1,
13433,8377,Europe,4,
13434,25021,World,0,
13435,995,Military,3,14.87
13436,32812,World,0,14.99
13437,21399,World,0,18.5
13438,22001,Military,3,63.91
13439,4191,Americas,1,
13440,25719,Americas,1,26.94
13441,9553,World,0,5.99
13442,39549,Military,3,33.52
13443,12369,Americas,1,16.79
13444,11013,Americas,1,10.0
13445,7460,Americas,1,13.98
13446,17860,Americas,1,
13447,37887,Europe,4,29.95
13448,9573,World,0,7.75
13449,26476,Americas,1,
13450,35322,World,0,
13451,26565,Americas,1,
13452,27646,World,0,12.96
13453,17539,Americas,1,24.17
13454,29551,Russia,5,19.95
13455,833,Americas,1,10.48
13456,13902,World,0,12.0
13457,5081,Asia,2,8.0
13458,15711,Americas,1,35.88
13459,10772,Americas,1,54.9
13460,5584,Americas,1,8.99
13461,21895,Military,3,
13462,26773,Americas,1,9.7
13463,25787,Military,3,33.0
13464,31962,Americas,1,27.92
13465,4110,World,0,27.95
13466,1508,Americas,1,20.0
13467,9816,World,0,42.0
13468,20868,Americas,1,15.87
13469,30282,Military,3,26.76
13470,13650,Americas,1,15.83
13471,17136,Americas,1,21.95
13472,16443,Americas,1,17.95
13473,19898,Americas,1,33.73
13474,14077,Americas,1,
13475,3398,Europe,4,16.45
13476,37827,Europe,4,11.5
13477,6920,Americas,1,8.6
13478,18760,Americas,1,7.78
13479,21541,World,0,
13480,21535,Americas,1,4.83
13481,12972,Americas,1,21.37
13482,4080,Americas,1,
13483,40739,Americas,1,15.5
13484,474,World,0,13.95
13485,33739,Ancient Civilizations,7,13.27
13486,7007,World,0,20.63
13487,24939,Americas,1,
13488,36792,Ancient Civilizations,7,20.74
13489,30406,Americas,1,17.54
13490,290,Americas,1,24.56
13491,41549,Americas,1,24.09
13492,13810,Americas,1,8.97
13493,19383,Americas,1,18.43
13494,4211,Americas,1,23.16
13495,18340,Americas,1,22.5
13496,26343,Americas,1,19.04
13497,1173,World,0,
13498,33955,Americas,1,27.77
13499,27333,Americas,1,
13500,19570,Americas,1,
13501,30376,Americas,1,14.95
13502,9660,World,0,35.0
13503,10166,World,0,3.0
13504,11100,Europe,4,7.0
13505,5259,Military,3,7.73
13506,4418,World,0,
13507,8189,Americas,1,
13508,20777,Americas,1,18.93
13509,30928,Americas,1,
13510,40822,Europe,4,18.53
13511,34381,Americas,1,18.56
13512,11779,Americas,1,20.64
13513,19922,World,0,
13514,19655,Americas,1,38.43
13515,40056,Americas,1,5.98
13516,28187,Americas,1,17.39
13517,40402,Americas,1,20.97
13518,38126,Historical Study & Educational Resources,9,18.95
13519,22741,Americas,1,
13520,17220,Americas,1,49.0
13521,26668,Americas,1,14.84
13522,27805,Americas,1,22.95
13523,24916,Ancient Civilizations,7,
13524,31949,Americas,1,
13525,29008,Military,3,20.0
13526,33904,Americas,1,
13527,17250,World,0,14.86
13528,37968,Europe,4,39.29
13529,39517,Americas,1,
13530,8781,World,0,
13531,19147,Americas,1,43.82
13532,28368,Americas,1,17.54
13533,29392,Americas,1,23.89
13534,10714,Americas,1,45.0
13535,21669,Europe,4,12.7
13536,9222,World,0,13.2
13537,21912,World,0,
13538,4444,Americas,1,
13539,38449,Americas,1,17.95
13540,39911,World,0,9.84
13541,32690,Military,3,6.66
13542,30560,Americas,1,
13543,41454,World,0,7.29
13544,39183,Americas,1,24.95
13545,23344,Africa,6,39.5
13546,19090,Ancient Civilizations,7,
13547,41058,Americas,1,31.89
13548,39706,Military,3,34.5
13549,32189,Americas,1,12.42
13550,22567,Americas,1,
13551,10546,Historical Study & Educational Resources,9,19.03
13552,16953,Americas,1,18.01
13553,4778,World,0,
13554,28478,Americas,1,17.64
13555,18342,Americas,1,24.95
13556,9423,Europe,4,43.17
13557,35126,Americas,1,18.25
13558,11175,Americas,1,25.05
13559,26822,Americas,1,11.98
13560,41476,Americas,1,9.82
13561,2677,World,0,
13562,6034,Americas,1,14.29
13563,40264,Americas,1,21.95
13564,40165,Americas,1,25.0
13565,18136,Americas,1,22.92
13566,28951,Ancient Civilizations,7,16.69
13567,12287,Americas,1,19.79
13568,18848,Americas,1,59.24
13569,39707,Military,3,44.72
13570,15113,Americas,1,
13571,8651,Americas,1,51.99
13572,14005,Europe,4,
13573,40143,Americas,1,15.95
13574,25655,Military,3,30.14
13575,32065,Americas,1,41.95
13576,3745,Americas,1,45.86
13577,25569,Americas,1,
13578,23425,Americas,1,
13579,35475,Americas,1,19.02
13580,18244,World,0,18.84
13581,27744,Americas,1,14.95
13582,32775,World,0,13.8
13583,13759,World,0,
13584,9009,Americas,1,19.95
13585,8227,Americas,1,
13586,6429,World,0,14.74
13587,38609,Military,3,
13588,15864,Americas,1,
13589,29487,Americas,1,15.95
13590,37301,Europe,4,
13591,23823,Military,3,
13592,31022,Americas,1,
13593,27110,Americas,1,23.79
13594,37247,Military,3,15.64
13595,26237,Americas,1,11.99
13596,23826,Military,3,28.97
13597,33038,Americas,1,17.97
13598,31619,Americas,1,
13599,21855,Military,3,
13600,34686,Americas,1,23.42
13601,1138,World,0,15.16
13602,40146,Americas,1,12.95
13603,29780,Americas,1,11.54
13604,29459,Americas,1,25.99
13605,4062,Americas,1,
13606,29632,Ancient Civilizations,7,32.99
13607,41480,Americas,1,130.0
13608,17840,Americas,1,15.01
13609,20993,Americas,1,38.54
13610,41156,Americas,1,87.13
13611,4713,World,0,4.8
13612,3387,Americas,1,7.09
13613,24899,World,0,
13614,8157,Americas,1,29.8
13615,19292,Military,3,8.99
13616,40285,Military,3,44.55
13617,7165,Americas,1,
13618,12520,Americas,1,14.66
13619,40609,Military,3,24.0
13620,29384,Americas,1,32.85
13621,19573,Americas,1,
13622,7281,Americas,1,7.99
13623,32949,Military,3,52.01
13624,17340,Military,3,34.82
13625,24844,Americas,1,
13626,29465,Military,3,14.99
13627,5643,World,0,
13628,31659,Americas,1,27.11
13629,34719,Americas,1,19.06
13630,39067,Americas,1,
13631,22659,Military,3,8.4
13632,2373,World,0,
13633,31636,Americas,1,34.95
13634,24592,Americas,1,14.96
13635,12267,Americas,1,21.99
13636,32893,Military,3,13.95
13637,8757,Americas,1,49.64
13638,2538,Americas,1,
13639,2605,World,0,
13640,32802,World,0,
13641,35925,Americas,1,16.95
13642,28741,Americas,1,32.59
13643,6223,Americas,1,27.95
13644,29156,Europe,4,13.34
13645,2619,World,0,
13646,38894,Americas,1,
13647,35905,Americas,1,11.69
13648,19802,World,0,
13649,31516,World,0,
13650,15849,World,0,21.98
13651,12187,Americas,1,19.79
13652,29770,Americas,1,12.88
13653,2883,Americas,1,25.0
13654,2319,World,0,23.5
13655,14170,Military,3,20.77
13656,24664,Americas,1,
13657,38543,Europe,4,17.95
13658,27371,Americas,1,10.39
13659,150,World,0,
13660,2372,Americas,1,
13661,33985,Americas,1,29.95
13662,32815,Americas,1,9.48
13663,37490,Americas,1,25.04
13664,1446,World,0,13.52
13665,15298,Americas,1,16.85
13666,34575,Americas,1,24.39
13667,14641,Americas,1,23.82
13668,26446,Europe,4,25.23
13669,29763,Americas,1,13.56
13670,11585,Americas,1,21.99
13671,5379,Americas,1,12.04
13672,5117,Americas,1,
13673,10071,Americas,1,17.0
13674,6939,Europe,4,19.95
13675,40854,World,0,30.79
13676,36023,Europe,4,
13677,9365,Europe,4,8.59
13678,24702,Americas,1,
13679,19498,Americas,1,
13680,34630,Americas,1,21.99
13681,29679,Americas,1,
13682,8893,World,0,
13683,6489,Americas,1,14.99
13684,38279,Americas,1,14.17
13685,13922,Europe,4,12.0
13686,15638,World,0,53.82
13687,22851,Americas,1,
13688,35445,Americas,1,11.79
13689,1471,Historical Study & Educational Resources,9,23.64
13690,21696,Military,3,37.96
13691,15637,World,0,12.56
13692,9052,Africa,6,19.99
13693,28507,Americas,1,15.59
13694,4673,Americas,1,25.49
13695,12280,Americas,1,21.99
13696,485,World,0,
13697,7791,Ancient Civilizations,7,
13698,23119,Americas,1,9.85
13699,12740,Americas,1,23.16
13700,15476,World,0,25.37
13701,11736,Americas,1,24.99
13702,6068,Americas,1,25.4
13703,25908,World,0,15.0
13704,4296,Americas,1,21.27
13705,478,World,0,14.94
13706,32313,World,0,16.95
13707,36120,Europe,4,30.52
13708,13185,Americas,1,21.99
13709,27658,Americas,1,
13710,18357,Americas,1,3.35
13711,6241,Middle East,8,10.11
13712,35675,Americas,1,19.34
13713,17067,Americas,1,18.91
13714,7439,Military,3,13.39
13715,10385,Americas,1,
13716,21299,Europe,4,16.91
13717,27578,Ancient Civilizations,7,78.78
13718,3949,Americas,1,26.96
13719,12351,Americas,1,21.99
13720,37068,Military,3,17.95
13721,4503,Europe,4,74.99
13722,23240,Americas,1,
13723,36553,Europe,4,21.56
13724,37820,Europe,4,17.95
13725,15877,Americas,1,
13726,34767,Americas,1,5.37
13727,16362,Americas,1,26.95
13728,34479,Americas,1,16.99
13729,8978,Europe,4,11.5
13730,32319,Americas,1,36.95
13731,16000,Americas,1,28.61
13732,10610,Military,3,19.99
13733,18828,Military,3,19.95
13734,2220,Americas,1,28.64
13735,1259,Europe,4,22.46
13736,35989,Africa,6,5.7
13737,17385,Military,3,9.07
13738,38814,Europe,4,58.95
13739,39230,Americas,1,6.48
13740,38560,Americas,1,19.32
13741,4344,Europe,4,
13742,39528,World,0,19.95
13743,34945,Americas,1,5.29
13744,16003,World,0,38.0
13745,38354,Europe,4,35.0
13746,1804,Americas,1,28.39
13747,1844,Ancient Civilizations,7,
13748,10980,Americas,1,19.85
13749,18875,Europe,4,8.01
13750,16883,Americas,1,24.95
13751,18373,Military,3,26.86
13752,39355,Americas,1,14.95
13753,16229,World,0,
13754,22579,Americas,1,26.69
13755,12320,Americas,1,18.66
13756,33780,Military,3,
13757,18326,Americas,1,
13758,41067,Americas,1,19.94
13759,24721,Americas,1,
13760,10343,Americas,1,
13761,9995,Americas,1,
13762,7913,Military,3,
13763,6332,Americas,1,16.99
13764,26725,Europe,4,27.8
13765,8589,World,0,22.6
13766,18634,Military,3,17.82
13767,41438,Europe,4,109.78
13768,34357,Americas,1,19.99
13769,31253,Americas,1,11.95
13770,29350,Americas,1,13.95
13771,35698,Military,3,7.77
13772,5671,Military,3,15.81
13773,16703,World,0,
13774,29934,World,0,9.33
13775,20987,World,0,22.78
13776,39992,Historical Study & Educational Resources,9,19.15
13777,19804,Americas,1,26.0
13778,451,Military,3,
13779,28417,Americas,1,17.38
13780,17047,Americas,1,17.98
13781,40240,Americas,1,13.7
13782,11931,Americas,1,21.99
13783,4472,Americas,1,26.1
13784,11733,Americas,1,24.99
13785,18985,World,0,69.95
13786,40022,Americas,1,16.95
13787,41024,Military,3,5.96
13788,22712,Americas,1,35.0
13789,12029,Americas,1,18.56
13790,8940,World,0,12.95
13791,41392,Americas,1,
13792,31930,Americas,1,26.02
13793,487,World,0,15.71
13794,22379,Americas,1,
13795,22121,Americas,1,
13796,32367,Americas,1,32.95
13797,13958,World,0,8.97
13798,32632,World,0,47.08
13799,22085,Americas,1,6.0
13800,37565,Asia,2,18.1
13801,5003,Americas,1,19.99
13802,15137,Americas,1,29.95
13803,1042,Military,3,59.94
13804,35754,Americas,1,21.95
13805,25175,Americas,1,12.0
13806,17456,Americas,1,26.95
13807,31893,Americas,1,
13808,5647,Europe,4,9.69
13809,6619,Americas,1,7.95
13810,269,Americas,1,
13811,26719,Americas,1,
13812,26798,Military,3,20.19
13813,24573,Americas,1,7.9
13814,23080,Americas,1,
13815,24126,Asia,2,
13816,8447,Europe,4,
13817,29370,Americas,1,29.95
13818,27263,Africa,6,24.95
13819,35116,Americas,1,9.99
13820,17505,Americas,1,32.4
13821,3210,Europe,4,95.0
13822,1190,World,0,
13823,16068,Americas,1,
13824,33140,Americas,1,30.0
13825,14445,Europe,4,12.7
13826,563,World,0,
13827,22196,Americas,1,17.95
13828,29995,Europe,4,20.39
13829,19858,World,0,19.21
13830,33431,Americas,1,
13831,20630,Americas,1,5.7
13832,37281,Military,3,9.84
13833,5253,Americas,1,9.05
13834,26742,Americas,1,
13835,14907,World,0,
13836,28646,Americas,1,12.42
13837,40682,World,0,21.5
13838,10623,Ancient Civilizations,7,23.95
13839,11414,Americas,1,21.99
13840,15117,World,0,5.89
13841,351,World,0,
13842,9489,World,0,
13843,18808,Military,3,19.95
13844,9844,Americas,1,9.95
13845,23917,Ancient Civilizations,7,18.0
13846,37151,Military,3,17.95
13847,13179,Americas,1,21.99
13848,27137,Americas,1,16.42
13849,22045,Asia,2,
13850,40955,World,0,16.98
13851,30083,Military,3,16.99
13852,6373,Americas,1,14.83
13853,41038,Americas,1,25.0
13854,39919,Americas,1,20.88
13855,11469,Americas,1,17.73
13856,6713,Americas,1,
13857,30019,World,0,
13858,40394,Americas,1,
13859,3475,Americas,1,27.2
13860,38781,Military,3,
13861,6280,Americas,1,4.81
13862,5953,Americas,1,23.48
13863,37328,World,0,
13864,21266,World,0,10.4
13865,15388,Europe,4,31.95
13866,15054,Americas,1,6.99
13867,3779,Europe,4,27.95
13868,13164,Americas,1,21.67
13869,11973,Americas,1,20.99
13870,37034,Military,3,13.91
13871,483,World,0,11.67
13872,13238,Americas,1,21.99
13873,1380,Europe,4,15.59
13874,39479,Europe,4,
13875,2281,Americas,1,4.5
13876,36019,Europe,4,
13877,6087,Asia,2,5.99
13878,18378,Military,3,29.49
13879,11792,Americas,1,20.61
13880,10501,World,0,23.98
13881,12340,Americas,1,21.99
13882,20935,Americas,1,
13883,9279,World,0,11.6
13884,36013,Military,3,
13885,12146,Americas,1,21.99
13886,21937,World,0,7.0
13887,37117,Asia,2,17.92
13888,40677,World,0,
13889,13656,Middle East,8,24.14
13890,27881,Americas,1,16.99
13891,12758,Americas,1,14.42
13892,19102,Americas,1,19.96
13893,40926,Ancient Civilizations,7,
13894,35087,World,0,50.0
13895,25195,Americas,1,20.41
13896,23354,Americas,1,
13897,15004,Military,3,13.75
13898,12249,Americas,1,19.79
13899,10039,Americas,1,14.0
13900,6289,Europe,4,15.29
13901,28587,Americas,1,21.99
13902,23153,World,0,19.95
13903,14148,Military,3,20.0
13904,20387,Americas,1,14.35
13905,14218,World,0,32.0
13906,25704,Military,3,16.95
13907,31268,Americas,1,27.95
13908,7356,Ancient Civilizations,7,24.75
13909,5332,Americas,1,41.82
13910,26573,World,0,27.19
13911,11617,Americas,1,20.76
13912,32354,Americas,1,25.0
13913,607,Americas,1,
13914,5420,Americas,1,18.37
13915,36689,Europe,4,17.95
13916,30780,Asia,2,
13917,10898,Americas,1,
13918,35966,Americas,1,16.5
13919,33099,Africa,6,6.95
13920,29537,Americas,1,14.99
13921,26722,Americas,1,23.99
13922,36615,Americas,1,17.95
13923,10989,World,0,11.48
13924,20876,Americas,1,31.99
13925,22083,Americas,1,
13926,4195,Americas,1,
13927,39554,Historical Study & Educational Resources,9,44.3
13928,38526,Asia,2,18.95
13929,41059,Americas,1,33.95
13930,34842,Europe,4,32.47
13931,16109,Americas,1,12.96
13932,30775,Americas,1,21.95
13933,10981,Americas,1,
13934,10809,Americas,1,23.0
13935,15336,Americas,1,15.96
13936,35598,Americas,1,19.99
13937,14840,Americas,1,14.32
13938,7429,Military,3,14.56
13939,12106,Americas,1,21.99
13940,25627,World,0,31.35
13941,39318,World,0,
13942,16200,World,0,5.39
13943,11358,Americas,1,21.99
13944,14673,Military,3,69.99
13945,13583,Americas,1,21.99
13946,23254,Americas,1,16.95
13947,26733,Americas,1,
13948,30824,Americas,1,13.5
13949,38335,Europe,4,42.95
13950,23372,Americas,1,23.13
13951,29347,World,0,17.95
13952,12014,Americas,1,20.38
13953,5116,Americas,1,11.98
13954,35834,World,0,15.46
13955,27864,Americas,1,35.0
13956,25424,Americas,1,
13957,10726,Americas,1,8.87
13958,38597,Military,3,
13959,17317,Americas,1,
13960,10727,Americas,1,
13961,28563,Americas,1,17.38
13962,7700,Americas,1,
13963,27967,Europe,4,19.04
13964,1309,Europe,4,
13965,25578,Military,3,47.0
13966,22252,Americas,1,16.95
13967,20940,Americas,1,
13968,7912,Military,3,
13969,2397,Americas,1,
13970,27817,Americas,1,15.0
13971,3050,Europe,4,20.29
13972,6750,Americas,1,19.95
13973,21935,Europe,4,32.95
13974,8715,World,0,12.18
13975,5390,Americas,1,
13976,34929,Americas,1,6.53
13977,506,World,0,12.87
13978,35497,Americas,1,19.66
13979,10788,Americas,1,13.0
13980,2136,Americas,1,14.99
13981,20613,Americas,1,
13982,38880,Americas,1,
13983,31029,Americas,1,
13984,9098,World,0,
13985,34048,World,0,54.9
13986,8276,Americas,1,67.43
13987,15239,Military,3,
13988,36136,Asia,2,17.95
13989,11379,Americas,1,19.79
13990,4365,Americas,1,40.5
13991,8852,World,0,15.31
13992,3752,Asia,2,36.0
13993,22997,Americas,1,51.01
13994,12347,Americas,1,21.99
13995,39826,World,0,
13996,21610,Americas,1,54.58
13997,28590,Americas,1,17.65
13998,20230,Americas,1,
13999,10513,World,0,33.37
14000,176,World,0,40.32
14001,40909,Military,3,
14002,17828,World,0,
14003,10509,World,0,25.39
14004,9199,World,0,34.2
14005,39741,Military,3,46.26
14006,6690,Americas,1,26.06
14007,18622,Europe,4,21.95
14008,23497,Americas,1,
14009,39271,Americas,1,23.97
14010,31380,Europe,4,6.53
14011,38081,Europe,4,17.38
14012,26429,Americas,1,26.99
14013,6627,Americas,1,18.76
14014,39182,Americas,1,
14015,20554,Americas,1,17.95
14016,3710,Ancient Civilizations,7,45.73
14017,40794,Military,3,34.22
14018,25221,Americas,1,
14019,25026,Americas,1,
14020,31126,Americas,1,12.15
14021,32072,Americas,1,
14022,30969,Americas,1,13.77
14023,32590,Americas,1,
14024,14499,Americas,1,20.79
14025,36580,Military,3,17.95
14026,31087,Americas,1,
14027,7553,Military,3,3.93
14028,20779,Americas,1,
14029,16343,Americas,1,17.59
14030,39185,Americas,1,
14031,24707,Americas,1,
14032,33540,Americas,1,
14033,19557,Americas,1,13.51
14034,8281,Americas,1,
14035,20164,Americas,1,
14036,38767,Europe,4,
14037,27520,Americas,1,6.86
14038,14792,Americas,1,12.99
14039,6987,Americas,1,23.34
14040,12978,Americas,1,11.17
14041,24122,Americas,1,
14042,2084,Americas,1,
14043,32904,Military,3,
14044,1399,Europe,4,13.61
14045,39307,Americas,1,12.49
14046,6616,Africa,6,15.9
14047,36705,Europe,4,18.95
14048,9075,Americas,1,
14049,30665,Europe,4,10.5
14050,6709,Americas,1,
14051,9307,World,0,7.98
14052,8731,Americas,1,12.18
14053,22988,Americas,1,
14054,36232,Military,3,14.95
14055,26063,Military,3,14.95
14056,7060,Americas,1,16.81
14057,5669,Americas,1,30.2
14058,29736,Americas,1,17.68
14059,23371,Americas,1,37.78
14060,10823,Americas,1,19.0
14061,8454,World,0,
14062,13756,Asia,2,
14063,32302,Americas,1,
14064,33594,Americas,1,
14065,38341,Europe,4,51.99
14066,37312,Europe,4,5.0
14067,37802,Europe,4,16.13
14068,20685,Americas,1,
14069,13113,Americas,1,24.29
14070,22381,Americas,1,17.0
14071,4440,World,0,29.56
14072,20839,World,0,
14073,4398,Americas,1,34.34
14074,22268,Americas,1,19.95
14075,39896,Military,3,
14076,30590,Americas,1,19.95
14077,19496,Asia,2,57.6
14078,10250,Americas,1,30.13
14079,8575,Americas,1,25.23
14080,10201,World,0,29.62
14081,35736,Americas,1,15.59
14082,2194,Europe,4,
14083,2333,World,0,
14084,30568,World,0,
14085,9545,Americas,1,
14086,12694,Americas,1,19.79
14087,39682,World,0,14.99
14088,14695,Military,3,43.28
14089,36048,Military,3,28.0
14090,19326,Americas,1,
14091,30273,Americas,1,19.04
14092,15744,Asia,2,33.53
14093,17979,Americas,1,
14094,32683,Americas,1,
14095,21680,Military,3,
14096,7819,Americas,1,5.95
14097,31885,Europe,4,20.03
14098,35095,Americas,1,15.25
14099,27262,World,0,8.74
14100,23117,Americas,1,26.55
14101,22964,Americas,1,
14102,27625,Military,3,36.95
14103,20668,World,0,28.95
14104,20072,Americas,1,21.56
14105,3266,World,0,
14106,15908,Ancient Civilizations,7,14.95
14107,1671,Americas,1,27.35
14108,29065,Military,3,22.22
14109,30758,Americas,1,18.0
14110,18455,Asia,2,4.99
14111,26243,Military,3,36.42
14112,8505,Europe,4,
14113,28872,Americas,1,21.08
14114,2582,Americas,1,
14115,38941,Americas,1,19.31
14116,9407,Americas,1,18.46
14117,36948,Europe,4,18.95
14118,23152,Military,3,24.98
14119,30608,Americas,1,42.5
14120,36833,Ancient Civilizations,7,30.18
14121,28700,Americas,1,17.89
14122,5222,World,0,16.71
14123,39148,Americas,1,4.52
14124,38368,Europe,4,18.13
14125,31589,Americas,1,24.95
14126,27091,World,0,14.95
14127,1558,Americas,1,12.21
14128,17808,Americas,1,
14129,27664,World,0,66.26
14130,15550,World,0,27.45
14131,2898,World,0,
14132,34147,Americas,1,24.59
14133,18294,World,0,16.95
14134,2018,Americas,1,
14135,24875,Americas,1,17.5
14136,28895,Americas,1,9.89
14137,8902,Europe,4,
14138,7042,Military,3,7.76
14139,7627,Ancient Civilizations,7,14.36
14140,25061,Americas,1,17.95
14141,11890,Americas,1,21.62
14142,38347,Europe,4,12.97
14143,9362,Historical Study & Educational Resources,9,13.48
14144,36872,Military,3,17.61
14145,19100,Americas,1,24.95
14146,19214,Americas,1,24.95
14147,24355,Military,3,478.16
14148,13088,Americas,1,20.38
14149,8233,Americas,1,
14150,2993,Military,3,16.27
14151,36101,Americas,1,20.29
14152,1057,World,0,18.95
14153,39563,Europe,4,27.46
14154,33587,Americas,1,19.99
14155,15397,World,0,29.95
14156,11229,Americas,1,21.99
14157,21594,Americas,1,44.0
14158,20663,Americas,1,
14159,28984,Military,3,15.84
14160,11718,Americas,1,20.73
14161,22513,Americas,1,14.99
14162,9900,Europe,4,25.48
14163,12244,Americas,1,12.45
14164,34146,Americas,1,30.0
14165,34677,Americas,1,7.8
14166,13815,Americas,1,14.05
14167,9513,World,0,
14168,13736,Americas,1,
14169,37427,Military,3,18.44
14170,7199,Americas,1,
14171,24983,Americas,1,
14172,26658,Europe,4,25.02
14173,18291,World,0,20.74
14174,15559,World,0,11.61
14175,4230,Americas,1,6.85
14176,30577,Americas,1,21.7
14177,30361,Americas,1,14.95
14178,1455,World,0,13.41
14179,9642,Americas,1,30.8
14180,36260,World,0,14.41
14181,2718,World,0,
14182,11847,Americas,1,21.99
14183,15296,Americas,1,18.75
14184,13953,World,0,
14185,7682,World,0,
14186,37964,Europe,4,39.95
14187,17295,Americas,1,18.0
14188,20075,Americas,1,22.95
14189,40814,Europe,4,73.71
14190,21599,World,0,18.95
14191,34953,Americas,1,15.07
14192,19353,Europe,4,73.77
14193,29428,Americas,1,15.08
14194,23445,Americas,1,15.96
14195,11052,Europe,4,129.74
14196,3498,Americas,1,25.0
14197,24333,Americas,1,14.95
14198,19124,Americas,1,24.95
14199,33379,Americas,1,20.31
14200,26037,Americas,1,9.95
14201,37715,Europe,4,17.95
14202,13883,Americas,1,29.09
14203,31426,Europe,4,15.0
14204,1056,Europe,4,
14205,22464,Americas,1,5.49
14206,29216,Americas,1,19.04
14207,8114,World,0,
14208,11838,Americas,1,19.79
14209,38103,Military,3,18.95
14210,35366,Americas,1,19.99
14211,25330,Military,3,35.0
14212,40656,Military,3,161.42
14213,33068,Americas,1,9.83
14214,852,World,0,13.59
14215,12949,Americas,1,21.99
14216,4490,World,0,
14217,3978,Americas,1,
14218,18119,Americas,1,
14219,13962,World,0,
14220,14929,Americas,1,7.49
14221,9938,Americas,1,
14222,25531,World,0,11.99
14223,32342,Americas,1,
14224,32013,World,0,21.99
14225,27095,Americas,1,
14226,37630,Americas,1,16.11
14227,1388,World,0,16.98
14228,5601,Americas,1,
14229,30033,Russia,5,15.99
14230,22618,Americas,1,
14231,6377,Europe,4,9.49
14232,22916,Americas,1,7.44
14233,7113,World,0,
14234,9809,World,0,
14235,17928,Americas,1,
14236,15662,World,0,25.0
14237,8051,Ancient Civilizations,7,17.95
14238,16947,Americas,1,23.69
14239,32086,Americas,1,19.76
14240,4593,World,0,
14241,41155,Europe,4,13.43
14242,32164,Military,3,40.46
14243,11216,Americas,1,8.54
14244,25751,Americas,1,14.95
14245,16387,Americas,1,11.82
14246,35521,Americas,1,18.54
14247,8886,Americas,1,
14248,27870,Europe,4,19.99
14249,19893,World,0,26.0
14250,33913,Military,3,
14251,23209,Americas,1,20.0
14252,37530,Asia,2,15.28
14253,9653,Americas,1,
14254,4408,Americas,1,
14255,22062,World,0,
14256,32910,Americas,1,18.95
14257,18783,Africa,6,7.9
14258,2441,Americas,1,
14259,14350,Americas,1,20.22
14260,13705,Military,3,8.4
14261,2120,Americas,1,
14262,30451,Americas,1,25.53
14263,26571,Americas,1,
14264,4024,Americas,1,23.17
14265,39609,Military,3,
14266,34687,Americas,1,12.7
14267,25314,Americas,1,
14268,39065,Americas,1,19.72
14269,27711,Americas,1,6.17
14270,13916,Americas,1,4.49
14271,574,Military,3,27.27
14272,30892,World,0,
14273,31366,Americas,1,74.95
14274,6286,Military,3,
14275,38027,Military,3,21.61
14276,33682,Americas,1,23.35
14277,7859,Europe,4,20.33
14278,15259,Americas,1,35.0
14279,19638,Europe,4,24.06
14280,19592,Americas,1,
14281,20781,World,0,33.27
14282,41281,Americas,1,
14283,33610,Americas,1,35.96
14284,4871,Americas,1,
14285,1047,Americas,1,
14286,3110,Americas,1,16.73
14287,18527,Military,3,5.65
14288,32243,Military,3,
14289,27786,Americas,1,
14290,7667,Americas,1,19.89
14291,25759,Military,3,
14292,12403,Americas,1,21.99
14293,16077,World,0,
14294,23287,Military,3,
14295,25695,Ancient Civilizations,7,68.28
14296,31981,Americas,1,19.95
14297,20744,Americas,1,45.88
14298,26188,Americas,1,9.99
14299,13594,Americas,1,17.39
14300,29440,Americas,1,8.87
14301,32516,World,0,17.95
14302,32565,Europe,4,
14303,33124,World,0,
14304,22847,World,0,29.2
14305,39103,Americas,1,35.96
14306,2173,World,0,64.5
14307,3609,Americas,1,
14308,13633,Americas,1,21.26
14309,3027,Americas,1,
14310,15097,Americas,1,53.95
14311,19495,Americas,1,
14312,33565,Americas,1,15.99
14313,14627,Military,3,56.99
14314,6257,Americas,1,3.98
14315,10070,Americas,1,7.99
14316,674,World,0,40.16
14317,18598,Europe,4,
14318,11793,Americas,1,21.99
14319,40724,Asia,2,12.19
14320,3264,World,0,
14321,5688,Military,3,19.04
14322,13458,Americas,1,21.99
14323,23657,Americas,1,
14324,2489,Europe,4,
14325,9250,World,0,22.5
14326,12022,Americas,1,17.39
14327,39231,Americas,1,
14328,11269,Americas,1,20.38
14329,11099,Americas,1,4.5
14330,25332,World,0,21.95
14331,39587,Military,3,18.75
14332,2819,Americas,1,
14333,12001,Americas,1,19.79
14334,19223,Americas,1,6.0
14335,28975,Military,3,16.59
14336,15671,World,0,
14337,37583,Europe,4,17.95
14338,4105,Americas,1,25.0
14339,1878,World,0,16.92
14340,21024,Americas,1,34.95
14341,17823,Americas,1,14.95
14342,40766,Military,3,
14343,26097,Americas,1,17.2
14344,13735,Americas,1,
14345,13390,Americas,1,11.79
14346,40687,Ancient Civilizations,7,11.1
14347,18332,Americas,1,17.31
14348,1302,Ancient Civilizations,7,8.91
14349,39480,Military,3,40.0
14350,4964,Americas,1,8.69
14351,30800,Military,3,59.99
14352,6637,Europe,4,31.98
14353,26152,Middle East,8,
14354,17538,Americas,1,26.73
14355,15741,Americas,1,25.78
14356,34661,Americas,1,39.95
14357,17832,Americas,1,
14358,2006,World,0,
14359,13657,Americas,1,
14360,8603,Americas,1,19.11
14361,26117,World,0,15.95
14362,18104,World,0,24.99
14363,14381,Americas,1,13.91
14364,36370,Military,3,30.82
14365,6687,Americas,1,25.85
14366,23646,Americas,1,24.95
14367,20259,Americas,1,79.95
14368,38428,Military,3,
14369,21244,Americas,1,50.0
14370,37992,Military,3,21.58
14371,21910,World,0,24.99
14372,27187,Americas,1,19.99
14373,11476,Americas,1,18.56
14374,2447,Americas,1,
14375,3303,Military,3,35.0
14376,5871,Americas,1,
14377,35086,Americas,1,
14378,12365,Americas,1,21.21
14379,12113,Americas,1,17.36
14380,3995,Americas,1,
14381,22146,Americas,1,26.0
14382,32523,World,0,19.9
14383,3473,Americas,1,22.35
14384,7695,Military,3,
14385,9138,Europe,4,
14386,6671,Americas,1,9.95
14387,6676,World,0,22.46
14388,34682,Americas,1,12.29
14389,583,Americas,1,
14390,14930,World,0,
14391,17984,Americas,1,
14392,40273,Military,3,34.99
14393,25932,Americas,1,16.99
14394,8546,World,0,
14395,542,Americas,1,34.95
14396,27501,World,0,
14397,1276,Military,3,16.04
14398,13022,Americas,1,20.38
14399,33241,World,0,15.92
14400,31028,Americas,1,20.0
14401,22234,Americas,1,37.5
14402,38029,Military,3,3.83
14403,16666,World,0,
14404,33693,Americas,1,29.93
14405,1030,Europe,4,13.65
14406,17117,Americas,1,29.28
14407,17035,Americas,1,24.34
14408,36414,Ancient Civilizations,7,
14409,872,World,0,14.8
14410,20023,Americas,1,
14411,32386,Americas,1,18.55
14412,32087,Americas,1,19.76
14413,39516,Americas,1,
14414,17026,Americas,1,17.84
14415,7328,Military,3,22.57
14416,11263,Americas,1,17.1
14417,22872,Americas,1,
14418,14494,Americas,1,16.95
14419,17645,World,0,
14420,26093,Americas,1,16.1
14421,9644,Americas,1,
14422,29193,Americas,1,12.19
14423,27205,Americas,1,
14424,30632,Americas,1,
14425,3213,Americas,1,
14426,20488,Americas,1,29.95
14427,4957,Military,3,39.0
14428,29496,World,0,
14429,41046,Europe,4,34.99
14430,26443,Americas,1,28.59
14431,12123,Americas,1,21.99
14432,4993,Americas,1,
14433,5736,Americas,1,13.95
14434,11538,Americas,1,21.99
14435,15771,Americas,1,
14436,29812,Military,3,
14437,20412,Americas,1,32.95
14438,33393,Americas,1,19.99
14439,29580,Americas,1,16.95
14440,30040,Americas,1,7.95
14441,35747,World,0,16.99
14442,11494,Americas,1,21.99
14443,29555,Americas,1,32.0
14444,18952,World,0,18.24
14445,39860,Americas,1,11.95
14446,14552,World,0,29.37
14447,34063,Americas,1,40.27
14448,21121,Americas,1,
14449,10429,Asia,2,20.87
14450,24943,Americas,1,
14451,1874,Europe,4,
14452,32162,Americas,1,9.04
14453,8513,Military,3,
14454,14416,Ancient Civilizations,7,7.59
14455,8653,World,0,
14456,16780,Americas,1,36.05
14457,26706,Americas,1,
14458,31243,World,0,
14459,27836,Americas,1,19.91
14460,21562,Americas,1,5.43
14461,13154,Americas,1,20.76
14462,10944,Americas,1,26.06
14463,33,Russia,5,5.88
14464,650,Americas,1,11.34
14465,16153,World,0,17.01
14466,30920,Americas,1,
14467,32415,Americas,1,50.0
14468,5182,World,0,3.69
14469,33689,Americas,1,13.99
14470,7740,Americas,1,
14471,20197,Americas,1,24.95
14472,34187,Americas,1,19.62
14473,5005,Americas,1,26.69
14474,31887,Americas,1,22.51
14475,23458,Americas,1,13.95
14476,29295,Europe,4,23.17
14477,38548,Military,3,18.95
14478,30804,Europe,4,39.99
14479,5564,Military,3,
14480,17975,Americas,1,17.94
14481,29264,World,0,15.22
14482,30741,Americas,1,1.95
14483,34390,Americas,1,19.99
14484,14480,Americas,1,
14485,3638,Americas,1,36.32
14486,7000,Americas,1,
14487,13589,Americas,1,19.79
14488,33011,Ancient Civilizations,7,19.31
14489,32392,Americas,1,
14490,41248,Americas,1,29.92
14491,19351,Americas,1,53.55
14492,21461,World,0,31.89
14493,257,Military,3,35.0
14494,16033,Americas,1,
14495,34750,Americas,1,14.49
14496,3045,Americas,1,
14497,21211,Americas,1,24.95
14498,26670,Americas,1,19.03
14499,8557,Ancient Civilizations,7,41.99
14500,14501,Americas,1,12.82
14501,11994,Americas,1,6.5
14502,14890,Americas,1,4.98
14503,30660,Military,3,31.95
14504,32645,Americas,1,3.98
14505,40789,Military,3,
14506,11168,World,0,12.43
14507,32192,Americas,1,12.79
14508,35552,Americas,1,21.99
14509,41505,Military,3,12.99
14510,1939,World,0,13.3
14511,4236,Americas,1,
14512,32717,Americas,1,17.95
14513,15884,Americas,1,18.89
14514,37851,Ancient Civilizations,7,30.6
14515,2468,Asia,2,
14516,23204,World,0,
14517,7397,Military,3,
14518,30457,Military,3,12.5
14519,6531,Americas,1,19.89
14520,17249,World,0,14.14
14521,16256,World,0,32.52
14522,23622,Military,3,9.95
14523,30708,World,0,23.51
14524,15341,Historical Study & Educational Resources,9,28.95
14525,31393,Americas,1,40.5
14526,13299,Americas,1,20.24
14527,36400,Europe,4,26.84
14528,18513,Americas,1,24.1
14529,30308,Americas,1,12.99
14530,14315,Americas,1,
14531,33524,Americas,1,16.46
14532,39590,World,0,24.99
14533,28823,Americas,1,27.59
14534,15092,Americas,1,
14535,5507,World,0,
14536,40101,Americas,1,29.95
14537,38803,Military,3,27.86
14538,27515,Asia,2,
14539,1817,Europe,4,7.53
14540,3023,Americas,1,
14541,40938,World,0,
14542,7472,Ancient Civilizations,7,
14543,41292,Europe,4,63.98
14544,33516,Americas,1,19.3
14545,5094,Americas,1,
14546,4337,Americas,1,9.14
14547,13915,Americas,1,12.79
14548,26776,World,0,
14549,14307,Americas,1,25.0
14550,21934,Military,3,33.99
14551,20755,Americas,1,29.54
14552,10631,Military,3,14.99
14553,3620,Americas,1,
14554,11846,Americas,1,23.16
14555,22868,Americas,1,
14556,12706,Americas,1,16.73
14557,19813,Americas,1,
14558,38242,Americas,1,22.27
14559,36897,Europe,4,14.49
14560,147,Ancient Civilizations,7,18.38
14561,27555,Americas,1,19.99
14562,7326,Europe,4,12.79
14563,15286,Americas,1,21.85
14564,37600,Europe,4,16.5
14565,2252,Americas,1,
14566,15242,Americas,1,29.95
14567,20073,Americas,1,
14568,24270,World,0,
14569,29064,Asia,2,19.04
14570,27270,World,0,
14571,37494,Americas,1,14.3
14572,3256,Americas,1,
14573,35749,Americas,1,16.72
14574,9328,Military,3,
14575,9440,Americas,1,12.74
14576,9946,Americas,1,18.36
14577,29718,Americas,1,16.95
14578,32986,Military,3,25.84
14579,29258,Military,3,49.95
14580,8672,Americas,1,8.0
14581,22679,Americas,1,13.65
14582,37084,Ancient Civilizations,7,24.77
14583,22249,Africa,6,31.24
14584,13199,Americas,1,21.99
14585,10305,Americas,1,17.0
14586,39057,Americas,1,
14587,21361,World,0,12.88
14588,41017,Asia,2,10.4
14589,34176,Americas,1,13.57
14590,17284,Americas,1,18.77
14591,13676,Asia,2,
14592,9139,Europe,4,39.63
14593,17666,World,0,20.99
14594,8175,Americas,1,31.45
14595,37433,Military,3,17.54
14596,431,Americas,1,7.99
14597,29253,Europe,4,25.97
14598,25577,Americas,1,24.95
14599,39423,Americas,1,
14600,4037,Ancient Civilizations,7,
14601,14099,Europe,4,34.84
14602,24263,Military,3,60.0
14603,9775,Americas,1,
14604,26628,Americas,1,14.82
14605,4709,Americas,1,23.0
14606,17816,Americas,1,69.0
14607,7677,World,0,
14608,24720,Americas,1,27.95
14609,26082,Africa,6,18.0
14610,811,Americas,1,5.5
14611,20038,Europe,4,
14612,12805,Americas,1,18.56
14613,17909,Americas,1,30.0
14614,32004,Americas,1,24.94
14615,5826,Military,3,16.99
14616,7152,World,0,
14617,8918,Americas,1,6.99
14618,23260,World,0,14.05
14619,20110,Americas,1,12.95
14620,30913,Americas,1,25.17
14621,15268,Americas,1,
14622,37606,Military,3,17.95
14623,9838,World,0,23.02
14624,9295,World,0,
14625,30371,Europe,4,15.0
14626,31023,Americas,1,
14627,1011,Europe,4,16.15
14628,9334,Asia,2,5.79
14629,15725,Americas,1,39.95
14630,14172,Middle East,8,16.99
14631,3026,Americas,1,25.0
14632,20821,Americas,1,
14633,19166,Americas,1,21.87
14634,31714,World,0,4.69
14635,36431,Europe,4,24.19
14636,1024,Europe,4,18.4
14637,33311,Americas,1,11.45
14638,39252,Middle East,8,
14639,13763,Americas,1,
14640,4065,Americas,1,34.95
14641,37362,Military,3,29.0
14642,26098,Americas,1,17.0
14643,20479,Americas,1,22.46
14644,28736,Americas,1,29.14
14645,19376,Military,3,60.0
14646,8432,Europe,4,
14647,17114,Americas,1,17.38
14648,32767,Ancient Civilizations,7,30.49
14649,16050,Americas,1,5.7
14650,6138,Europe,4,46.99
14651,4808,Americas,1,
14652,3858,World,0,
14653,19671,Americas,1,17.97
14654,9626,Europe,4,39.15
14655,5863,Military,3,7.75
14656,6082,Ancient Civilizations,7,18.49
14657,3157,World,0,59.24
14658,24186,Americas,1,14.94
14659,30504,World,0,14.7
14660,14857,Asia,2,21.07
14661,19448,Americas,1,
14662,11132,Americas,1,
14663,25423,Americas,1,
14664,37088,Asia,2,11.8
14665,40064,Americas,1,30.0
14666,30704,World,0,22.0
14667,29713,Americas,1,19.92
14668,25456,Americas,1,
14669,21186,Americas,1,
14670,1834,Europe,4,1.99
14671,24198,World,0,39.95
14672,12608,Americas,1,13.87
14673,629,Asia,2,
14674,4002,Americas,1,
14675,14132,Europe,4,17.8
14676,11828,Americas,1,21.99
14677,14845,Americas,1,8.82
14678,7271,Americas,1,7.99
14679,21027,Americas,1,43.6
14680,6438,World,0,21.35
14681,9592,Americas,1,
14682,36230,Military,3,9.93
14683,24630,Americas,1,11.5
14684,18234,World,0,31.95
14685,41189,Military,3,12.99
14686,30507,Americas,1,20.0
14687,21867,Military,3,13.82
14688,25147,Americas,1,
14689,36691,Americas,1,18.95
14690,30043,Americas,1,7.95
14691,17817,Americas,1,55.0
14692,41314,Americas,1,8.07
14693,11473,Americas,1,15.94
14694,31064,Americas,1,12.95
14695,25246,Military,3,12.84
14696,38339,Europe,4,
14697,18859,World,0,
14698,25608,Americas,1,
14699,27865,Americas,1,30.0
14700,21417,World,0,16.17
14701,16510,Americas,1,17.28
14702,3509,Americas,1,
14703,21848,Military,3,8.38
14704,23667,Military,3,72.75
14705,39740,Military,3,39.63
14706,34487,Americas,1,16.22
14707,15599,World,0,
14708,5096,Americas,1,13.95
14709,16917,Americas,1,21.81
14710,24571,Americas,1,
14711,5588,Americas,1,
14712,12785,Americas,1,21.99
14713,20134,Americas,1,
14714,3410,World,0,21.95
14715,38188,Europe,4,21.95
14716,39200,World,0,28.96
14717,40464,Americas,1,19.95
14718,13966,Historical Study & Educational Resources,9,42.95
14719,6672,World,0,
14720,19591,Americas,1,29.5
14721,8197,Americas,1,
14722,36972,Europe,4,19.26
14723,35423,Americas,1,19.99
14724,14300,Military,3,11.48
14725,29947,Americas,1,15.4
14726,31118,Americas,1,
14727,36941,Europe,4,21.13
14728,35295,Americas,1,29.95
14729,19293,Americas,1,26.56
14730,19845,Americas,1,
14731,1290,Europe,4,
14732,40903,World,0,19.99
14733,2688,Europe,4,
14734,32146,Military,3,46.95
14735,27665,World,0,33.15
14736,33617,Americas,1,
14737,37933,Military,3,29.0
14738,7484,Americas,1,17.09
14739,3012,Americas,1,
14740,23085,Americas,1,19.2
14741,40377,World,0,28.95
14742,21865,Military,3,15.77
14743,11291,Americas,1,8.49
14744,12425,Americas,1,19.19
14745,8010,Americas,1,
14746,23780,Americas,1,
14747,17644,Americas,1,
14748,22188,Americas,1,8.56
14749,16174,Europe,4,12.19
14750,30601,Americas,1,13.97
14751,29159,Europe,4,14.74
14752,38484,Europe,4,21.95
14753,15178,Americas,1,
14754,26964,Europe,4,
14755,9853,Americas,1,
14756,18734,Americas,1,5.7
14757,4186,Americas,1,20.63
14758,30279,Africa,6,29.4
14759,2714,World,0,
14760,34162,Americas,1,14.67
14761,32865,Military,3,8.59
14762,8174,Americas,1,
14763,4345,Europe,4,7.43
14764,12465,Americas,1,18.53
14765,24116,Military,3,10.55
14766,6812,Americas,1,
14767,21333,Americas,1,
14768,33058,Americas,1,14.13
14769,6381,Europe,4,27.66
14770,40220,Americas,1,
14771,27863,Europe,4,35.0
14772,34799,Military,3,28.0
14773,38844,Military,3,
14774,19237,Americas,1,18.92
14775,34903,Americas,1,
14776,9379,Americas,1,16.53
14777,23566,Americas,1,45.0
14778,19027,World,0,11.4
14779,14176,World,0,8.13
14780,15211,Americas,1,
14781,30416,Americas,1,25.19
14782,13634,Americas,1,17.39
14783,26344,Americas,1,10.54
14784,7606,Americas,1,19.99
14785,6775,Military,3,23.99
14786,28296,Americas,1,16.78
14787,3518,Americas,1,20.47
14788,22154,Americas,1,35.7
14789,11514,Americas,1,21.15
14790,7175,World,0,
14791,33546,Americas,1,19.66
14792,28604,Americas,1,13.59
14793,15171,Americas,1,
14794,29814,Americas,1,12.0
14795,39321,Europe,4,26.85
14796,5491,Americas,1,33.61
14797,40644,Military,3,23.39
14798,14146,Military,3,
14799,15392,Asia,2,
14800,33815,Americas,1,
14801,4547,Americas,1,55.85
14802,3677,Americas,1,16.82
14803,37041,Ancient Civilizations,7,34.99
14804,38345,Europe,4,
14805,38888,Americas,1,9.24
14806,19320,Americas,1,55.54
14807,35048,Americas,1,7.66
14808,12325,Americas,1,15.16
14809,14075,Americas,1,24.0
14810,39325,Americas,1,4.87
14811,8608,Americas,1,24.46
14812,10779,Asia,2,
14813,3463,Americas,1,
14814,11326,Americas,1,19.26
14815,25512,Military,3,19.95
14816,19011,Americas,1,20.46
14817,12004,Americas,1,13.65
14818,1271,Military,3,44.19
14819,35326,Americas,1,14.57
14820,25707,World,0,1.84
14821,13173,Americas,1,21.99
14822,35927,Americas,1,19.14
14823,32917,Europe,4,9.91
14824,3862,World,0,45.0
14825,2258,Americas,1,
14826,15633,World,0,11.09
14827,8121,Americas,1,
14828,2724,Military,3,
14829,26060,Military,3,27.8
14830,33817,Americas,1,16.35
14831,29254,Military,3,18.96
14832,6935,Americas,1,17.0
14833,29738,Americas,1,14.03
14834,21601,World,0,
14835,1123,Europe,4,
14836,34337,Americas,1,19.99
14837,2904,World,0,
14838,13086,Americas,1,20.38
14839,29696,Military,3,12.99
14840,21406,World,0,
14841,21491,Military,3,21.26
14842,29051,Asia,2,20.19
14843,40548,Americas,1,28.19
14844,16596,Military,3,
14845,11325,Americas,1,21.99
14846,11808,Americas,1,20.68
14847,32637,Military,3,22.99
14848,10203,World,0,15.51
14849,32411,Americas,1,19.95
14850,19834,Americas,1,40.0
14851,8868,Americas,1,44.95
14852,37370,World,0,34.55
14853,14386,Ancient Civilizations,7,19.0
14854,37188,Military,3,
14855,8516,Americas,1,
14856,24158,Americas,1,27.65
14857,10322,Americas,1,39.46
14858,33319,Americas,1,24.99
14859,10661,Americas,1,18.0
14860,3864,World,0,40.5
14861,25302,Americas,1,
14862,26023,Americas,1,24.95
14863,8971,Americas,1,8.48
14864,9210,World,0,38.32
14865,8127,Americas,1,
14866,26403,World,0,34.99
14867,18480,Americas,1,5.49
14868,19936,Americas,1,13.33
14869,18911,Ancient Civilizations,7,34.95
14870,22844,Americas,1,23.99
14871,22214,Americas,1,
14872,18603,Europe,4,19.34
14873,41263,Americas,1,23.98
14874,11506,Americas,1,21.99
14875,35231,Americas,1,17.15
14876,27732,World,0,12.96
14877,20631,Americas,1,22.57
14878,20788,World,0,31.5
14879,33761,Americas,1,17.78
14880,10722,Americas,1,
14881,14313,Americas,1,
14882,30487,Americas,1,22.0
14883,40104,Americas,1,
14884,6830,World,0,
14885,12281,Americas,1,20.38
14886,5334,World,0,
14887,14914,Europe,4,21.27
14888,33647,Americas,1,5.25
14889,20018,Americas,1,
14890,11928,Americas,1,21.77
14891,30101,Americas,1,12.53
14892,35242,Americas,1,21.87
14893,8534,Europe,4,
14894,22638,Americas,1,
14895,2214,Americas,1,
14896,8663,World,0,13.65
14897,21093,Americas,1,
14898,31718,World,0,21.9
14899,22827,Military,3,
14900,26066,Americas,1,19.99
14901,41020,Americas,1,7.98
14902,32849,Asia,2,18.98
14903,38910,Americas,1,19.95
14904,40259,Americas,1,24.35
14905,4991,Europe,4,19.99
14906,3222,Americas,1,
14907,27936,Military,3,31.89
14908,29977,Historical Study & Educational Resources,9,20.0
14909,17989,Americas,1,
14910,24387,Americas,1,14.25
14911,29018,Europe,4,19.1
14912,38612,Military,3,
14913,6836,World,0,
14914,11457,Americas,1,19.02
14915,15411,Americas,1,14.33
14916,21421,World,0,18.99
14917,18879,Americas,1,
14918,20118,Americas,1,13.47
14919,10914,Military,3,39.3
14920,17636,Americas,1,6.52
14921,18112,Americas,1,
14922,14667,Americas,1,14.99
14923,28111,Americas,1,21.99
14924,30777,Americas,1,
14925,8312,World,0,17.98
14926,13823,Americas,1,26.28
14927,33940,World,0,8.12
14928,38327,Europe,4,
14929,11693,Americas,1,21.99
14930,30230,Americas,1,34.99
14931,37502,Military,3,18.95
14932,4704,World,0,30.37
14933,6534,Americas,1,40.83
14934,36207,Military,3,24.19
14935,19699,Middle East,8,33.29
14936,9504,Americas,1,30.0
14937,4978,Americas,1,29.75
14938,20807,Americas,1,
14939,18005,Americas,1,
14940,100,Europe,4,
14941,28503,Americas,1,21.99
14942,6230,World,0,13.83
14943,10337,Europe,4,22.56
14944,20912,World,0,
14945,6151,Military,3,14.49
14946,25967,Americas,1,30.0
14947,34813,Europe,4,16.95
14948,5403,Americas,1,10.75
14949,22812,Military,3,25.94
14950,34316,Americas,1,18.54
14951,7726,Americas,1,8.48
14952,16461,Americas,1,16.95
14953,33656,Americas,1,15.99
14954,3440,World,0,85.39
14955,3254,World,0,32.0
14956,23210,Americas,1,25.0
14957,39883,Americas,1,30.97
14958,40881,World,0,
14959,40925,Ancient Civilizations,7,30.44
14960,30450,World,0,12.8
14961,1334,Historical Study & Educational Resources,9,14.76
14962,804,World,0,4.44
14963,35896,Americas,1,
14964,10927,Americas,1,35.13
14965,21228,Americas,1,13.62
14966,41393,Americas,1,32.08
14967,28037,Americas,1,19.79
14968,39589,Military,3,17.5
14969,16674,Military,3,
14970,40625,Military,3,
14971,4624,Europe,4,6.94
14972,18959,Americas,1,14.5
14973,38877,Americas,1,
14974,31122,Americas,1,
14975,9195,World,0,
14976,37387,World,0,31.45
14977,38722,Asia,2,24.99
14978,15751,Americas,1,35.0
14979,11679,Americas,1,21.99
14980,28998,Europe,4,17.1
14981,24393,Americas,1,17.94
14982,4969,Americas,1,22.48
14983,21108,Americas,1,26.95
14984,1966,Americas,1,
14985,5621,Americas,1,
14986,32364,Americas,1,32.95
14987,11727,Americas,1,20.57
14988,31356,Ancient Civilizations,7,34.44
14989,26207,Americas,1,18.95
14990,34770,Military,3,31.47
14991,12127,Americas,1,21.99
14992,13169,Americas,1,21.99
14993,25088,World,0,12.86
14994,10868,Americas,1,
14995,25535,Americas,1,59.95
14996,2070,World,0,
14997,8710,Asia,2,15.7
14998,15000,Americas,1,
14999,15394,Americas,1,24.53
15000,3062,World,0,
15001,15917,Americas,1,27.0
15002,14188,Military,3,9.12
15003,27727,Americas,1,20.07
15004,9683,Americas,1,21.39
15005,36263,Historical Study & Educational Resources,9,21.56
15006,22570,Americas,1,
15007,34267,Americas,1,17.28
15008,6673,Americas,1,
15009,13387,Americas,1,21.99
15010,1322,World,0,12.95
15011,1563,World,0,27.71
15012,789,Americas,1,10.0
15013,38662,Ancient Civilizations,7,17.95
15014,36630,Americas,1,3.49
15015,39718,Military,3,32.95
15016,3187,Americas,1,
15017,18892,Americas,1,
15018,29558,World,0,40.3
15019,25295,Americas,1,
15020,40630,Military,3,30.78
15021,23641,Americas,1,20.95
15022,14993,Europe,4,3.61
15023,12228,Americas,1,21.99
15024,18989,Americas,1,17.5
15025,14171,Ancient Civilizations,7,15.0
15026,33010,Americas,1,12.79
15027,3865,Africa,6,9.59
15028,32314,Americas,1,
15029,5175,World,0,7.94
15030,2061,Americas,1,
15031,15703,Americas,1,21.4
15032,16840,World,0,16.81
15033,41217,Europe,4,18.97
15034,32366,Americas,1,34.95
15035,1964,Americas,1,
15036,5402,Europe,4,
15037,13835,Europe,4,10.95
15038,37469,Europe,4,15.5
15039,36480,Russia,5,13.46
15040,14237,Military,3,33.34
15041,30684,Americas,1,27.99
15042,4446,Americas,1,20.54
15043,280,Americas,1,13.84
15044,9156,World,0,
15045,39155,Americas,1,
15046,40247,Americas,1,22.09
15047,21735,Europe,4,15.36
15048,1690,Americas,1,
15049,32165,Americas,1,
15050,8862,Americas,1,16.95
15051,16790,Europe,4,29.95
15052,37359,Europe,4,23.03
15053,10235,Europe,4,
15054,29036,Americas,1,20.17
15055,1429,Americas,1,5.97
15056,2641,Americas,1,
15057,38922,Americas,1,17.95
15058,11631,Americas,1,19.79
15059,25386,Americas,1,21.99
15060,10896,Americas,1,
15061,30441,Americas,1,17.71
15062,30899,Americas,1,21.18
15063,0,World,0,99.2
15064,21455,World,0,16.1
15065,9071,Americas,1,17.23
15066,23451,World,0,
15067,41007,Americas,1,
15068,3200,Americas,1,
15069,6707,Americas,1,25.92
15070,18501,Americas,1,
15071,13889,Americas,1,
15072,20970,Americas,1,20.0
15073,9413,Military,3,18.75
15074,28396,Americas,1,17.11
15075,4916,Americas,1,15.95
15076,38771,Americas,1,39.95
15077,8999,Americas,1,19.95
15078,26563,World,0,
15079,5006,World,0,15.92
15080,12837,Americas,1,21.99
15081,30743,Europe,4,9.33
15082,12405,Americas,1,17.39
15083,6883,Asia,2,33.0
15084,7505,Americas,1,28.77
15085,26750,Americas,1,15.72
15086,36262,Americas,1,15.42
15087,1569,World,0,16.38
15088,7885,Ancient Civilizations,7,23.66
15089,18463,Americas,1,18.42
15090,16140,World,0,14.99
15091,957,World,0,
15092,24886,Military,3,
15093,15556,World,0,11.36
15094,6407,World,0,13.66
15095,21334,Military,3,7.99
15096,36892,Americas,1,18.95
15097,29735,Americas,1,18.55
15098,12255,Americas,1,20.38
15099,14756,Military,3,29.8
15100,34936,Americas,1,
15101,38950,Americas,1,
15102,156,Asia,2,5.03
15103,36749,Europe,4,14.71
15104,10443,World,0,
15105,13935,Military,3,6.99
15106,16100,Americas,1,16.95
15107,31998,Americas,1,
15108,7996,Americas,1,
15109,15578,World,0,
15110,1266,Americas,1,13.0
15111,20859,Americas,1,14.99
15112,33386,Americas,1,20.99
15113,13590,Americas,1,17.39
15114,16583,Asia,2,
15115,6453,Americas,1,15.34
15116,4459,World,0,27.14
15117,13724,Americas,1,39.95
15118,7929,Europe,4,
15119,7374,Military,3,74.95
15120,24450,Americas,1,
15121,6639,Americas,1,
15122,33668,Americas,1,
15123,37994,Military,3,23.67
15124,6064,Americas,1,15.0
15125,33114,World,0,16.0
15126,39187,World,0,82.02
15127,10099,World,0,
15128,1393,Americas,1,11.72
15129,2227,Europe,4,
15130,2959,Americas,1,
15131,10154,Americas,1,15.13
15132,27218,Americas,1,22.95
15133,11293,Americas,1,17.39
15134,19386,Military,3,28.42
15135,38919,World,0,12.95
15136,28240,Americas,1,17.39
15137,5444,Americas,1,10.48
15138,23730,World,0,14.97
15139,41219,Americas,1,103.49
15140,19690,World,0,62.99
15141,8887,Europe,4,
15142,18306,World,0,15.95
15143,22155,Americas,1,
15144,4961,Americas,1,
15145,27395,Americas,1,11.25
15146,8313,Europe,4,38.46
15147,26203,Military,3,19.99
15148,20716,Americas,1,26.95
15149,17547,Americas,1,
15150,36278,Europe,4,19.6
15151,5236,World,0,4.99
15152,34309,Americas,1,18.54
15153,21886,Europe,4,13.6
15154,4902,Europe,4,21.59
15155,35673,Americas,1,20.99
15156,14053,World,0,22.61
15157,7046,Americas,1,13.85
15158,3355,World,0,56.09
15159,16157,Europe,4,17.97
15160,31206,Americas,1,
15161,32005,Americas,1,
15162,1625,Europe,4,16.44
15163,25639,Americas,1,
15164,33071,Americas,1,
15165,29169,Europe,4,17.31
15166,32594,Military,3,20.13
15167,15862,Americas,1,14.95
15168,22079,Americas,1,16.31
15169,2398,World,0,
15170,12034,Americas,1,17.39
15171,28410,Americas,1,17.7
15172,19716,Americas,1,21.88
15173,27666,World,0,24.0
15174,16247,World,0,15.5
15175,32197,Americas,1,34.03
15176,30727,Americas,1,
15177,12947,Americas,1,13.96
15178,12456,Americas,1,19.99
15179,36200,Military,3,23.2
15180,39629,Europe,4,
15181,12548,Americas,1,19.79
15182,34201,Americas,1,15.71
15183,24128,Military,3,28.75
15184,38640,Africa,6,17.95
15185,31965,Military,3,
15186,41513,Americas,1,
15187,20948,Asia,2,28.0
15188,4439,Americas,1,16.77
15189,40957,Asia,2,
15190,27225,Americas,1,14.71
15191,39116,Military,3,8.95
15192,30291,Europe,4,30.5
15193,36274,World,0,26.99
15194,26559,Americas,1,
15195,38482,Europe,4,
15196,34363,Americas,1,13.62
15197,6842,Americas,1,
15198,26709,Americas,1,
15199,26159,Military,3,28.47
15200,18379,Americas,1,84.99
15201,38053,Military,3,17.97
15202,24588,Americas,1,
15203,9676,World,0,
15204,22636,Europe,4,
15205,21412,World,0,
15206,38912,Americas,1,
15207,11759,Americas,1,20.85
15208,6815,Europe,4,18.32
15209,35536,Americas,1,19.99
15210,3015,World,0,33.3
15211,21595,Europe,4,
15212,30379,World,0,15.0
15213,4894,Americas,1,25.23
15214,28236,Americas,1,7.72
15215,40030,Americas,1,25.0
15216,20640,World,0,16.97
15217,26534,Europe,4,25.02
15218,19092,Europe,4,12.69
15219,40592,Military,3,
15220,15788,Americas,1,
15221,29547,World,0,9.99
15222,39365,Americas,1,21.95
15223,25698,Americas,1,10.99
15224,36008,Americas,1,27.96
15225,19964,Americas,1,14.92
15226,21980,Europe,4,25.41
15227,27679,Americas,1,6.95
15228,25728,World,0,
15229,22078,Americas,1,12.02
15230,41447,World,0,
15231,14151,World,0,16.04
15232,4513,Americas,1,8.52
15233,25799,Military,3,17.95
15234,4596,Americas,1,8.0
15235,16036,Americas,1,82.0
15236,1038,Middle East,8,7.89
15237,4206,Americas,1,23.08
15238,21903,Europe,4,21.65
15239,4755,Americas,1,15.08
15240,28320,Americas,1,16.05
15241,23046,Americas,1,45.0
15242,25516,World,0,29.95
15243,3562,World,0,14.56
15244,17034,Americas,1,
15245,6198,Americas,1,
15246,4999,Americas,1,9.78
15247,39181,World,0,
15248,10285,Americas,1,
15249,10149,Americas,1,31.39
15250,35722,World,0,9.77
15251,11799,Americas,1,21.99
15252,38587,Military,3,13.99
15253,36781,Military,3,17.94
15254,6795,Europe,4,11.11
15255,28127,Americas,1,19.67
15256,35821,Historical Study & Educational Resources,9,6.99
15257,16268,Europe,4,
15258,9375,Americas,1,
15259,34937,Americas,1,
15260,18303,World,0,23.53
15261,14867,World,0,
15262,403,Americas,1,14.99
15263,16930,Americas,1,6.95
15264,14675,Americas,1,29.99
15265,32723,Americas,1,22.0
15266,4736,Americas,1,
15267,8451,World,0,
15268,13244,Americas,1,21.99
15269,37397,World,0,24.95
15270,14660,Americas,1,35.99
15271,9948,Americas,1,
15272,33774,World,0,16.04
15273,39981,World,0,
15274,12457,Americas,1,21.99
15275,29242,Europe,4,6.67
15276,37021,Ancient Civilizations,7,17.95
15277,1121,Europe,4,
15278,3459,World,0,
15279,15214,Americas,1,
15280,9185,World,0,29.95
15281,20254,Military,3,
15282,40704,Military,3,89.16
15283,38079,Military,3,18.95
15284,38422,Ancient Civilizations,7,17.95
15285,26045,Americas,1,14.83
15286,34796,Military,3,20.89
15287,13862,Americas,1,9.84
15288,15009,World,0,10.0
15289,26166,Americas,1,9.95
15290,33951,Americas,1,
15291,41161,Asia,2,212.11
15292,32029,Americas,1,30.14
15293,31517,Asia,2,15.45
15294,554,World,0,21.99
15295,34599,Americas,1,8.43
15296,20297,Americas,1,20.04
15297,30852,Americas,1,18.62
15298,32478,Americas,1,
15299,24591,Americas,1,
15300,35068,Americas,1,5.83
15301,7013,Americas,1,17.95
15302,39624,Military,3,19.0
15303,4071,Americas,1,
15304,32945,Europe,4,43.5
15305,36799,Military,3,22.95
15306,572,Americas,1,
15307,6726,World,0,
15308,20275,Americas,1,
15309,8578,Americas,1,
15310,33960,Americas,1,23.48
15311,4618,Americas,1,13.76
15312,15001,Americas,1,
15313,29575,Americas,1,24.95
15314,8011,Americas,1,
15315,18172,Americas,1,
15316,905,Europe,4,17.95
15317,13430,Americas,1,21.99
15318,22697,Americas,1,39.0
15319,38129,Military,3,27.73
15320,39364,Americas,1,
15321,40890,Military,3,33.61
15322,34633,Americas,1,12.62
15323,26985,Americas,1,33.99
15324,22272,Americas,1,
15325,18736,Americas,1,
15326,12162,Americas,1,21.05
15327,4413,Europe,4,24.95
15328,16248,World,0,23.81
15329,24018,Americas,1,11.95
15330,33987,Americas,1,9.97
15331,26225,Americas,1,15.95
15332,38430,Americas,1,29.4
15333,22186,Americas,1,6.15
15334,21255,World,0,5.17
15335,26054,Military,3,22.82
15336,7997,Americas,1,
15337,3322,World,0,
15338,26104,Military,3,26.87
15339,19234,Americas,1,29.95
15340,30614,Americas,1,30.0
15341,4223,Americas,1,
15342,24608,Military,3,24.95
15343,12668,Americas,1,16.23
15344,35452,Americas,1,16.1
15345,26397,Europe,4,68.99
15346,38234,Military,3,24.95
15347,29906,Military,3,9.0
15348,25065,Americas,1,
15349,15529,World,0,
15350,15695,World,0,13.46
15351,247,World,0,13.89
15352,11188,Americas,1,20.38
15353,12848,Americas,1,21.99
15354,38202,Europe,4,24.3
15355,5422,Americas,1,
15356,9804,World,0,39.17
15357,10004,World,0,15.45
15358,231,Americas,1,6.75
15359,32665,Americas,1,79.18
15360,23298,World,0,2.34
15361,20882,Australia & Oceania,10,
15362,9899,Americas,1,
15363,27367,Americas,1,12.18
15364,24201,World,0,
15365,31945,Military,3,
15366,31130,Americas,1,
15367,4584,Americas,1,41.0
15368,17795,Americas,1,57.99
15369,9081,Americas,1,29.08
15370,12220,Americas,1,18.21
15371,31697,World,0,23.9
15372,32863,Military,3,39.51
15373,29997,Military,3,18.74
15374,34260,Americas,1,9.49
15375,15841,Americas,1,
15376,11235,Americas,1,19.79
15377,23987,Americas,1,14.48
15378,26055,Military,3,25.33
15379,37702,Americas,1,17.74
15380,7430,Asia,2,13.45
15381,37171,Military,3,10.0
15382,15709,Military,3,
15383,9181,Americas,1,
15384,40010,Americas,1,26.24
15385,35376,Americas,1,16.8
15386,28424,Americas,1,21.99
15387,8885,Military,3,78.78
15388,10023,Americas,1,
15389,21098,Americas,1,
15390,11112,Americas,1,11.55
15391,29663,Americas,1,16.77
15392,25126,Military,3,26.99
15393,39977,Americas,1,22.72
15394,18841,Americas,1,61.6
15395,32158,Military,3,32.24
15396,28015,Americas,1,18.56
15397,35734,World,0,10.32
15398,17735,Americas,1,22.85
15399,35744,World,0,3.99
15400,19261,Americas,1,20.26
15401,5771,Americas,1,4.48
15402,11513,Americas,1,21.99
15403,40213,Military,3,11.91
15404,27866,Americas,1,16.71
15405,29816,World,0,
15406,39455,Military,3,49.95
15407,35404,Americas,1,16.99
15408,40936,Americas,1,
15409,6557,World,0,5.99
15410,26010,Americas,1,19.99
15411,8185,Americas,1,
15412,19720,Americas,1,
15413,24023,Americas,1,
15414,3172,Australia & Oceania,10,
15415,11361,Americas,1,21.99
15416,17777,Americas,1,25.95
15417,21728,Military,3,5.17
15418,11271,Americas,1,21.99
15419,10112,Americas,1,7.18
15420,39402,World,0,18.59
15421,3769,Military,3,24.83
15422,40980,World,0,
15423,33730,Military,3,22.12
15424,7486,Americas,1,29.99
15425,32734,Americas,1,29.95
15426,6042,Americas,1,12.58
15427,25141,Americas,1,35.0
15428,11483,Americas,1,21.99
15429,5979,Europe,4,14.98
15430,33341,Americas,1,15.51
15431,26150,Military,3,12.49
15432,36091,Military,3,15.49
15433,14113,Europe,4,18.43
15434,18415,Americas,1,23.26
15435,4706,World,0,7.8
15436,5107,Americas,1,13.99
15437,31775,Americas,1,16.0
15438,12657,Americas,1,16.91
15439,20261,Americas,1,
15440,24521,Ancient Civilizations,7,40.0
15441,39555,Military,3,99.95
15442,18434,World,0,24.42
15443,23700,Americas,1,19.95
15444,27888,Middle East,8,22.95
15445,22598,Americas,1,16.12
15446,24531,Military,3,206.82
15447,22904,Americas,1,25.5
15448,39735,Military,3,60.06
15449,19425,World,0,24.95
15450,41045,Military,3,7.97
15451,33419,Americas,1,19.99
15452,14276,Military,3,25.95
15453,24854,Americas,1,19.44
15454,20177,Americas,1,20.49
15455,29471,Americas,1,16.99
15456,37454,Military,3,22.95
15457,29502,Americas,1,12.99
15458,33957,Americas,1,29.95
15459,13952,Americas,1,
15460,18572,Military,3,5.99
15461,28668,World,0,7.95
15462,8072,Americas,1,6.49
15463,20795,World,0,
15464,12761,Americas,1,21.99
15465,19580,Americas,1,21.38
15466,2508,Europe,4,
15467,21375,World,0,
15468,19637,Americas,1,31.26
15469,41545,Military,3,23.94
15470,5496,Military,3,9.96
15471,9961,Americas,1,8.6
15472,13475,Americas,1,21.99
15473,27911,Europe,4,18.65
15474,182,Americas,1,
15475,35030,Americas,1,16.95
15476,25152,Americas,1,16.17
15477,14553,World,0,15.0
15478,25948,Americas,1,11.5
15479,31495,World,0,
15480,32095,World,0,17.59
15481,40045,Americas,1,39.95
15482,33008,World,0,16.0
15483,1371,World,0,20.0
15484,37062,Europe,4,22.95
15485,21898,Europe,4,25.95
15486,288,Military,3,8.0
15487,23166,Military,3,
15488,9707,Asia,2,26.0
15489,9086,Americas,1,
15490,3492,Americas,1,35.0
15491,10185,World,0,25.0
15492,41496,Americas,1,10.9
15493,24033,Americas,1,27.3
15494,832,World,0,11.55
15495,40162,Military,3,
15496,9846,World,0,
15497,2181,Americas,1,
15498,3848,Americas,1,
15499,37869,Military,3,19.99
15500,18396,World,0,25.0
15501,4010,World,0,15.0
15502,24823,Americas,1,12.71
15503,31451,Military,3,28.95
15504,11462,Americas,1,21.99
15505,13486,Americas,1,19.79
15506,24750,Ancient Civilizations,7,
15507,15395,World,0,
15508,21659,Military,3,12.7
15509,35357,Americas,1,19.16
15510,167,World,0,
15511,15984,Americas,1,27.3
15512,36880,Military,3,15.49
15513,5191,World,0,78.57
15514,29408,Europe,4,15.12
15515,15483,World,0,42.22
15516,31429,Americas,1,21.27
15517,32231,Americas,1,17.96
15518,29775,Americas,1,19.68
15519,5500,Americas,1,
15520,8665,Americas,1,10.2
15521,4484,World,0,
15522,27267,Americas,1,
15523,27803,Americas,1,25.92
15524,22351,Military,3,39.95
15525,31689,World,0,12.41
15526,32453,World,0,13.05
15527,6555,Americas,1,45.0
15528,38940,Americas,1,11.95
15529,26377,Europe,4,20.62
15530,30887,World,0,22.23
15531,39243,Americas,1,43.89
15532,39569,Military,3,7.35
15533,10124,Europe,4,
15534,9384,Military,3,
15535,21707,Military,3,
15536,37358,Ancient Civilizations,7,13.81
15537,11753,Americas,1,14.4
15538,5699,Americas,1,19.04
15539,15337,Americas,1,5.99
15540,4070,Americas,1,
15541,4149,Americas,1,15.11
15542,912,Asia,2,
15543,4840,Military,3,17.74
15544,26503,Americas,1,
15545,7129,World,0,
15546,18286,World,0,53.21
15547,12493,Americas,1,19.79
15548,7603,Europe,4,20.4
15549,26192,Military,3,29.95
15550,6075,Americas,1,
15551,24412,Americas,1,13.36
15552,33459,Americas,1,9.89
15553,26313,Asia,2,35.0
15554,30430,Americas,1,
15555,1035,Europe,4,19.88
15556,9744,World,0,
15557,16380,Americas,1,6.95
15558,19260,Americas,1,13.27
15559,37824,Europe,4,18.95
15560,8,Asia,2,20.38
15561,16658,Americas,1,25.76
15562,23950,World,0,35.0
15563,16435,Americas,1,15.66
15564,36242,Military,3,15.98
15565,40351,World,0,14.76
15566,8387,World,0,
15567,11196,Americas,1,21.99
15568,8762,Military,3,6.97
15569,31306,World,0,24.0
15570,26994,Europe,4,34.95
15571,22720,Americas,1,37.19
15572,26551,Americas,1,
15573,13692,Military,3,18.79
15574,35939,Europe,4,35.0
15575,27016,Americas,1,9.13
15576,16113,Americas,1,11.95
15577,17526,Americas,1,30.72
15578,28958,Military,3,23.82
15579,25660,World,0,
15580,3522,Americas,1,22.02
15581,9799,Americas,1,
15582,1680,Asia,2,34.95
15583,25101,Military,3,27.82
15584,7261,Americas,1,7.8
15585,8994,Military,3,
15586,41508,Americas,1,6.75
15587,31725,World,0,26.02
15588,31298,World,0,
15589,25937,World,0,17.99
15590,13369,Americas,1,16.19
15591,17366,Americas,1,14.14
15592,10044,Americas,1,10.46
15593,4742,Asia,2,18.94
15594,19635,Americas,1,35.37
15595,15800,Americas,1,
15596,651,Americas,1,11.94
15597,17479,Americas,1,
15598,7992,Americas,1,7.97
15599,13950,World,0,14.95
15600,27655,Military,3,30.0
15601,24581,Military,3,
15602,26110,Military,3,34.33
15603,715,World,0,9.83
15604,24778,Americas,1,
15605,15575,World,0,24.88
15606,5383,World,0,8.25
15607,8553,World,0,
15608,6790,World,0,17.31
15609,22866,Americas,1,21.95
15610,9607,Americas,1,16.46
15611,25018,Military,3,24.95
15612,40502,Americas,1,19.23
15613,24289,Americas,1,
15614,33935,Americas,1,11.55
15615,2514,World,0,
15616,16133,Military,3,10.25
15617,8497,Americas,1,
15618,21065,Americas,1,18.96
15619,33376,Americas,1,19.36
15620,33721,Americas,1,29.95
15621,38648,Military,3,24.33
15622,21746,Americas,1,17.95
15623,23230,Americas,1,11.21
15624,8255,Americas,1,
15625,31806,Americas,1,27.32
15626,4497,Americas,1,23.54
15627,38589,Military,3,16.09
15628,35319,World,0,18.0
15629,10038,Americas,1,8.81
15630,8910,Europe,4,
15631,35973,Military,3,29.95
15632,20571,Americas,1,19.27
15633,7671,Americas,1,14.52
15634,30813,Military,3,42.08
15635,36053,Ancient Civilizations,7,17.68
15636,30292,Americas,1,16.11
15637,24453,Americas,1,6.95
15638,38958,Americas,1,18.95
15639,24249,Americas,1,
15640,18988,Americas,1,
15641,30228,Americas,1,15.0
15642,36032,World,0,14.9
15643,13319,Americas,1,21.99
15644,18776,Military,3,9.85
15645,5554,Americas,1,9.29
15646,18349,Americas,1,
15647,9251,World,0,25.49
15648,12474,Americas,1,21.99
15649,24768,Americas,1,
15650,17120,Americas,1,14.96
15651,35766,Americas,1,7.05
15652,17237,Americas,1,
15653,22324,Military,3,
15654,37970,Military,3,29.11
15655,2156,World,0,
15656,7467,Americas,1,15.32
15657,40961,World,0,
15658,27459,Europe,4,16.95
15659,11680,Americas,1,19.79
15660,16604,Asia,2,14.59
15661,28445,Americas,1,20.46
15662,19120,Americas,1,19.95
15663,1857,Europe,4,21.44
15664,26389,Americas,1,57.0
15665,13297,Americas,1,21.99
15666,14600,Europe,4,49.95
15667,28728,Americas,1,29.95
15668,13766,Americas,1,34.94
15669,25400,Americas,1,20.84
15670,2495,Europe,4,
15671,39227,Americas,1,
15672,17531,Americas,1,31.38
15673,3478,Ancient Civilizations,7,41.0
15674,39046,Americas,1,28.36
15675,33929,World,0,61.93
15676,19746,World,0,42.09
15677,22281,Americas,1,22.47
15678,12749,Americas,1,21.99
15679,22637,Americas,1,
15680,4987,Historical Study & Educational Resources,9,26.0
15681,41100,Americas,1,6.34
15682,7520,Americas,1,
15683,36301,Military,3,17.14
15684,38522,Europe,4,17.95
15685,14672,Americas,1,13.56
15686,32554,Americas,1,
15687,24092,Americas,1,19.99
15688,20705,Americas,1,26.95
15689,6140,Military,3,
15690,30058,Americas,1,18.0
15691,21716,Military,3,
15692,3135,Americas,1,
15693,39722,Africa,6,49.5
15694,29914,Military,3,10.97
15695,41113,Americas,1,30.0
15696,5431,Americas,1,
15697,19777,World,0,25.92
15698,3319,World,0,
15699,40288,Military,3,59.99
15700,32009,World,0,39.1
15701,36309,Americas,1,7.21
15702,40538,Americas,1,19.95
15703,17287,Americas,1,22.9
15704,10743,Americas,1,
15705,30599,Military,3,
15706,35801,Americas,1,15.84
15707,20867,Americas,1,
15708,7842,World,0,
15709,21553,Americas,1,54.96
15710,34213,Americas,1,19.63
15711,37072,Military,3,18.38
15712,14720,Military,3,14.44
15713,38925,Americas,1,13.89
15714,17382,Americas,1,
15715,32674,Americas,1,
15716,6020,Europe,4,4.72
15717,22514,Americas,1,19.23
15718,27702,Americas,1,7.72
15719,23890,Americas,1,12.99
15720,10822,World,0,34.95
15721,25598,Americas,1,34.95
15722,13085,Americas,1,21.99
15723,34232,Americas,1,16.15
15724,39583,World,0,
15725,18012,Americas,1,
15726,4424,Americas,1,
15727,27410,World,0,14.95
15728,199,Europe,4,
15729,4560,World,0,17.77
15730,20761,Americas,1,7.23
15731,4910,Americas,1,14.01
15732,8236,World,0,
15733,27072,Australia & Oceania,10,
15734,22382,Europe,4,30.0
15735,30787,Europe,4,
15736,38881,Military,3,
15737,29887,Military,3,8.95
15738,37898,Europe,4,19.63
15739,30503,Americas,1,20.0
15740,38789,Military,3,28.46
15741,17319,World,0,22.65
15742,15238,Americas,1,
15743,13762,Americas,1,
15744,15603,World,0,24.82
15745,32066,Americas,1,18.54
15746,12105,Americas,1,20.72
15747,33990,Americas,1,9.94
15748,29037,Americas,1,16.32
15749,25050,Americas,1,28.99
15750,15609,World,0,11.88
15751,31466,Americas,1,17.21
15752,29604,Americas,1,18.95
15753,8297,Americas,1,
15754,31303,World,0,
15755,8805,Americas,1,9.98
15756,17782,Americas,1,
15757,29221,Military,3,33.13
15758,407,Americas,1,25.0
15759,8538,Africa,6,24.46
15760,1945,World,0,
15761,7469,World,0,15.94
15762,32052,Americas,1,30.0
15763,568,Historical Study & Educational Resources,9,15.0
15764,38976,Americas,1,14.99
15765,37857,Europe,4,40.51
15766,39597,Military,3,
15767,13837,Military,3,19.95
15768,23832,Europe,4,5.98
15769,14759,Americas,1,24.99
15770,1357,Ancient Civilizations,7,
15771,27505,Americas,1,37.85
15772,21157,Americas,1,34.95
15773,19685,Americas,1,39.95
15774,29186,Military,3,12.19
15775,35031,Americas,1,14.95
15776,20913,Asia,2,60.3
15777,32942,Asia,2,24.73
15778,16823,Military,3,7.98
15779,12917,Americas,1,21.99
15780,39670,Americas,1,17.58
15781,1414,Military,3,14.98
15782,28832,Americas,1,22.84
15783,11681,Americas,1,21.99
15784,12166,Americas,1,21.99
15785,36365,Ancient Civilizations,7,12.92
15786,34887,Military,3,27.06
15787,40173,Military,3,
15788,19126,Americas,1,29.95
15789,36660,Military,3,18.95
15790,8992,Americas,1,
15791,31173,Americas,1,
15792,10761,Americas,1,18.52
15793,18699,World,0,8.5
15794,8336,Africa,6,22.36
15795,23329,Russia,5,
15796,19204,Americas,1,18.95
15797,34914,Americas,1,40.31
15798,25059,Americas,1,19.99
15799,33468,Americas,1,
15800,1050,Americas,1,
15801,18623,Military,3,7.85
15802,24257,Americas,1,17.64
15803,20394,Americas,1,14.29
15804,32180,World,0,9.97
15805,33052,Americas,1,14.28
15806,9704,Europe,4,35.0
15807,38196,Military,3,
15808,23436,Americas,1,12.22
15809,35882,Americas,1,32.98
15810,14813,Military,3,38.25
15811,25581,Military,3,
15812,7542,Americas,1,12.99
15813,35790,Americas,1,
15814,5803,Asia,2,99.99
15815,13555,Americas,1,21.99
15816,39491,Americas,1,12.7
15817,3064,World,0,
15818,544,Americas,1,9.26
15819,37996,Ancient Civilizations,7,24.54
15820,35014,Military,3,12.95
15821,1887,Europe,4,
15822,27891,World,0,
15823,39113,Americas,1,8.27
15824,10010,World,0,
15825,15956,Americas,1,
15826,32488,Middle East,8,
15827,17511,Americas,1,
15828,35557,Americas,1,19.99
15829,37016,Military,3,19.95
15830,41124,Americas,1,
15831,34242,Americas,1,19.99
15832,34156,Americas,1,
15833,37081,Military,3,20.46
15834,9502,Americas,1,
15835,27450,Americas,1,14.82
15836,36959,Americas,1,9.95
15837,9655,Europe,4,23.74
15838,28416,Americas,1,17.44
15839,30334,Americas,1,14.95
15840,5623,Americas,1,11.2
15841,25541,Americas,1,31.94
15842,24587,Americas,1,
15843,33634,Americas,1,11.53
15844,4821,Americas,1,21.0
15845,32218,World,0,14.24
15846,26643,Americas,1,16.13
15847,32731,Americas,1,16.95
15848,25980,Americas,1,18.46
15849,23477,Americas,1,
15850,23514,Military,3,60.71
15851,39453,Europe,4,33.26
15852,3417,Americas,1,
15853,40575,World,0,7.45
15854,18304,World,0,16.55
15855,16098,Americas,1,
15856,4115,Americas,1,60.0
15857,15192,Americas,1,
15858,6051,Americas,1,11.9
15859,21069,Americas,1,35.0
15860,6623,Americas,1,
15861,983,World,0,14.76
15862,12142,Americas,1,21.99
15863,9084,Americas,1,
15864,41300,Military,3,
15865,37825,Europe,4,22.95
15866,13683,Americas,1,5.89
15867,33962,Americas,1,26.07
15868,24572,Americas,1,14.2
15869,25850,Americas,1,20.0
15870,12680,Americas,1,21.99
15871,18804,Americas,1,
15872,23444,World,0,15.38
15873,33173,Americas,1,17.3
15874,36052,Historical Study & Educational Resources,9,8.42
15875,13710,Americas,1,29.65
15876,12206,Americas,1,21.99
15877,37115,Military,3,27.72
15878,25812,Americas,1,13.95
15879,17566,Americas,1,19.94
15880,34165,Americas,1,10.86
15881,7104,World,0,
15882,20264,Americas,1,25.46
15883,2662,World,0,
15884,7255,Military,3,24.0
15885,10824,Americas,1,18.95
15886,21450,World,0,19.22
15887,26885,Americas,1,
15888,31176,Americas,1,
15889,35576,Americas,1,19.99
15890,820,World,0,10.5
15891,29236,Ancient Civilizations,7,24.19
15892,16552,Americas,1,
15893,10475,Americas,1,23.98
15894,32937,Americas,1,49.77
15895,22939,Americas,1,19.95
15896,10408,World,0,18.0
15897,21272,World,0,
15898,5210,World,0,13.0
15899,20443,Americas,1,
15900,39708,Europe,4,10.49
15901,15869,World,0,24.95
15902,33873,World,0,24.99
15903,16046,World,0,
15904,29367,Americas,1,
15905,7786,Americas,1,9.99
15906,35221,World,0,18.79
15907,26022,Middle East,8,45.95
15908,19098,Americas,1,
15909,20964,World,0,24.0
15910,6003,Europe,4,12.94
15911,9390,Americas,1,
15912,39642,Americas,1,16.48
15913,13158,Americas,1,18.56
15914,32558,Americas,1,5.49
15915,32791,Europe,4,15.33
15916,12229,Americas,1,17.29
15917,9507,Americas,1,
15918,27401,Americas,1,9.19
15919,41452,Americas,1,4.95
15920,20838,World,0,27.99
15921,39270,Americas,1,
15922,33232,World,0,20.65
15923,20570,Americas,1,25.22
15924,1822,Europe,4,13.96
15925,37417,Military,3,18.95
15926,32951,Europe,4,59.8
15927,33067,Americas,1,14.48
15928,5251,Military,3,
15929,16414,Americas,1,20.15
15930,37018,Military,3,18.95
15931,33909,Americas,1,
15932,24428,Americas,1,
15933,36843,Military,3,22.95
15934,20930,Asia,2,23.0
15935,5720,Europe,4,74.09
15936,33567,Americas,1,19.99
15937,10373,World,0,
15938,1289,Americas,1,
15939,19442,World,0,14.5
15940,23217,Americas,1,19.87
15941,10328,Military,3,
15942,17656,Americas,1,19.49
15943,15564,World,0,11.54
15944,22950,Americas,1,10.23
15945,9320,Americas,1,
15946,13135,Americas,1,19.79
15947,29436,Americas,1,16.09
15948,35233,World,0,18.95
15949,41469,Ancient Civilizations,7,13.38
15950,35167,Americas,1,14.95
15951,40142,Americas,1,12.95
15952,20352,Americas,1,36.6
15953,26077,Americas,1,13.95
15954,8218,Americas,1,
15955,11993,Americas,1,21.99
15956,25795,Military,3,15.9
15957,36515,World,0,26.61
15958,284,Asia,2,8.99
15959,23081,Americas,1,
15960,37541,Military,3,20.95
15961,5093,Ancient Civilizations,7,17.0
15962,40786,Military,3,
15963,34692,Americas,1,13.38
15964,8846,Americas,1,12.47
15965,26268,Military,3,45.97
15966,25974,Americas,1,24.95
15967,33292,Americas,1,
15968,18937,Historical Study & Educational Resources,9,
15969,12395,Americas,1,21.99
15970,1604,Americas,1,
15971,33854,Americas,1,16.95
15972,5917,Military,3,7.19
15973,17704,Americas,1,
15974,24694,Military,3,9.95
15975,8453,Americas,1,
15976,36228,Ancient Civilizations,7,25.01
15977,12483,Americas,1,19.99
15978,21221,Americas,1,24.94
15979,35129,Europe,4,16.05
15980,5187,World,0,14.38
15981,110,World,0,
15982,2338,World,0,9.07
15983,28565,Americas,1,19.79
15984,20770,Americas,1,21.24
15985,13789,Americas,1,
15986,41506,Europe,4,78.95
15987,6498,Americas,1,18.94
15988,24195,World,0,21.95
15989,9246,World,0,
15990,6025,Americas,1,28.0
15991,25700,Americas,1,11.99
15992,26787,Americas,1,
15993,10645,Americas,1,12.96
15994,41073,Americas,1,
15995,12428,Americas,1,20.38
15996,40370,Military,3,20.95
15997,19025,World,0,
15998,14861,Americas,1,
15999,25418,Americas,1,9.73
16000,31138,World,0,8.98
16001,15108,Americas,1,
16002,25057,Military,3,
16003,22476,World,0,15.0
16004,656,Ancient Civilizations,7,
16005,38899,Americas,1,9.95
16006,31363,Americas,1,
16007,9998,Americas,1,16.95
16008,28237,Americas,1,17.38
16009,21783,Military,3,
16010,23750,Military,3,
16011,29706,Americas,1,18.77
16012,16591,Asia,2,2.02
16013,23910,World,0,16.95
16014,29807,Ancient Civilizations,7,14.95
16015,28339,Americas,1,19.79
16016,7085,World,0,
16017,28248,Americas,1,21.99
16018,5456,Americas,1,
16019,20757,Americas,1,19.95
16020,25098,Military,3,36.09
16021,28375,Americas,1,17.37
16022,18999,Americas,1,55.0
16023,21428,World,0,11.16
16024,35625,Americas,1,19.99
16025,3532,Americas,1,30.0
16026,17396,Americas,1,21.38
16027,12195,Americas,1,16.41
16028,15306,Asia,2,18.98
16029,37971,Military,3,19.82
16030,20000,Americas,1,
16031,32224,Americas,1,12.95
16032,41531,Americas,1,
16033,22802,Americas,1,
16034,29874,World,0,18.83
16035,5766,Europe,4,6.21
16036,18502,Americas,1,18.0
16037,20314,Americas,1,22.46
16038,12553,Americas,1,21.99
16039,803,Americas,1,20.73
16040,29989,Military,3,9.97
16041,2784,World,0,
16042,12753,Americas,1,21.99
16043,38260,Europe,4,
16044,13096,Americas,1,21.99
16045,19393,Europe,4,47.5
16046,36184,Military,3,43.67
16047,27685,Ancient Civilizations,7,42.69
16048,10883,Americas,1,50.33
16049,23747,Asia,2,
16050,29368,Americas,1,
16051,7047,World,0,13.56
16052,230,Europe,4,10.02
16053,202,Ancient Civilizations,7,10.84
16054,23157,Asia,2,7.0
16055,34805,Military,3,19.11
16056,7690,Americas,1,8.34
16057,28319,Americas,1,19.27
16058,28862,Americas,1,39.94
16059,2334,Americas,1,
16060,13607,Americas,1,21.99
16061,1489,Americas,1,13.6
16062,38694,Europe,4,19.95
16063,20759,Americas,1,
16064,20840,World,0,
16065,36537,Military,3,
16066,35520,Americas,1,19.99
16067,6383,Americas,1,4.98
16068,9214,World,0,19.29
16069,29028,Europe,4,15.47
16070,18778,Military,3,16.9
16071,22413,Americas,1,
16072,9558,Americas,1,
16073,8688,Australia & Oceania,10,80.88
16074,19860,Americas,1,55.0
16075,15246,Americas,1,
16076,7417,Americas,1,18.0
16077,25413,Asia,2,
16078,26121,Americas,1,12.5
16079,31188,Americas,1,18.95
16080,8628,Europe,4,15.49
16081,10894,Americas,1,
16082,23626,Military,3,9.95
16083,38691,Europe,4,19.95
16084,21522,World,0,4.74
16085,20233,Americas,1,49.95
16086,37371,Europe,4,
16087,36310,Military,3,16.16
16088,15475,World,0,23.0
16089,14752,Military,3,39.46
16090,18525,Military,3,8.97
16091,38544,Military,3,16.12
16092,31504,Americas,1,26.42
16093,31666,Asia,2,16.77
16094,31974,Military,3,
16095,4256,Americas,1,18.79
16096,24852,Americas,1,
16097,4907,Americas,1,18.99
16098,22582,Europe,4,19.95
16099,14897,Americas,1,
16100,14383,Ancient Civilizations,7,36.1
16101,15461,World,0,49.0
16102,18488,Americas,1,14.7
16103,17436,Americas,1,46.95
16104,33970,Americas,1,24.75
16105,367,Americas,1,
16106,32807,World,0,
16107,40113,Americas,1,26.95
16108,35720,Americas,1,22.15
16109,25585,World,0,10.55
16110,14216,Americas,1,
16111,18616,Americas,1,21.07
16112,9459,Americas,1,78.78
16113,21197,Americas,1,65.51
16114,17859,Americas,1,16.12
16115,13020,Americas,1,19.79
16116,40297,Military,3,29.99
16117,8319,Americas,1,
16118,7554,Americas,1,28.63
16119,11623,Americas,1,19.79
16120,12754,Americas,1,21.99
16121,35370,Americas,1,19.99
16122,25630,Military,3,10.3
16123,22098,Americas,1,9.04
16124,21743,Europe,4,14.51
16125,35420,Americas,1,17.7
16126,35597,Americas,1,19.99
16127,21327,Americas,1,16.39
16128,456,World,0,22.04
16129,35077,Americas,1,11.86
16130,28265,Americas,1,18.55
16131,15665,World,0,18.03
16132,28123,Americas,1,18.66
16133,14544,Americas,1,24.95
16134,25524,Americas,1,8.74
16135,23391,Americas,1,
16136,27383,Americas,1,37.5
16137,1805,World,0,
16138,31445,World,0,14.95
16139,18114,World,0,22.95
16140,32617,Americas,1,14.45
16141,39487,Military,3,
16142,24097,Military,3,4.49
16143,30,Military,3,20.0
16144,13609,Americas,1,21.99
16145,34405,Americas,1,21.99
16146,37292,Historical Study & Educational Resources,9,21.57
16147,13137,Americas,1,12.86
16148,12660,Americas,1,21.99
16149,24352,Asia,2,
16150,15518,World,0,
16151,8306,Americas,1,
16152,3162,Americas,1,
16153,13159,Americas,1,21.04
16154,11690,Americas,1,21.99
16155,38655,Europe,4,17.95
16156,16356,Americas,1,25.0
16157,15834,World,0,
16158,13339,Americas,1,5.49
16159,18331,Americas,1,
16160,33526,Americas,1,19.99
16161,14731,Military,3,79.99
16162,26294,Americas,1,29.99
16163,1005,Middle East,8,61.06
16164,2700,World,0,
16165,3617,World,0,
16166,32176,World,0,8.27
16167,33164,Americas,1,
16168,22271,Americas,1,16.95
16169,35347,Americas,1,14.57
16170,39512,Europe,4,
16171,27059,Americas,1,16.0
16172,9112,Americas,1,
16173,3695,Americas,1,35.0
16174,41448,Americas,1,
16175,9105,Americas,1,
16176,28304,Americas,1,15.71
16177,4171,Americas,1,
16178,4687,World,0,9.27
16179,17109,Americas,1,19.95
16180,12590,Americas,1,19.99
16181,2386,World,0,
16182,299,Americas,1,24.99
16183,20444,Americas,1,
16184,7587,World,0,2.91
16185,31012,World,0,22.86
16186,25513,Military,3,26.75
16187,21829,Military,3,12.7
16188,7124,World,0,
16189,27968,Americas,1,11.68
16190,3305,Americas,1,32.0
16191,536,World,0,11.86
16192,29399,Americas,1,22.99
16193,1840,World,0,22.35
16194,3778,Americas,1,
16195,10602,Military,3,15.95
16196,17912,Americas,1,
16197,18137,Americas,1,
16198,1718,Americas,1,
16199,36050,World,0,
16200,14787,Americas,1,16.99
16201,27204,Americas,1,19.88
16202,28492,Americas,1,21.99
16203,36074,Military,3,9.52
16204,9020,Asia,2,16.99
16205,10739,Military,3,35.1
16206,964,Military,3,4.5
16207,18410,Europe,4,11.99
16208,13913,Americas,1,8.4
16209,22148,Americas,1,40.8
16210,36784,Military,3,18.95
16211,36001,Americas,1,20.53
16212,30012,Ancient Civilizations,7,14.95
16213,22134,Americas,1,15.2
16214,7839,Americas,1,
16215,39451,Asia,2,43.59
16216,21385,World,0,22.22
16217,1581,World,0,17.28
16218,38604,Military,3,
16219,18769,Europe,4,19.95
16220,16694,Americas,1,
16221,31179,Americas,1,7.0
16222,35799,Americas,1,17.73
16223,10953,Americas,1,34.95
16224,33608,Americas,1,35.7
16225,2566,World,0,
16226,24129,Military,3,25.94
16227,6202,Americas,1,8.37
16228,14272,Australia & Oceania,10,12.98
16229,3919,Americas,1,
16230,31514,World,0,15.21
16231,17501,Americas,1,19.95
16232,34452,Americas,1,15.55
16233,2183,Americas,1,
16234,24614,Europe,4,
16235,10319,Military,3,
16236,38862,World,0,
16237,16807,Americas,1,25.03
16238,9570,Americas,1,27.49
16239,29864,Americas,1,16.99
16240,27409,Military,3,20.99
16241,379,Americas,1,28.86
16242,289,Americas,1,50.97
16243,33498,Americas,1,19.99
16244,8029,Europe,4,24.07
16245,35122,Historical Study & Educational Resources,9,13.59
16246,219,Europe,4,27.95
16247,38473,Americas,1,
16248,4167,Americas,1,16.95
16249,30288,Europe,4,21.2
16250,36376,Military,3,17.99
16251,26560,Americas,1,
16252,8670,Europe,4,23.85
16253,17305,Americas,1,
16254,6635,Americas,1,29.95
16255,3483,World,0,16.77
16256,15770,World,0,22.84
16257,19240,Americas,1,15.29
16258,37009,Europe,4,17.57
16259,34823,Europe,4,20.78
16260,19979,Americas,1,25.15
16261,17554,Americas,1,19.21
16262,36588,Europe,4,19.1
16263,7488,Military,3,22.67
16264,13875,Asia,2,9.14
16265,13564,Americas,1,21.99
16266,26453,World,0,46.99
16267,28459,Americas,1,17.39
16268,10833,Americas,1,29.95
16269,10205,Military,3,13.54
16270,26273,Military,3,33.33
16271,36100,Europe,4,17.95
16272,41337,Military,3,52.23
16273,1540,Americas,1,20.0
16274,37635,Americas,1,21.95
16275,4125,Americas,1,
16276,25197,Americas,1,
16277,28050,Americas,1,19.79
16278,36790,Military,3,18.95
16279,12052,Americas,1,19.79
16280,15020,Americas,1,25.6
16281,29690,World,0,12.0
16282,13741,Americas,1,38.0
16283,4976,Military,3,18.01
16284,34706,World,0,10.37
16285,21671,Europe,4,14.41
16286,26338,Americas,1,19.05
16287,3371,Americas,1,21.86
16288,2463,World,0,11.03
16289,11987,Americas,1,21.99
16290,24799,Americas,1,25.26
16291,20267,Americas,1,60.03
16292,32458,Military,3,
16293,25971,Americas,1,25.0
16294,25213,Americas,1,
16295,15351,World,0,21.65
16296,29141,Europe,4,16.61
16297,40547,World,0,
16298,23887,Americas,1,15.95
16299,29642,Europe,4,
16300,5545,Europe,4,17.97
16301,23980,World,0,17.67
16302,24731,Americas,1,7.52
16303,5014,Americas,1,13.95
16304,30010,Americas,1,
16305,2471,Ancient Civilizations,7,129.51
16306,7262,Military,3,49.79
16307,22349,Military,3,
16308,13539,Americas,1,21.99
16309,30018,World,0,18.65
16310,31748,Americas,1,
16311,36198,Military,3,22.83
16312,9646,World,0,26.8
16313,33511,Americas,1,14.99
16314,701,World,0,14.99
16315,39303,Europe,4,
16316,3544,Americas,1,9.44
16317,21297,Americas,1,15.52
16318,21477,World,0,12.93
16319,3347,World,0,31.14
16320,35215,Americas,1,17.95
16321,11388,Americas,1,16.78
16322,1714,Americas,1,
16323,24499,Asia,2,
16324,32633,Americas,1,39.95
16325,35252,Americas,1,35.71
16326,25410,World,0,
16327,37592,Europe,4,18.95
16328,9933,Americas,1,8.14
16329,7456,Americas,1,
16330,18253,World,0,18.46
16331,11380,Americas,1,21.99
16332,27252,Americas,1,15.26
16333,35377,Americas,1,19.4
16334,33449,Americas,1,
16335,41008,Americas,1,
16336,26845,Americas,1,20.0
16337,37149,Europe,4,
16338,18175,Americas,1,10.97
16339,2583,World,0,
16340,37141,Military,3,17.95
16341,9233,World,0,31.67
16342,12951,Americas,1,21.99
16343,37237,Military,3,24.95
16344,1729,Americas,1,
16345,6916,Americas,1,29.95
16346,29563,Military,3,12.95
16347,38465,Military,3,14.95
16348,3971,Military,3,
16349,16889,Americas,1,8.89
16350,19024,Americas,1,39.95
16351,2559,World,0,
16352,19132,Americas,1,6.28
16353,6180,Americas,1,9.79
16354,37161,Military,3,18.95
16355,3503,Americas,1,
16356,3366,World,0,13.28
16357,35365,Americas,1,15.06
16358,2684,Europe,4,
16359,39733,Military,3,51.73
16360,21018,Americas,1,29.95
16361,21858,Americas,1,50.07
16362,4935,Americas,1,12.9
16363,18085,Americas,1,
16364,29908,Military,3,14.99
16365,20794,Americas,1,
16366,12410,Americas,1,21.99
16367,31000,World,0,14.64
16368,16707,Military,3,9.95
16369,25771,Americas,1,14.0
16370,36471,Military,3,29.02
16371,24131,Military,3,39.94
16372,9456,Military,3,
16373,13559,Americas,1,21.99
16374,18468,Americas,1,36.72
16375,39323,Americas,1,
16376,18568,Africa,6,24.95
16377,41298,Americas,1,
16378,7940,Americas,1,8.78
16379,18887,Americas,1,
16380,25237,Americas,1,126.56
16381,12764,Americas,1,21.99
16382,9509,Americas,1,25.13
16383,25450,Middle East,8,16.19
16384,32421,Americas,1,
16385,31602,Americas,1,16.99
16386,5284,Asia,2,
16387,14638,Americas,1,19.99
16388,28880,World,0,26.67
16389,24113,Military,3,
16390,31578,Americas,1,25.1
16391,3334,World,0,19.23
16392,27158,Americas,1,19.96
16393,34722,Europe,4,
16394,15276,Americas,1,27.96
16395,15528,World,0,12.37
16396,25299,Americas,1,5.49
16397,2171,Americas,1,
16398,33257,World,0,17.37
16399,30032,Europe,4,12.95
16400,18380,Europe,4,19.95
16401,12891,Americas,1,21.99
16402,27753,Ancient Civilizations,7,16.9
16403,16317,Americas,1,70.0
16404,35006,Americas,1,16.95
16405,31579,Americas,1,16.95
16406,38489,Ancient Civilizations,7,17.88
16407,5973,Americas,1,14.82
16408,33641,World,0,7.97
16409,23288,Military,3,
16410,23269,World,0,29.37
16411,14702,Americas,1,12.5
16412,22562,Americas,1,31.0
16413,17598,Americas,1,24.0
16414,28212,Americas,1,17.83
16415,30668,Americas,1,
16416,28871,Europe,4,20.0
16417,41174,Europe,4,77.15
16418,17737,Americas,1,
16419,41209,Americas,1,70.44
16420,38411,Military,3,
16421,8650,World,0,
16422,31995,Americas,1,46.24
16423,30433,Americas,1,8.5
16424,39490,World,0,21.96
16425,6745,Americas,1,20.08
16426,13271,Americas,1,17.19
16427,7558,World,0,26.99
16428,29128,Military,3,22.99
16429,39233,Americas,1,17.95
16430,31240,Americas,1,
16431,31834,Americas,1,
16432,26577,Europe,4,18.89
16433,29722,Americas,1,
16434,32208,Americas,1,25.66
16435,1642,Americas,1,14.5
16436,18558,Military,3,12.95
16437,3686,World,0,
16438,291,Americas,1,12.99
16439,21719,Europe,4,15.36
16440,2085,Americas,1,
16441,38500,Military,3,17.95
16442,11747,Americas,1,21.99
16443,22536,Americas,1,47.46
16444,39462,Europe,4,21.94
16445,27492,Europe,4,
16446,39511,Europe,4,
16447,39758,Europe,4,36.24
16448,34343,Americas,1,19.99
16449,1765,Military,3,
16450,22126,World,0,
16451,20109,Americas,1,13.96
16452,18647,Military,3,17.73
16453,28566,Americas,1,14.02
16454,32119,Americas,1,7.26
16455,18920,World,0,24.02
16456,20212,World,0,
16457,26378,Europe,4,25.24
16458,28665,Americas,1,19.99
16459,23297,Americas,1,
16460,5894,Americas,1,20.0
16461,31574,Military,3,
16462,27463,World,0,26.81
16463,22848,Americas,1,
16464,7926,World,0,15.35
16465,34311,Americas,1,16.8
16466,30737,Americas,1,8.36
16467,2797,World,0,
16468,12236,Americas,1,11.0
16469,28592,Americas,1,16.34
16470,23784,Americas,1,49.95
16471,22365,Military,3,
16472,26084,World,0,6.93
16473,1216,Americas,1,13.56
16474,11773,Americas,1,16.11
16475,38680,Military,3,1.98
16476,29129,Americas,1,16.32
16477,26877,Asia,2,11.1
16478,2089,Americas,1,
16479,4739,World,0,28.0
16480,4286,Americas,1,75.0
16481,27858,Americas,1,
16482,16088,Americas,1,
16483,38733,Military,3,64.95
16484,39012,Military,3,22.95
16485,28585,Americas,1,11.21
16486,12139,Americas,1,17.36
16487,4438,Americas,1,29.95
16488,7202,Americas,1,
16489,24656,Americas,1,36.01
16490,1827,Europe,4,
16491,5453,Americas,1,
16492,20041,Military,3,
16493,1870,World,0,
16494,41079,Americas,1,29.96
16495,26087,Military,3,18.95
16496,24802,Americas,1,
16497,14317,Military,3,24.78
16498,11524,Americas,1,19.79
16499,12209,Americas,1,21.99
16500,16749,Ancient Civilizations,7,28.0
16501,16804,Americas,1,10.48
16502,5927,Military,3,18.0
16503,24081,Military,3,11.29
16504,18591,Americas,1,17.45
16505,188,Americas,1,
16506,14893,Americas,1,39.0
16507,31344,Americas,1,18.0
16508,22951,Americas,1,5.7
16509,23605,Military,3,27.17
16510,12273,Americas,1,11.25
16511,24467,Americas,1,
16512,37849,Europe,4,26.21
16513,21138,Americas,1,24.95
16514,26915,Americas,1,
16515,26276,Americas,1,39.95
16516,12232,Americas,1,14.97
16517,20767,Americas,1,17.95
16518,17995,Americas,1,30.0
16519,39725,Asia,2,12.99
16520,5648,Americas,1,10.59
16521,9514,Americas,1,28.19
16522,24150,Military,3,
16523,40969,Americas,1,15.76
16524,14257,Military,3,
16525,34923,Americas,1,14.95
16526,12583,Americas,1,17.37
16527,35578,Americas,1,19.99
16528,14696,Military,3,44.3
16529,21193,Military,3,95.0
16530,34520,Americas,1,19.99
16531,19794,World,0,
16532,18003,Americas,1,
16533,24479,Ancient Civilizations,7,12.07
16534,31606,Americas,1,
16535,9053,Americas,1,8.95
16536,13215,Americas,1,21.86
16537,20082,Americas,1,
16538,17185,Americas,1,24.95
16539,714,Americas,1,39.97
16540,21549,Americas,1,
16541,20849,World,0,16.39
16542,9811,Americas,1,
16543,16942,Americas,1,19.19
16544,12530,Americas,1,21.99
16545,38308,World,0,32.96
16546,25326,World,0,16.19
16547,40785,Military,3,23.82
16548,5164,World,0,5.98
16549,2221,Americas,1,24.05
16550,6538,Americas,1,19.21
16551,40403,Americas,1,39.95
16552,22243,Americas,1,30.46
16553,22510,Americas,1,
16554,34522,Americas,1,21.99
16555,24301,Americas,1,
16556,2687,World,0,
16557,8704,Americas,1,12.15
16558,13592,Americas,1,21.99
16559,2178,World,0,
16560,40453,Americas,1,
16561,30658,Military,3,33.99
16562,28075,Americas,1,20.86
16563,40610,Europe,4,11.96
16564,12825,Americas,1,19.05
16565,25417,Americas,1,19.95
16566,21756,Europe,4,17.95
16567,11891,Americas,1,19.79
16568,36881,Europe,4,18.95
16569,38994,Military,3,
16570,28737,Americas,1,29.02
16571,14843,Americas,1,25.99
16572,20480,Americas,1,74.95
16573,5589,Military,3,
16574,39628,Europe,4,9.99
16575,6755,Americas,1,24.95
16576,6632,Americas,1,45.34
16577,10933,Americas,1,39.95
16578,27440,Europe,4,21.99
16579,31431,Military,3,22.0
16580,22589,Americas,1,9.95
16581,11147,Military,3,13.9
16582,7106,World,0,
16583,9173,Americas,1,
16584,17135,Americas,1,19.95
16585,27069,Americas,1,8.79
16586,39472,Military,3,47.4
16587,34276,Americas,1,13.07
16588,17183,Americas,1,13.4
16589,3101,Americas,1,52.8
16590,16009,Americas,1,
16591,4807,Americas,1,16.95
16592,31350,Americas,1,39.88
16593,29682,Americas,1,9.99
16594,124,Africa,6,29.99
16595,22593,Americas,1,
16596,2704,Ancient Civilizations,7,18.95
16597,8759,Russia,5,10.01
16598,16837,World,0,
16599,14535,Americas,1,13.99
16600,30904,Americas,1,12.0
16601,7962,Americas,1,
16602,39163,Americas,1,11.95
16603,1705,Europe,4,11.9
16604,9434,Americas,1,5.99
16605,40933,Ancient Civilizations,7,41.55
16606,39940,Europe,4,22.66
16607,39416,Americas,1,26.95
16608,5678,Americas,1,8.78
16609,13812,Asia,2,
16610,23423,World,0,
16611,25478,Americas,1,9.79
16612,32063,Americas,1,22.0
16613,28165,Americas,1,20.12
16614,19315,Americas,1,
16615,9212,World,0,26.63
16616,26412,World,0,25.25
16617,14127,Europe,4,23.05
16618,15413,Europe,4,25.91
16619,40717,World,0,14.41
16620,10325,World,0,
16621,29820,Americas,1,17.97
16622,23366,World,0,25.0
16623,22037,World,0,15.0
16624,22859,Americas,1,
16625,23627,Europe,4,49.08
16626,40006,Americas,1,
16627,36869,Military,3,10.58
16628,8485,World,0,26.13
16629,6120,Americas,1,
16630,7459,Americas,1,
16631,14003,Europe,4,12.26
16632,2485,Europe,4,
16633,14833,Military,3,6.56
16634,17496,Americas,1,24.7
16635,9904,Americas,1,14.95
16636,32508,Americas,1,20.73
16637,4509,Americas,1,14.05
16638,37435,Americas,1,17.95
16639,3668,Americas,1,18.83
16640,31944,Military,3,2.3
16641,21758,Military,3,12.7
16642,13790,Americas,1,41.76
16643,6947,Military,3,45.0
16644,5985,Americas,1,12.74
16645,8865,Europe,4,5.99
16646,23766,Military,3,24.5
16647,39598,Military,3,
16648,29021,Europe,4,12.07
16649,20535,Americas,1,18.13
16650,6517,Europe,4,38.78
16651,7930,Americas,1,
16652,26729,Americas,1,
16653,20036,Europe,4,7.56
16654,14525,Americas,1,
16655,8696,World,0,
16656,13981,Europe,4,15.95
16657,40300,Military,3,33.21
16658,27170,Americas,1,
16659,752,Americas,1,50.46
16660,30222,Americas,1,21.33
16661,26963,Asia,2,
16662,27001,World,0,
16663,38346,World,0,33.04
16664,10572,Americas,1,24.23
16665,11740,Americas,1,24.99
16666,9926,Europe,4,26.98
16667,19392,Americas,1,45.0
16668,9805,Americas,1,12.42
16669,23090,Europe,4,28.0
16670,7286,Military,3,10.1
16671,612,Asia,2,12.47
16672,24494,Americas,1,12.95
16673,15856,World,0,
16674,38041,Military,3,26.04
16675,7098,Europe,4,
16676,36206,Military,3,33.48
16677,12850,Americas,1,21.99
16678,31202,Americas,1,
16679,41103,Americas,1,16.81
16680,38723,Europe,4,
16681,26095,Americas,1,16.4
16682,3552,Asia,2,10.26
16683,10228,Americas,1,24.99
16684,28042,Americas,1,21.99
16685,31477,World,0,19.63
16686,24413,Americas,1,12.12
16687,12806,Americas,1,21.99
16688,13355,Americas,1,19.79
16689,29924,World,0,
16690,19774,World,0,
16691,9542,Americas,1,
16692,36240,Military,3,33.74
16693,13333,Americas,1,19.79
16694,17683,Americas,1,44.95
16695,25764,World,0,8.88
16696,7138,World,0,
16697,9406,Americas,1,
16698,38981,Americas,1,10.06
16699,3711,Americas,1,
16700,10462,World,0,23.3
16701,14822,World,0,
16702,22451,World,0,19.09
16703,4397,Americas,1,29.24
16704,24947,World,0,35.0
16705,23228,Americas,1,20.0
16706,5952,Americas,1,15.99
16707,39903,World,0,8.9
16708,3884,World,0,29.18
16709,27955,Americas,1,21.6
16710,3658,Americas,1,
16711,9813,Americas,1,21.73
16712,17243,Americas,1,5.01
16713,28663,Americas,1,19.99
16714,24850,Military,3,
16715,38437,Military,3,18.95
16716,32075,Americas,1,
16717,24475,Americas,1,
16718,29893,Military,3,11.95
16719,33850,Americas,1,10.99
16720,13730,Americas,1,
16721,22306,Americas,1,29.95
16722,2991,Americas,1,19.5
16723,27582,Historical Study & Educational Resources,9,18.91
16724,29107,Military,3,15.41
16725,32902,Military,3,36.76
16726,34505,Americas,1,16.22
16727,14465,Americas,1,16.95
16728,17756,Americas,1,
16729,17255,Military,3,
16730,16303,Americas,1,30.36
16731,36269,World,0,21.98
16732,1947,Americas,1,
16733,15933,Americas,1,47.95
16734,23179,Americas,1,15.97
16735,10018,Americas,1,23.96
16736,18720,Military,3,41.49
16737,2293,World,0,
16738,13887,Americas,1,20.99
16739,26640,Americas,1,16.49
16740,14247,Europe,4,6.17
16741,12860,Americas,1,32.41
16742,19850,Americas,1,
16743,28711,Americas,1,5.49
16744,2535,Military,3,
16745,23801,World,0,19.99
16746,22089,Americas,1,25.0
16747,34140,Americas,1,13.75
16748,35,Africa,6,0.96
16749,13133,Americas,1,19.79
16750,21068,Americas,1,15.29
16751,40837,World,0,18.97
16752,24759,Americas,1,14.23
16753,9614,Americas,1,25.91
16754,34403,Americas,1,18.41
16755,3152,Europe,4,16.99
16756,13899,World,0,19.99
16757,27799,Americas,1,
16758,349,Europe,4,6.47
16759,40139,Americas,1,19.73
16760,5731,Americas,1,34.61
16761,22069,Americas,1,
16762,29149,Asia,2,12.23
16763,5461,Europe,4,10.99
16764,18345,Americas,1,34.98
16765,2038,Americas,1,
16766,24076,Military,3,34.95
16767,21897,Europe,4,20.27
16768,37319,Africa,6,26.64
16769,7790,Ancient Civilizations,7,4.35
16770,33083,Americas,1,
16771,17474,Americas,1,47.95
16772,5968,World,0,7.95
16773,27196,Americas,1,
16774,24998,Americas,1,
16775,2870,World,0,
16776,7748,Ancient Civilizations,7,33.5
16777,25887,Historical Study & Educational Resources,9,44.39
16778,33217,World,0,16.88
16779,10605,Americas,1,14.95
16780,16141,World,0,13.99
16781,14262,Military,3,7.5
16782,12756,Americas,1,19.79
16783,32706,Americas,1,14.06
16784,3505,Americas,1,23.0
16785,21958,Military,3,15.53
16786,37007,Asia,2,18.95
16787,40712,World,0,15.81
16788,31258,World,0,15.95
16789,22498,Americas,1,75.0
16790,18219,World,0,5.0
16791,30489,Europe,4,7.99
16792,29953,Americas,1,16.17
16793,32681,World,0,31.55
16794,11794,Americas,1,14.98
16795,10291,Americas,1,
16796,15546,World,0,39.0
16797,31761,Americas,1,39.5
16798,32028,Americas,1,47.33
16799,40535,Asia,2,19.95
16800,14004,Europe,4,
16801,21432,World,0,1.09
16802,16597,Military,3,0.99
16803,18735,Military,3,
16804,24992,Americas,1,
16805,208,Europe,4,13.92
16806,24425,Americas,1,15.0
16807,6886,Asia,2,
16808,31988,Military,3,25.16
16809,11276,Americas,1,12.64
16810,40038,World,0,
16811,39617,Military,3,56.95
16812,41312,Military,3,39.98
16813,32387,Historical Study & Educational Resources,9,44.75
16814,1747,Americas,1,
16815,4147,Americas,1,22.48
16816,37175,Europe,4,14.43
16817,2703,Europe,4,
16818,17593,Americas,1,34.36
16819,16471,Americas,1,24.12
16820,29701,Americas,1,13.05
16821,9272,World,0,
16822,5437,Americas,1,22.48
16823,6115,Americas,1,2.5
16824,35713,World,0,21.22
16825,37596,Military,3,24.06
16826,14338,Military,3,
16827,25014,Military,3,
16828,25776,Americas,1,13.94
16829,1666,Americas,1,6.95
16830,3993,Americas,1,
16831,12772,Americas,1,20.99
16832,26506,Americas,1,19.2
16833,20477,Americas,1,28.95
16834,13499,Americas,1,21.99
16835,3888,Americas,1,
16836,15543,World,0,
16837,12129,Americas,1,
16838,36119,Military,3,18.64
16839,221,Americas,1,
16840,40426,Americas,1,54.39
16841,22971,Americas,1,
16842,18046,Americas,1,
16843,6586,Europe,4,8.11
16844,11983,Americas,1,17.38
16845,35499,Americas,1,16.99
16846,39005,Americas,1,19.95
16847,41470,Americas,1,
16848,13090,Americas,1,13.4
16849,35274,Historical Study & Educational Resources,9,12.99
16850,38815,World,0,30.44
16851,21519,World,0,12.99
16852,27958,Americas,1,16.92
16853,29973,Americas,1,19.95
16854,35155,Americas,1,
16855,23629,Military,3,9.95
16856,12778,Americas,1,7.99
16857,23542,Americas,1,
16858,17731,Americas,1,
16859,14112,Military,3,27.36
16860,22428,Americas,1,19.08
16861,37177,World,0,33.0
16862,20865,Military,3,
16863,29306,Europe,4,18.98
16864,35702,Americas,1,29.19
16865,24761,World,0,
16866,37404,Americas,1,18.32
16867,17902,Americas,1,16.7
16868,2250,Americas,1,
16869,24455,Military,3,14.74
16870,3139,World,0,84.48
16871,9789,Americas,1,27.93
16872,21503,Americas,1,16.99
16873,22878,Americas,1,22.63
16874,7907,Ancient Civilizations,7,20.27
16875,30664,Europe,4,8.61
16876,1628,Americas,1,14.4
16877,9939,Americas,1,
16878,34456,Americas,1,19.99
16879,3523,Americas,1,23.89
16880,611,Europe,4,14.23
16881,29712,Americas,1,24.95
16882,13122,Americas,1,21.99
16883,8030,Americas,1,
16884,8143,World,0,
16885,14107,Europe,4,
16886,20585,Americas,1,
16887,34257,Americas,1,15.87
16888,35451,Americas,1,19.99
16889,8137,World,0,29.95
16890,11829,Americas,1,18.48
16891,30574,Americas,1,
16892,33750,Americas,1,
16893,2316,World,0,
16894,40949,World,0,
16895,41423,Americas,1,
16896,37818,Historical Study & Educational Resources,9,37.38
16897,32960,Military,3,35.01
16898,3329,Americas,1,28.04
16899,9593,World,0,
16900,40889,World,0,
16901,12332,Americas,1,18.73
16902,14698,Americas,1,29.51
16903,18247,World,0,57.77
16904,3794,Military,3,
16905,13667,Europe,4,102.03
16906,38769,Europe,4,
16907,18652,Americas,1,15.69
16908,21820,Europe,4,13.96
16909,12490,Americas,1,21.99
16910,30215,Americas,1,15.42
16911,39582,World,0,
16912,5025,Europe,4,61.98
16913,16643,World,0,20.76
16914,33152,Military,3,23.2
16915,30397,World,0,14.95
16916,22667,Americas,1,17.95
16917,2815,World,0,13.72
16918,40836,World,0,14.72
16919,33473,Americas,1,
16920,5800,World,0,
16921,21489,Americas,1,
16922,22777,Americas,1,19.95
16923,23208,Americas,1,9.95
16924,25869,Americas,1,9.95
16925,33347,Americas,1,19.66
16926,37527,Europe,4,25.95
16927,30277,Europe,4,30.74
16928,18692,Americas,1,
16929,21983,Military,3,38.15
16930,31644,Americas,1,5.99
16931,27084,Americas,1,20.99
16932,17112,Americas,1,24.95
16933,30917,World,0,
16934,37708,Europe,4,18.95
16935,31061,Americas,1,12.95
16936,965,Military,3,
16937,12669,Americas,1,21.99
16938,28201,Americas,1,21.99
16939,34348,Americas,1,19.99
16940,20723,Americas,1,28.56
16941,28644,Americas,1,16.74
16942,36209,Military,3,20.45
16943,31564,World,0,25.99
16944,35911,Americas,1,19.0
16945,17060,Europe,4,24.95
16946,17690,Americas,1,20.97
16947,28822,Americas,1,28.99
16948,37087,Americas,1,17.94
16949,10415,World,0,10.0
16950,6488,Historical Study & Educational Resources,9,18.58
16951,22907,Americas,1,31.95
16952,9151,Americas,1,
16953,33659,Americas,1,
16954,24536,Europe,4,
16955,14464,Americas,1,24.68
16956,1592,Americas,1,14.55
16957,14950,Americas,1,8.33
16958,33663,Americas,1,19.55
16959,13425,Americas,1,20.63
16960,19185,Americas,1,27.5
16961,20533,Americas,1,30.55
16962,10643,Americas,1,5.95
16963,6986,Americas,1,6.99
16964,21025,World,0,
16965,36842,Europe,4,18.95
16966,12723,Americas,1,20.66
16967,22430,Americas,1,16.99
16968,41389,Americas,1,
16969,6290,World,0,13.91
16970,7518,World,0,29.15
16971,22732,Americas,1,15.03
16972,9355,Europe,4,73.42
16973,30893,Americas,1,
16974,39855,Americas,1,20.0
16975,40029,World,0,
16976,24963,Americas,1,
16977,5880,Americas,1,
16978,11557,Americas,1,22.77
16979,8351,Europe,4,27.37
16980,21914,Europe,4,
16981,5405,Americas,1,15.42
16982,20046,Americas,1,
16983,17267,Americas,1,16.44
16984,5727,Americas,1,
16985,17807,Americas,1,
16986,9944,Middle East,8,36.99
16987,34138,Europe,4,34.19
16988,19486,Americas,1,
16989,4163,Americas,1,25.44
16990,34669,Americas,1,25.07
16991,27553,Americas,1,13.12
16992,2170,World,0,13.37
16993,39327,Americas,1,17.95
16994,7071,Europe,4,27.55
16995,6035,Americas,1,14.9
16996,30754,Americas,1,
16997,19370,Americas,1,45.0
16998,15685,Americas,1,
16999,8941,Historical Study & Educational Resources,9,
17000,34086,Americas,1,18.95
17001,16809,Americas,1,28.15
17002,32636,Europe,4,7.55
17003,27423,Americas,1,33.95
17004,36379,Military,3,26.2
17005,12463,Americas,1,19.99
17006,25740,Americas,1,
17007,36716,Europe,4,15.49
17008,33877,Americas,1,24.95
17009,11508,Americas,1,20.51
17010,12032,Americas,1,19.79
17011,23746,Americas,1,
17012,35769,Americas,1,32.37
17013,28860,Europe,4,28.5
17014,24546,Americas,1,22.95
17015,4388,Americas,1,22.45
17016,34446,Americas,1,19.99
17017,20604,Americas,1,
17018,12131,Americas,1,17.69
17019,16349,Americas,1,9.66
17020,26713,Americas,1,
17021,24903,Americas,1,25.16
17022,421,Europe,4,14.22
17023,41520,Military,3,15.49
17024,3595,Americas,1,28.01
17025,2694,World,0,
17026,12238,Americas,1,19.99
17027,2905,World,0,
17028,25080,World,0,66.93
17029,11502,Americas,1,21.99
17030,20076,Americas,1,29.08
17031,25096,Military,3,
17032,937,Americas,1,31.77
17033,31457,Americas,1,14.95
17034,36581,Americas,1,30.0
17035,28638,Americas,1,14.95
17036,37942,Europe,4,
17037,29276,Europe,4,22.46
17038,18719,Asia,2,
17039,22215,Americas,1,8.98
17040,14375,Military,3,67.5
17041,13184,Americas,1,14.46
17042,23213,Americas,1,34.65
17043,30332,Military,3,14.95
17044,36029,Europe,4,
17045,29104,Europe,4,12.51
17046,12293,Americas,1,19.79
17047,5804,Military,3,6.81
17048,8364,Europe,4,22.36
17049,37764,Europe,4,18.95
17050,31281,Americas,1,49.64
17051,35387,Americas,1,21.99
17052,4501,Asia,2,54.95
17053,38119,Historical Study & Educational Resources,9,18.95
17054,36712,Europe,4,17.95
17055,16684,World,0,
17056,15740,Americas,1,18.9
17057,24655,Americas,1,4.99
17058,30362,World,0,15.0
17059,33022,Americas,1,8.56
17060,22071,Americas,1,50.0
17061,25555,World,0,12.94
17062,18272,World,0,14.45
17063,18863,Americas,1,
17064,41440,Military,3,19.41
17065,22854,Americas,1,
17066,25353,Americas,1,7.22
17067,17965,Americas,1,
17068,12826,Americas,1,18.56
17069,30207,Americas,1,38.55
17070,18408,Americas,1,25.99
17071,38514,Military,3,17.49
17072,2424,World,0,
17073,2131,Americas,1,10.6
17074,28977,Europe,4,12.95
17075,23020,Americas,1,
17076,26194,Ancient Civilizations,7,
17077,10711,Americas,1,10.52
17078,13808,Ancient Civilizations,7,19.49
17079,15212,Americas,1,
17080,37859,Europe,4,2.0
17081,7012,Americas,1,
17082,35248,Americas,1,18.19
17083,18166,Americas,1,
17084,14155,World,0,26.42
17085,17998,Americas,1,21.05
17086,14808,Americas,1,24.99
17087,31835,Americas,1,
17088,17588,Americas,1,31.11
17089,33294,World,0,19.95
17090,503,World,0,
17091,7559,Americas,1,13.96
17092,41417,Americas,1,38.17
17093,34747,World,0,26.47
17094,34535,Military,3,
17095,13361,Americas,1,20.47
17096,25089,World,0,
17097,26556,World,0,
17098,22345,Military,3,
17099,8405,World,0,
17100,27136,World,0,18.95
17101,8300,Americas,1,
17102,5338,Americas,1,
17103,6386,Americas,1,
17104,2099,Americas,1,
17105,15272,Europe,4,8.0
17106,2706,World,0,
17107,26447,World,0,31.99
17108,11866,Americas,1,19.99
17109,28213,Americas,1,21.99
17110,10525,Americas,1,23.98
17111,40896,Europe,4,30.04
17112,25202,Military,3,65.0
17113,5982,Americas,1,21.95
17114,13567,Americas,1,21.99
17115,29945,Military,3,
17116,35551,Americas,1,16.8
17117,33261,World,0,16.95
17118,2082,Americas,1,
17119,5708,Europe,4,14.72
17120,36512,World,0,
17121,26103,Military,3,5.38
17122,15425,Americas,1,9.09
17123,22204,Americas,1,14.95
17124,31542,Americas,1,19.04
17125,28463,Americas,1,20.87
17126,18191,Americas,1,
17127,15530,World,0,20.12
17128,546,Europe,4,16.13
17129,29358,Americas,1,
17130,35937,Military,3,21.73
17131,35894,Americas,1,14.95
17132,20483,Americas,1,
17133,21533,Americas,1,
17134,38488,Africa,6,30.67
17135,25290,Americas,1,
17136,3844,World,0,
17137,28802,Americas,1,35.0
17138,1020,Australia & Oceania,10,12.19
17139,8769,Military,3,
17140,18679,Europe,4,
17141,10094,World,0,16.99
17142,34236,Americas,1,15.38
17143,11027,World,0,
17144,15175,Europe,4,
17145,40639,Military,3,27.77
17146,3365,World,0,54.73
17147,18432,Americas,1,
17148,14556,World,0,
17149,7774,Europe,4,15.6
17150,26496,Europe,4,
17151,2455,Americas,1,
17152,8390,Europe,4,
17153,13764,World,0,
17154,907,Europe,4,17.21
17155,24218,World,0,
17156,14268,Military,3,56.92
17157,35691,Americas,1,16.83
17158,34003,Americas,1,12.76
17159,27428,Americas,1,
17160,18856,World,0,
17161,26208,Americas,1,19.95
17162,3080,Americas,1,
17163,37571,Europe,4,12.39
17164,22814,Military,3,
17165,2609,Americas,1,
17166,6145,Americas,1,22.99
17167,6214,Americas,1,
17168,16328,Americas,1,
17169,8540,World,0,
17170,18110,Americas,1,
17171,29851,Americas,1,19.63
17172,22036,World,0,12.19
17173,18465,Americas,1,34.32
17174,10300,Americas,1,
17175,22776,Americas,1,13.32
17176,15746,Americas,1,26.5
17177,30484,Military,3,20.0
17178,8342,Americas,1,37.99
17179,6811,World,0,
17180,37691,Military,3,17.95
17181,11311,Americas,1,24.29
17182,17339,Americas,1,
17183,1654,Americas,1,13.83
17184,21812,Military,3,17.95
17185,35888,Americas,1,13.1
17186,32300,Americas,1,
17187,7985,Americas,1,6.64
17188,41005,Americas,1,12.0
17189,39438,World,0,16.33
17190,17278,Americas,1,16.01
17191,25888,Historical Study & Educational Resources,9,51.96
17192,36742,Americas,1,
17193,35942,Asia,2,24.43
17194,3099,Americas,1,
17195,40479,Americas,1,39.67
17196,9322,Middle East,8,
17197,13157,Americas,1,20.38
17198,35092,World,0,
17199,28336,Americas,1,21.99
17200,20321,World,0,
17201,31960,Military,3,29.95
17202,3816,Americas,1,12.93
17203,18725,Historical Study & Educational Resources,9,16.95
17204,31405,Americas,1,29.95
17205,20580,Americas,1,99.95
17206,1790,World,0,69.29
17207,31815,Americas,1,17.45
17208,18605,Europe,4,17.39
17209,21843,Military,3,15.46
17210,19045,Americas,1,25.88
17211,23277,Americas,1,37.5
17212,5468,Africa,6,17.61
17213,18956,Americas,1,
17214,14436,Americas,1,
17215,30125,Ancient Civilizations,7,11.99
17216,40488,World,0,8.96
17217,547,Americas,1,35.0
17218,29219,Military,3,23.75
17219,38444,Europe,4,17.95
17220,34326,Americas,1,21.59
17221,13874,Europe,4,12.98
17222,3468,Americas,1,
17223,13194,Americas,1,21.99
17224,27121,Americas,1,42.36
17225,37271,Military,3,26.08
17226,4793,Americas,1,16.0
17227,315,Americas,1,25.0
17228,20277,Americas,1,39.95
17229,22826,Military,3,
17230,9115,Military,3,52.0
17231,1915,World,0,
17232,31760,Americas,1,
17233,450,World,0,5.9
17234,21030,World,0,
17235,5760,World,0,
17236,16847,World,0,
17237,31111,Military,3,13.49
17238,19318,Americas,1,10.11
17239,31874,World,0,
17240,6362,Europe,4,
17241,24103,Military,3,
17242,25270,Americas,1,
17243,36832,Military,3,
17244,29931,Americas,1,16.8
17245,10309,Asia,2,42.44
17246,1237,Australia & Oceania,10,8.63
17247,38139,Military,3,
17248,27748,Americas,1,12.5
17249,33841,Americas,1,15.57
17250,10606,Military,3,
17251,18377,Americas,1,
17252,18427,World,0,26.2
17253,5196,World,0,14.82
17254,6547,World,0,
17255,15014,Historical Study & Educational Resources,9,
17256,37629,Military,3,9.96
17257,35286,Americas,1,
17258,18578,Europe,4,16.92
17259,36767,Military,3,26.21
17260,8900,World,0,
17261,556,World,0,15.99
17262,7508,Americas,1,
17263,22074,Americas,1,8.36
17264,17259,Americas,1,18.0
17265,36253,Military,3,16.95
17266,24210,World,0,10.42
17267,30496,World,0,6.0
17268,37839,Europe,4,
17269,39149,Americas,1,30.0
17270,7582,Americas,1,16.1
17271,41362,Ancient Civilizations,7,67.01
17272,40692,Middle East,8,40.5
17273,8079,Americas,1,21.06
17274,17967,Americas,1,
17275,5778,Historical Study & Educational Resources,9,2.4
17276,34602,Americas,1,18.95
17277,29998,Americas,1,17.13
17278,33234,World,0,16.99
17279,6440,Americas,1,18.99
17280,32572,Americas,1,22.95
17281,13512,Americas,1,16.67
17282,35524,Americas,1,19.3
17283,22623,Americas,1,7.95
17284,12099,Americas,1,
17285,11365,Americas,1,12.56
17286,15533,World,0,
17287,9629,World,0,
17288,11495,Americas,1,21.99
17289,24002,Americas,1,12.95
17290,5440,World,0,
17291,22982,Americas,1,19.95
17292,17926,Americas,1,27.73
17293,10784,Americas,1,24.95
17294,38116,Historical Study & Educational Resources,9,17.95
17295,3345,World,0,34.0
17296,35500,Americas,1,19.99
17297,2769,Americas,1,
17298,21547,Americas,1,50.79
17299,40348,Military,3,13.95
17300,11227,Americas,1,21.99
17301,17802,Americas,1,17.0
17302,31803,Americas,1,
17303,12011,Americas,1,21.62
17304,29043,Military,3,18.54
17305,8629,Americas,1,
17306,33642,Americas,1,19.95
17307,13416,Americas,1,20.38
17308,28005,Americas,1,16.63
17309,14778,Americas,1,12.12
17310,38861,World,0,
17311,30650,Americas,1,
17312,2309,World,0,33.29
17313,38917,World,0,11.89
17314,11537,Americas,1,18.21
17315,35616,Americas,1,16.21
17316,8914,Europe,4,
17317,25036,Americas,1,
17318,38716,Military,3,23.74
17319,21178,Americas,1,
17320,4182,Americas,1,25.0
17321,18090,Americas,1,26.43
17322,16551,Americas,1,
17323,23568,Americas,1,
17324,13115,Americas,1,19.38
17325,1059,World,0,
17326,36381,Military,3,26.96
17327,19080,Africa,6,18.0
17328,40726,World,0,24.55
17329,3612,Americas,1,
17330,33834,Americas,1,14.95
17331,19289,Military,3,
17332,27651,Americas,1,12.36
17333,19831,Americas,1,27.0
17334,29057,Asia,2,21.19
17335,7968,Americas,1,14.9
17336,12655,Americas,1,21.62
17337,35004,Americas,1,17.95
17338,16631,Military,3,24.1
17339,11428,Americas,1,10.5
17340,2367,Americas,1,15.31
17341,1940,Americas,1,
17342,13427,Americas,1,19.06
17343,16834,Americas,1,
17344,8679,Americas,1,21.6
17345,25913,Americas,1,15.48
17346,27954,Historical Study & Educational Resources,9,12.0
17347,31045,Americas,1,
17348,23997,Americas,1,17.02
17349,12155,Americas,1,21.94
17350,23250,Americas,1,7.11
17351,4720,Americas,1,
17352,28420,Americas,1,19.32
17353,2732,World,0,
17354,28794,Americas,1,19.71
17355,13344,Americas,1,17.0
17356,1063,Americas,1,
17357,11282,Americas,1,16.11
17358,37013,Asia,2,15.15
17359,7552,World,0,
17360,29922,Military,3,9.97
17361,22728,Americas,1,18.0
17362,35567,Americas,1,15.99
17363,6228,World,0,9.99
17364,28110,Americas,1,21.99
17365,15281,Americas,1,7.89
17366,36341,Military,3,22.95
17367,37229,Europe,4,29.78
17368,15772,Americas,1,15.57
17369,26831,Military,3,22.99
17370,31780,Americas,1,
17371,12738,Americas,1,21.99
17372,11685,Americas,1,19.6
17373,2428,Americas,1,
17374,8935,World,0,25.95
17375,26471,World,0,
17376,17679,Americas,1,
17377,18239,World,0,12.91
17378,34685,Americas,1,12.7
17379,11125,Europe,4,
17380,39291,Americas,1,2.8
17381,23059,Americas,1,22.94
17382,26871,Americas,1,15.53
17383,30367,Ancient Civilizations,7,20.0
17384,40663,Americas,1,43.89
17385,11833,Americas,1,20.64
17386,32878,Military,3,17.0
17387,33549,Americas,1,19.99
17388,22983,Americas,1,19.34
17389,34134,Americas,1,24.95
17390,23300,Asia,2,
17391,27695,World,0,16.0
17392,9091,Americas,1,23.65
17393,4198,Americas,1,16.12
17394,4479,Americas,1,22.47
17395,19687,Americas,1,26.99
17396,23868,Europe,4,23.35
17397,36447,Americas,1,7.53
17398,30749,World,0,14.09
17399,35455,Americas,1,18.53
17400,17147,Americas,1,15.57
17401,13987,Europe,4,10.87
17402,12603,Americas,1,21.99
17403,39222,Americas,1,27.95
17404,18967,Americas,1,
17405,2005,Europe,4,
17406,21358,World,0,22.2
17407,15316,Asia,2,17.75
17408,9563,Europe,4,
17409,21892,Military,3,39.95
17410,26760,Military,3,13.91
17411,22657,Americas,1,18.95
17412,34527,Americas,1,20.0
17413,24926,Americas,1,23.63
17414,4026,World,0,
17415,12568,Americas,1,17.37
17416,18809,Europe,4,
17417,12554,Americas,1,21.99
17418,6325,World,0,16.77
17419,720,World,0,16.99
17420,30880,Military,3,17.0
17421,20512,Americas,1,12.97
17422,16477,Americas,1,26.0
17423,25303,Americas,1,44.55
17424,20078,Americas,1,29.95
17425,12797,Americas,1,21.99
17426,5805,Europe,4,
17427,5194,World,0,11.71
17428,38586,Europe,4,17.95
17429,34833,Military,3,27.77
17430,39352,Americas,1,
17431,34783,Military,3,21.28
17432,28912,Asia,2,
17433,2332,Americas,1,
17434,3423,Americas,1,49.9
17435,14284,Military,3,39.47
17436,27348,Asia,2,26.95
17437,15049,Americas,1,6.99
17438,15050,Americas,1,6.29
17439,29196,Ancient Civilizations,7,12.91
17440,4834,Military,3,35.8
17441,29349,World,0,20.95
17442,26687,Americas,1,
17443,9578,World,0,
17444,18422,Americas,1,
17445,38455,Americas,1,9.4
17446,19099,Americas,1,
17447,30797,Military,3,32.95
17448,6878,Americas,1,
17449,3608,Europe,4,19.95
17450,28023,Americas,1,18.13
17451,33507,Americas,1,17.39
17452,37879,World,0,21.4
17453,12567,Americas,1,16.84
17454,36867,Europe,4,22.75
17455,14370,Military,3,24.0
17456,20252,Americas,1,
17457,35660,Americas,1,18.19
17458,15462,World,0,24.61
17459,8674,World,0,22.29
17460,39404,World,0,11.99
17461,26277,Europe,4,13.75
17462,20335,World,0,
17463,25824,Americas,1,19.08
17464,15451,World,0,31.09
17465,601,Europe,4,15.0
17466,29083,Military,3,15.91
17467,2968,Europe,4,
17468,8214,Americas,1,48.25
17469,39698,Ancient Civilizations,7,13.99
17470,31209,Military,3,49.95
17471,7072,World,0,
17472,2859,Americas,1,
17473,1916,Americas,1,50.35
17474,16793,Military,3,
17475,16257,World,0,17.06
17476,3827,Americas,1,31.5
17477,19807,World,0,
17478,36499,Americas,1,
17479,27038,World,0,19.99
17480,20911,World,0,30.0
17481,6508,Europe,4,10.15
17482,15569,World,0,8.15
17483,35963,Americas,1,13.51
17484,16090,Americas,1,12.87
17485,36523,Americas,1,
17486,27458,Americas,1,48.0
17487,24117,Americas,1,
17488,2790,Americas,1,
17489,6309,Americas,1,14.99
17490,33256,Ancient Civilizations,7,28.57
17491,32444,World,0,11.98
17492,617,Americas,1,13.28
17493,15684,Americas,1,38.82
17494,16605,Historical Study & Educational Resources,9,
17495,37355,Americas,1,
17496,23498,World,0,22.51
17497,39157,World,0,26.0
17498,33808,Americas,1,24.95
17499,39731,Military,3,63.59
17500,21090,Americas,1,65.0
17501,28892,Europe,4,18.95
17502,30525,Americas,1,
17503,39723,Asia,2,22.5
17504,5474,Americas,1,15.74
17505,32432,Americas,1,29.95
17506,7888,Ancient Civilizations,7,11.0
17507,28988,Military,3,15.1
17508,2152,Americas,1,
17509,31094,World,0,19.88
17510,15987,Americas,1,7.98
17511,22309,Americas,1,15.54
17512,20822,Americas,1,
17513,38970,Americas,1,
17514,36267,Americas,1,16.4
17515,5268,Americas,1,9.33
17516,30790,Military,3,19.95
17517,21901,Europe,4,45.25
17518,23313,Historical Study & Educational Resources,9,8.99
17519,40014,Americas,1,12.95
17520,6741,Americas,1,4.95
17521,35223,World,0,18.35
17522,28966,Military,3,23.78
17523,24540,Americas,1,
17524,29665,Europe,4,8.97
17525,33506,Americas,1,19.99
17526,2721,World,0,
17527,32155,Military,3,
17528,3421,Americas,1,46.0
17529,41348,Americas,1,24.98
17530,5449,Americas,1,16.2
17531,18759,Asia,2,8.7
17532,12444,Americas,1,17.39
17533,37315,Military,3,15.95
17534,2862,Americas,1,
17535,30339,Ancient Civilizations,7,6.89
17536,1649,Europe,4,5.65
17537,7502,Americas,1,15.99
17538,9530,Military,3,
17539,34819,Military,3,20.46
17540,13531,Americas,1,21.99
17541,7318,World,0,26.79
17542,13225,Americas,1,13.57
17543,18593,Europe,4,23.48
17544,19543,Americas,1,19.35
17545,25503,World,0,
17546,30086,Americas,1,13.72
17547,14954,Americas,1,7.48
17548,8048,Americas,1,38.2
17549,27787,Americas,1,15.36
17550,10078,Americas,1,10.78
17551,34851,Military,3,50.94
17552,30375,Americas,1,9.99
17553,327,Military,3,13.99
17554,16615,Americas,1,
17555,7332,Military,3,
17556,14052,Asia,2,18.78
17557,28788,Americas,1,34.95
17558,19512,Americas,1,59.94
17559,1186,World,0,
17560,30975,Americas,1,24.95
17561,15147,Americas,1,25.0
17562,16856,Americas,1,23.36
17563,39794,Military,3,
17564,10920,Military,3,45.0
17565,40424,Americas,1,
17566,5372,Americas,1,5.97
17567,8267,Americas,1,
17568,8196,World,0,
17569,8681,Americas,1,4.98
17570,9300,Americas,1,12.97
17571,7228,Americas,1,32.37
17572,12060,Americas,1,19.79
17573,2209,World,0,
17574,34977,Americas,1,16.99
17575,37876,Military,3,22.5
17576,37066,Americas,1,14.33
17577,33212,Americas,1,16.0
17578,5937,Americas,1,15.6
17579,26879,Americas,1,23.71
17580,39018,World,0,18.95
17581,7405,Americas,1,8.08
17582,2359,World,0,
17583,9791,Americas,1,
17584,27837,Americas,1,22.95
17585,16860,World,0,2.44
17586,10950,Military,3,34.67
17587,11769,Americas,1,20.69
17588,36361,Historical Study & Educational Resources,9,12.23
17589,7536,Americas,1,15.3
17590,28521,Americas,1,12.75
17591,259,Europe,4,55.95
17592,10911,Americas,1,11.98
17593,24441,Americas,1,12.99
17594,31299,World,0,
17595,24629,World,0,
17596,20333,World,0,18.0
17597,20086,Americas,1,13.31
17598,18694,Military,3,13.49
17599,16769,Americas,1,
17600,40063,Americas,1,19.95
17601,721,Americas,1,19.86
17602,3537,World,0,25.0
17603,3147,Military,3,20.0
17604,31752,Americas,1,
17605,19258,Europe,4,16.76
17606,31614,Americas,1,21.03
17607,29600,Europe,4,9.97
17608,34562,Americas,1,5.5
17609,16719,Military,3,26.69
17610,31872,Americas,1,30.0
17611,10122,Americas,1,14.75
17612,24651,Americas,1,35.0
17613,2701,Europe,4,
17614,6681,Europe,4,
17615,26154,Americas,1,23.99
17616,29919,Military,3,
17617,35342,Americas,1,14.57
17618,3361,Asia,2,45.0
17619,12624,Americas,1,21.99
17620,16931,Americas,1,9.4
17621,28770,Americas,1,17.17
17622,16354,Americas,1,27.51
17623,25460,Americas,1,
17624,8081,World,0,
17625,21558,Americas,1,
17626,31794,Americas,1,35.47
17627,40741,World,0,12.0
17628,15325,Ancient Civilizations,7,29.95
17629,33205,Americas,1,15.82
17630,10811,Americas,1,
17631,4588,Americas,1,9.09
17632,34789,Military,3,20.03
17633,36283,Americas,1,21.95
17634,4941,Europe,4,8.25
17635,3671,Africa,6,23.99
17636,36219,Historical Study & Educational Resources,9,19.73
17637,27827,Military,3,17.0
17638,11765,Americas,1,
17639,38393,Military,3,
17640,40720,Asia,2,9.53
17641,4685,Americas,1,
17642,36483,Europe,4,9.33
17643,35050,Americas,1,
17644,6505,Americas,1,10.48
17645,36170,Americas,1,
17646,18126,Americas,1,16.25
17647,39647,Americas,1,12.5
17648,14510,Americas,1,16.95
17649,36913,Europe,4,17.5
17650,10932,Americas,1,37.5
17651,18176,Americas,1,
17652,18826,Americas,1,10.95
17653,32150,Military,3,28.25
17654,20996,Americas,1,44.95
17655,34438,Americas,1,14.97
17656,14378,Ancient Civilizations,7,13.49
17657,8373,Asia,2,149.84
17658,4690,Americas,1,26.09
17659,34408,Americas,1,24.3
17660,36422,Military,3,30.31
17661,24748,Americas,1,
17662,13434,Americas,1,21.99
17663,37519,Military,3,23.95
17664,36543,Europe,4,18.95
17665,38502,Military,3,7.31
17666,13688,Military,3,48.0
17667,29126,Ancient Civilizations,7,16.32
17668,10640,Americas,1,
17669,9971,Americas,1,
17670,14185,Military,3,11.99
17671,27150,Americas,1,24.25
17672,5512,Americas,1,11.1
17673,30501,Military,3,15.0
17674,28061,Americas,1,21.99
17675,40888,Military,3,
17676,5214,Ancient Civilizations,7,
17677,19482,Americas,1,5.27
17678,33156,Americas,1,15.31
17679,23135,Americas,1,25.56
17680,4623,World,0,25.0
17681,10507,Americas,1,36.0
17682,37604,Military,3,22.95
17683,7404,Americas,1,12.24
17684,6625,Europe,4,6.99
17685,26408,Asia,2,21.02
17686,11194,Americas,1,21.99
17687,15148,Americas,1,
17688,30495,Americas,1,29.95
17689,20148,Americas,1,
17690,34972,Americas,1,8.96
17691,20295,Americas,1,29.71
17692,16324,Americas,1,48.5
17693,38499,Military,3,9.82
17694,25789,Military,3,12.95
17695,4843,Americas,1,22.99
17696,6575,Americas,1,
17697,34431,Americas,1,19.27
17698,3472,Americas,1,17.1
17699,20248,Americas,1,
17700,21185,Americas,1,
17701,22171,Americas,1,
17702,33031,Ancient Civilizations,7,15.27
17703,6634,World,0,20.28
17704,13211,Americas,1,21.99
17705,32440,Americas,1,8.0
17706,35185,Americas,1,18.27
17707,14517,Americas,1,16.19
17708,36828,Americas,1,16.78
17709,19566,Americas,1,20.0
17710,19766,World,0,10.0
17711,27770,Americas,1,12.49
17712,33323,Americas,1,25.98
17713,32253,Military,3,
17714,18128,Americas,1,
17715,30118,Americas,1,12.95
17716,1580,Europe,4,22.62
17717,7676,World,0,
17718,37703,Europe,4,12.89
17719,33450,Americas,1,17.21
17720,91,Americas,1,13.69
17721,22201,Americas,1,12.37
17722,830,Americas,1,14.75
17723,24822,Americas,1,
17724,21900,Europe,4,
17725,25697,Americas,1,
17726,11323,Americas,1,17.15
17727,10479,Asia,2,17.49
17728,37512,Military,3,18.95
17729,14041,Americas,1,47.43
17730,31421,Europe,4,14.6
17731,11544,Americas,1,19.79
17732,24149,Military,3,
17733,10275,Americas,1,
17734,10701,Middle East,8,
17735,40923,Europe,4,28.82
17736,13725,World,0,
17737,16578,Military,3,
17738,37197,Europe,4,11.67
17739,11022,Americas,1,19.99
17740,18035,Americas,1,63.0
17741,8838,World,0,
17742,25839,Military,3,19.95
17743,15872,World,0,23.95
17744,2516,World,0,
17745,28653,Americas,1,14.57
17746,5254,Americas,1,
17747,38206,Military,3,16.93
17748,10471,World,0,
17749,24781,Americas,1,
17750,23072,Americas,1,24.17
17751,41003,Americas,1,17.95
17752,39691,Europe,4,66.75
17753,3302,World,0,
17754,32127,Military,3,35.31
17755,22070,Americas,1,10.0
17756,32238,Military,3,
17757,22933,Americas,1,16.35
17758,5339,Asia,2,9.1
17759,13223,Americas,1,21.99
17760,12540,Americas,1,14.21
17761,32110,Military,3,51.61
17762,21191,Ancient Civilizations,7,45.0
17763,2751,World,0,
17764,33766,Americas,1,46.86
17765,27637,Military,3,14.49
17766,14062,Military,3,47.99
17767,19565,Americas,1,15.5
17768,37014,Europe,4,34.22
17769,24066,Americas,1,
17770,11522,Americas,1,20.91
17771,2986,Americas,1,
17772,1349,Europe,4,
17773,3553,Military,3,25.2
17774,36649,Military,3,
17775,12922,Americas,1,19.79
17776,40828,Americas,1,
17777,26349,Americas,1,10.97
17778,35097,Americas,1,15.08
17779,13903,Americas,1,8.94
17780,23631,Europe,4,9.95
17781,36886,Americas,1,25.95
17782,23967,World,0,27.11
17783,29458,Americas,1,21.12
17784,27996,Americas,1,21.99
17785,33250,World,0,15.16
17786,38306,Americas,1,60.0
17787,3274,Americas,1,
17788,15288,Americas,1,24.0
17789,31154,Americas,1,9.95
17790,4814,Military,3,17.02
17791,20057,World,0,
17792,39458,Military,3,31.36
17793,36396,Military,3,16.08
17794,6503,Americas,1,67.0
17795,36112,Military,3,18.95
17796,34404,Americas,1,19.99
17797,265,Russia,5,10.66
17798,4433,Asia,2,29.59
17799,16131,Europe,4,13.95
17800,16805,Americas,1,6.95
17801,29419,Americas,1,24.06
17802,3301,World,0,
17803,32019,Americas,1,45.09
17804,30176,Americas,1,20.95
17805,13722,World,0,29.64
17806,15197,Americas,1,
17807,31768,Americas,1,41.07
17808,5202,World,0,18.99
17809,18695,Americas,1,27.16
17810,3233,Americas,1,
17811,38178,Americas,1,18.95
17812,30190,Americas,1,
17813,40451,Americas,1,
17814,10021,Americas,1,15.13
17815,30170,Americas,1,19.5
17816,23676,World,0,7.68
17817,28401,Americas,1,14.95
17818,27802,Americas,1,22.46
17819,5505,Military,3,10.5
17820,37027,Americas,1,19.95
17821,39292,Europe,4,
17822,1809,World,0,29.31
17823,22934,Americas,1,30.32
17824,37462,Military,3,18.95
17825,27129,Americas,1,
17826,25148,Americas,1,
17827,38561,Military,3,16.27
17828,22470,Military,3,
17829,15836,Europe,4,23.16
17830,28739,Americas,1,
17831,30773,Asia,2,
17832,29223,Military,3,23.38
17833,34325,Americas,1,18.46
17834,12326,Americas,1,
17835,21588,Americas,1,
17836,26747,World,0,39.95
17837,28446,Americas,1,17.39
17838,28291,Americas,1,17.39
17839,7756,Americas,1,29.95
17840,33373,Americas,1,5.7
17841,19602,Americas,1,24.5
17842,8794,Europe,4,17.48
17843,15309,Europe,4,
17844,25882,World,0,9.95
17845,21521,World,0,
17846,254,World,0,12.41
17847,592,Americas,1,13.99
17848,969,Military,3,
17849,40188,World,0,18.82
17850,34240,Americas,1,18.53
17851,24096,Military,3,
17852,14220,Americas,1,
17853,29542,Americas,1,9.95
17854,16086,Americas,1,31.64
17855,19889,Americas,1,17.15
17856,1355,Europe,4,15.2
17857,39527,Military,3,23.15
17858,18251,World,0,
17859,34989,World,0,24.95
17860,30702,Americas,1,18.95
17861,32472,Asia,2,
17862,15266,Americas,1,
17863,9142,Europe,4,
17864,7353,Americas,1,
17865,10341,World,0,
17866,37163,Americas,1,18.95
17867,6688,World,0,
17868,32589,Americas,1,22.0
17869,41244,Military,3,28.68
17870,35718,Military,3,18.63
17871,5163,World,0,
17872,1493,Americas,1,14.69
17873,40996,Asia,2,22.4
17874,6356,Americas,1,13.56
17875,20436,Americas,1,24.76
17876,31447,Americas,1,8.95
17877,24098,Military,3,
17878,32739,Americas,1,
17879,10461,World,0,41.95
17880,39776,Military,3,40.57
17881,25210,Americas,1,20.0
17882,9993,Military,3,
17883,461,World,0,
17884,14987,Military,3,32.7
17885,32288,Americas,1,14.7
17886,28452,Americas,1,21.99
17887,10867,Military,3,34.95
17888,25593,Americas,1,18.77
17889,392,Americas,1,14.98
17890,25604,Americas,1,54.33
17891,31072,Americas,1,12.24
17892,20524,Americas,1,29.95
17893,7304,Americas,1,
17894,10102,Americas,1,
17895,9730,Americas,1,79.53
17896,2734,Americas,1,
17897,22599,World,0,29.5
17898,37000,Military,3,16.13
17899,34271,Americas,1,19.99
17900,16909,Americas,1,29.95
17901,1028,Asia,2,20.06
17902,19022,Americas,1,7.2
17903,35782,Americas,1,14.74
17904,38285,Americas,1,17.94
17905,10387,Russia,5,12.08
17906,16245,World,0,
17907,41222,Military,3,
17908,26933,World,0,
17909,14105,Military,3,19.21
17910,9482,Americas,1,
17911,32122,Americas,1,17.7
17912,1228,Americas,1,10.06
17913,40768,Military,3,
17914,16517,Americas,1,21.66
17915,18659,Military,3,24.2
17916,40237,Americas,1,32.0
17917,33673,Americas,1,17.97
17918,16592,Asia,2,
17919,8588,Americas,1,26.6
17920,36156,Military,3,28.43
17921,1083,Europe,4,
17922,32221,Historical Study & Educational Resources,9,15.25
17923,10180,World,0,22.47
17924,12302,Americas,1,19.79
17925,6944,Asia,2,
17926,25858,Americas,1,24.95
17927,27628,Military,3,30.58
17928,18834,Americas,1,24.2
17929,6845,Americas,1,
17930,24681,Military,3,14.95
17931,1595,Americas,1,14.21
17932,24595,Americas,1,
17933,22761,Americas,1,14.04
17934,14979,World,0,11.06
17935,34864,Military,3,18.49
17936,33807,World,0,16.99
17937,9033,Americas,1,25.0
17938,12462,Americas,1,21.99
17939,15430,Americas,1,
17940,25352,Americas,1,4.98
17941,9773,Military,3,12.19
17942,28462,Americas,1,20.99
17943,23942,Americas,1,
17944,16866,World,0,12.39
17945,14476,Americas,1,
17946,7914,Europe,4,15.95
17947,36820,Europe,4,15.79
17948,14964,Ancient Civilizations,7,8.0
17949,15091,Americas,1,
17950,30017,World,0,13.11
17951,5391,Americas,1,19.79
17952,22642,Americas,1,
17953,14637,Military,3,54.4
17954,19812,World,0,20.0
17955,33695,Asia,2,34.0
17956,32032,World,0,
17957,35566,Americas,1,14.49
17958,11959,Americas,1,16.5
17959,35344,Americas,1,14.57
17960,33611,Americas,1,
17961,30556,Americas,1,
17962,11654,Americas,1,18.77
17963,13165,Americas,1,21.99
17964,23615,Americas,1,19.95
17965,33484,Americas,1,21.99
17966,18478,Americas,1,
17967,39167,Americas,1,12.95
17968,38904,Americas,1,
17969,38988,Americas,1,31.83
17970,35157,Military,3,5.38
17971,15973,Americas,1,8.82
17972,19189,Americas,1,
17973,15874,World,0,
17974,34567,Russia,5,20.4
17975,3207,Americas,1,11.0
17976,6353,World,0,14.0
17977,35492,Americas,1,19.99
17978,28600,Americas,1,19.22
17979,10056,Ancient Civilizations,7,8.22
17980,19757,World,0,23.21
17981,19303,Americas,1,
17982,38736,Military,3,84.95
17983,15808,World,0,23.96
17984,7731,Military,3,12.42
17985,10957,Military,3,36.13
17986,7604,Military,3,17.97
17987,3399,Russia,5,14.75
17988,9912,Americas,1,7.78
17989,5834,Military,3,5.94
17990,12111,Americas,1,20.69
17991,12973,Americas,1,13.75
17992,4607,World,0,
17993,19577,Americas,1,26.0
17994,38034,Ancient Civilizations,7,21.98
17995,30592,Europe,4,
17996,21802,Middle East,8,23.14
17997,13038,Americas,1,21.99
17998,8148,Europe,4,
17999,40780,Military,3,29.88
18000,11431,Americas,1,17.36
18001,32186,Military,3,16.95
18002,28518,Americas,1,21.99
18003,12499,Americas,1,15.45
18004,32936,Military,3,40.99
18005,24141,Military,3,6.08
18006,13052,Americas,1,19.79
18007,6520,Military,3,
18008,3181,World,0,
18009,32615,Americas,1,34.95
18010,2143,World,0,
18011,25877,Americas,1,14.99
18012,34289,Americas,1,19.66
18013,34866,Middle East,8,27.04
18014,27435,Military,3,24.37
18015,3894,World,0,
18016,28468,Americas,1,21.99
18017,3616,Americas,1,6.32
18018,35779,World,0,17.37
18019,38105,Military,3,11.5
18020,1743,World,0,
18021,12735,Americas,1,21.99
18022,15441,Americas,1,47.39
18023,4950,Americas,1,18.49
18024,25094,Military,3,49.11
18025,41173,Americas,1,12.65
18026,2039,Americas,1,46.55
18027,13239,Americas,1,21.53
18028,10519,Americas,1,35.0
18029,27260,Americas,1,
18030,25276,World,0,
18031,18290,World,0,18.95
18032,13530,Americas,1,15.32
18033,3501,Americas,1,
18034,34893,Military,3,15.8
18035,22713,Military,3,17.4
18036,16272,World,0,24.31
18037,5217,World,0,30.7
18038,12164,Americas,1,18.65
18039,29014,Military,3,24.75
18040,29390,Americas,1,35.83
18041,40509,Americas,1,18.95
18042,37413,Military,3,19.95
18043,6582,Historical Study & Educational Resources,9,27.0
18044,33485,Americas,1,
18045,224,Middle East,8,11.99
18046,10641,World,0,10.97
18047,16291,Americas,1,10.2
18048,26794,Asia,2,19.64
18049,27174,Americas,1,15.54
18050,38837,World,0,50.71
18051,38607,Military,3,15.92
18052,168,Americas,1,5.18
18053,36002,Americas,1,22.95
18054,29913,Americas,1,8.95
18055,21169,Americas,1,19.95
18056,4696,World,0,45.56
18057,11453,Americas,1,21.99
18058,34915,Americas,1,23.82
18059,25164,Americas,1,6.96
18060,26434,Europe,4,27.69
18061,39028,Americas,1,
18062,27611,Military,3,
18063,28773,Americas,1,
18064,6091,World,0,
18065,22110,Americas,1,26.95
18066,21275,World,0,
18067,24457,Americas,1,
18068,9575,Americas,1,
18069,37422,Americas,1,21.01
18070,29016,Asia,2,13.83
18071,28142,Americas,1,20.38
18072,40988,Americas,1,
18073,31120,Americas,1,13.49
18074,15745,World,0,
18075,28282,Americas,1,18.66
18076,10194,World,0,16.95
18077,18189,Europe,4,16.71
18078,28855,Americas,1,23.63
18079,24293,Americas,1,
18080,4371,Europe,4,11.43
18081,20596,Americas,1,
18082,13684,World,0,10.45
18083,759,Americas,1,17.45
18084,20616,Americas,1,
18085,40847,Military,3,34.93
18086,17585,Americas,1,47.74
18087,4284,Americas,1,20.0
18088,32494,Military,3,14.95
18089,23223,Americas,1,
18090,23012,World,0,
18091,12675,Americas,1,21.67
18092,22404,Middle East,8,
18093,1978,Military,3,
18094,23552,Americas,1,
18095,30326,World,0,8.99
18096,955,World,0,
18097,11456,Americas,1,21.12
18098,227,Americas,1,13.97
18099,23294,Asia,2,8.96
18100,35336,Americas,1,14.57
18101,30849,Americas,1,
18102,2420,Ancient Civilizations,7,6.65
18103,20825,Americas,1,
18104,19007,Americas,1,44.99
18105,12368,Americas,1,21.99
18106,40559,Americas,1,16.48
18107,39493,Military,3,
18108,4452,Asia,2,37.0
18109,25162,Americas,1,7.86
18110,19148,Americas,1,
18111,29790,Middle East,8,17.95
18112,1075,Americas,1,
18113,34497,Americas,1,14.3
18114,16099,Americas,1,
18115,18577,Americas,1,45.92
18116,31284,Americas,1,33.42
18117,5312,Americas,1,15.05
18118,22438,Americas,1,16.12
18119,11051,Europe,4,8.98
18120,15432,Americas,1,23.95
18121,39373,Americas,1,16.16
18122,9028,World,0,20.0
18123,18633,Military,3,41.21
18124,836,Americas,1,16.46
18125,16037,Americas,1,
18126,26779,Americas,1,21.55
18127,31509,Americas,1,17.39
18128,35958,Americas,1,10.39
18129,10212,Europe,4,25.34
18130,20675,Americas,1,29.95
18131,27678,World,0,
18132,37401,World,0,
18133,25132,Europe,4,8.18
18134,17495,Americas,1,12.99
18135,31626,Americas,1,
18136,39941,Military,3,15.25
18137,10624,Americas,1,15.58
18138,20496,Americas,1,26.95
18139,34828,Americas,1,16.1
18140,28925,Military,3,9.49
18141,33183,Australia & Oceania,10,20.0
18142,40681,World,0,19.9
18143,38974,Americas,1,
18144,32296,Americas,1,
18145,22628,Americas,1,17.95
18146,20042,Americas,1,68.34
18147,3721,Americas,1,18.89
18148,32944,Europe,4,25.57
18149,41296,Military,3,8.25
18150,1394,Military,3,28.38
18151,4715,World,0,13.97
18152,22458,Americas,1,21.54
18153,36128,Americas,1,8.99
18154,30882,Australia & Oceania,10,17.65
18155,10555,Americas,1,24.29
18156,33116,Americas,1,
18157,35869,Americas,1,22.99
18158,24859,Americas,1,24.0
18159,6602,Americas,1,
18160,25546,World,0,
18161,21373,World,0,
18162,7445,World,0,17.68
18163,15778,World,0,24.95
18164,9309,World,0,23.79
18165,32099,Americas,1,
18166,34545,Americas,1,13.46
18167,635,Americas,1,
18168,18749,Americas,1,16.67
18169,26881,World,0,19.03
18170,6495,Americas,1,7.96
18171,28712,Americas,1,24.95
18172,30837,Military,3,45.1
18173,22267,Americas,1,12.95
18174,31242,Ancient Civilizations,7,46.41
18175,21581,Europe,4,
18176,24303,Russia,5,
18177,19886,World,0,27.0
18178,39972,Americas,1,
18179,36855,Americas,1,13.99
18180,33916,World,0,9.88
18181,38241,Americas,1,9.99
18182,31597,Americas,1,34.88
18183,10168,World,0,25.83
18184,27735,Americas,1,17.99
18185,11909,Americas,1,21.99
18186,20649,Americas,1,20.6
18187,20168,Americas,1,25.95
18188,26766,Europe,4,25.0
18189,6918,Europe,4,
18190,34323,Americas,1,19.99
18191,31773,Americas,1,
18192,6785,Americas,1,12.45
18193,35632,Americas,1,17.24
18194,40910,Ancient Civilizations,7,
18195,38232,Americas,1,17.04
18196,38658,Europe,4,16.16
18197,828,World,0,11.55
18198,36942,Asia,2,18.95
18199,29103,Europe,4,10.92
18200,34973,Americas,1,
18201,35885,Americas,1,13.6
18202,4542,Europe,4,25.91
18203,7153,World,0,
18204,16586,Military,3,
18205,5593,World,0,18.6
18206,6919,Americas,1,
18207,11956,Americas,1,21.99
18208,39579,World,0,
18209,25166,Americas,1,
18210,37155,Military,3,18.85
18211,6357,World,0,7.87
18212,24108,Military,3,29.95
18213,28077,Americas,1,14.29
18214,35624,Americas,1,19.66
18215,14331,Americas,1,
18216,35038,Americas,1,12.95
18217,33532,Americas,1,18.56
18218,24020,Americas,1,19.99
18219,39523,World,0,18.98
18220,25575,World,0,131.12
18221,40558,Americas,1,19.99
18222,31077,Americas,1,19.95
18223,38434,Military,3,
18224,25129,Military,3,
18225,30602,World,0,10.03
18226,12394,Americas,1,11.67
18227,40040,World,0,13.44
18228,13351,Americas,1,21.99
18229,24231,Americas,1,16.1
18230,8164,Americas,1,13.92
18231,20482,Americas,1,
18232,39689,Military,3,73.99
18233,35900,Americas,1,20.36
18234,6157,Americas,1,9.93
18235,6685,Americas,1,12.38
18236,2030,Americas,1,
18237,35294,Americas,1,28.95
18238,38087,Military,3,17.57
18239,13366,Americas,1,21.99
18240,20734,Americas,1,24.95
18241,9881,Americas,1,29.9
18242,35674,Americas,1,16.79
18243,22325,Military,3,34.95
18244,2225,Americas,1,
18245,33738,Europe,4,19.78
18246,25484,Americas,1,18.46
18247,3590,World,0,10.0
18248,29184,Military,3,14.28
18249,40060,Americas,1,14.95
18250,3328,Military,3,90.0
18251,40803,Military,3,23.13
18252,28591,Americas,1,21.99
18253,7299,Americas,1,8.39
18254,28224,Americas,1,14.68
18255,30309,World,0,21.99
18256,24062,Americas,1,16.97
18257,4043,Americas,1,19.95
18258,9329,Russia,5,
18259,16862,World,0,19.91
18260,25225,Ancient Civilizations,7,
18261,5043,Americas,1,24.95
18262,36817,Military,3,15.11
18263,34760,Military,3,23.45
18264,24782,Americas,1,
18265,15161,Americas,1,39.95
18266,41166,Military,3,7.49
18267,25919,World,0,44.0
18268,27283,World,0,
18269,2047,Americas,1,
18270,1495,Americas,1,15.42
18271,36097,Europe,4,13.44
18272,14450,Americas,1,5.71
18273,17329,Americas,1,17.95
18274,35075,Americas,1,26.0
18275,8839,World,0,28.52
18276,970,Americas,1,34.84
18277,29726,Americas,1,18.36
18278,34634,Americas,1,19.94
18279,19078,Americas,1,16.46
18280,8773,Americas,1,7.99
18281,35637,Americas,1,
18282,20737,Americas,1,29.95
18283,9201,World,0,
18284,7826,Americas,1,24.95
18285,8242,Americas,1,
18286,4015,Ancient Civilizations,7,5.8
18287,7500,Americas,1,24.95
18288,4278,Americas,1,29.95
18289,16710,Military,3,9.97
18290,24800,Americas,1,35.0
18291,18277,World,0,15.93
18292,21079,Americas,1,
18293,36114,Australia & Oceania,10,17.95
18294,21250,World,0,
18295,33803,Americas,1,29.0
18296,21407,World,0,11.5
18297,33334,Americas,1,19.99
18298,22887,Americas,1,16.06
18299,24922,Americas,1,26.14
18300,22303,Americas,1,12.65
18301,5870,Americas,1,11.49
18302,31650,Americas,1,
18303,28297,Americas,1,21.62
18304,34427,Americas,1,16.99
18305,33221,Americas,1,7.8
18306,4698,Europe,4,
18307,11137,Asia,2,
18308,36508,Military,3,
18309,28849,Americas,1,17.27
18310,35172,Europe,4,25.0
18311,33553,Americas,1,18.94
18312,25724,Americas,1,
18313,32390,Europe,4,21.93
18314,13309,Americas,1,20.38
18315,12698,Americas,1,21.99
18316,28286,Americas,1,21.99
18317,11599,Americas,1,21.99
18318,26735,Americas,1,
18319,25924,Middle East,8,16.95
18320,2748,World,0,
18321,24753,Americas,1,52.8
18322,7669,World,0,19.09
18323,26108,Military,3,24.95
18324,17390,Americas,1,21.95
18325,10232,Americas,1,12.49
18326,38161,Military,3,18.9
18327,9668,Americas,1,
18328,11454,Americas,1,17.85
18329,12367,Americas,1,17.37
18330,25346,Americas,1,67.14
18331,34462,Americas,1,19.99
18332,16518,Americas,1,15.0
18333,11169,World,0,16.44
18334,3351,World,0,54.63
18335,435,World,0,12.83
18336,33977,Americas,1,14.97
18337,28321,Americas,1,21.99
18338,11074,Middle East,8,14.64
18339,2594,World,0,9.55
18340,3422,Americas,1,23.66
18341,11518,Americas,1,21.99
18342,39680,Asia,2,53.96
18343,23845,Military,3,4.0
18344,8797,Americas,1,
18345,29239,Military,3,27.41
18346,16700,World,0,
18347,39419,Americas,1,
18348,146,Americas,1,29.99
18349,10495,Americas,1,42.95
18350,11114,Europe,4,27.74
18351,35709,World,0,10.65
18352,13481,Americas,1,20.38
18353,39536,World,0,
18354,40885,World,0,
18355,18461,Americas,1,15.99
18356,5359,Americas,1,
18357,40166,World,0,7.02
18358,28131,Americas,1,21.99
18359,35843,World,0,20.36
18360,17386,Americas,1,6.47
18361,35635,Americas,1,21.61
18362,7799,Americas,1,
18363,28450,Americas,1,14.95
18364,3868,Europe,4,25.0
18365,4649,Europe,4,29.0
18366,9544,Americas,1,
18367,40553,Military,3,11.99
18368,3111,Americas,1,
18369,11862,Americas,1,14.52
18370,7952,Military,3,
18371,5970,Military,3,23.98
18372,14994,Americas,1,6.0
18373,17956,Americas,1,
18374,33865,World,0,18.0
18375,31200,World,0,12.0
18376,6628,Military,3,16.01
18377,36616,Military,3,22.95
18378,19967,Americas,1,9.0
18379,14147,Military,3,20.37
18380,10687,Americas,1,15.99
18381,35617,Americas,1,17.37
18382,40337,World,0,20.59
18383,3005,Americas,1,
18384,10543,World,0,12.98
18385,9276,World,0,19.33
18386,2345,World,0,15.9
18387,6088,Americas,1,
18388,10269,Asia,2,39.37
18389,16271,World,0,15.05
18390,15803,Europe,4,
18391,20088,Americas,1,
18392,19704,Americas,1,
18393,10658,Americas,1,23.95
18394,988,Europe,4,18.72
18395,15179,Americas,1,39.95
18396,24295,Americas,1,
18397,38142,Historical Study & Educational Resources,9,18.95
18398,6717,Americas,1,
18399,14816,Military,3,18.15
18400,15084,Americas,1,
18401,39763,Africa,6,34.77
18402,9727,World,0,17.07
18403,27674,World,0,31.37
18404,9226,Americas,1,19.96
18405,2270,World,0,14.87
18406,696,World,0,
18407,11896,Americas,1,19.79
18408,24482,Historical Study & Educational Resources,9,
18409,29288,Military,3,16.92
18410,33048,World,0,15.45
18411,21201,Americas,1,
18412,5516,World,0,21.59
18413,38446,Americas,1,11.99
18414,9176,World,0,16.86
18415,26366,Military,3,30.11
18416,22282,Americas,1,26.95
18417,15208,Americas,1,25.0
18418,32020,Americas,1,27.57
18419,6173,World,0,14.4
18420,16287,World,0,14.63
18421,9991,Americas,1,13.08
18422,2667,World,0,
18423,30605,Americas,1,42.5
18424,41083,Americas,1,59.99
18425,24990,Europe,4,
18426,15391,Americas,1,15.87
18427,27572,World,0,24.78
18428,35168,Americas,1,
18429,13742,World,0,
18430,36171,Americas,1,
18431,39640,Military,3,59.95
18432,15428,Americas,1,25.0
18433,38911,World,0,27.95
18434,37375,World,0,17.1
18435,17797,Americas,1,19.85
18436,13127,Americas,1,21.99
18437,28766,Americas,1,46.64
18438,6417,World,0,8.75
18439,29015,Military,3,16.16
18440,4684,World,0,18.05
18441,35952,World,0,14.22
18442,24065,Americas,1,24.95
18443,39752,Military,3,65.41
18444,18671,Americas,1,14.92
18445,16564,Americas,1,
18446,30281,Military,3,17.76
18447,30345,Americas,1,10.95
18448,19139,Americas,1,24.49
18449,24389,Americas,1,23.71
18450,37411,Europe,4,14.74
18451,18537,Americas,1,19.38
18452,40982,Asia,2,
18453,13781,Americas,1,
18454,16853,World,0,
18455,28427,Americas,1,20.38
18456,20962,World,0,85.5
18457,40181,Americas,1,29.95
18458,1027,Europe,4,16.6
18459,23655,Americas,1,
18460,20727,Americas,1,
18461,36548,Military,3,
18462,29605,Military,3,20.77
18463,253,World,0,12.0
18464,15270,Americas,1,
18465,1795,World,0,
18466,28193,Americas,1,15.38
18467,24404,Americas,1,14.95
18468,333,Americas,1,36.86
18469,20296,Americas,1,
18470,21486,World,0,
18471,36410,Europe,4,15.72
18472,7092,World,0,
18473,18765,Americas,1,4.56
18474,6174,Americas,1,
18475,29728,Americas,1,13.56
18476,12349,Americas,1,21.99
18477,21847,Americas,1,
18478,7167,Military,3,
18479,25834,Military,3,
18480,31553,Americas,1,
18481,25393,Americas,1,27.94
18482,23302,Americas,1,
18483,4447,Europe,4,37.56
18484,29278,Europe,4,25.66
18485,3860,World,0,35.0
18486,28274,Americas,1,16.34
18487,18210,Americas,1,
18488,26820,Americas,1,
18489,16624,Americas,1,
18490,14433,World,0,
18491,16300,Americas,1,8.0
18492,357,Americas,1,
18493,36181,Military,3,33.13
18494,1297,Americas,1,10.72
18495,38132,Military,3,18.95
18496,10804,Americas,1,
18497,23770,Asia,2,14.98
18498,8827,World,0,23.35
18499,19764,World,0,49.95
18500,26036,Americas,1,10.99
18501,20679,Americas,1,26.95
18502,14413,Ancient Civilizations,7,34.9
18503,9485,Americas,1,
18504,14070,Americas,1,36.99
18505,35250,Americas,1,26.1
18506,37172,Americas,1,18.95
18507,17626,Americas,1,73.55
18508,24350,Americas,1,
18509,20097,Americas,1,
18510,34931,Americas,1,19.95
18511,38456,Military,3,16.93
18512,32845,Europe,4,76.8
18513,34270,Americas,1,17.99
18514,11285,Americas,1,20.18
18515,4059,Americas,1,
18516,7739,Americas,1,
18517,36614,Military,3,17.95
18518,21284,Americas,1,
18519,41403,Americas,1,21.31
18520,8806,Americas,1,2.99
18521,15502,World,0,
18522,8958,World,0,18.95
18523,29,Military,3,
18524,29200,Military,3,13.39
18525,34209,Americas,1,18.53
18526,36695,Europe,4,15.09
18527,27804,Americas,1,15.75
18528,40743,Americas,1,10.21
18529,6032,Americas,1,
18530,11860,Americas,1,21.99
18531,31847,Americas,1,
18532,25926,Americas,1,
18533,13550,Americas,1,17.52
18534,37342,Middle East,8,17.48
18535,11496,Americas,1,17.53
18536,1869,Americas,1,
18537,23258,World,0,28.77
18538,28989,Americas,1,11.25
18539,36650,Europe,4,11.03
18540,1782,World,0,
18541,17344,Americas,1,27.17
18542,984,Europe,4,6.14
18543,37458,Military,3,18.95
18544,37554,Europe,4,18.13
18545,17301,World,0,
18546,31649,World,0,19.03
18547,9892,Americas,1,41.07
18548,4122,Americas,1,19.95
18549,7585,Americas,1,18.21
18550,17876,Americas,1,
18551,39559,Military,3,89.96
18552,10218,Military,3,10.37
18553,23582,Americas,1,
18554,39686,Africa,6,29.95
18555,35498,Americas,1,17.99
18556,38364,Europe,4,29.49
18557,8158,Americas,1,
18558,12579,Americas,1,14.71
18559,3554,Africa,6,18.38
18560,31554,Americas,1,
18561,2981,Americas,1,4.0
18562,23861,World,0,
18563,13783,Americas,1,10.95
18564,15362,Ancient Civilizations,7,31.95
18565,38160,Africa,6,17.95
18566,27089,Americas,1,37.8
18567,13959,World,0,13.95
18568,17643,Americas,1,10.95
18569,21167,Americas,1,
18570,25042,Americas,1,
18571,7798,Ancient Civilizations,7,
18572,13910,Historical Study & Educational Resources,9,23.33
18573,31814,Americas,1,24.95
18574,7882,Europe,4,14.89
18575,15498,World,0,23.0
18576,41014,Military,3,10.49
18577,11622,Americas,1,21.99
18578,27437,Europe,4,18.35
18579,11117,Europe,4,20.63
18580,23106,Asia,2,23.95
18581,22060,World,0,14.2
18582,31934,Americas,1,20.57
18583,23044,Americas,1,16.65
18584,25222,Europe,4,
18585,2068,World,0,
18586,29720,Europe,4,15.66
18587,38342,Europe,4,35.95
18588,21582,World,0,9.95
18589,17813,Americas,1,9.43
18590,40499,World,0,28.08
18591,31565,World,0,5.92
18592,10924,Americas,1,39.95
18593,13706,Historical Study & Educational Resources,9,9.74
18594,22254,Americas,1,16.8
18595,9755,Americas,1,
18596,29650,Historical Study & Educational Resources,9,12.0
18597,12592,Americas,1,16.92
18598,26647,Americas,1,17.16
18599,28377,Americas,1,19.79
18600,32493,Military,3,
18601,40560,Europe,4,16.0
18602,25564,Americas,1,
18603,10773,Americas,1,
18604,18462,Americas,1,6.99
18605,1611,Americas,1,17.48
18606,34615,Americas,1,23.23
18607,25038,Americas,1,
18608,15099,Americas,1,29.95
18609,23014,Americas,1,
18610,18301,World,0,16.95
18611,1345,Military,3,16.0
18612,13627,Americas,1,19.85
18613,37510,Ancient Civilizations,7,
18614,36085,Europe,4,13.7
18615,22109,World,0,18.95
18616,20892,Americas,1,
18617,24155,Military,3,34.12
18618,40613,Europe,4,
18619,7807,Military,3,16.96
18620,33675,Americas,1,5.0
18621,16306,Americas,1,7.78
18622,37738,Historical Study & Educational Resources,9,9.06
18623,35146,Americas,1,17.94
18624,35728,Americas,1,16.19
18625,21403,World,0,7.57
18626,9574,World,0,
18627,34091,Americas,1,19.06
18628,19841,Americas,1,5.7
18629,34425,Americas,1,10.8
18630,154,Military,3,
18631,11610,Americas,1,20.99
18632,24367,World,0,17.0
18633,12094,Americas,1,15.52
18634,20797,Americas,1,
18635,22932,Americas,1,20.79
18636,21422,World,0,13.65
18637,25603,Americas,1,12.95
18638,8005,Military,3,8.22
18639,20575,Russia,5,49.95
18640,4510,Americas,1,80.83
18641,35690,Americas,1,16.67
18642,23633,Military,3,7.78
18643,36044,World,0,8.69
18644,26314,Asia,2,35.0
18645,28090,Americas,1,15.35
18646,4153,Americas,1,55.37
18647,7408,Australia & Oceania,10,18.5
18648,35797,Europe,4,12.23
18649,30618,Americas,1,35.0
18650,25618,World,0,
18651,29895,Americas,1,
18652,14301,Americas,1,16.45
18653,20931,Americas,1,17.1
18654,6669,Europe,4,
18655,10574,World,0,19.01
18656,2587,World,0,
18657,33029,Americas,1,
18658,3140,World,0,
18659,31651,Americas,1,6.0
18660,15723,World,0,55.0
18661,11892,Americas,1,16.0
18662,9209,World,0,
18663,4225,Americas,1,25.0
18664,16520,Americas,1,15.91
18665,30952,Americas,1,19.95
18666,19882,Americas,1,28.89
18667,39204,Americas,1,5.23
18668,2021,World,0,
18669,35446,Americas,1,19.99
18670,22711,Americas,1,14.0
18671,12259,Americas,1,20.5
18672,26543,Americas,1,
18673,8835,World,0,48.56
18674,2702,World,0,
18675,11315,Americas,1,21.99
18676,17673,Americas,1,
18677,41373,Military,3,76.04
18678,24898,Americas,1,
18679,12167,Americas,1,21.04
18680,1751,World,0,
18681,19883,Americas,1,23.63
18682,16333,Americas,1,
18683,24542,Americas,1,18.95
18684,29614,Military,3,9.45
18685,19494,Americas,1,
18686,12626,Americas,1,21.99
18687,14640,Americas,1,
18688,9832,Europe,4,29.25
18689,25950,Americas,1,23.7
18690,27400,Americas,1,11.93
18691,10684,Americas,1,18.95
18692,37086,Americas,1,23.11
18693,40602,Americas,1,14.95
18694,7426,Military,3,2.64
18695,12128,Americas,1,18.77
18696,24238,Americas,1,17.95
18697,18955,Americas,1,16.0
18698,1891,World,0,
18699,2634,Americas,1,
18700,19969,World,0,7.59
18701,36226,Military,3,18.05
18702,5032,Military,3,9.45
18703,16273,World,0,12.82
18704,30470,Americas,1,
18705,16639,World,0,23.93
18706,25649,Americas,1,
18707,25504,Europe,4,198.96
18708,8348,Ancient Civilizations,7,32.72
18709,14015,Europe,4,
18710,1943,Americas,1,
18711,41550,Americas,1,10.99
18712,8803,World,0,15.3
18713,38811,World,0,
18714,11851,Americas,1,17.39
18715,16187,Americas,1,
18716,28704,Americas,1,
18717,32765,Americas,1,27.85
18718,21813,Europe,4,16.5
18719,29778,Americas,1,18.32
18720,11356,Americas,1,21.62
18721,37207,Europe,4,
18722,11333,Americas,1,21.99
18723,16685,World,0,20.35
18724,8173,Africa,6,33.95
18725,17553,Americas,1,17.28
18726,31753,Americas,1,
18727,14358,Americas,1,34.0
18728,8834,World,0,21.92
18729,29800,Americas,1,19.99
18730,28233,Americas,1,17.39
18731,11491,Americas,1,21.99
18732,4275,Americas,1,5.4
18733,6761,Americas,1,
18734,40298,Military,3,29.99
18735,40967,Americas,1,193.0
18736,24695,Military,3,
18737,14630,Europe,4,69.95
18738,23630,Europe,4,15.4
18739,15753,Americas,1,14.0
18740,10664,Americas,1,26.93
18741,21370,World,0,12.25
18742,34418,Americas,1,19.99
18743,32655,Americas,1,12.74
18744,25994,Military,3,10.84
18745,22008,Europe,4,
18746,10673,World,0,15.95
18747,25915,Americas,1,17.37
18748,24677,Americas,1,16.95
18749,1713,Military,3,
18750,21085,Americas,1,
18751,6950,Americas,1,13.47
18752,38486,Europe,4,18.95
18753,17092,Americas,1,24.95
18754,20347,Americas,1,20.52
18755,28536,Americas,1,21.99
18756,29019,Military,3,6.74
18757,35919,Europe,4,
18758,1256,Americas,1,20.0
18759,19470,Americas,1,23.95
18760,4708,Americas,1,10.16
18761,1767,World,0,
18762,12054,Americas,1,8.5
18763,36710,Military,3,17.95
18764,23219,Americas,1,25.0
18765,36058,Europe,4,29.95
18766,30117,Americas,1,19.95
18767,6122,Europe,4,
18768,1036,Europe,4,24.26
18769,32795,Europe,4,7.78
18770,37698,Military,3,16.95
18771,19855,Americas,1,16.51
18772,24984,Americas,1,
18773,32103,Military,3,38.95
18774,5365,Americas,1,19.77
18775,19247,Americas,1,
18776,29123,Europe,4,13.59
18777,41374,Military,3,39.99
18778,11057,Military,3,
18779,17425,Americas,1,
18780,15758,World,0,37.39
18781,26101,Americas,1,19.95
18782,21628,Military,3,
18783,36734,Military,3,18.99
18784,37582,Europe,4,21.95
18785,35469,Americas,1,21.99
18786,16092,Americas,1,33.85
18787,683,Historical Study & Educational Resources,9,14.56
18788,7763,Europe,4,80.0
18789,30919,Americas,1,
18790,39648,Africa,6,56.35
18791,39417,Americas,1,
18792,39016,Military,3,20.87
18793,28134,Americas,1,18.46
18794,30006,Military,3,27.0
18795,33950,Americas,1,23.0
18796,27756,Americas,1,24.95
18797,2782,Americas,1,
18798,32603,World,0,13.13
18799,34145,Americas,1,16.53
18800,25390,Americas,1,
18801,32282,Americas,1,
18802,22230,Americas,1,16.53
18803,37274,Military,3,20.47
18804,22944,Europe,4,
18805,29540,World,0,9.95
18806,39428,Americas,1,14.95
18807,7363,World,0,39.24
18808,35581,Americas,1,19.64
18809,5099,Americas,1,8.57
18810,31199,Americas,1,30.99
18811,14895,Americas,1,20.95
18812,39662,Military,3,14.99
18813,38539,Military,3,22.95
18814,17767,Americas,1,50.76
18815,3297,World,0,
18816,23773,Americas,1,14.99
18817,29034,Ancient Civilizations,7,16.45
18818,1641,Americas,1,11.55
18819,19449,Americas,1,20.25
18820,36270,World,0,23.21
18821,25880,Americas,1,19.98
18822,19110,Americas,1,55.0
18823,39823,Americas,1,
18824,5184,World,0,9.58
18825,12863,Americas,1,19.27
18826,7381,Military,3,25.88
18827,9822,Americas,1,
18828,24715,Americas,1,64.0
18829,20027,Military,3,
18830,15736,World,0,26.69
18831,11253,Americas,1,14.51
18832,34592,Americas,1,34.99
18833,32159,Military,3,35.46
18834,7663,Americas,1,1.9
18835,24635,Europe,4,15.0
18836,26699,Americas,1,
18837,6250,World,0,13.36
18838,40849,Asia,2,
18839,10556,Americas,1,26.09
18840,31267,Americas,1,
18841,8316,Africa,6,23.52
18842,8643,Military,3,
18843,1606,World,0,
18844,7923,Europe,4,27.23
18845,25706,Americas,1,24.99
18846,21964,Europe,4,
18847,9670,Europe,4,25.18
18848,1405,World,0,
18849,12193,Americas,1,15.96
18850,6287,Americas,1,
18851,34653,Americas,1,32.18
18852,23463,Americas,1,14.58
18853,33855,World,0,9.96
18854,13855,Americas,1,43.0
18855,5903,Military,3,23.0
18856,7546,Americas,1,
18857,12491,Americas,1,19.79
18858,19031,Europe,4,597.65
18859,20198,Americas,1,50.0
18860,17791,Americas,1,
18861,32447,World,0,30.09
18862,32163,Americas,1,47.99
18863,16513,Americas,1,29.95
18864,9857,World,0,29.99
18865,826,Americas,1,13.84
18866,3991,Europe,4,
18867,11946,Americas,1,21.16
18868,23111,Americas,1,
18869,31381,World,0,
18870,170,World,0,19.35
18871,38851,Europe,4,
18872,9443,World,0,13.92
18873,26182,Africa,6,11.99
18874,39025,Americas,1,27.15
18875,22021,Middle East,8,21.88
18876,27650,Americas,1,11.95
18877,22566,Americas,1,
18878,20853,World,0,7.0
18879,3348,World,0,34.0
18880,40858,Europe,4,45.23
18881,21046,Americas,1,20.5
18882,2910,World,0,
18883,31274,Americas,1,
18884,40452,Americas,1,
18885,8144,Americas,1,
18886,25545,Americas,1,
18887,23584,Americas,1,21.01
18888,11701,Americas,1,21.99
18889,8376,Europe,4,78.78
18890,6714,Americas,1,
18891,29188,Asia,2,13.59
18892,39783,Military,3,17.45
18893,20775,Europe,4,19.65
18894,20158,Europe,4,
18895,34733,Americas,1,52.79
18896,5998,World,0,
18897,7477,Military,3,
18898,3,Americas,1,8.22
18899,18368,World,0,21.23
18900,18016,Americas,1,
18901,35034,Military,3,
18902,22128,Americas,1,21.37
18903,15164,Americas,1,
18904,9757,Americas,1,31.0
18905,3393,Historical Study & Educational Resources,9,13.65
18906,24216,World,0,22.97
18907,37067,Europe,4,16.79
18908,466,World,0,
18909,21989,World,0,15.52
18910,19388,Americas,1,40.4
18911,37729,Europe,4,17.95
18912,21114,Americas,1,30.0
18913,13784,Americas,1,15.42
18914,15144,Americas,1,
18915,5301,Americas,1,39.99
18916,28381,Americas,1,12.42
18917,29162,Europe,4,13.39
18918,4338,Ancient Civilizations,7,34.68
18919,26153,Middle East,8,
18920,11766,Americas,1,21.99
18921,25678,Americas,1,14.95
18922,31236,World,0,
18923,7198,World,0,
18924,20048,Americas,1,
18925,11955,Americas,1,21.99
18926,906,Americas,1,26.72
18927,8345,Americas,1,
18928,26335,Historical Study & Educational Resources,9,
18929,13868,Americas,1,10.63
18930,39127,Americas,1,39.95
18931,29639,Americas,1,16.95
18932,29638,Americas,1,12.0
18933,22129,Europe,4,65.29
18934,25969,Americas,1,30.0
18935,31183,Americas,1,14.49
18936,41257,Americas,1,120.9
18937,27652,Americas,1,19.95
18938,11611,Americas,1,15.02
18939,22519,Americas,1,23.86
18940,33799,Americas,1,49.95
18941,17999,Americas,1,
18942,12437,Americas,1,19.72
18943,11589,Americas,1,20.99
18944,29628,Ancient Civilizations,7,22.89
18945,28603,Americas,1,14.95
18946,19973,Americas,1,17.86
18947,39627,Military,3,26.86
18948,19786,World,0,
18949,37393,World,0,25.37
18950,40128,World,0,
18951,36967,Europe,4,17.95
18952,29022,Military,3,10.78
18953,4692,World,0,39.99
18954,24638,Americas,1,13.0
18955,31148,World,0,9.85
18956,23415,Americas,1,
18957,27123,Americas,1,7.96
18958,34870,Military,3,36.01
18959,2014,Asia,2,
18960,26780,World,0,12.9
18961,38897,Asia,2,17.5
18962,20385,Americas,1,23.95
18963,15565,World,0,14.55
18964,40431,Americas,1,38.5
18965,22095,Americas,1,9.98
18966,29834,Americas,1,25.0
18967,21337,Military,3,28.85
18968,28751,Americas,1,29.95
18969,2598,Europe,4,
18970,37273,Military,3,10.99
18971,29804,Military,3,12.95
18972,22408,Americas,1,
18973,13229,Americas,1,15.3
18974,7224,Americas,1,
18975,34673,Americas,1,27.01
18976,21544,Americas,1,
18977,25501,Americas,1,
18978,13720,World,0,21.71
18979,7208,Americas,1,
18980,2349,World,0,
18981,6880,Americas,1,16.25
18982,26242,Military,3,17.34
18983,25358,Americas,1,34.95
18984,17468,Americas,1,19.07
18985,4610,Americas,1,
18986,21871,Europe,4,13.75
18987,35308,Americas,1,16.35
18988,11505,Americas,1,21.99
18989,20345,Americas,1,22.95
18990,23585,Middle East,8,
18991,13243,Americas,1,19.79
18992,41048,Middle East,8,22.0
18993,18069,Americas,1,
18994,3784,Americas,1,34.69
18995,31410,Middle East,8,
18996,391,Americas,1,7.14
18997,33847,Americas,1,14.47
18998,2766,World,0,9.09
18999,13190,Americas,1,16.41
19000,13220,Americas,1,21.99
19001,25690,Americas,1,
19002,8922,Europe,4,28.95
19003,27047,Military,3,13.27
19004,13551,Americas,1,9.99
19005,2909,Europe,4,
19006,32534,World,0,14.0
19007,7428,Europe,4,7.25
19008,32952,Military,3,13.66
19009,11608,Americas,1,19.79
19010,16915,Americas,1,
19011,32435,World,0,40.0
19012,37521,Asia,2,15.66
19013,24772,World,0,
19014,11512,Americas,1,20.89
19015,27906,Americas,1,13.76
19016,9980,Military,3,
19017,6485,Europe,4,21.95
19018,20627,Americas,1,
19019,17734,Americas,1,
19020,16310,Americas,1,49.94
19021,32188,Americas,1,15.74
19022,6121,Americas,1,
19023,14578,Europe,4,9.95
19024,32056,World,0,11.61
19025,14601,Military,3,
19026,34586,Americas,1,44.95
19027,8676,Americas,1,10.4
19028,24305,Americas,1,
19029,41135,World,0,34.34
19030,36565,Military,3,21.32
19031,27887,Americas,1,8.0
19032,39939,Americas,1,19.4
19033,28918,Military,3,17.24
19034,27422,Americas,1,22.27
19035,24375,World,0,
19036,1879,Europe,4,
19037,2614,World,0,
19038,30498,Asia,2,39.0
19039,2297,World,0,17.45
19040,22762,Americas,1,33.98
19041,34818,Military,3,6.72
19042,2151,Americas,1,
19043,9863,World,0,40.51
19044,4558,World,0,32.99
19045,24999,Americas,1,13.95
19046,2206,Americas,1,25.39
19047,10001,World,0,17.95
19048,8309,Europe,4,
19049,35965,Military,3,
19050,36325,Asia,2,26.9
19051,39378,Americas,1,
19052,3550,Americas,1,16.76
19053,34219,Americas,1,19.99
19054,5123,Military,3,
19055,18604,Americas,1,22.46
19056,16045,Americas,1,29.6
19057,26782,World,0,
19058,38174,Military,3,
19059,20499,Americas,1,20.89
19060,24670,Americas,1,34.32
19061,8847,Europe,4,9.8
19062,28598,Americas,1,21.2
19063,39979,Military,3,49.95
19064,26927,World,0,
19065,16706,Americas,1,14.99
19066,39558,Military,3,
19067,32892,Military,3,5.7
19068,22317,Americas,1,16.11
19069,16990,Americas,1,
19070,9849,Americas,1,26.95
19071,4374,Europe,4,18.99
19072,14202,World,0,25.04
19073,38995,Americas,1,4.67
19074,13498,Americas,1,21.99
19075,38677,Military,3,
19076,32677,Americas,1,
19077,41102,Americas,1,12.98
19078,20318,World,0,
19079,17957,Americas,1,30.53
19080,10034,Ancient Civilizations,7,
19081,31473,Americas,1,12.67
19082,28614,Americas,1,14.95
19083,14770,Americas,1,34.99
19084,16757,World,0,
19085,10690,Americas,1,19.99
19086,12086,Americas,1,20.99
19087,38130,Europe,4,22.49
19088,18162,Americas,1,
19089,26835,Americas,1,
19090,11869,Americas,1,21.99
19091,19497,Americas,1,
19092,13830,Americas,1,24.0
19093,18459,Americas,1,39.95
19094,31229,Americas,1,
19095,34548,Americas,1,18.95
19096,23556,Americas,1,34.95
19097,20468,Americas,1,29.95
19098,37936,Military,3,28.35
19099,26455,World,0,17.17
19100,3533,Americas,1,27.0
19101,3837,World,0,
19102,23192,Americas,1,26.96
19103,27768,Americas,1,17.0
19104,3613,Americas,1,19.0
19105,115,World,0,37.97
19106,40196,Americas,1,22.95
19107,33676,Americas,1,15.71
19108,7795,Europe,4,17.84
19109,35653,Americas,1,20.6
19110,9315,Americas,1,
19111,4031,Americas,1,
19112,54,Europe,4,11.99
19113,13441,Americas,1,21.99
19114,41306,Ancient Civilizations,7,325.47
19115,17938,Americas,1,33.98
19116,36923,Europe,4,17.42
19117,30959,World,0,17.96
19118,10188,World,0,10.82
19119,39234,Americas,1,19.95
19120,29891,Military,3,
19121,26356,World,0,
19122,16472,Americas,1,15.0
19123,16585,Military,3,24.0
19124,14931,Americas,1,6.59
19125,34320,Americas,1,19.99
19126,11940,Americas,1,10.95
19127,3070,Europe,4,
19128,24237,Americas,1,22.95
19129,26511,World,0,
19130,31146,Americas,1,12.91
19131,9161,World,0,
19132,38148,Africa,6,13.97
19133,32053,Americas,1,25.0
19134,7172,World,0,
19135,33442,Americas,1,19.99
19136,19505,World,0,
19137,8874,Americas,1,23.99
19138,11004,Asia,2,
19139,24560,World,0,
19140,14152,Military,3,57.84
19141,26186,Americas,1,18.0
19142,2197,World,0,
19143,38273,Europe,4,
19144,11248,Americas,1,18.65
19145,1797,Americas,1,
19146,10366,Americas,1,
19147,18974,Americas,1,16.76
19148,21127,Americas,1,
19149,11290,Americas,1,20.38
19150,14118,Europe,4,24.7
19151,40471,Americas,1,29.95
19152,945,Americas,1,19.35
19153,8972,Americas,1,13.99
19154,14602,Americas,1,38.0
19155,10937,Americas,1,23.34
19156,40088,Americas,1,44.11
19157,3352,World,0,48.79
19158,19367,Americas,1,31.67
19159,9872,Americas,1,15.1
19160,31594,Americas,1,8.2
19161,17941,Americas,1,
19162,31220,World,0,69.85
19163,14055,Europe,4,33.36
19164,9202,World,0,18.74
19165,11566,Americas,1,21.99
19166,2698,World,0,
19167,30387,Americas,1,17.7
19168,14395,Americas,1,11.93
19169,30657,Americas,1,18.5
19170,13820,Americas,1,
19171,13845,World,0,23.17
19172,5293,Americas,1,
19173,30097,Americas,1,15.25
19174,19633,Americas,1,28.48
19175,7734,Africa,6,24.95
19176,10851,Military,3,29.72
19177,36299,Europe,4,12.95
19178,26693,World,0,
19179,33649,Americas,1,22.82
19180,40207,Americas,1,40.0
19181,22512,Americas,1,19.95
19182,40334,Americas,1,19.71
19183,36760,Military,3,16.81
19184,37482,Africa,6,25.69
19185,34437,Americas,1,16.99
19186,7125,World,0,
19187,35645,Americas,1,19.99
19188,11305,Americas,1,19.79
19189,28946,Military,3,11.83
19190,30199,Military,3,6.99
19191,17882,Americas,1,31.53
19192,20383,Americas,1,15.95
19193,15688,World,0,
19194,13770,Americas,1,
19195,7691,Americas,1,19.25
19196,11073,Europe,4,18.44
19197,36102,Ancient Civilizations,7,6.99
19198,10935,Military,3,24.95
19199,31833,Americas,1,
19200,7053,Americas,1,11.85
19201,10923,Americas,1,
19202,32552,Americas,1,18.9
19203,21296,World,0,67.49
19204,15756,Americas,1,29.95
19205,28345,Americas,1,17.38
19206,12840,Americas,1,21.99
19207,26068,Americas,1,
19208,31529,Military,3,15.49
19209,32619,Americas,1,
19210,14560,Military,3,32.45
19211,15794,Americas,1,24.95
19212,36167,Americas,1,12.79
19213,15955,Americas,1,36.99
19214,16340,Military,3,33.0
19215,15669,World,0,18.35
19216,13537,Americas,1,21.99
19217,24613,Americas,1,
19218,13044,Americas,1,21.99
19219,5290,Americas,1,
19220,39694,Europe,4,
19221,25786,Americas,1,
19222,12976,Americas,1,21.99
19223,25480,Americas,1,
19224,13341,Americas,1,19.79
19225,29449,Middle East,8,
19226,27277,Historical Study & Educational Resources,9,16.32
19227,26839,Americas,1,9.99
19228,12614,Americas,1,16.96
19229,40108,Americas,1,8.48
19230,24640,World,0,
19231,41109,Americas,1,25.0
19232,17739,Americas,1,8.92
19233,5072,Americas,1,25.8
19234,40427,Americas,1,
19235,688,World,0,20.98
19236,5761,World,0,
19237,24279,Military,3,24.79
19238,24011,Americas,1,12.24
19239,14705,Americas,1,16.99
19240,33308,Americas,1,
19241,35188,Middle East,8,
19242,17981,Americas,1,
19243,33378,Americas,1,
19244,34611,Americas,1,
19245,37872,Europe,4,32.67
19246,10958,Americas,1,25.15
19247,2026,Americas,1,
19248,17911,Americas,1,
19249,36344,Military,3,14.64
19250,10191,World,0,35.11
19251,35862,Americas,1,13.74
19252,18878,Americas,1,
19253,8616,Middle East,8,27.84
19254,8580,Historical Study & Educational Resources,9,28.3
19255,8299,Americas,1,
19256,15843,Asia,2,
19257,36775,Europe,4,
19258,39035,Americas,1,40.0
19259,8890,World,0,
19260,31683,World,0,23.59
19261,35649,Americas,1,17.42
19262,38508,Military,3,29.7
19263,10806,Military,3,25.95
19264,1861,Europe,4,9.0
19265,36595,Military,3,33.01
19266,3450,Americas,1,
19267,30275,Europe,4,20.13
19268,29439,Americas,1,14.3
19269,2930,Europe,4,18.39
19270,31849,Americas,1,
19271,32672,World,0,28.3
19272,12381,Americas,1,19.21
19273,4464,World,0,
19274,14911,Americas,1,
19275,3739,Americas,1,29.25
19276,34059,Americas,1,49.58
19277,40110,Military,3,9.99
19278,20591,Americas,1,38.99
19279,13030,Americas,1,21.99
19280,13103,Americas,1,19.79
19281,35083,Americas,1,
19282,29293,Europe,4,18.09
19283,28309,Americas,1,21.99
19284,32465,Americas,1,24.95
19285,3624,World,0,20.0
19286,10902,Military,3,45.0
19287,166,Americas,1,9.95
19288,9585,Americas,1,
19289,2226,Americas,1,8.17
19290,2534,Military,3,
19291,23335,World,0,
19292,3336,World,0,62.71
19293,8298,World,0,
19294,16938,Americas,1,10.95
19295,14368,Americas,1,8.11
19296,41133,Ancient Civilizations,7,14.98
19297,5663,Americas,1,9.95
19298,9099,Americas,1,
19299,22683,World,0,21.15
19300,31676,Americas,1,14.95
19301,22158,Americas,1,
19302,27855,Americas,1,
19303,11809,Americas,1,20.38
19304,33215,Americas,1,
19305,31727,Americas,1,
19306,8778,Americas,1,7.99
19307,26753,Americas,1,16.0
19308,40265,Americas,1,
19309,36996,Asia,2,17.04
19310,27580,Americas,1,29.99
19311,40067,Americas,1,29.95
19312,39595,Military,3,25.61
19313,2727,Americas,1,
19314,6913,Ancient Civilizations,7,
19315,26601,Europe,4,9.97
19316,40651,Americas,1,17.61
19317,37704,Ancient Civilizations,7,15.06
19318,27305,World,0,15.29
19319,18535,Americas,1,
19320,16093,World,0,20.93
19321,2412,Americas,1,
19322,30056,Military,3,23.13
19323,14212,World,0,38.99
19324,36293,Military,3,17.95
19325,3173,Americas,1,7.49
19326,31322,Americas,1,
19327,38066,Americas,1,
19328,15833,Americas,1,
19329,15012,Military,3,6.0
19330,32832,World,0,
19331,24516,Americas,1,
19332,26142,Americas,1,15.0
19333,33519,Americas,1,21.99
19334,16400,Americas,1,12.7
19335,24409,World,0,14.95
19336,8863,Europe,4,
19337,606,Americas,1,14.99
19338,14870,Americas,1,21.99
19339,22460,Americas,1,17.95
19340,31599,Americas,1,24.49
19341,37739,Europe,4,22.28
19342,8743,Americas,1,
19343,19957,Americas,1,19.95
19344,856,Asia,2,14.82
19345,1926,Americas,1,61.94
19346,14581,Americas,1,45.0
19347,29325,World,0,
19348,19152,Americas,1,37.06
19349,9402,Military,3,
19350,17017,Americas,1,
19351,44,Military,3,4.87
19352,2812,Americas,1,
19353,34310,Americas,1,19.99
19354,11861,Americas,1,21.99
19355,30374,Americas,1,9.99
19356,40761,Australia & Oceania,10,299.99
19357,29385,Europe,4,
19358,5816,World,0,12.63
19359,13170,Americas,1,21.99
19360,15492,World,0,20.12
19361,27536,Americas,1,37.0
19362,6435,World,0,
19363,39117,Americas,1,
19364,31503,World,0,2.5
19365,35970,World,0,22.95
19366,14405,World,0,19.95
19367,31342,Americas,1,9.99
19368,2051,Americas,1,12.99
19369,24579,Americas,1,
19370,20832,World,0,5.98
19371,3073,Americas,1,
19372,31719,World,0,24.0
19373,31210,Americas,1,
19374,6881,World,0,
19375,37234,World,0,21.1
19376,7884,Middle East,8,
19377,37476,Middle East,8,32.95
19378,535,Americas,1,
19379,41526,World,0,
19380,18648,Military,3,18.85
19381,17616,Americas,1,8.35
19382,10053,Military,3,6.64
19383,8823,Europe,4,14.12
19384,3796,Americas,1,
19385,10244,Americas,1,23.63
19386,3926,World,0,
19387,5597,Americas,1,75.0
19388,32678,World,0,22.95
19389,12339,Americas,1,7.98
19390,7343,Military,3,99.99
19391,14142,Military,3,24.87
19392,31156,Americas,1,14.92
19393,17899,Americas,1,
19394,36024,Europe,4,
19395,36986,Europe,4,24.95
19396,14570,Americas,1,39.96
19397,10296,World,0,39.03
19398,27760,Ancient Civilizations,7,17.9
19399,28423,Americas,1,21.99
19400,9257,World,0,18.91
19401,40906,Military,3,150.0
19402,39335,Americas,1,
19403,21609,Americas,1,
19404,30078,World,0,14.95
19405,8819,Europe,4,1.94
19406,41127,Ancient Civilizations,7,
19407,30566,Europe,4,16.36
19408,27825,Europe,4,20.0
19409,33939,Americas,1,20.67
19410,17151,Americas,1,34.95
19411,13948,Military,3,
19412,5050,Americas,1,8.95
19413,33483,Americas,1,
19414,29950,Americas,1,14.56
19415,9216,World,0,22.5
19416,25204,Americas,1,
19417,12402,Americas,1,21.99
19418,20418,Americas,1,
19419,20005,Americas,1,37.83
19420,4954,Asia,2,11.74
19421,27514,World,0,
19422,29708,Americas,1,12.88
19423,27070,Americas,1,
19424,13193,Americas,1,19.79
19425,25845,Asia,2,16.95
19426,35569,Americas,1,17.99
19427,19682,Americas,1,25.47
19428,28154,Americas,1,21.99
19429,21124,Americas,1,
19430,35472,Americas,1,18.61
19431,31025,Americas,1,
19432,1739,World,0,
19433,39933,Americas,1,20.0
19434,21088,Europe,4,
19435,20769,Asia,2,34.95
19436,8203,World,0,25.22
19437,10256,Americas,1,
19438,32566,Americas,1,16.0
19439,3429,Americas,1,12.0
19440,26982,Military,3,34.5
19441,23860,Americas,1,
19442,39000,Middle East,8,24.95
19443,35213,World,0,16.77
19444,5884,Americas,1,
19445,38622,Europe,4,15.66
19446,16697,Americas,1,
19447,13978,Ancient Civilizations,7,
19448,32091,Americas,1,23.13
19449,19210,Americas,1,23.97
19450,9800,Asia,2,32.95
19451,35846,Americas,1,15.26
19452,31563,World,0,13.83
19453,7513,Asia,2,5.99
19454,32058,Americas,1,22.5
19455,3059,Americas,1,
19456,17475,Americas,1,
19457,29434,Military,3,30.25
19458,36878,Americas,1,18.95
19459,6711,Americas,1,
19460,3433,Americas,1,95.0
19461,4044,Americas,1,
19462,21441,World,0,15.3
19463,13572,Americas,1,19.14
19464,18926,Americas,1,22.5
19465,12291,Americas,1,19.41
19466,2897,Americas,1,
19467,32901,Military,3,18.95
19468,26702,Americas,1,
19469,7784,Middle East,8,5.83
19470,34031,World,0,8.49
19471,8917,Americas,1,21.5
19472,12810,Americas,1,21.99
19473,13599,Americas,1,21.99
19474,24053,Americas,1,
19475,32194,Asia,2,29.9
19476,34825,Military,3,29.95
19477,974,Europe,4,6.95
19478,14905,World,0,
19479,15455,World,0,20.12
19480,19697,Americas,1,
19481,620,Military,3,
19482,22374,Americas,1,
19483,28935,Military,3,18.53
19484,9952,World,0,25.99
19485,5418,Military,3,10.89
19486,37491,Europe,4,18.6
19487,30934,Americas,1,39.95
19488,30439,Americas,1,19.04
19489,25001,Americas,1,13.98
19490,26330,Americas,1,19.04
19491,39194,Americas,1,
19492,2028,Americas,1,
19493,12544,Americas,1,21.99
19494,37751,Europe,4,21.95
19495,32428,Americas,1,19.25
19496,23931,Americas,1,
19497,26594,Americas,1,11.98
19498,33102,Historical Study & Educational Resources,9,11.96
19499,29357,Americas,1,
19500,11007,World,0,
19501,41216,Americas,1,8.9
19502,17477,Americas,1,18.32
19503,33671,Americas,1,16.15
19504,7280,Americas,1,8.99
19505,15416,Americas,1,
19506,21131,Americas,1,19.94
19507,27943,World,0,
19508,15446,World,0,5.0
19509,2512,World,0,
19510,4852,Asia,2,17.35
19511,5996,Asia,2,21.95
19512,31855,Americas,1,
19513,15571,Americas,1,4.74
19514,25387,World,0,
19515,26824,World,0,8.99
19516,23030,World,0,
19517,40011,Military,3,18.95
19518,30394,Americas,1,19.95
19519,15139,Americas,1,
19520,27600,Europe,4,12.41
19521,11655,Americas,1,19.79
19522,6706,Americas,1,
19523,31518,Americas,1,36.99
19524,33777,World,0,
19525,13677,World,0,
19526,7197,Americas,1,
19527,17918,Americas,1,
19528,20087,Americas,1,
19529,41384,World,0,23.14
19530,34829,Americas,1,24.96
19531,18416,Americas,1,28.05
19532,12406,Americas,1,20.65
19533,28223,Americas,1,15.26
19534,7453,Americas,1,12.95
19535,27191,Americas,1,
19536,102,Europe,4,1.9
19537,17282,World,0,
19538,13885,Americas,1,68.49
19539,1722,Americas,1,
19540,17178,Americas,1,21.95
19541,21436,World,0,11.74
19542,18360,Americas,1,9.95
19543,27229,Americas,1,27.19
19544,28875,Americas,1,16.99
19545,37595,Europe,4,18.95
19546,26501,Americas,1,
19547,24157,Military,3,
19548,35983,Asia,2,39.62
19549,9700,Americas,1,36.17
19550,22176,World,0,10.95
19551,32787,Americas,1,
19552,10272,World,0,
19553,16004,Americas,1,
19554,23965,World,0,23.21
19555,22756,Americas,1,27.2
19556,13707,Military,3,13.94
19557,23314,Historical Study & Educational Resources,9,
19558,1443,World,0,
19559,20516,Americas,1,22.95
19560,920,World,0,
19561,805,Americas,1,9.79
19562,12159,Americas,1,20.38
19563,22453,Americas,1,
19564,13483,Americas,1,21.99
19565,34078,Americas,1,24.0
19566,27337,World,0,18.68
19567,23948,Military,3,21.5
19568,18629,Military,3,9.43
19569,1153,Ancient Civilizations,7,13.96
19570,21837,Asia,2,21.95
19571,1084,Americas,1,
19572,22477,Americas,1,39.5
19573,27298,Americas,1,
19574,37147,Military,3,18.95
19575,33098,Americas,1,14.95
19576,16219,World,0,12.56
19577,4489,World,0,
19578,21026,World,0,
19579,4476,Ancient Civilizations,7,
19580,20743,Americas,1,12.88
19581,3072,World,0,
19582,36452,Middle East,8,19.0
19583,7527,Americas,1,9.96
19584,24793,Americas,1,
19585,37008,Military,3,17.95
19586,1880,World,0,25.9
19587,12729,Americas,1,21.99
19588,21075,Americas,1,22.04
19589,2998,Ancient Civilizations,7,
19590,10899,World,0,
19591,8714,World,0,18.36
19592,26650,Americas,1,18.48
19593,37501,Europe,4,18.94
19594,40106,Americas,1,112.57
19595,13447,Americas,1,21.99
19596,4966,Americas,1,9.0
19597,40433,World,0,9.99
19598,12636,Americas,1,13.26
19599,26245,Military,3,29.95
19600,34360,Americas,1,19.99
19601,4465,Americas,1,
19602,25529,Americas,1,
19603,3974,Military,3,28.95
19604,20845,World,0,47.45
19605,26590,Americas,1,4.44
19606,39368,Americas,1,
19607,33112,World,0,22.4
19608,1775,Military,3,
19609,20926,Americas,1,
19610,39092,Americas,1,
19611,11375,Americas,1,21.99
19612,31442,Americas,1,12.67
19613,3877,Americas,1,22.18
19614,5493,Americas,1,21.95
19615,19121,Americas,1,39.56
19616,10193,World,0,36.83
19617,28533,Americas,1,19.78
19618,57,Military,3,19.99
19619,41120,Europe,4,11.13
19620,28601,Americas,1,14.95
19621,19009,Historical Study & Educational Resources,9,65.62
19622,28206,Americas,1,17.19
19623,40573,Africa,6,15.0
19624,17744,Americas,1,
19625,28244,Americas,1,18.21
19626,13884,Europe,4,14.17
19627,36164,Europe,4,28.05
19628,11615,Americas,1,21.99
19629,37731,Europe,4,
19630,30475,Americas,1,18.25
19631,34604,Americas,1,31.46
19632,41054,Military,3,85.0
19633,9913,Americas,1,25.0
19634,32643,Americas,1,32.0
19635,13357,Americas,1,21.99
19636,35335,Americas,1,14.57
19637,16073,Europe,4,47.95
19638,32046,World,0,19.94
19639,24377,Americas,1,14.7
19640,17268,World,0,
19641,10270,Europe,4,21.68
19642,35115,Americas,1,9.99
19643,40478,Americas,1,25.0
19644,16926,Americas,1,19.95
19645,9014,World,0,10.0
19646,12610,Americas,1,21.99
19647,4226,World,0,18.0
19648,1862,Russia,5,5.79
19649,4836,Americas,1,9.95
19650,1272,Military,3,
19651,3906,Americas,1,
19652,24529,Americas,1,5.94
19653,2562,World,0,
19654,2838,Americas,1,
19655,735,Americas,1,9.56
19656,38728,Military,3,
19657,32714,Americas,1,5.27
19658,9713,World,0,24.59
19659,11604,Americas,1,21.99
19660,22248,Americas,1,
19661,9608,World,0,31.82
19662,27673,World,0,30.8
19663,28199,Americas,1,16.26
19664,5013,Military,3,14.92
19665,36424,Military,3,19.78
19666,38149,Africa,6,2.84
19667,11646,Americas,1,21.99
19668,8607,Americas,1,
19669,19750,World,0,
19670,22901,Americas,1,24.33
19671,39880,Americas,1,24.95
19672,2736,World,0,
19673,33141,Americas,1,26.95
19674,37028,Historical Study & Educational Resources,9,6.94
19675,10128,Americas,1,16.33
19676,36388,Military,3,18.0
19677,34679,Americas,1,20.33
19678,24876,Americas,1,17.0
19679,26064,World,0,10.29
19680,9380,Americas,1,12.9
19681,31375,Americas,1,9.19
19682,32611,Military,3,
19683,553,Americas,1,
19684,28256,Americas,1,17.39
19685,21339,World,0,6.86
19686,33900,Americas,1,9.75
19687,40072,Americas,1,13.98
19688,37073,Americas,1,17.95
19689,23732,Americas,1,15.99
19690,26088,World,0,
19691,33222,Americas,1,10.0
19692,15787,Americas,1,
19693,356,Americas,1,17.57
19694,26274,Military,3,34.99
19695,28571,Americas,1,20.11
19696,34509,Americas,1,19.66
19697,22572,Americas,1,
19698,34103,Americas,1,25.74
19699,36999,Europe,4,18.95
19700,26487,World,0,
19701,9688,World,0,
19702,18651,Military,3,25.88
19703,2267,Europe,4,28.99
19704,18499,Military,3,
19705,3879,Americas,1,21.08
19706,33150,Military,3,16.79
19707,1745,Americas,1,
19708,34466,Americas,1,19.99
19709,6964,Americas,1,9.69
19710,34101,Americas,1,12.99
19711,33947,Americas,1,17.44
19712,40226,Americas,1,14.95
19713,4973,Americas,1,14.93
19714,20657,Americas,1,
19715,29024,Military,3,22.09
19716,20898,Americas,1,
19717,7977,Americas,1,20.9
19718,26544,Americas,1,
19719,8207,Americas,1,
19720,37803,Military,3,11.95
19721,18802,Military,3,16.95
19722,2488,World,0,
19723,11603,Americas,1,21.59
19724,17489,Americas,1,25.91
19725,25973,Asia,2,16.46
19726,24171,World,0,15.99
19727,19088,Americas,1,13.59
19728,30446,Americas,1,15.95
19729,21013,Americas,1,70.0
19730,32724,Americas,1,12.95
19731,34986,Americas,1,5.7
19732,39870,Americas,1,
19733,218,Historical Study & Educational Resources,9,
19734,23665,Military,3,72.0
19735,14902,Military,3,56.36
19736,24324,Military,3,
19737,29406,Americas,1,23.0
19738,2655,Europe,4,
19739,40762,Military,3,
19740,34108,Americas,1,30.93
19741,12862,Americas,1,21.99
19742,23479,Americas,1,
19743,4451,Americas,1,195.55
19744,25837,Military,3,28.0
19745,38564,Americas,1,19.95
19746,23678,Americas,1,4.98
19747,40369,Americas,1,32.95
19748,21997,Military,3,18.95
19749,17763,World,0,53.11
19750,5180,World,0,18.97
19751,38800,World,0,
19752,27668,World,0,52.51
19753,37503,Military,3,
19754,35992,Americas,1,16.06
19755,21338,World,0,
19756,4099,Americas,1,34.95
19757,40527,World,0,36.95
19758,7131,World,0,
19759,39171,Americas,1,
19760,7728,Americas,1,14.98
19761,7004,World,0,11.21
19762,4767,Military,3,
19763,5945,Americas,1,11.52
19764,5587,Americas,1,
19765,25492,Americas,1,5.49
19766,18823,Europe,4,17.57
19767,24421,World,0,4.95
19768,31397,Americas,1,32.95
19769,5019,Europe,4,15.79
19770,21568,Americas,1,
19771,26353,World,0,
19772,4334,Asia,2,53.73
19773,15396,Americas,1,35.95
19774,15904,World,0,37.95
19775,9453,Americas,1,18.46
19776,36931,Military,3,16.33
19777,8673,Americas,1,25.16
19778,8460,World,0,
19779,17677,World,0,47.0
19780,668,World,0,11.24
19781,13939,World,0,10.0
19782,24688,Americas,1,15.0
19783,21808,Americas,1,17.82
19784,15227,Americas,1,
19785,28556,Americas,1,21.99
19786,10130,Americas,1,16.86
19787,812,Military,3,10.93
19788,17843,Americas,1,42.0
19789,40280,Military,3,43.48
19790,20713,Americas,1,27.95
19791,14681,Americas,1,9.99
19792,2101,Europe,4,63.13
19793,40154,Americas,1,50.0
19794,11403,Americas,1,21.4
19795,9421,Europe,4,19.95
19796,38816,Ancient Civilizations,7,49.37
19797,40391,Americas,1,
19798,9439,Americas,1,24.39
19799,5737,Americas,1,
19800,22543,Americas,1,19.95
19801,33630,Americas,1,35.88
19802,11579,Americas,1,18.48
19803,6251,Europe,4,12.0
19804,4069,Americas,1,
19805,5635,Europe,4,15.63
19806,25906,Americas,1,103.98
19807,11888,Americas,1,21.99
19808,26459,Military,3,17.77
19809,3369,Asia,2,34.99
19810,31413,Americas,1,14.95
19811,8649,Americas,1,
19812,32582,Americas,1,18.22
19813,41367,Military,3,29.74
19814,26525,Americas,1,
19815,11724,Americas,1,17.03
19816,20958,Australia & Oceania,10,28.0
19817,5320,Americas,1,
19818,26690,Americas,1,
19819,37484,Military,3,17.95
19820,29017,Asia,2,14.18
19821,11880,Americas,1,21.99
19822,29704,Military,3,18.79
19823,11649,Americas,1,21.99
19824,41270,Americas,1,5.68
19825,34483,Americas,1,18.89
19826,3008,Americas,1,18.67
19827,5866,World,0,
19828,22290,Americas,1,
19829,20856,Americas,1,
19830,21786,Military,3,30.52
19831,38344,Military,3,35.96
19832,31338,Military,3,20.95
19833,26528,Americas,1,
19834,35627,Americas,1,19.76
19835,17074,World,0,14.96
19836,32905,Europe,4,19.95
19837,35975,Australia & Oceania,10,
19838,32339,Americas,1,14.95
19839,23330,World,0,12.5
19840,25666,World,0,49.93
19841,26694,Americas,1,
19842,26878,Historical Study & Educational Resources,9,8.1
19843,22288,Americas,1,18.5
19844,19264,Americas,1,12.85
19845,10227,Americas,1,
19846,33862,World,0,23.38
19847,35013,Military,3,8.82
19848,15301,Americas,1,13.5
19849,37389,Europe,4,16.0
19850,12707,Americas,1,12.95
19851,19578,Americas,1,
19852,15925,World,0,
19853,23516,Military,3,39.99
19854,18328,Americas,1,
19855,16623,Americas,1,
19856,2002,Americas,1,
19857,8937,Americas,1,
19858,39710,Africa,6,17.37
19859,22442,Americas,1,22.95
19860,19972,Americas,1,
19861,15573,World,0,20.98
19862,31464,Americas,1,
19863,8843,World,0,6.49
19864,14636,Americas,1,14.95
19865,14097,Historical Study & Educational Resources,9,
19866,15860,Americas,1,26.95
19867,33559,Americas,1,19.99
19868,27006,World,0,
19869,14426,Americas,1,
19870,13848,Americas,1,12.57
19871,13711,World,0,11.95
19872,13502,Americas,1,21.99
19873,14347,Australia & Oceania,10,10.37
19874,33856,Americas,1,17.99
19875,17085,Military,3,24.95
19876,34097,Americas,1,26.44
19877,34656,Americas,1,11.3
19878,6405,World,0,40.41
19879,10133,Americas,1,
19880,14992,Americas,1,
19881,9500,World,0,
19882,15716,World,0,29.44
19883,38531,Americas,1,
19884,22265,Americas,1,
19885,34193,Americas,1,16.07
19886,20004,Middle East,8,31.55
19887,25466,Americas,1,24.95
19888,24678,Americas,1,16.95
19889,8056,Americas,1,
19890,21925,World,0,6.0
19891,25626,Americas,1,13.99
19892,16641,World,0,29.63
19893,27587,World,0,
19894,16464,Americas,1,18.0
19895,28779,Americas,1,34.66
19896,20638,Americas,1,
19897,335,Americas,1,28.53
19898,17399,Americas,1,29.86
19899,33966,Americas,1,32.0
19900,5768,Military,3,
19901,33592,Americas,1,18.03
19902,9567,Americas,1,
19903,15642,World,0,15.17
19904,14790,Americas,1,29.99
19905,25127,Military,3,22.94
19906,37826,Military,3,18.95
19907,4245,World,0,13.99
19908,23326,Americas,1,
19909,26893,Americas,1,
19910,26059,Americas,1,19.99
19911,1224,Asia,2,9.37
19912,5143,World,0,11.52
19913,7709,Americas,1,4.56
19914,638,Americas,1,15.01
19915,33534,Americas,1,16.21
19916,12633,Americas,1,21.99
19917,10318,Asia,2,
19918,30569,Americas,1,23.09
19919,21938,World,0,19.02
19920,7733,Historical Study & Educational Resources,9,
19921,5130,Military,3,9.94
19922,36740,Ancient Civilizations,7,18.95
19923,7447,Americas,1,15.97
19924,21539,Military,3,
19925,32852,Military,3,25.88
19926,3381,Military,3,21.25
19927,28065,Americas,1,19.79
19928,16547,Americas,1,
19929,6104,Americas,1,
19930,10659,Americas,1,
19931,19906,Americas,1,27.0
19932,33716,Americas,1,
19933,12679,Americas,1,21.99
19934,20492,Americas,1,27.72
19935,38253,Europe,4,18.66
19936,6799,Americas,1,10.92
19937,2480,Europe,4,
19938,10830,Americas,1,8.88
19939,31400,Americas,1,
19940,10515,Americas,1,18.93
19941,20416,Americas,1,
19942,33720,World,0,
19943,13982,Europe,4,14.32
19944,8973,Europe,4,34.13
19945,13838,World,0,14.0
19946,1639,Americas,1,10.87
19947,11374,Americas,1,21.99
19948,10083,Americas,1,17.91
19949,27797,Americas,1,21.95
19950,20629,Americas,1,
19951,11614,Americas,1,21.99
19952,13228,Americas,1,17.39
19953,14081,Americas,1,11.99
19954,22236,Americas,1,
19955,27392,Americas,1,16.99
19956,7509,Europe,4,5.89
19957,31191,Americas,1,12.95
19958,34115,Americas,1,24.26
19959,36955,Military,3,25.95
19960,37391,World,0,10.99
19961,19661,Americas,1,24.95
19962,2465,Asia,2,
19963,16777,Americas,1,7.73
19964,25286,Americas,1,
19965,36677,Africa,6,31.71
19966,30593,Americas,1,15.0
19967,13613,Americas,1,17.39
19968,35512,Americas,1,17.42
19969,36925,Europe,4,
19970,28294,Americas,1,19.79
19971,29543,Europe,4,5.85
19972,5566,Americas,1,
19973,22991,Americas,1,14.82
19974,21769,Military,3,
19975,1437,Americas,1,15.3
19976,35898,Europe,4,12.2
19977,25943,Americas,1,8.94
19978,19754,World,0,14.21
19979,24109,Military,3,7.96
19980,33791,Americas,1,9.36
19981,531,Historical Study & Educational Resources,9,16.01
19982,10768,Americas,1,15.62
19983,33465,Americas,1,
19984,20747,Americas,1,22.29
19985,40892,World,0,24.0
19986,35573,Americas,1,23.94
19987,9812,Ancient Civilizations,7,35.0
19988,11054,Military,3,12.0
19989,35136,Americas,1,19.27
19990,34846,Americas,1,13.5
19991,20833,World,0,
19992,16263,World,0,15.72
19993,7034,Americas,1,37.99
19994,5802,World,0,27.73
19995,38972,Americas,1,12.99
19996,26743,Americas,1,
19997,40873,World,0,
19998,37492,Europe,4,18.95
19999,16949,Asia,2,22.45
20000,175,Americas,1,32.97
20001,36995,Ancient Civilizations,7,17.72
20002,41246,Military,3,57.64
20003,19314,Americas,1,30.36
20004,30349,Europe,4,6.99
20005,744,World,0,14.76
20006,41116,Americas,1,14.24
20007,36505,Military,3,4.59
20008,34230,Americas,1,15.99
20009,7703,Military,3,15.95
20010,21913,Europe,4,
20011,29746,Americas,1,17.0
20012,11845,Americas,1,19.26
20013,2519,Historical Study & Educational Resources,9,7.14
20014,5058,Americas,1,14.45
20015,26436,Military,3,30.36
20016,26445,Americas,1,41.99
20017,30858,Military,3,41.11
20018,20728,Americas,1,27.95
20019,12023,Americas,1,19.79
20020,7095,Europe,4,
20021,15426,Americas,1,13.49
20022,15674,World,0,17.07
20023,1574,Europe,4,15.0
20024,22946,Europe,4,
20025,9541,Australia & Oceania,10,
20026,35056,World,0,16.32
20027,3223,Americas,1,
20028,39664,Europe,4,14.99
20029,8457,Americas,1,
20030,26303,Military,3,19.95
20031,15512,World,0,
20032,1927,Americas,1,
20033,23368,Americas,1,45.0
20034,4488,Military,3,11.91
20035,40417,Americas,1,18.61
20036,27623,Asia,2,16.96
20037,38608,Europe,4,17.95
20038,8058,Americas,1,
20039,10483,Americas,1,
20040,1842,World,0,14.24
20041,30914,Americas,1,
20042,5690,Americas,1,15.22
20043,21308,World,0,15.89
20044,30848,Military,3,50.97
20045,1601,Americas,1,14.54
20046,18511,Americas,1,
20047,22475,World,0,
20048,30295,Middle East,8,22.0
20049,40130,Americas,1,50.0
20050,30757,Americas,1,
20051,3244,World,0,15.98
20052,20718,Americas,1,23.58
20053,18283,World,0,20.55
20054,36373,Military,3,23.82
20055,25688,Americas,1,39.95
20056,3962,Military,3,
20057,32758,Americas,1,
20058,11818,Americas,1,19.79
20059,25621,Military,3,
20060,10022,Americas,1,19.0
20061,22575,Americas,1,28.96
20062,16516,Americas,1,11.24
20063,14144,World,0,12.43
20064,26862,Americas,1,14.99
20065,3019,Americas,1,
20066,27921,Military,3,19.95
20067,26305,Americas,1,22.17
20068,20602,Ancient Civilizations,7,
20069,1233,Europe,4,21.9
20070,11992,Americas,1,21.99
20071,29567,Military,3,12.49
20072,22632,Americas,1,26.61
20073,24267,Europe,4,59.79
20074,34499,Americas,1,17.99
20075,33702,World,0,9.99
20076,424,World,0,17.81
20077,30690,Americas,1,18.81
20078,16879,Americas,1,
20079,13083,Americas,1,16.18
20080,21156,Americas,1,24.01
20081,4118,Americas,1,27.95
20082,809,Ancient Civilizations,7,16.99
20083,39073,Americas,1,22.74
20084,15067,Americas,1,29.98
20085,38172,Historical Study & Educational Resources,9,
20086,19725,Americas,1,39.99
20087,11252,Americas,1,21.99
20088,38133,Europe,4,18.95
20089,31561,Americas,1,47.95
20090,33352,Americas,1,19.79
20091,1208,World,0,24.0
20092,11203,Americas,1,19.79
20093,34736,Americas,1,23.63
20094,35052,World,0,6.98
20095,23842,Military,3,9.69
20096,41406,World,0,29.95
20097,38944,Americas,1,12.95
20098,17098,Americas,1,5.79
20099,24454,Americas,1,24.96
20100,23264,World,0,26.12
20101,14244,Military,3,
20102,29857,Ancient Civilizations,7,19.95
20103,27910,Americas,1,12.95
20104,1929,Americas,1,
20105,28520,Americas,1,20.38
20106,14392,Europe,4,6.08
20107,26585,Americas,1,9.74
20108,40868,Asia,2,26.54
20109,34790,Americas,1,19.77
20110,11780,Americas,1,21.99
20111,18992,Americas,1,
20112,31004,World,0,59.73
20113,27406,Americas,1,
20114,11320,Americas,1,21.99
20115,21476,World,0,14.9
20116,21613,Americas,1,42.78
20117,33839,Americas,1,14.95
20118,16314,Americas,1,
20119,4568,Americas,1,
20120,18359,Americas,1,10.0
20121,6599,Americas,1,6.33
20122,1847,Europe,4,15.95
20123,29789,Military,3,12.99
20124,15615,World,0,10.49
20125,6063,Americas,1,21.36
20126,2188,Americas,1,
20127,28218,Americas,1,15.63
20128,24576,Military,3,
20129,17330,Americas,1,33.95
20130,2781,Americas,1,
20131,30762,Americas,1,28.42
20132,21171,Americas,1,
20133,37651,Asia,2,18.95
20134,18561,Americas,1,10.95
20135,2560,World,0,9.66
20136,16216,World,0,5.8
20137,26947,World,0,
20138,31500,Americas,1,
20139,30509,Military,3,25.0
20140,35532,Americas,1,22.49
20141,5612,Americas,1,
20142,32038,Americas,1,
20143,36533,Europe,4,16.16
20144,18146,World,0,45.0
20145,36583,Europe,4,18.95
20146,34488,Americas,1,16.42
20147,26576,Americas,1,11.98
20148,12432,Americas,1,20.65
20149,11363,Americas,1,21.99
20150,31779,Americas,1,
20151,2401,Americas,1,
20152,37054,Military,3,11.0
20153,24203,World,0,13.95
20154,9635,Ancient Civilizations,7,26.95
20155,20944,Asia,2,33.25
20156,10549,World,0,15.95
20157,18764,Africa,6,18.95
20158,7256,Military,3,12.75
20159,25254,Military,3,
20160,38801,Australia & Oceania,10,
20161,21273,Americas,1,26.01
20162,5928,Americas,1,23.69
20163,1833,Europe,4,
20164,4753,Americas,1,12.49
20165,11482,Americas,1,21.99
20166,13691,Military,3,9.7
20167,28447,Americas,1,19.79
20168,4872,Americas,1,28.61
20169,41192,Military,3,17.59
20170,1472,Europe,4,
20171,23974,World,0,7.95
20172,19617,Americas,1,38.97
20173,27998,Americas,1,19.79
20174,11746,Americas,1,20.38
20175,38588,Military,3,17.5
20176,6692,Americas,1,
20177,19943,World,0,5.25
20178,20938,Asia,2,17.0
20179,34319,Americas,1,19.09
20180,32974,Military,3,
20181,39484,Military,3,59.95
20182,27377,Americas,1,10.92
20183,8662,World,0,16.99
20184,18840,Americas,1,10.49
20185,5314,Europe,4,
20186,11657,Americas,1,17.39
20187,32817,Americas,1,14.95
20188,10459,Americas,1,24.45
20189,36507,Military,3,12.95
20190,5560,Europe,4,
20191,18420,Americas,1,21.45
20192,23008,Americas,1,14.95
20193,8069,Americas,1,
20194,5819,Europe,4,16.97
20195,13188,Americas,1,21.99
20196,12331,Americas,1,21.99
20197,11446,Americas,1,15.21
20198,5136,Americas,1,8.88
20199,8746,Europe,4,29.0
20200,28539,Americas,1,17.39
20201,9147,World,0,
20202,1440,Americas,1,16.0
20203,13714,Americas,1,29.95
20204,32292,Americas,1,15.42
20205,1206,Asia,2,19.5
20206,25742,Americas,1,7.95
20207,12473,Americas,1,21.99
20208,16127,Military,3,13.4
20209,28629,Americas,1,20.14
20210,39687,Military,3,45.88
20211,31868,Americas,1,
20212,11932,Americas,1,21.99
20213,9600,World,0,25.5
20214,12827,Americas,1,21.99
20215,37104,Africa,6,23.36
20216,35897,Europe,4,15.6
20217,13479,Americas,1,14.41
20218,35620,Americas,1,19.07
20219,14724,Americas,1,
20220,29869,World,0,12.99
20221,12271,Americas,1,14.65
20222,10197,World,0,29.94
20223,15807,World,0,29.95
20224,34651,Americas,1,21.0
20225,21481,Americas,1,17.58
20226,14187,Military,3,9.97
20227,24582,Americas,1,46.5
20228,41185,Americas,1,21.05
20229,21495,Military,3,24.0
20230,26395,Europe,4,68.99
20231,33211,Americas,1,13.37
20232,21616,Americas,1,56.23
20233,36646,Americas,1,17.95
20234,14910,Americas,1,
20235,16795,Americas,1,10.36
20236,4240,Americas,1,
20237,5090,Americas,1,13.56
20238,39014,Military,3,22.78
20239,6466,Asia,2,16.0
20240,36589,Military,3,18.9
20241,8936,Military,3,20.95
20242,32710,Americas,1,
20243,33510,Americas,1,
20244,1315,Europe,4,17.0
20245,32874,Americas,1,
20246,19672,Americas,1,24.99
20247,9223,World,0,23.92
20248,37059,Americas,1,15.35
20249,10352,Americas,1,24.99
20250,8074,Americas,1,
20251,33143,Americas,1,
20252,38438,Asia,2,34.63
20253,15598,World,0,
20254,34443,Americas,1,16.99
20255,35899,Americas,1,12.2
20256,20834,World,0,45.14
20257,34269,Americas,1,19.99
20258,13578,Americas,1,19.38
20259,14909,Americas,1,18.44
20260,1046,Americas,1,
20261,17968,Americas,1,40.03
20262,36747,Europe,4,16.47
20263,27402,Americas,1,28.0
20264,14941,Americas,1,32.53
20265,34037,Europe,4,13.2
20266,3138,Americas,1,
20267,34231,Americas,1,12.99
20268,31132,Military,3,
20269,1772,World,0,
20270,20592,Americas,1,
20271,38120,Americas,1,18.95
20272,1287,Americas,1,16.0
20273,3948,World,0,
20274,20647,World,0,
20275,2621,World,0,
20276,13291,Americas,1,21.99
20277,14814,Military,3,14.25
20278,36316,Military,3,18.95
20279,31339,Americas,1,10.46
20280,28162,Americas,1,14.84
20281,12017,Americas,1,21.99
20282,30886,World,0,39.95
20283,40089,Americas,1,
20284,17544,Americas,1,27.49
20285,2238,World,0,
20286,24645,World,0,66.83
20287,41213,Asia,2,10.73
20288,1205,Europe,4,15.54
20289,28597,Americas,1,14.95
20290,26547,Americas,1,
20291,22899,Americas,1,25.16
20292,30419,Military,3,5.5
20293,34900,World,0,13.3
20294,28816,Americas,1,18.09
20295,24001,Americas,1,29.99
20296,20348,Military,3,23.05
20297,20549,Americas,1,20.39
20298,17246,Americas,1,14.95
20299,15737,Military,3,10.5
20300,29359,Americas,1,
20301,33628,Americas,1,
20302,12964,Americas,1,21.99
20303,9999,Americas,1,
20304,21830,Military,3,17.95
20305,38534,Military,3,17.95
20306,3825,World,0,26.1
20307,4958,Americas,1,3.97
20308,23603,Americas,1,29.95
20309,30029,World,0,26.86
20310,24867,Americas,1,17.95
20311,40555,Americas,1,
20312,9144,Americas,1,
20313,41141,Military,3,7.74
20314,14582,Europe,4,39.95
20315,8896,Military,3,
20316,38382,Europe,4,15.47
20317,10011,Americas,1,12.44
20318,20632,Americas,1,26.95
20319,7683,Americas,1,19.06
20320,23146,Americas,1,29.95
20321,15070,Military,3,
20322,34119,Europe,4,18.57
20323,37852,Europe,4,30.72
20324,21331,World,0,12.99
20325,3054,World,0,25.42
20326,11686,Americas,1,21.99
20327,6917,Europe,4,11.98
20328,33796,World,0,24.95
20329,885,World,0,12.91
20330,6288,Americas,1,
20331,35173,Americas,1,
20332,37025,Europe,4,18.95
20333,14007,Europe,4,
20334,30808,Military,3,
20335,5274,Americas,1,
20336,14529,Americas,1,18.95
20337,26889,Military,3,11.68
20338,22474,World,0,29.85
20339,26322,Military,3,9.5
20340,25796,Americas,1,19.95
20341,40119,Americas,1,
20342,27176,Americas,1,48.34
20343,12847,Americas,1,21.99
20344,19948,Americas,1,
20345,12965,Americas,1,20.33
20346,24358,World,0,13.5
20347,749,Americas,1,13.59
20348,31323,Americas,1,
20349,3437,Americas,1,
20350,12344,Americas,1,19.99
20351,32914,Military,3,34.95
20352,12059,Americas,1,21.99
20353,39797,Africa,6,49.95
20354,8912,Americas,1,
20355,17991,Americas,1,28.55
20356,27396,Americas,1,
20357,12620,Americas,1,17.39
20358,12517,Americas,1,19.99
20359,6210,Americas,1,
20360,13616,Americas,1,21.99
20361,30500,Historical Study & Educational Resources,9,14.98
20362,23808,Middle East,8,39.99
20363,9347,Americas,1,17.75
20364,35679,Americas,1,21.99
20365,10667,Americas,1,56.66
20366,32818,Americas,1,6.95
20367,6027,Americas,1,8.99
20368,3699,Americas,1,
20369,8652,World,0,
20370,23562,Americas,1,5.73
20371,1329,World,0,11.84
20372,14034,Europe,4,8.6
20373,18543,Americas,1,
20374,34856,Military,3,29.28
20375,5125,Americas,1,17.95
20376,1571,Americas,1,14.4
20377,39285,Americas,1,14.83
20378,38738,World,0,14.59
20379,15698,Americas,1,
20380,19549,Americas,1,4.98
20381,23133,Americas,1,
20382,24927,Americas,1,
20383,20403,Americas,1,
20384,34015,Americas,1,10.0
20385,18458,Americas,1,15.0
20386,38167,Military,3,14.0
20387,38573,Europe,4,
20388,28232,Americas,1,20.55
20389,22956,Americas,1,
20390,20696,Asia,2,28.95
20391,33879,Americas,1,23.99
20392,38760,World,0,17.95
20393,11850,Americas,1,20.83
20394,8449,Americas,1,
20395,14624,Americas,1,14.95
20396,15542,World,0,14.0
20397,2202,World,0,
20398,3477,Americas,1,8.83
20399,23661,Americas,1,7.16
20400,8265,Americas,1,
20401,15628,World,0,16.98
20402,12049,Americas,1,19.79
20403,201,Americas,1,
20404,695,Americas,1,
20405,13776,Americas,1,
20406,37791,Europe,4,18.95
20407,1428,Americas,1,13.07
20408,16868,World,0,4.99
20409,39847,Military,3,110.0
20410,8551,Europe,4,45.0
20411,3733,Americas,1,12.21
20412,22246,Americas,1,19.33
20413,34274,Americas,1,18.53
20414,14213,Americas,1,
20415,13002,Americas,1,17.39
20416,27539,World,0,39.3
20417,20636,Americas,1,27.9
20418,10719,Americas,1,
20419,17691,Americas,1,24.99
20420,15264,World,0,39.95
20421,26290,Americas,1,18.99
20422,26778,World,0,45.0
20423,6019,Europe,4,9.9
20424,9891,Military,3,12.25
20425,36989,Europe,4,20.43
20426,18417,Americas,1,2.94
20427,32899,Asia,2,29.0
20428,2450,Americas,1,
20429,1504,World,0,12.23
20430,3768,Military,3,27.26
20431,32830,World,0,
20432,6990,Americas,1,
20433,21402,World,0,20.7
20434,28150,Americas,1,21.99
20435,11804,Americas,1,14.99
20436,26404,Military,3,26.03
20437,22608,World,0,
20438,18757,Americas,1,3.03
20439,11758,Americas,1,15.58
20440,4129,Americas,1,
20441,17872,Americas,1,
20442,11021,Americas,1,
20443,29753,Americas,1,
20444,30724,Americas,1,24.95
20445,28139,Americas,1,21.99
20446,766,Americas,1,15.99
20447,34129,Americas,1,
20448,17187,Americas,1,19.07
20449,24137,Americas,1,
20450,25644,Americas,1,21.01
20451,28825,Americas,1,24.68
20452,33091,World,0,25.85
20453,38745,World,0,16.46
20454,6294,Americas,1,12.68
20455,10870,Americas,1,19.95
20456,31459,Americas,1,
20457,40586,Americas,1,69.5
20458,325,Americas,1,23.99
20459,40114,Americas,1,12.95
20460,26633,Americas,1,11.0
20461,27973,Americas,1,18.95
20462,3689,World,0,25.95
20463,23367,Americas,1,
20464,17445,Americas,1,16.03
20465,27585,World,0,
20466,11186,Americas,1,12.5
20467,41,Asia,2,21.09
20468,5831,Europe,4,13.98
20469,24448,Americas,1,20.2
20470,24607,Americas,1,59.98
20471,5108,Americas,1,14.69
20472,19597,Americas,1,24.95
20473,40454,Americas,1,
20474,6595,World,0,
20475,33801,Military,3,17.32
20476,8229,Americas,1,
20477,36227,Military,3,19.99
20478,25335,World,0,
20479,19307,Americas,1,
20480,11612,Americas,1,20.82
20481,24381,World,0,
20482,38742,World,0,15.66
20483,36813,Military,3,17.95
20484,22789,Americas,1,24.75
20485,9760,Americas,1,
20486,20990,World,0,3.34
20487,11233,Americas,1,21.99
20488,41527,Americas,1,
20489,18929,Americas,1,20.63
20490,19112,Americas,1,20.88
20491,35535,Americas,1,19.99
20492,14328,Americas,1,
20493,16485,Americas,1,17.55
20494,29737,Americas,1,18.1
20495,36411,Military,3,36.6
20496,39483,World,0,69.28
20497,16913,Americas,1,18.71
20498,35106,World,0,
20499,8414,Americas,1,
20500,10019,Americas,1,18.11
20501,22163,Americas,1,12.32
20502,19209,Americas,1,18.93
20503,14371,Military,3,21.54
20504,40135,Americas,1,
20505,11675,Americas,1,19.79
20506,41070,Americas,1,269.7
20507,18327,Americas,1,8.0
20508,10573,Americas,1,10.41
20509,2720,World,0,
20510,10162,Americas,1,
20511,5955,World,0,16.05
20512,12912,Americas,1,21.99
20513,31839,Military,3,
20514,37615,Asia,2,21.95
20515,34709,Americas,1,
20516,21936,Europe,4,28.49
20517,16189,Asia,2,11.09
20518,36496,Europe,4,12.99
20519,21973,Military,3,20.74
20520,35998,Americas,1,
20521,24910,Americas,1,24.95
20522,19612,Americas,1,10.8
20523,32137,Americas,1,8.53
20524,32191,Americas,1,65.37
20525,28126,Americas,1,21.71
20526,29612,Ancient Civilizations,7,
20527,23129,Military,3,36.24
20528,6084,World,0,13.92
20529,15763,World,0,13.98
20530,11716,Americas,1,21.99
20531,6952,Europe,4,
20532,39301,Americas,1,
20533,17251,World,0,
20534,18831,Americas,1,21.56
20535,36213,Military,3,
20536,22696,Americas,1,3.02
20537,9690,World,0,17.77
20538,30245,Military,3,19.25
20539,19117,Americas,1,33.99
20540,37394,World,0,12.77
20541,2844,Americas,1,
20542,39510,Europe,4,24.97
20543,13043,Americas,1,17.39
20544,27511,World,0,10.0
20545,38114,Europe,4,16.59
20546,40689,World,0,25.0
20547,24718,Americas,1,
20548,27224,Americas,1,16.76
20549,41276,Americas,1,26.95
20550,24739,Military,3,
20551,29589,Americas,1,29.95
20552,34878,Military,3,24.98
20553,19903,Americas,1,26.0
20554,829,Americas,1,7.19
20555,7808,Americas,1,8.46
20556,18364,Military,3,8.51
20557,185,World,0,7.9
20558,5546,Americas,1,23.46
20559,23789,Americas,1,12.15
20560,4574,World,0,35.0
20561,35930,Americas,1,15.4
20562,37669,Europe,4,22.95
20563,40658,Military,3,
20564,14533,Americas,1,25.05
20565,35751,Americas,1,14.95
20566,3960,Military,3,
20567,32237,Military,3,
20568,26882,Americas,1,40.07
20569,11621,Americas,1,21.62
20570,29660,Americas,1,22.95
20571,13141,Americas,1,21.99
20572,12189,Americas,1,20.32
20573,10392,World,0,
20574,12056,Americas,1,21.99
20575,393,World,0,9.35
20576,34935,Americas,1,24.95
20577,39277,World,0,3.99
20578,41445,Americas,1,
20579,31307,World,0,16.78
20580,867,Americas,1,14.83
20581,11144,Asia,2,16.59
20582,433,Americas,1,12.74
20583,39594,Military,3,45.0
20584,16737,Americas,1,
20585,14689,Americas,1,14.99
20586,8365,Asia,2,18.46
20587,25532,World,0,30.0
20588,604,Europe,4,
20589,14048,Military,3,
20590,36264,Americas,1,19.94
20591,2774,World,0,
20592,26818,Americas,1,39.99
20593,5029,Military,3,19.99
20594,28843,Americas,1,22.27
20595,21708,Military,3,12.7
20596,27421,Americas,1,
20597,40825,World,0,12.77
20598,3571,Americas,1,22.89
20599,8452,Europe,4,13.99
20600,19918,Americas,1,
20601,18208,Americas,1,15.65
20602,9989,Europe,4,20.52
20603,39917,Asia,2,32.95
20604,36168,Europe,4,14.99
20605,22338,Americas,1,
20606,18500,Europe,4,25.9
20607,17423,Americas,1,
20608,31917,Americas,1,14.95
20609,18041,Americas,1,5.7
20610,28279,Americas,1,12.18
20611,3859,World,0,39.07
20612,15412,Americas,1,8.07
20613,3958,Americas,1,
20614,20319,Middle East,8,28.96
20615,10282,World,0,31.0
20616,20850,World,0,
20617,32423,Americas,1,28.23
20618,540,Americas,1,29.9
20619,1749,World,0,
20620,27593,Military,3,
20621,37908,Military,3,24.95
20622,7483,Americas,1,11.49
20623,36975,Americas,1,19.95
20624,10841,Americas,1,
20625,35224,Americas,1,24.95
20626,6664,Americas,1,
20627,13134,Americas,1,21.99
20628,40325,Military,3,
20629,10301,Europe,4,28.49
20630,29279,Military,3,20.24
20631,31133,Americas,1,29.16
20632,17171,Americas,1,16.14
20633,2313,World,0,
20634,26047,World,0,19.95
20635,16265,World,0,4.5
20636,975,Military,3,50.0
20637,14900,Americas,1,16.95
20638,12953,Americas,1,21.99
20639,5119,Americas,1,12.13
20640,7818,Americas,1,12.06
20641,31886,World,0,
20642,27351,Americas,1,24.95
20643,18008,Americas,1,
20644,30073,World,0,5.7
20645,15346,Historical Study & Educational Resources,9,30.45
20646,4948,Americas,1,14.0
20647,34088,Americas,1,17.37
20648,2632,World,0,
20649,360,Americas,1,57.86
20650,21104,Americas,1,20.73
20651,34346,Americas,1,19.99
20652,19228,Americas,1,19.95
20653,20126,Americas,1,
20654,41195,World,0,9.98
20655,8550,Europe,4,
20656,15793,Americas,1,
20657,37910,Europe,4,24.99
20658,20415,World,0,25.38
20659,30964,Americas,1,
20660,17525,Americas,1,42.5
20661,34838,Europe,4,24.28
20662,30395,Americas,1,
20663,30350,Military,3,
20664,17111,Americas,1,10.77
20665,9373,Asia,2,
20666,28705,Americas,1,
20667,3896,Military,3,
20668,24646,Americas,1,30.82
20669,15626,World,0,11.23
20670,39465,Military,3,
20671,123,Military,3,28.81
20672,17789,Americas,1,
20673,37222,Europe,4,
20674,16770,Americas,1,11.0
20675,21739,Military,3,25.68
20676,31114,Military,3,4.98
20677,14460,Americas,1,
20678,28905,Americas,1,10.99
20679,11855,Americas,1,21.99
20680,38383,Europe,4,11.53
20681,6096,Americas,1,11.72
20682,1768,World,0,
20683,23026,World,0,14.99
20684,39130,Americas,1,10.3
20685,30855,Americas,1,21.0
20686,39087,Americas,1,
20687,1452,Europe,4,16.0
20688,24634,World,0,30.61
20689,36145,Military,3,19.34
20690,9942,Ancient Civilizations,7,8.65
20691,33746,Americas,1,6.45
20692,9092,Europe,4,41.97
20693,41466,Americas,1,29.62
20694,40008,Americas,1,34.95
20695,11961,Americas,1,21.99
20696,2806,Americas,1,
20697,2681,Americas,1,9.57
20698,12927,Americas,1,21.99
20699,40570,Military,3,39.99
20700,24868,Americas,1,7.0
20701,36239,Military,3,15.37
20702,3314,World,0,
20703,30589,Europe,4,9.78
20704,28376,Americas,1,17.37
20705,10563,Americas,1,27.18
20706,36709,Europe,4,15.9
20707,41347,Military,3,85.0
20708,25722,Americas,1,9.95
20709,20497,Americas,1,26.95
20710,38669,Military,3,17.95
20711,30269,World,0,19.0
20712,15773,World,0,44.55
20713,135,Europe,4,
20714,6077,Americas,1,14.3
20715,12652,Americas,1,16.19
20716,11996,Americas,1,21.99
20717,5856,Europe,4,25.92
20718,37513,Ancient Civilizations,7,14.85
20719,26939,World,0,28.63
20720,25109,Europe,4,13.51
20721,22216,Americas,1,13.84
20722,10224,Americas,1,23.0
20723,15941,Americas,1,24.27
20724,40150,Military,3,14.88
20725,25815,Americas,1,15.95
20726,12433,Americas,1,19.79
20727,3237,Europe,4,
20728,28210,Americas,1,18.56
20729,17711,Americas,1,
20730,24471,Americas,1,
20731,27188,World,0,19.99
20732,13712,Military,3,
20733,24513,Military,3,34.66
20734,16747,Europe,4,5.89
20735,27186,Americas,1,10.0
20736,32143,Military,3,
20737,15105,Americas,1,
20738,14410,Europe,4,17.95
20739,30915,Americas,1,23.35
20740,24145,Military,3,50.0
20741,17461,Americas,1,29.59
20742,36722,Military,3,21.82
20743,12018,Americas,1,21.62
20744,22247,Americas,1,39.29
20745,12685,Americas,1,21.99
20746,6061,Americas,1,6.0
20747,11399,Americas,1,21.99
20748,41050,Americas,1,14.75
20749,11423,Americas,1,21.99
20750,18534,Europe,4,
20751,36676,Middle East,8,19.95
20752,37915,Military,3,24.99
20753,11486,Americas,1,21.99
20754,5887,World,0,10.11
20755,17917,Americas,1,
20756,1517,World,0,20.4
20757,10297,Americas,1,17.47
20758,11971,Americas,1,21.99
20759,14538,Americas,1,13.13
20760,24717,Americas,1,12.95
20761,2380,Americas,1,
20762,1236,Europe,4,16.95
20763,26346,World,0,19.49
20764,40976,World,0,
20765,30694,Americas,1,18.95
20766,8796,Ancient Civilizations,7,17.0
20767,571,World,0,10.49
20768,5404,Americas,1,5.03
20769,25508,Americas,1,
20770,39945,Middle East,8,18.9
20771,28227,Americas,1,20.38
20772,39091,Americas,1,
20773,13217,Americas,1,18.56
20774,31140,Americas,1,
20775,24807,Americas,1,16.95
